"V1","V2"
"1001_Consortium_Cell_2016_PID_27293186","FT10"
"1001_Consortium_Cell_2016_PID_27293186","FT16"
"Alonso-Blanco_Vidigal_PlaCelEnv_2016_PID_26991665","DSDS10"
"Alonso-Blanco_Vidigal_PlaCelEnv_2016_PID_26991665","DSDS50"
"Alonso-Blanco_Vidigal_PlaCelEnv_2016_PID_26991665","DSDS90"
"Alonso-Blanco_Vidigal_PlaCelEnv_2016_PID_26991665","FT"
"Alonso-Blanco_Vidigal_PlaCelEnv_2016_PID_26991665","GAS"
"Alonso-Blanco_Vidigal_PlaCelEnv_2016_PID_26991665","SS"
"Alonso-Blanco_Vidigal_PlaCelEnv_2016_PID_26991665","t10"
"Alonso-Blanco_Vidigal_PlaCelEnv_2016_PID_26991665","t50"
"Alonso-Blanco_Vidigal_PlaCelEnv_2016_PID_26991665","U8416"
"Balasubramanian_Sanchez-Bermejo_PlantPhys_2015_PID_26195568","HL23_mm_"
"Balasubramanian_Sanchez-Bermejo_PlantPhys_2015_PID_26195568","HL27_mm_"
"Balasubramanian_Sanchez-Bermejo_PlantPhys_2015_PID_26195568","SensHL"
"Balasubramanian_Sanchez-Bermejo_PlantPhys_2015_PID_26195568","VarTemp"
"Bergelson_Brachi_PNAS_2015_PID_25775585","G2H3B"
"Bergelson_Brachi_PNAS_2015_PID_25775585","G2H4P"
"Bergelson_Brachi_PNAS_2015_PID_25775585","G2P"
"Bergelson_Brachi_PNAS_2015_PID_25775585","G3B"
"Bergelson_Brachi_PNAS_2015_PID_25775585","G3BOP"
"Bergelson_Brachi_PNAS_2015_PID_25775585","G3HP"
"Bergelson_Brachi_PNAS_2015_PID_25775585","G3MSP"
"Bergelson_Brachi_PNAS_2015_PID_25775585","G3MTP"
"Bergelson_Brachi_PNAS_2015_PID_25775585","G4BOB"
"Bergelson_Brachi_PNAS_2015_PID_25775585","G4HB"
"Bergelson_Brachi_PNAS_2015_PID_25775585","G4MSB"
"Bergelson_Brachi_PNAS_2015_PID_25775585","G4MTB"
"Bergelson_Brachi_PNAS_2015_PID_25775585","G4P"
"Bergelson_Brachi_PNAS_2015_PID_25775585","G5MSP"
"Bergelson_Brachi_PNAS_2015_PID_25775585","G5MTP"
"Bergelson_Brachi_PNAS_2015_PID_25775585","G6MSH"
"Bergelson_Brachi_PNAS_2015_PID_25775585","G6MTH"
"Bergelson_Brachi_PNAS_2015_PID_25775585","G7MSH"
"Bergelson_Brachi_PNAS_2015_PID_25775585","G7MTH"
"Bergelson_Brachi_PNAS_2015_PID_25775585","G8MSO"
"Bergelson_Brachi_PNAS_2015_PID_25775585","G8MTO"
"Bergelson_Horton_NatCommun_2014_PID_25382143","16S_OTU0_1"
"Bergelson_Horton_NatCommun_2014_PID_25382143","16S_OTU10_11"
"Bergelson_Horton_NatCommun_2014_PID_25382143","16S_OTU101_102"
"Bergelson_Horton_NatCommun_2014_PID_25382143","16S_OTU1026_1027"
"Bergelson_Horton_NatCommun_2014_PID_25382143","16S_OTU1037_1038"
"Bergelson_Horton_NatCommun_2014_PID_25382143","16S_OTU104_105"
"Bergelson_Horton_NatCommun_2014_PID_25382143","16S_OTU1076_1077"
"Bergelson_Horton_NatCommun_2014_PID_25382143","16S_OTU11_12"
"Bergelson_Horton_NatCommun_2014_PID_25382143","16S_OTU110_111"
"Bergelson_Horton_NatCommun_2014_PID_25382143","16S_OTU116_117"
"Bergelson_Horton_NatCommun_2014_PID_25382143","16S_OTU12_13"
"Bergelson_Horton_NatCommun_2014_PID_25382143","16S_OTU125_126"
"Bergelson_Horton_NatCommun_2014_PID_25382143","16S_OTU129_130"
"Bergelson_Horton_NatCommun_2014_PID_25382143","16S_OTU15_16"
"Bergelson_Horton_NatCommun_2014_PID_25382143","16S_OTU151_152"
"Bergelson_Horton_NatCommun_2014_PID_25382143","16S_OTU154_155"
"Bergelson_Horton_NatCommun_2014_PID_25382143","16S_OTU157_158"
"Bergelson_Horton_NatCommun_2014_PID_25382143","16S_OTU159_160"
"Bergelson_Horton_NatCommun_2014_PID_25382143","16S_OTU17_18"
"Bergelson_Horton_NatCommun_2014_PID_25382143","16S_OTU1782_1783"
"Bergelson_Horton_NatCommun_2014_PID_25382143","16S_OTU18_19"
"Bergelson_Horton_NatCommun_2014_PID_25382143","16S_OTU190_191"
"Bergelson_Horton_NatCommun_2014_PID_25382143","16S_OTU193_194"
"Bergelson_Horton_NatCommun_2014_PID_25382143","16S_OTU197_198"
"Bergelson_Horton_NatCommun_2014_PID_25382143","16S_OTU199_200"
"Bergelson_Horton_NatCommun_2014_PID_25382143","16S_OTU200_201"
"Bergelson_Horton_NatCommun_2014_PID_25382143","16S_OTU202_203"
"Bergelson_Horton_NatCommun_2014_PID_25382143","16S_OTU2052_2053"
"Bergelson_Horton_NatCommun_2014_PID_25382143","16S_OTU219_220"
"Bergelson_Horton_NatCommun_2014_PID_25382143","16S_OTU22_23"
"Bergelson_Horton_NatCommun_2014_PID_25382143","16S_OTU225_226"
"Bergelson_Horton_NatCommun_2014_PID_25382143","16S_OTU2284_2285"
"Bergelson_Horton_NatCommun_2014_PID_25382143","16S_OTU233_234"
"Bergelson_Horton_NatCommun_2014_PID_25382143","16S_OTU2331_2332"
"Bergelson_Horton_NatCommun_2014_PID_25382143","16S_OTU243_244"
"Bergelson_Horton_NatCommun_2014_PID_25382143","16S_OTU252_253"
"Bergelson_Horton_NatCommun_2014_PID_25382143","16S_OTU254_255"
"Bergelson_Horton_NatCommun_2014_PID_25382143","16S_OTU2561_2562"
"Bergelson_Horton_NatCommun_2014_PID_25382143","16S_OTU26_27"
"Bergelson_Horton_NatCommun_2014_PID_25382143","16S_OTU273_274"
"Bergelson_Horton_NatCommun_2014_PID_25382143","16S_OTU278_279"
"Bergelson_Horton_NatCommun_2014_PID_25382143","16S_OTU28_29"
"Bergelson_Horton_NatCommun_2014_PID_25382143","16S_OTU281_282"
"Bergelson_Horton_NatCommun_2014_PID_25382143","16S_OTU29_30"
"Bergelson_Horton_NatCommun_2014_PID_25382143","16S_OTU293_294"
"Bergelson_Horton_NatCommun_2014_PID_25382143","16S_OTU308_309"
"Bergelson_Horton_NatCommun_2014_PID_25382143","16S_OTU32_33"
"Bergelson_Horton_NatCommun_2014_PID_25382143","16S_OTU320_321"
"Bergelson_Horton_NatCommun_2014_PID_25382143","16S_OTU325_326"
"Bergelson_Horton_NatCommun_2014_PID_25382143","16S_OTU329_330"
"Bergelson_Horton_NatCommun_2014_PID_25382143","16S_OTU336_337"
"Bergelson_Horton_NatCommun_2014_PID_25382143","16S_OTU349_350"
"Bergelson_Horton_NatCommun_2014_PID_25382143","16S_OTU358_359"
"Bergelson_Horton_NatCommun_2014_PID_25382143","16S_OTU37_38"
"Bergelson_Horton_NatCommun_2014_PID_25382143","16S_OTU373_374"
"Bergelson_Horton_NatCommun_2014_PID_25382143","16S_OTU38_39"
"Bergelson_Horton_NatCommun_2014_PID_25382143","16S_OTU385_386"
"Bergelson_Horton_NatCommun_2014_PID_25382143","16S_OTU395_396"
"Bergelson_Horton_NatCommun_2014_PID_25382143","16S_OTU4_5"
"Bergelson_Horton_NatCommun_2014_PID_25382143","16S_OTU40_41"
"Bergelson_Horton_NatCommun_2014_PID_25382143","16S_OTU452_453"
"Bergelson_Horton_NatCommun_2014_PID_25382143","16S_OTU478_479"
"Bergelson_Horton_NatCommun_2014_PID_25382143","16S_OTU48_49"
"Bergelson_Horton_NatCommun_2014_PID_25382143","16S_OTU488_489"
"Bergelson_Horton_NatCommun_2014_PID_25382143","16S_OTU507_508"
"Bergelson_Horton_NatCommun_2014_PID_25382143","16S_OTU51_52"
"Bergelson_Horton_NatCommun_2014_PID_25382143","16S_OTU52_53"
"Bergelson_Horton_NatCommun_2014_PID_25382143","16S_OTU546_547"
"Bergelson_Horton_NatCommun_2014_PID_25382143","16S_OTU555_556"
"Bergelson_Horton_NatCommun_2014_PID_25382143","16S_OTU557_558"
"Bergelson_Horton_NatCommun_2014_PID_25382143","16S_OTU561_562"
"Bergelson_Horton_NatCommun_2014_PID_25382143","16S_OTU562_563"
"Bergelson_Horton_NatCommun_2014_PID_25382143","16S_OTU581_582"
"Bergelson_Horton_NatCommun_2014_PID_25382143","16S_OTU59_60"
"Bergelson_Horton_NatCommun_2014_PID_25382143","16S_OTU592_593"
"Bergelson_Horton_NatCommun_2014_PID_25382143","16S_OTU6_7"
"Bergelson_Horton_NatCommun_2014_PID_25382143","16S_OTU61_62"
"Bergelson_Horton_NatCommun_2014_PID_25382143","16S_OTU615_616"
"Bergelson_Horton_NatCommun_2014_PID_25382143","16S_OTU63_64"
"Bergelson_Horton_NatCommun_2014_PID_25382143","16S_OTU633_634"
"Bergelson_Horton_NatCommun_2014_PID_25382143","16S_OTU648_649"
"Bergelson_Horton_NatCommun_2014_PID_25382143","16S_OTU651_652"
"Bergelson_Horton_NatCommun_2014_PID_25382143","16S_OTU68_69"
"Bergelson_Horton_NatCommun_2014_PID_25382143","16S_OTU70_71"
"Bergelson_Horton_NatCommun_2014_PID_25382143","16S_OTU723_724"
"Bergelson_Horton_NatCommun_2014_PID_25382143","16S_OTU728_729"
"Bergelson_Horton_NatCommun_2014_PID_25382143","16S_OTU73_74"
"Bergelson_Horton_NatCommun_2014_PID_25382143","16S_OTU80_81"
"Bergelson_Horton_NatCommun_2014_PID_25382143","16S_OTU835_836"
"Bergelson_Horton_NatCommun_2014_PID_25382143","16S_OTU836_837"
"Bergelson_Horton_NatCommun_2014_PID_25382143","16S_OTU85_86"
"Bergelson_Horton_NatCommun_2014_PID_25382143","16S_OTU913_914"
"Bergelson_Horton_NatCommun_2014_PID_25382143","16S_OTU93_94"
"Bergelson_Horton_NatCommun_2014_PID_25382143","16S_OTU949_950"
"Bergelson_Horton_NatCommun_2014_PID_25382143","ITS_OTU1000_1001"
"Bergelson_Horton_NatCommun_2014_PID_25382143","ITS_OTU1051_1052"
"Bergelson_Horton_NatCommun_2014_PID_25382143","ITS_OTU1054_1055"
"Bergelson_Horton_NatCommun_2014_PID_25382143","ITS_OTU1084_1085"
"Bergelson_Horton_NatCommun_2014_PID_25382143","ITS_OTU1088_1089"
"Bergelson_Horton_NatCommun_2014_PID_25382143","ITS_OTU1091_1092"
"Bergelson_Horton_NatCommun_2014_PID_25382143","ITS_OTU1107_1108"
"Bergelson_Horton_NatCommun_2014_PID_25382143","ITS_OTU1136_1137"
"Bergelson_Horton_NatCommun_2014_PID_25382143","ITS_OTU1145_1146"
"Bergelson_Horton_NatCommun_2014_PID_25382143","ITS_OTU1152_1153"
"Bergelson_Horton_NatCommun_2014_PID_25382143","ITS_OTU1189_1190"
"Bergelson_Horton_NatCommun_2014_PID_25382143","ITS_OTU1197_1198"
"Bergelson_Horton_NatCommun_2014_PID_25382143","ITS_OTU1198_1199"
"Bergelson_Horton_NatCommun_2014_PID_25382143","ITS_OTU1202_1203"
"Bergelson_Horton_NatCommun_2014_PID_25382143","ITS_OTU1290_1291"
"Bergelson_Horton_NatCommun_2014_PID_25382143","ITS_OTU1386_1387"
"Bergelson_Horton_NatCommun_2014_PID_25382143","ITS_OTU1404_1405"
"Bergelson_Horton_NatCommun_2014_PID_25382143","ITS_OTU1425_1426"
"Bergelson_Horton_NatCommun_2014_PID_25382143","ITS_OTU1481_1482"
"Bergelson_Horton_NatCommun_2014_PID_25382143","ITS_OTU1492_1493"
"Bergelson_Horton_NatCommun_2014_PID_25382143","ITS_OTU1502_1503"
"Bergelson_Horton_NatCommun_2014_PID_25382143","ITS_OTU1537_1538"
"Bergelson_Horton_NatCommun_2014_PID_25382143","ITS_OTU1549_1550"
"Bergelson_Horton_NatCommun_2014_PID_25382143","ITS_OTU1576_1577"
"Bergelson_Horton_NatCommun_2014_PID_25382143","ITS_OTU1584_1585"
"Bergelson_Horton_NatCommun_2014_PID_25382143","ITS_OTU1614_1615"
"Bergelson_Horton_NatCommun_2014_PID_25382143","ITS_OTU1631_1632"
"Bergelson_Horton_NatCommun_2014_PID_25382143","ITS_OTU1644_1645"
"Bergelson_Horton_NatCommun_2014_PID_25382143","ITS_OTU1650_1651"
"Bergelson_Horton_NatCommun_2014_PID_25382143","ITS_OTU1660_1661"
"Bergelson_Horton_NatCommun_2014_PID_25382143","ITS_OTU1666_1667"
"Bergelson_Horton_NatCommun_2014_PID_25382143","ITS_OTU1671_1672"
"Bergelson_Horton_NatCommun_2014_PID_25382143","ITS_OTU1676_1677"
"Bergelson_Horton_NatCommun_2014_PID_25382143","ITS_OTU1713_1714"
"Bergelson_Horton_NatCommun_2014_PID_25382143","ITS_OTU1738_1739"
"Bergelson_Horton_NatCommun_2014_PID_25382143","ITS_OTU1762_1763"
"Bergelson_Horton_NatCommun_2014_PID_25382143","ITS_OTU1772_1773"
"Bergelson_Horton_NatCommun_2014_PID_25382143","ITS_OTU1786_1787"
"Bergelson_Horton_NatCommun_2014_PID_25382143","ITS_OTU1800_1801"
"Bergelson_Horton_NatCommun_2014_PID_25382143","ITS_OTU1805_1806"
"Bergelson_Horton_NatCommun_2014_PID_25382143","ITS_OTU1808_1809"
"Bergelson_Horton_NatCommun_2014_PID_25382143","ITS_OTU1822_1823"
"Bergelson_Horton_NatCommun_2014_PID_25382143","ITS_OTU1827_1828"
"Bergelson_Horton_NatCommun_2014_PID_25382143","ITS_OTU1845_1846"
"Bergelson_Horton_NatCommun_2014_PID_25382143","ITS_OTU1890_1891"
"Bergelson_Horton_NatCommun_2014_PID_25382143","ITS_OTU1941_1942"
"Bergelson_Horton_NatCommun_2014_PID_25382143","ITS_OTU1953_1954"
"Bergelson_Horton_NatCommun_2014_PID_25382143","ITS_OTU2043_2044"
"Bergelson_Horton_NatCommun_2014_PID_25382143","ITS_OTU2054_2055"
"Bergelson_Horton_NatCommun_2014_PID_25382143","ITS_OTU2081_2082"
"Bergelson_Horton_NatCommun_2014_PID_25382143","ITS_OTU2082_2083"
"Bergelson_Horton_NatCommun_2014_PID_25382143","ITS_OTU2103_2104"
"Bergelson_Horton_NatCommun_2014_PID_25382143","ITS_OTU2109_2110"
"Bergelson_Horton_NatCommun_2014_PID_25382143","ITS_OTU2128_2129"
"Bergelson_Horton_NatCommun_2014_PID_25382143","ITS_OTU2129_2130"
"Bergelson_Horton_NatCommun_2014_PID_25382143","ITS_OTU2154_2155"
"Bergelson_Horton_NatCommun_2014_PID_25382143","ITS_OTU2179_2180"
"Bergelson_Horton_NatCommun_2014_PID_25382143","ITS_OTU2243_2244"
"Bergelson_Horton_NatCommun_2014_PID_25382143","ITS_OTU2349_2350"
"Bergelson_Horton_NatCommun_2014_PID_25382143","ITS_OTU2419_2420"
"Bergelson_Horton_NatCommun_2014_PID_25382143","ITS_OTU2460_2461"
"Bergelson_Horton_NatCommun_2014_PID_25382143","ITS_OTU2678_2679"
"Bergelson_Horton_NatCommun_2014_PID_25382143","ITS_OTU2761_2762"
"Bergelson_Horton_NatCommun_2014_PID_25382143","ITS_OTU2877_2878"
"Bergelson_Horton_NatCommun_2014_PID_25382143","ITS_OTU2911_2912"
"Bergelson_Horton_NatCommun_2014_PID_25382143","ITS_OTU2934_2935"
"Bergelson_Horton_NatCommun_2014_PID_25382143","ITS_OTU3025_3026"
"Bergelson_Horton_NatCommun_2014_PID_25382143","ITS_OTU3029_3030"
"Bergelson_Horton_NatCommun_2014_PID_25382143","ITS_OTU3043_3044"
"Bergelson_Horton_NatCommun_2014_PID_25382143","ITS_OTU3185_3186"
"Bergelson_Horton_NatCommun_2014_PID_25382143","ITS_OTU3313_3313"
"Bergelson_Horton_NatCommun_2014_PID_25382143","ITS_OTU3327_3327"
"Bergelson_Horton_NatCommun_2014_PID_25382143","ITS_OTU3376_3376"
"Bergelson_Horton_NatCommun_2014_PID_25382143","ITS_OTU3421_3421"
"Bergelson_Horton_NatCommun_2014_PID_25382143","ITS_OTU3455_3455"
"Bergelson_Horton_NatCommun_2014_PID_25382143","ITS_OTU3467_3467"
"Bergelson_Horton_NatCommun_2014_PID_25382143","ITS_OTU3507_3507"
"Bergelson_Horton_NatCommun_2014_PID_25382143","ITS_OTU3573_3573"
"Bergelson_Horton_NatCommun_2014_PID_25382143","ITS_OTU3751_3751"
"Bergelson_Horton_NatCommun_2014_PID_25382143","ITS_OTU3804_3804"
"Bergelson_Horton_NatCommun_2014_PID_25382143","ITS_OTU3820_3820"
"Bergelson_Horton_NatCommun_2014_PID_25382143","ITS_OTU3874_3874"
"Bergelson_Horton_NatCommun_2014_PID_25382143","ITS_OTU3962_3962"
"Bergelson_Horton_NatCommun_2014_PID_25382143","ITS_OTU4268_4268"
"Bergelson_Horton_NatCommun_2014_PID_25382143","ITS_OTU600_601"
"Bergelson_Horton_NatCommun_2014_PID_25382143","ITS_OTU621_622"
"Bergelson_Horton_NatCommun_2014_PID_25382143","ITS_OTU763_764"
"Bergelson_Horton_NatCommun_2014_PID_25382143","ITS_OTU776_777"
"Bergelson_Horton_NatCommun_2014_PID_25382143","ITS_OTU780_781"
"Bergelson_Horton_NatCommun_2014_PID_25382143","ITS_OTU822_823"
"Bergelson_Horton_NatCommun_2014_PID_25382143","ITS_OTU850_851"
"Bergelson_Horton_NatCommun_2014_PID_25382143","ITS_OTU883_884"
"Bergelson_Horton_NatCommun_2014_PID_25382143","ITS_OTU892_893"
"Bergelson_Horton_NatCommun_2014_PID_25382143","ITS_OTU899_900"
"Bergelson_Horton_NatCommun_2014_PID_25382143","ITS_OTU905_906"
"Bergelson_Horton_NatCommun_2014_PID_25382143","ITS_OTU907_908"
"Bergelson_Horton_NatCommun_2014_PID_25382143","ITS_OTU910_911"
"Bergelson_Horton_NatCommun_2014_PID_25382143","ITS_OTU917_918"
"Bergelson_Horton_NatCommun_2014_PID_25382143","ITS_OTU921_922"
"Bergelson_Horton_NatCommun_2014_PID_25382143","ITS_OTU998_999"
"Bergelson_Vetter_PlosGen_2016_PID_27336582","elfDC"
"Bergelson_Vetter_PlosGen_2016_PID_27336582","elfPs"
"Bergelson_Vetter_PlosGen_2016_PID_27336582","elfPv"
"Bergelson_Vetter_PlosGen_2016_PID_27336582","flgPa"
"Bergelson_Vetter_PlosGen_2016_PID_27336582","flgPsHRm"
"Bergelson_Vetter_PlosGen_2016_PID_27336582","flgPsHRp"
"Bergelson_Vetter_PlosGen_2016_PID_27336582","flgPv"
"Berthom_Aoun_FronPlaSci_2017_PID_28878784","day10_27C_cut"
"Berthom_Aoun_FronPlaSci_2017_PID_28878784","day10_30C_cut"
"Berthom_Aoun_FronPlaSci_2017_PID_28878784","day10_30C_uncut"
"Berthom_Aoun_FronPlaSci_2017_PID_28878784","day11_27C_cut"
"Berthom_Aoun_FronPlaSci_2017_PID_28878784","day11_27C_uncut"
"Berthom_Aoun_FronPlaSci_2017_PID_28878784","day12_27C_cut"
"Berthom_Aoun_FronPlaSci_2017_PID_28878784","day13_27C_cut"
"Berthom_Aoun_FronPlaSci_2017_PID_28878784","day13_27C_uncut"
"Berthom_Aoun_FronPlaSci_2017_PID_28878784","day3_27C_cut"
"Berthom_Aoun_FronPlaSci_2017_PID_28878784","day3_27C_uncut"
"Berthom_Aoun_FronPlaSci_2017_PID_28878784","day3_30C_cut"
"Berthom_Aoun_FronPlaSci_2017_PID_28878784","day3_30C_uncut"
"Berthom_Aoun_FronPlaSci_2017_PID_28878784","day4_27C_cut"
"Berthom_Aoun_FronPlaSci_2017_PID_28878784","day4_27C_uncut"
"Berthom_Aoun_FronPlaSci_2017_PID_28878784","day4_30C_cut"
"Berthom_Aoun_FronPlaSci_2017_PID_28878784","day4_30C_uncut"
"Berthom_Aoun_FronPlaSci_2017_PID_28878784","day5_27C_cut"
"Berthom_Aoun_FronPlaSci_2017_PID_28878784","day5_27C_uncut"
"Berthom_Aoun_FronPlaSci_2017_PID_28878784","day5_30C_cut"
"Berthom_Aoun_FronPlaSci_2017_PID_28878784","day5_30C_uncut"
"Berthom_Aoun_FronPlaSci_2017_PID_28878784","day6_27C_cut"
"Berthom_Aoun_FronPlaSci_2017_PID_28878784","day6_27C_uncut"
"Berthom_Aoun_FronPlaSci_2017_PID_28878784","day6_30C_cut"
"Berthom_Aoun_FronPlaSci_2017_PID_28878784","day6_30C_uncut"
"Berthom_Aoun_FronPlaSci_2017_PID_28878784","day7_27C_cut"
"Berthom_Aoun_FronPlaSci_2017_PID_28878784","day7_27C_uncut"
"Berthom_Aoun_FronPlaSci_2017_PID_28878784","day7_30C_cut"
"Berthom_Aoun_FronPlaSci_2017_PID_28878784","day7_30C_uncut"
"Berthom_Aoun_FronPlaSci_2017_PID_28878784","day8_27C_uncut"
"Berthom_Aoun_FronPlaSci_2017_PID_28878784","day9_27C_uncut"
"Birnbaum_Gifford_PlosGen_201399e1003760_PID_24039603","LB_vs_PR_DhighN_vs_lowN"
"Birnbaum_Gifford_PlosGen_201399e1003760_PID_24039603","LB_vs_PR_highN"
"Birnbaum_Gifford_PlosGen_201399e1003760_PID_24039603","LB_vs_PR_lowN"
"Birnbaum_Gifford_PlosGen_201399e1003760_PID_24039603","LR_count_DhighN_vs_lowN"
"Birnbaum_Gifford_PlosGen_201399e1003760_PID_24039603","LR_count_highN"
"Birnbaum_Gifford_PlosGen_201399e1003760_PID_24039603","LR_count_lowN"
"Birnbaum_Gifford_PlosGen_201399e1003760_PID_24039603","LRdensity_DhighN_vs_lowN"
"Birnbaum_Gifford_PlosGen_201399e1003760_PID_24039603","LRdensity_highN"
"Birnbaum_Gifford_PlosGen_201399e1003760_PID_24039603","LRdensity_lowN"
"Birnbaum_Gifford_PlosGen_201399e1003760_PID_24039603","LRlengthave_DhighN_vs_lowN"
"Birnbaum_Gifford_PlosGen_201399e1003760_PID_24039603","LRlengthave_highN"
"Birnbaum_Gifford_PlosGen_201399e1003760_PID_24039603","LRlengthave_lowN"
"Birnbaum_Gifford_PlosGen_201399e1003760_PID_24039603","LRtot_DhighN_vs_lowN"
"Birnbaum_Gifford_PlosGen_201399e1003760_PID_24039603","LRtot_highN"
"Birnbaum_Gifford_PlosGen_201399e1003760_PID_24039603","LRtot_lowN"
"Birnbaum_Gifford_PlosGen_201399e1003760_PID_24039603","PR_DhighN_vs_lowN"
"Birnbaum_Gifford_PlosGen_201399e1003760_PID_24039603","PR_highN"
"Birnbaum_Gifford_PlosGen_201399e1003760_PID_24039603","PR_lowN"
"Birnbaum_Gifford_PlosGen_201399e1003760_PID_24039603","PR_plus_LRtot_DhighN_vs_lowN"
"Birnbaum_Gifford_PlosGen_201399e1003760_PID_24039603","PR_plus_LRtot_highN"
"Birnbaum_Gifford_PlosGen_201399e1003760_PID_24039603","PR_plus_LRtot_lowN"
"Birnbaum_Gifford_PlosGen_201399e1003760_PID_24039603","SA_DhighN_vs_lowN"
"Birnbaum_Gifford_PlosGen_201399e1003760_PID_24039603","SA_highN"
"Birnbaum_Gifford_PlosGen_201399e1003760_PID_24039603","SA_lowN"
"Birnbaum_Gifford_PlosGen_201399e1003760_PID_24039603","SA_to_PR_DhighN_vs_lowN"
"Birnbaum_Gifford_PlosGen_201399e1003760_PID_24039603","SA_to_PR_highN"
"Birnbaum_Gifford_PlosGen_201399e1003760_PID_24039603","SA_to_PR_lowN"
"Borevitz_Li_Genetics_2014_PID_24281156","DTF_Oct_2010"
"Borevitz_Li_Genetics_2014_PID_24281156","DTF_Oct_2040"
"Borevitz_Li_Genetics_2014_PID_24281156","DTF_Sep_2010"
"Borevitz_Li_Genetics_2014_PID_24281156","DTF_Sep_2040"
"Borevitz_Li_PNAS_2010_PID_21078970","108_Area_sweden_2009_1st_experiment"
"Borevitz_Li_PNAS_2010_PID_21078970","109_SizePlantingSummer2009"
"Borevitz_Li_PNAS_2010_PID_21078970","110_Size_sweden_2009_2nd_experiment"
"Borevitz_Li_PNAS_2010_PID_21078970","111_SizePlantingSummerLocSweden2009"
"Borevitz_Li_PNAS_2010_PID_21078970","112_Area_sweden_2009_2nd_experiment"
"Borevitz_Li_PNAS_2010_PID_21078970","113_DTF_sweden_2008_1st_experiment"
"Borevitz_Li_PNAS_2010_PID_21078970","114_Yield_sweden_2009_2nd_experiment"
"Borevitz_Li_PNAS_2010_PID_21078970","115_SizeLocSweden2009"
"Borevitz_Li_PNAS_2010_PID_21078970","116_DTFplantingSummerLocSweden2009"
"Borevitz_Li_PNAS_2010_PID_21078970","117_DTFlocSweden2008"
"Borevitz_Li_PNAS_2010_PID_21078970","118_DTFlocSweden2009"
"Borevitz_Li_PNAS_2010_PID_21078970","119_DTF_spain_2009_1st_experiment"
"Borevitz_Li_PNAS_2010_PID_21078970","120_DTFplantingLoc2008"
"Borevitz_Li_PNAS_2010_PID_21078970","121_DTF_spain_2009_2nd_experiment"
"Borevitz_Li_PNAS_2010_PID_21078970","122_Yield_spain_2009_2nd_experiment"
"Borevitz_Li_PNAS_2010_PID_21078970","123_Size_sweden_2009_1st_experiment"
"Borevitz_Li_PNAS_2010_PID_21078970","124_Yield_spain_2009_1st_experiment"
"Borevitz_Li_PNAS_2010_PID_21078970","125_DTFmainEffect2009"
"Borevitz_Li_PNAS_2010_PID_21078970","126_DTFmainEffect2008"
"Borevitz_Li_PNAS_2010_PID_21078970","127_Size_spain_2009_2nd_experiment"
"Borevitz_Li_PNAS_2010_PID_21078970","128_Size_spain_2009_1st_experiment"
"Borevitz_Li_PNAS_2010_PID_21078970","129_DTFplantingSummer2009"
"Borevitz_Li_PNAS_2010_PID_21078970","130_DTFplantingSummer2008"
"Borevitz_Li_PNAS_2010_PID_21078970","131_SizeMainEffect2009"
"Borevitz_Li_PNAS_2010_PID_21078970","132_DTF_spain_2008_1st_experiment"
"Borevitz_Li_PNAS_2010_PID_21078970","133_YieldPlantingSummer2009"
"Borevitz_Li_PNAS_2010_PID_21078970","134_DTF_sweden_2009_1st_experiment"
"Borevitz_Li_PNAS_2010_PID_21078970","135_YieldLocSweden2009"
"Borevitz_Li_PNAS_2010_PID_21078970","136_DTF_spain_2008_2nd_experiment"
"Borevitz_Li_PNAS_2010_PID_21078970","137_YieldMainEffect2009"
"Borevitz_Li_PNAS_2010_PID_21078970","138_YieldPlantingSummerLocSweden2009"
"Borevitz_Li_PNAS_2010_PID_21078970","139_Yield_sweden_2009_1st_experiment"
"Borevitz_Li_PNAS_2010_PID_21078970","140_DTF_sweden_2009_2nd_experiment"
"Borevitz_Li_PNAS_2010_PID_21078970","141_DTF_sweden_2008_2nd_experiment"
"Botto_Ibarra_PlaCelEnv_2016_PID_26177669","D2_entrance_per"
"Botto_Ibarra_PlaCelEnv_2016_PID_26177669","GEMINATION_4D_per"
"Botto_Ibarra_PlaCelEnv_2016_PID_26177669","GERMINATION_1D_per"
"Brady_Toal_G3_2018_PID_30322904","Direction_index"
"Brady_Toal_G3_2018_PID_30322904","Root_angle"
"Brotman_Wu_MolPlant_2018_PID_28866081","NC_0557"
"Brotman_Wu_MolPlant_2018_PID_28866081","NC_0570"
"Brotman_Wu_MolPlant_2018_PID_28866081","NC_0596"
"Brotman_Wu_MolPlant_2018_PID_28866081","NC_0662"
"Brotman_Wu_MolPlant_2018_PID_28866081","NC_0674"
"Brotman_Wu_MolPlant_2018_PID_28866081","NC_0704"
"Brotman_Wu_MolPlant_2018_PID_28866081","NC_0705"
"Brotman_Wu_MolPlant_2018_PID_28866081","NC_0734"
"Brotman_Wu_MolPlant_2018_PID_28866081","NC_0790"
"Brotman_Wu_MolPlant_2018_PID_28866081","NC_0928"
"Brotman_Wu_MolPlant_2018_PID_28866081","NC_1008"
"Brotman_Wu_MolPlant_2018_PID_28866081","NC_1036"
"Brotman_Wu_MolPlant_2018_PID_28866081","NC_1057"
"Brotman_Wu_MolPlant_2018_PID_28866081","NC_1092"
"Brotman_Wu_MolPlant_2018_PID_28866081","NC_1111"
"Brotman_Wu_MolPlant_2018_PID_28866081","NC_1125"
"Brotman_Wu_MolPlant_2018_PID_28866081","NC_1142"
"Brotman_Wu_MolPlant_2018_PID_28866081","NC_1201"
"Brotman_Wu_MolPlant_2018_PID_28866081","NC_1213"
"Brotman_Wu_MolPlant_2018_PID_28866081","NC_1260"
"Brotman_Wu_MolPlant_2018_PID_28866081","NC_1295"
"Brotman_Wu_MolPlant_2018_PID_28866081","NC_1334"
"Brotman_Wu_MolPlant_2018_PID_28866081","NC_1379"
"Brotman_Wu_MolPlant_2018_PID_28866081","NC_1383"
"Brotman_Wu_MolPlant_2018_PID_28866081","NC_1393"
"Brotman_Wu_MolPlant_2018_PID_28866081","NC_1422"
"Brotman_Wu_MolPlant_2018_PID_28866081","NC_1427"
"Brotman_Wu_MolPlant_2018_PID_28866081","NC_1433"
"Brotman_Wu_MolPlant_2018_PID_28866081","NC_1474"
"Brotman_Wu_MolPlant_2018_PID_28866081","NC_1542"
"Brotman_Wu_MolPlant_2018_PID_28866081","NC_1548"
"Brotman_Wu_MolPlant_2018_PID_28866081","NC_1971"
"Brotman_Wu_MolPlant_2018_PID_28866081","NC_2426"
"Brotman_Wu_MolPlant_2018_PID_28866081","PC_0435"
"Brotman_Wu_MolPlant_2018_PID_28866081","PC_0441"
"Brotman_Wu_MolPlant_2018_PID_28866081","PC_0446"
"Brotman_Wu_MolPlant_2018_PID_28866081","PC_0448"
"Brotman_Wu_MolPlant_2018_PID_28866081","PC_0451"
"Brotman_Wu_MolPlant_2018_PID_28866081","PC_0454"
"Brotman_Wu_MolPlant_2018_PID_28866081","PC_0455"
"Brotman_Wu_MolPlant_2018_PID_28866081","PC_0490"
"Brotman_Wu_MolPlant_2018_PID_28866081","PC_0499"
"Brotman_Wu_MolPlant_2018_PID_28866081","PC_0500"
"Brotman_Wu_MolPlant_2018_PID_28866081","PC_0506"
"Brotman_Wu_MolPlant_2018_PID_28866081","PC_0512"
"Brotman_Wu_MolPlant_2018_PID_28866081","PC_0526"
"Brotman_Wu_MolPlant_2018_PID_28866081","PC_0544"
"Brotman_Wu_MolPlant_2018_PID_28866081","PC_0546"
"Brotman_Wu_MolPlant_2018_PID_28866081","PC_0552"
"Brotman_Wu_MolPlant_2018_PID_28866081","PC_0558"
"Brotman_Wu_MolPlant_2018_PID_28866081","PC_0570"
"Brotman_Wu_MolPlant_2018_PID_28866081","PC_0601"
"Brotman_Wu_MolPlant_2018_PID_28866081","PC_0615"
"Brotman_Wu_MolPlant_2018_PID_28866081","PC_0626"
"Brotman_Wu_MolPlant_2018_PID_28866081","PC_0631"
"Brotman_Wu_MolPlant_2018_PID_28866081","PC_0633"
"Brotman_Wu_MolPlant_2018_PID_28866081","PC_0635"
"Brotman_Wu_MolPlant_2018_PID_28866081","PC_0638"
"Brotman_Wu_MolPlant_2018_PID_28866081","PC_0642"
"Brotman_Wu_MolPlant_2018_PID_28866081","PC_0658"
"Brotman_Wu_MolPlant_2018_PID_28866081","PC_0673"
"Brotman_Wu_MolPlant_2018_PID_28866081","PC_0684"
"Brotman_Wu_MolPlant_2018_PID_28866081","PC_0688"
"Brotman_Wu_MolPlant_2018_PID_28866081","PC_0709"
"Brotman_Wu_MolPlant_2018_PID_28866081","PC_0712"
"Brotman_Wu_MolPlant_2018_PID_28866081","PC_0785"
"Brotman_Wu_MolPlant_2018_PID_28866081","PC_0846"
"Brotman_Wu_MolPlant_2018_PID_28866081","PC_0858"
"Brotman_Wu_MolPlant_2018_PID_28866081","PC_0866"
"Brotman_Wu_MolPlant_2018_PID_28866081","PC_0932"
"Brotman_Wu_MolPlant_2018_PID_28866081","PC_1145"
"Brotman_Wu_MolPlant_2018_PID_28866081","PC_1181"
"Brotman_Wu_MolPlant_2018_PID_28866081","PC_1237"
"Brotman_Wu_MolPlant_2018_PID_28866081","PC_1246"
"Brotman_Wu_MolPlant_2018_PID_28866081","PC_1248"
"Brotman_Wu_MolPlant_2018_PID_28866081","PC_1265"
"Brotman_Wu_MolPlant_2018_PID_28866081","PC_1274"
"Brotman_Wu_MolPlant_2018_PID_28866081","PC_1322"
"Brotman_Wu_MolPlant_2018_PID_28866081","PC_1401"
"Brotman_Wu_MolPlant_2018_PID_28866081","PC_1410"
"Brotman_Wu_MolPlant_2018_PID_28866081","PC_1435"
"Brotman_Wu_MolPlant_2018_PID_28866081","PC_1465"
"Brotman_Wu_MolPlant_2018_PID_28866081","PC_1490"
"Brotman_Wu_MolPlant_2018_PID_28866081","PC_1491"
"Brotman_Wu_MolPlant_2018_PID_28866081","PC_1493"
"Brotman_Wu_MolPlant_2018_PID_28866081","PC_1528"
"Brotman_Wu_MolPlant_2018_PID_28866081","PC_1533"
"Brotman_Wu_MolPlant_2018_PID_28866081","PC_1732"
"Brotman_Wu_MolPlant_2018_PID_28866081","PC_1734"
"Brotman_Wu_MolPlant_2018_PID_28866081","PC_1755"
"Brotman_Wu_MolPlant_2018_PID_28866081","PC_1782"
"Brotman_Wu_MolPlant_2018_PID_28866081","PC_1857"
"Brotman_Wu_MolPlant_2018_PID_28866081","PC_1976"
"Brotman_Wu_MolPlant_2018_PID_28866081","PC_1998"
"Brotman_Wu_MolPlant_2018_PID_28866081","PC_2045"
"Brotman_Wu_MolPlant_2018_PID_28866081","PC_2372"
"Brotman_Wu_MolPlant_2018_PID_28866081","PC_2395"
"Brotman_Wu_MolPlant_2018_PID_28866081","PC_2413"
"Brotman_Wu_PlosGen_2016_PID_27760136","met01"
"Brotman_Wu_PlosGen_2016_PID_27760136","met02"
"Brotman_Wu_PlosGen_2016_PID_27760136","met03"
"Brotman_Wu_PlosGen_2016_PID_27760136","met04"
"Brotman_Wu_PlosGen_2016_PID_27760136","met05"
"Brotman_Wu_PlosGen_2016_PID_27760136","met06"
"Brotman_Wu_PlosGen_2016_PID_27760136","met07"
"Brotman_Wu_PlosGen_2016_PID_27760136","met08"
"Brotman_Wu_PlosGen_2016_PID_27760136","met09"
"Brotman_Wu_PlosGen_2016_PID_27760136","met10"
"Brotman_Wu_PlosGen_2016_PID_27760136","met11"
"Brotman_Wu_PlosGen_2016_PID_27760136","met12"
"Brotman_Wu_PlosGen_2016_PID_27760136","met13"
"Brotman_Wu_PlosGen_2016_PID_27760136","met14"
"Brotman_Wu_PlosGen_2016_PID_27760136","met15"
"Brotman_Wu_PlosGen_2016_PID_27760136","met16"
"Brotman_Wu_PlosGen_2016_PID_27760136","met17"
"Brotman_Wu_PlosGen_2016_PID_27760136","met18"
"Brotman_Wu_PlosGen_2016_PID_27760136","met19"
"Brotman_Wu_PlosGen_2016_PID_27760136","met20"
"Brotman_Wu_PlosGen_2016_PID_27760136","met21"
"Brotman_Wu_PlosGen_2016_PID_27760136","met22"
"Brotman_Wu_PlosGen_2016_PID_27760136","met23"
"Brotman_Wu_PlosGen_2016_PID_27760136","met24"
"Brotman_Wu_PlosGen_2016_PID_27760136","met25"
"Brotman_Wu_PlosGen_2016_PID_27760136","met26"
"Brotman_Wu_PlosGen_2016_PID_27760136","met27"
"Brotman_Wu_PlosGen_2016_PID_27760136","met28"
"Brotman_Wu_PlosGen_2016_PID_27760136","met29"
"Brotman_Wu_PlosGen_2016_PID_27760136","met30"
"Brotman_Wu_PlosGen_2016_PID_27760136","met31"
"Brotman_Wu_PlosGen_2016_PID_27760136","met32"
"Brotman_Wu_PlosGen_2016_PID_27760136","met33"
"Brotman_Wu_PlosGen_2016_PID_27760136","met34"
"Brotman_Wu_PlosGen_2016_PID_27760136","met35"
"Brotman_Wu_PlosGen_2016_PID_27760136","met36"
"Brotman_Wu_PlosGen_2016_PID_27760136","met37"
"Brotman_Wu_PlosGen_2016_PID_27760136","met38"
"Brotman_Wu_PlosGen_2016_PID_27760136","met39"
"Brotman_Wu_PlosGen_2016_PID_27760136","met40"
"Brotman_Wu_PlosGen_2016_PID_27760136","met41"
"Brotman_Wu_PlosGen_2016_PID_27760136","met42"
"Brotman_Wu_PlosGen_2016_PID_27760136","met43"
"Brotman_Wu_PlosGen_2016_PID_27760136","met44"
"Brotman_Wu_PlosGen_2016_PID_27760136","met45"
"Brotman_Wu_PlosGen_2016_PID_27760136","met46"
"Brotman_Wu_PlosGen_2016_PID_27760136","met47"
"Brotman_Wu_PlosGen_2016_PID_27760136","met48"
"Brotman_Wu_PlosGen_2016_PID_27760136","met49"
"Brotman_Wu_PlosGen_2016_PID_27760136","met50"
"Brotman_Wu_PlosGen_2016_PID_27760136","met51"
"Brotman_Wu_PlosGen_2016_PID_27760136","met52"
"Brotman_Wu_PlosGen_2016_PID_27760136","met53"
"Brotman_Wu_PlosGen_2016_PID_27760136","met54"
"Brotman_Wu_PlosGen_2016_PID_27760136","met55"
"Brotman_Wu_PlosGen_2016_PID_27760136","met56"
"Brotman_Wu_PlosGen_2016_PID_27760136","met57"
"Brotman_Wu_PlosGen_2016_PID_27760136","met58"
"Brotman_Wu_PlosGen_2016_PID_27760136","met59"
"Brotman_Wu_PlosGen_2016_PID_27760136","met60"
"Brotman_Wu_PlosGen_2016_PID_27760136","met61"
"Brotman_Wu_PlosGen_2016_PID_27760136","met62"
"Brotman_Wu_PlosGen_2016_PID_27760136","met63"
"Brotman_Wu_PlosGen_2016_PID_27760136","met64"
"Brotman_Wu_PlosGen_2016_PID_27760136","met65"
"Brotman_Wu_PlosGen_2016_PID_27760136","met66"
"Brotman_Wu_PlosGen_2016_PID_27760136","met67"
"Brotman_Wu_PlosGen_2016_PID_27760136","met68"
"Brotman_Wu_PlosGen_2016_PID_27760136","met69"
"Brotman_Wu_PlosGen_2016_PID_27760136","met70"
"Brotman_Wu_PlosGen_2016_PID_27760136","met71"
"Brotman_Wu_PlosGen_2016_PID_27760136","met72"
"Brotman_Wu_PlosGen_2016_PID_27760136","met73"
"Brotman_Wu_PlosGen_2016_PID_27760136","met74"
"Brotman_Wu_PlosGen_2016_PID_27760136","met75"
"Brotman_Wu_PlosGen_2016_PID_27760136","met76"
"Brotman_Wu_PlosGen_2016_PID_27760136","met77"
"Brotman_Wu_PlosGen_2016_PID_27760136","met78"
"Brotman_Wu_PlosGen_2016_PID_27760136","met79"
"Brotman_Wu_PlosGen_2016_PID_27760136","met80"
"Brotman_Wu_PlosGen_2016_PID_27760136","met81"
"Brotman_Wu_PlosGen_2016_PID_27760136","met82"
"Brotman_Wu_PlosGen_2016_PID_27760136","met83"
"Brotman_Wu_PlosGen_2016_PID_27760136","met84"
"Brotman_Wu_PlosGen_2016_PID_27760136","met85"
"Brotman_Wu_PlosGen_2016_PID_27760136","met86"
"Brotman_Wu_PlosGen_2016_PID_27760136","met87"
"Brotman_Wu_PlosGen_2016_PID_27760136","met88"
"Brotman_Wu_PlosGen_2016_PID_27760136","met89"
"Brotman_Wu_PlosGen_2016_PID_27760136","met90"
"Brotman_Wu_PlosGen_2016_PID_27760136","met91"
"Brotman_Wu_PlosGen_2016_PID_27760136","met92"
"Brotman_Wu_PlosGen_2016_PID_27760136","met93"
"Brotman_Wu_PlosGen_2016_PID_27760136","met94"
"Busch_Meijn_NatGen_2014_PID_24212884","142_Mature_cell_length"
"Busch_Meijn_NatGen_2014_PID_24212884","143_Meristem_zone_length"
"Busch_Ristova_PlantJ_2018_PID_30030851","LR.no_ABA"
"Busch_Ristova_PlantJ_2018_PID_30030851","LR.no_C"
"Busch_Ristova_PlantJ_2018_PID_30030851","LR.no_CK"
"Busch_Ristova_PlantJ_2018_PID_30030851","LR.no_IAA"
"Busch_Ristova_PlantJ_2018_PID_30030851","LRD_P_ABA"
"Busch_Ristova_PlantJ_2018_PID_30030851","LRD_P_C"
"Busch_Ristova_PlantJ_2018_PID_30030851","LRD_P_CK"
"Busch_Ristova_PlantJ_2018_PID_30030851","LRD_P_IAA"
"Busch_Ristova_PlantJ_2018_PID_30030851","LRD_R_ABA"
"Busch_Ristova_PlantJ_2018_PID_30030851","LRD_R_C"
"Busch_Ristova_PlantJ_2018_PID_30030851","LRD_R_CK"
"Busch_Ristova_PlantJ_2018_PID_30030851","LRD_R_IAA"
"Busch_Ristova_PlantJ_2018_PID_30030851","LRL_ABA"
"Busch_Ristova_PlantJ_2018_PID_30030851","LRL_C"
"Busch_Ristova_PlantJ_2018_PID_30030851","LRL_CK"
"Busch_Ristova_PlantJ_2018_PID_30030851","LRL_IAA"
"Busch_Ristova_PlantJ_2018_PID_30030851","LRR_ABA"
"Busch_Ristova_PlantJ_2018_PID_30030851","LRR_C"
"Busch_Ristova_PlantJ_2018_PID_30030851","LRR_CK"
"Busch_Ristova_PlantJ_2018_PID_30030851","LRR_IAA"
"Busch_Ristova_PlantJ_2018_PID_30030851","P_ABA"
"Busch_Ristova_PlantJ_2018_PID_30030851","P_C"
"Busch_Ristova_PlantJ_2018_PID_30030851","P_CK"
"Busch_Ristova_PlantJ_2018_PID_30030851","P_IAA"
"Busch_Ristova_PlantJ_2018_PID_30030851","P2_ABA"
"Busch_Ristova_PlantJ_2018_PID_30030851","P2_C"
"Busch_Ristova_PlantJ_2018_PID_30030851","P2_CK"
"Busch_Ristova_PlantJ_2018_PID_30030851","P2_IAA"
"Busch_Ristova_PlantJ_2018_PID_30030851","R_ABA"
"Busch_Ristova_PlantJ_2018_PID_30030851","R_C"
"Busch_Ristova_PlantJ_2018_PID_30030851","R_CK"
"Busch_Ristova_PlantJ_2018_PID_30030851","R_IAA"
"Busch_Ristova_PlantJ_2018_PID_30030851","TLRL_ABA"
"Busch_Ristova_PlantJ_2018_PID_30030851","TLRL_C"
"Busch_Ristova_PlantJ_2018_PID_30030851","TLRL_CK"
"Busch_Ristova_PlantJ_2018_PID_30030851","TLRL_IAA"
"Busch_Ristova_PlantJ_2018_PID_30030851","TRL_ABA"
"Busch_Ristova_PlantJ_2018_PID_30030851","TRL_C"
"Busch_Ristova_PlantJ_2018_PID_30030851","TRL_CK"
"Busch_Ristova_PlantJ_2018_PID_30030851","TRL_IAA"
"Busch_Satbhai_NatCommun_2017_PID_28537266","289_Root_length_Day_1"
"Busch_Satbhai_NatCommun_2017_PID_28537266","290_Root_length_Day_2"
"Busch_Satbhai_NatCommun_2017_PID_28537266","291_Root_length_Day_3"
"Busch_Satbhai_NatCommun_2017_PID_28537266","292_Root_length_Day_4"
"Busch_Satbhai_NatCommun_2017_PID_28537266","293_Root_length_Day_5"
"Busch_Slovak_PlantCell_2014_PID_24920330","Average_root_width_avg"
"Busch_Slovak_PlantCell_2014_PID_24920330","Average_root_width_day001"
"Busch_Slovak_PlantCell_2014_PID_24920330","Average_root_width_day002"
"Busch_Slovak_PlantCell_2014_PID_24920330","Average_root_width_day003"
"Busch_Slovak_PlantCell_2014_PID_24920330","Average_root_width_day004"
"Busch_Slovak_PlantCell_2014_PID_24920330","Average_root_width_day005"
"Busch_Slovak_PlantCell_2014_PID_24920330","Euclidian_length_day001"
"Busch_Slovak_PlantCell_2014_PID_24920330","Euclidian_length_day002"
"Busch_Slovak_PlantCell_2014_PID_24920330","Euclidian_length_day003"
"Busch_Slovak_PlantCell_2014_PID_24920330","Euclidian_length_day004"
"Busch_Slovak_PlantCell_2014_PID_24920330","Euclidian_length_day005"
"Busch_Slovak_PlantCell_2014_PID_24920330","Relative_root_growth_rate_avg"
"Busch_Slovak_PlantCell_2014_PID_24920330","Relative_root_growth_rate_day001.day002"
"Busch_Slovak_PlantCell_2014_PID_24920330","Relative_root_growth_rate_day002.day003"
"Busch_Slovak_PlantCell_2014_PID_24920330","Relative_root_growth_rate_day003.day004"
"Busch_Slovak_PlantCell_2014_PID_24920330","Relative_root_growth_rate_day004.day005"
"Busch_Slovak_PlantCell_2014_PID_24920330","Root_angle_avg"
"Busch_Slovak_PlantCell_2014_PID_24920330","Root_angle_day001"
"Busch_Slovak_PlantCell_2014_PID_24920330","Root_angle_day002"
"Busch_Slovak_PlantCell_2014_PID_24920330","Root_angle_day003"
"Busch_Slovak_PlantCell_2014_PID_24920330","Root_angle_day004"
"Busch_Slovak_PlantCell_2014_PID_24920330","Root_angle_day005"
"Busch_Slovak_PlantCell_2014_PID_24920330","Root_directional_equivalent_avg"
"Busch_Slovak_PlantCell_2014_PID_24920330","Root_directional_equivalent_day001"
"Busch_Slovak_PlantCell_2014_PID_24920330","Root_directional_equivalent_day002"
"Busch_Slovak_PlantCell_2014_PID_24920330","Root_directional_equivalent_day003"
"Busch_Slovak_PlantCell_2014_PID_24920330","Root_directional_equivalent_day004"
"Busch_Slovak_PlantCell_2014_PID_24920330","Root_directional_equivalent_day005"
"Busch_Slovak_PlantCell_2014_PID_24920330","Root_growth_rate_avg"
"Busch_Slovak_PlantCell_2014_PID_24920330","Root_growth_rate_day001.day002"
"Busch_Slovak_PlantCell_2014_PID_24920330","Root_growth_rate_day002.day003"
"Busch_Slovak_PlantCell_2014_PID_24920330","Root_growth_rate_day003.day004"
"Busch_Slovak_PlantCell_2014_PID_24920330","Root_growth_rate_day004.day005"
"Busch_Slovak_PlantCell_2014_PID_24920330","Root_horizontal_index_avg"
"Busch_Slovak_PlantCell_2014_PID_24920330","Root_horizontal_index_day001"
"Busch_Slovak_PlantCell_2014_PID_24920330","Root_horizontal_index_day002"
"Busch_Slovak_PlantCell_2014_PID_24920330","Root_horizontal_index_day003"
"Busch_Slovak_PlantCell_2014_PID_24920330","Root_horizontal_index_day004"
"Busch_Slovak_PlantCell_2014_PID_24920330","Root_horizontal_index_day005"
"Busch_Slovak_PlantCell_2014_PID_24920330","Root_linearity_avg"
"Busch_Slovak_PlantCell_2014_PID_24920330","Root_linearity_day001"
"Busch_Slovak_PlantCell_2014_PID_24920330","Root_linearity_day002"
"Busch_Slovak_PlantCell_2014_PID_24920330","Root_linearity_day003"
"Busch_Slovak_PlantCell_2014_PID_24920330","Root_linearity_day004"
"Busch_Slovak_PlantCell_2014_PID_24920330","Root_linearity_day005"
"Busch_Slovak_PlantCell_2014_PID_24920330","Root_tortuosity_avg"
"Busch_Slovak_PlantCell_2014_PID_24920330","Root_tortuosity_day001"
"Busch_Slovak_PlantCell_2014_PID_24920330","Root_tortuosity_day002"
"Busch_Slovak_PlantCell_2014_PID_24920330","Root_tortuosity_day003"
"Busch_Slovak_PlantCell_2014_PID_24920330","Root_tortuosity_day004"
"Busch_Slovak_PlantCell_2014_PID_24920330","Root_tortuosity_day005"
"Busch_Slovak_PlantCell_2014_PID_24920330","Root_vertical_index_avg"
"Busch_Slovak_PlantCell_2014_PID_24920330","Root_vertical_index_day001"
"Busch_Slovak_PlantCell_2014_PID_24920330","Root_vertical_index_day002"
"Busch_Slovak_PlantCell_2014_PID_24920330","Root_vertical_index_day003"
"Busch_Slovak_PlantCell_2014_PID_24920330","Root_vertical_index_day004"
"Busch_Slovak_PlantCell_2014_PID_24920330","Root_vertical_index_day005"
"Busch_Slovak_PlantCell_2014_PID_24920330","Root_width_100_avg"
"Busch_Slovak_PlantCell_2014_PID_24920330","Root_width_100_day001"
"Busch_Slovak_PlantCell_2014_PID_24920330","Root_width_100_day002"
"Busch_Slovak_PlantCell_2014_PID_24920330","Root_width_100_day003"
"Busch_Slovak_PlantCell_2014_PID_24920330","Root_width_100_day004"
"Busch_Slovak_PlantCell_2014_PID_24920330","Root_width_100_day005"
"Busch_Slovak_PlantCell_2014_PID_24920330","Root_width_20_avg"
"Busch_Slovak_PlantCell_2014_PID_24920330","Root_width_20_day001"
"Busch_Slovak_PlantCell_2014_PID_24920330","Root_width_20_day002"
"Busch_Slovak_PlantCell_2014_PID_24920330","Root_width_20_day003"
"Busch_Slovak_PlantCell_2014_PID_24920330","Root_width_20_day004"
"Busch_Slovak_PlantCell_2014_PID_24920330","Root_width_20_day005"
"Busch_Slovak_PlantCell_2014_PID_24920330","Root_width_40_avg"
"Busch_Slovak_PlantCell_2014_PID_24920330","Root_width_40_day001"
"Busch_Slovak_PlantCell_2014_PID_24920330","Root_width_40_day002"
"Busch_Slovak_PlantCell_2014_PID_24920330","Root_width_40_day003"
"Busch_Slovak_PlantCell_2014_PID_24920330","Root_width_40_day004"
"Busch_Slovak_PlantCell_2014_PID_24920330","Root_width_40_day005"
"Busch_Slovak_PlantCell_2014_PID_24920330","Root_width_60_avg"
"Busch_Slovak_PlantCell_2014_PID_24920330","Root_width_60_day001"
"Busch_Slovak_PlantCell_2014_PID_24920330","Root_width_60_day002"
"Busch_Slovak_PlantCell_2014_PID_24920330","Root_width_60_day003"
"Busch_Slovak_PlantCell_2014_PID_24920330","Root_width_60_day004"
"Busch_Slovak_PlantCell_2014_PID_24920330","Root_width_60_day005"
"Busch_Slovak_PlantCell_2014_PID_24920330","Root_width_80_avg"
"Busch_Slovak_PlantCell_2014_PID_24920330","Root_width_80_day001"
"Busch_Slovak_PlantCell_2014_PID_24920330","Root_width_80_day002"
"Busch_Slovak_PlantCell_2014_PID_24920330","Root_width_80_day003"
"Busch_Slovak_PlantCell_2014_PID_24920330","Root_width_80_day004"
"Busch_Slovak_PlantCell_2014_PID_24920330","Root_width_80_day005"
"Busch_Slovak_PlantCell_2014_PID_24920330","Total_length_day001"
"Busch_Slovak_PlantCell_2014_PID_24920330","Total_length_day002"
"Busch_Slovak_PlantCell_2014_PID_24920330","Total_length_day003"
"Busch_Slovak_PlantCell_2014_PID_24920330","Total_length_day004"
"Busch_Slovak_PlantCell_2014_PID_24920330","Total_length_day005"
"Carlborg_Forsberg_PlosGen_2015_PID_26599497","286_Mo98"
"Chao_Chen_FronPlaSci_2018_PID_29545819","282_Zn66"
"Chapple_Li_Genetics_2014_PID_25173843","Xyloside_percentage"
"Coruzzi_Rosas_PNAS_2013_PID_23980140","PC1"
"Coruzzi_Rosas_PNAS_2013_PID_23980140","PC2"
"Coupland_de_PNAS_2015_PID_25548158","LD12_peak"
"Coupland_de_PNAS_2015_PID_25548158","LD12_period"
"Coupland_de_PNAS_2015_PID_25548158","LD14_peak"
"Coupland_de_PNAS_2015_PID_25548158","LD14_period"
"Coupland_de_PNAS_2015_PID_25548158","LD16_peak"
"Coupland_de_PNAS_2015_PID_25548158","LD16_period"
"Coupland_de_PNAS_2015_PID_25548158","SD10_peak"
"Coupland_de_PNAS_2015_PID_25548158","SD10_period"
"Coupland_de_PNAS_2015_PID_25548158","SD8_peak"
"Coupland_de_PNAS_2015_PID_25548158","SD8_period"
"Decroocq_Pagny_NewPyhtol_2012_PID_22943366","Agro_PPV_infection"
"Decroocq_Poque_BMCPlaBio_2015_PID_26109391","Mechnical_PPV_infection_Hampes_Rosettes"
"Dellapenna_Angelovici_PlantCell_2013_PID_24368787","ile_ileleuval"
"Dellapenna_Angelovici_PlantCell_2013_PID_24368787","ile_t"
"Dellapenna_Angelovici_PlantCell_2013_PID_24368787","ile"
"Dellapenna_Angelovici_PlantCell_2013_PID_24368787","leu_ileleuval"
"Dellapenna_Angelovici_PlantCell_2013_PID_24368787","leu_t"
"Dellapenna_Angelovici_PlantCell_2013_PID_24368787","leu"
"Dellapenna_Angelovici_PlantCell_2013_PID_24368787","val_ileleuval"
"Dellapenna_Angelovici_PlantCell_2013_PID_24368787","val_t"
"Dellapenna_Angelovici_PlantCell_2013_PID_24368787","val"
"Dellapenna_Gonzalez-Jorge_PlantCell_2013_PID_24368792","beta_carotene"
"Deng_Ren_NewPyhtol_2018_PID_30556142","Seed_size"
"Dicke_Davila_MolEcol_2017_PID_28295823","Aphid_reproduction"
"Dicke_Davila_MolEcol_2017_PID_28295823","Thrips"
"Dicke_Davila_NewPyhtol_2017_PID_27604707","Botrytis_and_Pieris"
"Dicke_Davila_NewPyhtol_2017_PID_27604707","Drought_and_Pieris"
"Dicke_Davila_NewPyhtol_2017_PID_27604707","Drought"
"Dicke_Davila_NewPyhtol_2017_PID_27604707","P_rapae"
"Dicke_Davila_NewPyhtol_2017_PID_27604707","P_xyllostella"
"Exposito-Alonso_Nature_2019_PID_31462776","FT_mhi"
"Exposito-Alonso_Nature_2019_PID_31462776","FT_mhp"
"Exposito-Alonso_Nature_2019_PID_31462776","FT_mli"
"Exposito-Alonso_Nature_2019_PID_31462776","FT_mlp"
"Exposito-Alonso_Nature_2019_PID_31462776","FT_thi"
"Exposito-Alonso_Nature_2019_PID_31462776","FT_thp"
"Exposito-Alonso_Nature_2019_PID_31462776","FT_tli"
"Exposito-Alonso_Nature_2019_PID_31462776","FT_tlp"
"Exposito-Alonso_Nature_2019_PID_31462776","rFitness_mhi"
"Exposito-Alonso_Nature_2019_PID_31462776","rFitness_mhp"
"Exposito-Alonso_Nature_2019_PID_31462776","rFitness_mli"
"Exposito-Alonso_Nature_2019_PID_31462776","rFitness_mlp"
"Exposito-Alonso_Nature_2019_PID_31462776","rFitness_thi"
"Exposito-Alonso_Nature_2019_PID_31462776","rFitness_thp"
"Exposito-Alonso_Nature_2019_PID_31462776","rFitness_tli"
"Exposito-Alonso_Nature_2019_PID_31462776","rFitness_tlp"
"Exposito-Alonso_Nature_2019_PID_31462776","rSeeds_mhi"
"Exposito-Alonso_Nature_2019_PID_31462776","rSeeds_mhp"
"Exposito-Alonso_Nature_2019_PID_31462776","rSeeds_mli"
"Exposito-Alonso_Nature_2019_PID_31462776","rSeeds_mlp"
"Exposito-Alonso_Nature_2019_PID_31462776","rSeeds_thi"
"Exposito-Alonso_Nature_2019_PID_31462776","rSeeds_thp"
"Exposito-Alonso_Nature_2019_PID_31462776","rSeeds_tli"
"Exposito-Alonso_Nature_2019_PID_31462776","rSeeds_tlp"
"Exposito-Alonso_Nature_2019_PID_31462776","rSurvival_fruit_mhi"
"Exposito-Alonso_Nature_2019_PID_31462776","rSurvival_fruit_mhp"
"Exposito-Alonso_Nature_2019_PID_31462776","rSurvival_fruit_mli"
"Exposito-Alonso_Nature_2019_PID_31462776","rSurvival_fruit_mlp"
"Exposito-Alonso_Nature_2019_PID_31462776","rSurvival_fruit_thi"
"Exposito-Alonso_Nature_2019_PID_31462776","rSurvival_fruit_thp"
"Exposito-Alonso_Nature_2019_PID_31462776","rSurvival_fruit_tli"
"Exposito-Alonso_Nature_2019_PID_31462776","rSurvival_fruit_tlp"
"Fernie_Tohge_SciData_2018_PID_29611844","Flavonol.glycoside01"
"Fernie_Tohge_SciData_2018_PID_29611844","Flavonol.glycoside02"
"Fernie_Tohge_SciData_2018_PID_29611844","GLS.1"
"Fernie_Tohge_SciData_2018_PID_29611844","GLS.2"
"Fernie_Tohge_SciData_2018_PID_29611844","I3M"
"Fernie_Tohge_SciData_2018_PID_29611844","Is3A7R"
"Fernie_Tohge_SciData_2018_PID_29611844","Is3G"
"Fernie_Tohge_SciData_2018_PID_29611844","Is3G7R"
"Fernie_Tohge_SciData_2018_PID_29611844","Is3R7R"
"Fernie_Tohge_SciData_2018_PID_29611844","K3A7R"
"Fernie_Tohge_SciData_2018_PID_29611844","K3G"
"Fernie_Tohge_SciData_2018_PID_29611844","K3G7G"
"Fernie_Tohge_SciData_2018_PID_29611844","K3G7R"
"Fernie_Tohge_SciData_2018_PID_29611844","K3GG7R"
"Fernie_Tohge_SciData_2018_PID_29611844","K3GH"
"Fernie_Tohge_SciData_2018_PID_29611844","K3GR7R"
"Fernie_Tohge_SciData_2018_PID_29611844","K3R"
"Fernie_Tohge_SciData_2018_PID_29611844","K3R7R"
"Fernie_Tohge_SciData_2018_PID_29611844","Polyamine01"
"Fernie_Tohge_SciData_2018_PID_29611844","Polyamine02"
"Fernie_Tohge_SciData_2018_PID_29611844","Polyamine03"
"Fernie_Tohge_SciData_2018_PID_29611844","Polyamine04"
"Fernie_Tohge_SciData_2018_PID_29611844","Polyamine05"
"Fernie_Tohge_SciData_2018_PID_29611844","Polyamine06"
"Fernie_Tohge_SciData_2018_PID_29611844","Polyamine07"
"Fernie_Tohge_SciData_2018_PID_29611844","putative.HDX"
"Fernie_Tohge_SciData_2018_PID_29611844","Q3A7R"
"Fernie_Tohge_SciData_2018_PID_29611844","Q3G"
"Fernie_Tohge_SciData_2018_PID_29611844","Q3G7G"
"Fernie_Tohge_SciData_2018_PID_29611844","Q3G7R"
"Fernie_Tohge_SciData_2018_PID_29611844","Q3GG7R"
"Fernie_Tohge_SciData_2018_PID_29611844","Q3GH"
"Fernie_Tohge_SciData_2018_PID_29611844","Q3GR7R"
"Fernie_Tohge_SciData_2018_PID_29611844","Q3R"
"Fernie_Tohge_SciData_2018_PID_29611844","Q3R7R"
"Fernie_Tohge_SciData_2018_PID_29611844","saiginol.A"
"Fernie_Tohge_SciData_2018_PID_29611844","saiginol.B"
"Fernie_Tohge_SciData_2018_PID_29611844","saiginol.C"
"Fernie_Tohge_SciData_2018_PID_29611844","saiginol.D"
"Fernie_Tohge_SciData_2018_PID_29611844","saiginol.E"
"Fernie_Tohge_SciData_2018_PID_29611844","saiginol.F"
"Fernie_Tohge_SciData_2018_PID_29611844","saiginol.G"
"Fernie_Tohge_SciData_2018_PID_29611844","saiginol.H"
"Fernie_Tohge_SciData_2018_PID_29611844","saiginol.I"
"Fernie_Tohge_SciData_2018_PID_29611844","saiginol.J"
"Fernie_Tohge_SciData_2018_PID_29611844","saiginol.K"
"Fernie_Tohge_SciData_2018_PID_29611844","saiginol.L"
"Fernie_Tohge_SciData_2018_PID_29611844","saiginol.M"
"Fernie_Tohge_SciData_2018_PID_29611844","saiginol.N"
"Fernie_Tohge_SciData_2018_PID_29611844","saiginol.O"
"Fernie_Tohge_SciData_2018_PID_29611844","saiginol.P"
"Fernie_Tohge_SciData_2018_PID_29611844","saiginol.Q"
"Fernie_Tohge_SciData_2018_PID_29611844","saiginol.R"
"Fernie_Tohge_SciData_2018_PID_29611844","SinG1"
"Fernie_Tohge_SciData_2018_PID_29611844","sinigrin"
"Fernie_Tohge_SciData_2018_PID_29611844","SinM"
"Fernie_Tohge_SciData_2018_PID_29611844","X1MOI3M"
"Fernie_Tohge_SciData_2018_PID_29611844","X3MSOP"
"Fernie_Tohge_SciData_2018_PID_29611844","X4MOI3M"
"Fernie_Tohge_SciData_2018_PID_29611844","X4MSOB"
"Fernie_Tohge_SciData_2018_PID_29611844","X4MTB"
"Fernie_Tohge_SciData_2018_PID_29611844","X5MSOP"
"Fernie_Tohge_SciData_2018_PID_29611844","X6MSOH"
"Fernie_Tohge_SciData_2018_PID_29611844","X6MTH"
"Fernie_Tohge_SciData_2018_PID_29611844","X7MSOH"
"Fernie_Tohge_SciData_2018_PID_29611844","X7MTH"
"Fernie_Tohge_SciData_2018_PID_29611844","X8MSOO"
"Fernie_Tohge_SciData_2018_PID_29611844","X8MTO"
"Fournier_2011_PID_21980109","Fitness_Finland"
"Fournier_2011_PID_21980109","Fitness_Germany"
"Fournier_2011_PID_21980109","Fitness_Spain"
"Fournier_2011_PID_21980109","Fitness_UnitedKingdom"
"Fournier_2011_PID_21980109","Seeds_Finland"
"Fournier_2011_PID_21980109","Seeds_Germany"
"Fournier_2011_PID_21980109","Seeds_Spain"
"Fournier_2011_PID_21980109","Seeds_UnitedKingdom"
"Fournier_2011_PID_21980109","Survival_Finland"
"Fournier_2011_PID_21980109","Survival_Germany"
"Fournier_2011_PID_21980109","Survival_Spain"
"Fournier_2011_PID_21980109","Survival_UnitedKingdom"
"Grant_Iakovidis_Genetics_2016_PID_27412712","HopAM1-cell_death"
"Grant_Iakovidis_Genetics_2016_PID_27412712","HopAM1-rosette_chlorosisis"
"Grossniklaus_Mller_NatCommun_2016_PID_26964640","Pollen_Tube_OG_S"
"Hills_Shahzad_PlantPhys_2018_PID_29895611","AZL"
"Hills_Shahzad_PlantPhys_2018_PID_29895611","BsZL"
"Hills_Shahzad_PlantPhys_2018_PID_29895611","BZL"
"Hills_Shahzad_PlantPhys_2018_PID_29895611","LRA"
"Hills_Shahzad_PlantPhys_2018_PID_29895611","LRD.BZ"
"Hills_Shahzad_PlantPhys_2018_PID_29895611","LRD.MR"
"Hills_Shahzad_PlantPhys_2018_PID_29895611","LRL_0_25"
"Hills_Shahzad_PlantPhys_2018_PID_29895611","LRL"
"Hills_Shahzad_PlantPhys_2018_PID_29895611","LRN"
"Hills_Shahzad_PlantPhys_2018_PID_29895611","LRS_0_25"
"Hills_Shahzad_PlantPhys_2018_PID_29895611","LRS"
"Hills_Shahzad_PlantPhys_2018_PID_29895611","MRA"
"Hills_Shahzad_PlantPhys_2018_PID_29895611","MRL"
"Hills_Shahzad_PlantPhys_2018_PID_29895611","MRV"
"Hills_Shahzad_PlantPhys_2018_PID_29895611","OAD"
"Hills_Shahzad_PlantPhys_2018_PID_29895611","TRS"
"Horton_Bergelson_SciRep_2019_PID_30631088","alpha_bacterial_richness_1_tn2_ranef"
"Horton_Bergelson_SciRep_2019_PID_30631088","alpha_fungal_richness_1_tn2_ranef"
"Horton_Bergelson_SciRep_2019_PID_30631088","alpha_slant_1_tn2_ranef_diff_exps"
"Horton_Bergelson_SciRep_2019_PID_30631088","alpha_total_1_tn2_ranef_glmer"
"Horton_Bergelson_SciRep_2019_PID_30631088","beta_root_1_combined_pca_tn2_bac_n100_glmer_fun_n100_glmerPC1"
"Horton_Bergelson_SciRep_2019_PID_30631088","beta_root_1_combined_pca_tn2_bac_n100_glmer_fun_n100_glmerPC2"
"Horton_Bergelson_SciRep_2019_PID_30631088","beta_root_1_combined_pca_tn2_bac_n100_glmer_fun_n100_glmerPC3"
"Horton_Bergelson_SciRep_2019_PID_30631088","beta_root_16S_1_raw_tn2_glmer_pca_n100_PC1"
"Horton_Bergelson_SciRep_2019_PID_30631088","beta_root_16S_1_raw_tn2_glmer_pca_n100_PC2"
"Horton_Bergelson_SciRep_2019_PID_30631088","beta_root_16S_1_raw_tn2_glmer_pca_n100_PC3"
"Horton_Bergelson_SciRep_2019_PID_30631088","beta_root_ITS_1_raw_tn2_glmer_pca_n100_PC1"
"Horton_Bergelson_SciRep_2019_PID_30631088","beta_root_ITS_1_raw_tn2_glmer_pca_n100_PC2"
"Horton_Bergelson_SciRep_2019_PID_30631088","beta_root_ITS_1_raw_tn2_glmer_pca_n100_PC3"
"Iba_Takahashi_PlosOne_2015_PID_25706630","Relative_leaf_temperature"
"Inze_Clauw_PlantCell_2016_PID_27729396","LeafAreaMaturity_mild_drought"
"Inze_Clauw_PlantCell_2016_PID_27729396","LeafAreaMaturity_well_watered"
"Inze_Clauw_PlantCell_2016_PID_27729396","LeafAreaMaturityCell_mild_drought"
"Inze_Clauw_PlantCell_2016_PID_27729396","LeafAreaMaturityCell_well_watered"
"Inze_Clauw_PlantCell_2016_PID_27729396","LeafAreaProliferation_mild_drought"
"Inze_Clauw_PlantCell_2016_PID_27729396","LeafAreaProliferation_well_watered"
"Inze_Clauw_PlantCell_2016_PID_27729396","PavementCellArea_mild_drought"
"Inze_Clauw_PlantCell_2016_PID_27729396","PavementCellArea_well_watered"
"Inze_Clauw_PlantCell_2016_PID_27729396","PavementCellNumber_mild_drought"
"Inze_Clauw_PlantCell_2016_PID_27729396","PavementCellNumber_well_watered"
"Inze_Clauw_PlantCell_2016_PID_27729396","RosetteArea_mild_drought"
"Inze_Clauw_PlantCell_2016_PID_27729396","RosetteArea_well_watered"
"Inze_Clauw_PlantCell_2016_PID_27729396","StomatalIndex_mild_drought"
"Inze_Clauw_PlantCell_2016_PID_27729396","StomatalIndex_well_watered"
"Jones_Nemri_PNAS_2010_PID_20479233","Emco5"
"Jones_Nemri_PNAS_2010_PID_20479233","Emoy2"
"Jones_Nemri_PNAS_2010_PID_20479233","Emwa1"
"Jones_Nemri_PNAS_2010_PID_20479233","Hiks1"
"Jones_Nemri_PNAS_2010_PID_20479233","Noco2"
"Jongsma_Kloth_JExpBot_2016_PID_27107291","aphids_making_long_probes"
"Jongsma_Kloth_PlantCell_2017_PID_28970334","time_aphids_spent"
"Kaur_Rajarammohan_MolPlaPath_2018_PID_29271603","Normalized_disease_index"
"Keurentjes_Bac-Molenaar_JExpBot_2015_PID_25922493","A0_Expo2"
"Keurentjes_Bac-Molenaar_JExpBot_2015_PID_25922493","FW_rosette"
"Keurentjes_Bac-Molenaar_JExpBot_2015_PID_25922493","PLA11"
"Keurentjes_Bac-Molenaar_JExpBot_2015_PID_25922493","PLA14"
"Keurentjes_Bac-Molenaar_JExpBot_2015_PID_25922493","PLA16"
"Keurentjes_Bac-Molenaar_JExpBot_2015_PID_25922493","PLA18"
"Keurentjes_Bac-Molenaar_JExpBot_2015_PID_25922493","PLA20"
"Keurentjes_Bac-Molenaar_JExpBot_2015_PID_25922493","PLA22"
"Keurentjes_Bac-Molenaar_JExpBot_2015_PID_25922493","PLA24"
"Keurentjes_Bac-Molenaar_JExpBot_2015_PID_25922493","PLA25"
"Keurentjes_Bac-Molenaar_JExpBot_2015_PID_25922493","PLA26"
"Keurentjes_Bac-Molenaar_JExpBot_2015_PID_25922493","PLA27"
"Keurentjes_Bac-Molenaar_JExpBot_2015_PID_25922493","PLA28"
"Keurentjes_Bac-Molenaar_JExpBot_2015_PID_25922493","PLA8"
"Keurentjes_Bac-Molenaar_JExpBot_2015_PID_25922493","r_Expo2"
"Keurentjes_Bac-Molenaar_JExpBot_2015_PID_25922493","WC"
"Keurentjes_Bac-Molenaar_PlantCell_2015_PID_26163573","control_aantalSkld5m10t20_c"
"Keurentjes_Bac-Molenaar_PlantCell_2015_PID_26163573","control_avgSL0t10_c"
"Keurentjes_Bac-Molenaar_PlantCell_2015_PID_26163573","control_avgSL10t20_c"
"Keurentjes_Bac-Molenaar_PlantCell_2015_PID_26163573","control_avgSL20t30_c"
"Keurentjes_Bac-Molenaar_PlantCell_2015_PID_26163573","control_avgSLm10t0_c"
"Keurentjes_Bac-Molenaar_PlantCell_2015_PID_26163573","control_avgSLm10t20"
"Keurentjes_Bac-Molenaar_PlantCell_2015_PID_26163573","treatment_aantalSkld5m10t20_t"
"Keurentjes_Bac-Molenaar_PlantCell_2015_PID_26163573","treatment_avgSL0t10_t"
"Keurentjes_Bac-Molenaar_PlantCell_2015_PID_26163573","treatment_avgSL10t20_t"
"Keurentjes_Bac-Molenaar_PlantCell_2015_PID_26163573","treatment_avgSL20t30_t"
"Keurentjes_Bac-Molenaar_PlantCell_2015_PID_26163573","treatment_avgSLm10t0_t"
"Keurentjes_Bac-Molenaar_PlantCell_2015_PID_26163573","treatment_avgSLm10t20"
"Keurentjes_Bac-Molenaar_PlosOne_2015_PID_26588092","Redness_control"
"Keurentjes_Bac-Molenaar_PlosOne_2015_PID_26588092","Redness_PEG"
"Keurentjes_Fusari_PlantCell_2017_PID_28954812","AA_1"
"Keurentjes_Fusari_PlantCell_2017_PID_28954812","AA_2"
"Keurentjes_Fusari_PlantCell_2017_PID_28954812","AGP_1"
"Keurentjes_Fusari_PlantCell_2017_PID_28954812","AGP_2"
"Keurentjes_Fusari_PlantCell_2017_PID_28954812","aINV_1"
"Keurentjes_Fusari_PlantCell_2017_PID_28954812","aINV_2"
"Keurentjes_Fusari_PlantCell_2017_PID_28954812","ChlA_1"
"Keurentjes_Fusari_PlantCell_2017_PID_28954812","ChlA_2"
"Keurentjes_Fusari_PlantCell_2017_PID_28954812","ChlB_1"
"Keurentjes_Fusari_PlantCell_2017_PID_28954812","ChlB_2"
"Keurentjes_Fusari_PlantCell_2017_PID_28954812","cPGI_1"
"Keurentjes_Fusari_PlantCell_2017_PID_28954812","cPGI_2"
"Keurentjes_Fusari_PlantCell_2017_PID_28954812","FBP_1"
"Keurentjes_Fusari_PlantCell_2017_PID_28954812","FBP_2"
"Keurentjes_Fusari_PlantCell_2017_PID_28954812","FK_1"
"Keurentjes_Fusari_PlantCell_2017_PID_28954812","FK_2"
"Keurentjes_Fusari_PlantCell_2017_PID_28954812","Fru_1"
"Keurentjes_Fusari_PlantCell_2017_PID_28954812","Fru_2"
"Keurentjes_Fusari_PlantCell_2017_PID_28954812","Fum_1"
"Keurentjes_Fusari_PlantCell_2017_PID_28954812","Fum_2"
"Keurentjes_Fusari_PlantCell_2017_PID_28954812","FUMARASE_1"
"Keurentjes_Fusari_PlantCell_2017_PID_28954812","FUMARASE_2"
"Keurentjes_Fusari_PlantCell_2017_PID_28954812","FW_1"
"Keurentjes_Fusari_PlantCell_2017_PID_28954812","G6P_1"
"Keurentjes_Fusari_PlantCell_2017_PID_28954812","G6P_2"
"Keurentjes_Fusari_PlantCell_2017_PID_28954812","G6PDH_1"
"Keurentjes_Fusari_PlantCell_2017_PID_28954812","G6PDH_2"
"Keurentjes_Fusari_PlantCell_2017_PID_28954812","GDH_2"
"Keurentjes_Fusari_PlantCell_2017_PID_28954812","GK_1"
"Keurentjes_Fusari_PlantCell_2017_PID_28954812","GK_2"
"Keurentjes_Fusari_PlantCell_2017_PID_28954812","Glc_1"
"Keurentjes_Fusari_PlantCell_2017_PID_28954812","Glc_2"
"Keurentjes_Fusari_PlantCell_2017_PID_28954812","iRub_1"
"Keurentjes_Fusari_PlantCell_2017_PID_28954812","iRub_2"
"Keurentjes_Fusari_PlantCell_2017_PID_28954812","Mal_1"
"Keurentjes_Fusari_PlantCell_2017_PID_28954812","Mal_2"
"Keurentjes_Fusari_PlantCell_2017_PID_28954812","MDH_2"
"Keurentjes_Fusari_PlantCell_2017_PID_28954812","mRub_1"
"Keurentjes_Fusari_PlantCell_2017_PID_28954812","mRub_2"
"Keurentjes_Fusari_PlantCell_2017_PID_28954812","nINV_1"
"Keurentjes_Fusari_PlantCell_2017_PID_28954812","nINV_2"
"Keurentjes_Fusari_PlantCell_2017_PID_28954812","NO3_1"
"Keurentjes_Fusari_PlantCell_2017_PID_28954812","NO3_2"
"Keurentjes_Fusari_PlantCell_2017_PID_28954812","NRVm_1"
"Keurentjes_Fusari_PlantCell_2017_PID_28954812","NRVm_2"
"Keurentjes_Fusari_PlantCell_2017_PID_28954812","NRVs_1"
"Keurentjes_Fusari_PlantCell_2017_PID_28954812","NRVs_2"
"Keurentjes_Fusari_PlantCell_2017_PID_28954812","PEPC_2"
"Keurentjes_Fusari_PlantCell_2017_PID_28954812","PGM_1"
"Keurentjes_Fusari_PlantCell_2017_PID_28954812","PGM_2"
"Keurentjes_Fusari_PlantCell_2017_PID_28954812","pPGI_1"
"Keurentjes_Fusari_PlantCell_2017_PID_28954812","pPGI_2"
"Keurentjes_Fusari_PlantCell_2017_PID_28954812","Prot_1"
"Keurentjes_Fusari_PlantCell_2017_PID_28954812","Prot_2"
"Keurentjes_Fusari_PlantCell_2017_PID_28954812","SKDH_2"
"Keurentjes_Fusari_PlantCell_2017_PID_28954812","SPS_1"
"Keurentjes_Fusari_PlantCell_2017_PID_28954812","SPS_2"
"Keurentjes_Fusari_PlantCell_2017_PID_28954812","starch_1"
"Keurentjes_Fusari_PlantCell_2017_PID_28954812","starch_2"
"Keurentjes_Fusari_PlantCell_2017_PID_28954812","Suc_1"
"Keurentjes_Fusari_PlantCell_2017_PID_28954812","Suc_2"
"Keurentjes_Fusari_PlantCell_2017_PID_28954812","TK_2"
"Keurentjes_Fusari_PlantCell_2017_PID_28954812","tPGI_1"
"Keurentjes_Fusari_PlantCell_2017_PID_28954812","tPGI_2"
"Keurentjes_Fusari_PlantCell_2017_PID_28954812","TPI_2"
"Keurentjes_Fusari_PlantCell_2017_PID_28954812","UGP_1"
"Keurentjes_Fusari_PlantCell_2017_PID_28954812","UGP_2"
"Keurentjes_Kooke_PlantPhys_2016_PID_26869705","FT"
"Keurentjes_Kooke_PlantPhys_2016_PID_26869705","LL"
"Keurentjes_Kooke_PlantPhys_2016_PID_26869705","MSB"
"Keurentjes_Kooke_PlantPhys_2016_PID_26869705","PH1S"
"Keurentjes_Kooke_PlantPhys_2016_PID_26869705","PL_div_LL"
"Keurentjes_Kooke_PlantPhys_2016_PID_26869705","PL"
"Keurentjes_Kooke_PlantPhys_2016_PID_26869705","RB"
"Keurentjes_Kooke_PlantPhys_2016_PID_26869705","RGRav"
"Keurentjes_Kooke_PlantPhys_2016_PID_26869705","RGRbv"
"Keurentjes_Kooke_PlantPhys_2016_PID_26869705","TPH"
"Kim_Lyu_NewPyhtol_2018_PID_30266040","days_after_dark_treatment_2"
"Kim_Lyu_NewPyhtol_2018_PID_30266040","days_after_dark_treatment_3"
"Kim_Lyu_NewPyhtol_2018_PID_30266040","days_after_dark_treatment_4"
"Kim_Lyu_NewPyhtol_2018_PID_30266040","days_after_dark_treatment_5"
"Kim_Lyu_NewPyhtol_2018_PID_30266040","days_after_dark_treatment_6"
"Kim_Lyu_NewPyhtol_2018_PID_30266040","days_after_dark_treatment_7"
"Kliebenstein_Chan_Genetics_2010_PID_19737743","Alllyl_2008"
"Kliebenstein_Chan_Genetics_2010_PID_19737743","But_3_enyl_2008"
"Kliebenstein_Chan_Genetics_2010_PID_19737743","Indol_3_ylmethyl_2008"
"Kliebenstein_Chan_Genetics_2010_PID_19737743","N_methoxy_indol_3_ylmethyl_2008"
"Kliebenstein_Chan_Genetics_2010_PID_19737743","Pent_4_enyl_2008"
"Kliebenstein_Chan_Genetics_2010_PID_19737743","Ratio_of_C3_methylthio_to_total_C3_2008"
"Kliebenstein_Chan_Genetics_2010_PID_19737743","Ratio_of_C3_to_SC_Aliphatic_2008"
"Kliebenstein_Chan_Genetics_2010_PID_19737743","Ratio_of_C4_methylthio_to_total_C4_2008"
"Kliebenstein_Chan_Genetics_2010_PID_19737743","Ratio_of_C7_methylthio_to_total_C7_2008"
"Kliebenstein_Chan_Genetics_2010_PID_19737743","Ratio_of_C7_to_LC_Aliphatic_2008"
"Kliebenstein_Chan_Genetics_2010_PID_19737743","Ratio_of_C8_methylthio_to_total_C8_2008"
"Kliebenstein_Chan_Genetics_2010_PID_19737743","Ratio_of_NMOI3M_to_TIND_2008"
"Kliebenstein_Chan_Genetics_2010_PID_19737743","Ratio_of_TOH4_to_TIND_2008"
"Kliebenstein_Chan_Genetics_2010_PID_19737743","Total_Alkenyl_Aliphatic_2008"
"Kliebenstein_Chan_Genetics_2010_PID_19737743","Total_C3_Aliphatic_2008"
"Kliebenstein_Chan_Genetics_2010_PID_19737743","Total_C3_and_C4_Aliphatic_2008"
"Kliebenstein_Chan_Genetics_2010_PID_19737743","Total_C4_Aliphatic_2008"
"Kliebenstein_Chan_Genetics_2010_PID_19737743","Total_C5_Aliphatic_2008"
"Kliebenstein_Chan_Genetics_2010_PID_19737743","Total_C7_Aliphatic_2008"
"Kliebenstein_Chan_Genetics_2010_PID_19737743","Total_C7_and_C8_Aliphatic_2008"
"Kliebenstein_Chan_Genetics_2010_PID_19737743","Total_C8_Aliphatic_2008"
"Kliebenstein_Chan_Genetics_2010_PID_19737743","Total_Hydroxyalkenyl_Aliphatic_2008"
"Kliebenstein_Chan_Genetics_2010_PID_19737743","Total_Hydroxyalkyl_Aliphatic_2008"
"Kliebenstein_Chan_Genetics_2010_PID_19737743","Total_Indolic_Glucosinolate_2008"
"Kliebenstein_Chan_Genetics_2010_PID_19737743","Total_Indolic_Glucosinolate_with_4_hydroxylation_2008"
"Kliebenstein_Chan_Genetics_2010_PID_19737743","Total_Methylsulfinyl_Aliphatic_2008"
"Kliebenstein_Chan_Genetics_2010_PID_19737743","Unknown_Alkenyl_2008"
"Kliebenstein_Chan_Genetics_2010_PID_19737743","X_R_2_hydroxy_but_3_enyl_2008"
"Kliebenstein_Chan_Genetics_2010_PID_19737743","X_S_2_hydroxy_but_3_enyl_2008"
"Kliebenstein_Chan_Genetics_2010_PID_19737743","X3_hydroxypropyl_2008"
"Kliebenstein_Chan_Genetics_2010_PID_19737743","X3_methylsulfinylpropyl_2008"
"Kliebenstein_Chan_Genetics_2010_PID_19737743","X3_methylthiopropyl_2008"
"Kliebenstein_Chan_Genetics_2010_PID_19737743","X4_hydroxy_indol_3_ylmethyl_2008"
"Kliebenstein_Chan_Genetics_2010_PID_19737743","X4_methoxy_indol_3_ylmethyl_2008"
"Kliebenstein_Chan_Genetics_2010_PID_19737743","X4_methylsulfinylbutyl_2008"
"Kliebenstein_Chan_Genetics_2010_PID_19737743","X4_methylthiobutyl_2008"
"Kliebenstein_Chan_Genetics_2010_PID_19737743","X5_methylsulfinylpentyl_2008"
"Kliebenstein_Chan_Genetics_2010_PID_19737743","X7_methylsulfinylheptyl_2008"
"Kliebenstein_Chan_Genetics_2010_PID_19737743","X7_methylthioheptyl_2008"
"Kliebenstein_Chan_Genetics_2010_PID_19737743","X8_methylsulfinyloctyl_2008"
"Kliebenstein_Chan_Genetics_2010_PID_19737743","X8_methylthiooctyl_2008"
"Kliebenstein_Chan_PlosBio_2011_PID_21857804","AgNO3_Camalexin_1"
"Kliebenstein_Chan_PlosBio_2011_PID_21857804","AgNO3_Camalexin"
"Kliebenstein_Chan_PlosBio_2011_PID_21857804","Alllyl_1"
"Kliebenstein_Chan_PlosBio_2011_PID_21857804","Alllyl"
"Kliebenstein_Chan_PlosBio_2011_PID_21857804","Benzyl"
"Kliebenstein_Chan_PlosBio_2011_PID_21857804","But_3_enyl_1"
"Kliebenstein_Chan_PlosBio_2011_PID_21857804","But_3_enyl"
"Kliebenstein_Chan_PlosBio_2011_PID_21857804","Control_Camalexin_1"
"Kliebenstein_Chan_PlosBio_2011_PID_21857804","Control_Camalexin"
"Kliebenstein_Chan_PlosBio_2011_PID_21857804","Fresh_Weight"
"Kliebenstein_Chan_PlosBio_2011_PID_21857804","Indol_3_ylmethyl"
"Kliebenstein_Chan_PlosBio_2011_PID_21857804","Leaf_Area"
"Kliebenstein_Chan_PlosBio_2011_PID_21857804","N_methoxy_indol_3_ylmethyl"
"Kliebenstein_Chan_PlosBio_2011_PID_21857804","Pent_4_enyl"
"Kliebenstein_Chan_PlosBio_2011_PID_21857804","R_2_hydroxy_but_3_enyl_1"
"Kliebenstein_Chan_PlosBio_2011_PID_21857804","R_2_hydroxy_but_3_enyl"
"Kliebenstein_Chan_PlosBio_2011_PID_21857804","S_2_hydroxy_but_3_enyl_1"
"Kliebenstein_Chan_PlosBio_2011_PID_21857804","S_2_hydroxy_but_3_enyl"
"Kliebenstein_Chan_PlosBio_2011_PID_21857804","Unknown_Alkenyl_1"
"Kliebenstein_Chan_PlosBio_2011_PID_21857804","Unknown_Alkenyl"
"Kliebenstein_Chan_PlosBio_2011_PID_21857804","Unknown_Glucosinolate_Like_1"
"Kliebenstein_Chan_PlosBio_2011_PID_21857804","Unknown_Glucosinolate_Like_2"
"Kliebenstein_Chan_PlosBio_2011_PID_21857804","X3_benzoyloxypropyl"
"Kliebenstein_Chan_PlosBio_2011_PID_21857804","X3_hydroxypropyl_1"
"Kliebenstein_Chan_PlosBio_2011_PID_21857804","X3_hydroxypropyl"
"Kliebenstein_Chan_PlosBio_2011_PID_21857804","X3_methylsulfinylpropyl_1"
"Kliebenstein_Chan_PlosBio_2011_PID_21857804","X3_methylsulfinylpropyl"
"Kliebenstein_Chan_PlosBio_2011_PID_21857804","X3_methylthiopropyl_1"
"Kliebenstein_Chan_PlosBio_2011_PID_21857804","X3_methylthiopropyl"
"Kliebenstein_Chan_PlosBio_2011_PID_21857804","X4_benzoyloxybutyl_plus_2_benzoyloxy_but_3_enyl"
"Kliebenstein_Chan_PlosBio_2011_PID_21857804","X4_hydroxy_indol_3_ylmethyl"
"Kliebenstein_Chan_PlosBio_2011_PID_21857804","X4_hydroxybutyl"
"Kliebenstein_Chan_PlosBio_2011_PID_21857804","X4_methoxy_indol_3_ylmethyl"
"Kliebenstein_Chan_PlosBio_2011_PID_21857804","X4_methylsulfinylbutyl_1"
"Kliebenstein_Chan_PlosBio_2011_PID_21857804","X4_methylsulfinylbutyl"
"Kliebenstein_Chan_PlosBio_2011_PID_21857804","X4_methylthiobutyl"
"Kliebenstein_Chan_PlosBio_2011_PID_21857804","X5_methylsulfinylpentyl_1"
"Kliebenstein_Chan_PlosBio_2011_PID_21857804","X5_methylsulfinylpentyl"
"Kliebenstein_Chan_PlosBio_2011_PID_21857804","X5_methylthiolpentyl"
"Kliebenstein_Chan_PlosBio_2011_PID_21857804","X7_methylsulfinylheptyl"
"Kliebenstein_Chan_PlosBio_2011_PID_21857804","X7_methylthioheptyl"
"Kliebenstein_Chan_PlosBio_2011_PID_21857804","X8_methylsulfinyloctyl"
"Kliebenstein_Chan_PlosBio_2011_PID_21857804","X8_methylthiooctyl"
"Kliebenstein_Chan_PlosGen_2010_PID_21079692","aconitic_acid_exp2"
"Kliebenstein_Chan_PlosGen_2010_PID_21079692","adipic_acid_exp2"
"Kliebenstein_Chan_PlosGen_2010_PID_21079692","alanine_exp1"
"Kliebenstein_Chan_PlosGen_2010_PID_21079692","alanine_exp2"
"Kliebenstein_Chan_PlosGen_2010_PID_21079692","alpha_ketoglutaric_acid_exp2"
"Kliebenstein_Chan_PlosGen_2010_PID_21079692","arabinose_exp1"
"Kliebenstein_Chan_PlosGen_2010_PID_21079692","arabinose_exp2"
"Kliebenstein_Chan_PlosGen_2010_PID_21079692","arachidic_acid_exp1"
"Kliebenstein_Chan_PlosGen_2010_PID_21079692","arachidic_acid_exp2"
"Kliebenstein_Chan_PlosGen_2010_PID_21079692","ascorbic_acid_exp2"
"Kliebenstein_Chan_PlosGen_2010_PID_21079692","asparagine_exp1"
"Kliebenstein_Chan_PlosGen_2010_PID_21079692","asparagine_exp2"
"Kliebenstein_Chan_PlosGen_2010_PID_21079692","aspartic_acid_exp1"
"Kliebenstein_Chan_PlosGen_2010_PID_21079692","aspartic_acid_exp2"
"Kliebenstein_Chan_PlosGen_2010_PID_21079692","behenic_acid_exp1"
"Kliebenstein_Chan_PlosGen_2010_PID_21079692","benzoic_acid_exp1"
"Kliebenstein_Chan_PlosGen_2010_PID_21079692","benzoic_acid_exp2"
"Kliebenstein_Chan_PlosGen_2010_PID_21079692","beta_alanine_exp1"
"Kliebenstein_Chan_PlosGen_2010_PID_21079692","beta_alanine_exp2"
"Kliebenstein_Chan_PlosGen_2010_PID_21079692","beta_sitosterol_exp1"
"Kliebenstein_Chan_PlosGen_2010_PID_21079692","beta_sitosterol_exp2"
"Kliebenstein_Chan_PlosGen_2010_PID_21079692","caffeic_acid_exp2"
"Kliebenstein_Chan_PlosGen_2010_PID_21079692","capric_acid_exp1"
"Kliebenstein_Chan_PlosGen_2010_PID_21079692","capric_acid_exp2"
"Kliebenstein_Chan_PlosGen_2010_PID_21079692","cellobiose_exp2"
"Kliebenstein_Chan_PlosGen_2010_PID_21079692","cellobiotol_exp1"
"Kliebenstein_Chan_PlosGen_2010_PID_21079692","cellobiotol_exp2"
"Kliebenstein_Chan_PlosGen_2010_PID_21079692","cerotic_acid_exp1"
"Kliebenstein_Chan_PlosGen_2010_PID_21079692","cholesterol_exp1"
"Kliebenstein_Chan_PlosGen_2010_PID_21079692","cholesterol_exp2"
"Kliebenstein_Chan_PlosGen_2010_PID_21079692","cis_sinapinic_acid_exp1"
"Kliebenstein_Chan_PlosGen_2010_PID_21079692","cis_sinapinic_acid_exp2"
"Kliebenstein_Chan_PlosGen_2010_PID_21079692","citramalate_exp2"
"Kliebenstein_Chan_PlosGen_2010_PID_21079692","citric_acid_exp1"
"Kliebenstein_Chan_PlosGen_2010_PID_21079692","citric_acid_exp2"
"Kliebenstein_Chan_PlosGen_2010_PID_21079692","citrulline_exp1"
"Kliebenstein_Chan_PlosGen_2010_PID_21079692","coniferin__ref_Tree_Physiol__exp1"
"Kliebenstein_Chan_PlosGen_2010_PID_21079692","coniferin__ref_Tree_Physiol__exp2"
"Kliebenstein_Chan_PlosGen_2010_PID_21079692","dehydroascorbate_1_exp1"
"Kliebenstein_Chan_PlosGen_2010_PID_21079692","dehydroascorbate_1_exp2"
"Kliebenstein_Chan_PlosGen_2010_PID_21079692","epsilon_caprolactam_2_exp2"
"Kliebenstein_Chan_PlosGen_2010_PID_21079692","erythritol_exp1"
"Kliebenstein_Chan_PlosGen_2010_PID_21079692","erythronic_acid_exp2"
"Kliebenstein_Chan_PlosGen_2010_PID_21079692","erythronic_acid_lactone_exp1"
"Kliebenstein_Chan_PlosGen_2010_PID_21079692","erythronic_acid_lactone_exp2"
"Kliebenstein_Chan_PlosGen_2010_PID_21079692","ethanolamine_exp1"
"Kliebenstein_Chan_PlosGen_2010_PID_21079692","ethanolamine_exp2"
"Kliebenstein_Chan_PlosGen_2010_PID_21079692","fructose_1_exp2"
"Kliebenstein_Chan_PlosGen_2010_PID_21079692","fucose_1___rhamnose_2_exp1"
"Kliebenstein_Chan_PlosGen_2010_PID_21079692","fucose_1___rhamnose_2_exp2"
"Kliebenstein_Chan_PlosGen_2010_PID_21079692","fumaric_acid_exp2"
"Kliebenstein_Chan_PlosGen_2010_PID_21079692","GABA_exp1"
"Kliebenstein_Chan_PlosGen_2010_PID_21079692","GABA_exp2"
"Kliebenstein_Chan_PlosGen_2010_PID_21079692","galactinol_major_2_exp1"
"Kliebenstein_Chan_PlosGen_2010_PID_21079692","galactinol_major_2_exp2"
"Kliebenstein_Chan_PlosGen_2010_PID_21079692","galactose_exp1"
"Kliebenstein_Chan_PlosGen_2010_PID_21079692","galactose_exp2"
"Kliebenstein_Chan_PlosGen_2010_PID_21079692","glucose_1_phosphate_exp1"
"Kliebenstein_Chan_PlosGen_2010_PID_21079692","glucose_1_phosphate_exp2"
"Kliebenstein_Chan_PlosGen_2010_PID_21079692","glucose_2_exp1"
"Kliebenstein_Chan_PlosGen_2010_PID_21079692","glucose_2_exp2"
"Kliebenstein_Chan_PlosGen_2010_PID_21079692","glucuronic_acid_exp2"
"Kliebenstein_Chan_PlosGen_2010_PID_21079692","glutamic_acid_exp1"
"Kliebenstein_Chan_PlosGen_2010_PID_21079692","glutamic_acid_exp2"
"Kliebenstein_Chan_PlosGen_2010_PID_21079692","glutamine_exp2"
"Kliebenstein_Chan_PlosGen_2010_PID_21079692","glyceric_acid_exp1"
"Kliebenstein_Chan_PlosGen_2010_PID_21079692","glyceric_acid_exp2"
"Kliebenstein_Chan_PlosGen_2010_PID_21079692","glycerol_alpha_phosphate_exp2"
"Kliebenstein_Chan_PlosGen_2010_PID_21079692","glycerol_exp2"
"Kliebenstein_Chan_PlosGen_2010_PID_21079692","glycine_exp1"
"Kliebenstein_Chan_PlosGen_2010_PID_21079692","glycine_exp2"
"Kliebenstein_Chan_PlosGen_2010_PID_21079692","glycolic_acid_exp1"
"Kliebenstein_Chan_PlosGen_2010_PID_21079692","heptadecanoic_acid_exp1"
"Kliebenstein_Chan_PlosGen_2010_PID_21079692","hexonic_acid_exp2"
"Kliebenstein_Chan_PlosGen_2010_PID_21079692","hydroxylamine_exp1"
"Kliebenstein_Chan_PlosGen_2010_PID_21079692","hydroxylamine_exp2"
"Kliebenstein_Chan_PlosGen_2010_PID_21079692","inositol_myo__exp2"
"Kliebenstein_Chan_PlosGen_2010_PID_21079692","inulobiose_2_exp2"
"Kliebenstein_Chan_PlosGen_2010_PID_21079692","isoleucine_exp1"
"Kliebenstein_Chan_PlosGen_2010_PID_21079692","isoleucine_exp2"
"Kliebenstein_Chan_PlosGen_2010_PID_21079692","lactic_acid_exp1"
"Kliebenstein_Chan_PlosGen_2010_PID_21079692","lactic_acid_exp2"
"Kliebenstein_Chan_PlosGen_2010_PID_21079692","lactobionic_acid_exp1"
"Kliebenstein_Chan_PlosGen_2010_PID_21079692","lactobionic_acid_exp2"
"Kliebenstein_Chan_PlosGen_2010_PID_21079692","lauric_acid_exp1"
"Kliebenstein_Chan_PlosGen_2010_PID_21079692","leucine_1_exp2"
"Kliebenstein_Chan_PlosGen_2010_PID_21079692","leucine_exp1"
"Kliebenstein_Chan_PlosGen_2010_PID_21079692","leucine_exp2"
"Kliebenstein_Chan_PlosGen_2010_PID_21079692","leucrose_exp1"
"Kliebenstein_Chan_PlosGen_2010_PID_21079692","leucrose_exp2"
"Kliebenstein_Chan_PlosGen_2010_PID_21079692","levoglucosan_exp1"
"Kliebenstein_Chan_PlosGen_2010_PID_21079692","lignoceric_acid_exp1"
"Kliebenstein_Chan_PlosGen_2010_PID_21079692","lignoceric_acid_exp2"
"Kliebenstein_Chan_PlosGen_2010_PID_21079692","lyxitol_exp1"
"Kliebenstein_Chan_PlosGen_2010_PID_21079692","malate_exp1"
"Kliebenstein_Chan_PlosGen_2010_PID_21079692","malate_exp2"
"Kliebenstein_Chan_PlosGen_2010_PID_21079692","maleic_acid_exp1"
"Kliebenstein_Chan_PlosGen_2010_PID_21079692","maleic_acid_exp2"
"Kliebenstein_Chan_PlosGen_2010_PID_21079692","maltose_1_exp1"
"Kliebenstein_Chan_PlosGen_2010_PID_21079692","maltose_1_exp2"
"Kliebenstein_Chan_PlosGen_2010_PID_21079692","mannitol_exp1"
"Kliebenstein_Chan_PlosGen_2010_PID_21079692","mannitol_exp2"
"Kliebenstein_Chan_PlosGen_2010_PID_21079692","monopalmitin_1_glyceride_exp1"
"Kliebenstein_Chan_PlosGen_2010_PID_21079692","monopalmitin_1_glyceride_exp2"
"Kliebenstein_Chan_PlosGen_2010_PID_21079692","myristic_acid_exp1"
"Kliebenstein_Chan_PlosGen_2010_PID_21079692","myristic_acid_exp2"
"Kliebenstein_Chan_PlosGen_2010_PID_21079692","N_acetyl_D_hexosamine_exp2"
"Kliebenstein_Chan_PlosGen_2010_PID_21079692","N_acetyl_D_mannosamine_exp2"
"Kliebenstein_Chan_PlosGen_2010_PID_21079692","oleic_acid_exp1"
"Kliebenstein_Chan_PlosGen_2010_PID_21079692","oleic_acid_exp2"
"Kliebenstein_Chan_PlosGen_2010_PID_21079692","ornithine_4TMS_exp2"
"Kliebenstein_Chan_PlosGen_2010_PID_21079692","oxoproline_1_exp2"
"Kliebenstein_Chan_PlosGen_2010_PID_21079692","oxoproline_exp1"
"Kliebenstein_Chan_PlosGen_2010_PID_21079692","oxoproline_exp2"
"Kliebenstein_Chan_PlosGen_2010_PID_21079692","palatinose_exp2"
"Kliebenstein_Chan_PlosGen_2010_PID_21079692","palmitic_acid_exp2"
"Kliebenstein_Chan_PlosGen_2010_PID_21079692","pelargonic_acid_exp1"
"Kliebenstein_Chan_PlosGen_2010_PID_21079692","pelargonic_acid_exp2"
"Kliebenstein_Chan_PlosGen_2010_PID_21079692","pentadecanoic_acid_exp1"
"Kliebenstein_Chan_PlosGen_2010_PID_21079692","phenylalanine_exp2"
"Kliebenstein_Chan_PlosGen_2010_PID_21079692","phosphoric_acid_exp1"
"Kliebenstein_Chan_PlosGen_2010_PID_21079692","phosphoric_acid_exp2"
"Kliebenstein_Chan_PlosGen_2010_PID_21079692","phytol_exp1"
"Kliebenstein_Chan_PlosGen_2010_PID_21079692","phytol_exp2"
"Kliebenstein_Chan_PlosGen_2010_PID_21079692","pipecolic_acid_exp2"
"Kliebenstein_Chan_PlosGen_2010_PID_21079692","proline_exp1"
"Kliebenstein_Chan_PlosGen_2010_PID_21079692","proline_exp2"
"Kliebenstein_Chan_PlosGen_2010_PID_21079692","putrescine_exp1"
"Kliebenstein_Chan_PlosGen_2010_PID_21079692","putrescine_exp2"
"Kliebenstein_Chan_PlosGen_2010_PID_21079692","pyrrole_2_carboxylic_acid_exp1"
"Kliebenstein_Chan_PlosGen_2010_PID_21079692","rhamnose_1_exp1"
"Kliebenstein_Chan_PlosGen_2010_PID_21079692","rhamnose_1_exp2"
"Kliebenstein_Chan_PlosGen_2010_PID_21079692","ribitol_1_exp2"
"Kliebenstein_Chan_PlosGen_2010_PID_21079692","ribitol_exp2"
"Kliebenstein_Chan_PlosGen_2010_PID_21079692","ribose_exp1"
"Kliebenstein_Chan_PlosGen_2010_PID_21079692","ribose_exp2"
"Kliebenstein_Chan_PlosGen_2010_PID_21079692","serine_1_exp1"
"Kliebenstein_Chan_PlosGen_2010_PID_21079692","serine_1_exp2"
"Kliebenstein_Chan_PlosGen_2010_PID_21079692","serine_exp1"
"Kliebenstein_Chan_PlosGen_2010_PID_21079692","serine_exp2"
"Kliebenstein_Chan_PlosGen_2010_PID_21079692","shikimic_acid_exp2"
"Kliebenstein_Chan_PlosGen_2010_PID_21079692","stearic_acid_exp1"
"Kliebenstein_Chan_PlosGen_2010_PID_21079692","succinic_acid_exp1"
"Kliebenstein_Chan_PlosGen_2010_PID_21079692","succinic_acid_exp2"
"Kliebenstein_Chan_PlosGen_2010_PID_21079692","talose_exp1"
"Kliebenstein_Chan_PlosGen_2010_PID_21079692","talose_exp2"
"Kliebenstein_Chan_PlosGen_2010_PID_21079692","threitol_exp1"
"Kliebenstein_Chan_PlosGen_2010_PID_21079692","threitol_exp2"
"Kliebenstein_Chan_PlosGen_2010_PID_21079692","threonic_acid_exp1"
"Kliebenstein_Chan_PlosGen_2010_PID_21079692","threonic_acid_exp2"
"Kliebenstein_Chan_PlosGen_2010_PID_21079692","threonine_exp1"
"Kliebenstein_Chan_PlosGen_2010_PID_21079692","threonine_exp2"
"Kliebenstein_Chan_PlosGen_2010_PID_21079692","tocopherol_exp2"
"Kliebenstein_Chan_PlosGen_2010_PID_21079692","trans_sinapinic_acid_exp1"
"Kliebenstein_Chan_PlosGen_2010_PID_21079692","trans_sinapinic_acid_exp2"
"Kliebenstein_Chan_PlosGen_2010_PID_21079692","trehalose_exp2"
"Kliebenstein_Chan_PlosGen_2010_PID_21079692","tyrosine_exp1"
"Kliebenstein_Chan_PlosGen_2010_PID_21079692","tyrosine_exp2"
"Kliebenstein_Chan_PlosGen_2010_PID_21079692","urea_exp1"
"Kliebenstein_Chan_PlosGen_2010_PID_21079692","urea_exp2"
"Kliebenstein_Chan_PlosGen_2010_PID_21079692","valine_exp1"
"Kliebenstein_Chan_PlosGen_2010_PID_21079692","valine_exp2"
"Kliebenstein_Chan_PlosGen_2010_PID_21079692","X1_2_4_benzenetriol_exp1"
"Kliebenstein_Chan_PlosGen_2010_PID_21079692","X1_2_4_benzenetriol_exp2"
"Kliebenstein_Chan_PlosGen_2010_PID_21079692","X1_hexadecanol_exp1"
"Kliebenstein_Chan_PlosGen_2010_PID_21079692","X1_monostearin_exp2"
"Kliebenstein_Chan_PlosGen_2010_PID_21079692","X2_palmitoleic_acid_exp1"
"Kliebenstein_Chan_PlosGen_2010_PID_21079692","X2_palmitoleic_acid_exp2"
"Kliebenstein_Chan_PlosGen_2010_PID_21079692","X4_hydroxybenzoate_exp2"
"Kliebenstein_Chan_PlosGen_2010_PID_21079692","X4_hydroxyproline_exp1"
"Kliebenstein_Chan_PlosGen_2010_PID_21079692","X4_hydroxyproline_exp2"
"Kliebenstein_Chan_PlosGen_2010_PID_21079692","X5_aminovaleric_acid_exp1"
"Kliebenstein_Chan_PlosGen_2010_PID_21079692","xylonic_acid_exp2"
"Kliebenstein_Chan_PlosGen_2010_PID_21079692","xylose_1_exp1"
"Kliebenstein_Chan_PlosGen_2010_PID_21079692","xylose_1_exp2"
"Kliebenstein_Fordyce_PlantPhys_2018_PID_30266748","Lesion_0_m_cx_Apple517"
"Kliebenstein_Fordyce_PlantPhys_2018_PID_30266748","Lesion_0_m_cy_Apple517"
"Kliebenstein_Fordyce_PlantPhys_2018_PID_30266748","Lesion_0_m_eccentricity_Apple517"
"Kliebenstein_Fordyce_PlantPhys_2018_PID_30266748","Lesion_0_m_eccentricity_B05_10"
"Kliebenstein_Fordyce_PlantPhys_2018_PID_30266748","Lesion_0_m_eccentricity_Ctrl"
"Kliebenstein_Fordyce_PlantPhys_2018_PID_30266748","Lesion_0_m_eccentricity_Supersteak"
"Kliebenstein_Fordyce_PlantPhys_2018_PID_30266748","Lesion_0_m_eccentricity_UKRazz"
"Kliebenstein_Fordyce_PlantPhys_2018_PID_30266748","Lesion_0_m_theta_Apple517"
"Kliebenstein_Fordyce_PlantPhys_2018_PID_30266748","Lesion_0_m_theta_B05_10"
"Kliebenstein_Fordyce_PlantPhys_2018_PID_30266748","Lesion_0_m_theta_Ctrl"
"Kliebenstein_Fordyce_PlantPhys_2018_PID_30266748","Lesion_0_m_theta_Supersteak"
"Kliebenstein_Fordyce_PlantPhys_2018_PID_30266748","Lesion_0_m_theta_UKRazz"
"Kliebenstein_Fordyce_PlantPhys_2018_PID_30266748","Lesion_Bblu_m_eccentricity_Apple517"
"Kliebenstein_Fordyce_PlantPhys_2018_PID_30266748","Lesion_Bblu_m_eccentricity_B05_10"
"Kliebenstein_Fordyce_PlantPhys_2018_PID_30266748","Lesion_Bblu_m_eccentricity_Ctrl"
"Kliebenstein_Fordyce_PlantPhys_2018_PID_30266748","Lesion_Bblu_m_eccentricity_Supersteak"
"Kliebenstein_Fordyce_PlantPhys_2018_PID_30266748","Lesion_Bblu_m_eccentricity_UKRazz"
"Kliebenstein_Fordyce_PlantPhys_2018_PID_30266748","Lesion_Bblu_m_majoraxis_Ctrl"
"Kliebenstein_Fordyce_PlantPhys_2018_PID_30266748","Lesion_Bblu_m_theta_B05_10"
"Kliebenstein_Fordyce_PlantPhys_2018_PID_30266748","Lesion_Bblu_m_theta_Ctrl"
"Kliebenstein_Fordyce_PlantPhys_2018_PID_30266748","Lesion_Bblu_m_theta_Supersteak"
"Kliebenstein_Fordyce_PlantPhys_2018_PID_30266748","Lesion_Bblu_m_theta_UKRazz"
"Kliebenstein_Fordyce_PlantPhys_2018_PID_30266748","Lesion_Bgrn_m_eccentricity_Ctrl"
"Kliebenstein_Fordyce_PlantPhys_2018_PID_30266748","Lesion_Bgrn_m_theta_B05_10"
"Kliebenstein_Fordyce_PlantPhys_2018_PID_30266748","Lesion_Bgrn_m_theta_Ctrl"
"Kliebenstein_Fordyce_PlantPhys_2018_PID_30266748","Lesion_Bgrn_m_theta_UKRazz"
"Kliebenstein_Fordyce_PlantPhys_2018_PID_30266748","Lesion_Bgrnblu_m_eccentricity_Ctrl"
"Kliebenstein_Fordyce_PlantPhys_2018_PID_30266748","Lesion_Bgrnblu_m_eccentricity_UKRazz"
"Kliebenstein_Fordyce_PlantPhys_2018_PID_30266748","Lesion_Bgrnblu_m_majoraxis_Apple517"
"Kliebenstein_Fordyce_PlantPhys_2018_PID_30266748","Lesion_Bgrnblu_m_majoraxis_B05_10"
"Kliebenstein_Fordyce_PlantPhys_2018_PID_30266748","Lesion_Bgrnblu_m_majoraxis_Ctrl"
"Kliebenstein_Fordyce_PlantPhys_2018_PID_30266748","Lesion_Bgrnblu_m_majoraxis_Supersteak"
"Kliebenstein_Fordyce_PlantPhys_2018_PID_30266748","Lesion_Bgrnblu_m_majoraxis_UKRazz"
"Kliebenstein_Fordyce_PlantPhys_2018_PID_30266748","Lesion_Bgrnblu_m_theta_Ctrl"
"Kliebenstein_Fordyce_PlantPhys_2018_PID_30266748","Lesion_Bgrnblu_m_theta_UKRazz"
"Kliebenstein_Fordyce_PlantPhys_2018_PID_30266748","Lesion_blu_m_eccentricity_Ctrl"
"Kliebenstein_Fordyce_PlantPhys_2018_PID_30266748","Lesion_blu_m_majoraxis_Ctrl"
"Kliebenstein_Fordyce_PlantPhys_2018_PID_30266748","Lesion_blu_m_theta_Apple517"
"Kliebenstein_Fordyce_PlantPhys_2018_PID_30266748","Lesion_blu_m_theta_B05_10"
"Kliebenstein_Fordyce_PlantPhys_2018_PID_30266748","Lesion_blu_m_theta_Ctrl"
"Kliebenstein_Fordyce_PlantPhys_2018_PID_30266748","Lesion_blu_m_theta_Supersteak"
"Kliebenstein_Fordyce_PlantPhys_2018_PID_30266748","Lesion_blu_m_theta_UKRazz"
"Kliebenstein_Fordyce_PlantPhys_2018_PID_30266748","Lesion_Bred_m_eccentricity_Ctrl"
"Kliebenstein_Fordyce_PlantPhys_2018_PID_30266748","Lesion_Bred_m_majoraxis_Ctrl"
"Kliebenstein_Fordyce_PlantPhys_2018_PID_30266748","Lesion_Bred_m_theta_Ctrl"
"Kliebenstein_Fordyce_PlantPhys_2018_PID_30266748","Lesion_Bred_m_theta_Supersteak"
"Kliebenstein_Fordyce_PlantPhys_2018_PID_30266748","Lesion_Bredblu_m_eccentricity_Apple517"
"Kliebenstein_Fordyce_PlantPhys_2018_PID_30266748","Lesion_Bredblu_m_eccentricity_B05_10"
"Kliebenstein_Fordyce_PlantPhys_2018_PID_30266748","Lesion_Bredblu_m_eccentricity_Ctrl"
"Kliebenstein_Fordyce_PlantPhys_2018_PID_30266748","Lesion_Bredblu_m_eccentricity_Supersteak"
"Kliebenstein_Fordyce_PlantPhys_2018_PID_30266748","Lesion_Bredblu_m_eccentricity_UKRazz"
"Kliebenstein_Fordyce_PlantPhys_2018_PID_30266748","Lesion_Bredblu_m_majoraxis_Apple517"
"Kliebenstein_Fordyce_PlantPhys_2018_PID_30266748","Lesion_Bredblu_m_majoraxis_B05_10"
"Kliebenstein_Fordyce_PlantPhys_2018_PID_30266748","Lesion_Bredblu_m_majoraxis_Ctrl"
"Kliebenstein_Fordyce_PlantPhys_2018_PID_30266748","Lesion_Bredblu_m_majoraxis_Supersteak"
"Kliebenstein_Fordyce_PlantPhys_2018_PID_30266748","Lesion_Bredblu_m_majoraxis_UKRazz"
"Kliebenstein_Fordyce_PlantPhys_2018_PID_30266748","Lesion_Bredblu_m_theta_Apple517"
"Kliebenstein_Fordyce_PlantPhys_2018_PID_30266748","Lesion_Bredblu_m_theta_B05_10"
"Kliebenstein_Fordyce_PlantPhys_2018_PID_30266748","Lesion_Bredblu_m_theta_Ctrl"
"Kliebenstein_Fordyce_PlantPhys_2018_PID_30266748","Lesion_Bredblu_m_theta_Supersteak"
"Kliebenstein_Fordyce_PlantPhys_2018_PID_30266748","Lesion_Bredblu_m_theta_UKRazz"
"Kliebenstein_Fordyce_PlantPhys_2018_PID_30266748","Lesion_Bredgrn_m_eccentricity_Apple517"
"Kliebenstein_Fordyce_PlantPhys_2018_PID_30266748","Lesion_Bredgrn_m_eccentricity_B05_10"
"Kliebenstein_Fordyce_PlantPhys_2018_PID_30266748","Lesion_Bredgrn_m_eccentricity_Ctrl"
"Kliebenstein_Fordyce_PlantPhys_2018_PID_30266748","Lesion_Bredgrn_m_eccentricity_Supersteak"
"Kliebenstein_Fordyce_PlantPhys_2018_PID_30266748","Lesion_Bredgrn_m_eccentricity_UKRazz"
"Kliebenstein_Fordyce_PlantPhys_2018_PID_30266748","Lesion_Bredgrn_m_majoraxis_B05_10"
"Kliebenstein_Fordyce_PlantPhys_2018_PID_30266748","Lesion_Bredgrn_m_majoraxis_Ctrl"
"Kliebenstein_Fordyce_PlantPhys_2018_PID_30266748","Lesion_Bredgrn_m_majoraxis_Supersteak"
"Kliebenstein_Fordyce_PlantPhys_2018_PID_30266748","Lesion_Bredgrn_m_majoraxis_UKRazz"
"Kliebenstein_Fordyce_PlantPhys_2018_PID_30266748","Lesion_Bredgrn_m_theta_Apple517"
"Kliebenstein_Fordyce_PlantPhys_2018_PID_30266748","Lesion_Bredgrn_m_theta_B05_10"
"Kliebenstein_Fordyce_PlantPhys_2018_PID_30266748","Lesion_Bredgrn_m_theta_Ctrl"
"Kliebenstein_Fordyce_PlantPhys_2018_PID_30266748","Lesion_Bredgrn_m_theta_Supersteak"
"Kliebenstein_Fordyce_PlantPhys_2018_PID_30266748","Lesion_Bredgrn_m_theta_UKRazz"
"Kliebenstein_Fordyce_PlantPhys_2018_PID_30266748","Lesion_Grn_Apple517"
"Kliebenstein_Fordyce_PlantPhys_2018_PID_30266748","Lesion_Grn_B05_10"
"Kliebenstein_Fordyce_PlantPhys_2018_PID_30266748","Lesion_Grn_Ctrl"
"Kliebenstein_Fordyce_PlantPhys_2018_PID_30266748","Lesion_Grn_Supersteak"
"Kliebenstein_Fordyce_PlantPhys_2018_PID_30266748","Lesion_Grn_UKRazz"
"Kliebenstein_Fordyce_PlantPhys_2018_PID_30266748","Lesion_grnblu_m_eccentricity_Ctrl"
"Kliebenstein_Fordyce_PlantPhys_2018_PID_30266748","Lesion_grnblu_m_majoraxis_Apple517"
"Kliebenstein_Fordyce_PlantPhys_2018_PID_30266748","Lesion_grnblu_m_majoraxis_B05_10"
"Kliebenstein_Fordyce_PlantPhys_2018_PID_30266748","Lesion_grnblu_m_majoraxis_Ctrl"
"Kliebenstein_Fordyce_PlantPhys_2018_PID_30266748","Lesion_grnblu_m_majoraxis_Supersteak"
"Kliebenstein_Fordyce_PlantPhys_2018_PID_30266748","Lesion_grnblu_m_majoraxis_UKRazz"
"Kliebenstein_Fordyce_PlantPhys_2018_PID_30266748","Lesion_grnblu_m_theta_Ctrl"
"Kliebenstein_Fordyce_PlantPhys_2018_PID_30266748","Lesion_Prop_Apple517"
"Kliebenstein_Fordyce_PlantPhys_2018_PID_30266748","Lesion_Prop_UKRazz"
"Kliebenstein_Fordyce_PlantPhys_2018_PID_30266748","Lesion_redblu_m_eccentricity_Apple517"
"Kliebenstein_Fordyce_PlantPhys_2018_PID_30266748","Lesion_redblu_m_eccentricity_B05_10"
"Kliebenstein_Fordyce_PlantPhys_2018_PID_30266748","Lesion_redblu_m_eccentricity_Ctrl"
"Kliebenstein_Fordyce_PlantPhys_2018_PID_30266748","Lesion_redblu_m_eccentricity_Supersteak"
"Kliebenstein_Fordyce_PlantPhys_2018_PID_30266748","Lesion_redblu_m_eccentricity_UKRazz"
"Kliebenstein_Fordyce_PlantPhys_2018_PID_30266748","Lesion_redblu_m_majoraxis_Apple517"
"Kliebenstein_Fordyce_PlantPhys_2018_PID_30266748","Lesion_redblu_m_majoraxis_B05_10"
"Kliebenstein_Fordyce_PlantPhys_2018_PID_30266748","Lesion_redblu_m_majoraxis_Ctrl"
"Kliebenstein_Fordyce_PlantPhys_2018_PID_30266748","Lesion_redblu_m_majoraxis_Supersteak"
"Kliebenstein_Fordyce_PlantPhys_2018_PID_30266748","Lesion_redblu_m_majoraxis_UKRazz"
"Kliebenstein_Fordyce_PlantPhys_2018_PID_30266748","Lesion_redblu_m_theta_Apple517"
"Kliebenstein_Fordyce_PlantPhys_2018_PID_30266748","Lesion_redblu_m_theta_B05_10"
"Kliebenstein_Fordyce_PlantPhys_2018_PID_30266748","Lesion_redblu_m_theta_Ctrl"
"Kliebenstein_Fordyce_PlantPhys_2018_PID_30266748","Lesion_redblu_m_theta_Supersteak"
"Kliebenstein_Fordyce_PlantPhys_2018_PID_30266748","Lesion_redblu_m_theta_UKRazz"
"Kliebenstein_Fordyce_PlantPhys_2018_PID_30266748","Lesion_redgrn_m_eccentricity_B05_10"
"Kliebenstein_Fordyce_PlantPhys_2018_PID_30266748","Lesion_redgrn_m_eccentricity_Ctrl"
"Kliebenstein_Fordyce_PlantPhys_2018_PID_30266748","Lesion_redgrn_m_eccentricity_UKRazz"
"Kliebenstein_Fordyce_PlantPhys_2018_PID_30266748","Lesion_redgrn_m_majoraxis_Ctrl"
"Kliebenstein_Fordyce_PlantPhys_2018_PID_30266748","Lesion_redgrn_m_theta_Ctrl"
"Kliebenstein_Fordyce_PlantPhys_2018_PID_30266748","Lesion_redgrn_m_theta_Supersteak"
"Kliebenstein_Fordyce_PlantPhys_2018_PID_30266748","Lesion_redgrn_m_theta_UKRazz"
"Kliebenstein_Fordyce_PlantPhys_2018_PID_30266748","Lesion_Size_Apple517"
"Kliebenstein_Fordyce_PlantPhys_2018_PID_30266748","Lesion_Size_B05_10"
"Kliebenstein_Fordyce_PlantPhys_2018_PID_30266748","Lesion_Size_Ctrl"
"Kliebenstein_Fordyce_PlantPhys_2018_PID_30266748","Lesion_Size_Supersteak"
"Kliebenstein_Fordyce_PlantPhys_2018_PID_30266748","Lesion_Size_UKRazz"
"Kliebenstein_Fordyce_PlantPhys_2018_PID_30266748","Lesion_Ylw_B05_10"
"Kliebenstein_Fordyce_PlantPhys_2018_PID_30266748","Lesion_Ylw_Ctrl"
"Kliebenstein_Fordyce_PlantPhys_2018_PID_30266748","Lesion_Ylw_Supersteak"
"Kliebenstein_Fordyce_PlantPhys_2018_PID_30266748","Remaining_Leaf_Apple517"
"Kliebenstein_Fordyce_PlantPhys_2018_PID_30266748","Ylw_Lesion_Proportion_Apple517"
"Kliebenstein_Fordyce_PlantPhys_2018_PID_30266748","Ylw_Lesion_Proportion_Ctrl"
"Kliebenstein_Fordyce_PlantPhys_2018_PID_30266748","Ylw_Lesion_Proportion_Supersteak"
"Kliebenstein_Francisco_FronPlaSci_2016_PID_27313596","Allyl_MS_and_allyl"
"Kliebenstein_Francisco_FronPlaSci_2016_PID_27313596","Allyl_MS"
"Kliebenstein_Francisco_FronPlaSci_2016_PID_27313596","I3M_MS_and_allyl"
"Kliebenstein_Francisco_FronPlaSci_2016_PID_27313596","I3M_MS"
"Kliebenstein_Francisco_FronPlaSci_2016_PID_27313596","Long_chain_GLS_MS_and_allyl"
"Kliebenstein_Francisco_FronPlaSci_2016_PID_27313596","Long_chain_GLS_MS"
"Kliebenstein_Francisco_FronPlaSci_2016_PID_27313596","NMOI3M_MS_and_allyl"
"Kliebenstein_Francisco_FronPlaSci_2016_PID_27313596","NMOI3M_MS"
"Kliebenstein_Francisco_FronPlaSci_2016_PID_27313596","Short_chain_GLS_MS_and_allyl"
"Kliebenstein_Francisco_FronPlaSci_2016_PID_27313596","Short_chain_GLS_MS"
"Kliebenstein_Francisco_FronPlaSci_2016_PID_27313596","total_Aliphatics_MS_and_allyl"
"Kliebenstein_Francisco_FronPlaSci_2016_PID_27313596","total_Aliphatics_MS"
"Kliebenstein_Francisco_FronPlaSci_2016_PID_27313596","total_alkyl_MS_and_allyl"
"Kliebenstein_Francisco_FronPlaSci_2016_PID_27313596","total_alkyl_MS"
"Kliebenstein_Francisco_FronPlaSci_2016_PID_27313596","total_C3_GLS_MS_and_allyl"
"Kliebenstein_Francisco_FronPlaSci_2016_PID_27313596","total_C3_GLS_MS"
"Kliebenstein_Francisco_FronPlaSci_2016_PID_27313596","total_C4_GLS_MS_and_allyl"
"Kliebenstein_Francisco_FronPlaSci_2016_PID_27313596","total_C4_GLS_MS"
"Kliebenstein_Francisco_FronPlaSci_2016_PID_27313596","total_C7_GLS_MS_and_allyl"
"Kliebenstein_Francisco_FronPlaSci_2016_PID_27313596","total_C7_GLS_MS"
"Kliebenstein_Francisco_FronPlaSci_2016_PID_27313596","Total_C8_GLS_MS_and_allyl"
"Kliebenstein_Francisco_FronPlaSci_2016_PID_27313596","Total_C8_GLS_MS"
"Kliebenstein_Francisco_FronPlaSci_2016_PID_27313596","total_GLS_MS_and_allyl"
"Kliebenstein_Francisco_FronPlaSci_2016_PID_27313596","total_GLS_MS"
"Kliebenstein_Francisco_FronPlaSci_2016_PID_27313596","total_Indolics_MS_and_allyl"
"Kliebenstein_Francisco_FronPlaSci_2016_PID_27313596","total_Indolics_MS"
"Kliebenstein_Francisco_FronPlaSci_2016_PID_27313596","total_methylsulphinyl_MS_and_allyl"
"Kliebenstein_Francisco_FronPlaSci_2016_PID_27313596","total_methylsulphinyl_MS"
"Kliebenstein_Francisco_FronPlaSci_2016_PID_27313596","Weight_MS_and_allyl"
"Kliebenstein_Francisco_FronPlaSci_2016_PID_27313596","Weight_MS"
"Kliebenstein_Francisco_FronPlaSci_2016_PID_27313596","X2OH_Butenyl_MS_and_allyl"
"Kliebenstein_Francisco_FronPlaSci_2016_PID_27313596","X2OH_Butenyl_MS"
"Kliebenstein_Francisco_FronPlaSci_2016_PID_27313596","X3_butenyl_MS_and_allyl"
"Kliebenstein_Francisco_FronPlaSci_2016_PID_27313596","X3_butenyl_MS"
"Kliebenstein_Francisco_FronPlaSci_2016_PID_27313596","X3MSP_MS_and_allyl"
"Kliebenstein_Francisco_FronPlaSci_2016_PID_27313596","X3MSP_MS"
"Kliebenstein_Francisco_FronPlaSci_2016_PID_27313596","X3MTP_MS_and_allyl"
"Kliebenstein_Francisco_FronPlaSci_2016_PID_27313596","X3MTP_MS"
"Kliebenstein_Francisco_FronPlaSci_2016_PID_27313596","X3OHP_MS_and_allyl"
"Kliebenstein_Francisco_FronPlaSci_2016_PID_27313596","X3OHP_MS"
"Kliebenstein_Francisco_FronPlaSci_2016_PID_27313596","X4MOI3M_MS_and_allyl"
"Kliebenstein_Francisco_FronPlaSci_2016_PID_27313596","X4MOI3M_MS"
"Kliebenstein_Francisco_FronPlaSci_2016_PID_27313596","X4MSB_MS_and_allyl"
"Kliebenstein_Francisco_FronPlaSci_2016_PID_27313596","X4MSB_MS"
"Kliebenstein_Francisco_FronPlaSci_2016_PID_27313596","X4MTB_MS_and_allyl"
"Kliebenstein_Francisco_FronPlaSci_2016_PID_27313596","X4MTB_MS"
"Kliebenstein_Francisco_FronPlaSci_2016_PID_27313596","X4OHB_MS_and_allyl"
"Kliebenstein_Francisco_FronPlaSci_2016_PID_27313596","X4OHB_MS"
"Kliebenstein_Francisco_FronPlaSci_2016_PID_27313596","X5MSP_MS_and_allyl"
"Kliebenstein_Francisco_FronPlaSci_2016_PID_27313596","X5MSP_MS"
"Kliebenstein_Francisco_FronPlaSci_2016_PID_27313596","X7MSH_MS_and_allyl"
"Kliebenstein_Francisco_FronPlaSci_2016_PID_27313596","X7MSH_MS"
"Kliebenstein_Francisco_FronPlaSci_2016_PID_27313596","X7MTH_MS_and_allyl"
"Kliebenstein_Francisco_FronPlaSci_2016_PID_27313596","X7MTH_MS"
"Kliebenstein_Francisco_FronPlaSci_2016_PID_27313596","X8MSO_MS_and_allyl"
"Kliebenstein_Francisco_FronPlaSci_2016_PID_27313596","X8MSO_MS"
"Kliebenstein_Francisco_FronPlaSci_2016_PID_27313596","X8MTO_MS_and_allyl"
"Kliebenstein_Francisco_FronPlaSci_2016_PID_27313596","X8MTO_MS"
"Kollist_Brosch_PlaCelEnv_2010_PID_20082669","ozone_sensetivity"
"Koyama_Sadhukhan_MolPlant_2017_PID_28712931","Relative_NIP1_expression"
"Koyama_Sadhukhan_MolPlant_2017_PID_28712931","Relative_root_length"
"Kronforst_Nallu_NatEcoEvo_2018_PID_30076351","Average_leaf_surface_area_eaten_cm2"
"Kronforst_Nallu_NatEcoEvo_2018_PID_30076351","Average_weight_gain_by_larvae_mg"
"Kumar_Verslues_PlantPhys_2014_PID_24218491","Proline_mmol_g"
"Leyva_Snchez-Bermejo_NatCommun_2014_PID_25099865","As_V_tolerance"
"Li_Strauch_PNAS_2015_PID_26324904","144_M216T665"
"Li_Strauch_PNAS_2015_PID_26324904","145_M130T666"
"Li_Strauch_PNAS_2015_PID_26324904","146_M172T666"
"Linder_Branham_JHered_2016_PID_26704140","BC160"
"Linder_Branham_JHered_2016_PID_26704140","BC180"
"Linder_Branham_JHered_2016_PID_26704140","BC181"
"Linder_Branham_JHered_2016_PID_26704140","BC182"
"Linder_Branham_JHered_2016_PID_26704140","BC183"
"Linder_Branham_JHered_2016_PID_26704140","BC200"
"Linder_Branham_JHered_2016_PID_26704140","BC201"
"Linder_Branham_JHered_2016_PID_26704140","BC202"
"Linder_Branham_JHered_2016_PID_26704140","BC221"
"Linder_Branham_JHered_2016_PID_26704140","BCpl"
"Linder_Branham_JHered_2016_PID_26704140","BCpufa"
"Linder_Branham_JHered_2016_PID_26704140","BCsat"
"Linder_Branham_JHered_2016_PID_26704140","BCvlcfa"
"Linder_Branham_JHered_2016_PID_26865732","MPboxcox"
"Linder_Morrison_G3_2014_PID_24902604","k_light_0_nutrient_0"
"Linder_Morrison_G3_2014_PID_24902604","k_light_0_nutrient_1"
"Linder_Morrison_G3_2014_PID_24902604","k_light_1_nutrient_0"
"Linder_Morrison_G3_2014_PID_24902604","k_light_1_nutrient_1"
"Linder_Morrison_G3_2014_PID_24902604","tmax_light_0_nutrient_0"
"Linder_Morrison_G3_2014_PID_24902604","tmax_light_0_nutrient_1"
"Linder_Morrison_G3_2014_PID_24902604","tmax_light_1_nutrient_0"
"Linder_Morrison_G3_2014_PID_24902604","tmax_light_1_nutrient_1"
"Ludewig_Chen_FronPlaSci_2016_PID_27507976","Fe_minus"
"Ludewig_Chen_FronPlaSci_2016_PID_27507976","Fe_plus"
"Ludewig_Chen_FronPlaSci_2016_PID_27507976","Fe_response"
"Ludewig_Chen_FronPlaSci_2016_PID_27507976","Mn_minus"
"Ludewig_Chen_FronPlaSci_2016_PID_27507976","Mn_plus"
"Ludewig_Chen_FronPlaSci_2016_PID_27507976","Mn_response"
"Ludewig_Chen_FronPlaSci_2016_PID_27507976","Zn_minus"
"Ludewig_Chen_FronPlaSci_2016_PID_27507976","Zn_plus"
"Ludewig_Chen_FronPlaSci_2016_PID_27507976","Zn_response"
"Ludewig_Stetter_PlosOne_2015_PID_25781967","density_deficiency"
"Ludewig_Stetter_PlosOne_2015_PID_25781967","denstiy_control"
"Ludewig_Stetter_PlosOne_2015_PID_25781967","length_control"
"Ludewig_Stetter_PlosOne_2015_PID_25781967","length_deficiency"
"Maloof_Filiault_PlosGen_2012_PID_22438834","high_RFR"
"Maloof_Filiault_PlosGen_2012_PID_22438834","low_RFR_response"
"Maloof_Filiault_PlosGen_2012_PID_22438834","low_RFR"
"Maloof_Filiault_PlosGen_2012_PID_22438834","resid"
"Maloof_Filiault_PlosGen_2012_PID_22438834","slope"
"Marino_Sarasketa_JExpBot_2014_PID_25205573","AA_NH4_fed"
"Marino_Sarasketa_JExpBot_2014_PID_25205573","AA_NO3_fed"
"Marino_Sarasketa_JExpBot_2014_PID_25205573","GDH_animating_NH4_fed"
"Marino_Sarasketa_JExpBot_2014_PID_25205573","GDH_animating_NO3_fed"
"Marino_Sarasketa_JExpBot_2014_PID_25205573","GDH_deaminating_NH4_fed"
"Marino_Sarasketa_JExpBot_2014_PID_25205573","GDH_deaminating_NO3_fed"
"Marino_Sarasketa_JExpBot_2014_PID_25205573","GS_activity_NH4_fed"
"Marino_Sarasketa_JExpBot_2014_PID_25205573","GS_activity_NO3_fed"
"Marino_Sarasketa_JExpBot_2014_PID_25205573","NH4_content_NH4_fed"
"Marino_Sarasketa_JExpBot_2014_PID_25205573","NH4_content_NO3_fed"
"Marino_Sarasketa_JExpBot_2014_PID_25205573","NR_activity_NH4_fed"
"Marino_Sarasketa_JExpBot_2014_PID_25205573","NR_activity_NO3_fed"
"Maurel_Tang_NatCommun_2018_PID_30250259","root_hydraulic_conductivity"
"Meaux_Dittberner_MolEcol_2018_PID_30118161","Delta_13C"
"Meaux_Dittberner_MolEcol_2018_PID_30118161","leafsize"
"Meaux_Dittberner_MolEcol_2018_PID_30118161","stomata_density"
"Meaux_Dittberner_MolEcol_2018_PID_30118161","stomatasize"
"Mena_Delgado_AnnBot_2011_PID_21447490","Cotyledon_area"
"Mena_Delgado_AnnBot_2011_PID_21447490","First_leaf_area"
"Mena_Delgado_AnnBot_2011_PID_21447490","LA_vs_CA"
"Mena_Delgado_AnnBot_2011_PID_21447490","Pavement_cell_density_in_cotyledon"
"Mena_Delgado_AnnBot_2011_PID_21447490","Pavement_cell_density_in_first_leaf"
"Mena_Delgado_AnnBot_2011_PID_21447490","PDL_vs_PDC"
"Mena_Delgado_AnnBot_2011_PID_21447490","SDL_vs_SDC"
"Mena_Delgado_AnnBot_2011_PID_21447490","SIL_vs_SIC"
"Mena_Delgado_AnnBot_2011_PID_21447490","Stomatal_density_in_cotyledon"
"Mena_Delgado_AnnBot_2011_PID_21447490","Stomatal_density_in_first_leaf"
"Mena_Delgado_AnnBot_2011_PID_21447490","Stomatal_index_in_cotyledon"
"Mena_Delgado_AnnBot_2011_PID_21447490","Stomatal_index_in_first_leaf"
"Nordborg_Aranzana_PlosGen_2005_PID_16292355","avrB"
"Nordborg_Aranzana_PlosGen_2005_PID_16292355","avrPph3"
"Nordborg_Aranzana_PlosGen_2005_PID_16292355","avrRpm1"
"Nordborg_Aranzana_PlosGen_2005_PID_16292355","avrRpt2"
"Nordborg_Aranzana_PlosGen_2005_PID_16292355","FT"
"Nordborg_Atwell_Nature_2010_PID_20336072","1_FT_Diameter_Field"
"Nordborg_Atwell_Nature_2010_PID_20336072","10_Bs"
"Nordborg_Atwell_Nature_2010_PID_20336072","100_4W"
"Nordborg_Atwell_Nature_2010_PID_20336072","101_Li7"
"Nordborg_Atwell_Nature_2010_PID_20336072","102_FT22"
"Nordborg_Atwell_Nature_2010_PID_20336072","103_As2"
"Nordborg_Atwell_Nature_2010_PID_20336072","104_SDV"
"Nordborg_Atwell_Nature_2010_PID_20336072","105_Mg25"
"Nordborg_Atwell_Nature_2010_PID_20336072","106_Secondary_Dormancy"
"Nordborg_Atwell_Nature_2010_PID_20336072","107_As"
"Nordborg_Atwell_Nature_2010_PID_20336072","11_2W"
"Nordborg_Atwell_Nature_2010_PID_20336072","12_Rosette_Erect_22"
"Nordborg_Atwell_Nature_2010_PID_20336072","13_Cd114"
"Nordborg_Atwell_Nature_2010_PID_20336072","14_Width_16"
"Nordborg_Atwell_Nature_2010_PID_20336072","15_Storage_28_days"
"Nordborg_Atwell_Nature_2010_PID_20336072","16_LY"
"Nordborg_Atwell_Nature_2010_PID_20336072","17_avrRpm1"
"Nordborg_Atwell_Nature_2010_PID_20336072","18_Width_10"
"Nordborg_Atwell_Nature_2010_PID_20336072","19_Chlorosis_22"
"Nordborg_Atwell_Nature_2010_PID_20336072","2_At2_CFU2"
"Nordborg_Atwell_Nature_2010_PID_20336072","20_Storage_7_days"
"Nordborg_Atwell_Nature_2010_PID_20336072","21_As2_CFU2"
"Nordborg_Atwell_Nature_2010_PID_20336072","22_Co59"
"Nordborg_Atwell_Nature_2010_PID_20336072","23_FW"
"Nordborg_Atwell_Nature_2010_PID_20336072","24_Cu65"
"Nordborg_Atwell_Nature_2010_PID_20336072","25_Bacterial_titer"
"Nordborg_Atwell_Nature_2010_PID_20336072","26_Width_22"
"Nordborg_Atwell_Nature_2010_PID_20336072","27_Storage_56_days"
"Nordborg_Atwell_Nature_2010_PID_20336072","28_YEL"
"Nordborg_Atwell_Nature_2010_PID_20336072","29_FLC"
"Nordborg_Atwell_Nature_2010_PID_20336072","3_Leaf_serr_16"
"Nordborg_Atwell_Nature_2010_PID_20336072","30_FT16"
"Nordborg_Atwell_Nature_2010_PID_20336072","31_FT10"
"Nordborg_Atwell_Nature_2010_PID_20336072","32_FT_Duration_GH"
"Nordborg_Atwell_Nature_2010_PID_20336072","33_Se82"
"Nordborg_Atwell_Nature_2010_PID_20336072","34_LDV"
"Nordborg_Atwell_Nature_2010_PID_20336072","35_Noco2"
"Nordborg_Atwell_Nature_2010_PID_20336072","36_8W_GH_LN"
"Nordborg_Atwell_Nature_2010_PID_20336072","37_0W"
"Nordborg_Atwell_Nature_2010_PID_20336072","38_MT_GH"
"Nordborg_Atwell_Nature_2010_PID_20336072","39_After_Vern_Growth"
"Nordborg_Atwell_Nature_2010_PID_20336072","4_Seed_bank_133_91"
"Nordborg_Atwell_Nature_2010_PID_20336072","40_Aphid_number"
"Nordborg_Atwell_Nature_2010_PID_20336072","41_LN22"
"Nordborg_Atwell_Nature_2010_PID_20336072","42_Bs_CFU2"
"Nordborg_Atwell_Nature_2010_PID_20336072","43_avrRpt2"
"Nordborg_Atwell_Nature_2010_PID_20336072","44_Hypocotyl_length"
"Nordborg_Atwell_Nature_2010_PID_20336072","45_Germ_22"
"Nordborg_Atwell_Nature_2010_PID_20336072","46_Leaf_roll_22"
"Nordborg_Atwell_Nature_2010_PID_20336072","47_SD"
"Nordborg_Atwell_Nature_2010_PID_20336072","48_8W"
"Nordborg_Atwell_Nature_2010_PID_20336072","49_FT_GH"
"Nordborg_Atwell_Nature_2010_PID_20336072","5_Na23"
"Nordborg_Atwell_Nature_2010_PID_20336072","50_DSDS50"
"Nordborg_Atwell_Nature_2010_PID_20336072","51_Ca43"
"Nordborg_Atwell_Nature_2010_PID_20336072","52_LC_Duration_GH"
"Nordborg_Atwell_Nature_2010_PID_20336072","53_0W_GH_FT"
"Nordborg_Atwell_Nature_2010_PID_20336072","54_B11"
"Nordborg_Atwell_Nature_2010_PID_20336072","55_Chlorosis_10"
"Nordborg_Atwell_Nature_2010_PID_20336072","56_RP_GH"
"Nordborg_Atwell_Nature_2010_PID_20336072","57_Chlorosis_16"
"Nordborg_Atwell_Nature_2010_PID_20336072","58_LFS_GH"
"Nordborg_Atwell_Nature_2010_PID_20336072","59_Germ_10"
"Nordborg_Atwell_Nature_2010_PID_20336072","6_Leaf_serr_10"
"Nordborg_Atwell_Nature_2010_PID_20336072","60_Germ_16"
"Nordborg_Atwell_Nature_2010_PID_20336072","61_Anthocyanin_16"
"Nordborg_Atwell_Nature_2010_PID_20336072","62_Anthocyanin_10"
"Nordborg_Atwell_Nature_2010_PID_20336072","63_At1_CFU2"
"Nordborg_Atwell_Nature_2010_PID_20336072","64_Ni60"
"Nordborg_Atwell_Nature_2010_PID_20336072","65_P31"
"Nordborg_Atwell_Nature_2010_PID_20336072","66_Emwa1"
"Nordborg_Atwell_Nature_2010_PID_20336072","67_As75"
"Nordborg_Atwell_Nature_2010_PID_20336072","68_Germ_in_dark"
"Nordborg_Atwell_Nature_2010_PID_20336072","69_FRI"
"Nordborg_Atwell_Nature_2010_PID_20336072","7_Emco5"
"Nordborg_Atwell_Nature_2010_PID_20336072","70_As_CFU2"
"Nordborg_Atwell_Nature_2010_PID_20336072","71_Trichome_avg_C"
"Nordborg_Atwell_Nature_2010_PID_20336072","72_Vern_Growth"
"Nordborg_Atwell_Nature_2010_PID_20336072","73_Mo98"
"Nordborg_Atwell_Nature_2010_PID_20336072","74_Hiks1"
"Nordborg_Atwell_Nature_2010_PID_20336072","75_Anthocyanin_22"
"Nordborg_Atwell_Nature_2010_PID_20336072","76_Zn66"
"Nordborg_Atwell_Nature_2010_PID_20336072","77_Trichome_avg_JA"
"Nordborg_Atwell_Nature_2010_PID_20336072","78_LES"
"Nordborg_Atwell_Nature_2010_PID_20336072","79_Silique_16"
"Nordborg_Atwell_Nature_2010_PID_20336072","8_Leaf_roll_16"
"Nordborg_Atwell_Nature_2010_PID_20336072","80_Emoy"
"Nordborg_Atwell_Nature_2010_PID_20336072","81_K39"
"Nordborg_Atwell_Nature_2010_PID_20336072","82_0W_GH_LN"
"Nordborg_Atwell_Nature_2010_PID_20336072","83_At2"
"Nordborg_Atwell_Nature_2010_PID_20336072","84_At1"
"Nordborg_Atwell_Nature_2010_PID_20336072","85_LN10"
"Nordborg_Atwell_Nature_2010_PID_20336072","86_FT_Field"
"Nordborg_Atwell_Nature_2010_PID_20336072","87_LN16"
"Nordborg_Atwell_Nature_2010_PID_20336072","88_avrB"
"Nordborg_Atwell_Nature_2010_PID_20336072","89_LD"
"Nordborg_Atwell_Nature_2010_PID_20336072","9_Leaf_roll_10"
"Nordborg_Atwell_Nature_2010_PID_20336072","90_Seedling_Growth"
"Nordborg_Atwell_Nature_2010_PID_20336072","91_S34"
"Nordborg_Atwell_Nature_2010_PID_20336072","92_Leaf_serr_22"
"Nordborg_Atwell_Nature_2010_PID_20336072","93_DW"
"Nordborg_Atwell_Nature_2010_PID_20336072","94_Seed_Dormancy"
"Nordborg_Atwell_Nature_2010_PID_20336072","95_Mn55"
"Nordborg_Atwell_Nature_2010_PID_20336072","96_Silique_22"
"Nordborg_Atwell_Nature_2010_PID_20336072","97_avrPphB"
"Nordborg_Atwell_Nature_2010_PID_20336072","98_Fe56"
"Nordborg_Atwell_Nature_2010_PID_20336072","99_8W_GH_FT"
"Nordborg_Horton_PlaCelEnv_2016_PID_27487257","freezing_survival"
"Nordborg_Kerdaffrec_Elife_2016_PID_27966430","294_Germination_rate_21C"
"Nordborg_Kerdaffrec_PlosOne_2017_PID_29281703","315_GR21_warm"
"Nordborg_Kerdaffrec_PlosOne_2017_PID_29281703","316_GR21_cold"
"Nordborg_Kerdaffrec_PlosOne_2017_PID_29281703","320_GR63_warm"
"Nordborg_Kerdaffrec_PlosOne_2017_PID_29281703","325_GR105_cold"
"Nordborg_Kerdaffrec_PlosOne_2017_PID_29281703","326_GR63_cold"
"Nordborg_Long_NatGen_2013_PID_23793030","DNA_content_mean"
"Pecinka_Piofczyk_PlaPhyBioc_2015_PID_25656510","BiomassUV"
"Pecinka_Piofczyk_PlaPhyBioc_2015_PID_25656510","LeafareaUV"
"Pecinka_Piofczyk_PlaPhyBioc_2015_PID_25656510","LeaflengthUV"
"Pico_Manzano-Piedras_PlosOne_2014_PID_24498381","Fitness"
"Pico_Manzano-Piedras_PlosOne_2014_PID_24498381","Flowering_time"
"Pico_Manzano-Piedras_PlosOne_2014_PID_24498381","Fruit_production"
"Pico_Manzano-Piedras_PlosOne_2014_PID_24498381","Germination_10C"
"Pico_Manzano-Piedras_PlosOne_2014_PID_24498381","Germination_22C"
"Pico_Manzano-Piedras_PlosOne_2014_PID_24498381","Germination_30C"
"Pico_Manzano-Piedras_PlosOne_2014_PID_24498381","Number_of_adults"
"Pico_Manzano-Piedras_PlosOne_2014_PID_24498381","Number_of_rosettes"
"Pico_Manzano-Piedras_PlosOne_2014_PID_24498381","Seed_Weight"
"Pieterse_Coolen_Planta_2018_PID_30547240","Bc"
"Pieterse_Coolen_Planta_2018_PID_30547240","Dr_plus_Bc_residuals"
"Pieterse_Coolen_Planta_2018_PID_30547240","Dr_plus_Bc"
"Pieterse_Coolen_Planta_2018_PID_30547240","Pr_plus_Bc_residuals"
"Pieterse_Coolen_Planta_2018_PID_30547240","Pr_plus_Bc"
"Pieterse_Proietti_PlaCelEnv_2018_PID_29852537","log2_PDF1_2_MeJA_and_ABA_vs_PDF1_2_MeJA"
"Pieterse_Proietti_PlaCelEnv_2018_PID_29852537","log2_PDF1_2_MeJA_and_SA_vs_PDF1_2_MeJA"
"Pieterse_Proietti_PlaCelEnv_2018_PID_29852537","log2_PDF1_2_vs_PPA2_MeJA_and_ABA"
"Pieterse_Wintermans_PlaMolBio_2016_PID_26830772","delta_Lateral_root_formation"
"Pieterse_Wintermans_PlaMolBio_2016_PID_26830772","delta_Primary_root_length"
"Pieterse_Wintermans_PlaMolBio_2016_PID_26830772","delta_Shoot_fresh_weight"
"Raffaele_Badet_NewPyhtol_2018_PID_30393937","post_S_sclerotiorum_infection"
"Riha_Fulcher_Genetics_2015_PID_25488978","Telomere_Terminal_restriction_fragments"
"Roby_Debieu_MolPlaPath_2016_PID_26212639","Xcc12824"
"Roby_Debieu_MolPlaPath_2016_PID_26212639","Xcc6943"
"Roby_Huard-Chauveau_PlosGen_2013_PID_24068949","Xanthomonas_campestris_10dpi"
"Roby_Huard-Chauveau_PlosGen_2013_PID_24068949","Xanthomonas_campestris_5dpi"
"Roby_Huard-Chauveau_PlosGen_2013_PID_24068949","Xanthomonas_campestris_7dpi"
"Rouached_Bouain_PlosGen_2018_PID_29608565","grown_on_zinc_deficiency_mean_Total_length_day001"
"Rouached_Bouain_PlosGen_2018_PID_29608565","grown_on_zinc_deficiency_mean_Total_length_day002"
"Rouached_Bouain_PlosGen_2018_PID_29608565","grown_on_zinc_deficiency_mean_Total_length_day003"
"Rouached_Bouain_PlosGen_2018_PID_29608565","grown_on_zinc_deficiency_mean_Total_length_day004"
"Rouached_Bouain_PlosGen_2018_PID_29608565","grown_on_zinc_deficiency_mean_Total_length_day005"
"Rouached_Bouain_PlosGen_2018_PID_29608565","grown_on_zinc_deficiency_mean_Total_length_day006"
"Rouached_Bouain_PlosGen_2018_PID_29608565","grown_on_zinc_deficiency_mean_Total_length_day007"
"Rouached_Bouain_PlosGen_2018_PID_29608565","mean_Total_length_day001"
"Rouached_Bouain_PlosGen_2018_PID_29608565","mean_Total_length_day002"
"Rouached_Bouain_PlosGen_2018_PID_29608565","mean_Total_length_day003"
"Rouached_Bouain_PlosGen_2018_PID_29608565","mean_Total_length_day004"
"Rouached_Bouain_PlosGen_2018_PID_29608565","mean_Total_length_day005"
"Rouached_Bouain_PlosGen_2018_PID_29608565","mean_Total_length_day006"
"Rouached_Bouain_PlosGen_2018_PID_29608565","mean_Total_length_day007"
"Salt_Baxter_PlosGen_2010_PID_21085628","271_Na23"
"Salt_Baxter_PlosOne_2012_PID_22558123","269_Li7"
"Salt_Baxter_PlosOne_2012_PID_22558123","270_B11"
"Salt_Baxter_PlosOne_2012_PID_22558123","272_Mg25"
"Salt_Baxter_PlosOne_2012_PID_22558123","273_P31"
"Salt_Baxter_PlosOne_2012_PID_22558123","274_S34"
"Salt_Baxter_PlosOne_2012_PID_22558123","276_Ca43"
"Salt_Baxter_PlosOne_2012_PID_22558123","277_Mn55"
"Salt_Baxter_PlosOne_2012_PID_22558123","278_Fe57"
"Salt_Baxter_PlosOne_2012_PID_22558123","279_Co59"
"Salt_Baxter_PlosOne_2012_PID_22558123","280_Ni60"
"Salt_Baxter_PlosOne_2012_PID_22558123","281_Cu65"
"Salt_Baxter_PlosOne_2012_PID_22558123","284_Se82"
"Salt_Baxter_PlosOne_2012_PID_22558123","285_Rb85"
"Salt_Busoms_PNAS_2018_PID_30530653","Sodium"
"Salt_Chao_PlosBio_2014_PID_25464340","283_As75"
"Salt_Chao_PlosGen_2012_PID_22969436","287_Cd111"
"Salt_Chao_Science_2013_PID_23887874","275_K39"
"Sasidharan_Vashisht_NewPyhtol_2011_PID_21108648","Weib_all_LT50control"
"Sasidharan_Vashisht_NewPyhtol_2011_PID_21108648","Weib_all_LT50submerged"
"Schmitt_Martinez-Berdeja_PNAS_2020_PID_","base_perc"
"Schmitt_Martinez-Berdeja_PNAS_2020_PID_","d11_10C_perc"
"Schmitt_Martinez-Berdeja_PNAS_2020_PID_","d11_4C_perc"
"Schmitt_Martinez-Berdeja_PNAS_2020_PID_","d15_10C_perc"
"Schmitt_Martinez-Berdeja_PNAS_2020_PID_","d15_4C_perc"
"Schmitt_Martinez-Berdeja_PNAS_2020_PID_","d22_10C_perc"
"Schmitt_Martinez-Berdeja_PNAS_2020_PID_","d22_4C_perc"
"Schmitt_Martinez-Berdeja_PNAS_2020_PID_","d32_10C_perc"
"Schmitt_Martinez-Berdeja_PNAS_2020_PID_","d32_4C_perc"
"Schmitt_Martinez-Berdeja_PNAS_2020_PID_","d4_10C_perc"
"Schmitt_Martinez-Berdeja_PNAS_2020_PID_","d4_4C_perc"
"Schmitt_Martinez-Berdeja_PNAS_2020_PID_","d8_10C_perc"
"Schmitt_Martinez-Berdeja_PNAS_2020_PID_","d8_4C_perc"
"Schmitt_Martinez-Berdeja_PNAS_2020_PID_","DSDS50"
"Schmitt_Martinez-Berdeja_PNAS_2020_PID_","DTbolt"
"Schmitt_Martinez-Berdeja_PNAS_2020_PID_","DTflower"
"Schmitt_Martinez-Berdeja_PNAS_2020_PID_","DTfruit"
"Schmitt_Martinez-Berdeja_PNAS_2020_PID_","DTgerm"
"Schmitt_Martinez-Berdeja_PNAS_2020_PID_","DTharvest"
"Schmitt_Martinez-Berdeja_PNAS_2020_PID_foreditMR","base_perc"
"Schmitt_Martinez-Berdeja_PNAS_2020_PID_foreditMR","d11_10C_perc"
"Schmitt_Martinez-Berdeja_PNAS_2020_PID_foreditMR","d11_4C_perc"
"Schmitt_Martinez-Berdeja_PNAS_2020_PID_foreditMR","d15_10C_perc"
"Schmitt_Martinez-Berdeja_PNAS_2020_PID_foreditMR","d15_4C_perc"
"Schmitt_Martinez-Berdeja_PNAS_2020_PID_foreditMR","d22_10C_perc"
"Schmitt_Martinez-Berdeja_PNAS_2020_PID_foreditMR","d22_4C_perc"
"Schmitt_Martinez-Berdeja_PNAS_2020_PID_foreditMR","d32_10C_perc"
"Schmitt_Martinez-Berdeja_PNAS_2020_PID_foreditMR","d32_4C_perc"
"Schmitt_Martinez-Berdeja_PNAS_2020_PID_foreditMR","d4_10C_perc"
"Schmitt_Martinez-Berdeja_PNAS_2020_PID_foreditMR","d4_4C_perc"
"Schmitt_Martinez-Berdeja_PNAS_2020_PID_foreditMR","d8_10C_perc"
"Schmitt_Martinez-Berdeja_PNAS_2020_PID_foreditMR","d8_4C_perc"
"Schmitt_Martinez-Berdeja_PNAS_2020_PID_foreditMR","DSDS50"
"Schmitt_Martinez-Berdeja_PNAS_2020_PID_foreditMR","DTbolt"
"Schmitt_Martinez-Berdeja_PNAS_2020_PID_foreditMR","DTflower"
"Schmitt_Martinez-Berdeja_PNAS_2020_PID_foreditMR","DTfruit"
"Schmitt_Martinez-Berdeja_PNAS_2020_PID_foreditMR","DTgerm"
"Schmitt_Martinez-Berdeja_PNAS_2020_PID_foreditMR","DTharvest"
"Seo_Yano_PlantJ_2013_PID_23464703","germination_3days"
"Seo_Yano_PlantJ_2013_PID_23464703","germination_7days"
"Siddique_Anwer_JExpBot_2018_PID_29378065","sex_ratio"
"Smant_Warmerdam_NewPyhtol_2018_PID_29468687","number_of_egg_masses"
"Staskawicz_Krasileva_PlosOne_2011_PID_22194907","Cala2_cotyledons"
"Staskawicz_Krasileva_PlosOne_2011_PID_22194907","Cala2_true_leaves"
"Staskawicz_Krasileva_PlosOne_2011_PID_22194907","Emco5_cotyledons"
"Staskawicz_Krasileva_PlosOne_2011_PID_22194907","Emco5_true_leaves"
"Staskawicz_Krasileva_PlosOne_2011_PID_22194907","Emoy2_cotyledons"
"Staskawicz_Krasileva_PlosOne_2011_PID_22194907","Emoy2_true_leaves"
"Staskawicz_Krasileva_PlosOne_2011_PID_22194907","Emwa1_cotyledons"
"Staskawicz_Krasileva_PlosOne_2011_PID_22194907","Emwa1_true_leaves"
"Staskawicz_Krasileva_PlosOne_2011_PID_22194907","Maks9_cotyledons"
"Staskawicz_Krasileva_PlosOne_2011_PID_22194907","Maks9_true_leaves"
"Stracke_Ishihara_JExpBot_2016_PID_26717955","F3GG7R"
"Taji_Katori_JExpBot_2010_PID_20080827","salt_survival_days"
"Testerink_Julkowska_JExpBot_2016_PID_26873976","ANGc_2013"
"Testerink_Julkowska_JExpBot_2016_PID_26873976","ANGLEr_2013"
"Testerink_Julkowska_JExpBot_2016_PID_26873976","ANGs_2013"
"Testerink_Julkowska_JExpBot_2016_PID_26873976","AREAc_2013"
"Testerink_Julkowska_JExpBot_2016_PID_26873976","AREAr_2013"
"Testerink_Julkowska_JExpBot_2016_PID_26873976","AREAs_2013"
"Testerink_Julkowska_JExpBot_2016_PID_26873976","CHLc_2013"
"Testerink_Julkowska_JExpBot_2016_PID_26873976","CHLr_2013"
"Testerink_Julkowska_JExpBot_2016_PID_26873976","CHLs_2013"
"Testerink_Julkowska_JExpBot_2016_PID_26873976","Dry0_2012"
"Testerink_Julkowska_JExpBot_2016_PID_26873976","Dry500_2012"
"Testerink_Julkowska_JExpBot_2016_PID_26873976","Dry500p0_2012"
"Testerink_Julkowska_JExpBot_2016_PID_26873976","DWc_2013"
"Testerink_Julkowska_JExpBot_2016_PID_26873976","DWr_2013"
"Testerink_Julkowska_JExpBot_2016_PID_26873976","DWs_2013"
"Testerink_Julkowska_JExpBot_2016_PID_26873976","Elc_2013"
"Testerink_Julkowska_JExpBot_2016_PID_26873976","Elr_2013"
"Testerink_Julkowska_JExpBot_2016_PID_26873976","Els_2013"
"Testerink_Julkowska_JExpBot_2016_PID_26873976","Fresh_min_Dry0_2012"
"Testerink_Julkowska_JExpBot_2016_PID_26873976","Fresh_min_Dry500_2012"
"Testerink_Julkowska_JExpBot_2016_PID_26873976","Fresh_per_Dry0_2012"
"Testerink_Julkowska_JExpBot_2016_PID_26873976","Fresh_per_dry500_2012"
"Testerink_Julkowska_JExpBot_2016_PID_26873976","Fresh0_2012"
"Testerink_Julkowska_JExpBot_2016_PID_26873976","Fresh500_2012"
"Testerink_Julkowska_JExpBot_2016_PID_26873976","Fresh500p0_2012"
"Testerink_Julkowska_JExpBot_2016_PID_26873976","FWc_2013"
"Testerink_Julkowska_JExpBot_2016_PID_26873976","FWr_2013"
"Testerink_Julkowska_JExpBot_2016_PID_26873976","FWs_2013"
"Testerink_Julkowska_JExpBot_2016_PID_26873976","Surf0_2012"
"Testerink_Julkowska_JExpBot_2016_PID_26873976","Surf500_2012"
"Testerink_Julkowska_JExpBot_2016_PID_26873976","Surf500p0_2012"
"Testerink_Julkowska_JExpBot_2016_PID_26873976","WC500p0_2012"
"Testerink_Julkowska_JExpBot_2016_PID_26873976","WCc_2013"
"Testerink_Julkowska_JExpBot_2016_PID_26873976","WCr_2013"
"Testerink_Julkowska_JExpBot_2016_PID_26873976","WCs_2013"
"Testerink_Julkowska_PlantCell_2017_PID_29114015","salt_0_mM_NaCl_aLRL_vs_MRL"
"Testerink_Julkowska_PlantCell_2017_PID_29114015","salt_0_mM_NaCl_Apical"
"Testerink_Julkowska_PlantCell_2017_PID_29114015","salt_0_mM_NaCl_Basal"
"Testerink_Julkowska_PlantCell_2017_PID_29114015","salt_0_mM_NaCl_Branched"
"Testerink_Julkowska_PlantCell_2017_PID_29114015","salt_0_mM_NaCl_Depth"
"Testerink_Julkowska_PlantCell_2017_PID_29114015","salt_0_mM_NaCl_LRD_vs_BZ"
"Testerink_Julkowska_PlantCell_2017_PID_29114015","salt_0_mM_NaCl_LRD_vs_MR"
"Testerink_Julkowska_PlantCell_2017_PID_29114015","salt_0_mM_NaCl_LRL_vs_MRL"
"Testerink_Julkowska_PlantCell_2017_PID_29114015","salt_0_mM_NaCl_LRL_vs_noLR"
"Testerink_Julkowska_PlantCell_2017_PID_29114015","salt_0_mM_NaCl_LRL"
"Testerink_Julkowska_PlantCell_2017_PID_29114015","salt_0_mM_NaCl_MRL_vs_TRS"
"Testerink_Julkowska_PlantCell_2017_PID_29114015","salt_0_mM_NaCl_MRL"
"Testerink_Julkowska_PlantCell_2017_PID_29114015","salt_0_mM_NaCl_MRVA"
"Testerink_Julkowska_PlantCell_2017_PID_29114015","salt_0_mM_NaCl_MRVL"
"Testerink_Julkowska_PlantCell_2017_PID_29114015","salt_0_mM_NaCl_noLRpMR"
"Testerink_Julkowska_PlantCell_2017_PID_29114015","salt_0_mM_NaCl_PC1"
"Testerink_Julkowska_PlantCell_2017_PID_29114015","salt_0_mM_NaCl_PC2"
"Testerink_Julkowska_PlantCell_2017_PID_29114015","salt_0_mM_NaCl_PC3"
"Testerink_Julkowska_PlantCell_2017_PID_29114015","salt_0_mM_NaCl_Straightness"
"Testerink_Julkowska_PlantCell_2017_PID_29114015","salt_0_mM_NaCl_TRS"
"Testerink_Julkowska_PlantCell_2017_PID_29114015","salt_125_mM_NaCl_aLRL_vs_MRL"
"Testerink_Julkowska_PlantCell_2017_PID_29114015","salt_125_mM_NaCl_Apical"
"Testerink_Julkowska_PlantCell_2017_PID_29114015","salt_125_mM_NaCl_Basal"
"Testerink_Julkowska_PlantCell_2017_PID_29114015","salt_125_mM_NaCl_Branched"
"Testerink_Julkowska_PlantCell_2017_PID_29114015","salt_125_mM_NaCl_Depth"
"Testerink_Julkowska_PlantCell_2017_PID_29114015","salt_125_mM_NaCl_LRD_vs_BZ"
"Testerink_Julkowska_PlantCell_2017_PID_29114015","salt_125_mM_NaCl_LRD_vs_MR"
"Testerink_Julkowska_PlantCell_2017_PID_29114015","salt_125_mM_NaCl_LRL_vs_MRL"
"Testerink_Julkowska_PlantCell_2017_PID_29114015","salt_125_mM_NaCl_LRL_vs_noLR"
"Testerink_Julkowska_PlantCell_2017_PID_29114015","salt_125_mM_NaCl_LRL"
"Testerink_Julkowska_PlantCell_2017_PID_29114015","salt_125_mM_NaCl_MRL_vs_TRS"
"Testerink_Julkowska_PlantCell_2017_PID_29114015","salt_125_mM_NaCl_MRL"
"Testerink_Julkowska_PlantCell_2017_PID_29114015","salt_125_mM_NaCl_MRVA"
"Testerink_Julkowska_PlantCell_2017_PID_29114015","salt_125_mM_NaCl_MRVL"
"Testerink_Julkowska_PlantCell_2017_PID_29114015","salt_125_mM_NaCl_noLRpMR"
"Testerink_Julkowska_PlantCell_2017_PID_29114015","salt_125_mM_NaCl_PC1"
"Testerink_Julkowska_PlantCell_2017_PID_29114015","salt_125_mM_NaCl_PC2"
"Testerink_Julkowska_PlantCell_2017_PID_29114015","salt_125_mM_NaCl_PC3"
"Testerink_Julkowska_PlantCell_2017_PID_29114015","salt_125_mM_NaCl_Straightness"
"Testerink_Julkowska_PlantCell_2017_PID_29114015","salt_125_mM_NaCl_TRS"
"Testerink_Julkowska_PlantCell_2017_PID_29114015","salt_75_mM_NaCl_aLRL_vs_MRL"
"Testerink_Julkowska_PlantCell_2017_PID_29114015","salt_75_mM_NaCl_Apical"
"Testerink_Julkowska_PlantCell_2017_PID_29114015","salt_75_mM_NaCl_Basal"
"Testerink_Julkowska_PlantCell_2017_PID_29114015","salt_75_mM_NaCl_Branched"
"Testerink_Julkowska_PlantCell_2017_PID_29114015","salt_75_mM_NaCl_Depth"
"Testerink_Julkowska_PlantCell_2017_PID_29114015","salt_75_mM_NaCl_LRD_vs_BZ"
"Testerink_Julkowska_PlantCell_2017_PID_29114015","salt_75_mM_NaCl_LRD_vs_MR"
"Testerink_Julkowska_PlantCell_2017_PID_29114015","salt_75_mM_NaCl_LRL_vs_MRL"
"Testerink_Julkowska_PlantCell_2017_PID_29114015","salt_75_mM_NaCl_LRL_vs_noLR"
"Testerink_Julkowska_PlantCell_2017_PID_29114015","salt_75_mM_NaCl_LRL"
"Testerink_Julkowska_PlantCell_2017_PID_29114015","salt_75_mM_NaCl_MRL_vs_TRS"
"Testerink_Julkowska_PlantCell_2017_PID_29114015","salt_75_mM_NaCl_MRL"
"Testerink_Julkowska_PlantCell_2017_PID_29114015","salt_75_mM_NaCl_MRVA"
"Testerink_Julkowska_PlantCell_2017_PID_29114015","salt_75_mM_NaCl_MRVL"
"Testerink_Julkowska_PlantCell_2017_PID_29114015","salt_75_mM_NaCl_noLRpMR"
"Testerink_Julkowska_PlantCell_2017_PID_29114015","salt_75_mM_NaCl_PC1"
"Testerink_Julkowska_PlantCell_2017_PID_29114015","salt_75_mM_NaCl_PC2"
"Testerink_Julkowska_PlantCell_2017_PID_29114015","salt_75_mM_NaCl_PC3"
"Testerink_Julkowska_PlantCell_2017_PID_29114015","salt_75_mM_NaCl_Straightness"
"Testerink_Julkowska_PlantCell_2017_PID_29114015","salt_75_mM_NaCl_TRS"
"Usadel_Voiniciuc_FronPlaSci_2016_PID_27375657","RR_stained_mucilage_area"
"Vasseur_2018_PNAS_PID_29540570","Fruit_number"
"Vasseur_2018_PNAS_PID_29540570","Growth_rate"
"Vasseur_2018_PNAS_PID_29540570","RGR"
"Vasseur_2018_PNAS_PID_29540570","rosette_DM"
"Verslues_Kalladan_PNAS_2017_PID_29073083","ABA_96h_low_water_potential"
"Vosman_Broekgaarden_PlosOne_2015_PID_26699853","Oviposition_rate_eggs_female"
"Vosman_Broekgaarden_PlosOne_2015_PID_26699853","Survival"
"Vreugdenhil_Bac-Molenaar_PlaCelEnv_2016_PID_26138664","A0"
"Vreugdenhil_Bac-Molenaar_PlaCelEnv_2016_PID_26138664","drought_A0"
"Vreugdenhil_Bac-Molenaar_PlaCelEnv_2016_PID_26138664","drought_Fresh_Weight_28"
"Vreugdenhil_Bac-Molenaar_PlaCelEnv_2016_PID_26138664","drought_projected_leaf_area_day_11"
"Vreugdenhil_Bac-Molenaar_PlaCelEnv_2016_PID_26138664","drought_projected_leaf_area_day_14"
"Vreugdenhil_Bac-Molenaar_PlaCelEnv_2016_PID_26138664","drought_projected_leaf_area_day_16"
"Vreugdenhil_Bac-Molenaar_PlaCelEnv_2016_PID_26138664","drought_projected_leaf_area_day_18"
"Vreugdenhil_Bac-Molenaar_PlaCelEnv_2016_PID_26138664","drought_projected_leaf_area_day_20"
"Vreugdenhil_Bac-Molenaar_PlaCelEnv_2016_PID_26138664","drought_projected_leaf_area_day_22"
"Vreugdenhil_Bac-Molenaar_PlaCelEnv_2016_PID_26138664","drought_projected_leaf_area_day_24"
"Vreugdenhil_Bac-Molenaar_PlaCelEnv_2016_PID_26138664","drought_projected_leaf_area_day_25"
"Vreugdenhil_Bac-Molenaar_PlaCelEnv_2016_PID_26138664","drought_projected_leaf_area_day_26"
"Vreugdenhil_Bac-Molenaar_PlaCelEnv_2016_PID_26138664","drought_projected_leaf_area_day_27"
"Vreugdenhil_Bac-Molenaar_PlaCelEnv_2016_PID_26138664","drought_projected_leaf_area_day_28"
"Vreugdenhil_Bac-Molenaar_PlaCelEnv_2016_PID_26138664","drought_projected_leaf_area_day_8"
"Vreugdenhil_Bac-Molenaar_PlaCelEnv_2016_PID_26138664","drought_r"
"Vreugdenhil_Bac-Molenaar_PlaCelEnv_2016_PID_26138664","drought_Relative_Water_Content_24"
"Vreugdenhil_Bac-Molenaar_PlaCelEnv_2016_PID_26138664","drought_Water_Content_24"
"Vreugdenhil_Bac-Molenaar_PlaCelEnv_2016_PID_26138664","Fresh_Weight_28"
"Vreugdenhil_Bac-Molenaar_PlaCelEnv_2016_PID_26138664","projected_leaf_area_day_11"
"Vreugdenhil_Bac-Molenaar_PlaCelEnv_2016_PID_26138664","projected_leaf_area_day_14"
"Vreugdenhil_Bac-Molenaar_PlaCelEnv_2016_PID_26138664","projected_leaf_area_day_16"
"Vreugdenhil_Bac-Molenaar_PlaCelEnv_2016_PID_26138664","projected_leaf_area_day_18"
"Vreugdenhil_Bac-Molenaar_PlaCelEnv_2016_PID_26138664","projected_leaf_area_day_20"
"Vreugdenhil_Bac-Molenaar_PlaCelEnv_2016_PID_26138664","projected_leaf_area_day_22"
"Vreugdenhil_Bac-Molenaar_PlaCelEnv_2016_PID_26138664","projected_leaf_area_day_24"
"Vreugdenhil_Bac-Molenaar_PlaCelEnv_2016_PID_26138664","projected_leaf_area_day_25"
"Vreugdenhil_Bac-Molenaar_PlaCelEnv_2016_PID_26138664","projected_leaf_area_day_26"
"Vreugdenhil_Bac-Molenaar_PlaCelEnv_2016_PID_26138664","projected_leaf_area_day_27"
"Vreugdenhil_Bac-Molenaar_PlaCelEnv_2016_PID_26138664","projected_leaf_area_day_28"
"Vreugdenhil_Bac-Molenaar_PlaCelEnv_2016_PID_26138664","projected_leaf_area_day_8"
"Vreugdenhil_Bac-Molenaar_PlaCelEnv_2016_PID_26138664","r"
"Vreugdenhil_Bac-Molenaar_PlaCelEnv_2016_PID_26138664","Relative_Water_Content_24"
"Vreugdenhil_Bac-Molenaar_PlaCelEnv_2016_PID_26138664","Water_Content_24"
"Weigel_Exposito-Alonso_NatEcoEvo_2018_PID_29255303","drought_index"
"Weigel_Exposito-Alonso_NatEcoEvo_2018_PID_29255303","Survival_insitu_Madrid"
"Weigel_Exposito-Alonso_NatEcoEvo_2018_PID_29255303","Survival_insitu_Tubingen"
"Yanagisawa_Sakuraba_NatPlants_2018_PID_30518831","Pi_uptake_under_Pi_deficient_conditions"
"Yanagisawa_Sakuraba_NatPlants_2018_PID_30518831","Pi_uptake_under_Pi_sufficient_conditions"
