id	FT16	DSDS10	X116_DTFplantingSummerLocSweden2009	X118_DTFlocSweden2009	X120_DTFplantingLoc2008	Average_root_width_day001	Euclidian_length_day001	Relative_root_growth_rate_day001.day002	Relative_root_growth_rate_day004.day005	Root_angle_day001	Root_angle_day003	Root_directional_equivalent_day002	Root_growth_rate_day004.day005	Root_linearity_avg	Root_linearity_day001	Root_linearity_day002	Root_tortuosity_day003	Root_tortuosity_day005	Root_width_100_day001	Root_width_100_day004	Root_width_100_day005	Root_width_40_day002	FT_tli	FT_tlp	RosetteArea_mild_drought	RosetteArea_well_watered	StomatalIndex_mild_drought	StomatalIndex_well_watered	RGRav	RGRbv	leucine_exp1	proline_exp1	rhamnose_1_exp2	Delta_13C	stomata_density	stomatasize	First_leaf_area	Stomatal_density_in_cotyledon	Stomatal_density_in_first_leaf	Stomatal_index_in_first_leaf	X29_FLC	X32_FT_Duration_GH	X39_After_Vern_Growth	X45_Germ_22	X59_Germ_10	X6_Leaf_serr_10	X60_Germ_16	X68_Germ_in_dark	X69_FRI	X72_Vern_Growth	X77_Trichome_avg_JA	X90_Seedling_Growth	X92_Leaf_serr_22	X94_Seed_Dormancy	X294_Germination_rate_21C	Germination_22C	Germination_30C	d8_10C_perc	DTgerm	germination_3days	Growth_rate	RGR	ABA_96h_low_water_potential	drought_index
88	50.5	177.440425969663	9.3610656	1.68307992999989	7.35778738000001	4.79864336188	127.5776022892	1.21859584032	0.26972318469	-1.62936857528	-2.11420958446	0.32551930534	147.531845835	0.60851939745	0.63993573403	0.57728787641	1.10196535928	1.09504778535	4.0864773771	3.96888052219	4.09981188234	4.36243293738	161.148022281578	165.263095833342	246.862727006	674.902952372	43.491364	46.825424	0.13872225642	0.27972781958	2.46454950856491	5.67138826903913	7.88483092505248	-35.6947313016009	134.083386243383	108.942966393899	26.012	33.1155	56.0277	22.0441	1.21586	22.09852	0.085431618	2.08	5.85	0.67	3.01	63.19501472	0.988637	0.0034395243	41.303	0.0077969633	0.8	47.6	31.93849717761	0.678387959433787	0.183020003008939	60.95238095	2	41.237	4.7686	100.4288787	87.862	-4.43140167380953e-05
108	52.25	140.02643311828	10.1098424	-2.88897510000011	6.42954865000001	4.77661462617	132.4337264884	1.19176063632	0.265515144	-2.02923556745	-3.4356771963	0.32238269567	155.759170216	0.6113822876	0.62653258856	0.57726047774	1.10064166563	1.09607464773	4.08566274098	3.98458358084	4.09718153898	4.32480829007	162.552257314552	165.649511508911	248.123724439	666.567084434	44.713929	47.217792	0.14706227156	0.27993551628	2.46696047594065	5.83299521186411	8.09577188877943	-36.3892647571292	130.712089947083	111.115255222528	25.288	35.5409	59.7688999999999	21.9655	0.721190000000001	21.448964	0.091343684	2.04	5.76	0.7075	3.03	59.17079548	0.947337	0.0034730729	38.942	0.0076228923	0.825	33.76	54.00815286137	0.732962320261438	0.263931055226636	54.80769231	5	37.75	4.769754098	107.9880619	92.624	-5.53603526666667e-05
139	52.75	113.868683942455	10.813581	-0.98922937	6.35638734000001	4.78393443709	134.990325027	1.13741523017	0.26513820107	-1.5730124007	-3.09775393022	0.3205862524	154.642274557	0.61092654727	0.63124196489	0.58728361344	1.10061300864	1.09584706066	4.11085391279	4.00968883799	4.09758370707	4.33529537914	163.159179228857	166.60997222325	248.009610472	668.779812006	44.240996	48.133608	0.14916114115	0.28163790311	2.5909825321981	5.91739807954054	8.30349507633205	-36.828740517	173.3333333333	96.3193726241	25.183	36.1369	60.662	22.0898	0.5718	21.455537	0.088220593	2.05	5.85	0.7125	3.03	56.9913613	1.042551	0.00339153684	38.604	0.0077405754	0.82	27.76	59.98174075227	0.723928986928105	0.328868716842798	69.56521739	3	38.677	4.96559322	141.749513	84.746	-9.88554911278196e-05
159	56.75	125.673864712032	10.494095	-0.968214640000107	6.04927547	4.76740681822	140.653876132	1.10117062574	0.26555367105	-1.54430958446	-4.02180633799	0.32286359414	155.520233303	0.60899158151	0.61625680641	0.58637314549	1.10304168462	1.0983037071	4.10534417963	4.0695326586	4.1022965716	4.32932730045	161.4	167	259.600820385	666.635420452	44.294588	46.795229	0.14791081056	0.28478648378	2.97090135267703	6.28932142961195	8.30096666137417	-35.9734225746922	133.852645502641	111.8562485053	25.683	37.1536	59.3085	21.9806	0.59088	21.835805	0.091049114	2.07	5.75	0.7025	3.06	50.98897778	0.957636	0.00354319154	40.906	0.0078670264	0.79	22.22	62.78694111776	0.672935322546267	0.363239747686953	89.47044335	2	39.926	7.634036697	121.8254113	87.915	-0.000591739
265	47.25	185.975432661777	9.7299311	-1.59308282000032	5.09705435	4.76238442921	131.5476424374	1.22798871864	0.26490826385	-2.63583569488	-3.68742723352	0.31947112049	152.52367875	0.60438191506	0.63362325032	0.57200288665	1.10400377029	1.09731223926	4.05124896904	3.9729379733	4.11193330757	4.34534955789	159.1666667	168	234.145247821	670.84079722	43.565719	45.788336	0.14636000626	0.28408260969	2.41343226159213	5.37512796641094	7.94216991958708	-36.1330300216943	126.000617283943	113.008627841879	25.882	31.196	56.7567	21.9248	1.10487	21.433573	0.092405127	2.1	5.62	0.665	3.03	60.24297478	0.88395	0.00390239757	39.656	0.0078048451	0.84	53.84	43.9415089237	0.661819309121213	0.151635875555254	27.42857143	3	51.341	2.714395604	118.3253041	94.408	0.000371342
350	51.5	148.864601059621	10.3638586	0.491457559999679	4.15988593	4.77432813403	131.1430344569	1.2371002286	0.26640114974	-1.92858352797	-3.22241500686	0.3214924782	154.0842577539	0.60450085755	0.62776033393	0.57949254674	1.10046837369	1.0972046415	4.05608344775	3.99085084209	4.10613167852	4.3551333427	160.745178050727	165.476268799629	251.09330548	666.195492313	43.204527	45.281125	0.14373211581	0.28285449549	2.37045813755683	5.33450128415831	7.92696436275159	-36.0846637040498	131.57153198653	111.31083848024	25.772	31.4458	55.3770999999999	21.6746	1.08774	22.079416	0.089606216	2.05	5.83	0.68	3.04	62.48576022	0.905747	0.0037160262	39.53	0.0078097353	0.8425	53.76	27.72933229989	0.602765224507051	0.0436038187588021	13.92307692	2	41.102	6.32944837330689	134.769816216706	94.317	2.10216079394073e-05
351	65.33333333	122.749487480661	10.3104547	-3.35293147000011	5.82919692	4.77366811015	136.411526802	1.11914643452	0.26633334642	-1.88030255488	-3.87123089848	0.32130863296	156.370530288	0.6148514821	0.62834796605	0.59188033821	1.10245613698	1.0974779237	4.10630714866	4.01847951446	4.09968481508	4.33808584559	163.232608215271	167.042073325199	245.375903388	677.427719973	44.592873	47.000363	0.14756772469	0.28533380134	2.67160203825548	6.30878334900803	8.35666254888686	-36.5823097722237	124.167962962962	114.30650117317	24.03	37.3628	59.6132999999999	22.0087	0.63547	21.567411	0.091285479	2.09	5.73	0.7025	3.05	53.26948258	0.928953	0.00349724685	37.84	0.0077527055	0.8025	28.16	60.11214009997	0.765165668214654	0.353421213956795	80.05997001	2	40.287	6.43476676459503	126.484049910142	86.855	-9.79597852230576e-05
403	54.25	107.190917222222	10.8552076	0.172870329999893	6.32674878000001	4.75737395013	137.0610417694	1.15505696463	0.27100470618	-1.87187506717	-3.98537952295	0.32502677477	153.9760512529	0.61514826582	0.61586932665	0.5891377174	1.10402184419	1.09566060454	4.12153947922	4.04553433635	4.10881591854	4.35110439181	157.6	166.5	250.28623907	673.35592925	44.369877	45.864688	0.14816419301	0.28625785725	3.14194609329766	6.20723365487595	8.38561948911262	-36.200170847441	130.448518518514	110.744090508126	26.073	35.6008	59.1274	22.3111	0.73012	22.053758	0.089550882	2.14	5.8	0.65	3.05	54.60484438	0.93535	0.00358120746	41.464	0.007950647	0.8075	24.38	67.18975049506	0.655988287087745	0.292835438131313	100	2	45.313	7.94176191945915	125.585462939383	81.563	-0.000291265938
410	65.25	130.345580813995	10.3680339	-1.77634545000011	6.39444996	4.77041276238	139.901120559	1.1050100588	0.26758691559	-2.19760080295	-3.80877317002	0.32118769875	155.264482732	0.61241686794	0.61660501595	0.57838397974	1.10391944152	1.09657064418	4.10446205228	4.03255116322	4.10411470781	4.33514957045	162.559065689214	167.147968063129	240.370686841	660.535291139	44.120619	46.667555	0.14697574396	0.28566483448	2.79581273796316	6.31831611230223	8.36396597495976	-36.9744424629	110	104.6277	24.713	37.2517	60.5625	21.9159	0.57641	21.831928	0.088260118	2.06	5.77	0.7075	3.09	56.53461504	0.86688	0.00361705264	38.083	0.0078326847	0.8075	26.43	65.3969821810233	0.748328363481939	0.396505213956795	94.4683908	2	54.137	4.124888889	114.4366341	86.659	-0.000234308800571429
424	68.25	84.2235595238095	9.8520269	-0.37867177	6.68525716000001	4.75156832213	136.2577393749	1.11174052137	0.26839649369	-1.97591770749	-3.6406523957	0.32639458713	154.542583604	0.60753363909	0.63773314449	0.59705335628	1.10335844891	1.09679929117	4.1724004412	4.06446291946	4.10017990809	4.35230520951	164.506254897009	167.647888889917	309.052611318	693.29560438	44.267088	45.803293	0.14746991244	0.2913206668	2.78040007889399	6.70119301123037	8.41799756407883	-35.764669408139	124.794391534391	113.475519254062	26.625	36.0059	59.609	22.3964	0.96412	25.369727	0.09217748	2.13	5.95	0.635	3.06	51.10120134	1.323972	0.00405269749	41.77	0.0082371958	0.76	17.11	79.0636658620633	0.811661389414507	0.330341761575842	100	2	33.709	9.61276925732203	120.739393498733	80.476	-0.000148737078333333
428	59	142.572929323818	11.1390231	-2.03661334000011	4.81154971	4.79411970721	134.5974592428	1.19259017449	0.26333577948	-1.79498947202	-3.28400540948	0.32084468114	157.230821056	0.60952647385	0.63458637123	0.59008330613	1.10283298021	1.09576888146	4.10052633974	4.00733990495	4.09943315037	4.34736065033	163.095899170606	165.7163397994	257.286153702	669.613151868	44.092535	46.127222	0.14557854981	0.28152856928	2.5278243678053	5.88632720011497	8.15405937686936	-36.2030190173225	128.973253968253	111.326123530173	25.756	34.3315	58.6185	21.9406	0.87381	21.763266	0.0891701639999999	2.07	5.85	0.725	3.06	60.30546198	0.983343	0.00380114407	38.125	0.0077477128	0.835	34.88	49.28136426023	0.733340600324044	0.159708714279714	60.85858586	2	41.135	4.255208333	112.1967355	96.711	-6.61709649047619e-05
430	55	116.646820557584	11.3917351	0.78018257	7.3763432	4.79025032046	142.4423458975	1.09760623444	0.26326729666	-0.23989584989	-3.5598314085	0.32885337344	147.241181104	0.60883462496	0.62524632659	0.58182159026	1.11028931245	1.10426402151	4.07577004278	3.99277064364	4.09227594514	4.38803135581	163.159175217481	166.823960318752	273.809622103	691.213455982	43.713572	46.205865	0.158824748	0.305773765	2.70104480493335	6.0390978568809	8.38910269541826	-36.6303807441	120	106.1486	26.418	32.1237	56.6713	21.4588	1.05307	23.895054	0.089545377	2.16	5.98	0.7775	3.1	49.36998998	1.246186	0.00351861724	39.478	0.0081332421	0.935	25.03	59.13398403401	0.735547240896359	0.405904239028945	87.07142857	2	90.7	5.854117647	133.309835	55	-0.0001882200095
470	78.3863311185436	99.0745325641026	10.5211859	1.71890297999989	5.24635083	4.77676436626	129.2953298595	1.19457908505	0.26968713297	-1.53969773401	-2.72425368651	0.32115087626	162.61753019	0.60575268617	0.63509928693	0.60260059875	1.1015927525	1.09547484142	4.14044352253	4.02252016843	4.08566783031	4.3616855372	164.061963305985	167.367916436831	321.576204875	728.763206065	42.520963	45.51227	0.14717767547	0.28246515973	2.37852347732046	5.94564651865589	7.84333694581351	-35.9973986392421	123.123349366679	115.244512109639	26.795	32.2865	57.9898	22.2716	0.96597	25.502671	0.089061313	2.07	6	0.6375	3.05	62.99844198	1.251512	0.00394715557	41.271	0.0080058094	0.805	33.1	51.38931718221	0.866512205011191	0.254702330001411	62.547382595104	2.08	27.54	8.80456371427911	122.856502243989	94.3069999999999	5.59328612121213e-06
476	78.3863311185436	99.0745325641026	10.5211859	1.71890297999989	5.24635083	4.77676436626	129.2953298595	1.19457908505	0.26968713297	-1.53969773401	-2.72425368651	0.32115087626	162.61753019	0.60575268617	0.63509928693	0.60260059875	1.1015927525	1.09547484142	4.14044352253	4.02252016843	4.08566783031	4.3616855372	164.061963305985	167.367916436831	321.576204875	728.763206065	42.520963	45.51227	0.14717767547	0.28246515973	2.37852347732046	5.94564651865589	7.84333694581351	-35.9973986392421	123.123349366679	115.244512109639	26.795	32.2865	57.9898	22.2716	0.96597	25.502671	0.089061313	2.07	6	0.6375	3.05	62.99844198	1.251512	0.00394715557	41.271	0.0080058094	0.805	33.1	51.38931718221	0.866512205011191	0.254702330001411	62.547382595104	2.08	27.54	8.80456371427911	122.856502243989	94.3069999999999	5.59328612121213e-06
484	78.3863311185436	99.0745325641026	10.5211859	1.71890297999989	5.24635083	4.77676436626	129.2953298595	1.19457908505	0.26968713297	-1.53969773401	-2.72425368651	0.32115087626	162.61753019	0.60575268617	0.63509928693	0.60260059875	1.1015927525	1.09547484142	4.14044352253	4.02252016843	4.08566783031	4.3616855372	164.061963305985	167.367916436831	321.576204875	728.763206065	42.520963	45.51227	0.14717767547	0.28246515973	2.37852347732046	5.94564651865589	7.84333694581351	-35.9973986392421	123.123349366679	115.244512109639	26.795	32.2865	57.9898	22.2716	0.96597	25.502671	0.089061313	2.07	6	0.6375	3.05	62.99844198	1.251512	0.00394715557	41.271	0.0080058094	0.805	33.1	51.38931718221	0.866512205011191	0.254702330001411	62.547382595104	2.08	27.54	8.80456371427911	122.856502243989	94.3069999999999	5.59328612121213e-06
504	78.3863311185436	99.0745325641026	10.5211859	1.71890297999989	5.24635083	4.77676436626	129.2953298595	1.19457908505	0.26968713297	-1.53969773401	-2.72425368651	0.32115087626	162.61753019	0.60575268617	0.63509928693	0.60260059875	1.1015927525	1.09547484142	4.14044352253	4.02252016843	4.08566783031	4.3616855372	164.061963305985	167.367916436831	321.576204875	728.763206065	42.520963	45.51227	0.14717767547	0.28246515973	2.37852347732046	5.94564651865589	7.84333694581351	-35.9973986392421	123.123349366679	115.244512109639	26.795	32.2865	57.9898	22.2716	0.96597	25.502671	0.089061313	2.07	6	0.6375	3.05	62.99844198	1.251512	0.00394715557	41.271	0.0080058094	0.805	33.1	51.38931718221	0.866512205011191	0.254702330001411	62.547382595104	2.08	27.54	8.80456371427911	122.856502243989	94.3069999999999	5.59328612121213e-06
506	78.3863311185436	99.0745325641026	10.5211859	1.71890297999989	5.24635083	4.77676436626	129.2953298595	1.19457908505	0.26968713297	-1.53969773401	-2.72425368651	0.32115087626	162.61753019	0.60575268617	0.63509928693	0.60260059875	1.1015927525	1.09547484142	4.14044352253	4.02252016843	4.08566783031	4.3616855372	164.061963305985	167.367916436831	321.576204875	728.763206065	42.520963	45.51227	0.14717767547	0.28246515973	2.37852347732046	5.94564651865589	7.84333694581351	-35.9973986392421	123.123349366679	115.244512109639	26.795	32.2865	57.9898	22.2716	0.96597	25.502671	0.089061313	2.07	6	0.6375	3.05	62.99844198	1.251512	0.00394715557	41.271	0.0080058094	0.805	33.1	51.38931718221	0.866512205011191	0.254702330001411	62.547382595104	2.08	27.54	8.80456371427911	122.856502243989	94.3069999999999	5.59328612121213e-06
531	78.3863311185436	99.0745325641026	10.5211859	1.71890297999989	5.24635083	4.77676436626	129.2953298595	1.19457908505	0.26968713297	-1.53969773401	-2.72425368651	0.32115087626	162.61753019	0.60575268617	0.63509928693	0.60260059875	1.1015927525	1.09547484142	4.14044352253	4.02252016843	4.08566783031	4.3616855372	164.061963305985	167.367916436831	321.576204875	728.763206065	42.520963	45.51227	0.14717767547	0.28246515973	2.37852347732046	5.94564651865589	7.84333694581351	-35.9973986392421	123.123349366679	115.244512109639	26.795	32.2865	57.9898	22.2716	0.96597	25.502671	0.089061313	2.07	6	0.6375	3.05	62.99844198	1.251512	0.00394715557	41.271	0.0080058094	0.805	33.1	51.38931718221	0.866512205011191	0.254702330001411	62.547382595104	2.08	27.54	8.80456371427911	122.856502243989	94.3069999999999	5.59328612121213e-06
544	78.3863311185436	99.0745325641026	10.5211859	1.71890297999989	5.24635083	4.77676436626	129.2953298595	1.19457908505	0.26968713297	-1.53969773401	-2.72425368651	0.32115087626	162.61753019	0.60575268617	0.63509928693	0.60260059875	1.1015927525	1.09547484142	4.14044352253	4.02252016843	4.08566783031	4.3616855372	164.061963305985	167.367916436831	321.576204875	728.763206065	42.520963	45.51227	0.14717767547	0.28246515973	2.37852347732046	5.94564651865589	7.84333694581351	-35.9973986392421	123.123349366679	115.244512109639	26.795	32.2865	57.9898	22.2716	0.96597	25.502671	0.089061313	2.07	6	0.6375	3.05	62.99844198	1.251512	0.00394715557	41.271	0.0080058094	0.805	33.1	51.38931718221	0.866512205011191	0.254702330001411	62.547382595104	2.08	27.54	8.80456371427911	122.856502243989	94.3069999999999	5.59328612121213e-06
546	78.3863311185436	99.0745325641026	10.5211859	1.71890297999989	5.24635083	4.77676436626	129.2953298595	1.19457908505	0.26968713297	-1.53969773401	-2.72425368651	0.32115087626	162.61753019	0.60575268617	0.63509928693	0.60260059875	1.1015927525	1.09547484142	4.14044352253	4.02252016843	4.08566783031	4.3616855372	164.061963305985	167.367916436831	321.576204875	728.763206065	42.520963	45.51227	0.14717767547	0.28246515973	2.37852347732046	5.94564651865589	7.84333694581351	-35.9973986392421	123.123349366679	115.244512109639	26.795	32.2865	57.9898	22.2716	0.96597	25.502671	0.089061313	2.07	6	0.6375	3.05	62.99844198	1.251512	0.00394715557	41.271	0.0080058094	0.805	33.1	51.38931718221	0.866512205011191	0.254702330001411	62.547382595104	2.08	27.54	8.80456371427911	122.856502243989	94.3069999999999	5.59328612121213e-06
628	78.3863311185436	99.0745325641026	10.5211859	1.71890297999989	5.24635083	4.77676436626	129.2953298595	1.19457908505	0.26968713297	-1.53969773401	-2.72425368651	0.32115087626	162.61753019	0.60575268617	0.63509928693	0.60260059875	1.1015927525	1.09547484142	4.14044352253	4.02252016843	4.08566783031	4.3616855372	164.061963305985	167.367916436831	321.576204875	728.763206065	42.520963	45.51227	0.14717767547	0.28246515973	2.37852347732046	5.94564651865589	7.84333694581351	-35.9973986392421	123.123349366679	115.244512109639	26.795	32.2865	57.9898	22.2716	0.96597	25.502671	0.089061313	2.07	6	0.6375	3.05	62.99844198	1.251512	0.00394715557	41.271	0.0080058094	0.805	33.1	51.38931718221	0.866512205011191	0.254702330001411	62.547382595104	2.08	27.54	8.80456371427911	122.856502243989	94.3069999999999	5.59328612121213e-06
630	58.75	91.9477131953014	10.4791586	0.350566279999893	5.53543848	4.79002747321	130.2632675013	1.17598794975	0.2673802309	-1.99451441479	-3.04636639545	0.32328918763	157.834063077	0.60959944945	0.63050922878	0.59648525845	1.10046870997	1.09591937563	4.1143501085	4.01423624681	4.07137471259	4.35113385906	163.231750641817	167.003767265011	296.665927752	684.553629501	44.366141	47.11085	0.1476967007	0.28309713004	2.42562490228205	5.92186842379767	7.94862306064271	-36.2297770797547	124.834497354496	115.521381539978	26.152	32.6665	57.9859999999999	22.084	0.87725	22.749925	0.090724067	2.07	5.78	0.6425	3.04	62.38076594	1.099747	0.00386396866	40.244	0.0077796454	0.7975	34.87	49.47446762471	0.823576843169085	0.245909680341547	61.7485835730378	2.09	29.624	7.56140866232896	122.329060517083	94.1369999999999	-8.89039938571429e-05
680	78.3863311185436	99.0745325641026	10.5211859	1.71890297999989	5.24635083	4.77676436626	129.2953298595	1.19457908505	0.26968713297	-1.53969773401	-2.72425368651	0.32115087626	162.61753019	0.60575268617	0.63509928693	0.60260059875	1.1015927525	1.09547484142	4.14044352253	4.02252016843	4.08566783031	4.3616855372	164.061963305985	167.367916436831	321.576204875	728.763206065	42.520963	45.51227	0.14717767547	0.28246515973	2.37852347732046	5.94564651865589	7.84333694581351	-35.9973986392421	123.123349366679	115.244512109639	26.795	32.2865	57.9898	22.2716	0.96597	25.502671	0.089061313	2.07	6	0.6375	3.05	62.99844198	1.251512	0.00394715557	41.271	0.0080058094	0.805	33.1	51.38931718221	0.866512205011191	0.254702330001411	62.547382595104	2.08	27.54	8.80456371427911	122.856502243989	94.3069999999999	5.59328612121213e-06
681	78.3863311185436	99.0745325641026	10.5211859	1.71890297999989	5.24635083	4.77676436626	129.2953298595	1.19457908505	0.26968713297	-1.53969773401	-2.72425368651	0.32115087626	162.61753019	0.60575268617	0.63509928693	0.60260059875	1.1015927525	1.09547484142	4.14044352253	4.02252016843	4.08566783031	4.3616855372	164.061963305985	167.367916436831	321.576204875	728.763206065	42.520963	45.51227	0.14717767547	0.28246515973	2.37852347732046	5.94564651865589	7.84333694581351	-35.9973986392421	123.123349366679	115.244512109639	26.795	32.2865	57.9898	22.2716	0.96597	25.502671	0.089061313	2.07	6	0.6375	3.05	62.99844198	1.251512	0.00394715557	41.271	0.0080058094	0.805	33.1	51.38931718221	0.866512205011191	0.254702330001411	62.547382595104	2.08	27.54	8.80456371427911	122.856502243989	94.3069999999999	5.59328612121213e-06
685	78.3863311185436	99.0745325641026	10.5211859	1.71890297999989	5.24635083	4.77676436626	129.2953298595	1.19457908505	0.26968713297	-1.53969773401	-2.72425368651	0.32115087626	162.61753019	0.60575268617	0.63509928693	0.60260059875	1.1015927525	1.09547484142	4.14044352253	4.02252016843	4.08566783031	4.3616855372	164.061963305985	167.367916436831	321.576204875	728.763206065	42.520963	45.51227	0.14717767547	0.28246515973	2.37852347732046	5.94564651865589	7.84333694581351	-35.9973986392421	123.123349366679	115.244512109639	26.795	32.2865	57.9898	22.2716	0.96597	25.502671	0.089061313	2.07	6	0.6375	3.05	62.99844198	1.251512	0.00394715557	41.271	0.0080058094	0.805	33.1	51.38931718221	0.866512205011191	0.254702330001411	62.547382595104	2.08	27.54	8.80456371427911	122.856502243989	94.3069999999999	5.59328612121213e-06
687	78.3863311185436	99.0745325641026	10.5211859	1.71890297999989	5.24635083	4.77676436626	129.2953298595	1.19457908505	0.26968713297	-1.53969773401	-2.72425368651	0.32115087626	162.61753019	0.60575268617	0.63509928693	0.60260059875	1.1015927525	1.09547484142	4.14044352253	4.02252016843	4.08566783031	4.3616855372	164.061963305985	167.367916436831	321.576204875	728.763206065	42.520963	45.51227	0.14717767547	0.28246515973	2.37852347732046	5.94564651865589	7.84333694581351	-35.9973986392421	123.123349366679	115.244512109639	26.795	32.2865	57.9898	22.2716	0.96597	25.502671	0.089061313	2.07	6	0.6375	3.05	62.99844198	1.251512	0.00394715557	41.271	0.0080058094	0.805	33.1	51.38931718221	0.866512205011191	0.254702330001411	62.547382595104	2.08	27.54	8.80456371427911	122.856502243989	94.3069999999999	5.59328612121213e-06
728	78.3863311185436	99.0745325641026	10.5211859	1.71890297999989	5.24635083	4.77676436626	129.2953298595	1.19457908505	0.26968713297	-1.53969773401	-2.72425368651	0.32115087626	162.61753019	0.60575268617	0.63509928693	0.60260059875	1.1015927525	1.09547484142	4.14044352253	4.02252016843	4.08566783031	4.3616855372	164.061963305985	167.367916436831	321.576204875	728.763206065	42.520963	45.51227	0.14717767547	0.28246515973	2.37852347732046	5.94564651865589	7.84333694581351	-35.9973986392421	123.123349366679	115.244512109639	26.795	32.2865	57.9898	22.2716	0.96597	25.502671	0.089061313	2.07	6	0.6375	3.05	62.99844198	1.251512	0.00394715557	41.271	0.0080058094	0.805	33.1	51.38931718221	0.866512205011191	0.254702330001411	62.547382595104	2.08	27.54	8.80456371427911	122.856502243989	94.3069999999999	5.59328612121213e-06
742	78.3863311185436	99.0745325641026	10.5211859	1.71890297999989	5.24635083	4.77676436626	129.2953298595	1.19457908505	0.26968713297	-1.53969773401	-2.72425368651	0.32115087626	162.61753019	0.60575268617	0.63509928693	0.60260059875	1.1015927525	1.09547484142	4.14044352253	4.02252016843	4.08566783031	4.3616855372	164.061963305985	167.367916436831	321.576204875	728.763206065	42.520963	45.51227	0.14717767547	0.28246515973	2.37852347732046	5.94564651865589	7.84333694581351	-35.9973986392421	123.123349366679	115.244512109639	26.795	32.2865	57.9898	22.2716	0.96597	25.502671	0.089061313	2.07	6	0.6375	3.05	62.99844198	1.251512	0.00394715557	41.271	0.0080058094	0.805	33.1	51.38931718221	0.866512205011191	0.254702330001411	62.547382595104	2.08	27.54	8.80456371427911	122.856502243989	94.3069999999999	5.59328612121213e-06
763	39	165.044346091116	10.7239037	-0.136329120000214	3.65719703	4.76558964871	131.6300777444	1.18032905317	0.26546331706	-2.19890503358	-3.22184464863	0.31918336949	149.1789344909	0.60991341662	0.62833110561	0.58063074183	1.10751608163	1.09851299354	4.08779315222	4.01170776591	4.10696695794	4.35559005567	165	169.5	249.132893214	650.608671318	44.009109	46.421958	0.14082752729	0.28369452939	2.48872778418343	5.61787406389365	8.08739758534303	-36.0253561021256	128.448888888886	112.622936508931	26.04	33.5569	58.1402	22.2356	1.01802	21.781344	0.086939135	2.07	5.82	0.675	3.05	58.97452588	0.928276	0.00361568865	40.289	0.0078346823	0.8225	43.48	38.47964252149	0.703361335164782	0.124343314415689	37.03703704	2	44.48	3.149605263	127.5800078	93.546	-0.000346797
765	36.66666667	149.692558133241	8.7320557	-0.0693832400003209	3.35384399	4.75974935036	131.3018316422	1.27414322437	0.27425715593	-2.12021529991	-2.90741899403	0.32050711168	150.859868063	0.610074541	0.63473077623	0.56941550618	1.10402919124	1.09509997339	4.08167255424	4.00177731043	4.11226509024	4.34972530401	163.5714286	165.2	247.258419529	664.43448615	43.636798	45.453644	0.1398904421	0.28000370573	2.77688280224863	5.51784370661468	7.95498418043069	-35.931126617766	131.363611111104	112.458686753277	26.187	31.553	55.3307	21.7095	1.25661	22.211854	0.09297984	2.11	5.83	0.68	3.02	57.23245698	0.965026000000001	0.00406285132	41.783	0.0080231311	0.8225	50.37	31.91489711081	0.519061217300753	0.116176220384974	10.25641026	2	38.176	3.393921569	120.7149011	90.549	0.000121402
766	41.75	175.088033217332	9.0962595	-0.523115640000214	3.53802218	4.75413217695	129.2168979445	1.28418514134	0.27528972422	-2.23991903871	-2.86444958263	0.32119654957	151.796196927	0.60569620277	0.62795130589	0.57293282595	1.10413424987	1.09679010451	4.09772177016	3.97577032972	4.12600116356	4.35691557491	150.6666667	160	250.832047534	672.002829953	43.326624	45.845009	0.14629211678	0.28272611222	2.49232344440604	5.18657182598579	7.89894101249013	-36.2918170118835	127.182037037036	113.120060407944	26.408	31.915	57.131	21.7942	0.90638	21.677245	0.086861087	2.07	5.63	0.6625	3	58.71901142	0.8279	0.003436811	42.3	0.0077885785	0.8425	45.58	46.70560296165	0.663252443833777	0.13497359519647	56.1594065340058	2.23833333333333	48.928	4.193797468	136.5280363	88.806	-0.0007132
768	78.25	100.461225196078	10.3448094	1.45210875999989	2.76689647	4.76401925992	129.9424249854	1.22533264382	0.26866241853	-2.07726210186	-3.0175607006	0.32390477125	153.008004276	0.60544723452	0.62296673237	0.59606850213	1.10168992149	1.09570826189	4.09511370322	4.00644517471	4.10741696445	4.37342965922	161.4	166	271.966410938	664.518804654	43.316972	46.160817	0.14267320961	0.28446715146	2.59615972546959	5.83770761332609	7.99545497089207	-36.0588029992674	124.380238095234	114.491594631965	26.605	32.4662	57.0908	22.1709	1.2094	23.685486	0.091407651	2.09	5.87	0.68	3.05	63.84696718	1.032666	0.0038247917	41.541	0.0077805273	0.8225	39.39	49.72266124569	0.767301306201821	0.177129394554118	59.4334831150279	2.165	29.754	7.318867925	124.2815775	89.627	-0.000118731
772	43.5	190.114500305011	7.1189575	1.29742497999979	4.03872134	4.76579036698	130.8147172498	1.30021574938	0.27106796242	-2.39554481774	-2.6948729624	0.32153731164	150.605216139	0.61108234971	0.63548982663	0.57559071264	1.1071198725	1.09636443582	4.10331206084	4.00252652464	4.10702148416	4.36513050574	154.7142857	161.6666667	253.431314047	664.957969674	42.94052	45.278269	0.14290246085	0.28608811017	2.51607738447693	5.27288103726455	7.87138124736063	-36.2218073207631	123.729982363314	112.160150826538	26.526	31.9351	55.5642999999999	22.0524	1.15488	22.719117	0.089774796	2.09	5.64	0.6775	3.01	60.04719022	0.870957	0.00344874551	41.681	0.0078599756	0.8375	48.71	46.70227316545	0.55760942948718	0.129166973419521	55.9619315140957	2.49133333333333	41.844	2.835384615	140.4145977	88.506	-0.000199131
801	88.25	81.004029519466	11.4355525	7.80244735999989	5.5065232	4.7593769454	127.297556464	1.26268738861	0.27211879723	-1.51782704309	-3.32997588641	0.32529588236	157.3093390949	0.60503633288	0.64185265445	0.61203018465	1.10466658811	1.09570463767	4.17240047238	4.03287376181	4.10463045029	4.36792970733	163.7142857	166.6	309.800708481	688.259047609	42.538946	44.450156	0.1392046163	0.28367255531	2.42810711417418	6.92348189357737	7.8247330869497	-35.4954285722868	138.079616802953	109.654685727215	28.691	32.12	59.7905	22.5851	1.72341	27.155141	0.088802506	2.23	6.15	0.525	3.04	61.56265156	1.586	0.00448449306	42.487	0.0083182598	0.7625	29.74	38.02629541576	0.760144828877006	0.144378834423556	64.2679122769338	2.03	27.732	13.5199555734225	110.249947708745	87.5929999999999	0.000145706513715219
853	78.3863311185436	99.0745325641026	10.5211859	1.71890297999989	5.24635083	4.77676436626	129.2953298595	1.19457908505	0.26968713297	-1.53969773401	-2.72425368651	0.32115087626	162.61753019	0.60575268617	0.63509928693	0.60260059875	1.1015927525	1.09547484142	4.14044352253	4.02252016843	4.08566783031	4.3616855372	164.061963305985	167.367916436831	321.576204875	728.763206065	42.520963	45.51227	0.14717767547	0.28246515973	2.37852347732046	5.94564651865589	7.84333694581351	-35.9973986392421	123.123349366679	115.244512109639	26.795	32.2865	57.9898	22.2716	0.96597	25.502671	0.089061313	2.07	6	0.6375	3.05	62.99844198	1.251512	0.00394715557	41.271	0.0080058094	0.805	33.1	51.38931718221	0.866512205011191	0.254702330001411	62.547382595104	2.08	27.54	8.80456371427911	122.856502243989	94.3069999999999	5.59328612121213e-06
854	78.3863311185436	99.0745325641026	10.5211859	1.71890297999989	5.24635083	4.77676436626	129.2953298595	1.19457908505	0.26968713297	-1.53969773401	-2.72425368651	0.32115087626	162.61753019	0.60575268617	0.63509928693	0.60260059875	1.1015927525	1.09547484142	4.14044352253	4.02252016843	4.08566783031	4.3616855372	164.061963305985	167.367916436831	321.576204875	728.763206065	42.520963	45.51227	0.14717767547	0.28246515973	2.37852347732046	5.94564651865589	7.84333694581351	-35.9973986392421	123.123349366679	115.244512109639	26.795	32.2865	57.9898	22.2716	0.96597	25.502671	0.089061313	2.07	6	0.6375	3.05	62.99844198	1.251512	0.00394715557	41.271	0.0080058094	0.805	33.1	51.38931718221	0.866512205011191	0.254702330001411	62.547382595104	2.08	27.54	8.80456371427911	122.856502243989	94.3069999999999	5.59328612121213e-06
867	78.3863311185436	99.0745325641026	10.5211859	1.71890297999989	5.24635083	4.77676436626	129.2953298595	1.19457908505	0.26968713297	-1.53969773401	-2.72425368651	0.32115087626	162.61753019	0.60575268617	0.63509928693	0.60260059875	1.1015927525	1.09547484142	4.14044352253	4.02252016843	4.08566783031	4.3616855372	164.061963305985	167.367916436831	321.576204875	728.763206065	42.520963	45.51227	0.14717767547	0.28246515973	2.37852347732046	5.94564651865589	7.84333694581351	-35.9973986392421	123.123349366679	115.244512109639	26.795	32.2865	57.9898	22.2716	0.96597	25.502671	0.089061313	2.07	6	0.6375	3.05	62.99844198	1.251512	0.00394715557	41.271	0.0080058094	0.805	33.1	51.38931718221	0.866512205011191	0.254702330001411	62.547382595104	2.08	27.54	8.80456371427911	122.856502243989	94.3069999999999	5.59328612121213e-06
868	78.3863311185436	99.0745325641026	10.5211859	1.71890297999989	5.24635083	4.77676436626	129.2953298595	1.19457908505	0.26968713297	-1.53969773401	-2.72425368651	0.32115087626	162.61753019	0.60575268617	0.63509928693	0.60260059875	1.1015927525	1.09547484142	4.14044352253	4.02252016843	4.08566783031	4.3616855372	164.061963305985	167.367916436831	321.576204875	728.763206065	42.520963	45.51227	0.14717767547	0.28246515973	2.37852347732046	5.94564651865589	7.84333694581351	-35.9973986392421	123.123349366679	115.244512109639	26.795	32.2865	57.9898	22.2716	0.96597	25.502671	0.089061313	2.07	6	0.6375	3.05	62.99844198	1.251512	0.00394715557	41.271	0.0080058094	0.805	33.1	51.38931718221	0.866512205011191	0.254702330001411	62.547382595104	2.08	27.54	8.80456371427911	122.856502243989	94.3069999999999	5.59328612121213e-06
870	62.25	88.0088746336996	10.6181668	-0.115136340000214	5.11950633	4.77008316425	130.1037713123	1.16161534292	0.26702913499	-1.93616143171	-2.8612338537	0.32231102154	157.161473424	0.6052458844	0.62922867069	0.59659909477	1.10155884438	1.09543670803	4.11343983668	4.01759468975	4.06369868353	4.35556746723	163.760128450018	166.595210684569	292.714334078	677.768679472	44.078501	47.216927	0.14606990427	0.28391725931	2.53821235552433	5.72956042069669	8.0335955913058	-36.2199361796251	127.292195767194	114.690444365654	26.532	33.2173	58.9776999999999	22.119	0.9364	23.011712	0.089332364	2.09	5.87	0.6975	3.05	60.50991364	1.169326	0.00395175277	39.362	0.0079833623	0.82	32.73	48.00345466793	0.84382109390008	0.241768102728683	62.5472814624378	2.1	29.776	8.036722053223	122.522984640956	92.984	-1.52962945714286e-05
915	43.5	122.476913792883	10.4578677	0.884358589999786	5.34537826	4.78121276997	132.1433458013	1.217188472	0.26660811056	-2.43944140558	-3.22325600778	0.32302909314	152.4173657709	0.6033288958	0.61950999369	0.59458369256	1.10485872472	1.09650665848	4.11375556761	3.97070910652	4.09033519455	4.35107507216	164.8571429	167	254.413243702	677.209472446	43.051001	47.645775	0.14678311525	0.28554679747	2.45452265079201	5.53469651398527	8.0178767613442	-36.1606839643833	123.294365079358	114.962333593492	25.351	32.2083	57.4204	21.9404	0.74812	22.03059	0.088179671	2.1	5.63	0.6925	3.03	62.92324262	0.981255	0.0036841698	39.543	0.0078593481	0.83	41.28	51.04747122908	0.808890963855422	0.308371791373372	60.8524564855191	2.08944444444444	32.15	7.29273685769608	126.071884205991	91.494	-0.000134031056830201
932	68.75	86.6532341477967	11.796208	0.182268259999893	5.69162146	4.77413643153	132.3941426608	1.17736541012	0.27028335682	-1.99909396974	-2.55156826914	0.32355230386	161.0685956929	0.60695570522	0.64047821201	0.59415488316	1.10066541117	1.09495514169	4.14093833578	4.00647779933	4.09108162144	4.35611931919	162.3333333	172	327.656300413	720.228982348	43.033124	45.667786	0.14540934583	0.28337474445	2.64749419938423	6.12199840926461	7.89835699113264	-35.9592879442661	125.244206349205	113.142429257794	26.972	32.6317	57.5618	22.5981	1.15379	25.383453	0.091175806	2.12	5.97	0.6175	3.02	60.5670372	1.296512	0.0037741529	41.23	0.0079901747	0.79	31.64	45.64240014896	0.828475495475113	0.199906833004414	61.7032522367945	2.09333333333333	27.31	8.80678091404329	124.035529870218	89.857	-5.31416576666666e-05
991	106.75	84.0879374956565	9.171795	10.17482501	4.37119612	4.76828582682	129.4843020933	1.26679946953	0.27116280423	-1.26171329221	-3.33456918471	0.32506788574	158.665730171	0.60607601697	0.64061785295	0.60995419082	1.10475989613	1.09518928166	4.16968649238	4.03392041738	4.09885887492	4.38648407575	165.421557451048	167.60595742808	305.442567567	677.66539039	43.301191	43.923764	0.13859619278	0.28432588976	2.41831593288338	7.44286057006568	7.79564834066195	-33.0693099438	113.3333333333	110.553	28.698	32.7973	59.9782	22.7093	1.80739	26.036051	0.088967824	2.27	6.17	0.4775	3.07	62.57809822	1.667254	0.00451105119	40.299	0.0084242653	0.78	24.7	33.7188214278442	0.709670577237004	0.18511525844998	62.2281743401333	2.13	26.602	15.8932981209895	108.944634028439	85.894	0.000165027933534483
992	100	82.9358416758242	6.5995143	15.13247874	4.08322412	4.74658660668	131.216444188	1.28433484703	0.27290019778	-1.39471802827	-3.22697007344	0.3240641338	159.210445171	0.60356922748	0.63739272849	0.60854571747	1.10632016302	1.0979457592	4.18679209655	4.04719975567	4.10397006815	4.37999527448	166.699423417842	167.66017806303	302.891678648	676.331425833	42.523296	43.991921	0.13292735423	0.28128479977	2.37661826273642	7.86421195315938	7.81494935951406	-34.8049498733	133.3333333333	103.4294	28.501	32.5555	59.3032	22.9998	1.76252	25.524577	0.0891498219999999	2.29	6.21	0.455	3.12	62.183552	1.730488	0.00513987275	41.68	0.0086119251	0.75	20.23	0	0.789826658277549	0.204544863154799	60.4245626273548	2.05	25.628	15.97710145	110.3170808	88.929	8.99872158690476e-05
997	87.5	86.6512165288455	12.5275973	12.46559581	9.14165969	4.7391761573	128.9234556058	1.27614170071	0.27425694495	-1.50516913434	-3.37224889199	0.32213727599	159.060060244	0.61006480949	0.63740474904	0.61325630779	1.10512811686	1.0967272537	4.16749063812	4.02472311044	4.10422876079	4.37474426127	165.879269968047	168.443667559957	301.545849957	680.791979671	42.948486	43.872239	0.13970545835	0.283926354	2.32418529070012	7.53580569465523	7.72070788553264	-34.4391914141	113.3333333333	117.7913	28.477	31.9146	59.3127	22.6816	1.8151	25.845935	0.088831215	2.29	6.19	0.51	3.06	59.47631916	1.593589	0.00474980821	40.838	0.0084110382	0.745	23.54	4.615384615	0.717322898744765	0.170792743490679	62.3772945225715	2.06	29.767	14.9720842691945	104.483924985036	88.805	0.000185590932916667
1002	86.25	83.5310032692308	10.7678358	8.91465021	8.27005662	4.77652650971	128.8981101205	1.24962249932	0.2755983662	-1.36416688258	-3.23465816722	0.32789678786	160.09628002	0.60905978635	0.64893307884	0.61597677197	1.10255377744	1.09509314101	4.14935760999	4.02146941674	4.09725664936	4.37931841706	165.824579024027	167.285215770966	309.941812488	676.93439195	43.265497	44.317723	0.13966529585	0.28490885727	2.39765300082576	7.23411337021899	7.64924519462792	-36.1477317067	133.3333333333	100.482	27.877	31.9964	60.2242	22.9193	1.76218	26.718262	0.089679136	2.24	6.13	0.515	3.07	64.50775122	1.633152	0.00436975719	39.771	0.0085164683	0.7575	24.25	0.833333333	0.734249647349646	0.149720305165458	62.0740556490757	2.08	25.732	14.2212652447067	104.190702809284	88.253	0.000151490860261905
1006	79.8109749548357	84.0013539316239	10.5431469	1.46294816	5.77141535	4.77281088642	130.136541021	1.19734996247	0.27099575203	-1.63779666036	-2.65411262134	0.32210439427	161.541699019	0.60840066019	0.63458890409	0.60203659397	1.10176682955	1.09598195848	4.15330835412	4.03240417595	4.07908624881	4.3626214942	164.046033147861	167.1750147271	330.411306866	708.262831163	42.446795	45.548714	0.14631473833	0.28301142834	2.45676707394328	5.95173884593572	7.92132290645369	-35.9076731239871	122.602516033345	115.067055242972	27.426	32.978	58.4441999999999	22.2811	1.00042	25.624511	0.087882559	2.09	5.94	0.61	3.03	60.53793048	1.23955	0.00395849353	40.623	0.0079558396	0.815	32.64	49.09185328398	0.878180253791679	0.255208330001411	62.3797440936313	2.08	26.886	8.99327520627373	123.286736652794	93.3249999999999	9.69034066666667e-06
1061	94.75	99.8314227869353	9.6861673	15.38952734	-0.000714859999999549	4.73471067039	130.5907793876	1.28495274028	0.27095637364	-0.90447086372	-3.51839379019	0.32109873596	158.290898171	0.60615758977	0.64323644666	0.61084000162	1.10568658445	1.09672788042	4.19728151967	4.02872237193	4.12648148689	4.37556272304	165.272876500322	167.472703703722	292.198087067	673.35113207	42.573637	44.956437	0.12895999648	0.27836578969	2.3330244319154	7.88424957494569	7.80886014589851	-35.1570827244	143.3333333333	97.032256146	28.417	33.2123	58.4041	22.8891	1.73492	25.220101	0.090709843	2.2	6.22	0.4875	3.05	60.61979146	1.609093	0.0049216869	42.067	0.00860337679999999	0.745	23.7	32.80795517377	0.679414310913186	0.232141049125916	60.4458492181514	2.19	30.135	14.9062935126552	105.350330011665	88.195	0.000186287644083333
1062	68.25	94.5859144499522	10.4740431	9.64093787	7.85509304	4.76859015109	128.5787246014	1.21433829098	0.2708641247	-1.29896496832	-3.0639665061	0.32012096952	158.300918155	0.60550813072	0.64775760613	0.61415580194	1.10370725168	1.09620726858	4.16558082968	4.01694343294	4.10335750428	4.35205537563	166.097411647317	166.985252136974	302.596579251	679.38232931	43.004439	45.167777	0.13599609488	0.28065106464	2.40426398602461	7.07559255109926	7.78492834639103	-34.7596628797	136.6666666667	109.6451	28.03	32.6008	59.5806	22.5993	1.56637	26.060238	0.0862635489999999	2.22	6.14	0.56	3.03	62.14366886	1.525375	0.00398915943	39.308	0.0083414828	0.8075	24.23	48.45712714131	0.764748341667173	0.222175266695703	63.5151959514919	2.16	28.862	14.3595705516858	111.494663854472	87	1.88944518046219e-05
1063	64.25	94.3929280067155	11.835491	2.97445991	6.56373299	4.75619976924	130.3387331292	1.19439849134	0.27817342336	-1.47855016235	-3.31320301588	0.32015561181	159.114078863	0.60401977048	0.64982229509	0.60423848814	1.10274915158	1.09595578423	4.16999121571	4.0182491969	4.10337838433	4.34829965129	165.330085481245	167.001333334133	310.071515345	687.631734957	43.448896	44.649693	0.14066290429	0.28027051895	2.50531606727285	7.34552047355678	7.94166241853761	-35.3622431294	123.3333333333	120.6892	27.855	32.7133	59.2176	22.3654	1.50035	26.768253	0.090096135	2.21	6.06	0.5675	3.02	63.59141352	1.519429	0.00407054335	40.248	0.0083122956	0.81	29.27	53.55515865603	0.740658862176485	0.251790076219512	61.4207438844249	2.09	18.765	13.1240800726523	115.663986471833	88.387	1.77148708095238e-05
1066	95.1347441120458	91.4624872431312	6.2787285	8.35883250999989	4.9215179	4.75381237172	129.5545220923	1.26644706184	0.27305733303	-1.2326777316	-3.15941307675	0.32454728448	159.867578679	0.60796982222	0.64951506748	0.6086634187	1.10277065612	1.09531045803	4.17619482078	4.0088420306	4.10442722835	4.37290380136	164.374195474762	167.730703579632	303.619081947	675.698155752	42.739231	43.849529	0.1390243096	0.28413625015	2.27641739749458	6.83616546058489	7.74571190496159	-34.3839030075	123.3333333333	118.1281	28.08	32.1915	59.3078	22.6088	1.73751	26.431276	0.087324716	2.31	6.07	0.4775	3.06	65.41514722	1.657273	0.0046182632	39.781	0.0083370978	0.7375	28.92	39.47033373937	0.764095264996704	0.183219233918956	61.8830840841417	2.28333333333333	28.859	19.05566406	122.9581681	88.524	0.000148674951689245
1070	91.3894793977238	114.712930120713	10.6927597	10.54046501	5.08481807	4.75968451024	128.9316589339	1.23659208866	0.27075852966	-1.46342622347	-3.14314221973	0.32158549555	159.918237503	0.61056417925	0.65376203115	0.61434131797	1.10362324618	1.09556897888	4.19170033449	4.01760714475	4.12452938441	4.36317489924	165.929360356926	166.686713855485	298.261471823	674.813265375	43.228703	43.86253	0.1382148045	0.28394245949	2.46680882683475	7.24935369632534	7.72771478964537	-35.1515235983857	138.830740740743	108.992266262738	28.042	32.3591	60.0734	22.5987	1.74601	26.39203	0.085088169	2.16	6.09	0.4925	3.02	63.64577022	1.580662	0.00426424604	39.916	0.008419687	0.8075	25.42	41.6208768464	0.700134819470395	0.262629909552845	62.1917575450473	2.07	25.69	15.3349938243111	109.022581290139	87.386	0.000149637712328431
1158	88	83.7203276443967	10.7784268	10.68842161	6.26294383	4.73678534204	129.5187178403	1.21769456462	0.26921622749	-1.34703977791	-3.24714546403	0.3228294691	158.781804416	0.608242767290001	0.64991096822	0.61410203066	1.10380443831	1.09617624646	4.17069412093	4.01683795105	4.10435884985	4.36780303091	165.466029840794	167.464891204656	295.411065018	663.111065972	42.639438	43.794952	0.13331258101	0.2824435918	2.28938560151114	7.39523057956831	7.74058477636232	-34.9982522222771	135.43848765432	109.335096011484	28.605	33.0194	60.2079	22.6729	1.78039	26.177956	0.088218316	2.24	6.19	0.495	3.06	60.99602298	1.637337	0.00450342607	40.637	0.008520228	0.7375	20.89	47.95944953818	0.720307315634249	0.208819844617781	63.2117822051853	2.14	28.491	14.9248636736719	108.60262544816	86.529	9.15807188522409e-05
1166	98.6042276050743	110.977674758394	10.2172529	11.7936716399999	6.20443434	4.75231517672	126.6879311533	1.26114609031	0.27309328161	-1.61210017695	-3.13805351646	0.31912208167	158.0338828209	0.60603816708	0.64504709884	0.61040829566	1.10520664756	1.09615659604	4.18960041251	4.02981026019	4.12338762021	4.37826912506	165.552642493043	167.519087037272	298.972196165	673.429703459	43.437068	43.921677	0.13434293628	0.28348001177	2.33964269353394	7.31870757053246	7.8923541562721	-34.5820213703845	137.769768318095	108.936761670346	27.744	32.2446	59.6752	22.7693	1.75055	25.808187	0.088580618	2.19	6.13	0.525	3.03	62.75450362	1.562951	0.00462751801	39.706	0.0085667143	0.805	25.5	33.79454101605	0.691693933520427	0.184609033428969	61.3881272804945	2.07	29.625	15.4141039506735	107.511422721728	84.689	0.000157823248474959
1254	106	85.9424055360883	9.0466098	13.74848144	5.22937162	4.76147408692	129.6937578486	1.27521646545	0.27135408623	-1.46973261737	-3.46010989997	0.32333753687	156.984603626	0.607626425080001	0.63906978823	0.61517953496	1.10508537006	1.09729174079	4.19191285372	4.04650104212	4.10702507598	4.35481844406	166.006415323204	168.135975072175	302.035305162	675.377438381	42.976041	44.3939	0.13096468511	0.27658100482	2.35920851192252	7.75418391795024	7.71261238500017	-33.6273442132	113.3333333333	101.7537	28.123	32.8716	59.0358	22.8156	1.78726	26.523273	0.087940208	2.32	6.28	0.465	3.08	63.58877986	1.661436	0.0050281894	41.882	0.0085689277	0.745	20.17	22.3611831583	0.702885755028188	0.212798290505227	61.5074819731903	2.12	29.09	14.8761458991275	105.914406515339	88.108	8.97946416626984e-05
1257	93.25	89.4713314539205	10.5921639	12.71581947	8.12671415	4.73863539081	129.8108753328	1.2534139965	0.27216374967	-1.00741696114	-3.38236701269	0.32058467773	159.043115585	0.6077884315	0.64580390941	0.61022111705	1.1034944067	1.0968551218	4.18727340232	4.01445936075	4.12607915461	4.374101537	165.586187178214	167.867523378785	295.232073196	674.02261631	42.479905	44.57226	0.13368572168	0.2764250718	2.33579232512094	7.43017736612282	7.79933859653752	-35.025581380756	138.805046095871	108.717919765879	28.39	32.9281	60.1222	22.8508	1.74592	26.110702	0.089088968	2.26	6.16	0.5	3.05	62.01779916	1.618791	0.00451247068	41.441	0.0085223588	0.75	20.71	34.50899400939	0.721477174242425	0.217640796998733	61.4333303383287	2.16	27.406	14.564395343005	104.886106325938	87.888	5.34796690427171e-05
1313	103.000339180058	92.206974211857	8.9820068	14.57396034	4.16735148	4.73902720936	127.8256600404	1.28987328357	0.2719329271	-1.60177582502	-3.65173641479	0.32072791337	159.285771513	0.61044709207	0.64521315138	0.61460392481	1.10412255364	1.09619097706	4.19112524921	4.03485608435	4.10956567824	4.37143025275	165.69120942948	168.166953704239	296.626231992	679.837363368	42.995655	44.762165	0.13258955366	0.28122151666	2.44111444302917	7.4072439043527	7.80000921298267	-34.7339214723478	133.333606701927	107.45620542164	28.058	33.1649	59.3164	22.8015	1.82694	25.870264	0.0909332019999999	2.27	6.22	0.48	3.05	62.91203122	1.615685	0.00499633154	40.743	0.0084859027	0.75	19.89	34.20322455178	0.661479389689579	0.189061306156242	61.2244706393739	2.13	29.804	14.6463348264412	101.804904078652	86.356	0.00010754963887605
1317	102	99.3011062158252	8.050036	16.12539814	3.98674375	4.72667607613	129.3033674932	1.28567143635	0.274713301	-1.28441470135	-3.40604120966	0.32236802592	157.794754016	0.60330074409	0.64276780746	0.61613670742	1.10442090514	1.0972223594	4.1789197176	4.03804795293	4.10229914461	4.37329122992	165.740646131448	168.019287037156	298.559825817	670.493925146	42.925988	45.095412	0.13036932646	0.28120110188	2.3716053919488	7.62977280008065	7.69418564975723	-34.6982159518226	136.333328924152	106.174298075984	28.049	33.4884	59.5492	22.7986	1.82666	25.82509	0.091719221	2.28	6.31	0.4775	3.04	60.45369222	1.582786	0.00513912676	41.207	0.0085840726	0.7525	21.39	28.53201124751	0.664884136363637	0.207915299163235	60.0169003423053	2.15	27.274	14.8229623021362	103.725695882702	86.202	0.000122282029542717
1552	115.3333333	96.4659576585914	10.668565	12.80956827	6.47891386	4.75648629848	129.7651464862	1.25497723387	0.27877269966	-1.55426877258	-3.5970329156	0.32276671415	157.2851577149	0.60273058953	0.6366347274	0.60217850102	1.10458588113	1.09632269614	4.18524713955	4.05744904665	4.11349584409	4.36862368068	164.2	166	300.146002245	672.353221928	42.598018	45.333118	0.13000459089	0.27879471779	2.45004254934211	7.59574013253939	7.88409808686568	-35.2133345613818	143.698584455666	108.878082966454	28.034	32.4503	60.4001	22.6895	1.76252	26.013439	0.086892868	2.27	6.18	0.5125	3.05	60.25322846	1.564282	0.00453910066	42.104	0.0084675875	0.7575	23.66	44.08158659128	0.70873641817806	0.2083174641649	63.0174299435287	2.14611111111111	30.531	14.1807841446521	113.669201406443	90.79	8.41214827093838e-05
1612	78.3863311185436	99.0745325641026	10.5211859	1.71890297999989	5.24635083	4.77676436626	129.2953298595	1.19457908505	0.26968713297	-1.53969773401	-2.72425368651	0.32115087626	162.61753019	0.60575268617	0.63509928693	0.60260059875	1.1015927525	1.09547484142	4.14044352253	4.02252016843	4.08566783031	4.3616855372	164.061963305985	167.367916436831	321.576204875	728.763206065	42.520963	45.51227	0.14717767547	0.28246515973	2.37852347732046	5.94564651865589	7.84333694581351	-35.9973986392421	123.123349366679	115.244512109639	26.795	32.2865	57.9898	22.2716	0.96597	25.502671	0.089061313	2.07	6	0.6375	3.05	62.99844198	1.251512	0.00394715557	41.271	0.0080058094	0.805	33.1	51.38931718221	0.866512205011191	0.254702330001411	62.547382595104	2.08	27.54	8.80456371427911	122.856502243989	94.3069999999999	5.59328612121213e-06
1622	78.3863311185436	99.0745325641026	10.5211859	1.71890297999989	5.24635083	4.77676436626	129.2953298595	1.19457908505	0.26968713297	-1.53969773401	-2.72425368651	0.32115087626	162.61753019	0.60575268617	0.63509928693	0.60260059875	1.1015927525	1.09547484142	4.14044352253	4.02252016843	4.08566783031	4.3616855372	164.061963305985	167.367916436831	321.576204875	728.763206065	42.520963	45.51227	0.14717767547	0.28246515973	2.37852347732046	5.94564651865589	7.84333694581351	-35.9973986392421	123.123349366679	115.244512109639	26.795	32.2865	57.9898	22.2716	0.96597	25.502671	0.089061313	2.07	6	0.6375	3.05	62.99844198	1.251512	0.00394715557	41.271	0.0080058094	0.805	33.1	51.38931718221	0.866512205011191	0.254702330001411	62.547382595104	2.08	27.54	8.80456371427911	122.856502243989	94.3069999999999	5.59328612121213e-06
1651	78.3863311185436	99.0745325641026	10.5211859	1.71890297999989	5.24635083	4.77676436626	129.2953298595	1.19457908505	0.26968713297	-1.53969773401	-2.72425368651	0.32115087626	162.61753019	0.60575268617	0.63509928693	0.60260059875	1.1015927525	1.09547484142	4.14044352253	4.02252016843	4.08566783031	4.3616855372	164.061963305985	167.367916436831	321.576204875	728.763206065	42.520963	45.51227	0.14717767547	0.28246515973	2.37852347732046	5.94564651865589	7.84333694581351	-35.9973986392421	123.123349366679	115.244512109639	26.795	32.2865	57.9898	22.2716	0.96597	25.502671	0.089061313	2.07	6	0.6375	3.05	62.99844198	1.251512	0.00394715557	41.271	0.0080058094	0.805	33.1	51.38931718221	0.866512205011191	0.254702330001411	62.547382595104	2.08	27.54	8.80456371427911	122.856502243989	94.3069999999999	5.59328612121213e-06
1652	78.3863311185436	99.0745325641026	10.5211859	1.71890297999989	5.24635083	4.77676436626	129.2953298595	1.19457908505	0.26968713297	-1.53969773401	-2.72425368651	0.32115087626	162.61753019	0.60575268617	0.63509928693	0.60260059875	1.1015927525	1.09547484142	4.14044352253	4.02252016843	4.08566783031	4.3616855372	164.061963305985	167.367916436831	321.576204875	728.763206065	42.520963	45.51227	0.14717767547	0.28246515973	2.37852347732046	5.94564651865589	7.84333694581351	-35.9973986392421	123.123349366679	115.244512109639	26.795	32.2865	57.9898	22.2716	0.96597	25.502671	0.089061313	2.07	6	0.6375	3.05	62.99844198	1.251512	0.00394715557	41.271	0.0080058094	0.805	33.1	51.38931718221	0.866512205011191	0.254702330001411	62.547382595104	2.08	27.54	8.80456371427911	122.856502243989	94.3069999999999	5.59328612121213e-06
1676	78.3863311185436	99.0745325641026	10.5211859	1.71890297999989	5.24635083	4.77676436626	129.2953298595	1.19457908505	0.26968713297	-1.53969773401	-2.72425368651	0.32115087626	162.61753019	0.60575268617	0.63509928693	0.60260059875	1.1015927525	1.09547484142	4.14044352253	4.02252016843	4.08566783031	4.3616855372	164.061963305985	167.367916436831	321.576204875	728.763206065	42.520963	45.51227	0.14717767547	0.28246515973	2.37852347732046	5.94564651865589	7.84333694581351	-35.9973986392421	123.123349366679	115.244512109639	26.795	32.2865	57.9898	22.2716	0.96597	25.502671	0.089061313	2.07	6	0.6375	3.05	62.99844198	1.251512	0.00394715557	41.271	0.0080058094	0.805	33.1	51.38931718221	0.866512205011191	0.254702330001411	62.547382595104	2.08	27.54	8.80456371427911	122.856502243989	94.3069999999999	5.59328612121213e-06
1684	78.3863311185436	99.0745325641026	10.5211859	1.71890297999989	5.24635083	4.77676436626	129.2953298595	1.19457908505	0.26968713297	-1.53969773401	-2.72425368651	0.32115087626	162.61753019	0.60575268617	0.63509928693	0.60260059875	1.1015927525	1.09547484142	4.14044352253	4.02252016843	4.08566783031	4.3616855372	164.061963305985	167.367916436831	321.576204875	728.763206065	42.520963	45.51227	0.14717767547	0.28246515973	2.37852347732046	5.94564651865589	7.84333694581351	-35.9973986392421	123.123349366679	115.244512109639	26.795	32.2865	57.9898	22.2716	0.96597	25.502671	0.089061313	2.07	6	0.6375	3.05	62.99844198	1.251512	0.00394715557	41.271	0.0080058094	0.805	33.1	51.38931718221	0.866512205011191	0.254702330001411	62.547382595104	2.08	27.54	8.80456371427911	122.856502243989	94.3069999999999	5.59328612121213e-06
1739	78.3863311185436	99.0745325641026	10.5211859	1.71890297999989	5.24635083	4.77676436626	129.2953298595	1.19457908505	0.26968713297	-1.53969773401	-2.72425368651	0.32115087626	162.61753019	0.60575268617	0.63509928693	0.60260059875	1.1015927525	1.09547484142	4.14044352253	4.02252016843	4.08566783031	4.3616855372	164.061963305985	167.367916436831	321.576204875	728.763206065	42.520963	45.51227	0.14717767547	0.28246515973	2.37852347732046	5.94564651865589	7.84333694581351	-35.9973986392421	123.123349366679	115.244512109639	26.795	32.2865	57.9898	22.2716	0.96597	25.502671	0.089061313	2.07	6	0.6375	3.05	62.99844198	1.251512	0.00394715557	41.271	0.0080058094	0.805	33.1	51.38931718221	0.866512205011191	0.254702330001411	62.547382595104	2.08	27.54	8.80456371427911	122.856502243989	94.3069999999999	5.59328612121213e-06
1741	78.3863311185436	99.0745325641026	10.5211859	1.71890297999989	5.24635083	4.77676436626	129.2953298595	1.19457908505	0.26968713297	-1.53969773401	-2.72425368651	0.32115087626	162.61753019	0.60575268617	0.63509928693	0.60260059875	1.1015927525	1.09547484142	4.14044352253	4.02252016843	4.08566783031	4.3616855372	164.061963305985	167.367916436831	321.576204875	728.763206065	42.520963	45.51227	0.14717767547	0.28246515973	2.37852347732046	5.94564651865589	7.84333694581351	-35.9973986392421	123.123349366679	115.244512109639	26.795	32.2865	57.9898	22.2716	0.96597	25.502671	0.089061313	2.07	6	0.6375	3.05	62.99844198	1.251512	0.00394715557	41.271	0.0080058094	0.805	33.1	51.38931718221	0.866512205011191	0.254702330001411	62.547382595104	2.08	27.54	8.80456371427911	122.856502243989	94.3069999999999	5.59328612121213e-06
1756	78.3863311185436	99.0745325641026	10.5211859	1.71890297999989	5.24635083	4.77676436626	129.2953298595	1.19457908505	0.26968713297	-1.53969773401	-2.72425368651	0.32115087626	162.61753019	0.60575268617	0.63509928693	0.60260059875	1.1015927525	1.09547484142	4.14044352253	4.02252016843	4.08566783031	4.3616855372	164.061963305985	167.367916436831	321.576204875	728.763206065	42.520963	45.51227	0.14717767547	0.28246515973	2.37852347732046	5.94564651865589	7.84333694581351	-35.9973986392421	123.123349366679	115.244512109639	26.795	32.2865	57.9898	22.2716	0.96597	25.502671	0.089061313	2.07	6	0.6375	3.05	62.99844198	1.251512	0.00394715557	41.271	0.0080058094	0.805	33.1	51.38931718221	0.866512205011191	0.254702330001411	62.547382595104	2.08	27.54	8.80456371427911	122.856502243989	94.3069999999999	5.59328612121213e-06
1757	78.3863311185436	99.0745325641026	10.5211859	1.71890297999989	5.24635083	4.77676436626	129.2953298595	1.19457908505	0.26968713297	-1.53969773401	-2.72425368651	0.32115087626	162.61753019	0.60575268617	0.63509928693	0.60260059875	1.1015927525	1.09547484142	4.14044352253	4.02252016843	4.08566783031	4.3616855372	164.061963305985	167.367916436831	321.576204875	728.763206065	42.520963	45.51227	0.14717767547	0.28246515973	2.37852347732046	5.94564651865589	7.84333694581351	-35.9973986392421	123.123349366679	115.244512109639	26.795	32.2865	57.9898	22.2716	0.96597	25.502671	0.089061313	2.07	6	0.6375	3.05	62.99844198	1.251512	0.00394715557	41.271	0.0080058094	0.805	33.1	51.38931718221	0.866512205011191	0.254702330001411	62.547382595104	2.08	27.54	8.80456371427911	122.856502243989	94.3069999999999	5.59328612121213e-06
1793	78.3863311185436	99.0745325641026	10.5211859	1.71890297999989	5.24635083	4.77676436626	129.2953298595	1.19457908505	0.26968713297	-1.53969773401	-2.72425368651	0.32115087626	162.61753019	0.60575268617	0.63509928693	0.60260059875	1.1015927525	1.09547484142	4.14044352253	4.02252016843	4.08566783031	4.3616855372	164.061963305985	167.367916436831	321.576204875	728.763206065	42.520963	45.51227	0.14717767547	0.28246515973	2.37852347732046	5.94564651865589	7.84333694581351	-35.9973986392421	123.123349366679	115.244512109639	26.795	32.2865	57.9898	22.2716	0.96597	25.502671	0.089061313	2.07	6	0.6375	3.05	62.99844198	1.251512	0.00394715557	41.271	0.0080058094	0.805	33.1	51.38931718221	0.866512205011191	0.254702330001411	62.547382595104	2.08	27.54	8.80456371427911	122.856502243989	94.3069999999999	5.59328612121213e-06
1797	78.3863311185436	99.0745325641026	10.5211859	1.71890297999989	5.24635083	4.77676436626	129.2953298595	1.19457908505	0.26968713297	-1.53969773401	-2.72425368651	0.32115087626	162.61753019	0.60575268617	0.63509928693	0.60260059875	1.1015927525	1.09547484142	4.14044352253	4.02252016843	4.08566783031	4.3616855372	164.061963305985	167.367916436831	321.576204875	728.763206065	42.520963	45.51227	0.14717767547	0.28246515973	2.37852347732046	5.94564651865589	7.84333694581351	-35.9973986392421	123.123349366679	115.244512109639	26.795	32.2865	57.9898	22.2716	0.96597	25.502671	0.089061313	2.07	6	0.6375	3.05	62.99844198	1.251512	0.00394715557	41.271	0.0080058094	0.805	33.1	51.38931718221	0.866512205011191	0.254702330001411	62.547382595104	2.08	27.54	8.80456371427911	122.856502243989	94.3069999999999	5.59328612121213e-06
1819	78.3863311185436	99.0745325641026	10.5211859	1.71890297999989	5.24635083	4.77676436626	129.2953298595	1.19457908505	0.26968713297	-1.53969773401	-2.72425368651	0.32115087626	162.61753019	0.60575268617	0.63509928693	0.60260059875	1.1015927525	1.09547484142	4.14044352253	4.02252016843	4.08566783031	4.3616855372	164.061963305985	167.367916436831	321.576204875	728.763206065	42.520963	45.51227	0.14717767547	0.28246515973	2.37852347732046	5.94564651865589	7.84333694581351	-35.9973986392421	123.123349366679	115.244512109639	26.795	32.2865	57.9898	22.2716	0.96597	25.502671	0.089061313	2.07	6	0.6375	3.05	62.99844198	1.251512	0.00394715557	41.271	0.0080058094	0.805	33.1	51.38931718221	0.866512205011191	0.254702330001411	62.547382595104	2.08	27.54	8.80456371427911	122.856502243989	94.3069999999999	5.59328612121213e-06
1820	78.3863311185436	99.0745325641026	10.5211859	1.71890297999989	5.24635083	4.77676436626	129.2953298595	1.19457908505	0.26968713297	-1.53969773401	-2.72425368651	0.32115087626	162.61753019	0.60575268617	0.63509928693	0.60260059875	1.1015927525	1.09547484142	4.14044352253	4.02252016843	4.08566783031	4.3616855372	164.061963305985	167.367916436831	321.576204875	728.763206065	42.520963	45.51227	0.14717767547	0.28246515973	2.37852347732046	5.94564651865589	7.84333694581351	-35.9973986392421	123.123349366679	115.244512109639	26.795	32.2865	57.9898	22.2716	0.96597	25.502671	0.089061313	2.07	6	0.6375	3.05	62.99844198	1.251512	0.00394715557	41.271	0.0080058094	0.805	33.1	51.38931718221	0.866512205011191	0.254702330001411	62.547382595104	2.08	27.54	8.80456371427911	122.856502243989	94.3069999999999	5.59328612121213e-06
1829	99	106.175176252636	11.8315562	3.24053307999989	6.3873667	4.605409091	122.4782273	1.45490403	0.318638059	-7.768409091	-6.183761905	0.2675	198.3619091	0.713715909	0.805090909	0.734636364	1.085377281	1.08417173	3.932590909	3.9655	3.914	4.366636364	163.030019797761	166.519914057345	285.332614261	676.505069822	42.292538	44.405683	0.14507188639	0.28847231864	2.44486995584466	6.37464290949332	7.75990118565204	-35.9312085904545	123.944228395061	111.96176779871	28.561	31.5076	56.886	22.0282	1.41404	26.773421	0.0911194019999999	2.09	6.04	0.5925	3.04	59.28106604	1.307743	0.00417426944	39.701	0.0081899349	0.7825	35.7	40.94309679539	0.830386703463203	0.176524441116808	61.5729288472358	2.25	34.518	8.79292363088949	116.736911153709	92.327	9.84646947142857e-05
1834	78.3863311185436	99.0745325641026	10.5211859	1.71890297999989	5.24635083	4.77676436626	129.2953298595	1.19457908505	0.26968713297	-1.53969773401	-2.72425368651	0.32115087626	162.61753019	0.60575268617	0.63509928693	0.60260059875	1.1015927525	1.09547484142	4.14044352253	4.02252016843	4.08566783031	4.3616855372	164.061963305985	167.367916436831	321.576204875	728.763206065	42.520963	45.51227	0.14717767547	0.28246515973	2.37852347732046	5.94564651865589	7.84333694581351	-35.9973986392421	123.123349366679	115.244512109639	26.795	32.2865	57.9898	22.2716	0.96597	25.502671	0.089061313	2.07	6	0.6375	3.05	62.99844198	1.251512	0.00394715557	41.271	0.0080058094	0.805	33.1	51.38931718221	0.866512205011191	0.254702330001411	62.547382595104	2.08	27.54	8.80456371427911	122.856502243989	94.3069999999999	5.59328612121213e-06
1835	78.3863311185436	99.0745325641026	10.5211859	1.71890297999989	5.24635083	4.77676436626	129.2953298595	1.19457908505	0.26968713297	-1.53969773401	-2.72425368651	0.32115087626	162.61753019	0.60575268617	0.63509928693	0.60260059875	1.1015927525	1.09547484142	4.14044352253	4.02252016843	4.08566783031	4.3616855372	164.061963305985	167.367916436831	321.576204875	728.763206065	42.520963	45.51227	0.14717767547	0.28246515973	2.37852347732046	5.94564651865589	7.84333694581351	-35.9973986392421	123.123349366679	115.244512109639	26.795	32.2865	57.9898	22.2716	0.96597	25.502671	0.089061313	2.07	6	0.6375	3.05	62.99844198	1.251512	0.00394715557	41.271	0.0080058094	0.805	33.1	51.38931718221	0.866512205011191	0.254702330001411	62.547382595104	2.08	27.54	8.80456371427911	122.856502243989	94.3069999999999	5.59328612121213e-06
1851	78.3863311185436	99.0745325641026	10.5211859	1.71890297999989	5.24635083	4.77676436626	129.2953298595	1.19457908505	0.26968713297	-1.53969773401	-2.72425368651	0.32115087626	162.61753019	0.60575268617	0.63509928693	0.60260059875	1.1015927525	1.09547484142	4.14044352253	4.02252016843	4.08566783031	4.3616855372	164.061963305985	167.367916436831	321.576204875	728.763206065	42.520963	45.51227	0.14717767547	0.28246515973	2.37852347732046	5.94564651865589	7.84333694581351	-35.9973986392421	123.123349366679	115.244512109639	26.795	32.2865	57.9898	22.2716	0.96597	25.502671	0.089061313	2.07	6	0.6375	3.05	62.99844198	1.251512	0.00394715557	41.271	0.0080058094	0.805	33.1	51.38931718221	0.866512205011191	0.254702330001411	62.547382595104	2.08	27.54	8.80456371427911	122.856502243989	94.3069999999999	5.59328612121213e-06
1852	78.3863311185436	99.0745325641026	10.5211859	1.71890297999989	5.24635083	4.77676436626	129.2953298595	1.19457908505	0.26968713297	-1.53969773401	-2.72425368651	0.32115087626	162.61753019	0.60575268617	0.63509928693	0.60260059875	1.1015927525	1.09547484142	4.14044352253	4.02252016843	4.08566783031	4.3616855372	164.061963305985	167.367916436831	321.576204875	728.763206065	42.520963	45.51227	0.14717767547	0.28246515973	2.37852347732046	5.94564651865589	7.84333694581351	-35.9973986392421	123.123349366679	115.244512109639	26.795	32.2865	57.9898	22.2716	0.96597	25.502671	0.089061313	2.07	6	0.6375	3.05	62.99844198	1.251512	0.00394715557	41.271	0.0080058094	0.805	33.1	51.38931718221	0.866512205011191	0.254702330001411	62.547382595104	2.08	27.54	8.80456371427911	122.856502243989	94.3069999999999	5.59328612121213e-06
1853	69.33333333	105.3030365636	9.995758	0.653886409999786	6.80067386000001	4.77483476804	130.331575196	1.18816017132	0.26968584973	-1.89120981076	-2.99150261365	0.32250722867	154.801063865	0.60794274071	0.64257999099	0.59807515507	1.10090437715	1.09472088747	4.10517565987	3.98412367649	4.08702174974	4.36490982966	162.537430640361	167.295344116567	266.952917502	691.810333718	43.94741	47.323633	0.14795825868	0.28398418698	2.51902208109523	5.77985509901328	7.88466410039625	-36.2002180212551	123.869365079364	114.189630796643	26.662	33.1712	57.675	21.8572	0.80056	23.781745	0.089851013	2.06	5.76	0.69	3.03	61.32795368	1.032018	0.00379849016	40.5	0.007745862	0.8	40.49	50.39724309531	0.836971089200832	0.270498221893303	61.4674426959996	2.33344444444444	28.285	7.35680251188903	123.717603936919	94.452	-6.18508420084034e-05
1872	82.5	95.7498883838384	10.1616001	1.84483564999979	5.73332308	4.76418176309	130.320576222	1.18277534405	0.27350647011	-1.7578324989	-2.65552807668	0.32260512081	159.834089991	0.61028564158	0.6338793774	0.60213779301	1.10182709001	1.09505374318	4.11742828576	4.04120148637	4.08945524092	4.35655018557	162.932905205976	167.049124960608	323.950387656	709.964036732	43.614878	46.355625	0.14679806023	0.28214805458	2.56470922795606	5.96264118566099	7.88745882102405	-36.0245581155522	128.165167548495	113.930120939221	26.466	32.7842	58.4283999999999	21.9541	0.90821	25.48841	0.088747678	2.05	5.93	0.6525	3.03	61.68641548	1.199588	0.00398657377	40.841	0.0078433922	0.795	34.73	49.99395855044	0.844008232057974	0.261795921955434	61.0844551145602	2.15333333333333	26.334	8.02930733526895	122.216185574296	94.5199999999999	-1.2769227952381e-05
1890	75.75	93.4267724109224	11.2169143	1.95886305999989	5.10111707	4.76110218924	129.1865466416	1.19258226619	0.27650090844	-1.52178974395	-2.90371434481	0.32775928194	159.291293813	0.60369464706	0.63432092176	0.60382982577	1.10265736058	1.09493209388	4.10729037058	4.01838215709	4.09983658615	4.36545009236	165	165.75	316.094317163	711.894560186	42.897518	44.418671	0.14129992385	0.28238460721	2.75144359383512	6.21426029378999	7.89931450960651	-35.9113199710883	127.604021164018	113.184238102668	27.992	31.8268	56.2909	22.2703	1.35098	25.900621	0.0879171559999999	2.15	5.95	0.6425	3.04	64.33751268	1.275506	0.00388990838	42.026	0.0080475144	0.795	36.39	50.02398777599	0.768924328808447	0.15433059263196	62.461701523004	2.05	27.956	7.98127575442955	122.381338561766	88.403	9.81487444545454e-05
1925	89.5	84.7566363400488	14.4404	10.3096	5.61024	4.70090612599	139.3876251932	1.32992217625	0.26208594543	0.91600525972	-2.63537872774	0.33111164475	147.968570325	0.59932657492	0.64941604677	0.59597976403	1.10516159971	1.09570192922	4.12486022456	4.01598671146	4.09670864271	4.38570886248	163.336350027804	166.989641611905	262.010699533	641.326711759	43.316775	44.542534	0.142853699	0.27214905	2.43562226843003	6.7649191313179	7.65349094638108	-35.8118391245415	135.177870370369	110.830431772864	29.434	32.5507	58.2807	22.3987	1.7381	25.22824	0.095993752	2.22	5.91	0.595	3.06	57.6910098	1.420019	0.00515593573	43.886	0.0082176863	0.8175	35.89	48.69156166372	0.753673786748402	0.26017417909674	63.9244841515513	2.17	27.509	11.9155457006987	120.556602511064	93.606	-3.99902918226601e-05
1942	78.3863311185436	99.0745325641026	10.5211859	1.71890297999989	5.24635083	4.77676436626	129.2953298595	1.19457908505	0.26968713297	-1.53969773401	-2.72425368651	0.32115087626	162.61753019	0.60575268617	0.63509928693	0.60260059875	1.1015927525	1.09547484142	4.14044352253	4.02252016843	4.08566783031	4.3616855372	164.061963305985	167.367916436831	321.576204875	728.763206065	42.520963	45.51227	0.14717767547	0.28246515973	2.37852347732046	5.94564651865589	7.84333694581351	-35.9973986392421	123.123349366679	115.244512109639	26.795	32.2865	57.9898	22.2716	0.96597	25.502671	0.089061313	2.07	6	0.6375	3.05	62.99844198	1.251512	0.00394715557	41.271	0.0080058094	0.805	33.1	51.38931718221	0.866512205011191	0.254702330001411	62.547382595104	2.08	27.54	8.80456371427911	122.856502243989	94.3069999999999	5.59328612121213e-06
1943	78.3863311185436	99.0745325641026	10.5211859	1.71890297999989	5.24635083	4.77676436626	129.2953298595	1.19457908505	0.26968713297	-1.53969773401	-2.72425368651	0.32115087626	162.61753019	0.60575268617	0.63509928693	0.60260059875	1.1015927525	1.09547484142	4.14044352253	4.02252016843	4.08566783031	4.3616855372	164.061963305985	167.367916436831	321.576204875	728.763206065	42.520963	45.51227	0.14717767547	0.28246515973	2.37852347732046	5.94564651865589	7.84333694581351	-35.9973986392421	123.123349366679	115.244512109639	26.795	32.2865	57.9898	22.2716	0.96597	25.502671	0.089061313	2.07	6	0.6375	3.05	62.99844198	1.251512	0.00394715557	41.271	0.0080058094	0.805	33.1	51.38931718221	0.866512205011191	0.254702330001411	62.547382595104	2.08	27.54	8.80456371427911	122.856502243989	94.3069999999999	5.59328612121213e-06
1954	101	77.1722086807215	10.790563	7.62139371	5.25977556	4.74587386791	128.8034956773	1.29776099103	0.27429026733	-1.22407781154	-3.47263301105	0.32678511259	155.7403988989	0.60366414174	0.63528345143	0.60823210799	1.10456922605	1.09683619462	4.17388087884	4.01987807428	4.09595515648	4.35071671064	167	167.106824331486	312.53734775	667.104220369	43.096811	44.08458	0.1422226303	0.28653818188	2.4982717961595	7.01921712350354	7.90066575112026	-35.3050294335586	137.410518678848	109.814367172393	28.453	32.7961	57.818	22.509	1.76211	26.850011	0.0884247969999999	2.27	6.08	0.535	3.06	61.51729438	1.517496	0.00441197389	40.746	0.0082579139	0.78	30.52	39.15898317472	0.831451525846702	0.215790025659221	65.4074006673931	2.11	26.629	13.7307439575812	116.962522364893	91.1259999999999	0.00015048089675297
2016	69.75	96.8793171191554	10.6769215	1.46052117999989	5.45747624	4.78698052355	130.5851546713	1.17847316434	0.2714827252	-2.0675613589	-3.02486157487	0.32188090683	159.654823168	0.60698774932	0.63049998102	0.60095356592	1.10136760622	1.09553602752	4.1159377337	4.01824247311	4.07289739328	4.35567629237	163.801369918631	166.993888660281	309.189133696	700.871511489	43.864455	46.39914	0.14744900762	0.28436110814	2.50553632372443	6.0497662011977	7.99048851933307	-36.1531003176255	128.414417989416	113.888152413122	26.361	33.2037	58.3744	22.1572	0.95192	24.124019	0.090672726	2.07	5.93	0.6725	3.03	62.12842414	1.156276	0.00362148579	38.739	0.0078751584	0.82	31.25	51.61357706716	0.83939859390008	0.211282102728683	63.3684128238446	2.11	31.194	8.4404001973793	121.946247216618	96.3559999999999	-3.7639776e-05
2017	78.3863311185436	99.0745325641026	10.5211859	1.71890297999989	5.24635083	4.77676436626	129.2953298595	1.19457908505	0.26968713297	-1.53969773401	-2.72425368651	0.32115087626	162.61753019	0.60575268617	0.63509928693	0.60260059875	1.1015927525	1.09547484142	4.14044352253	4.02252016843	4.08566783031	4.3616855372	164.061963305985	167.367916436831	321.576204875	728.763206065	42.520963	45.51227	0.14717767547	0.28246515973	2.37852347732046	5.94564651865589	7.84333694581351	-35.9973986392421	123.123349366679	115.244512109639	26.795	32.2865	57.9898	22.2716	0.96597	25.502671	0.089061313	2.07	6	0.6375	3.05	62.99844198	1.251512	0.00394715557	41.271	0.0080058094	0.805	33.1	51.38931718221	0.866512205011191	0.254702330001411	62.547382595104	2.08	27.54	8.80456371427911	122.856502243989	94.3069999999999	5.59328612121213e-06
2031	78.3863311185436	99.0745325641026	10.5211859	1.71890297999989	5.24635083	4.77676436626	129.2953298595	1.19457908505	0.26968713297	-1.53969773401	-2.72425368651	0.32115087626	162.61753019	0.60575268617	0.63509928693	0.60260059875	1.1015927525	1.09547484142	4.14044352253	4.02252016843	4.08566783031	4.3616855372	164.061963305985	167.367916436831	321.576204875	728.763206065	42.520963	45.51227	0.14717767547	0.28246515973	2.37852347732046	5.94564651865589	7.84333694581351	-35.9973986392421	123.123349366679	115.244512109639	26.795	32.2865	57.9898	22.2716	0.96597	25.502671	0.089061313	2.07	6	0.6375	3.05	62.99844198	1.251512	0.00394715557	41.271	0.0080058094	0.805	33.1	51.38931718221	0.866512205011191	0.254702330001411	62.547382595104	2.08	27.54	8.80456371427911	122.856502243989	94.3069999999999	5.59328612121213e-06
2053	78.3863311185436	99.0745325641026	10.5211859	1.71890297999989	5.24635083	4.77676436626	129.2953298595	1.19457908505	0.26968713297	-1.53969773401	-2.72425368651	0.32115087626	162.61753019	0.60575268617	0.63509928693	0.60260059875	1.1015927525	1.09547484142	4.14044352253	4.02252016843	4.08566783031	4.3616855372	164.061963305985	167.367916436831	321.576204875	728.763206065	42.520963	45.51227	0.14717767547	0.28246515973	2.37852347732046	5.94564651865589	7.84333694581351	-35.9973986392421	123.123349366679	115.244512109639	26.795	32.2865	57.9898	22.2716	0.96597	25.502671	0.089061313	2.07	6	0.6375	3.05	62.99844198	1.251512	0.00394715557	41.271	0.0080058094	0.805	33.1	51.38931718221	0.866512205011191	0.254702330001411	62.547382595104	2.08	27.54	8.80456371427911	122.856502243989	94.3069999999999	5.59328612121213e-06
2057	64.806558550284	95.5903270879121	22.7807	-19.9671	26.6364	4.7469	111.90475	1.260513545	0.323183364	2.4861	-0.1378	0.287761905	185.2231176	0.555969048	0.6425	0.575619048	1.088036419	1.078780618	4.46875	4.46155	4.343777778	4.46	163.428428967008	167.061555553917	258.89661695	686.096748943	42.495385	44.377401	0.129791491	0.274335824	2.26457682372314	6.91665336441443	7.43970059229599	-36.3412381321125	135.863888888894	111.794293557754	29.768	29.7828	56.9096	22.4422	1.20072	25.523851	0.106900598	2.25	5.94	0.595	3.03	58.19700038	1.224655	0.00428504697	42.267	0.0080493056	0.8175	36.07	54.47858663048	0.753656764705882	0.28526203827526	64.1674485381325	2.36	27.251	9.02958623577472	121.332331057608	32.5	-6.946251e-05
2081	78.3863311185436	99.0745325641026	10.5211859	1.71890297999989	5.24635083	4.77676436626	129.2953298595	1.19457908505	0.26968713297	-1.53969773401	-2.72425368651	0.32115087626	162.61753019	0.60575268617	0.63509928693	0.60260059875	1.1015927525	1.09547484142	4.14044352253	4.02252016843	4.08566783031	4.3616855372	164.061963305985	167.367916436831	321.576204875	728.763206065	42.520963	45.51227	0.14717767547	0.28246515973	2.37852347732046	5.94564651865589	7.84333694581351	-35.9973986392421	123.123349366679	115.244512109639	26.795	32.2865	57.9898	22.2716	0.96597	25.502671	0.089061313	2.07	6	0.6375	3.05	62.99844198	1.251512	0.00394715557	41.271	0.0080058094	0.805	33.1	51.38931718221	0.866512205011191	0.254702330001411	62.547382595104	2.08	27.54	8.80456371427911	122.856502243989	94.3069999999999	5.59328612121213e-06
2091	78.3863311185436	99.0745325641026	10.5211859	1.71890297999989	5.24635083	4.77676436626	129.2953298595	1.19457908505	0.26968713297	-1.53969773401	-2.72425368651	0.32115087626	162.61753019	0.60575268617	0.63509928693	0.60260059875	1.1015927525	1.09547484142	4.14044352253	4.02252016843	4.08566783031	4.3616855372	164.061963305985	167.367916436831	321.576204875	728.763206065	42.520963	45.51227	0.14717767547	0.28246515973	2.37852347732046	5.94564651865589	7.84333694581351	-35.9973986392421	123.123349366679	115.244512109639	26.795	32.2865	57.9898	22.2716	0.96597	25.502671	0.089061313	2.07	6	0.6375	3.05	62.99844198	1.251512	0.00394715557	41.271	0.0080058094	0.805	33.1	51.38931718221	0.866512205011191	0.254702330001411	62.547382595104	2.08	27.54	8.80456371427911	122.856502243989	94.3069999999999	5.59328612121213e-06
2106	78.3863311185436	99.0745325641026	10.5211859	1.71890297999989	5.24635083	4.77676436626	129.2953298595	1.19457908505	0.26968713297	-1.53969773401	-2.72425368651	0.32115087626	162.61753019	0.60575268617	0.63509928693	0.60260059875	1.1015927525	1.09547484142	4.14044352253	4.02252016843	4.08566783031	4.3616855372	164.061963305985	167.367916436831	321.576204875	728.763206065	42.520963	45.51227	0.14717767547	0.28246515973	2.37852347732046	5.94564651865589	7.84333694581351	-35.9973986392421	123.123349366679	115.244512109639	26.795	32.2865	57.9898	22.2716	0.96597	25.502671	0.089061313	2.07	6	0.6375	3.05	62.99844198	1.251512	0.00394715557	41.271	0.0080058094	0.805	33.1	51.38931718221	0.866512205011191	0.254702330001411	62.547382595104	2.08	27.54	8.80456371427911	122.856502243989	94.3069999999999	5.59328612121213e-06
2108	78.3863311185436	99.0745325641026	10.5211859	1.71890297999989	5.24635083	4.77676436626	129.2953298595	1.19457908505	0.26968713297	-1.53969773401	-2.72425368651	0.32115087626	162.61753019	0.60575268617	0.63509928693	0.60260059875	1.1015927525	1.09547484142	4.14044352253	4.02252016843	4.08566783031	4.3616855372	164.061963305985	167.367916436831	321.576204875	728.763206065	42.520963	45.51227	0.14717767547	0.28246515973	2.37852347732046	5.94564651865589	7.84333694581351	-35.9973986392421	123.123349366679	115.244512109639	26.795	32.2865	57.9898	22.2716	0.96597	25.502671	0.089061313	2.07	6	0.6375	3.05	62.99844198	1.251512	0.00394715557	41.271	0.0080058094	0.805	33.1	51.38931718221	0.866512205011191	0.254702330001411	62.547382595104	2.08	27.54	8.80456371427911	122.856502243989	94.3069999999999	5.59328612121213e-06
2141	78.3863311185436	99.0745325641026	10.5211859	1.71890297999989	5.24635083	4.77676436626	129.2953298595	1.19457908505	0.26968713297	-1.53969773401	-2.72425368651	0.32115087626	162.61753019	0.60575268617	0.63509928693	0.60260059875	1.1015927525	1.09547484142	4.14044352253	4.02252016843	4.08566783031	4.3616855372	164.061963305985	167.367916436831	321.576204875	728.763206065	42.520963	45.51227	0.14717767547	0.28246515973	2.37852347732046	5.94564651865589	7.84333694581351	-35.9973986392421	123.123349366679	115.244512109639	26.795	32.2865	57.9898	22.2716	0.96597	25.502671	0.089061313	2.07	6	0.6375	3.05	62.99844198	1.251512	0.00394715557	41.271	0.0080058094	0.805	33.1	51.38931718221	0.866512205011191	0.254702330001411	62.547382595104	2.08	27.54	8.80456371427911	122.856502243989	94.3069999999999	5.59328612121213e-06
2159	78.3863311185436	99.0745325641026	10.5211859	1.71890297999989	5.24635083	4.77676436626	129.2953298595	1.19457908505	0.26968713297	-1.53969773401	-2.72425368651	0.32115087626	162.61753019	0.60575268617	0.63509928693	0.60260059875	1.1015927525	1.09547484142	4.14044352253	4.02252016843	4.08566783031	4.3616855372	164.061963305985	167.367916436831	321.576204875	728.763206065	42.520963	45.51227	0.14717767547	0.28246515973	2.37852347732046	5.94564651865589	7.84333694581351	-35.9973986392421	123.123349366679	115.244512109639	26.795	32.2865	57.9898	22.2716	0.96597	25.502671	0.089061313	2.07	6	0.6375	3.05	62.99844198	1.251512	0.00394715557	41.271	0.0080058094	0.805	33.1	51.38931718221	0.866512205011191	0.254702330001411	62.547382595104	2.08	27.54	8.80456371427911	122.856502243989	94.3069999999999	5.59328612121213e-06
2166	78.3863311185436	99.0745325641026	10.5211859	1.71890297999989	5.24635083	4.77676436626	129.2953298595	1.19457908505	0.26968713297	-1.53969773401	-2.72425368651	0.32115087626	162.61753019	0.60575268617	0.63509928693	0.60260059875	1.1015927525	1.09547484142	4.14044352253	4.02252016843	4.08566783031	4.3616855372	164.061963305985	167.367916436831	321.576204875	728.763206065	42.520963	45.51227	0.14717767547	0.28246515973	2.37852347732046	5.94564651865589	7.84333694581351	-35.9973986392421	123.123349366679	115.244512109639	26.795	32.2865	57.9898	22.2716	0.96597	25.502671	0.089061313	2.07	6	0.6375	3.05	62.99844198	1.251512	0.00394715557	41.271	0.0080058094	0.805	33.1	51.38931718221	0.866512205011191	0.254702330001411	62.547382595104	2.08	27.54	8.80456371427911	122.856502243989	94.3069999999999	5.59328612121213e-06
2171	82.5	113.056712301587	11.4187235	2.57544577999979	9.03623758	4.7689133006	128.2505935723	1.28701113592	0.28019905459	-1.24143117647	-2.3163093114	0.32109653637	149.890497215	0.60277729035	0.64712776523	0.58917559575	1.10222598103	1.09312205117	4.08908529827	3.98550233575	4.06142301018	4.3505108235	162.610830384763	166.667895797322	280.279885279	701.817981243	43.893625	46.733303	0.14610672016	0.28611081961	2.60909773045629	5.81937808733352	7.69628257337367	-36.093821743538	128.687269119767	113.180897507468	27.377	31.0161	56.7618	22.1808	1.13961	25.011114	0.091491721	2.08	5.9	0.61	3.03	64.23050438	1.044055	0.00381918014	40.116	0.0078151034	0.8025	40.58	45.06796638566	0.786463828144321	0.219131451606319	60.5900709959035	2.25333333333333	28.684	7.9448555519829	123.37001327986	95.516	2.87735270868347e-05
2191	78.3863311185436	99.0745325641026	10.5211859	1.71890297999989	5.24635083	4.77676436626	129.2953298595	1.19457908505	0.26968713297	-1.53969773401	-2.72425368651	0.32115087626	162.61753019	0.60575268617	0.63509928693	0.60260059875	1.1015927525	1.09547484142	4.14044352253	4.02252016843	4.08566783031	4.3616855372	164.061963305985	167.367916436831	321.576204875	728.763206065	42.520963	45.51227	0.14717767547	0.28246515973	2.37852347732046	5.94564651865589	7.84333694581351	-35.9973986392421	123.123349366679	115.244512109639	26.795	32.2865	57.9898	22.2716	0.96597	25.502671	0.089061313	2.07	6	0.6375	3.05	62.99844198	1.251512	0.00394715557	41.271	0.0080058094	0.805	33.1	51.38931718221	0.866512205011191	0.254702330001411	62.547382595104	2.08	27.54	8.80456371427911	122.856502243989	94.3069999999999	5.59328612121213e-06
2202	96.5	78.9245855442746	11.5051877	3.91507214999989	6.15590643	4.77066076427	127.8212557087	1.21574691309	0.27539873222	-1.45417635162	-3.1839301731	0.32542050102	156.6614001089	0.606739599	0.64837098466	0.61345716992	1.10147393433	1.09456639288	4.13964381665	4.03188953957	4.08942532817	4.35842164853	164.815562462339	166.609148064328	318.45012425	695.895575789	43.069456	44.863229	0.14305179116	0.28358109353	2.37868233385224	6.66921042471055	7.95606426096139	-35.4500377304491	129.376100596928	112.864562109863	27.799	31.944	59.1170999999999	22.3843	1.52891	26.687327	0.0868079249999999	2.14	6.11	0.55	3.03	63.20081098	1.382644	0.00409333222	40.875	0.0082604071	0.79	32.42	55.3316507553	0.847303318133363	0.203646676831544	63.0290225740113	2.09	19.695	11.397404847916	116.029318031635	92.7709999999999	8.78320031773399e-05
2212	78.3863311185436	99.0745325641026	10.5211859	1.71890297999989	5.24635083	4.77676436626	129.2953298595	1.19457908505	0.26968713297	-1.53969773401	-2.72425368651	0.32115087626	162.61753019	0.60575268617	0.63509928693	0.60260059875	1.1015927525	1.09547484142	4.14044352253	4.02252016843	4.08566783031	4.3616855372	164.061963305985	167.367916436831	321.576204875	728.763206065	42.520963	45.51227	0.14717767547	0.28246515973	2.37852347732046	5.94564651865589	7.84333694581351	-35.9973986392421	123.123349366679	115.244512109639	26.795	32.2865	57.9898	22.2716	0.96597	25.502671	0.089061313	2.07	6	0.6375	3.05	62.99844198	1.251512	0.00394715557	41.271	0.0080058094	0.805	33.1	51.38931718221	0.866512205011191	0.254702330001411	62.547382595104	2.08	27.54	8.80456371427911	122.856502243989	94.3069999999999	5.59328612121213e-06
2239	78.3863311185436	99.0745325641026	10.5211859	1.71890297999989	5.24635083	4.77676436626	129.2953298595	1.19457908505	0.26968713297	-1.53969773401	-2.72425368651	0.32115087626	162.61753019	0.60575268617	0.63509928693	0.60260059875	1.1015927525	1.09547484142	4.14044352253	4.02252016843	4.08566783031	4.3616855372	164.061963305985	167.367916436831	321.576204875	728.763206065	42.520963	45.51227	0.14717767547	0.28246515973	2.37852347732046	5.94564651865589	7.84333694581351	-35.9973986392421	123.123349366679	115.244512109639	26.795	32.2865	57.9898	22.2716	0.96597	25.502671	0.089061313	2.07	6	0.6375	3.05	62.99844198	1.251512	0.00394715557	41.271	0.0080058094	0.805	33.1	51.38931718221	0.866512205011191	0.254702330001411	62.547382595104	2.08	27.54	8.80456371427911	122.856502243989	94.3069999999999	5.59328612121213e-06
2240	78.3863311185436	99.0745325641026	10.5211859	1.71890297999989	5.24635083	4.77676436626	129.2953298595	1.19457908505	0.26968713297	-1.53969773401	-2.72425368651	0.32115087626	162.61753019	0.60575268617	0.63509928693	0.60260059875	1.1015927525	1.09547484142	4.14044352253	4.02252016843	4.08566783031	4.3616855372	164.061963305985	167.367916436831	321.576204875	728.763206065	42.520963	45.51227	0.14717767547	0.28246515973	2.37852347732046	5.94564651865589	7.84333694581351	-35.9973986392421	123.123349366679	115.244512109639	26.795	32.2865	57.9898	22.2716	0.96597	25.502671	0.089061313	2.07	6	0.6375	3.05	62.99844198	1.251512	0.00394715557	41.271	0.0080058094	0.805	33.1	51.38931718221	0.866512205011191	0.254702330001411	62.547382595104	2.08	27.54	8.80456371427911	122.856502243989	94.3069999999999	5.59328612121213e-06
2276	84.25	92.9530380475081	10.7457569	1.92928942999989	5.56851625	4.76901155343	128.6452561436	1.20211780512	0.27271820748	-1.42453396869	-2.78422238752	0.3212689735	161.554335272	0.60770180509	0.64091824429	0.60625532355	1.10095312494	1.09435469049	4.15224588443	4.0102333149	4.08613869897	4.36211498794	163.943047036814	166.916371360632	321.150646883	721.068360867	43.383378	45.504878	0.14617326801	0.28295622855	2.4264651772666	6.08348294888581	7.92715845788361	-35.889328187287	123.194519400347	114.863823846481	27.215	32.5284	58.8041	22.3212	1.02841	25.906154	0.086837466	2.07	5.95	0.62	3.03	62.96297004	1.266604	0.00385101771	40.964	0.007974476	0.7825	29.79	49.45472448498	0.869242205011191	0.302453330001411	62.433975254704	2.08	28.772	8.81451650203902	121.926430806279	93.0649999999999	3.21306963809524e-05
2278	85	90.0233734731935	10.8854273	1.78152672999989	5.48393423	4.77932274031	130.1580940779	1.18826576158	0.26941579325	-1.55351691698	-2.62034255941	0.32238337428	159.938805857	0.60738298226	0.64488322793	0.60740079129	1.10165178624	1.09573108938	4.14799438471	4.02357967435	4.08342051152	4.3573519063	164.174348057471	167.247289454026	322.891548175	716.754457805	43.590944	45.424922	0.14612915007	0.28431968078	2.2614041696858	6.14622872358227	7.94593298258393	-35.9567923710965	122.068858024688	114.373723081084	26.727	33.1469	58.7577999999999	22.2116	1.0453	25.733818	0.088489868	2.13	6.01	0.6225	3.04	61.86824318	1.219765	0.00377516517	40.828	0.0080059738	0.8025	35.22	47.07870415856	0.852170253791679	0.28954401367488	62.9718005618913	2.08	24.917	8.79220326613235	122.660249666429	95.0699999999999	3.7760274e-05
2285	78.3863311185436	99.0745325641026	10.5211859	1.71890297999989	5.24635083	4.77676436626	129.2953298595	1.19457908505	0.26968713297	-1.53969773401	-2.72425368651	0.32115087626	162.61753019	0.60575268617	0.63509928693	0.60260059875	1.1015927525	1.09547484142	4.14044352253	4.02252016843	4.08566783031	4.3616855372	164.061963305985	167.367916436831	321.576204875	728.763206065	42.520963	45.51227	0.14717767547	0.28246515973	2.37852347732046	5.94564651865589	7.84333694581351	-35.9973986392421	123.123349366679	115.244512109639	26.795	32.2865	57.9898	22.2716	0.96597	25.502671	0.089061313	2.07	6	0.6375	3.05	62.99844198	1.251512	0.00394715557	41.271	0.0080058094	0.805	33.1	51.38931718221	0.866512205011191	0.254702330001411	62.547382595104	2.08	27.54	8.80456371427911	122.856502243989	94.3069999999999	5.59328612121213e-06
2286	78.3863311185436	99.0745325641026	10.5211859	1.71890297999989	5.24635083	4.77676436626	129.2953298595	1.19457908505	0.26968713297	-1.53969773401	-2.72425368651	0.32115087626	162.61753019	0.60575268617	0.63509928693	0.60260059875	1.1015927525	1.09547484142	4.14044352253	4.02252016843	4.08566783031	4.3616855372	164.061963305985	167.367916436831	321.576204875	728.763206065	42.520963	45.51227	0.14717767547	0.28246515973	2.37852347732046	5.94564651865589	7.84333694581351	-35.9973986392421	123.123349366679	115.244512109639	26.795	32.2865	57.9898	22.2716	0.96597	25.502671	0.089061313	2.07	6	0.6375	3.05	62.99844198	1.251512	0.00394715557	41.271	0.0080058094	0.805	33.1	51.38931718221	0.866512205011191	0.254702330001411	62.547382595104	2.08	27.54	8.80456371427911	122.856502243989	94.3069999999999	5.59328612121213e-06
2317	53.5	120.372541769073	10.6034033	0.575915259999893	5.44378136000001	4.76941472766	132.6683765545	1.19543104321	0.26498515154	-1.45047791687	-2.9300736139	0.32458760983	155.624135203	0.6044685163	0.61284344921	0.58615642332	1.10161799002	1.09706228168	4.08294823279	3.99686122676	4.09369446721	4.3661434935	162.5714286	165	247.019353363	670.584770766	43.911417	47.197052	0.14576094141	0.28348318701	2.6623626513733	5.47906561175646	7.97889114781777	-36.1271661337858	126.083571428569	112.851202733419	25.768	32.7753	56.7875	21.8614	0.84718	21.584457	0.08878013	2.14	5.73	0.695	3.01	64.1225104	0.950298	0.00367302946	39.449	0.0079293912	0.8125	42.05	41.68618463254	0.731905162904739	0.213437822185697	59.3924159244568	2.21711111111111	41.124	6.69369512892939	133.496465203351	94.1759999999999	-9.9169510627451e-05
2370	78.3863311185436	99.0745325641026	10.5211859	1.71890297999989	5.24635083	4.77676436626	129.2953298595	1.19457908505	0.26968713297	-1.53969773401	-2.72425368651	0.32115087626	162.61753019	0.60575268617	0.63509928693	0.60260059875	1.1015927525	1.09547484142	4.14044352253	4.02252016843	4.08566783031	4.3616855372	164.061963305985	167.367916436831	321.576204875	728.763206065	42.520963	45.51227	0.14717767547	0.28246515973	2.37852347732046	5.94564651865589	7.84333694581351	-35.9973986392421	123.123349366679	115.244512109639	26.795	32.2865	57.9898	22.2716	0.96597	25.502671	0.089061313	2.07	6	0.6375	3.05	62.99844198	1.251512	0.00394715557	41.271	0.0080058094	0.805	33.1	51.38931718221	0.866512205011191	0.254702330001411	62.547382595104	2.08	27.54	8.80456371427911	122.856502243989	94.3069999999999	5.59328612121213e-06
2412	78.3863311185436	99.0745325641026	10.5211859	1.71890297999989	5.24635083	4.77676436626	129.2953298595	1.19457908505	0.26968713297	-1.53969773401	-2.72425368651	0.32115087626	162.61753019	0.60575268617	0.63509928693	0.60260059875	1.1015927525	1.09547484142	4.14044352253	4.02252016843	4.08566783031	4.3616855372	164.061963305985	167.367916436831	321.576204875	728.763206065	42.520963	45.51227	0.14717767547	0.28246515973	2.37852347732046	5.94564651865589	7.84333694581351	-35.9973986392421	123.123349366679	115.244512109639	26.795	32.2865	57.9898	22.2716	0.96597	25.502671	0.089061313	2.07	6	0.6375	3.05	62.99844198	1.251512	0.00394715557	41.271	0.0080058094	0.805	33.1	51.38931718221	0.866512205011191	0.254702330001411	62.547382595104	2.08	27.54	8.80456371427911	122.856502243989	94.3069999999999	5.59328612121213e-06
4779	50.25	135.349000307341	10.9607909	-0.845085040000107	5.37202928	4.77729401013	132.4445582669	1.24255642528	0.26801526054	-2.07627257738	-3.18262946244	0.31790973574	152.805524014	0.60474143883	0.6391146045	0.58160043716	1.10049526327	1.09576200965	4.05080016465	3.96366868525	4.10357759586	4.34574330329	163.013354498867	165.577671568806	241.268726586	676.319213902	43.92725	46.466605	0.14513285788	0.28137276436	2.37860855252931	5.46282876129655	7.91811312123784	-36.069033648628	127.937291472143	111.384839522689	26.019	31.8699	57.4478999999999	21.8393	1.08898	22.375928	0.089579136	2.05	5.91	0.6575	3.02	65.22168818	0.958746	0.0037614455	40.29	0.007646047	0.8375	51.95	33.5564275706	0.671525678599125	0.0595196430733765	44.96296296	2	42.386	6.87637904257022	126.389481535942	90.012	-2.42567933790358e-06
4807	87.5	84.5981326078972	10.7098783	8.61333826	7.37691497	4.7492059522	130.4189476182	1.27698468152	0.27327304713	-1.07584546928	-3.35985785808	0.32503165703	158.612397136	0.60391371467	0.65392381192	0.61339611317	1.1026321988	1.09550967883	4.17829104067	4.02260075631	4.09857508398	4.35427531639	165.775780738776	166.678338612523	297.212025627	662.929722298	43.304748	45.052165	0.1459794397	0.28772308224	2.54499166589638	7.08351922422724	7.96676739188748	-35.5213895227871	133.299595959593	110.895144215596	28.094	32.6336	59.1091	22.5045	1.60702	26.296026	0.089880776	2.15	6.01	0.5375	3.06	59.48739014	1.555556	0.00406074026	40.908	0.0082600647	0.82	22.33	54.74125373956	0.734872049193969	0.183622732779189	61.53846154	2	26.781	12.9459368202595	116.437576232173	89.649	7.11877525974026e-05
4826	51	144.27915154826	10.3250416	-2.92403598000011	5.40271279000001	4.74864557927	137.268075474	1.11745943933	0.265801335	-2.29997929705	-4.20324877763	0.32389912364	151.732028558	0.607774984	0.6171157367	0.57534648385	1.1008244666	1.09702275878	4.07249622084	4.00638990153	4.10292109581	4.34292022399	160.229107197951	166.450321217813	231.181089274	677.532512334	44.267155	46.745076	0.14435701701	0.29152502418	2.83422825351605	5.80435310535401	8.35712060359868	-36.5733041574386	123.192089947089	111.91520310663	23.734	36.9998	57.4569	21.6378	0.7753	21.622033	0.088449059	2.09	5.76	0.685	3.08	56.52026808	0.859987	0.00360335896	39.116	0.0078773376	0.765	24.2	75.6647080512	0.774173907563026	0.457954261575842	87.03703704	2	55.299	6.15169958785776	132.247784884108	84.701	-0.000242926241785714
4840	78.3863311185436	99.0745325641026	10.5211859	1.71890297999989	5.24635083	4.77676436626	129.2953298595	1.19457908505	0.26968713297	-1.53969773401	-2.72425368651	0.32115087626	162.61753019	0.60575268617	0.63509928693	0.60260059875	1.1015927525	1.09547484142	4.14044352253	4.02252016843	4.08566783031	4.3616855372	164.061963305985	167.367916436831	321.576204875	728.763206065	42.520963	45.51227	0.14717767547	0.28246515973	2.37852347732046	5.94564651865589	7.84333694581351	-35.9973986392421	123.123349366679	115.244512109639	26.795	32.2865	57.9898	22.2716	0.96597	25.502671	0.089061313	2.07	6	0.6375	3.05	62.99844198	1.251512	0.00394715557	41.271	0.0080058094	0.805	33.1	51.38931718221	0.866512205011191	0.254702330001411	62.547382595104	2.08	27.54	8.80456371427911	122.856502243989	94.3069999999999	5.59328612121213e-06
4857	78.3863311185436	99.0745325641026	10.5211859	1.71890297999989	5.24635083	4.77676436626	129.2953298595	1.19457908505	0.26968713297	-1.53969773401	-2.72425368651	0.32115087626	162.61753019	0.60575268617	0.63509928693	0.60260059875	1.1015927525	1.09547484142	4.14044352253	4.02252016843	4.08566783031	4.3616855372	164.061963305985	167.367916436831	321.576204875	728.763206065	42.520963	45.51227	0.14717767547	0.28246515973	2.37852347732046	5.94564651865589	7.84333694581351	-35.9973986392421	123.123349366679	115.244512109639	26.795	32.2865	57.9898	22.2716	0.96597	25.502671	0.089061313	2.07	6	0.6375	3.05	62.99844198	1.251512	0.00394715557	41.271	0.0080058094	0.805	33.1	51.38931718221	0.866512205011191	0.254702330001411	62.547382595104	2.08	27.54	8.80456371427911	122.856502243989	94.3069999999999	5.59328612121213e-06
4884	49.5	166.491534934504	9.7016206	-1.78312882000021	4.28396495	4.78350375945	134.1943024528	1.1459471092	0.26293996026	-1.85800312944	-3.41462522094	0.31946304448	151.059875907	0.60538000419	0.62953550258	0.57720178182	1.09906307923	1.09677795493	4.0865568129	3.9862494487	4.1052415782	4.33005178208	160.9488673173	165.430655516314	236.09486744	664.296827787	44.461419	46.923875	0.14517732924	0.28381250245	2.4901660237491	5.48622852229499	8.11010347060366	-36.2896661266323	121.981613756614	112.774248179446	25.744	33.3298	57.0604999999999	21.94	0.88281	21.752718	0.091318855	2.08	5.7	0.675	3.03	61.34226922	0.940553	0.00360825636	39.698	0.0077691146	0.8025	47.71	48.70496499301	0.725669650907346	0.175029976422524	57.75862069	2	48.653	5.80791380464114	132.738057364356	87.063	-9.74291789135338e-05
4900	50.25	155.107374549888	10.171188	-2.13052397000021	5.35776471	4.78042412129	135.3230864588	1.14050409501	0.26212676691	-1.96069797302	-3.5455759208	0.32073559809	155.784634257	0.60649361131	0.63218734742	0.57475512073	1.09995760187	1.09686497316	4.07107600207	3.99505717507	4.10452519644	4.34765581656	162.261214742211	165.909176651491	233.190131694	658.963505074	44.774705	46.510315	0.14431249152	0.28443179547	2.55832023404519	5.70176209681673	8.1488011481413	-36.3794432009526	128.733624338625	112.273320683187	25.763	35.1653	58.6812	21.8924	0.802	21.674833	0.089238861	2.06	5.68	0.6725	3.03	57.38913244	0.878039	0.00366483426	39.017	0.0076993271	0.8025	40.03	50.56029628466	0.708426047002533	0.226999306550729	45.98662207	2	45.871	5.45638348175945	132.591803383849	81.957	-0.000101651598199248
4939	78.3863311185436	99.0745325641026	10.5211859	1.71890297999989	5.24635083	4.77676436626	129.2953298595	1.19457908505	0.26968713297	-1.53969773401	-2.72425368651	0.32115087626	162.61753019	0.60575268617	0.63509928693	0.60260059875	1.1015927525	1.09547484142	4.14044352253	4.02252016843	4.08566783031	4.3616855372	164.061963305985	167.367916436831	321.576204875	728.763206065	42.520963	45.51227	0.14717767547	0.28246515973	2.37852347732046	5.94564651865589	7.84333694581351	-35.9973986392421	123.123349366679	115.244512109639	26.795	32.2865	57.9898	22.2716	0.96597	25.502671	0.089061313	2.07	6	0.6375	3.05	62.99844198	1.251512	0.00394715557	41.271	0.0080058094	0.805	33.1	51.38931718221	0.866512205011191	0.254702330001411	62.547382595104	2.08	27.54	8.80456371427911	122.856502243989	94.3069999999999	5.59328612121213e-06
4958	100.25	89.8581533113604	11.9121963	7.19190695999989	6.19387228	4.7603737673	128.469105445	1.32952303838	0.27096222616	-1.51714664729	-3.37654884271	0.32660470181	158.4504913839	0.60548023881	0.63387391373	0.61426849415	1.1023583657	1.09666822769	4.16578428244	4.04846526135	4.09373360999	4.33908746139	166.6666667	167	301.735568211	667.00840146	43.167996	44.93314	0.1459489944	0.29020782831	2.54331811266875	6.63659691301057	7.91674637876445	-35.5085475346905	137.847280215757	110.534781988319	27.813	31.6949	58.5864	22.2123	1.65138	26.521861	0.08817475	2.23	6.04	0.545	3.09	61.36637182	1.466414	0.00400211202	42.731	0.008348586	0.775	27.99	50.50057062081	0.771528536068039	0.178811544445893	69.00161031	2	26.675	11.4414802386787	116.532386293454	89.7739999999999	5.16693575974026e-05
5023	43.75	162.690715866905	9.7349743	-2.36908562000011	6.11845916	4.79253756844	134.5027899978	1.1126505335	0.26592892635	-1.80166238582	-3.49702159525	0.3200249322	151.389074408	0.60789596348	0.63305170518	0.57664138398	1.10168879164	1.09730102001	4.08452241696	4.01574972743	4.13015468074	4.32277585548	161.306984641941	166.126681334073	236.813229333	671.084981338	44.265048	47.609558	0.14595219406	0.28421136149	2.76486194396836	5.83964330557022	8.07091302560389	-37.0983090262	113.3333333333	116.4741	25.543	35.854	58.2951	21.7155	0.65714	21.470935	0.091924801	2.03	5.69	0.6775	3.03	59.36464306	0.845849	0.00361709044	37.977	0.0075620242	0.79	40.57	53.25348994343	0.710009521879044	0.382193110782192	55.23809524	3	46.419	6.17974096055894	133.067127506589	90.869	-0.000102488815699248
5104	40.75	127.875135557584	10.6727159	-4.05761112	5.52741381	4.76036048137	139.383862578	1.12464889154	0.26551453204	-2.1124230273	-3.74296295364	0.32294710343	154.910410207	0.61262159947	0.61265231742	0.58583363203	1.10140910869	1.09592024849	4.09270070194	4.04708977239	4.09339242653	4.35561385158	163.407860054955	167.344025134564	244.984030442	676.476966003	44.88429	46.91452	0.14907333239	0.28877521531	2.7504146169914	6.18539987841019	8.33256581439461	-36.8200101321659	123.38875661376	113.472159000236	23.801	37.4113	61.2017	21.664	0.57115	21.355214	0.092197168	2.08	5.83	0.6475	3.09	53.69183054	0.964894	0.00362275178	38.435	0.0078674552	0.795	21.08	71.46095152709	0.773626764705883	0.51909549967108	94.07051282	2	47.407	7.18188224343291	120.359482695283	83.702	-0.00026742905
5151	73.66666667	78.5406530580108	10.4920947	5.31579651	8.39321432	4.75736783732	131.7212078202	1.15776423685	0.27023837467	-1.37952781423	-3.62608628404	0.32130189094	156.458789645	0.60447447559	0.64216344703	0.6118301628	1.10433679558	1.09884690866	4.17487914554	4.03941069783	4.10352463861	4.34855518434	166.6	166.91528302838	298.558389175	662.174503701	43.322516	45.163862	0.14523828222	0.28875315622	2.59948997088426	6.99091125096652	8.03627633584814	-35.3474942644044	132.982070707073	110.682368038825	28.175	33.1722	60.7632	22.4125	1.6156	26.187369	0.0886499489999999	2.21	6.16	0.59	3.09	56.25388962	1.460581	0.00357483226	41.242	0.0083866213	0.835	21.16	64.00080505856	0.737459490184352	0.188379570378151	74.15384615	2	26.793	18.87647887	108.8483366	90.215	-0.000121791
5165	81.75	83.1221010570951	9.9560596	5.56373858	7.98191548	4.76834725909	133.1768321877	1.10440793182	0.27161845269	-1.56451520369	-3.62126084872	0.32794710988	158.574928672	0.60906616648	0.634741759	0.60289423071	1.1027376341	1.0954805104	4.15243505795	4.05978656408	4.09749589378	4.32047136667	166.5	168.577571429333	291.597071737	661.577063333	43.383447	45.111517	0.14487866821	0.28543048648	2.94373148246156	6.80851279864977	8.16091837934584	-35.0903986749	100	122.9728	27.343	34.818	60.0127	22.3717	1.46329	26.597286	0.0874343769999999	2.2	5.98	0.59	3.1	55.44990392	1.452037	0.00373995133	43.346	0.008216248	0.7325	18.02	68.2344045449	0.697952840463458	0.350556215940922	100	2	30.481	12.09	116.7281891	83.112	7.12e-05
5210	78	121.814198781513	10.8947153	0.571181789999892	5.55411106	4.77839236019	129.9364695302	1.25588777754	0.27474651337	-1.94728686612	-3.26450213387	0.32174694959	157.7070898539	0.61113228185	0.64772919106	0.58699376139	1.10122159099	1.0953267652	4.1113482478	4.02619415384	4.08212543414	4.34852851629	163.329821378817	166.639529024066	297.569273379	693.46022788	43.704121	46.134771	0.14497961993	0.28230006763	2.67628924583087	6.01175550946186	7.72911349948622	-36.0643031919804	131.022738095235	109.95841877586	27.309	32.6067	58.9436999999999	22.0055	1.14443	25.771264	0.086756446	2.05	5.94	0.68	3.03	64.03698194	1.035059	0.00389897079	40.03	0.0078216533	0.7925	38.52	36.70206028072	0.738669349114656	0.0728205481721092	41.43356643	2	30.515	7.43040363313044	122.193907056439	94.298	3.51863486414566e-05
5236	43.5	165.347353267837	9.4902179	-0.818462720000214	4.89522312	4.75509580902	132.694852724	1.16586535696	0.26547228363	-1.48295856714	-3.32047641727	0.32221077987	148.907263719	0.60764029776	0.62701002014	0.57665355809	1.10154031869	1.0971508322	4.06116938868	4.01755492191	4.10960789523	4.34319628244	160.261638298029	166.091291518459	236.762703382	667.596089247	43.486008	46.899223	0.14411189638	0.28273383356	2.7306022938994	5.4560398798229	8.11929084179543	-36.479103066104	125.523809523807	113.482980033219	25.239	35.0345	58.3614	21.9095	0.75911	21.532966	0.089099481	2.07	5.63	0.67	3.04	58.35526428	0.86757	0.00350486224	39.835	0.0077924747	0.785	42.35	51.11314185339	0.725728680290298	0.34340703935362	78.48275862	2	47.103	4.63027421396072	132.717979187153	91.439	-3.92255280325815e-05
5249	78.3863311185436	99.0745325641026	10.5211859	1.71890297999989	5.24635083	4.77676436626	129.2953298595	1.19457908505	0.26968713297	-1.53969773401	-2.72425368651	0.32115087626	162.61753019	0.60575268617	0.63509928693	0.60260059875	1.1015927525	1.09547484142	4.14044352253	4.02252016843	4.08566783031	4.3616855372	164.061963305985	167.367916436831	321.576204875	728.763206065	42.520963	45.51227	0.14717767547	0.28246515973	2.37852347732046	5.94564651865589	7.84333694581351	-35.9973986392421	123.123349366679	115.244512109639	26.795	32.2865	57.9898	22.2716	0.96597	25.502671	0.089061313	2.07	6	0.6375	3.05	62.99844198	1.251512	0.00394715557	41.271	0.0080058094	0.805	33.1	51.38931718221	0.866512205011191	0.254702330001411	62.547382595104	2.08	27.54	8.80456371427911	122.856502243989	94.3069999999999	5.59328612121213e-06
5253	38	186.719898505932	9.5260559	-1.48158332000021	5.68500581	4.76901572118	137.6788977358	1.15043432198	0.26528035588	-1.70970966163	-3.92370205205	0.32273465457	151.767773902	0.60939709268	0.6373493591	0.56875342613	1.10081766081	1.09632733439	4.07950845759	4.00944286184	4.10962870957	4.32235963535	160.084331070131	166.136183077018	231.209320942	665.702582917	43.739683	47.106222	0.14326841267	0.28351202154	2.77060290673915	5.68078453143976	8.232366713773	-36.6972705862829	124.067777777776	112.549361714681	25.368	37.2594	57.9781999999999	22.0572	0.81163	21.711818	0.089594399	2.08	5.65	0.655	3.04	58.17342792	0.880984	0.00345301924	38.781	0.007639734	0.785	36.64	53.09055815076	0.69863596449204	0.384535975861557	94.44444444	2	46.862	4.06775	132.945811	85.147	-0.000123257072842105
5276	49.75	144.09857062881	10.041485	-1.74803603000011	5.14738744	4.78671410858	136.1604265542	1.12012211568	0.26603441775	-1.8407958298	-3.78382884365	0.32405918272	154.80266749	0.6100339671	0.62860052952	0.58106983131	1.10313974847	1.0981905736	4.09553893377	3.99699624527	4.10304945888	4.3417025668	162.217314949875	166.99958322867	243.088404466	657.770482748	44.383228	47.478641	0.14912986	0.28780744406	2.51241318111656	5.62907375051151	8.23312712946303	-36.4493967211009	132.753333333331	110.771347343873	25.52	35.6167	58.9078999999999	22.0732	0.79411	21.614602	0.089961104	2.07	5.82	0.675	3.05	58.92196674	0.904821	0.00338579939	37.29	0.0076549523	0.7775	42.04	54.00964249456	0.701740736765932	0.287175610782192	70.76923077	2	41.459	7.829904762	141.5124662	88.332	-8.79580346992481e-05
5279	78.3863311185436	99.0745325641026	10.5211859	1.71890297999989	5.24635083	4.77676436626	129.2953298595	1.19457908505	0.26968713297	-1.53969773401	-2.72425368651	0.32115087626	162.61753019	0.60575268617	0.63509928693	0.60260059875	1.1015927525	1.09547484142	4.14044352253	4.02252016843	4.08566783031	4.3616855372	164.061963305985	167.367916436831	321.576204875	728.763206065	42.520963	45.51227	0.14717767547	0.28246515973	2.37852347732046	5.94564651865589	7.84333694581351	-35.9973986392421	123.123349366679	115.244512109639	26.795	32.2865	57.9898	22.2716	0.96597	25.502671	0.089061313	2.07	6	0.6375	3.05	62.99844198	1.251512	0.00394715557	41.271	0.0080058094	0.805	33.1	51.38931718221	0.866512205011191	0.254702330001411	62.547382595104	2.08	27.54	8.80456371427911	122.856502243989	94.3069999999999	5.59328612121213e-06
5349	97.33333333	77.4362719391297	11.5385695	6.97850634	6.66075185	4.74641591146	127.5992333113	1.23122409757	0.2736738626	-1.39121708892	-3.41948292	0.32532031513	157.933415737	0.60252021477	0.64298352425	0.60910501501	1.102491057	1.09565522006	4.1803756834	4.01934363117	4.12383104283	4.37291764785	166.3333333	167.356748240115	304.135649107	675.333377437	43.153244	44.288661	0.14046286459	0.28533055106	2.53275926380839	6.9816964563798	7.96335051509154	-35.4043983580919	136.961370049703	109.858886043549	28.315	32.3764	59.7165999999999	22.5486	1.7288	26.37357	0.082936348	2.25	6.11	0.5475	3.05	63.33933322	1.549652	0.0039879563	41.12	0.0082798564	0.78	30.16	40.34682891252	0.842248312000928	0.181637590944813	65.4870984268247	2.06	24.961	13.995141035481	115.749949853257	89.107	9.11502788440066e-05
5353	62.5	154.671094286426	9.37976369999999	-0.368084450000214	6.61873859000001	4.77851092251	135.8258716032	1.14101925321	0.26229035772	-1.82623866614	-3.30122675086	0.32366871862	153.761590399	0.61006943678	0.62654849279	0.57813515399	1.10107954967	1.09704126658	4.09583995515	3.97672735898	4.084137771	4.3527602767	165.1666667	168.25	235.543041207	674.112338814	43.973373	47.061807	0.15072029263	0.28720008238	2.54998416317698	5.88271189516964	8.14899622933395	-35.8938733882	173.3333333333	105.5083	25.67	34.4851	58.3935999999999	21.6264	0.82764	21.649818	0.092169941	2.04	5.82	0.7075	3.03	59.99165922	1.005178	0.00349705094	39.465	0.007719904	0.8275	38.36	58.14693355887	0.708887781385281	0.310742491617573	73.69047619	5	46.808	7.41329552610103	127.171412330059	88.048	-7.22353386675021e-05
5395	78.3863311185436	99.0745325641026	10.5211859	1.71890297999989	5.24635083	4.77676436626	129.2953298595	1.19457908505	0.26968713297	-1.53969773401	-2.72425368651	0.32115087626	162.61753019	0.60575268617	0.63509928693	0.60260059875	1.1015927525	1.09547484142	4.14044352253	4.02252016843	4.08566783031	4.3616855372	164.061963305985	167.367916436831	321.576204875	728.763206065	42.520963	45.51227	0.14717767547	0.28246515973	2.37852347732046	5.94564651865589	7.84333694581351	-35.9973986392421	123.123349366679	115.244512109639	26.795	32.2865	57.9898	22.2716	0.96597	25.502671	0.089061313	2.07	6	0.6375	3.05	62.99844198	1.251512	0.00394715557	41.271	0.0080058094	0.805	33.1	51.38931718221	0.866512205011191	0.254702330001411	62.547382595104	2.08	27.54	8.80456371427911	122.856502243989	94.3069999999999	5.59328612121213e-06
5486	37.5	83.7527048992674	10.6882009	2.12976795999989	6.33378723	4.79223168374	131.146233265	1.20567989296	0.27506610409	-1.75539038538	-3.14805035794	0.32272766508	159.351492423	0.60508938699	0.63930838117	0.6028252938	1.10070516299	1.09476207276	4.14063830308	4.03103064712	4.08298479551	4.3428114596	165.5	153.5	309.368504366	697.77868777	42.770379	44.603783	0.14076342425	0.28194430958	2.3625443112171	6.07370030738753	7.96100526320419	-35.8378294605927	129.002813051147	113.806321396656	28.117	32.1183	56.4010999999999	22.4764	1.24933	25.289411	0.087407781	2.15	6.03	0.64	3.05	58.7262886	1.324468	0.00385858788	41.245	0.0081596088	0.7775	37.23	40.12128596502	0.812573887334887	0.198188139757131	62.3092254036011	2.06166666666667	21.79	9.12857195262064	120.681213893717	97.566	-6.32690848888889e-05
5577	51	143.670589261288	10.4243263	-0.751061740000107	5.05548844	4.7830027689	135.7533814628	1.16197802501	0.26320200382	-1.91142086048	-3.54843568207	0.32110512984	153.42555256	0.60283517337	0.6273967357	0.58215573202	1.10201242778	1.09666956201	4.08989021867	3.97496962005	4.09298265914	4.34817460619	162	167	247.314588457	652.456655225	44.379152	47.713065	0.15007446305	0.28412136414	2.64021400756815	5.48716474336361	7.99252069451335	-36.0775718915172	133.378204170553	113.190424417989	25.509	34.5926	56.8198	22.0639	0.92853	21.453241	0.092567682	2.08	5.79	0.705	3.03	61.17093938	0.932968	0.00396240046	39.381	0.0077248349	0.7725	45.26	44.17759427158	0.68205889577859	0.161288775603481	56.96296296	2	45.313	6.6112286084798	130.824882196375	99.2889999999999	-9.70128749968672e-05
5644	46.25	142.9679409422	10.3450056	-3.6474799	6.16909555000001	4.7512149868	136.8475226516	1.12342151576	0.2660093628	-2.13935847527	-4.07897976835	0.32595148939	154.939833469	0.61468062285	0.62525588759	0.58749314962	1.10367259064	1.09686163338	4.09754981672	4.03445987244	4.10672496899	4.3375254543	162.187305825597	167.04174041378	233.097064435	667.702409006	44.650815	47.207863	0.1469895291	0.28862830219	2.79090556591103	6.30794600201622	8.2851949828418	-36.9508347715332	125.175793650794	112.478094091311	24.519	38.5989	60.0862	21.8088	0.71583	21.568522	0.090696507	2.08	5.87	0.675	3.05	54.75194354	0.992103	0.00366464195	37.974	0.0078309171	0.76	22.62	69.92049785249	0.76787454248366	0.46291549967108	87.5	2	44.209	5.92255102	120.9278587	87.291	-0.000189965286285714
5651	78.3863311185436	99.0745325641026	10.5211859	1.71890297999989	5.24635083	4.77676436626	129.2953298595	1.19457908505	0.26968713297	-1.53969773401	-2.72425368651	0.32115087626	162.61753019	0.60575268617	0.63509928693	0.60260059875	1.1015927525	1.09547484142	4.14044352253	4.02252016843	4.08566783031	4.3616855372	164.061963305985	167.367916436831	321.576204875	728.763206065	42.520963	45.51227	0.14717767547	0.28246515973	2.37852347732046	5.94564651865589	7.84333694581351	-35.9973986392421	123.123349366679	115.244512109639	26.795	32.2865	57.9898	22.2716	0.96597	25.502671	0.089061313	2.07	6	0.6375	3.05	62.99844198	1.251512	0.00394715557	41.271	0.0080058094	0.805	33.1	51.38931718221	0.866512205011191	0.254702330001411	62.547382595104	2.08	27.54	8.80456371427911	122.856502243989	94.3069999999999	5.59328612121213e-06
5717	89.1437497768178	107.807013363858	10.0668325	5.59087201	6.71383777	4.76659892589	127.8009974401	1.21216052831	0.27225093552	-1.23161285278	-2.96368689779	0.32115425634	155.382396725	0.60551996643	0.65524055067	0.60099108664	1.10146858679	1.09550199402	4.13324982005	3.99103551881	4.10772027513	4.33667829079	165.517884907669	165.222893749124	297.80710215	666.492016918	43.116021	45.132984	0.14110389139	0.28182925644	2.66731041816401	6.3761050688132	7.89798500657793	-35.3917214574355	138.302222222221	111.588708320601	27.962	32.5133	58.9982	22.6105	1.55734	26.459892	0.0868117539999999	2.15	5.95	0.5175	3.03	63.06446498	1.3344	0.00388253925	42.053	0.0082891762	0.78	33.86	46.39234544953	0.693813707955706	0.248871876659098	62.1622761296506	2.14	25.449	13.6839594482459	116.616328042694	83.7599999999999	6.58896176190476e-05
5718	78.3863311185436	99.0745325641026	10.5211859	1.71890297999989	5.24635083	4.77676436626	129.2953298595	1.19457908505	0.26968713297	-1.53969773401	-2.72425368651	0.32115087626	162.61753019	0.60575268617	0.63509928693	0.60260059875	1.1015927525	1.09547484142	4.14044352253	4.02252016843	4.08566783031	4.3616855372	164.061963305985	167.367916436831	321.576204875	728.763206065	42.520963	45.51227	0.14717767547	0.28246515973	2.37852347732046	5.94564651865589	7.84333694581351	-35.9973986392421	123.123349366679	115.244512109639	26.795	32.2865	57.9898	22.2716	0.96597	25.502671	0.089061313	2.07	6	0.6375	3.05	62.99844198	1.251512	0.00394715557	41.271	0.0080058094	0.805	33.1	51.38931718221	0.866512205011191	0.254702330001411	62.547382595104	2.08	27.54	8.80456371427911	122.856502243989	94.3069999999999	5.59328612121213e-06
5720	63.33333333	115.292117644397	10.4821805	7.51473805999989	7.35585031	4.75336734514	127.7676502501	1.20393098486	0.27504425122	-1.40289751266	-3.13569211907	0.31644333321	158.744834806	0.61022077235	0.64663480342	0.60686163303	1.10385875635	1.09522329149	4.16436261366	3.99841843735	4.11196408066	4.33116532968	164.572604529233	166.664432336488	293.405783536	674.218219868	42.865855	44.347853	0.14061297502	0.28366989923	2.49337395290968	6.94872833756623	7.78852669309145	-35.4480351783218	137.888646291984	109.801335610031	27.797	32.7559	58.2741	22.4658	1.56307	27.057347	0.0866921759999999	2.14	6.03	0.5275	3.02	65.90803092	1.317018	0.00440901993	43.003	0.008336703	0.7925	30.31	44.85813695429	0.678693113258736	0.211035750307617	60.7867738694705	2.36333333333333	27.253	14.650606787999	114.267590170882	87.458	8.61217953678161e-05
5726	48	108.17733691325	10.0814945	-1.13067941	6.67942207	4.800888533	129.9116292215	1.16696828543	0.26552450899	-1.2877613804	-3.27774369512	0.32404640463	155.570107324	0.60260387335	0.62916376278	0.59376360807	1.10371161628	1.09526585619	4.09723840446	3.99766289597	4.10956034895	4.35786102745	163.538151046702	166.996875543383	269.707739162	659.97567127	44.61758	46.312356	0.14722893365	0.28456136147	2.7401458576078	5.58650367225261	7.95852063381457	-36.3279294858275	128.514550264551	113.756714179179	26.461	33.1735	56.704	22.3344	0.63797	22.302767	0.092721413	2.09	5.72	0.71	3.04	60.65555772	1.008924	0.00373731035	39.697	0.007628231	0.8325	39.22	54.51545872572	0.800043531746031	0.278785663334744	63.3651152021452	2.19	35.812	8.117608696	149.4432358	88.798	-0.000104138912619048
5741	88.5	95.528095299284	11.0979701	15.99571004	6.41484054	4.73441057001	128.1130211465	1.27935022904	0.26861208631	-1.30436688719	-3.27071338583	0.32157648764	158.095551659	0.60011181718	0.63055038166	0.60929237084	1.10615723359	1.09671993529	4.19199778102	4.03918377003	4.12103146591	4.35594462698	170.5	166.48440313381	300.45177619	674.672369281	42.701459	43.81518	0.13594852717	0.28225638483	2.52090891960435	7.35913968722011	7.7595845763626	-35.0313004521855	139.127652717651	107.249772713414	29.085	32.0947	58.8916	22.8442	1.76779	25.529966	0.090956433	2.21	6.24	0.4675	3.1	64.23610246	1.533485	0.00470789341	40.614	0.0084272564	0.7825	21.56	19.07438044267	0.716744397679138	0.285626667344603	62.4037402238738	2.09	31.32	15.8072364030003	107.195263435479	87.065	0.000123920353527778
5748	41.75	118.543124358314	10.5260706	-1.91770751000021	5.13417305	4.78486270175	134.2404879805	1.15714174729	0.26519114654	-2.23579950281	-3.05505527953	0.32178216498	156.333792588	0.6094737585	0.63576431558	0.58730984526	1.10374562366	1.0970831099	4.10533934138	4.00247185629	4.10042427884	4.34776560864	163.284338914462	166.882944116983	248.981473612	679.935657173	44.38117	47.003149	0.14615596146	0.2844983774	2.54201525507415	5.7820188801315	8.0726516642929	-36.4990606596515	122.357989417988	116.241070852465	25.201	35.6356	59.1033	21.9691	0.60865	21.159062	0.092583431	2.06	5.72	0.74	3.03	58.45286168	0.874959	0.0038873298	39.363	0.0076644295	0.835	37.46	55.38901204607	0.817316927233413	0.35333224476912	63.2866030046372	2.1	31.623	7.22857232529013	124.618097027507	94.953	-0.000105323613996867
5757	66.66666667	96.9921378962704	10.8858605	1.25104985999979	5.1441828	4.78646869792	130.3464810735	1.17425469464	0.26900909005	-1.62504114278	-2.5843159082	0.32035239005	158.811499763	0.60508403566	0.64185240031	0.60222665364	1.10220534575	1.09516427024	4.14679355244	4.03657721197	4.07365833719	4.363003971	164.321831469543	166.93544228526	339.133770147	717.983905728	43.106105	45.681822	0.14571844047	0.28479596371	2.40267164847431	6.02669108611078	7.97182766212031	-36.1310215149943	124.95682820266	114.745364840349	26.97	33.4924	58.0238999999999	22.3506	1.01378	25.289606	0.088246907	2.09	5.94	0.6375	3.04	63.79237198	1.218091	0.00388915024	40.99	0.0079160014	0.81	32.65	50.03428377683	0.84030359390008	0.197045586574598	63.2503671075438	2.1	28.55	8.79185271786238	123.213230458874	97.5689999999999	-7.66811657142857e-06
5768	85	87.6923830803496	12.7512829	18.4249198699999	3.53742238	4.75556890166	126.1533249979	1.28900139326	0.27162572034	-1.02935363764	-3.57119235339	0.32464280563	155.558147352	0.598924002	0.64522579927	0.61058115299	1.10541315631	1.09621748489	4.18750863116	4.03967798653	4.08600113638	4.3552855556	164	167	292.562013129	664.086475626	43.124494	43.658272	0.13387621085	0.28724407528	2.19920693585923	7.65038716028231	7.54267107415946	-35.1976156403366	138.508716931215	105.894216661976	28.872	31.7282	58.9265	22.8502	1.82334	25.839155	0.090133125	2.29	6.14	0.4975	3.12	61.28706246	1.669632	0.00533496846	44.641	0.0085367648	0.7575	24.47	26.67340596323	0.71485026387789	0.211581757586078	47.91666667	2	28.038	14.92155844	99.23209959	93.971	0.000327979
5772	49	121.223624308756	11.4262735	1.33594808999989	6.62159104000001	4.76236791185	130.9442444133	1.17587628053	0.26794466716	-1.67192166111	-3.04921564041	0.32401255128	157.728612504	0.61085766483	0.62374099351	0.58270743674	1.10300137835	1.09315017369	4.0959892509	3.99356113143	4.0984843243	4.34322812761	159.8333333	167	259.327926829	682.721042821	44.332434	46.968907	0.14427256217	0.27797675396	2.49177309432618	5.59310326994356	8.09030744636561	-35.9946709960876	132.341666666669	113.413251729693	26.633	34.752	58.0041	21.8478	0.79209	21.894811	0.088497274	2.07	5.7	0.72	3	62.08558642	0.875606	0.00361368676	41.093	0.0076615162	0.8275	36.63	49.19192279791	0.705697755867498	0.339205069444444	61.5704228517566	2.3	33.772	7.592372881	174.4602417	90.794	-0.000318233
5776	78.3863311185436	99.0745325641026	10.5211859	1.71890297999989	5.24635083	4.77676436626	129.2953298595	1.19457908505	0.26968713297	-1.53969773401	-2.72425368651	0.32115087626	162.61753019	0.60575268617	0.63509928693	0.60260059875	1.1015927525	1.09547484142	4.14044352253	4.02252016843	4.08566783031	4.3616855372	164.061963305985	167.367916436831	321.576204875	728.763206065	42.520963	45.51227	0.14717767547	0.28246515973	2.37852347732046	5.94564651865589	7.84333694581351	-35.9973986392421	123.123349366679	115.244512109639	26.795	32.2865	57.9898	22.2716	0.96597	25.502671	0.089061313	2.07	6	0.6375	3.05	62.99844198	1.251512	0.00394715557	41.271	0.0080058094	0.805	33.1	51.38931718221	0.866512205011191	0.254702330001411	62.547382595104	2.08	27.54	8.80456371427911	122.856502243989	94.3069999999999	5.59328612121213e-06
5779	67	77.7214902995193	10.7934425	6.68022830999989	6.68931329	4.7722425452	132.8506249224	1.15629442137	0.26936466859	-1.17006301121	-3.43021452516	0.32346471736	159.27596051	0.60034004914	0.64915206894	0.60289895319	1.1036572745	1.09714667655	4.17455884854	4.05946600476	4.10214356713	4.33951305651	165.6666667	172	294.379214965	652.791854514	43.317552	45.016637	0.1431137452	0.28846525236	2.6141395417567	6.93016301313844	7.90809169135058	-35.3000095270001	126.902733686069	111.14114513808	28.041	33.5534	59.9525	22.6168	1.63566	25.956862	0.0868142259999999	2.2	6.09	0.5825	3.07	58.36358868	1.582264	0.00419065344	41.964	0.0083050411	0.7925	21.76	55.50524629544	0.75774602910295	0.216965588235294	75	2	23.544	13.18943255905	114.940613752776	86.973	-1.14506040952381e-05
5784	69.25	85.970501246489	10.7907489	20.00141564	7.34449568	4.73155641286	131.9366042088	1.15983317924	0.27516673342	-0.97114812021	-3.60650753231	0.32778911583	155.738097656	0.60941001544	0.63819915383	0.61903120037	1.10559095068	1.10028667131	4.2230998891	4.04929199891	4.09295219514	4.37599036054	167.6666667	167	302.552256553	667.998760892	42.521199	45.0321	0.13236498114	0.27856881941	2.64526296788549	7.94858813573958	8.05082686710769	-34.9082309055064	138.704444444449	107.599779320605	28.421	33.4912	58.5147	22.8984	1.69381	25.260215	0.095472409	2.24	6.15	0.4925	3.12	45.12314246	1.58295	0.00558033034999999	46.868	0.0086012454	0.6725	13.73	73.80647457588	0.689207570795753	0.225563791226727	98.38709677	2	34.281	12.75169935	96.1544725	84.247	-2.77e-05
5798	92.094201090439	108.022363363858	9.9943748	7.95869963	5.55733571	4.74034239536	126.7935986152	1.21764494026	0.27261261606	-1.06727118465	-3.25885631232	0.32257941465	158.625414204	0.61149795591	0.64778266038	0.60709612503	1.10359088635	1.09530024456	4.14397230916	4.02228024507	4.11133220932	4.35342510478	165.755503816949	165.957525693407	301.777007139	679.115445152	43.230045	44.492208	0.14087119676	0.28469262738	2.38595355304877	6.87908743420348	7.80424519462792	-35.5040410663202	138.654126984129	110.342773061425	28.167	33.2177	59.2253	22.5781	1.45772	26.42087	0.087027916	2.16	5.99	0.4925	3.03	67.03585352	1.407897	0.00430353593	41.313	0.0083330366	0.81	29.52	45.44616634264	0.734450298112039	0.238123784939652	63.0913059579506	2.14	25.229	13.9444128156917	112.429752107555	87.413	5.64312459523809e-05
5800	39	116.246491769073	11.0134643	-1.92879794000011	5.0510742	4.78856816643	131.0960132225	1.169753207	0.26361814123	-1.59381734818	-3.03983401014	0.31937597749	152.152625484	0.60684367716	0.62356246842	0.58601327223	1.10207703429	1.09586378496	4.11525368552	3.9676875967	4.10750908138	4.35268020509	165	172	251.232641802	688.277425959	44.349979	46.918768	0.14411975321	0.28235103786	2.75094979388141	5.67890262705394	8.11532698658141	-36.3032322168425	122.516197691192	115.889230473785	26.2	34.033	58.525	22.005	0.64632	21.060485	0.093607568	2.06	5.73	0.675	3.03	64.61034872	0.97995	0.0038064957	39.886	0.0078549245	0.8425	39.5	49.96028541723	0.803333305761882	0.325122208004414	62.2239639591125	2.12333333333333	32.601	6.93592034892631	128.95896210551	90.242	-0.000154198252806391
5811	46	136.305625706501	11.6021111	0.505760009999679	5.77383785000001	4.75563906852	132.0956476512	1.24022567708	0.26714807674	-1.89495283716	-2.96552100443	0.32389939284	157.20109097	0.60792938281	0.63516606369	0.58413309974	1.10437797896	1.09722883469	4.11850542945	3.99209581453	4.09847220175	4.34876861495	165.5	167	259.864617536	641.996605029	44.687995	47.41625	0.14734136497	0.2853441543	2.56807199450537	5.69878308082295	7.9925582623833	-35.840580981743	128.774999999997	112.773893293461	27.451	32.1605	57.8987999999999	22.1739	1.12555	21.905044	0.089457729	2.05	5.78	0.7175	3.04	60.25490994	0.96617	0.00370543269	40.512	0.0078475797	0.765	44.55	41.06940303762	0.697275083296793	0.136188278382278	30.92948718	2	42.37	6.641157895	124.9729843	95.416	-0.00038985
5822	111	83.3411592272582	9.145923	4.81989794999989	6.01156721	4.7610555628	128.3527597094	1.22611965426	0.27390851737	-1.82237619954	-2.92172226261	0.32675127894	160.184860211	0.60690810617	0.64247311566	0.60910764816	1.10219241304	1.09582209114	4.15777293101	4.03001203564	4.09699298974	4.34593386582	164.890403840614	166.669478914784	314.800834502	678.17157238	42.730259	44.549937	0.14141825436	0.28213505281	2.44049325722564	6.93681044258257	7.89988919744755	-35.3307507467213	130.096510048589	112.326417072101	28.22	32.1173	58.0088	22.451	1.67851	26.314755	0.08663148	2.19	6.05	0.5125	3.04	63.33865174	1.586642	0.00442220133	41.239	0.0082701	0.7825	31.64	48.95810372536	0.79950998480003	0.165720468613121	63.4823149547687	2.09	26.545	14.1450000945122	114.361985646019	89.464	9.38823075106732e-05
5830	75.33333333	92.1694710390575	9.9640929	14.2955066699999	7.93152118	4.75472847934	132.0948151739	1.29928643589	0.27099859224	-1.4320991133	-2.88302398302	0.32709531832	153.6908679149	0.60253675868	0.64904925462	0.61459805067	1.10493528486	1.0944709537	4.16518631978	4.03059238163	4.12246454682	4.3465319595	165.593212062573	166.667136404197	307.185117155	677.852646968	43.114811	43.867065	0.1375591891	0.28066170966	2.26394425526748	7.54306871794538	7.65937570563309	-34.7637785895	120	107.5769	28.263	31.8618	59.7790999999999	22.7837	1.90229	27.113782	0.088163518	2.21	6.23	0.555	3.05	62.39417716	1.63506	0.00483858744	39.97	0.0085530698	0.8275	35.51	47.05882353	0.703777889807296	0.123187724834786	23.67724868	4	28.487	16.57444444	123.0720577	89.447	4.68035721904762e-05
5831	93	92.7615444264069	10.9628606	18.1070392699999	8.64846605000001	4.7735449451	129.9780343637	1.32198674684	0.27359095209	-1.08441454952	-3.3338493259	0.32562240116	154.7241736829	0.60241844247	0.64263427981	0.61284749903	1.10529035344	1.09381791729	4.16465959291	4.0067214176	4.09923414877	4.36295141791	166.053693121806	167.362855691228	302.262225533	671.868379416	42.984154	44.434465	0.13298870177	0.27641397282	2.37655036279568	7.86067448057437	7.71123736515332	-35.1400915209583	134.180396825399	106.735250556813	27.395	32.326	59.441	22.6296	1.93578	26.865603	0.088213593	2.21	6.22	0.545	3.06	60.75560222	1.555172	0.00533408331	43.557	0.0084097237	0.81	36.92	0	0.632087842400434	0.149229523869085	18.96551724	2	28.033	12.9557028911133	105.386100601405	88.187	8.39190684545454e-05
5832	87.33333333	95.0765735622711	35.25	16.25	-9.82498	4.72879485963	135.5174810173	1.32823506384	0.25986901704	0.89537283979	-3.26516625437	0.32219941049	149.2740772729	0.60439939143	0.62963952995	0.59661177177	1.10960091258	1.10259595141	4.14999425358	4.01596098819	4.09627387556	4.3664164241	166.209892624985	167.586578701556	288.10424052	676.073039208	42.040053	43.605331	0.109869593	0.265952868	2.66963277082588	6.86354094026658	7.88526225797247	-35.4417486862	196.6666666667	101.8149	29.207	31.3341	58.0614	22.3	1.62604	25.212609	0.093914858	2.2	6.12	0.5575	3.09	45.8330207	1.418573	0.00462611698	43.58	0.0083597487	0.87	24.8	0	0.673072809172706	0.307168766695703	80.76923077	2	24.955	13.2474899042757	114.126904650357	88.9990000000001	-4.51564025882353e-05
5836	86.9727049209585	94.3032427822178	11.7231808	11.2770408399999	2.18089061	4.73848610021	128.4037365967	1.27341610627	0.27324584775	-1.15150114202	-3.54997134749	0.32181284962	158.882034524	0.603613303290001	0.64826241267	0.60225199569	1.10225491578	1.09593659521	4.19410956563	4.05366472258	4.12018892328	4.36968771058	166.201131185464	165.813916666433	296.592955494	681.59846039	42.807438	44.39175	0.13250765727	0.27889788027	2.46260218158795	7.04489665613698	7.87556108636832	-35.165184084314	144.057500000001	106.73866638626	27.845	32.6514	58.6822999999999	22.5724	1.76252	26.237964	0.0906082989999999	2.14	6.12	0.5475	3.01	63.45388746	1.524749	0.00439965015	41.212	0.0084184864	0.82	26.9	29.31741696912	0.681171158406156	0.25054570442464	62.7854467796348	2.16	23.748	15.5104106112559	109.82885707771	89.051	0.000169545020602241
5837	55.25	165.275060069184	1.5	10.75	11.425	4.98447619	148.6128095	1.073083289	0.24197664	1.461142857	4.897619048	0.305090909	143.4025	0.594183333	0.642285714	0.563363636	1.114484894	1.10548628	3.88152381	3.3399	3.893421053	4.069	161.170888886542	165.951728068263	231.798281	551.1593499	36.4516	41.2138	0.148121035	0.304813248	-0.188100641820645	5.84713410867711	8.79091356604286	-36.2338261045967	128.784126984127	111.314709632914	29.778	35.6459	65.7568	23.4863	0.813	22.505	0.0599347	2	7	0.5	4	4.16667	2.4135	0.00198257	23.3	0.00676544	1	34	52.75992724359	0.694333810160428	0.315753761825735	92	2	45.015	7.24385939739812	127.209499204154	99.6	-0.000200297304571429
5856	111.164113562318	92.4057033658974	5.3449252	23.35928012	0.55270256	4.74847573662	132.8479895703	1.21296832043	0.2750737457	-1.37001624357	-3.11967402499	0.32495695194	157.759904106	0.60292106065	0.64738212232	0.60805010714	1.10638823276	1.09947092082	4.21839217565	4.06237590308	4.10530099257	4.37239847472	172	168.374781481111	295.267313673	667.208703318	42.21817	44.695041	0.13182262571	0.27966041691	2.69947717094194	7.9272143493932	8.12016189317519	-34.8007358068443	140.072399355876	106.682136786681	27.816	33.3805	57.9061	22.6233	1.6163	25.16749	0.0937920339999999	2.19	6.15	0.4575	3.21	47.6220034	1.645634	0.00557557742999999	43.729	0.0084864674	0.695	12.35	93.84615385	0.655012194264069	0.424387379790941	100	4	32.356	14.4525158697416	103.80955590356	82.631	4.28185598333333e-05
5860	102.958047105936	105.147990342809	8.8846789	13.72030634	2.96843436	4.7366153007	129.0283883044	1.31244592303	0.27068915631	-1.45431475348	-3.39139045103	0.31922277648	158.516884562	0.6066407923	0.64518298442	0.61530015026	1.10492711895	1.09665871011	4.20150514231	4.01290820852	4.12463326686	4.39598037707	166.118571717201	167.484787037372	294.682174383	674.42017882	42.840803	43.98098	0.1320455851	0.28356582351	2.49940262132484	7.45935456187459	7.8708023214023	-34.8320734511262	139.175828924157	107.634184853045	28.269	32.8713	58.8930999999999	23.0091	1.76992	26.507081	0.092804135	2.22	6.18	0.4825	3.05	60.71946992	1.60773	0.00493743054	41.184	0.0086862477	0.765	19.88	35.38731564877	0.655301643939394	0.174276760701697	60.8259559133962	2.28714285714286	26.935	15.0506216027294	106.436466039579	83.802	0.000170401676852241
5865	101	83.703134018023	8.1428971	10.36441811	6.37010112	4.76366507506	128.1764706414	1.25223477344	0.26892888894	-1.32442244301	-2.88676331816	0.32350249593	159.030230232	0.60703583835	0.63425301179	0.61639055036	1.10382351448	1.09647122927	4.15985370726	4.0396216714	4.1056894319	4.36638137071	165.107025823493	167.47116617128	300.675186491	671.679927813	43.2894319999999	43.809645	0.13879591367	0.28289692993	2.54130414426813	7.01176258787803	7.84876942085987	-33.9312191295	126.6666666667	98.2844684159	27.928	33.0071	59.2038	22.7259	1.7431	25.734409	0.088122288	2.28	6.21	0.485	3.05	64.86502492	1.655599	0.00444608433	40.75	0.0083639328	0.7675	27.29	33.57008776151	0.684842249622373	0.178081302049238	60.9616469468583	2.14	26.805	15.6530876199217	108.592532331026	84.866	0.000102132775486864
5867	112.781288692758	86.1783086921412	-0.6625504	23.52725142	0.83580464	4.77698400065	137.64277465	1.18504330814	0.26892055322	-0.64718731552	-3.55448562995	0.33179581426	159.0506757119	0.60928021642	0.62740461499	0.61873218335	1.10986073545	1.10429901708	4.23105741952	4.07209642448	4.10217556492	4.40495976688	166.949563492667	168.465142857476	301.541200719	672.314012928	42.436681	44.388297	0.13658063992	0.28213427842	2.7782529502629	7.45749888464073	8.4751088243456	-34.6884469617	100	109.7437	28.045	32.9132	58.7711	22.312	1.73708	25.216817	0.092785621	2.43	5.98	0.5775	3.31	41.1333177	1.83922	0.00551963310999999	42.851	0.00855089739999999	0.7475	14.87	63.29113924	0.688808915695248	0.362106252917834	98	2	33.256	15.65023077	100.090386	88.829	1.4651946745098e-05
5874	69.25	93.5530430952381	10.6829338	-1.4324309	4.26679651	4.76053817433	135.6144061078	1.10659196611	0.26909439141	-1.74818514066	-3.38061731157	0.32137620126	154.647649369	0.604379739	0.62406337096	0.59451699412	1.10455515105	1.09653906285	4.13971096901	4.01535361307	4.08825979555	4.3655528657	163.711743228736	167.124255012934	288.813670375	686.543235401	44.151917	46.151379	0.14596466591	0.28364458638	2.52636834013176	6.55164379575818	8.24868071584194	-36.3844416655893	128.180959595955	113.955499716936	25.955	34.4367	58.8293999999999	22.1393	0.902540000000001	23.864718	0.0889215869999999	2.12	6.13	0.695	3.04	58.43873882	1.21487	0.00401696728	41.384	0.0079628415	0.7975	24.49	63.99633185752	0.783250546365915	0.242079089811026	74.84615385	2	32.212	8.767087379	122.0564427	83.435	-6.97784855e-05
5890	55.25	118.090971795289	10.656582	-1.74461877000011	5.84548048	4.76869796765	135.774737416	1.1358626739	0.26566595011	-2.09440508868	-3.26191020195	0.32417468274	156.497228222	0.61153011578	0.63017038774	0.58649070274	1.10299037729	1.09646900117	4.11098113163	4.01111542433	4.09134051327	4.36002124239	163.434690213584	166.501694559713	259.108461271	653.289725348	44.392429	47.997226	0.14820323386	0.28041934654	2.44088099160637	5.97110152315988	8.21669640592577	-36.5619617030767	131.709126984126	111.328658616057	26.307	35.4953	59.5113999999999	22.352	0.68837	21.744551	0.08946526	2.07	5.85	0.75	3.04	59.60202864	0.96328	0.00356893316	38.109	0.0077580273	0.8125	32.41	54.49438252929	0.753307255516242	0.25806806406502	80.46153846	2	36.633	4.27752381	109.3825718	88.241	-8.9396729904762e-05
5893	64.25	85.7148732274248	10.7883529	-0.25398487	6.93259571000001	4.74550562806	135.455042402	1.13882338891	0.27030570574	-1.5014421708	-3.51435770506	0.32390312404	155.98999779	0.60856207849	0.63776332928	0.60447108512	1.10256419693	1.09577558168	4.14465976085	4.04921363081	4.10096884167	4.35883705052	164.530946859714	167.217759341113	306.927475357	672.136582395	44.32639	46.628007	0.14834541122	0.28474243358	2.69938103457467	6.51890453648836	8.26996988579051	-35.7795345561264	125.834716209714	113.374128901897	26.909	35.8914	58.527	22.3677	0.92158	24.88782	0.090353784	2.17	5.95	0.69	3.06	56.71900644	1.411077	0.00376296979	40.882	0.0081441855	0.8025	22.02	66.32565114427	0.820578666841028	0.295233480795062	73.65217391	2	21.67	11.12816176	100.2784578	80.78	5.46648103448278e-06
5907	48.5	123.444772480661	10.4773456	-3.87073475	5.89154444	4.7453863922	138.3221065836	1.1177503865	0.26756337911	-2.22398648124	-3.84436913738	0.32184516248	154.017381928	0.61460654658	0.62316503814	0.59521699424	1.1022707436	1.09735022243	4.11839818148	4.03561129192	4.08393219201	4.36253175689	163.73148492952	166.893682465259	252.583061432	671.81124804	44.149705	46.922885	0.14739306292	0.28379878563	2.80582007859077	6.31930976679251	8.26754394556019	-37.4137730192	126.6666666667	111.8299	24.671	37.4826	59.8882	22.3947	0.53059	21.846137	0.09103052	2.07	5.89	0.6725	3.04	53.85011704	0.964111	0.0036416038	38.999	0.0077973226	0.785	22.09	71.37924462026	0.754769279325766	0.42757449967108	91.25	2	46.729	4.223577982	104.4494118	84.234	-8.4171405e-05
5921	55.75	90.9700616666667	10.5864086	-0.312332720000107	6.63388123000001	4.74807898628	129.8571832383	1.16379188715	0.27003848267	-1.73957985827	-2.84793234982	0.32390246699	156.291010753	0.6075014577	0.63670449827	0.59653828201	1.10097288024	1.09608219775	4.10762949341	4.01975698359	4.08345218173	4.34589033321	164.043911386673	167.050229470104	320.136388011	707.615036583	44.621406	47.124879	0.14754934061	0.28280395632	2.4623736508041	6.02538896970189	7.97333437710885	-36.291190492418	127.438183421514	114.995554207048	26.428	32.9359	59.1390999999999	22.3353	0.81747	23.246575	0.086816052	2.07	5.93	0.695	3.03	60.75605314	1.157857	0.00388468994	39.082	0.0078431065	0.81	30.71	52.6793188822	0.832948232057975	0.296064602728684	63.1732010122845	2.11	28.526	8.91100171156594	120.506546798811	95.4139999999999	-0.000100557792571429
5950	65.5	100.589817893218	11.1187634	0.490838559999785	5.0539607	4.7831486528	130.988618354	1.23989837579	0.27202876448	-1.64106910168	-3.19516544303	0.3199478328	156.9856779719	0.60169167378	0.64335693374	0.59829932838	1.1014510236	1.09508147694	4.13948890147	4.0101272233	4.09932756269	4.34320632028	163.842817001764	166.712689132517	296.733691917	691.281984101	43.51669	44.838748	0.14538936325	0.28218945909	2.34329707455042	6.06252041081607	7.9449950265088	-35.9550732593084	134.793846306199	111.310472641453	26.706	32.4095	58.116	22.2488	1.18605	26.491787	0.087840814	2.08	6.19	0.6825	3.02	59.92151118	1.251295	0.00399028585	42.516	0.0078968936	0.8275	36.45	47.92224447718	0.744236690002935	0.0900400374883485	44.44444444	2	27.623	8.023821138	114.7707689	94.757	5.3190980736058e-05
5984	41.75	178.024222423681	10.6712388	-3.03005858000021	5.96052498	4.7663122347	138.8835274366	1.09522140433	0.26891197689	-2.36414820438	-4.0382751206	0.31912676974	153.851160869	0.61983093932	0.62456427342	0.57746991817	1.10400277056	1.09696410003	4.05201266863	4.00987045451	4.11942084568	4.33656265654	162.770090690172	167.582409706258	232.214990489	682.523172599	44.311044	46.335401	0.14541569881	0.28959242913	2.81829646750964	6.18131466168541	8.30412665200002	-36.8673198086656	120.023756613758	110.970544971597	23.756	37.8005	59.7106999999999	21.9181	0.5113	21.548955	0.089081565	2.07	5.67	0.6775	3.1	57.95610708	0.817645	0.0034185438	37.594	0.0077501869	0.8025	30.75	62.67749343738	0.798127399626518	0.476121213956794	84	2	49.479	3.958681319	125.0817588	82.846	-0.000297126201571429
5993	64.75	139.284598890918	11.1856718	-3.91257939	6.31322277000001	4.7624079314	138.5056937282	1.11476049449	0.26653227527	-2.24051932122	-3.8001878096	0.32171072755	155.887569941	0.61735267274	0.62512303031	0.57916717071	1.10048380415	1.09629992405	4.10202400969	4.04097722361	4.10767541476	4.35159305181	162.958928107613	167.300821431086	262.133610663	685.632404461	45.119589	47.139779	0.14890429747	0.28704119096	2.67264363254851	6.22361865615836	8.36429086162265	-36.4976452878542	127.591534391533	111.603831298352	24.743	37.4698	59.7625	21.9132	0.55744	21.568512	0.089385814	2.06	5.81	0.685	3.08	54.40359954	0.909708	0.003577887	38.624	0.0076884709	0.8025	23.59	63.0611189411	0.815722158645277	0.40928799967108	66.66666667	3	47.577	7.25794661828267	127.84375172091	84.5659999999999	-0.000157477345333333
6008	43	142.444687999232	23.25	-16.5	7.13639	4.971473684	168.6658947	0.911383131	0.209851	-1.039421053	-6.72126087	0.290863636	117.412875	0.625588406	0.536157895	0.580545455	1.106280042	1.094051569	3.875684211	3.460789474	3.922473684	4.2075	163.4	167.210604166083	282.109522991	735.826313306	42.39365	46.252325	0.132761128	0.302963315	2.90063138654793	6.24403513664653	7.70820687964477	-36.720914890746	141.08015873016	111.280385698384	28.351	33.5372	60.2498	22.229	0.018	16.4742	0.100115201	2	5	0.5	3	49.29667472	0.243	0.00410970902	43.044	0.0076184881	0	38.89	56.05636476749	0.702488565337683	0.438630950396825	66.1373178324483	2.414	49.01	6.92802020047544	128.11806713213	98.398	-0.00018412868112782
6009	113.5	87.1612781091221	-28.34	83.0605	-6.09496718	4.80846113328	142.3508920957	1.35118728943	0.27914748603	-0.90819695811	-3.21556337642	0.32844829968	161.307198947	0.60101601452	0.65242549035	0.61118045167	1.1088023701	1.10243198194	4.20373227496	4.07166906055	4.12887413481	4.42139503487	164.589751024814	168.33989141553	273.025845948	680.529227112	42.24425	44.441526	0.13006807999	0.28924845232	6.31189935817936	5.8471341086771	5.45758023270953	-33.2093557018	116.6666666667	117.4893	29.194	36.1424	62.79	23.4443	0.939	26.261615	0.0877888	4	5	0	4	65.0948	1.3987	0.00239152	46.5	0.009551	0	2	74.23232436551	0.680756605100781	0.351833127917834	98	3	34.935	13.14944751	93.70578534	88.637	0.000125012119007936
6010	94.9005833411308	97.0859951642379	8.7893368	10.48710051	4.87114497	4.73977886927	128.8669499532	1.24932491771	0.27143148674	-1.15121619719	-3.60960058242	0.31742985651	158.494250757	0.60903828677	0.65696897082	0.6143356868	1.10448539671	1.09569134984	4.18838914104	4.01135443031	4.10478186284	4.35423947853	165.716695287437	167.987750000317	297.266779219	669.780653853	42.721616	44.680481	0.13553401192	0.28144142551	2.29716301844835	7.34570002690584	7.77668872356522	-34.7471121333619	139.383302469133	107.922507277506	27.692	32.6131	59.8259	22.7489	1.74007	26.570847	0.087521167	2.2	6.21	0.4875	3.04	62.99389768	1.511224	0.00433383317	41.275	0.008432299	0.795	23.18	36.27212431156	0.673019276053215	0.211082619392555	61.9425428724078	2.22	25.517	15.3290620237861	107.749804953581	85.094	0.000141488630474959
6011	112.5	87.791245182553	11.0439291	12.25003317	6.18977711	4.73465330099	130.2790970582	1.24946694476	0.27133380286	-1.25351554847	-3.63407459664	0.32440148299	157.7175262109	0.6088170457	0.65282439482	0.6081423936	1.10448096526	1.09654374039	4.18093688014	4.01774654439	4.1105666405	4.3567657952	165.45159874911	167.444810416074	298.971507036	677.464542126	42.902654	44.421804	0.13498272092	0.27865294929	2.16694250533977	7.68229903226304	7.96393211792084	-35.7939500782	133.3333333333	105.1129	28.075	32.7328	60.0482	22.8503	1.72759	25.490837	0.089728519	2.23	6.24	0.5125	3.04	60.19514646	1.626632	0.00459729075	41.332	0.0085791359	0.7825	20.69	42.69341661079	0.718871840909091	0.189196380294747	62.5454824396503	2.11	30.681	14.1586386687717	107.732725532574	89.305	8.33897091071428e-05
6012	125	79.0219847527473	8.6971336	9.89002238	8.63844605	4.7598931623	132.0493684671	1.19301323065	0.27022476076	-1.40876500949	-3.41030806847	0.32522696916	157.756653575	0.60491824154	0.64490846579	0.60372434295	1.10553195359	1.09682500432	4.18956917173	4.06865387942	4.09046115132	4.34787350615	165.417679680618	167.936376865229	296.481083504	658.383463154	42.969424	44.916624	0.14186926833	0.28561024864	2.75500292446445	7.64286601362535	8.27326850637353	-34.6800954269	120	116.1337	27.973	34.9046	59.729	22.6298	1.51674	26.205437	0.0896518009999999	2.19	6.14	0.5475	3.1	51.02937316	1.548456	0.0039112577	41.954	0.008429339	0.75	13.36	78.46153846	0.737202601535719	0.300926493718699	97.91666667	2	35.467	12.8054444447823	110.957270840264	79.295	2.74283560344828e-05
6013	93	87.9215730860806	9.4811988	7.67145260999989	8.62595465	4.74992264275	131.677346109	1.13042947181	0.26886629227	-1.36835371835	-3.74352197944	0.32104428574	160.205718438	0.61063559733	0.63837292713	0.59820090539	1.10488806123	1.09743907607	4.1808577636	4.05816320695	4.09201836705	4.32853470967	165.415268735366	168.189719578008	293.136892628	667.312057741	43.272581	45.108726	0.14003583843	0.28269460926	2.66114174575105	7.3728502206789	8.25579270147086	-34.4331272582	146.6666666667	104.826	27.723	34.9641	60.3539	22.4963	1.3958	26.348865	0.091276778	2.2	6.05	0.605	3.07	49.22299262	1.543486	0.00370580286	43.055	0.0082431737	0.74	16.38	23.75	0.676178847525024	0.371586183473389	94.44444444	2	27.554	11.7038368855096	111.785620133407	79.278	3.11919598879552e-05
6016	83.5	119.309633118253	71.6566	19.5	3.12806825	5.814111111	107.602	1.312675112	0.287979017	4.927888889	-1.51975	0.5188	155.3	0.654373529	0.566777778	0.5753	1.157216718	1.143185334	4.440555556	5.045923077	5.004928571	5.5865	163.354554364817	167.760416668667	284.027963079	722.443404829	40.7148	43.094337	0.13571240084	0.28965685714	2.60756260848186	7.55911469874295	8.21948950346989	-35.0321038318	100	112.1777	29.548	32.5744	59.4908999999999	23.0636	2.084	26.956706	0.103953952	2	7	0	3	43.0927861	1.89	0.00479514971	47.225	0.0081960287	0.75	27.67	96.22641509	0.714388685606061	0.27678054447348	95.45454545	2	39.329	11.6842989034792	110.496693989883	83.404	7.7137737e-05
6017	104	93.9472668956044	12.4150921	1.72805922	5.73542726	4.7680452356	130.7650236758	1.11719480457	0.26899156252	-1.68812629164	-3.71260339644	0.31975220458	159.130340351	0.60582720333	0.64814597906	0.60210019062	1.10290046942	1.09609917292	4.16837083861	4.07628358649	4.10996047124	4.33710381752	165.319518839835	167.156363837183	294.521193799	679.120317065	43.598567	45.796578	0.14295570899	0.28404255827	2.62718476065294	7.45194654090159	8.26557853883678	-35.3903669476781	136.667592592593	110.772702933754	27.542	34.3547	60.3096	22.6136	1.23048	26.604483	0.0894453359999999	2.11	6	0.6175	3.03	54.77552192	1.420229	0.00367533402	41.653	0.0082391511	0.765	20	75	0.708793291375292	0.25759676341163	96.15384615	3	28.778	10.2904352125607	116.633583245333	79.84	-6.89484558823529e-06
6019	104.496493589166	92.2778186520342	23.5	38	-2.07498	4.70042580254	136.9712202487	1.32949557469	0.26045917596	-0.53167857905	-3.55160433429	0.3229118539	145.763865235	0.59566988193	0.64019050345	0.59803399256	1.1102338233	1.09958615022	4.13109259617	4.01621869189	4.09103383094	4.39489962476	166.995741497214	167.348642855143	293.473005078	677.689667103	42.911757	43.810185	0.191455165	0.309219319	2.63532311260692	7.19963355868285	7.42554336731209	-35.7131704319	166.6666666667	104.3455	29.756	31.6578	56.0457	22.3256	1.83334	26.046135	0.102352353	2.18	6.08	0.5975	3.15	54.19191986	1.504449	0.00596863183	44.429	0.008373032	0.815	28.89	5.102040816	0.707151131142403	0.426896848155929	81.93548387	2	31.734	16.1874658963693	111.960890033456	92.341	-2.95294496078431e-05
6020	87.25	96.3568286480186	-20.75	38.5	-10.075	4.73882713938	132.2911653564	1.33252317732	0.26274546501	-0.0980768755799998	-2.88642519193	0.31903598566	151.8978078769	0.60126951399	0.64046429009	0.58857573211	1.10520040957	1.09484241818	4.13931838725	3.98275243819	4.10939893571	4.35018125476	166.888698412952	167.103674972234	276.714244533	663.242106669	42.362621	43.9428	0.118477048	0.241832167	2.40795688235845	7.34915004163733	7.324054788144	-36.5363097044	153.3333333333	105.4335	28.031	31.1454	57.8678	22.5781	1.65096	25.251968	0.094361269	2.28	6.05	0.5325	3.14	58.07806816	1.404685	0.00605283384	46.255	0.0083167589	0.8025	33.08	0	0.68051619252473	0.323354026793061	40.96551724	2	25.166	15.3296910917033	108.446110093059	90.427	4.54204459117647e-05
6021	87	80.744644027639	9.5675327	15.04990477	4.20785144	4.76168557556	130.337041329	1.23607351638	0.26778319808	-1.17732770847	-3.7534945821	0.32290660234	158.465694602	0.60213586043	0.64185436331	0.60832152588	1.10652363595	1.09633256334	4.22999377373	4.04382165196	4.09873505044	4.36364540252	166.903081006832	167.476620370722	295.616917742	665.148350074	43.127365	43.916727	0.12885693689	0.27607577863	2.43925016113113	7.9369005057823	7.96872208288203	-34.9186010914	160	99.5443189386	27.963	32.9364	58.9193	22.7859	1.82267	26.082812	0.085863045	2.22	6.19	0.515	3.08	58.2187867	1.66334	0.00482869751	43.872	0.0085321735	0.7725	19.74	96.22641509	0.719085073549095	0.23950070442464	67.41666667	3	26.377	14.3297329091686	106.696202067163	88.726	0.000110852056554622
6022	101.369028724549	103.062308438047	9.4094271	15.46669487	7.2814562	4.74338295381	127.1187001493	1.28286672201	0.27192382963	-1.48703835409	-3.39868698931	0.31796620418	159.444329961	0.60655580346	0.64973042471	0.61830388982	1.10560763036	1.0970047002	4.2008281403	4.03000041772	4.12226587785	4.37693975627	166.214430371582	167.274833334183	296.35509607	679.633825026	42.970645	43.938501	0.13077309736	0.28020535453	2.31674656073688	7.59024924237803	7.70502576772958	-34.805797491554	136.619657687984	107.842198298788	28.304	32.823	59.1074	22.8516	1.86984	25.959308	0.090486598	2.23	6.21	0.4975	3.05	62.41848192	1.584738	0.00503702144	39.329	0.0086144546	0.7725	22.78	36.37539484163	0.718726897375849	0.204957972822909	62.3679208268911	2.12	29.413	15.0066881705519	104.134382119075	86.406	0.000150602187685574
6023	89.25	88.7835692716583	11.0021066	9.41999386	9.07521818	4.74741134548	128.8749473572	1.2385242639	0.27320769882	-1.18301068752	-3.76736147024	0.3223666963	158.322188776	0.60452836372	0.64498458957	0.61966561625	1.1032140268	1.09496213406	4.16709329127	4.01837796632	4.11467459256	4.36577634832	166.099923322873	167.519853117472	303.512080261	677.794104108	42.684325	43.794957	0.13684763423	0.28148398626	2.47969251007327	7.34953046966029	7.52410179769672	-35.2133437863163	100	125.0026	27.937	32.4272	58.8049	22.4933	1.72411	27.400429	0.088729736	2.21	6.19	0.5225	3.05	62.97158486	1.630603	0.004519893	40.752	0.0084210009	0.7425	27.58	0	0.661827473332323	0.129280925994737	63.71428571	2	25.177	10.25309859	92.2887044	88.246	0.000121154505887955
6024	116	96.8354637282162	6.7971421	20.2524167999999	8.76120889	4.7756135784	129.9188672983	1.35641382242	0.27957047821	-0.9621103966	-3.82707572599	0.31912953572	152.590993655	0.60840603808	0.656348833510001	0.60848590133	1.10651576771	1.09580833911	4.19957171362	4.00860125173	4.0526321803	4.38547802562	166.68311190795	166.929645411689	283.760182971	663.796840025	42.179542	44.460798	0.12979977684	0.2775966778	2.71741074551259	7.04125169485492	7.83948122609643	-34.8722579328674	146.6666666667	118.4433	29.167	33.0192	58.8691	23.0698	1.9197	26.96721	0.092220369	2.15	6.4	0.54	3.06	55.62088842	1.61143	0.00595629128	42.422	0.0084241138	0.9375	36.2	0	0.579576635732323	0.206545148869085	27.88461538	3	25.411	13.621528847654	104.947884025797	87.019	0.000160671799602241
6025	104.09076213375	100.170006419414	6.5655857	16.2228417099999	0.77663246	4.73602645464	131.2996926702	1.14600003497	0.26807342219	-1.53867010979	-3.21528220303	0.32318853419	155.443349506	0.60743711388	0.63312113474	0.6095568763	1.10698331317	1.09776024472	4.21609262007	4.06444614849	4.12265343764	4.33651276474	166.6	165	292.977654174	643.970528373	42.994475	44.478786	0.13607128706	0.29056493541	2.71230672652326	7.75481168213071	8.22399262823971	-34.9848417248728	146.885050505047	109.377704807609	27.816	33.5098	58.7178999999999	23.0236	1.72504	25.507094	0.0945404339999999	2.18	5.98	0.45	3.14	50.7972957	1.573827	0.00451008515	46.79	0.0086070794	0.6975	13.08	100	0.694019864961535	0.349747840007215	96.2962963	2	34.738	10.01285714	169.1789666	81.0470000000001	0.000460737
6030	129	88.9540766971917	7.2978536	16.57693689	3.68174284	4.74430381504	130.8779795154	1.24596543199	0.27208677674	-1.38226122911	-3.45352767237	0.32408375179	158.826150312	0.61312683458	0.63897892304	0.62086259937	1.10548910977	1.09800338688	4.20234246039	4.03250209184	4.11309743432	4.38421779678	165.763809210998	167.321003703956	297.021296242	685.522867263	42.934523	44.158305	0.13173209102	0.28031438735	2.47012225648275	8.08177858211175	8.00370616515816	-34.838595667174	140.366388888884	107.490509120235	28.137	32.6418	58.3347	22.8858	1.74408	25.736821	0.0899686789999999	2.24	6.23	0.4575	3.1	59.0231151	1.665775	0.00476206112	40.141	0.0086276394	0.7475	17	100	0.703174636538318	0.204029584877521	62.7919985560518	2.15714285714286	27.502	14.6130615402169	104.142647950299	83.368	0.000174086486083333
6034	80.5	74.2251014789377	10.3859795	8.53128392	10.09844924	4.77468138788	132.8652539391	1.11365062473	0.269367572	-1.33906286548	-3.57729465871	0.32464014846	155.293074343	0.60305539189	0.64688521486	0.61245339626	1.10572844472	1.09790212495	4.20392659206	4.0729251276	4.12954886443	4.36797381938	166.206177032882	168.418076479816	301.260221368	676.265888028	43.216955	45.327731	0.13719919213	0.2811857711	2.74526904667734	7.83808824630435	8.20165383256624	-33.8971775487	113.3333333333	121.0625	27.447	35.0911	59.9051	22.7671	1.51791	25.992351	0.0912943919999999	2.2	6.1	0.515	3.1	49.15055646	1.561279	0.00369715244	43.478	0.0085280511	0.74	13.18	94.01709402	0.685407164321622	0.380266332282913	100	2	28.778	13.32278195	111.4079772	81.234	1.85188520662288e-05
6035	73.75	86.324464480616	11.4036698	6.51900964	8.53792482	4.78023594671	130.4316315632	1.18724320851	0.27066116928	-1.08116516024	-3.34520594326	0.32530198003	157.481841941	0.60547508062	0.64942406126	0.61004353599	1.10231528621	1.09530927125	4.18967109575	4.03784615733	4.11316614909	4.34144587154	165.253128860521	167.50258333325	306.0400794	689.282826792	43.623052	43.808158	0.14472571301	0.28230821504	2.45001984059529	7.08357377772477	8.04818867374197	-35.4051514899955	120	105.1691	27.426	32.7749	58.8658999999999	22.561	1.60196	26.457641	0.08485175	2.15	6.16	0.5625	3.02	60.9490859	1.553516	0.00423738298	41.606	0.0082587748	0.815	27.22	96.31578947	0.727203963361521	0.149863339949776	71	2	27.065	11.59757813	131.839313	85.085	1.10748949868637e-05
6036	86.33333333	86.3629568956044	10.6747404	6.40513546	7.70653592000001	4.77284081229	131.8560120586	1.10691409912	0.26782260286	-1.18895126071	-3.85562186244	0.31963157599	157.569535444	0.60218195586	0.64221008472	0.59858542071	1.10503801953	1.09735659166	4.18332540335	4.04749020411	4.11314637892	4.33874892085	165.831536314596	168.221990819302	295.331573165	660.63616399	43.390521	45.1923	0.14153301804	0.28246611887	2.62117134105882	7.3221890546883	8.25480918656731	-36.3260478017	160	108.3822	27.173	35.1593	60.3517999999999	22.6829	1.57464	26.019543	0.092082215	2.17	5.92	0.5675	3.09	50.61956016	1.505844	0.00409301716	41.622	0.0084064584	0.7425	14.09	100	0.698092497654955	0.351066483798064	88.88888889	2	30.948	12.6008802684807	116.04016448576	80.688	2.19509521101774e-05
6038	77.25	93.3338014194139	11.4014408	7.92073109	5.27663527	4.77176695966	129.9847001692	1.11692292179	0.2713464861	-1.35667445597	-3.1850725554	0.32192245606	153.201268918	0.60743655807	0.64543255858	0.59883809177	1.10532071503	1.09820658516	4.18465075442	4.06995299006	4.11316688648	4.34816379098	165.391427188346	166.972203704222	293.703822088	662.451606765	43.225363	45.011633	0.14064825084	0.28559877297	2.77566945111734	7.40085890810072	8.25342619794492	-35.4782762529	176.6666666667	114.7027	27.095	35.2023	59.0193	22.5861	1.43354	25.850084	0.0917694749999999	2.18	5.98	0.5575	3.1	51.30812946	1.460813	0.0038126072	44.483	0.0083518242	0.745	14.8	97.02380952	0.682679447744082	0.405733358798064	100	2	31.104	12.4488754867973	115.688557038519	82.17	3.66242777450981e-05
6039	62	110.167336309524	6	-4.5	13.8747	4.72801284323	139.7995277944	1.27316037069	0.26944045254	1.28218812612	-3.65834934721	0.31843422998	147.8696733649	0.60581597627	0.64346909563	0.57120465552	1.10584060591	1.1033145757	4.07429086884	4.04044159845	4.09649525147	4.37885083687	165.153228176333	167.359571427952	271.515395152	693.27486991	42.413597	45.268982	0.153251049	0.382309194	2.68643040881997	6.45543298405345	8.1216680190401	-37.8715490814	163.3333333333	99.2530844201	29.416	34.2928	57.8283	22.5687	1.23246	24.409041	0.100572704	2.25	6.04	0.6175	3.16	39.51549754	1.193814	0.00476036954	43.512	0.0078514267	0.7675	27.92	100	0.665176822276822	0.488514222222222	95.74275362	2	38.506	12.9747282926097	117.8830439828	77.4	-0.000177043894
6040	82.5	108.621959184565	13.3603	13.8897	7.18386903	5.1965	104.2405	1.717153495	0.301353531	1.181611111	-4.535555556	0.375526316	184.0693529	0.513289394	0.61	0.667315789	1.143679204	1.120493466	4.207722222	4.323055556	4.4521	4.541789474	169.3333333	167.665652777583	296.634947847	697.163224831	41.41417	43.747676	0.13155318283	0.28408319399	2.88689791123057	7.50547731469361	8.21164555519278	-33.3184791921	113.3333333333	117.5321	28.456	32.7738	58.8146999999999	23.0832	2.321	32.6043	0.091807591	2	7	0.5	3	47.82866348	1.901	0.00437656385	39.198	0.008298244	0.5	32.42	0	0.637341903508772	0.347928293210854	71.30434783	2	35.187	9.884122137	113.754933	87.805	-0.000131102
6041	51.5	121.973321419414	10.0837384	0.759378729999893	7.00429295000001	4.73989471622	134.5400630178	1.12243136239	0.27025688426	-1.47494777527	-3.77813797362	0.32052133888	158.714196005	0.608773429	0.63531840156	0.58714445789	1.10429010938	1.09826323169	4.15171177752	4.0789196177	4.1109777328	4.33977315301	165.980954897244	167.078886244425	297.254457383	670.595001686	43.673055	45.53659	0.1403310015	0.28596014735	2.97069026625465	7.35460321146475	8.45336190828313	-32.6845324216	173.3333333333	113.3119	27.304	36.3671	59.6232999999999	22.2944	1.02217	24.618322	0.088439371	2.13	5.98	0.6075	3.07	51.69527274	1.343088	0.00348008274	42.502	0.0082271185	0.7775	14.7	97.69230769	0.738397312201763	0.414593364028945	98.4375	2	27.291	9.65321362714803	118.53879343627	81.47	-5.51286236666666e-05
6042	43	162.6364309422	15.5	-14.75	8.4085	4.77070273435	138.6468715655	1.27127084593	0.27814218502	-0.04081007116	-3.40317095186	0.33442832687	153.933266068	0.61196472763	0.61770714821	0.58370633685	1.11034362641	1.1031772822	4.05482529833	3.97527769515	4.11291501504	4.34712642127	159	166.388782406014	257.500141262	663.931009979	42.480314	45.033937	0.127691311	0.255484341	3.25154361925279	6.13235777408693	8.1905886456148	-36.4904358501646	140.600000000005	111.387882056313	28.974	32.9342	59.7888	22.3595	0.052	21.1135	0.101231078	2	5	0.5	3	40.79723822	0.425	0.00422465082	40.969	0.0074844732	1	34.54	86.36363636	0.644285021645022	0.448356783730159	89.28571429	3	42.113	7.03385271509999	127.1701036785	24	-0.00014552371
6043	130.6666667	78.6261342332668	-5.349140405	32.93974952	-5.44855064	4.76031665405	139.954973602	1.14169702157	0.27056445726	-0.7345231618	-3.89344113655	0.33268424296	164.995575387	0.61682759791	0.63460063186	0.60084122091	1.11044624162	1.10563715601	4.25333476713	4.10520777242	4.15190578778	4.43370658033	165.719255953467	167.800678452864	293.247300423	658.189202063	41.957236	44.244684	0.12945671368	0.2853722383	2.45389749049056	8.11784112652543	8.33379278242874	-35.5687170914	160	123.4698	29.681	35.106	58.9139	23.355	1.49	25.443391	0.103636	2	5	0.75	3	42.1667	1.7791	0.00524101	42.5	0.0085912937	1	0	96.77419355	0.708263823258274	0.367498004790941	98.14814815	2	36.754	13.28728643	97.26706771	86.875	0.000118192764
6046	117	96.4821567822033	-31.75	50.75	-70.7693	4.77450017008	147.2502480956	1.31504646617	0.27421110633	1.42624570232	-2.40317957915	0.3268052527	162.8349322669	0.62142682733	0.64759279995	0.61482348888	1.11286381156	1.10771732104	4.12213658502	4.04670691198	4.08070257905	4.41042232837	165.164190477286	167.6106666658	264.599816898	670.938245194	39.882722	44.22241	0.128403854	0.285550924	2.06189935817935	5.0971341086771	10.1242468993762	-35.0371286917337	142.8	107.179633406789	30.403	32.11	56.07	23.49	3.324	26.530948	0.170716	2	5	0	4	77.5	4.3861	0.0113693	49	0.0082839021	1	0	100	0.694332386983951	0.273270834152369	86.53846154	2	35.488	15.4413639916967	110.944545496215	90.478	-2.7871325e-05
6064	129.5	108.315529990843	-37.5	56.75	-8.37883946	5.3455625	135.8799375	0.984411562	0.30834591	-4.8774375	-4.4086	0.333066667	187.618	0.6030875	0.5498125	0.580866667	1.100139983	1.105445109	4.4685	4.552133333	4.603235294	4.923533333	165.815213889329	167.655370371722	282.965495556	692.547845824	41.774443	44.26461	0.13048373136	0.28758342981	2.7873182868825	8.23066892557659	8.37341750380723	-34.947623137589	140.772380952377	108.489439067949	29.416	35.3483	58.5446	23.3407	1.234	27.156124	0.099457412	2	7	0.75	3	41.34640996	0.838	0.0056040461	43.58	0.008383589	1	15	100	0.682937194916028	0.329768550245486	98.21428571	3	42.182	14.5097791807167	105.547281919165	80.248	0.000134077248333333
6069	139	96.7011046285237	4.0605994	18.30752279	6.06464779	4.75751935369	133.4517137555	1.15198458234	0.26971576671	-1.29314323146	-3.38312856964	0.3272597821	156.908031225	0.61302780219	0.64699782325	0.61386305375	1.10682073372	1.09801741599	4.21971367953	4.0519373748	4.12394636651	4.37002817454	166.0209742069	168.273400672753	296.969399428	655.18353471	43.007149	45.590553	0.13175797066	0.28448315678	2.594434396418	7.97745246486782	8.07947446128463	-34.9108748418	160	100.6339	27.771	33.7965	57.9169	22.9999	1.62296	25.018954	0.0912935569999999	2.27	6.11	0.52	3.13	49.41396346	1.616775	0.00457647914	44.192	0.0086381389	0.7025	12.06	97.7443609	0.610387451839827	0.326132317131398	100	3	34.993	22.7046	88.60379655	82.621	0.000111631671745098
6070	119.3333333	72.6319305376146	3.4605273	22.36767712	4.80276016	4.73195280074	133.5066050035	1.1386866214	0.26902265914	-1.30778878364	-3.57810070394	0.32707252615	160.412919135	0.61163535789	0.63950555337	0.62196281365	1.10456941175	1.09901994529	4.20495040957	4.06502680626	4.08915946574	4.36202551339	166.287651934712	167.548265754062	299.71364692	660.956541061	42.817166	44.844082	0.13556527565	0.28645419258	2.74626194974637	7.9584749252369	8.03446025498355	-34.8029807659238	130.008333333336	110.08005479028	28.032	34.5135	59.1564	22.9474	1.59682	25.49873	0.092270384	2.24	6.03	0.4975	3.22	45.80943916	1.764448	0.00505731838	42.218	0.00855687069999999	0.7375	11.54	70.86020669333	0.775056602395154	0.256511969909176	100	2	27.992	13.4641884552383	108.716372107841	83.944	3.6805437745098e-05
6071	139.5	73.6878318507459	6.2529847	19.55182242	7.00297881	4.72825953047	135.2011678251	1.10826144444	0.267142208	-1.23207346958	-3.43256119643	0.33008897542	157.769931996	0.61367175945	0.6466751495	0.6137676273	1.10522173905	1.09695409749	4.21844634046	4.05247019768	4.08619775163	4.36786292658	166.030722722488	167.316043531895	301.124293736	661.383950573	42.910072	44.461191	0.13444442906	0.28752684401	2.77879584953465	7.89599023865013	8.18452838582561	-34.8206014143407	126.6666666667	108.2907	28.054	34.7561	58.7466	23.0024	1.56081	25.678422	0.0897999929999999	2.22	6.09	0.5	3.15	46.59009986	1.755806	0.00485315263	42.376	0.00859052319999999	0.68	10.51	33.33333333	0.766419833678576	0.291843332893394	100	2	32.382	13.18404494	101.5343359	82.18	5.9994482745098e-05
6073	96.5	80.4820813274226	12.3175417	14.7730275399999	8.21394359000001	4.75749644198	131.2429826253	1.33018169966	0.27480622801	-1.3360473953	-3.51201309434	0.32870287161	159.719666594	0.60745290719	0.64457403396	0.6121308002	1.1052954141	1.09641643064	4.18167295452	4.02239898946	4.11643337382	4.35688204692	167	167.439881482239	308.146300821	663.6272159	42.963667	43.803685	0.13770369291	0.28578139372	2.47852029815529	7.33511458402108	7.76632132538015	-34.2131742108	120	103.3992	28.601	32.1316	58.7379	22.721	1.9288	25.939169	0.0886926389999999	2.33	6.24	0.5025	3.13	62.61328746	1.584626	0.00500322611	41.452	0.0084506364	0.795	24.56	0	0.784307031860665	0.206469980672202	62.1530027101816	2.05	26.883	13.70491329	97.51311409	89.06	7.82e-05
6074	85.75	136.968614217033	-14.25	40	-39.575	4.587214286	101.1239286	1.051458054	0.325354403	16.61614286	-2.16795	0.33155	128.5091875	0.575766667	0.575142857	0.5821	1.163481281	1.147445149	4.011642857	3.784055556	3.888166667	4.2227	167	167.906885520904	271.883375326	633.06783677	42.012325	47.256409	0.121111807	0.266549384	2.88173008291764	6.74654532425591	7.42463340707489	-34.806159008	173.3333333333	96.7491751839	30.236	31.6003	61.8495999999999	22.9245	1.628	12.3641	0.100440847	2	7	0.75	3	63.62981172	1.112	0.00556259512	48.3930000000001	0.0075960209	0.75	43.57	25	0.672799450379948	0.338791719076655	61.9196019516427	2.68	28.392	18.24454545	149.6812424	98.696	-0.000262771
6076	110.5	97.6761271672772	9.75	12.75	4.55898	4.76488687565	133.4575130809	1.39966636018	0.26664766335	-0.35036313892	-3.45918019198	0.32980986277	153.2820277709	0.60870647268	0.64895922479	0.60211249198	1.11021680992	1.100220025	4.15848479805	4.03182446896	4.09638997611	4.39619473002	167.078480158714	167.094214554376	274.498857908	638.301981397999	42.163642	43.570079	0.109887675	0.224668525	2.46724531996607	7.10648014176324	7.5482773787599	-35.1987205144924	146.6666666667	116.946	28.491	30.7983	58.5408	22.7449	1.68429	25.856192	0.0974155089999999	2.24	6.1	0.575	3.14	65.3360716	1.493928	0.0065584965	45.82	0.0083589618	0.835	35.76	1	0.615215166673871	0.349570190535751	32.86713287	2	27.574	11.34137725	117.5442718	91.931	0.000169398931411765
6077	85.4806475271006	119.807016697192	11.1467766	3.47614703	5.93084871	4.76410286872	126.9498166086	1.22748752514	0.2709659122	-1.29404478219	-3.09634986103	0.32162603128	157.481699323	0.60812795716	0.6375201183	0.59954023783	1.10367772265	1.09646452426	4.16052695606	4.02468849867	4.10429961179	4.34499507569	165.404414903311	166.212699382316	300.693133891	683.539106247	43.294252	44.877944	0.14059647204	0.28245541457	2.36671133738521	6.16446987660133	7.86248025091131	-35.168786047067	136.654629629631	111.901726898489	28.092	32.4527	59.3264	22.3983	1.27509	26.700536	0.0849291409999999	2.09	5.97	0.5575	3.02	63.86420298	1.270089	0.00395613931	42.305	0.0081112752	0.7975	31.43	43.95197639503	0.699044728581595	0.31251218432762	63.0352363801006	2.11	27.569	13.6810366838226	115.152184637378	86.3679999999999	9.39175926190476e-05
6085	128	142.903947477985	-24.772	58.272	-10.8048	4.74307401224	127.5160802291	1.51654206536	0.27670002281	1.17138016094	-2.67137442532	0.33185399178	154.773864519	0.61442006956	0.62432652713	0.59900899779	1.11185576702	1.10074593571	4.11342799999	4.04214092923	4.10978616772	4.3721241709	165.6	167.271612701154	270.514836171	666.402789203	42.792834	43.942641	0.080621271	0.285278349	2.38750707017185	7.03529049180678	7.02853771741823	-34.6729980545	180	115.3149	28.831	30.0872	54.9992	22.4797	1.70099	24.870636	0.102316956	2.46	6.1	0.6175	3.39	71.81791476	1.41233	0.00691133379	45.486	0.0079239141	0.68	53.16	32.12121212	0.597142904498547	0.319810799662736	32.16783217	2	26.675	17.3131121360883	113.870679784286	88.581	2.87342375238095e-05
6086	100.75	105.436834644522	7.1068279	12.57940996	11.95770868	4.76197517242	130.9815297641	1.16657574773	0.27046145088	-1.10496834668	-3.50621939173	0.325174927	158.753905022	0.59912891341	0.65015947342	0.60963440592	1.10564674973	1.09626131698	4.22393524273	4.03001491586	4.10373850251	4.36468223508	166.898976641366	168.639632353961	290.438095724	675.568727763	42.985779	45.911553	0.1332060787	0.28032399634	2.44670069829427	7.88488469715068	8.11755266188081	-34.9774718457965	134.829047619043	108.277429596382	28.282	33.6162	59.3793	22.7023	1.60322	25.783788	0.0914641839999999	2.13	6.17	0.505	3.05	48.37186642	1.484192	0.00411374788	43.9	0.0084290872	0.73	12.1	73.68421053	0.711385533277549	0.227365180115616	94.23076923	2	34.017	11.88201258	91.39317737	81.682	-5.15371539215686e-05
6087	96.9870420978066	80.0594459615385	11.0906287	10.55231321	6.00992793	4.74261779548	132.3021453532	1.26943358236	0.27389342026	-1.35368254743	-3.72067762321	0.32254642546	159.513991473	0.602640489680001	0.65294735759	0.61184065009	1.10353650719	1.0965191182	4.19576495728	4.02324643984	4.10324761802	4.38054091608	165.855048977289	167.472799020511	301.785460276	676.915833	43.140483	43.997751	0.13606090107	0.2799993752	2.4348128053151	7.52408982820155	7.85783748205146	-35.0375119101788	130.64212962962	108.22538844156	28.281	33.0895	59.0901	22.6127	1.67895	25.474847	0.087636569	2.2	6.07	0.5225	3.04	61.83486292	1.613844	0.00428792824	40.891	0.0083863804	0.795	20.49	39.93416200273	0.782048217217959	0.261032290505226	62.2343269142833	2.11	23.576	14.5138019684958	109.149285423169	89.618	2.28292263795517e-06
6088	128	83.0972281999522	6.8138614	8.98716546999989	6.78880191	4.78064174425	129.7880700256	1.20194258093	0.26796700403	-1.41565854307	-3.45684931054	0.32759367296	156.214671044	0.6037656694	0.64211337252	0.61527546248	1.10588900635	1.09799172138	4.1887154938	4.04531114954	4.09360535713	4.38994635591	165.213744018984	167.682429895198	298.346860491	666.827499867	42.360329	44.414775	0.13651635311	0.28527241519	2.6328957710948	7.37823822310496	7.95891395991746	-35.8176172068	140	115.4052	29.218	33.2068	60.9262	23.0748	1.63403	26.141672	0.08911846	2.16	6.27	0.565	3.04	59.1459167	1.548745	0.00451244864	39.534	0.0083150621	0.795	24.84	36.36738592954	0.716670917106033	0.198413404104271	64.3855582431213	2.158	32.399	24.41283721	118.4787567	86.335	0.000111569796510673
6090	105	89.5705443757631	9.25428719999999	13.49039481	7.09339279	4.75887490918	129.5149091202	1.29332993801	0.26968409548	-1.16911244749	-3.57131357853	0.32486857718	158.603429607	0.60595379824	0.62941859172	0.60617580315	1.10469698766	1.09634910081	4.16679271457	4.02733079748	4.10044662397	4.38732053483	170	167.482641026974	295.031569193	678.091392793	42.834111	44.337289	0.13563964669	0.28088820294	2.4968362974474	7.11276934011939	7.81772794215918	-34.9663537000765	156.6666666667	98.6354891579	28.819	33.1294	60.0818	22.8542	1.64967	26.529055	0.089458091	2.3	6.17	0.4975	3.06	64.9964189	1.516436	0.0046413488	42.214	0.0084427979	0.7675	21.48	0	0.687146611842106	0.2800749636654	65.2859909897476	2.115	25.798	15.035782785109	110.352074972903	90.606	0.000187836660690476
6091	95.2290676152332	103.542598199952	11.7524584	10.33647261	6.48309061	4.73190538504	129.4334716176	1.27874972685	0.27126350507	-1.30585399336	-3.11773276127	0.32183347704	160.165583703	0.60868216689	0.64939472213	0.61030737528	1.10146739493	1.09518938135	4.17106746388	4.0148318766	4.10664088812	4.35175405504	166.17721783394	167.060634490152	296.565992744	677.234893612	43.436382	45.078521	0.13870522179	0.28197645339	2.43453162921054	6.82083832579571	7.78819725971334	-35.14753474121	138.013240740739	109.930339576324	27.972	31.831	58.8051	22.3317	1.65226	25.853027	0.0877993989999999	2.18	6.1	0.565	3.01	66.33933022	1.447416	0.00432980833	39.83	0.0083478439	0.7875	29.5	29.70235903531	0.688206033406156	0.210409997060864	61.2657702784734	2.16	26.079	14.4425337527196	109.658397494651	85.23	8.9798401745098e-05
6092	89.5	105.154423919414	8.7328049	19.5672847599999	8.33524485	4.74577862514	130.2772444631	1.25047882071	0.2699044406	-1.44040886003	-3.67313997147	0.32432737541	157.088031157	0.60703748788	0.63026075212	0.61960332756	1.10701028253	1.09721429215	4.19431098006	4.02518309829	4.11614620798	4.3836607591	168.6666667	168.938453704417	301.225322891	673.58608512	42.543678	45.637872	0.12910264919	0.28207804381	2.58937916901682	7.76844178794382	7.77189197396502	-33.5847121077	120	112.4884	28.995	32.529	58.1258	22.9134	1.74939	26.350011	0.093168443	2.3	6.27	0.4775	3.11	60.21178286	1.573206	0.005150362	42.353	0.0085373683	0.75	22.9	11.81102362	0.703922295577734	0.246965072209633	76.08695652	2	26.124	14.8168733323971	100.75762195565	86.419	0.000172600619999066
6094	92.66666667	102.778820521381	30.5	32.5	1.12323	4.77019893512	128.5185164861	1.36561005419	0.27928574433	0.88144493135	-3.62803035495	0.32599038685	151.785057005	0.59563028858	0.6575603352	0.57570393248	1.11078182888	1.09966689154	4.13681742581	4.02228724649	4.05256964991	4.37030626971	166.3333333	168.092666666	277.684395058	677.65475685	42.621536	45.948175	0.075368768	0.302216763	2.41996259218185	6.79352658225176	7.10153619354916	-35.2734914002265	160	102.0515	28.992	29.8687	56.6627	22.6795	1.6824	24.810526	0.107095894	2.34	6.19	0.615	3.2	71.38276322	1.33984	0.0059204136	44.76	0.0084297967	0.785	35.23	36.09942599894	0.61978148989899	0.378447852697345	65.2047707188705	2.21	23.804	16.963306371345	112.651307325398	89.666	-4.20845975490195e-06
6095	99.3174822506853	85.1930760622711	11.1060861	13.39627974	6.04402072	4.74314243081	129.5374541353	1.27068029741	0.27102077029	-1.33428801566	-3.29329400127	0.32011590393	157.313182111	0.60100542325	0.63165593048	0.61406487172	1.10538200775	1.09665486441	4.19674579934	4.02256646288	4.10556826426	4.36235710791	166.250582115048	167.612978062013	299.221184521	684.106295788	43.042686	44.911255	0.13155120905	0.28147120201	2.30802868130565	7.80271526615508	7.81123479644866	-35.0955070810415	137.676693121687	107.905142690419	28.389	32.5117	60.1512	22.7775	1.79286	25.958327	0.0883868069999999	2.24	6.21	0.495	3.05	63.09708616	1.602238	0.00453862005	39.846	0.0085865757	0.7875	21.27	30.53813206868	0.75637827948967	0.219561591870528	62.1444948101369	2.07	28.344	15.2450272680496	109.822213151692	89.101	0.000148451551828431
6096	98.039583186678	94.882032967033	9.19043	21.0596	9.66969	4.73914185566	132.2056955194	1.34852687781	0.28104727232	0.59673092308	-3.44053007843	0.32391180882	157.5889359169	0.61103861837	0.64297138314	0.60131370148	1.10909063063	1.09837303733	4.15437368565	4.04455327394	4.10661925096	4.39040884391	165.913599356917	167.853083332767	279.257939231	671.616896385	41.950767	43.846418	0.137973377	0.284202673	2.6312092007428	7.90039425012175	7.4922115267132	-35.1305242875347	143.608333333332	106.908476458145	30.166	30.4098	56.9151	22.782	1.63171	25.269052	0.097390018	2.21	6.03	0.58	3.14	58.99042762	1.453137	0.00581048969	44.794	0.0082982005	0.8	26.73	36.00148273875	0.771099636983951	0.347467237873648	65.8708639995098	2.21	28.637	16.1498713168167	109.653307707135	89.425	1.13481173809524e-05
6097	94	97.1344405860806	6.0632817	22.9409381999999	4.06370239000001	4.72948893698	130.925141634	1.44647014905	0.27085974439	-1.23894977414	-3.28024694501	0.3269355766	154.2519763909	0.60470105992	0.62992966028	0.60560443863	1.10806451614	1.0977829617	4.21169810096	4.03844356156	4.07872964765	4.34974981645	172	168.213019296132	299.230713085	666.946140061	42.91741	45.002402	0.1324513773	0.27215131565	2.20631276898418	7.58818060495454	7.73801016947915	-36.2152464389	143.3333333333	96.8520654122	28.582	31.3676	58.812	22.8541	1.96151	25.730057	0.094060549	2.34	6.22	0.54	3.3	61.6129459	1.658825	0.00648499958	44.504	0.0086427049	0.8	32.75	0	0.661989685410909	0.312123412757974	27.73809524	2	26.627	15.3573814087168	107.527902542324	87.341	0.000119178869666667
6098	105	168.283203804348	28.25	31.75	-29.6226	4.80447388087	133.0001140906	1.5807680397	0.27348078375	0.18027449488	-2.73721200946	0.32887710693	157.6391280217	0.62186053951	0.63832152193	0.61053334451	1.10939064494	1.09798489158	4.08734751577	4.04487802289	4.10233162954	4.38350561054	166.409984918951	167.333058746019	271.706756627	617.690538483	42.508134	44.747008	0.121706899	0.236924445	2.32812896006163	6.87717747668759	7.41072031268429	-35.7906491859	186.6666666667	100.5965	29.003	31.3465	57.4879	22.7409	1.70041	24.566497	0.099268882	2.29	6.01	0.6025	3.26	70.37442602	1.416816	0.00743953173	48.175	0.0080908226	0.82	51.34	0	0.520104370869574	0.350990037757974	8.819628647	2	27.844	14.8672233474543	103.584717251298	92.06	-1.8249468e-05
6099	113.6666667	80.1297420254745	6.3505295	23.20800412	5.47762221000001	4.75950962538	134.2826806612	1.1611224073	0.27403302942	-1.11670528923	-3.45183902142	0.3282361852	157.727899173	0.60790863663	0.63243831787	0.61278172686	1.10844606901	1.09942812761	4.21983369469	4.06677999864	4.09191793276	4.36732139833	167.559951906964	168.907148148361	301.450786283	655.718773889	42.70502	45.799274	0.13170726023	0.28235414837	2.60998149980608	7.49604880580612	8.02893393908042	-35.7200821961	116.6666666667	103.0582	27.991	33.0955	59.1917	23.0812	1.79945	25.218596	0.096354789	2.38	6.06	0.485	3.35	41.2250357	1.776568	0.00573725996	44.671	0.008529194	0.6825	15.92	82.75862069	0.688115459192768	0.409191428571428	92.2962963	2	30.014	16.1885159794283	106.871685873259	86.245	-3.92364281349206e-05
6100	108.3333333	90.602677987013	-8.13822	49.8882	17.2794	4.73893289374	133.9790168911	1.37475739507	0.26946302816	-0.07840227531	-3.91294010818	0.32565325894	164.122172572	0.61213726852	0.63533389392	0.62696954841	1.10820564467	1.09724629198	4.12742720922	4.02529769244	4.10758845004	4.39415587185	167.330039681024	168.309166666	287.538953036	657.976365888	41.670282	45.119789	0.144924176	0.261358389	2.23248899588811	7.29903748030532	7.39300057761992	-35.3378169841	126.6666666667	99.4301638435	28.657	30.5032	56.7256	22.8141	1.73588	25.350836	0.108321688	2.33	6.19	0.535	3.25	54.71615778	1.585849	0.00710402508	44.676	0.008483884	0.8025	32.48	11.84210526	0.699281773964123	0.314992966329402	83.58876117	2	29.909	15.0559658001876	104.71746981408	56.3	1.48719825e-05
6101	100.239969251321	82.9045963730292	11.1656454	12.88048987	6.77677027	4.75944008274	131.4270983432	1.27542592677	0.27275037934	-1.29498940507	-3.29755797273	0.32118696118	160.078605547	0.60633568612	0.64262647472	0.61374038229	1.10360158015	1.09739732958	4.17926135581	3.99503492727	4.09912109411	4.37365691386	165.913214825717	167.821727082507	299.264986926	682.837772947	42.727311	45.09175	0.13462326761	0.27872972394	2.36608302163849	7.42823926699014	7.78981382319209	-35.0066250569254	135.669909010732	109.348896833416	28.546	32.9585	59.3464999999999	22.7543	1.75101	26.12111	0.088574064	2.29	6.15	0.5	3.05	64.54121498	1.617251	0.00454220016	41.318	0.0084696564	0.78	21.95	39.23384625921	0.750759864653856	0.222439235709145	62.4146535166388	2.08	30.663	14.8911843995111	108.48184928265	86.877	7.16027330119047e-05
6102	103.5	77.6321622491398	-23	41.25	-45.4747	4.72538647231	135.7154851406	1.23709164295	0.26769623621	-0.46827963345	-3.77632108066	0.31941661195	155.3876740759	0.61505594849	0.65207945211	0.61510516724	1.10771497078	1.09997898381	4.12578049643	4.0429559108	4.05202280945	4.42118062585	166.863476191429	168.519166667	277.905559832	647.528605198	42.735055	45.953949	0.13673975374	0.28070247716	2.57798424928825	7.77506281053767	7.81097439163416	-35.3927296884734	137.972499999998	109.401011869656	29.283	33.0265	58.1905	22.6824	1.72432	24.34588	0.0913537939999999	2.54	5.86	0.445	3.21	56.64060746	1.537937	0.00611927891	41.102	0.0084245801	0.7275	23.28	40.625	0.756349178889738	0.342124516806723	80	2	31.541	13.9387744202143	112.713141579893	87.908	-2.5873517202381e-05
6104	109.5	107.55291113202	8.74320559999999	19.92948137	4.29959512	4.76158159626	129.5513551229	1.2985348253	0.27066592565	-1.14955498991	-3.61235794519	0.32760360463	157.772071261	0.59634367151	0.64426197522	0.60365390427	1.1048062975	1.09541123026	4.17508436316	4.04207991041	4.08411134517	4.33941019461	166.656441803483	167.500642856476	294.043801922	670.750470372	42.592177	44.732041	0.13105342503	0.2782332971	2.31653186728287	7.66199621519139	7.7630779917233	-33.9756039952	153.3333333333	111.3976	28.363	32.6737	58.8533	22.8601	1.78344	25.76104	0.090578468	2.19	6.22	0.5225	3.07	58.148688	1.596897	0.00516429798	43.117	0.0083985154	0.75	26.32	2.068965517	0.648760211316729	0.248756271562181	64.69230769	2	30.541	14.2148928097033	103.429755954193	89.309	0.000125314625078431
6105	87.66666667	84.3234910183838	11.1951781	11.3700940399999	6.33995488	4.73251000121	128.5855767466	1.2632434092	0.27389859725	-1.4389245698	-3.33146495029	0.32549887229	159.6014652259	0.59907207276	0.63654619796	0.60224357514	1.10485769988	1.09528238449	4.1924381119	4.03085587062	4.09354151036	4.37957575068	166.5	166.64665067533	301.489447538	661.03431044	43.1637189999999	43.905997	0.13399533285	0.28205090519	2.55123731123379	7.27349691585416	7.80200447714326	-32.9780678888	176.6666666667	103.7052	28.525	32.606	59.2821	22.6282	1.80409	25.625971	0.089888891	2.32	6.13	0.4575	3.05	63.31070876	1.556188	0.00463629894	41.137	0.0083681496	0.765	25.55	27.49429108449	0.74366407462719	0.248273980672202	62.1525340790138	2.10916666666667	27.968	14.3018578322006	106.119102172657	89.262	0.000192186478273809
6106	94.75	98.6772796012321	15.1006278	14.3395974999999	10.33402798	4.77911335013	126.7022214146	1.38189456921	0.26955533133	-0.80506752368	-3.33124354785	0.3241539041	156.414579188	0.60481289386	0.63486485355	0.6112790164	1.10325704467	1.09484836482	4.16924132034	3.98345278501	4.10273024505	4.38957084369	162	166.441823413665	297.060560527	679.298934141	43.034738	45.003892	0.13434220358	0.28035570396	2.43707160779066	7.26231904518567	7.70521999321085	-36.2558700569	173.3333333333	91.782	27.93	31.9898	59.0281	22.3453	1.85883	25.820385	0.089096168	2.18	6.34	0.53	3.09	63.15932916	1.544723	0.00488678	43.864	0.0084626196	0.78	28.63	1	0.603641082191034	0.206544506011942	51.61290323	2	27.885	12.8651519117863	106.974102830924	91.8849999999999	0.000155113839039683
6107	105.25	97.8185221565934	8.8291241	17.2300426999999	4.8220999	4.74401476352	128.9437735095	1.28000934995	0.27399159236	-0.99137167208	-3.44634582366	0.32351119292	157.100775726	0.601969993970001	0.63069852499	0.60642317883	1.10659733532	1.09590932172	4.1943797238	4.03156020078	4.10715949509	4.38964283802	164.6666667	165	289.469175133	667.583848059	43.101765	45.104563	0.13415463151	0.27915016948	2.78239900004031	7.58297347937105	7.8064926084125	-35.3539275343261	153.3333333333	97.9595031525	28.019	32.1207	59.0911	22.8222	1.92365	26.460923	0.091183969	2.23	6.1	0.435	3.06	58.95410096	1.619807	0.0054013687	42.293	0.0086071277	0.7875	29.61	22.85714286	0.596479216054044	0.220182800166542	40.07407407	2	34.428	13.6425846713317	115.645491396828	86.898	0.000139854112189542
6108	52.75	111.302702480159	12.277335	1.80832281	8.80270067000001	4.77937766024	133.1413959191	1.14830912862	0.27041593459	-1.57569201196	-3.04474371448	0.32355857128	154.360745673	0.60571481373	0.6398293914	0.587638476	1.10277015986	1.09800986346	4.12213326279	4.04258066138	4.10718040596	4.33814898681	165.6666667	166.700520834417	290.987101268	690.923187679	43.66491	45.887244	0.14546940241	0.28896399126	2.58079784616328	6.16248795434349	8.00169596697861	-35.6488391241902	146.6666666667	113.0865	27.183	33.6984	59.1871	22.1185	0.99157	25.06207	0.088064622	2.1	6.02	0.635	3.02	56.46539914	1.332483	0.00342277918	44.338	0.0081219997	0.7375	20.75	65.81196581	0.737300369810988	0.262251712004212	88.42592593	2	27.88	10.63754386	125.0630851	86.08	-3.73e-05
6109	99	95.3578576694139	-25.1053	44.8553	-47.825	4.72649195402	133.9897797775	1.22136121589	0.27228531928	-0.26130438524	-3.25770241819	0.32217193542	158.9401622228	0.59743479709	0.63976291242	0.61040474711	1.10830250279	1.09875530358	4.15623838291	4.00619376379	4.07874630243	4.36937615005	169.4	172	292.846902939	670.500726653	42.495928	45.512671	0.136248837	0.313342825	2.35023672295235	8.1883795968134	7.95620805482961	-34.8307598297	130	107.3826	28.8	31.6267	56.9696	22.9433	1.78608	25.055127	0.098529984	2.26	5.96	0.5225	3.24	48.97974736	1.581074	0.00574797561	44.147	0.0085834734	0.805	22.76	32.79104317367	0.679822606680921	0.349123719076655	65.9803175478705	2.18	30.58	16.1669934227205	105.154448330636	86.581	0.000143278998214286
6111	93.66666667	99.3973641179654	5.3560254	25.2462114999999	5.43170706000001	4.75600008218	129.5220835244	1.41529787366	0.2750446489	-0.9727890928	-2.70228416951	0.32855959898	155.1307478879	0.6022488944	0.6319300793	0.60668923469	1.10534882464	1.09681115737	4.18708789258	4.0212983337	4.0639871264	4.36759700145	167	167.74186620647	285.85003786	662.429915119	42.784321	45.410274	0.12933287027	0.27308241344	2.4484406980162	7.68755715562985	7.78011302202322	-34.9390473069444	166.6666666667	107.5676	28.594	32.1444	57.8239	22.6742	1.81186	25.31361	0.0893724259999999	2.36	6.24	0.57	3.29	63.3904612	1.550701	0.00650252178	45.19	0.0084655975	0.785	37.64	0	0.620776132885169	0.353834410773847	13.46153846	2	28.105	14.3764244129601	104.615176446887	88.362	8.80489252689075e-05
6112	76.75	84.2460484128372	32.75	16	85.2324	4.73691067358	134.6001890666	1.35774098111	0.26856621118	0.19317914619	-3.33274710093	0.32642869758	151.9561700549	0.62881145557	0.63989674327	0.60910073879	1.10666737297	1.09720999088	4.10946715722	4.02659696346	4.12948640737	4.37641743422	168.8	165	278.769376915	655.162563134	42.961582	45.693482	0.148665199	0.274239518	2.45216712799949	7.2437101492593	7.65190481788091	-36.1759219396	113.3333333333	116.9641	29.079	31.5002	56.6928	22.4399	1.64381	25.586162	0.095896196	2.34	5.98	0.5575	3.16	61.97129348	1.408131	0.0055064488	43.996	0.0081674224	0.8225	25.22	5.839416058	0.672605220746427	0.377640504790941	81.37931034	2	28.388	15.7289826625179	108.142018264736	88.666	-3.5756866e-05
6113	107.360182091162	89.8864550833466	1.6335805	24.7106120999999	-1.33804693	4.7182105439	129.1587196983	1.38312267359	0.27161166412	-1.39714045839	-3.84565886525	0.32450415231	153.840679109	0.60428220567	0.627272795	0.61417104106	1.10496832603	1.0948756211	4.19114479178	4.03561308488	4.08063327883	4.35405041043	166.517726960518	167.559682195335	297.079237501	659.521863225	42.884914	43.178158	0.13546690946	0.27774850407	2.48462467434046	7.89458971763678	7.67378099230013	-35.4751994384	140	103.5497	28.505	31.9892	57.0835	22.8227	1.87572	25.879385	0.091701487	2.34	6.11	0.52	3.24	59.3619872	1.790068	0.00613284793	42.142	0.0086183818	0.7925	35.13	9.65271546721	0.712578828888366	0.255173632996069	30.43478261	2	27.69	13.9123894910586	105.665071055407	86.189	8.92654667689076e-05
6114	92	118.090206104131	12.3616227	20.2891912999999	3.43954333	4.74143557716	128.5550756338	1.37128904767	0.27447339536	-1.30752843534	-3.28724387534	0.32774131894	156.190220935	0.60517334394	0.63145049788	0.61595318981	1.10460574881	1.09798182911	4.20983187366	4.01492744545	4.11592611917	4.37463495055	169.25	167.075891025597	297.597800698	659.393785822	42.770593	45.091201	0.12895717805	0.27976274498	2.47153070912997	7.7429420099467	7.76627462442535	-35.1419544101705	140	112.5564	27.563	33.0193	57.8228	22.9339	1.83926	25.567191	0.0887880369999999	2.22	6.14	0.515	3.11	61.7871694	1.543473	0.0055789284	42.629	0.0085382611	0.7275	31.36	0	0.557385901172604	0.282330743784403	22.28116711	2	29.005	15.5528816579771	103.353955528165	90.492	0.000140592528444444
6115	74.75	87.3556011349339	9.8873009	12.8671904	5.67952542	4.7671692228	127.5799663779	1.23127799356	0.27875175503	-1.19026228591	-2.82616059644	0.32369844364	157.421904228	0.60484302056	0.63293201124	0.60574712396	1.10590507315	1.09776836402	4.20332274971	4.03747499892	4.11288904273	4.37747605823	167.6666667	167.737974359824	302.923922243	670.869043018	42.619269	45.467938	0.13198117599	0.28369842809	2.64429261479016	7.47394024244741	7.83431703630102	-35.1688902252932	183.3333333333	106.557	27.673	32.7157	59.3472	22.8089	1.72498	26.401797	0.0849029399999999	2.33	6.16	0.49	3.07	59.7737717	1.673401	0.00471658726	44.104	0.0085384361	0.7725	20.13	39.7538660463	0.703834084605607	0.283703451219512	62.7187211384284	2.09	31.135	14.6665295655342	107.401957237767	87.835	9.22748872689075e-05
6118	99.25	86.4989882159507	12.0339074	12.85785744	4.48757018	4.74809625423	131.0818462676	1.27922070773	0.27262441703	-1.50683084116	-3.75414643144	0.32601094592	157.779913294	0.604473247480001	0.64820124964	0.59867975353	1.10554512729	1.09551575858	4.17043608466	4.02924705841	4.08993491176	4.373384312	166.452911999223	166.752694013522	296.091506493	673.903119655	43.133999	45.439037	0.13439478202	0.27609319733	2.23421021870725	7.22492067265721	7.79023296747599	-34.8419376677865	186.6666666667	102.0809	28.796	31.9176	59.9543	22.7237	1.76061	25.486514	0.091648196	2.18	6.24	0.5075	3.03	60.94927416	1.639491	0.00487302178	41.877	0.0083918163	0.7975	25.18	20.2276314692042	0.713401374023872	0.233392788340724	61.2960623742523	2.1	25.141	14.8941526198029	107.479247977336	88.179	0.00013659370872619
6119	100.277646634883	101.443855467033	20.49	14.76	5.92502	4.73965777891	131.6799711748	1.45443957877	0.27104194504	0.2270929416	-3.65933188418	0.32219636431	159.2113143559	0.6153147211	0.65512084107	0.60542989756	1.10868086212	1.09853606891	4.1194086641	3.99319207565	4.0960292622	4.36565276642	165.99837277963	166.941999998667	274.632894468	666.692308679	41.839542	45.016608	0.080550362	0.266555082	2.44815277187109	7.35985081077689	7.51014696740123	-35.2189705446829	139.922222222217	106.693131624652	29.422	30.1484	58.3232	22.5044	1.66866	25.136857	0.102090174	2.29	6.04	0.6	3.21	62.99661352	1.323335	0.00575079751	45.978	0.008376837	0.8	32.8	39.92750570641	0.73176926774516	0.312795594076655	66.7618551213905	2.18	28.236	15.3334110112167	112.792441698433	87.803	-1.3902175952381e-05
6122	90	88.1750554716117	11.7327336	11.45012821	1.78562	4.76268511189	129.4329600531	1.31379932061	0.26874846244	-1.02581949037	-3.6855527627	0.32492738263	157.727013183	0.6004155915	0.63575538619	0.60991758673	1.10539075705	1.09519627691	4.17051306601	4.0320423295	4.1088973414	4.36663586121	166.5	154	306.406857227	672.485320467	42.496311	44.125086	0.13505389885	0.27931771286	2.54436253906185	7.38326749845611	7.95172567423933	-34.9013362137633	140	109.5185	28.2	32.499	58.3736999999999	22.8562	1.7198	26.563953	0.0911019159999999	2.14	6.14	0.5075	3.03	61.91991822	1.482344	0.00461655793	42.197	0.00843400949999999	0.8125	29.1	12.80990492292	0.676685183588986	0.245596303492239	58.6153343718427	2.16833333333333	24.479	13.7619934479297	105.989085428056	90.757	0.000200115197306786
6123	98.149689605651	80.6272906456044	10.9120167	12.63335057	6.57104134	4.76220789626	130.7088047082	1.26187246553	0.27382987746	-1.18473155295	-3.41153031673	0.32172238991	157.922420512	0.59975505239	0.62890858076	0.61870044448	1.10308492117	1.09653707967	4.18031815727	4.0572616945	4.10363813376	4.39326543933	166.443527599177	168.005049020377	300.157157868	678.603372556	43.312063	45.741753	0.13382365819	0.27632350201	2.36034267502613	7.50719604964816	7.86343935045872	-34.9945528641951	140.112936507928	106.462056810022	28.61	32.6485	58.3333	22.8695	1.67535	25.598338	0.088306755	2.3	6.21	0.505	3.09	61.10199146	1.602844	0.00470070027	41.131	0.0084414129	0.7825	18.94	35.05182432447	0.788683527564608	0.260004790505226	61.8919398837986	2.06	25.55	15.5219639304444	107.402076000939	88.82	3.55870221855742e-05
6124	106	95.597066966186	-18.4468	37.9468	-29.0292	4.74423883228	133.4873358496	1.25974202906	0.27257823796	-0.14434545972	-3.40956338382	0.32353842899	158.82355179	0.63017249945	0.64625317573	0.62067493014	1.10489324396	1.09689239341	4.15351719703	4.00849424675	4.06999677837	4.38244043419	166.235435098267	168.347083332	295.356933644	655.923417905	41.076567	45.056489	0.13154022039	0.27634976429	2.55071197230298	7.24695715847345	7.72415965332755	-35.3812005529	140	99.6671501645	28.97	32.9148	58.3053	22.7315	1.68275	25.261906	0.0931594629999999	2.39	6.07	0.4475	3.16	57.6806756	1.528155	0.00660679265	41.153	0.0083899726	0.69	26.68	34.34036440359	0.736392519866834	0.346508699412109	61.9963411971599	2.21	26.174	16.4747674601967	108.115243677907	84.962	6.25602057142857e-05
6125	100	140.117668939394	12.4578824	21.5833588699998	5.27908687	4.76970451208	130.1691588516	1.3992695287	0.27197162317	-1.13597491534	-2.45635029632	0.32934016921	155.809450619	0.59266265358	0.63781993479	0.59619486543	1.10959637642	1.0957795057	4.17620229288	4.01431774906	4.08021575017	4.34758853521	165	168.5	289.407259359	643.537857767	42.955033	44.925535	0.13075701786	0.27281414421	2.28936771883808	7.57168899844524	7.55967310313186	-32.7756707737	120	112.5362	28.391	30.993	56.5975	22.3101	1.806	25.476945	0.09211609	2.22	6.17	0.615	3.13	63.66009196	1.380124	0.00623630172	46.697	0.0083543063	0.76	44.43	0	0.580196141702907	0.268929896237506	4	2	29.147	13.847008204445	100.52858229487	89.308	0.00013266252180859
6126	89	77.7273207754745	6.8903346	22.58966992	1.29731083	4.74679378314	132.7492340679	1.21163364348	0.2689737136	-1.05206262155	-3.60400866967	0.3284542045	156.1429314607	0.60152785472	0.63407102618	0.61510445589	1.10744617281	1.09775191624	4.19918282288	4.0683966241	4.09477662627	4.38826069362	169.3333333	172	299.561183732	668.441407388	42.478302	45.304703	0.13178874607	0.28147035954	2.47883177365389	7.45562862515341	7.95440971284847	-34.303828732	113.3333333333	116.2129	28.306	32.3663	57.6321	22.837	1.70171	25.049325	0.0938564449999999	2.45	6.04	0.52	3.28	45.93743746	1.749506	0.00584385775	42.952	0.0085807931	0.7225	18.34	19.89528796	0.726625713759355	0.405552576219512	57.95454545	2	31.768	15.0823242072588	105.004283463152	88.329	5.44798091176471e-06
6128	113	97.1042015567766	5.5417172	25.8133344999999	5.80275886000001	4.74831974681	128.6374738998	1.41972652035	0.2695617251	-1.52334787787	-3.40460568002	0.32554181191	153.359454854	0.5982020252	0.63379648527	0.6070534365	1.10763661648	1.09686979287	4.198743026	4.01654134152	4.0896104961	4.374317327	167	172	291.95851119	663.886420489	42.694404	45.319159	0.12718122295	0.27450548	2.37329192946324	7.78494815504248	7.63714063066107	-34.8853837588306	166.6666666667	99.9260777377	29.029	32.2325	57.753	22.6526	1.84316	25.487466	0.088547419	2.28	6.17	0.5125	3.28	58.7025099	1.695615	0.00636222198	44.878	0.0086536467	0.69	34.15	0	0.648877627814018	0.383677537757974	34.34482759	2	23.541	14.3562857915378	103.619754011501	90.881	0.000105696802657796
6131	137	129.661397916667	4.1788467	24.6358373999998	5.33285953000001	4.76552062374	129.3975704957	1.40896930689	0.27477341869	-1.03834858062	-2.43911442734	0.32656986805	155.2852619039	0.60061424164	0.62560561081	0.60673566444	1.10808446233	1.09666546529	4.17689160307	4.0188536984	4.09041849446	4.35659685317	172	167.692048684313	280.597828428	649.630662967	42.67946	43.992771	0.12817872142	0.2724868755	2.41371182879585	7.39724046007661	7.6169648694254	-34.497140161597	146.6666666667	112.911	28.401	31.4113	57.4014	22.7327	1.81621	25.192739	0.092438755	2.37	6.16	0.5975	3.26	65.0586282	1.478217	0.00661588988	46.295	0.0083924504	0.765	42.06	0	0.516824162536241	0.290079890310526	3.448275862	3	26.341	14.3629389062539	99.784246486373	91.069	0.000141796364268908
6132	102.5	78.5871684725962	11.3797484	20.6351049	6.80184011	4.75837074232	133.1640349581	1.20624852175	0.27160124639	-0.77314287852	-3.4604480327	0.32879157348	156.8746723269	0.60300665951	0.6349452356	0.61904685064	1.10582389182	1.09979341672	4.20718599252	4.05648634421	4.08666123092	4.35978174271	169	172	308.53616089	658.087658449	42.781855	46.016008	0.13344944168	0.28141470568	2.57743974691461	7.70409146442046	8.11083411052109	-34.3150437323	113.3333333333	115.0933	28.315	32.8619	59.1365	22.9623	1.6864	25.844033	0.0942061879999999	2.29	6.16	0.535	3.15	45.29178886	1.577401	0.00477135119	43.453	0.00839588389999999	0.7225	13.47	2.597402597	0.703098984163732	0.361502053571428	72.39010989	2	33.766	14.7971980548471	103.306435375168	88.133	9.05780935704949e-05
6133	91.75	110.461873150183	7.6938672	22.2551719999999	2.1973726	4.76071288159	130.8923954267	1.31722109353	0.27079905201	-1.31824693282	-3.31685961101	0.32894492407	154.914925684	0.60104865256	0.63710966777	0.60838305229	1.10513064901	1.09690829837	4.1965317842	4.03916913402	4.08511280879	4.36691751058	171	167.976947903271	298.507041902	666.708725755	42.988455	43.977451	0.13287026874	0.27833781764	2.43533308708654	7.35923482588441	7.74714787407447	-32.8845585105	160	106.1874	28.489	31.9432	58.3063	22.6711	1.83486	26.082983	0.092969038	2.17	6.22	0.565	3.23	55.33329396	1.665936	0.00564204681	43.821	0.0084130447	0.77	23.99	0	0.68973717722582	0.358939096237506	58.19088319	2	29.18	14.8447681460968	102.815267733668	86.631	6.54474146022409e-05
6134	100.3333333	80.3421128588079	10.1392432	15.26976917	7.56570774	4.75475675311	129.9448493082	1.23611815333	0.27075440623	-1.25566403116	-3.14551030591	0.32146726586	155.439331263	0.60112382236	0.63666664083	0.60930850584	1.10674369766	1.09616634749	4.18425815155	4.03209886196	4.09326260966	4.35651058741	169	167.719329059827	297.874372131	664.506604176	43.068512	44.346807	0.13047093864	0.28132780538	2.41953011735516	7.39934460217187	7.66859991933267	-34.4535352399	183.3333333333	98.3194397284	28.591	31.7377	58.3757	22.7831	1.73843	26.181893	0.090602847	2.32	6.22	0.4975	3.1	60.4675265	1.634474	0.00496594932	44.235	0.0086343121	0.7675	20.89	16.90677749204	0.759440927508318	0.321108617886179	60.0806971300467	2.09333333333333	25.597	15.5317294687942	103.677907655481	88.699	7.72753119444444e-05
6136	84.5	105.657676322011	12.5938356	9.80319506999989	6.0029279	4.74465199352	129.2014405395	1.24748939622	0.27315218263	-0.96589358255	-3.06457717697	0.32723838727	160.387740803	0.59718286721	0.64554626952	0.61213541694	1.10449584237	1.09605418738	4.18069533098	4.04087676749	4.11680270884	4.36189017928	170	167	300.921997231	675.408787724	43.352053	44.527174	0.13661893254	0.28065077487	2.80547572825505	6.91981865550161	7.87988463090512	-35.344262951	176.6666666667	96.7020514992	27.69	32.0068	59.7487	22.6811	1.78218	25.744964	0.0911810409999999	2.16	6.08	0.555	3.05	60.2287307	1.498041	0.00408368492	42.686	0.0084316007	0.7925	29.58	3.333333333	0.6117806466096	0.271307076219512	63.33333333	2	27.97	14.0849120098947	109.650812568787	86.419	8.93474813095238e-05
6137	87.75	102.218366027167	12.9749425	13.80778369	8.15432922000001	4.73815469586	126.9986748557	1.31239296009	0.27101562146	-1.23838718368	-3.14319196158	0.32723262419	159.562344319	0.60297555679	0.63243080769	0.61013140651	1.1067798641	1.09683732461	4.19062892887	4.03176629032	4.11145324874	4.3575360406	167	168.5	293.179843248	674.598636554	43.111639	45.254951	0.13511487233	0.28199121001	2.39645808016096	6.88999111398078	7.65955754597285	-34.2719783017	140	108.1485	28.385	32.4789	58.561	22.5244	1.80531	25.786584	0.088627639	2.28	6.12	0.545	3.07	58.55706716	1.519173	0.00496401151	42.027	0.0083511642	0.765	23.99	0	0.652739667975535	0.277165470158906	55.71658615	2	27.674	15.2706976278513	106.359059787224	92.295	6.87654641071429e-05
6138	90.75	89.7110336326174	9.5450214	16.11544012	5.39145134	4.76205554333	133.269383345	1.16084335327	0.27262434686	-0.96581962225	-3.24957425979	0.32404924934	157.753223305	0.60406091902	0.6457950836	0.61685839862	1.10423792056	1.09720268209	4.20345048525	4.06599190904	4.10265954156	4.3604274648	167.6	168.012947909007	295.806157782	665.354281821	42.790794	44.58765	0.13466245586	0.28258599563	2.8465963164848	7.55642214902007	8.11902363015899	-33.9204591616	140	109.1863	28.528	33.9352	58.966	22.7973	1.63373	25.796211	0.094013138	2.3	6.04	0.5	3.07	49.32957722	1.583954	0.00467150291999999	44.01	0.0084679967	0.7375	13.05	5.421686747	0.750257586392714	0.334450858798065	86.60968661	2	33.364	13.8168994760606	110.682637806943	81.513	1.37476303879552e-05
6140	103.25	132.60403726357	10.6974657	18.01141937	3.46817901	4.75509963441	129.2474108796	1.3355632813	0.27019978825	-1.51575131875	-3.5290325552	0.32884965595	155.509885363	0.59900297367	0.6361349377	0.60952641194	1.10870973877	1.09597642464	4.16836521527	4.036665248	4.10366790497	4.37014650785	167.6666667	167.682242331643	292.749091108	666.910644523	42.976668	45.038641	0.13401404407	0.28025564904	2.42359923368307	7.2120092230933	7.75744195767922	-34.1962141487	133.3333333333	104.057	28.559	31.7472	58.1616	22.5669	1.8147	26.178359	0.094739843	2.19	6.18	0.525	3.07	61.7588797	1.449848	0.0052771132	40.886	0.0084143622	0.7275	29.53	1	0.69165514276545	0.303657690535751	36.91666667	2	24.37	15.4664221670433	100.7942949474	90.225	7.81693914117646e-05
6141	104.125244742235	84.0718062519003	9.3776158	14.23641557	4.59204597	4.72739561066	130.4434969332	1.26582100484	0.26844574738	-1.11360020046	-3.58162137731	0.31817208429	157.914152442	0.60889400888	0.63701390004	0.62267728892	1.10430901689	1.09662484038	4.19817212256	4.02489625122	4.11348172525	4.34170413579	165.83510841476	167.667753704706	304.538008893	681.306919448	42.782863	44.720319	0.13119779129	0.27916767532	2.37692030906854	7.6437129292734	7.84070064211924	-34.8654664312243	136.844162257487	108.768250895165	28.477	32.2479	60.384	22.8615	1.75084	26.066331	0.0895032279999999	2.27	6.19	0.4925	3.09	64.41985092	1.663615	0.00495315516	41.218	0.0085046344	0.75	20.96	29.61829105908	0.7296948495709	0.220215909552845	61.1350602050929	2.05	29.714	14.1683334492777	106.874914476792	86.997	0.000122248398018908
6142	107.5	108.762904771062	12.1336551	10.79912709	6.92507881	4.77561018622	131.5497097132	1.18520350011	0.26705572614	-1.36650044383	-3.77370399097	0.32444576599	159.160329368	0.60089942623	0.64676909321	0.59227415935	1.10737306676	1.09737006982	4.18645167029	4.0272215321	4.11894086525	4.33772718563	168.75	167.376166668	303.441253248	668.38697139	43.062823	44.967008	0.13716219355	0.28696090639	2.64199367496137	7.12655452481705	7.95243231792056	-35.1991917325	180	102.9317	27.46	33.0045	59.1861	22.3879	1.59402	26.25129	0.092285577	2.13	6.09	0.59	3.05	51.94162152	1.448854	0.00428724447	42.789	0.0082958171	0.76	18.93	0.833333333	0.676843497982925	0.316316599025974	75	3	26.372	13.9155262500465	109.24821115861	87.145	1.99740704761905e-05
6145	111.5	75.2334619012509	6.9114814	20.52378329	0.544261209999999	4.73863066307	132.2867785601	1.21791882628	0.27384040949	-0.53274773912	-3.07616789301	0.32873264726	156.276225347	0.59679426403	0.64155827601	0.6056391062	1.1077810493	1.09899838779	4.19140724621	4.05753639565	4.06532877393	4.36912113353	167.36959134023	167	303.926995033	660.444660063	43.115253	44.184358	0.13600913779	0.28622295555	2.61964970271176	7.37725625805349	7.75625776108052	-34.7935570185052	180	94.2456662161	27.951	32.9818	58.6721	22.8536	1.81782	25.413085	0.092213374	2.31	6.12	0.4975	3.3	48.27559852	1.726001	0.00562159969	44.217	0.0085865345	0.69	16.63	23.93162393	0.755826389483067	0.36884691947348	96.35278515	2	31.26	22.07	94.94606167	84.175	-0.000506569
6148	105.6666667	89.6275131910722	5.822413	22.1640491999999	4.80892125	4.72151497353	128.79257358	1.38229330812	0.27696580008	-1.57580408401	-3.82485492913	0.32601985968	157.076352894	0.60375964504	0.63629852769	0.60740732219	1.10562807768	1.09669518622	4.18643955193	4.03410836853	4.0684782693	4.34519728433	168.3333333	167.242458142203	295.176780842	652.008293424	42.966024	43.476219	0.13536536508	0.28033356622	2.36730576329972	7.69229980293269	7.71276320359344	-33.7999373752	143.3333333333	101.1185	28.405	32.3998	57.7165	22.8092	2.08104	26.304042	0.093592967	2.32	6.2	0.5075	3.23	62.1924397	1.72186	0.00589849546	43.842	0.0086284343	0.8575	30.05	0	0.737164284245509	0.27664766045107	68.16502463	2	29.641	14.6611598297062	104.109581041696	86.809	0.000117971246102241
6149	99	86.6712451490177	11.1193919	14.2661401399999	4.80225174	4.74203686983	129.9863051391	1.29233142256	0.26981528523	-1.49727969751	-3.31879507762	0.32368514417	156.403029348	0.60292237547	0.63434152899	0.61664186295	1.10637103364	1.09647655604	4.19131946851	4.03334595721	4.10163769213	4.353090925	167.6666667	166.818407576207	297.092542345	668.631174018	43.208972	44.095743	0.13700405561	0.28343830857	2.39379259952419	7.68311504283869	7.77861245465064	-35.9357872597	123.3333333333	116.0277	28.534	31.5053	57.1783	22.8971	1.82315	26.094156	0.0897283189999999	2.25	6.12	0.5375	3.12	60.7031397	1.567086	0.00492286756	42.22	0.0084949512	0.7425	25.36	17.4713473381442	0.7664714636692	0.178688535839257	60.1738669005444	2.07714285714286	27.533	14.5563329511863	103.108083787522	89.944	0.000189378253439542
6150	101.6666667	94.5329795455511	9.91062379999999	12.6424424399999	5.61978686	4.74390955283	128.4716387942	1.33998815642	0.27423565651	-1.43643772358	-2.92134390549	0.32602297725	156.7438863159	0.60209778096	0.63837540778	0.60820146305	1.10544411125	1.09496241255	4.17411901424	4.02001706051	4.10211354429	4.383346733	167.5	166.056906748178	303.854056423	661.422513688	43.363163	44.123404	0.13966940475	0.28462849921	2.48473770126719	7.39314414488435	7.69963882932871	-35.7106916185	170	102.2923	28.154	31.6896	58.1536	22.77	1.9862	26.74861	0.090585726	2.16	6.14	0.53	3.12	58.18659286	1.586043	0.00500352451	42.625	0.0085259959	0.8025	34.58	1	0.686095016254412	0.117476192609388	34.01856764	2	31.419	8.430735294	98.31788531	87.842	0.000264548
6151	103.3333333	104.956752433862	7.2775924	23.1507955999999	4.63997714000001	4.75904081696	128.5172719358	1.41695357012	0.2739170349	-1.40684207718	-2.87657997744	0.32494317796	154.3938460639	0.60700927744	0.64523378558	0.60415050311	1.11073222278	1.09863211837	4.17344996797	4.01897318162	4.08010346966	4.35849420919	167.25	167	291.874757992	655.84423304	43.11674	44.240185	0.12759358736	0.27647563259	2.11195482169658	7.60841049685538	7.49638664900199	-36.3185472831	180	106.5434	28.685	31.2202	56.9547	22.5823	1.92263	25.341874	0.089082628	2.26	6.28	0.525	3.16	65.00026926	1.481339	0.00638546583	44.571	0.0085726236	0.67	42.71	0	0.479544335696414	0.29179845781445	14.04853129	2	26.706	15.38784946	93.04406407	93.586	0.000606832
6153	116	80.281305006479	6.6299523	6.38680221	5.64542685	4.7588573615	128.6072046403	1.23497555791	0.273735035	-1.08518550335	-3.14020707669	0.3274628163	157.246937244	0.60606694801	0.64620412179	0.61054395937	1.10242553919	1.09559075857	4.18326003856	4.03141167873	4.09636837904	4.36385756155	165.176430216187	167.364591150232	304.289031585	665.91294165	43.053858	44.647059	0.13978752721	0.28252971512	2.52765853098577	7.12784657511554	7.74795114953902	-34.3710922736	120	119.0005	28.247	32.4938	59.5388	22.4784	1.71649	26.475002	0.082814515	2.26	6.09	0.4975	3.03	66.81924904	1.640277	0.00450284076	40.486	0.0084229755	0.775	28.13	46.94875832074	0.755131626017492	0.235097709992432	61.7551923517494	2.14	27.354	15.3646867434664	113.709564559678	88.989	0.000110777710736864
6154	107.687370457753	96.8535103588079	1.7532687	23.25746322	6.15503235	4.75259446034	133.4373421015	1.1647067555	0.26686940704	-0.996946467529999	-3.73698810155	0.326321167	159.757336374	0.60609533074	0.64354403488	0.60195284592	1.10536843137	1.09815308728	4.23460304235	4.06789845292	4.08944746776	4.38982622456	166.960358330186	167.965060606697	304.569704513	647.199577573	43.179858	45.617816	0.13518772812	0.2897070605	2.74307373597915	8.15608191647982	8.37069369905878	-34.7072405917892	193.3333333333	104.0892	27.909	34.5103	58.4818	23.1322	1.77116	24.550588	0.0939159159999999	2.32	5.98	0.4425	3.19	44.98451776	1.873442	0.00496441583999999	44.484	0.0086237203	0.645	10.94	100	0.707301652306027	0.393725141806722	100	2	34.882	15.39802469	110.4027584	83.242	-2.12246505882353e-05
6163	111.563386602396	100.607916057095	1.9470116	17.38092088	3.98909804	4.7553325539	133.0859309693	1.16331022408	0.26792421097	-1.27704016313	-3.38508942107	0.32882709254	157.4128932079	0.61028497745	0.64597778526	0.61275928703	1.10375421823	1.09846219896	4.23152493597	4.06098581051	4.12641548632	4.36207675888	165.732945514838	167.606183502283	299.098722621	674.845923114	42.359822	44.985401	0.13334455594	0.28422250901	2.53510031934879	7.80858257571136	8.36793992870682	-34.7252324138239	133.3333333333	112.1459	27.06	34.7728	58.4461	23.0658	1.66472	25.606557	0.0909592269999999	2.22	6.09	0.44	3.17	46.87286966	1.688542	0.00455392783	46.006	0.0085374593	0.675	10.6	100	0.664104577146952	0.357870094909176	94.82758621	4	33.384	14.7661425899833	107.866563032965	80.325	0.000105272474
6166	104.343081656606	88.1756094682672	6.9795357	12.58646527	6.84247621	4.7438527483	129.5868831464	1.21221044082	0.27425433716	-1.3363132413	-3.30320328493	0.32227302532	158.5590010209	0.60359802856	0.63881321344	0.60458054582	1.10461757654	1.09849286025	4.20704022612	4.02058358614	4.10029805676	4.36953621727	165.870237041362	167.750287037489	289.136972073	669.84166186	43.033799	44.984664	0.135440359	0.28235221066	2.57706877900928	7.63600391081401	7.90184039786988	-34.9411592544955	145.360317460311	108.88822810357	28.221	33.1297	58.9612	22.8614	1.7465	25.648826	0.088387925	2.25	6.17	0.47	3.04	54.30866792	1.7072	0.00461578891	42.28	0.008520283	0.7625	15.55	100	0.708692563709187	0.177819076219512	63.8260986840403	2.19	30.568	15.1788073014876	111.269762644697	87.796	0.000115581627161765
6169	113.5	115.973066717033	50.75	22.75	28.4697	4.74446267383	134.5567800058	1.20559876251	0.27448399775	0.30128009727	-3.36642912351	0.32196351721	155.352787167	0.60997154345	0.64421676858	0.60292585106	1.10873422208	1.1019898025	4.20279799084	4.05705335081	4.10757490671	4.41938516631	165.2	167	283.048435201	665.363548047	43.118599	45.701528	0.13579862185	0.28242675437	2.66610552633827	7.61737091354868	7.87370159861573	-36.0963125588	133.3333333333	115.6337	29.239	30.6856	57.3201	22.5064	1.81763	24.306017	0.098193018	2.34	5.98	0.5075	3.07	40.77857058	1.522636	0.00495703576	48.123	0.008386961	0.7325	22.04	92.30769231	0.662178747139561	0.268902857142857	81.25	2	41.807	14.9284923968433	110.763327388903	94.119	6.58769494117647e-05
6172	114	107.00278010989	8.0228057	8.52075198	4.98215171000001	4.77108464351	131.2593904706	1.17623171183	0.27179347757	-1.54517074348	-3.50084213057	0.32106717319	157.704083539	0.60772266697	0.64101190504	0.60830860136	1.10534838821	1.09700013522	4.15265290088	4.05371296082	4.12221827208	4.34217058338	161.7142857	169.5	302.296059242	672.410917619	43.749714	46.011462	0.13678631631	0.2866962869	2.70355799326718	7.39643698793051	8.22791509658644	-35.0978333536376	136.279629629632	110.817401200031	27.175	34.3201	59.1193	22.4932	1.48247	25.931414	0.092853814	2.15	6.02	0.555	3.05	58.28659316	1.427182	0.00418547727	43.423	0.0083522084	0.7625	16.6	95.93495935	0.602035115629984	0.305428124560061	100	4	34.976	11.6289595624655	112.770222658467	82.254	0.000125861452701149
6173	101	93.2112180809046	9.1348681	2.25703571999979	7.68279788	4.75551707404	134.3557093818	1.13251303085	0.27251880375	-1.71772756856	-4.1733747066	0.32364013536	158.882337292	0.61363557053	0.63564440287	0.5995915293	1.10422933479	1.0955683486	4.15472681513	4.03701184587	4.10608395059	4.33717518231	161.25	169	303.327220104	674.149495179	43.743816	44.71554	0.14245426347	0.2908269277	2.83798287395329	6.65668132266489	8.31964130812379	-33.7113185096	106.6666666667	107.3149	27.074	35.4931	58.8781	22.3614	1.15864	25.900176	0.088831914	2.15	5.96	0.58	3.01	53.85336074	1.411331	0.00341713847	43.18	0.0083172872	0.775	16.38	78.57142857	0.671750863636364	0.266537641806723	98	3	35.787	9.69989143787233	120.095913112683	83.801	-5.35423145564893e-05
6174	128	89.154473216186	9.0326016	15.42895014	10.47385718	4.77114193157	133.5203211311	1.1142020884	0.26613407099	-1.59769186956	-3.49127313104	0.32644403611	156.091291971	0.61120843666	0.64268550277	0.59978741908	1.10575219484	1.09790689899	4.22328622931	4.05827679834	4.10582926766	4.37459880682	165.5	168	295.072591934	684.832223779	42.985924	45.156634	0.13350418441	0.28481231791	2.71753241608937	7.94724468005279	8.0913075358433	-35.1562285854585	142.902777777781	110.059931667512	27.905	33.9639	58.3248	22.8867	1.64209	25.868364	0.0912612819999999	2.25	6.09	0.5075	3.07	44.26131596	1.644872	0.00419176567	44.899	0.0086663865	0.7125	12.29	83.33333333	0.644856076548452	0.355532317131398	100	3	33.833	13.6539323959525	107.168346086049	81.672	9.70592694117647e-05
6177	105.5	102.748851949952	6.8211202	11.5780211799999	5.54523582	4.75867175032	129.1875703111	1.18039430546	0.28335177264	-1.77192427987	-2.78548674208	0.32644962232	157.180912687	0.60840500178	0.64053643913	0.60882502124	1.1059098472	1.09730524292	4.17950906506	4.04261891636	4.11448273451	4.36112756946	160.8	166.733993147197	299.151605601	667.751058412	42.699663	44.819283	0.13660959544	0.29085625231	3.28895205977806	7.52241187970105	8.17933299603503	-34.613500624	120	115.9648	27.757	35.2138	58.753	22.6245	1.69464	26.217432	0.095863717	2.23	6.02	0.49	3.12	50.15505992	1.522934	0.00434208269	47.097	0.0084341891	0.6675	15.71	99.16666667	0.621408211982705	0.381480317131398	100	2	39.204	14.68914063	115.7140464	83.807	0.000490232
6180	41.25	122.803541547619	11.1275686	0.96653795	8.76697718	4.7529204833	135.6720849778	1.11658660253	0.26655263377	-1.97222985692	-3.55851426974	0.32417908167	155.893503485	0.61454655383	0.62106114072	0.57666820686	1.10629601347	1.09734058992	4.10757468783	4.07015615503	4.0718383764	4.34332672339	168	167.2	254.479205674	670.403057245	44.314161	46.255746	0.14507538782	0.28416128351	2.85232338351681	6.50518377514178	8.45994430612505	-35.6845969299926	143.186870255346	110.643840330861	26.349	35.6378	59.2623	21.9675	0.84775	22.865382	0.090247298	2.09	6	0.6725	3.06	55.8321988	1.077354	0.00352616661	43.971	0.0079125128	0.755	21.39	99	0.640343444264069	0.382887609126984	90.5982906	3	33.39	3.377096774	123.5330511	77.806	-0.000254135
6184	103.6666667	96.8056596285236	8.5336831	13.32375866	3.75115277	4.78660109082	129.8061369291	1.23515900179	0.26240215837	-1.5392422211	-3.11665362568	0.32551871502	155.8692982399	0.61229981712	0.64629340655	0.60530806504	1.11034797238	1.10060628379	4.20948329988	4.04356188246	4.10172062382	4.35818483622	165.5	167.878775132341	297.485111983	671.036959936	42.513675	44.707669	0.13602389296	0.28491648936	2.54196936311267	7.54330836323123	7.99293843597238	-34.5921901105	146.6666666667	106.3106	28.141	33.3063	57.8562	22.8059	1.57136	25.900245	0.0925216979999999	2.36	6.13	0.525	3.11	46.74184746	1.665235	0.00461786443999999	42.721	0.0086773041	0.7625	13.18	100	0.688037848262032	0.267157973697054	74	2	36.586	12.65539474	92.39410056	86.74	0.000107075
6188	53.5	154.727642658425	3	-0.5	12.175	4.74108280434	136.9318000192	1.27449807982	0.2777185903	-1.74420882183	-3.0033922762	0.32311529338	155.8484818299	0.6203708222	0.62216303307	0.57799591622	1.10809217791	1.09705312156	4.02501610268	3.96892710529	4.12119596537	4.35024317832	159.8	165	250.255011424	685.353183268	43.347293	44.3739	0.135409175	0.234003664	2.54322761346304	6.24289759081979	7.90315203166576	-36.3303541708	140	113.2907	28.879	29.1615	55.7536	21.7485	1.18368	22.219228	0.094789454	2.1	6.02	0.62	3.08	58.89937196	1.065974	0.003831926	45.659	0.0078099571	0.795	32.57	100	0.722981764705882	0.368606695988632	92.59259259	3	46.249	8.21642530475333	134.129319035733	66.1	-0.00016650859
6189	56.66666667	111.098508661477	9.921546	5.04178299	10.05281159	4.74954219109	133.761925565	1.10602813933	0.26729077319	-1.45032641198	-3.38630105694	0.32041261097	159.1649861	0.60662417539	0.63998569802	0.60010083897	1.10243255578	1.09533051032	4.12934702207	4.07761197478	4.11199857046	4.32405660971	165	172	275.842260197	655.281696144	43.571927	45.88894	0.14468951568	0.28090278044	2.8456432974307	6.79320319293598	8.36075471683668	-35.8521156581	133.3333333333	111.0807	27.096	35.1409	59.1311	22.2705	1.32276	26.114254	0.0910679509999999	2.12	6.02	0.635	3.06	56.69365612	1.226393	0.00357525043	41.839	0.0082421359	0.79	20.7	11.9047619	0.617490128378673	0.355941934523809	96.15384615	2	29.754	11.8384611631188	118.261664459048	79.037	-8.32691348253968e-05
6191	58.5	95.8414634020147	11.6928589	7.28009034	5.88611408	4.75052622191	128.1482814671	1.21728297651	0.27778145588	-1.53090422959	-3.2783400551	0.32389299104	157.293683503	0.60779779347	0.64579795263	0.59861935215	1.10384182947	1.09569693626	4.16610878699	4.0199253538	4.11364689258	4.3235784321	166.6666667	167.300850001267	304.032755762	663.039228228	43.363742	46.594568	0.13737668338	0.27890111666	2.56924189011755	7.14079134167086	7.95955528586611	-38.6797102193	166.6666666667	115.8428	27.724	33.198	59.0835	22.5764	1.58238	25.400334	0.089259172	2.21	6.02	0.55	3.04	62.36083316	1.420529	0.00384639688	40.499	0.0083133743	0.82	25.82	42.98336082622	0.740013552747438	0.281772465829902	60.145359449582	2.13	24.962	14.5592531034947	110.92379100468	87.914	1.91629746535304e-05
6192	63	100.141396305778	11.0020254	6.05848324	5.68643423	4.75279759566	126.2588682848	1.26132034473	0.27008683246	-1.6337906062	-3.33491150421	0.32231258251	157.410751147	0.5987548898	0.64554044251	0.59464249855	1.10453443226	1.0963716875	4.1549152036	4.01873576673	4.09842117568	4.33897754597	164.2	166.562788891361	298.49581767	681.997265465	43.220883	44.914473	0.14239233825	0.283227902	2.7073059515917	6.32923310117875	7.79684940060549	-36.5646292219	186.6666666667	104.411	27.416	31.9023	58.7112	22.2599	1.31188	26.331408	0.0866924609999999	2.1	6.04	0.5925	3.03	60.51686156	1.367084	0.00378511959	41.178	0.0081789668	0.85	29.77	38.25132931745	0.682711167975534	0.315160717245153	63.1057496108642	2.14433333333333	25.214	12.869098394627	117.301393849409	90.889	8.30207769630541e-05
6193	54.5	90.036738452381	10.4686747	1.05278218	6.89815780000001	4.75477220483	136.991598435	1.11874297765	0.27017134535	-1.40741913519	-4.17239276135	0.32243280006	156.895856428	0.6087691209	0.63093521297	0.59921090278	1.10558836526	1.09768293845	4.15288765308	4.08471860428	4.10052204826	4.34594103221	168.8	167	294.0945979	679.376255061	43.94562	45.957652	0.14837957849	0.28329067019	2.9117468074378	6.91017237547699	8.39582699745694	-37.2277132876	130	118.501	26.761	35.0228	60.7367	22.0377	0.96078	25.378066	0.0960325	2.18	5.89	0.6275	3.05	53.42670152	1.227675	0.00397179521	40.62	0.0080587342	0.76	17.46	60.71428571	0.693197031898732	0.403616150793651	100	2	31.52	10.5763372478075	117.71828401433	80.564	-0.000141337040238095
6194	91.5	97.747949262362	62.5447	18.25	15.5388	4.75109468618	134.1901334011	1.27665053051	0.27535927679	1.69271418624	-2.93594428869	0.31920980306	153.1481493778	0.60460369571	0.6370629379	0.60524019245	1.10826233116	1.10352252295	4.13950003409	4.06388795796	4.1468330303	4.40943483265	166.357104365133	167	272.127762086	669.772948717	41.829107	44.576875	0.105513028	0.268565871	2.37036071315362	7.37390368749762	7.75750668628816	-35.7727353947	153.3333333333	107.8267	28.878	30.6655	55.6204	22.7626	1.73154	24.466656	0.097814531	2.32	5.95	0.5125	3.14	51.27281466	1.377598	0.00534036905	48.042	0.0082271769	0.76	22.94	96.41025641	0.683348577146952	0.370149926587302	96.15384615	3	37.501	16.2032388581876	106.131843173815	130.1	-8.77280389215686e-05
6195	59	92.5462317765568	9.4987387	0.995219049999893	8.47439639000001	4.75206271302	137.198345205	1.1311430378	0.26550133344	-1.54331599666	-3.54372646871	0.32071011574	153.6654411	0.60944240827	0.62541567383	0.60233269746	1.10335120165	1.09876249333	4.1461184558	4.04771436269	4.11556647773	4.32793613084	166.3333333	167	291.343098511	673.44962015	44.097566	46.978698	0.14212022133	0.28043915539	2.74151214609054	6.66148511585057	8.28726694398862	-34.9430211292	126.6666666667	117.293	27.149	35.0051	60.9725	22.6119	1.07487	24.755202	0.096046966	2.14	6.03	0.63	3.07	54.60282638	1.340909	0.00393881196	41.31	0.008103498	0.79	21.68	14.92537313	0.714915111842105	0.299308777777778	71.42857143	2	22.727	7.28559322	99.98816239	81.825	6.72e-05
6198	92.5	101.99865979243	10.2901082	9.21489291	4.9895286	4.74651127198	129.1467734088	1.20533470937	0.27097521046	-1.39693593421	-3.38706787846	0.32295197087	156.757395797	0.60338439732	0.65457887289	0.60795264487	1.10602680753	1.09646204566	4.17897059794	4.04540765411	4.11156614956	4.35995737452	168	166.924718539887	300.586892203	682.284307344	42.919314	44.105113	0.13295860217	0.28236986672	2.49756139523871	7.27482669937707	7.97497504734583	-35.303499673578	143.645238095238	109.468234831387	28.509	33.039	59.4748	22.341	1.71356	25.986157	0.0881039159999999	2.14	6.08	0.5075	3.06	60.77563246	1.487107	0.00432359865	40.473	0.0085035386	0.755	22.34	99.16666667	0.766995949275766	0.272879830007391	62.5531641011086	2.10611111111111	28.473	13.8636352358472	109.791702607106	89.996	-3.85775263585435e-06
6201	103	82.0231694409757	13.0029359	13.11367909	9.04356605	4.75439489783	131.2364201161	1.17717207533	0.26854207418	-1.13044880631	-2.9859300784	0.32710538362	157.253374036	0.60686385766	0.62911294803	0.6160376421	1.10925648304	1.1005854254	4.20636405387	4.03818421583	4.07257185482	4.33089915222	166.3333333	172	291.116685538	670.46642621	43.323839	45.770612	0.13738828475	0.27869468419	2.4159127733369	7.66930155474681	7.96103723057165	-36.540382908	140	113.6205	28.261	32.6872	59.7463	22.5261	1.62643	25.501256	0.0927928149999999	2.26	6.2	0.515	3.1	50.5194584	1.601237	0.00467237791	44.336	0.00860219289999999	0.725	13.29	98.33333333	0.738909805156164	0.255389879790941	75.41666667	2	33.12	15.421746473887	103.459274270973	86.061	6.22330281746032e-05
6202	128	78.7547428155178	54.0734	21.9266	20.175	4.73553227411	140.6473728015	1.40648610898	0.27342341106	0.65469787799	-3.26389427483	0.32991161426	150.6053777167	0.63507236331	0.63431120397	0.61240936249	1.10892330739	1.10378220246	4.15543081029	3.991193221	4.09213412728	4.40158094497	165.730058910019	168.178166666	291.364035716	661.678759782	41.979675	44.942646	0.13393346042	0.29487280174	2.45624010385892	7.51079726476375	7.71883193137223	-36.0756429038	133.3333333333	108.038	29.802	31.1091	55.6093	22.6064	1.66874	24.195161	0.097813443	2.38	6.1	0.545	3.19	51.2506362	1.474437	0.00649461928	44.795	0.0084215952	0.73	22.97	99.23076923	0.648821643477458	0.363255445378151	98.27586207	2	38.138	18.125480599465	110.234115796198	89.431	-7.2276323e-05
6203	119.6666667	89.6399154345655	-16.6987	30.6886	-9.32498	4.72348458416	136.2928602187	1.32339809621	0.28790790754	0.29922094209	-2.47320384674	0.32741499816	152.2576949709	0.61557010167	0.63507515253	0.61007050229	1.11187310653	1.10341895127	4.07844122568	4.06876917649	4.07971977805	4.36709830651	169.25	167.880814813111	278.885789193	664.241561164	42.56043	44.170364	0.131335266	0.239391372	2.75099925671827	7.25655423368061	7.799657582345	-36.5990519225	113.3333333333	122.0236	29.47	29.8868	56.8044	22.7262	1.54575	24.522402	0.09876421	2.24	5.92	0.5225	3.15	66.30265172	1.290537	0.00569995786	48.642	0.00827015	0.73	28.3	43.58553613695	0.74537895962191	0.442722576219512	64.18844964492	2.23	33.953	15.6067571061706	109.563106553788	90.3	8.23879416904762e-05
6209	107	90.6663870329671	10.0506079	5.30807288999989	9.5401973	4.75535038982	133.287632906	1.11756367628	0.26955218838	-1.68332656343	-3.24239611146	0.32132612156	154.557585416	0.61304317259	0.64676607218	0.61273138013	1.10613688579	1.09777872069	4.13743059751	4.01270980912	4.12838667932	4.3606821057	161.7142857	165.6666667	298.917986537	679.144555059	43.212264	44.764928	0.14308285379	0.2789350608	2.78609913000021	7.05208933298316	8.05983891601096	-36.4416412945	120	114.4888	27.789	34.0038	58.0615999999999	22.443	1.42621	26.108759	0.093599417	2.18	5.99	0.565	3.07	60.49592946	1.572403	0.00448264798	42.66	0.008337344	0.7625	18.61	4.419889503	0.653699021972825	0.217380443394024	89.58333333	2	26.036	11.31867816	82.18075397	81.403	0.000549565
6210	125	106.141675824176	10.4486936	8.78694378	11.24642061	4.76061823784	131.4754991421	1.16358209381	0.26806598239	-0.84479791284	-3.64217723117	0.32078976523	158.427512512	0.60982574024	0.6294780142	0.61180863169	1.10506794632	1.09755505613	4.18868099	4.03873771512	4.08876858538	4.3709283768	166	172	303.617305542	671.445481214	43.028277	44.921008	0.14240764638	0.28437665274	2.91234493079204	7.24146369964613	8.0776667461326	-35.5171645427	113.3333333333	106.3422	27.8	33.395	59.2023	22.4536	1.56319	25.925267	0.09506369	2.15	6.1	0.56	3.07	49.51584816	1.510724	0.00452247364	41.989	0.0082230371	0.7925	18.42	10	0.727133575089127	0.299999308473389	79.16666667	2	24.22	12.4155209335907	107.886949152365	82.364	6.23772877450981e-05
6214	105.54529256394	94.850023216186	8.3852157	15.14540004	3.87527436	4.73715997341	130.2147013612	1.25146597863	0.27247969878	-1.6982456647	-3.55251116151	0.32478318443	158.572106251	0.60390427645	0.63939710638	0.61427609123	1.10495620106	1.09729634475	4.17495103766	4.03803717262	4.11102165023	4.36550277985	165.722001919711	167.814870370239	298.285022174	673.616110709	42.687527	44.711609	0.13040028333	0.27931783142	2.35236793815108	7.75387237985067	7.74883816889777	-34.7380970404416	134.649162257488	108.220542073812	28.253	32.7917	58.582	22.9254	1.70353	25.599957	0.092715461	2.21	6.25	0.4975	3.07	62.45551246	1.578171	0.00530325998	40.178	0.0085969079	0.7675	22.99	38.10393689949	0.691281553821179	0.196165260701697	61.3016625035828	2.15	30.011	14.7324467390036	104.210263921007	86.636	0.000143649313464286
6216	112.798270760158	90.8387708785236	0.631535300000001	25.14689152	2.38125327	4.73402511433	132.1098008677	1.17492480534	0.27266451481	-1.20384223969	-3.23687395932	0.32296163485	157.9020127009	0.60730074657	0.62903558837	0.61695388128	1.10581453744	1.09900317707	4.20694220267	4.04171004804	4.09234424186	4.37106977884	169.5	167.892157407833	309.908760525	661.823377323	42.583732	45.406909	0.13500616414	0.28484086478	2.54951689618377	7.8319081599737	8.1303852788037	-35.1587803069672	141.795838509319	107.478399698465	27.753	33.4226	58.4421	22.9777	1.75357	25.292271	0.090433984	2.36	5.98	0.4075	3.28	41.17713696	1.757769	0.00541745683	44.464	0.0086500123	0.65	14.41	99.23076923	0.61694543141499	0.415745379790941	91.37931034	3	38.75	14.66809524	99.15091605	81.737	0.000148468
6217	127	102.390049628524	10.3342261	12.09984246	7.74942923	4.74376601432	128.8328926932	1.13157091801	0.26782951705	-1.2166403817	-3.47317353255	0.32456058539	156.8080912859	0.61319142566	0.63162313635	0.6004373626	1.10580519292	1.09790451709	4.21049127597	4.05085604052	4.10735125106	4.37505426423	163.4285714	162.5	294.79791898	653.339249929	42.727038	45.054958	0.13562485231	0.28733506575	2.95958935394331	7.76833680101491	8.37790014274028	-35.2951573272295	146.6666666667	106.1389	27.664	34.2935	58.6457	22.8252	1.69368	25.711706	0.09346314	2.28	6.16	0.5025	3.12	45.51988246	1.605469	0.00423727808	44.669	0.008436327	0.715	11.93	100	0.636865491161616	0.251778774350649	92.85714286	2	34.091	12.3864899721508	113.900437123457	79.903	0.000164391157142857
6218	137	97.1152983241758	4.5517805	21.89928332	4.44431198	4.73889144525	129.665681698	1.19249235937	0.26662732962	-1.11659655613	-3.19933376682	0.3248402481	155.381985043	0.60380030528	0.64179338203	0.61196794885	1.10921784654	1.09869604757	4.21564249084	4.05015933731	4.09696832011	4.35413615285	164.6	167	299.332729833	670.755776494	42.667269	44.721498	0.13244174177	0.28845460395	2.42890083506621	7.81026868088784	7.87884672679694	-35.0839621699777	140.281288244759	108.963670253394	27.643	33.1882	58.2933	22.9429	1.71868	25.355264	0.0926665529999999	2.19	6.2	0.475	3.19	55.48519896	1.716524	0.00560898405	46.196	0.0086143845	0.68	12.5	100	0.663557991452824	0.382284166226727	100	4	35.98	13.7659882806376	104.660074718829	84.111	0.000104955411745098
6220	117.3333333	91.8973205376146	10.0203998	11.80214314	9.03743425	4.74738896892	129.9959268652	1.18527479524	0.27072305	-1.12938084743	-3.18747479027	0.32303000087	156.979061823	0.60757067381	0.64201897447	0.61345829747	1.10552649186	1.0980313092	4.17828518596	4.01594703185	4.10343938802	4.3709187299	166.111107632545	167.903175926822	305.797736451	687.7613408	42.999014	44.62506	0.1356806084	0.27998215491	2.41554626868519	7.42582693619179	7.95206549492117	-35.2713823307003	140.863068181821	109.385392434597	28.376	33.4774	58.7257	22.7434	1.675	26.070005	0.0886862909999999	2.23	6.17	0.5075	3.04	58.77194686	1.667491	0.0043434772	40.918	0.0086074053	0.7925	16.71	100	0.73583783034013	0.175513201760638	63.5331397562528	2.11	28.749	13.6992293216117	106.640239845675	85.322	8.26237192261905e-05
6221	110	85.5355675019003	9.9501407	12.32319664	9.22242747	4.74044017993	129.5620382892	1.27480751186	0.27360247545	-1.4389256578	-3.09075628983	0.32350247257	157.751256001	0.60576631067	0.64259640818	0.61465511268	1.10319772955	1.09608529791	4.19184597206	4.00293611253	4.09950703496	4.36813344148	165.472729260825	167.616307691874	298.65460515	676.773710205	42.607861	44.892799	0.13555240752	0.27906709145	2.4631865712952	7.43094992669887	7.73835539023189	-35.1524729683647	136.690432098764	108.198238769349	28.619	32.7628	59.3267	22.8687	1.84315	25.883801	0.088550787	2.23	6.21	0.5175	3.04	61.11701946	1.62791	0.00442046232	41.533	0.0085296179	0.775	21.01	36.77629076105	0.733892781320523	0.242752722286089	61.9037769820028	2.16	29.715	15.8977951295941	107.227953503559	86.829	4.328808025e-05
6231	99.3364662215524	77.7255751207126	8.1454903	17.06876959	7.50502797	4.77746106417	133.859935327	1.0835751943	0.26828318905	-1.34538567998	-3.61374060487	0.32969146102	157.90306672	0.60912810138	0.64271879158	0.6110100254	1.1064783476	1.09787444117	4.21643931458	4.0768822389	4.10513607738	4.36426659047	165.6379821406	168.127873834229	297.457650402	670.467914098	42.645955	44.689048	0.13836597598	0.29285457358	2.99337887354862	7.89524179450434	8.30655483015415	-34.9400426934763	134.05111111111	111.109661122015	27.899	34.9565	59.3595	22.809	1.60715	25.349721	0.092722925	2.22	6.02	0.495	3.11	47.4969207	1.782484	0.00465731011	44	0.008496718	0.7075	9.16	100	0.787797088118413	0.342195303242509	100	2	33.794	13.2670234609217	109.480422704964	82.899	6.06204613006536e-05
6235	96.3606699264328	91.9019057947185	9.1270975	12.64503811	3.63956244	4.76500137625	128.7163937405	1.26026105613	0.27240005951	-1.53331311092	-2.69867030836	0.3287561591	156.4980243929	0.5994994251	0.64429740452	0.60834734736	1.10947372592	1.09720650737	4.19264529467	4.01968809891	4.0956930508	4.35716608579	167.6	169	301.994631017	673.27437574	43.318871	44.360535	0.13774480298	0.2874056331	2.40546984771126	6.85236987616116	7.75416274696275	-33.6626484788	106.6666666667	112.2888	28.372	31.4667	58.6282	22.6848	1.88346	26.296101	0.090050635	2.22	6.08	0.5025	3.08	60.0776751	1.527274	0.00502504805	42.83	0.0085010905	0.765	27.06	26.32143963718	0.690165546763413	0.197702522144932	60.4435777142265	2.17714285714286	28.801	15.7181712041434	109.303495251658	89.637	0.000181609763059524
6237	109	85.4010457940248	8.1159621	15.72413847	6.85029169000001	4.74093566554	130.6477872252	1.28242487494	0.27188604396	-1.61988102524	-3.16826067601	0.32094488245	157.817979727	0.60685735801	0.63914252394	0.60992856813	1.10628942807	1.09696507037	4.20348326077	4.03570835308	4.1127968153	4.38518777939	165.894852835921	168.006809524476	303.279114962	679.094351231	42.848511	43.847476	0.13164422993	0.28011557753	2.42025592587011	7.66478478568634	7.84706061978083	-34.6878075456858	137.462619047614	109.25451892053	28.382	32.3615	59.0483	22.7629	1.75706	25.616696	0.089799017	2.32	6.17	0.4825	3.09	59.7782934	1.651066	0.00487635053	41.098	0.0085368639	0.775	18.46	34.3748829121242	0.741191839443773	0.210689076219512	59.8366501464111	2.20714285714286	29.172	14.9972874538369	102.458911548452	85.647	0.000116228360495098
6238	124	74.5106300614241	10.8411937	13.40570926	8.18848123	4.74324067992	130.5410835491	1.11867858259	0.26935813045	-1.4227840028	-3.4538015123	0.32706580734	157.246786563	0.60748815192	0.64233445114	0.60667514429	1.10259819979	1.09855870722	4.2022209407	4.05738984569	4.09954666333	4.35051268429	165.813910664574	167.797678452086	290.85729687	664.758661919	43.280225	44.560113	0.13845229486	0.29066987801	2.7329508068853	7.96666747080269	8.14375224891712	-34.8986963322691	129.24907407407	111.40874066319	27.707	34.8917	59.6654	22.7947	1.53398	26.272836	0.0897700589999999	2.24	6.07	0.4825	3.11	46.87868446	1.71808	0.00414593834	43.537	0.0086195609	0.69	10.79	75.21367521	0.790345980100782	0.256717140363721	94.44444444	2	29.619	12.890653398254	111.229545151664	82.761	8.86798563333333e-05
6240	125.6666667	80.9022939194139	10.2648299	5.51136596	7.48134563	4.76451969014	132.842587454	1.15944307057	0.27089053243	-1.62586281566	-3.7002102609	0.32068944097	156.377551974	0.60697226855	0.64311845912	0.60842952386	1.10374355295	1.09770070625	4.19136647246	4.06839076645	4.09805261039	4.32915239553	165.763415749473	167.509172897753	295.705498345	671.83105249	43.435195	45.109355	0.14528857879	0.28807441236	2.51543285668563	7.36382434177978	8.11730655170649	-35.2831757483512	129.456428571426	111.458635586485	28.01	34.6792	59.0681	22.5087	1.48486	26.811476	0.090073527	2.13	5.94	0.5825	3.03	51.05126132	1.54677	0.00381848404	40.06	0.0083505276	0.71	13.93	97	0.730092019242196	0.217031285385366	86.67582418	2	29.332	12.3458588149035	116.07569291585	81.348	-2.07302221728002e-05
6241	117.5	97.531026419414	8.2148505	7.84734328	8.29117723000001	4.76373582155	131.91138282	1.10302089428	0.26946521982	-1.45597975104	-3.54561091573	0.32255326182	157.828435282	0.60559319596	0.64215666119	0.60427289338	1.10392019018	1.09877532335	4.17346159779	4.0670130908	4.09869951484	4.33671221904	166.063050782792	167.636367804493	300.559675712	663.439995644	43.159828	45.101432	0.14110691785	0.28854550725	2.72230662615909	7.31858066124651	8.25253164875778	-35.1244712589507	133.352936507934	110.810491984588	28.015	35.8435	59.4071	22.7382	1.38364	25.96818	0.0903382429999999	2.17	6	0.57	3.04	51.96169586	1.550125	0.00376644307	42.107	0.0083430679	0.7625	13.61	92.30769231	0.718165173222551	0.314917086251167	98.07692308	2	28.313	9.187279412	109.3719165	80.56	-4.0307472254902e-05
6242	86.5	125.899463919414	4	20.5	21.175	4.73930039867	132.1430737354	1.31222945111	0.27753611978	1.24653775429	-3.06056370794	0.31999247329	158.176544329	0.60973624612	0.65930568879	0.60479987021	1.10500254459	1.10122333324	4.09798350685	4.05697855373	4.10166255833	4.40264239693	166.547888888238	168.305611110417	279.574274069	674.137570856	42.639151	46.283463	0.093504127	0.276564387	3.18354344853239	7.79534370525226	7.7126202456094	-34.5617076978	110	98.508215304	29.258	32.5439	56.6606	22.316	1.58788	24.173977	0.097813898	2.34	6.22	0.5825	3.16	59.19458246	1.231008	0.00550876823	44.062	0.0079456062	0.735	30.92	2.614379085	0.728389945397835	0.385376848155929	88.6039886	3	34.212	30.96586957	100.1471874	86.968	-4.87510463333333e-05
6243	43.75	157.598557462346	4	2	7.92502	4.73635926843	140.4701947053	1.37908700904	0.27646717786	-0.85514099707	-3.94601258973	0.33485521778	145.324291665	0.64797096095	0.61948705039	0.5986847677	1.11425195324	1.10733727377	4.03755555496	3.98245943487	4.09615830621	4.38273554332	164.7142857	162.5	276.951116281	698.857680364	42.863523	47.306396	0.160683684	0.293608989	2.85851775223109	6.03688869987494	8.13865816954479	-36.4249181278345	140.095555555557	109.406944084751	28.877	33.2533	60.8238	22.7352	0.248	27.1637	0.097783934	2	7	0.5	3	54.50970006	1.358	0.00374798006	45.674	0.0070321002	0	37.99	97.95918367	0.6321888426433	0.551046498015872	100	2	45.198	6.025773196	119.9915716	62.8	-0.000709927
6244	108.25	83.1704622872538	13.0420185	6.67331821	10.20305307	4.74308299938	129.9454643063	1.08930924549	0.27173246333	-1.49599873063	-3.39787977753	0.32228785499	157.476040253	0.61319507861	0.64059759764	0.61943073389	1.10789749518	1.09827366302	4.15250085687	4.04388162946	4.1039331872	4.37018519654	159.8333333	167	294.261098069	679.425227647	42.717576	44.788472	0.14193658376	0.2840804025	2.58146518390398	7.11327544881437	8.18009817869909	-35.4991347461701	134.525185185182	109.925703872985	28.403	33.6154	57.6051	22.4966	1.55954	25.81416	0.089284233	2.2	6.11	0.5525	3.07	50.88655166	1.558845	0.00418145591	44.375	0.0083449171	0.7175	14.48	100	0.651644695175439	0.194765473044909	96.15384615	2	33.965	10.72513158	97.25049079	82.955	4.5e-05
6252	100.957193468353	97.1226877289377	8.4789127	10.24612781	6.71181148	4.75423527696	129.2519992797	1.23131175282	0.27206608501	-1.26515574241	-3.09062201985	0.32539151145	157.148161924	0.60384399977	0.64540602757	0.61597576905	1.10435443066	1.0959437353	4.17915367173	4.02258977265	4.10475166665	4.38252838112	166.080881989907	167.057487587606	300.750386584	675.799320376	42.845805	43.850611	0.13320570456	0.27752372268	2.33373604939804	7.30231769507276	7.85608654656005	-34.9804621061802	113.3333333333	118.0733	28.255	32.8911	59.2022	22.6224	1.68405	26.126499	0.086951204	2.22	6.18	0.4675	3.05	60.91518946	1.596745	0.0041900957	41.297	0.0083876142	0.7725	24.05	39.95983051145	0.710432065873368	0.250109076219512	62.1883583914773	2.11	27.359	14.3264727768384	107.506448139433	91.447	6.51862796416256e-05
6255	114.085152784588	117.447384681804	-0.7199466	25.2514315999999	1.23178812	4.72209882833	132.1331903386	1.31269888227	0.27430484464	-1.5012730745	-3.56320043042	0.32677930381	157.2095838419	0.60562375156	0.63437160517	0.62428276835	1.10606586502	1.09698235716	4.18682059839	4.02273986023	4.1197490412	4.36603131819	167.184226189083	165.975766026058	291.405136777	653.199610233	42.409207	44.313548	0.13285557198	0.27716791532	2.50663311258107	7.51231969938678	7.6000064477726	-35.4226228233123	133.903548085899	109.619603663797	27.901	32.0933	58.4502	22.9366	2.00047	26.09915	0.0938392269999999	2.29	6.1	0.47	3.23	55.47020606	1.632211	0.00653293058	43.449	0.0085754112	0.7825	36.08	14.48069593861	0.588155484505937	0.299998380762866	26.92307692	3	26.599	14.6415785934173	100.267498542371	89.408	0.000157817170190476
6258	126.6666667	78.5240725666001	0.5594007	23.7908632	3.34014951	4.74158542463	132.3859221431	1.17226706418	0.26915418089	-1.28695952506	-3.53196526689	0.32605276963	159.784070369	0.60718288082	0.63760121704	0.62394499871	1.10752258266	1.09820681466	4.22146014324	4.06756520702	4.08081844682	4.39571100786	166.847834127333	168.823200673752	303.473271176	660.864987177	42.598951	45.127759	0.13430895895	0.2786234565	2.42944417596826	8.28761114477543	8.05953209665665	-33.5416292015	136.6666666667	108.3811	28.406	33.3596	59.5621	22.9375	1.59674	24.563772	0.093838017	2.3	6.08	0.495	3.27	47.3842227	1.801709	0.0056659701	44.58	0.00851547989999999	0.7525	14.88	84.07079646	0.699224298048189	0.367766252917834	75.31034483	2	27.381	13.9426800873717	102.6320992485	82.826	8.96460448333333e-05
6268	128.6666667	87.5098322022422	0.7318202	23.6109576199999	4.18860715	4.72620602293	131.2967964265	1.2894469784	0.27092840446	-1.26857444035	-3.70383799781	0.32094004841	159.320396862	0.59882763248	0.63809617125	0.62678430219	1.10424291068	1.09725955296	4.19956588894	4.03616400878	4.07497991077	4.37384704405	167.403305551729	167.208750000333	300.493922627	663.271805718	42.859072	43.853624	0.13447115598	0.28067241237	2.35392379383265	7.6962267128754	7.79095241463342	-35.5768394024	126.6666666667	108.2386	28.011	32.3314	58.8843	22.8617	1.93563	26.135882	0.093516224	2.31	6.01	0.4825	3.24	56.2810482	1.777938	0.00629181098	42.647	0.0086650174	0.7675	23.08	6.194690265	0.715541317839271	0.309810008107089	46.2962963	2	24.67	14.128588833201	104.239830800825	85.09	0.000109316493042717
6276	143	97.6163110570951	-0.7081902	25.2282709999999	-0.716753739999999	4.73811954993	130.2616919273	1.28008001749	0.2744315563	-1.41191300646	-3.61580890025	0.32435313476	157.429545559	0.60856482392	0.64311091914	0.62337932624	1.1059908813	1.09704720722	4.19355678057	4.0316287754	4.11592438642	4.36213037574	167.143845238917	166.710041024474	298.019358283	660.921777452	42.690754	43.316714	0.13158971352	0.27980447354	2.6164835848516	7.69415060598927	7.64386936889293	-35.6522924651	93.3333333333	121.8463	28.078	31.8635	58.4487	22.5944	1.84914	26.270957	0.090679842	2.33	6.01	0.4975	3.22	58.45938916	1.71449	0.00586785966	41.655	0.008681903	0.7675	30.03	23.89380531	0.622808378445331	0.286373740823108	72.53846154	3	28.465	14.6220732775186	101.041863755384	86.919	0.000158213000554622
6284	131.5	87.3170533241758	3.3177248	24.79042522	3.83884534	4.76131894727	132.6193875764	1.20937876693	0.26619164833	-1.05500173471	-3.35162723696	0.32507580078	159.866371867	0.60858783123	0.63894927148	0.61387042871	1.10606234511	1.09704376178	4.20823619224	4.06227013191	4.07634964706	4.3817486435	167.036317462286	168.673333333	303.254907547	656.524320295	42.546127	45.230781	0.13373837527	0.27933214186	2.40179972433215	8.33344926243689	7.91636462410183	-35.0760600777	160	98.2224307306	28.719	33.2428	58.9334	23.0204	1.62476	25.685542	0.092252456	2.25	6.23	0.5275	3.22	42.73120706	1.707582	0.00558153144999999	43.251	0.0086604556	0.785	16.28	2	0.724498470317285	0.361591615902052	90.98143236	2	29.739	14.9615781652933	100.154538119856	87.485	4.33739541984127e-05
6296	47	90.0041975940726	10.9688519	-1.29355459000011	6.99584151000001	4.77529458198	132.0842438138	1.17331193436	0.26751200696	-1.7756520014	-2.9944647848	0.32002121513	154.789613028	0.60672078628	0.63398976344	0.59380147013	1.10202878431	1.09562411782	4.13126019467	4.00232106385	4.07774337174	4.33698897244	163.749559265762	167.046990414344	277.440966061	684.712766481	44.778207	47.885429	0.14778410356	0.28259161347	2.51512842320241	6.0413119765509	8.00254139903846	-36.7369865267	133.3333333333	113.6996	25.786	33.2299	59.0208	22.2671	0.6911	21.911235	0.090584581	2.08	5.98	0.68	3.03	59.28995634	1.125698	0.0036759689	39.672	0.0077869055	0.8025	30.22	53.0011706029	0.795173665445908	0.299830350011216	63.4084364171166	2.14	28.9	8.45497540785281	121.322519847913	95.5929999999999	-0.000120388127488095
6390	61.33333333	130.033504546851	10.4185359	-0.825471740000214	4.80772565	4.78421905982	132.5518635267	1.17509029825	0.26415264893	-1.69651566232	-2.70831975533	0.3193226502	155.551447947	0.61038162744	0.62840144025	0.58443827539	1.10218755089	1.09380155591	4.10690552872	3.99460941993	4.07344486597	4.36638913658	162.362210222923	166.039606685907	237.231842203	680.624074943	44.323475	47.263762	0.14449841841	0.28094615857	2.52947958429322	5.52765486285531	8.10883500518021	-36.3751898486946	127.437566137566	113.778171090934	25.663	33.9205	57.9841999999999	21.9764	0.62383	21.485569	0.088034153	2.07	5.73	0.73	3.02	59.81740622	0.920818	0.00352148516	39.32	0.0077776041	0.8325	40.99	51.57969414782	0.815737955834032	0.28353949967108	62.2902613572848	2.199	31.323	3.215176471	114.0425206	92.531	-6.99091086666667e-05
6396	70.75	89.6665325641026	10.4837275	0.679980059999893	5.67985427000001	4.76256080391	130.2089024573	1.18132494093	0.26575483323	-1.51226258594	-3.110971617	0.32338228604	158.49553974	0.60352751939	0.63394735696	0.60119429541	1.10307146026	1.09675990656	4.13211973352	4.02125965602	4.07310792729	4.36744868207	164.126318756305	167.058685748704	340.558865248	710.2373919	43.504509	45.886146	0.1472020382	0.28297017644	2.5380584196315	6.23100141040826	7.95546665049865	-36.0196559272385	126.498553791885	115.056881976195	27.154	33.7133	58.0278999999999	22.1719	0.91854	24.74412	0.08866244	2.09	5.98	0.6725	3.05	61.69383474	1.204089	0.00398770734	39.674	0.0079289234	0.8175	28.63	48.44536164096	0.81695109390008	0.311830602728683	64.3208125120313	2.08	27.126	9.138108108	121.1033868	93.0329999999999	-3.55317959047619e-05
6413	95	117.237175896839	42	21.25	-0.751011	4.75487840805	132.4759847082	1.35126532776	0.27784152994	1.08323199238	-3.27581589025	0.32508752044	151.3323372419	0.6247987623	0.64663004846	0.5997610158	1.10740661499	1.10037902034	4.11015314403	4.04476584415	4.12757672278	4.40045094144	166.234196794934	168.029398146889	272.769647477	635.680921877	42.071409	45.297991	0.097873632	0.251291439	2.43429515739568	7.41401603748149	7.30395098067392	-33.8638529993	146.6666666667	99.4355693579	29.587	29.8406	58.4215	22.9505	1.68113	24.779069	0.097289069	2.35	6.04	0.5625	3.12	70.98454966	1.43123	0.00613148427	46.028	0.0081874404	0.82	40.37	36.87822595492	0.687117025388922	0.378583904540314	62.6302114658572	2.27	29.115	16.729179217265	116.532272191433	83.8	5.98309141071428e-05
6424	53	128.413115557584	11.0758422	-3.51094713	6.23880097000001	4.787265012	140.123030566	1.12694352379	0.26757594563	-2.09730348134	-3.79002385274	0.32398101094	157.35578199	0.61246625588	0.62619379404	0.59284300609	1.10242105568	1.09570105165	4.09555884556	4.03187180827	4.10305896266	4.35254509277	162.934658537291	167.029666668467	253.462617807	673.271603921	44.290881	47.307285	0.14765917576	0.28470688532	2.66961016576192	6.34320978029085	8.40813011493191	-36.6545127178	133.3333333333	117.6189	24.951	37.1175	60.2846	21.9161	0.61235	21.77369	0.091357546	2.06	5.76	0.6975	3.07	53.6681878	0.967785	0.00352688373	38.505	0.0077641593	0.8175	23.1	65.39338935457	0.735840585704161	0.429061699346405	87.93103448	2	46.193	7.1281	137.5674612	89.062	-0.000126812039904762
6434	40	128.402710828902	10.9850773	-1.92379074000021	5.18008444000001	4.77245795645	133.9617610255	1.17415017532	0.26357236752	-2.18711167257	-2.87628438152	0.32075969637	158.424984174	0.60935078734	0.63990286325	0.58943056756	1.10145833589	1.09557890388	4.0978510809	3.99178717217	4.10082020057	4.34923990167	163.593514412152	166.66286078295	243.426040796	673.480560997	44.470406	47.375493	0.14451290835	0.28032989455	2.60341255283616	5.85933531815441	8.11486522103856	-36.4560592556157	123.149788359791	114.727953679884	25.267	34.9596	59.2227999999999	22.0575	0.60718	21.502699	0.091870121	2.05	5.69	0.7125	3.03	59.41190604	0.940925	0.0035803394	40.063	0.0076531923	0.83	39.26	49.843279046	0.819264199960686	0.333596833004414	62.2673864527831	2.146	32.873	4.344766355	106.6306104	94.045	-0.000103324883488095
6445	50	137.239757224251	10.7002728	-3.55454264000011	6.29064864000001	4.78477364736	139.254798522	1.15634342583	0.26692308595	-1.72332293901	-3.8370098259	0.32434589271	155.26533989	0.61494624244	0.63187107633	0.58056883293	1.10405406173	1.09708834457	4.07561557983	4.03977099519	4.10682608955	4.33279634545	163.486182132737	166.856793562914	239.914941653	664.617217819	43.945798	47.299192	0.14677277744	0.28358335127	2.68279792214381	6.10577600666868	8.27293101431031	-37.7004300776	100	120.3762	24.103	36.4861	58.5549	21.9581	0.60245	21.29166	0.091295369	2.06	5.75	0.7325	3.05	57.90131818	0.861565	0.00356637595	38.442	0.0077495775	0.7925	25.77	54.85124382153	0.777697743181187	0.453937602124183	84.14814815	2	46.482	3.2271875	119.1931935	84.949	-0.000146535803
6680	92.33333333	81.8827338592929	11.2216395	6.02363031	5.78793362	4.76269373628	126.995770777	1.25812299981	0.27647967833	-1.20221860824	-3.17672976388	0.32398524535	157.7516039209	0.60704662263	0.64252477666	0.60848768942	1.10506279528	1.09678225401	4.16185878071	4.02547920751	4.09497279454	4.35612408206	166.3333333	168	310.445439799	670.757634086	42.612	44.205512	0.1395736303	0.28800560924	2.57272060215427	6.93382835040781	7.88482783141728	-35.5023355961699	137.342924883754	111.428461225755	28.779	32.1895	58.5438	22.6469	1.78833	26.764257	0.088264997	2.28	6.1	0.5475	3.05	63.28179746	1.505886	0.00415032935	42.572	0.0082788376	0.7725	28.54	40.17732256901	0.779080220560204	0.157461118685271	62.7181826728417	2.05	28.867	14.5504947202959	116.374569055836	89.1999999999999	0.000128392803320197
6739	78.3863311185436	99.0745325641026	10.5211859	1.71890297999989	5.24635083	4.77676436626	129.2953298595	1.19457908505	0.26968713297	-1.53969773401	-2.72425368651	0.32115087626	162.61753019	0.60575268617	0.63509928693	0.60260059875	1.1015927525	1.09547484142	4.14044352253	4.02252016843	4.08566783031	4.3616855372	164.061963305985	167.367916436831	321.576204875	728.763206065	42.520963	45.51227	0.14717767547	0.28246515973	2.37852347732046	5.94564651865589	7.84333694581351	-35.9973986392421	123.123349366679	115.244512109639	26.795	32.2865	57.9898	22.2716	0.96597	25.502671	0.089061313	2.07	6	0.6375	3.05	62.99844198	1.251512	0.00394715557	41.271	0.0080058094	0.805	33.1	51.38931718221	0.866512205011191	0.254702330001411	62.547382595104	2.08	27.54	8.80456371427911	122.856502243989	94.3069999999999	5.59328612121213e-06
6740	78.3863311185436	99.0745325641026	10.5211859	1.71890297999989	5.24635083	4.77676436626	129.2953298595	1.19457908505	0.26968713297	-1.53969773401	-2.72425368651	0.32115087626	162.61753019	0.60575268617	0.63509928693	0.60260059875	1.1015927525	1.09547484142	4.14044352253	4.02252016843	4.08566783031	4.3616855372	164.061963305985	167.367916436831	321.576204875	728.763206065	42.520963	45.51227	0.14717767547	0.28246515973	2.37852347732046	5.94564651865589	7.84333694581351	-35.9973986392421	123.123349366679	115.244512109639	26.795	32.2865	57.9898	22.2716	0.96597	25.502671	0.089061313	2.07	6	0.6375	3.05	62.99844198	1.251512	0.00394715557	41.271	0.0080058094	0.805	33.1	51.38931718221	0.866512205011191	0.254702330001411	62.547382595104	2.08	27.54	8.80456371427911	122.856502243989	94.3069999999999	5.59328612121213e-06
6744	47.25	131.247832733664	15.2303	-8	0.175016	4.74374912412	135.8996052937	1.25941854611	0.25561242709	-1.03632991303	-3.7198296639	0.32162952691	144.435897851	0.6063161573	0.61949443015	0.58396508287	1.10441487729	1.09807486419	4.03315696356	3.94723488673	4.11818901317	4.35686236492	162.266624813703	167.69778409093	257.759499496	690.587489551	42.867397	45.004064	0.232767531	0.311865476	2.58251623688235	5.67446413184435	7.78782729517933	-36.7195396779747	137.328571428582	111.44632848851	26.854	29.8702	55.9846	21.6521	0.774420000000001	21.302796	0.09366138	2.18	5.59	0.595	3.05	53.29839144	0.913707	0.00411046556	45.4	0.0074070687	0.665	49	51.85929922523	0.739050653594771	0.415965572562358	65.2878344990385	2.13	37.406	6.49337204042847	128.976914864256	143.2	-5.73404842857143e-05
6749	78.3863311185436	99.0745325641026	10.5211859	1.71890297999989	5.24635083	4.77676436626	129.2953298595	1.19457908505	0.26968713297	-1.53969773401	-2.72425368651	0.32115087626	162.61753019	0.60575268617	0.63509928693	0.60260059875	1.1015927525	1.09547484142	4.14044352253	4.02252016843	4.08566783031	4.3616855372	164.061963305985	167.367916436831	321.576204875	728.763206065	42.520963	45.51227	0.14717767547	0.28246515973	2.37852347732046	5.94564651865589	7.84333694581351	-35.9973986392421	123.123349366679	115.244512109639	26.795	32.2865	57.9898	22.2716	0.96597	25.502671	0.089061313	2.07	6	0.6375	3.05	62.99844198	1.251512	0.00394715557	41.271	0.0080058094	0.805	33.1	51.38931718221	0.866512205011191	0.254702330001411	62.547382595104	2.08	27.54	8.80456371427911	122.856502243989	94.3069999999999	5.59328612121213e-06
6750	78.3863311185436	99.0745325641026	10.5211859	1.71890297999989	5.24635083	4.77676436626	129.2953298595	1.19457908505	0.26968713297	-1.53969773401	-2.72425368651	0.32115087626	162.61753019	0.60575268617	0.63509928693	0.60260059875	1.1015927525	1.09547484142	4.14044352253	4.02252016843	4.08566783031	4.3616855372	164.061963305985	167.367916436831	321.576204875	728.763206065	42.520963	45.51227	0.14717767547	0.28246515973	2.37852347732046	5.94564651865589	7.84333694581351	-35.9973986392421	123.123349366679	115.244512109639	26.795	32.2865	57.9898	22.2716	0.96597	25.502671	0.089061313	2.07	6	0.6375	3.05	62.99844198	1.251512	0.00394715557	41.271	0.0080058094	0.805	33.1	51.38931718221	0.866512205011191	0.254702330001411	62.547382595104	2.08	27.54	8.80456371427911	122.856502243989	94.3069999999999	5.59328612121213e-06
6805	78.3863311185436	99.0745325641026	10.5211859	1.71890297999989	5.24635083	4.77676436626	129.2953298595	1.19457908505	0.26968713297	-1.53969773401	-2.72425368651	0.32115087626	162.61753019	0.60575268617	0.63509928693	0.60260059875	1.1015927525	1.09547484142	4.14044352253	4.02252016843	4.08566783031	4.3616855372	164.061963305985	167.367916436831	321.576204875	728.763206065	42.520963	45.51227	0.14717767547	0.28246515973	2.37852347732046	5.94564651865589	7.84333694581351	-35.9973986392421	123.123349366679	115.244512109639	26.795	32.2865	57.9898	22.2716	0.96597	25.502671	0.089061313	2.07	6	0.6375	3.05	62.99844198	1.251512	0.00394715557	41.271	0.0080058094	0.805	33.1	51.38931718221	0.866512205011191	0.254702330001411	62.547382595104	2.08	27.54	8.80456371427911	122.856502243989	94.3069999999999	5.59328612121213e-06
6806	78.3863311185436	99.0745325641026	10.5211859	1.71890297999989	5.24635083	4.77676436626	129.2953298595	1.19457908505	0.26968713297	-1.53969773401	-2.72425368651	0.32115087626	162.61753019	0.60575268617	0.63509928693	0.60260059875	1.1015927525	1.09547484142	4.14044352253	4.02252016843	4.08566783031	4.3616855372	164.061963305985	167.367916436831	321.576204875	728.763206065	42.520963	45.51227	0.14717767547	0.28246515973	2.37852347732046	5.94564651865589	7.84333694581351	-35.9973986392421	123.123349366679	115.244512109639	26.795	32.2865	57.9898	22.2716	0.96597	25.502671	0.089061313	2.07	6	0.6375	3.05	62.99844198	1.251512	0.00394715557	41.271	0.0080058094	0.805	33.1	51.38931718221	0.866512205011191	0.254702330001411	62.547382595104	2.08	27.54	8.80456371427911	122.856502243989	94.3069999999999	5.59328612121213e-06
6814	78.3863311185436	99.0745325641026	10.5211859	1.71890297999989	5.24635083	4.77676436626	129.2953298595	1.19457908505	0.26968713297	-1.53969773401	-2.72425368651	0.32115087626	162.61753019	0.60575268617	0.63509928693	0.60260059875	1.1015927525	1.09547484142	4.14044352253	4.02252016843	4.08566783031	4.3616855372	164.061963305985	167.367916436831	321.576204875	728.763206065	42.520963	45.51227	0.14717767547	0.28246515973	2.37852347732046	5.94564651865589	7.84333694581351	-35.9973986392421	123.123349366679	115.244512109639	26.795	32.2865	57.9898	22.2716	0.96597	25.502671	0.089061313	2.07	6	0.6375	3.05	62.99844198	1.251512	0.00394715557	41.271	0.0080058094	0.805	33.1	51.38931718221	0.866512205011191	0.254702330001411	62.547382595104	2.08	27.54	8.80456371427911	122.856502243989	94.3069999999999	5.59328612121213e-06
6830	41.25	120.73749811828	17	-12.5	6.58938867000001	4.73280161748	129.6000965671	1.15364526884	0.26265399666	-0.9176043718	-3.34953187469	0.32153914837	149.521990294	0.60988346408	0.62049949731	0.57814294631	1.1046832644	1.09466839161	4.13545055892	3.99422501142	4.11196166702	4.36166413158	162.915773400455	166.940777780472	257.045546387	667.746836853	43.666657	46.777989	0.142971247	0.28243001625	2.81694918121632	5.54007313466747	8.18692444643581	-36.4042276142951	130.463015873016	112.666754067511	26.198	34.7741	59.3942	22.4417	0.48842	21.161053	0.091211235	2.11	5.9	0.69	3.01	56.76666846	0.803795	0.00373559575	39.749	0.0074329274	0.8275	36.46	50.7970822327	0.748573752630239	0.463595236111111	62.4342923468769	2.15111111111111	35.764	7.64182130139487	125.335514823011	81.95	-0.00017434980425
6897	66.25	178.851085003046	10.75	1.75	7.67502	4.77178675997	126.7106604522	1.64902118635	0.29782626948	0.51979517376	-3.06041255738	0.33899639107	147.803872855	0.59357834065	0.64068301001	0.5887221747	1.11540067676	1.11119715632	4.05013199451	3.96831997598	4.10207288985	4.36426290281	164.2	168	239.3475568	684.3102423	40.7598	44.9268	0.157912614	0.302859058	2.85655557579374	4.2731896214856	8.79091356604286	-36.1382480371357	143.529259259263	109.594895305429	30.937	31.2777	60.0943999999999	23.2528	2.867	34.1135	0.0712424	3	5	0	4	62.2632911	1.0283	0.00282226	22.8	0.00811379	0.5	65	32.89943328046	0.585409520590467	0.177197388809863	44.04761905	3	31.631	8.97529342661603	128.32070477402	97.094	-0.000148981475294118
6898	34.25	202.689659543497	3.5	6.25	6.45156	4.631818182	217.0191818	0.588158899	0.264293759	1.334	-4.26475	0.354111111	179.2141429	0.59270119	0.462	0.503222222	1.108522199	1.109383463	3.771909091	4.152777778	4.208	4.540555556	147.75	160.25	187.0996249	587.8830051	39.198	44.6956	0.120170412	0.312401749	-0.476777757539588	3.93985628815228	9.31680897506388	-36.5531351421618	135.786666666676	110.354383968507	29.166	36.1535	63.9340999999999	23.5642	0.111	22.0552	0.0730645	2	5	0.5	3	18.7262	1.3907	0.00170727	34.8	0.00706085	0	1	55.8056356862733	0.66512	0.437423586972668	88.46153846	2	48.78	3.801318681	116.9720232	89.3	-0.000297462
6900	121.5	84.5045408769974	-21.5	40.75	-6.56579211	4.79355210993	137.5758733976	1.25514555556	0.29949816962	-1.269268415	-2.79329931602	0.34149693445	153.661891711	0.60608599131	0.64813062295	0.60479174253	1.10714815024	1.10064154611	4.19192655152	4.10088865741	4.0998744604	4.36406567838	163.629859523702	167.155762133797	267.877162492	663.337129076	41.835905	43.646921	0.13188933243	0.28160678486	2.83975325156501	4.97078953798038	6.45758023270953	-35.0735196711847	138.427777777773	111.222086335203	27.783	33.9662	59.9331	23.2358	1.113	25.56691	0.089814261	2	5	0	3	57.7549276	2.7299	0.00410425515	58.5	0.0087539602	0	1	71.59901667488	0.6519525	0.306367379790941	98.21428571	3	29.815	13.218586314719	111.562206291983	85.324	6.53088091666666e-05
6901	117	125.790892788462	-4.603392705	17.73636304	3.22825563	4.78293227623	141.4188605807	1.38303306625	0.28513214002	-0.24464195576	-2.89347370561	0.33718693988	156.429882062	0.60918451797	0.63320354966	0.60879479367	1.11123977408	1.10940697467	4.20980216566	4.0882980337	4.1497367336	4.36756635506	163.007106338424	166.428388888667	285.465553094	661.827480501	41.644737	44.764229	0.13882968559	0.27940401379	0.173086584898342	14.3041228713137	9.45758023270953	-35.3655438241352	136.763333333334	110.007462190854	28.03	34.2161	63.809	23.4081	1.473	25.510062	0.0568184	3	5	0	3	37.0913	3.1047	0.000899734	83	0.00928937	0	0	75.40956934541	0.701949128342246	0.311213055115616	94.66666667	4	35.747	10.26349593	109.5763271	92.505	4.48683591666666e-05
6903	56.25	163.719168951613	8.56137	3.18863	12.425	4.8784	130.9922	1.276696348	0.268421372	9.972	-5.091285714	0.29775	171.0804706	0.564614394	0.61615	0.4571	1.11866485	1.100999779	4.19225	3.5964	4.256631579	4.3318	161.386784128808	165.806999998333	447.8470683	779.7542673	39.5216	44.0963	0.118719684	0.290018075	4.81189935817935	8.8471341086771	9.1242468993762	-36.3659883737	150	98.671825249	29.8	37.46	84.1	24.88	0.369	19.2801	0.124493	2	7	1	4	8.58e-15	1.5878	0.00449879	36.5	0.00736033	1	28	50.72840230536	0.724545208194826	0.327104833254307	65.4720929024038	2.54	63.9	6.268613861	140.1410457	88.794	-0.000185331902
6904	65.33333333	250.704286081958	9.75	18	9.17502	5.22065	102.63195	1.717785688	0.279034833	2.9002	-5.196761905	0.26452381	167.1144	0.486864583	0.6469	0.475904762	1.102084121	1.078361802	4.3162	3.6922	4.335166667	4.879714286	154.54913729634	165.269385434783	405.7296803	1012.504318	32.7703	39.3315	0.106619764	0.292307828	-0.476777757539588	5.2731896214856	8.45758023270953	-36.0328159731054	143.008148148156	107.402029937921	29.858	23.7	49.18	23.1	6.27	23.0071	0.206641	3	7	0.75	4	48.90802388	2.0591	0.00879185	45.562	0.00798701	0.5	73	27.95115625792	0.547174638726717	0.164146448869085	4.761904762	3	39.585	7.07053475849883	136.926519637417	91.847	-2.3704404e-05
6907	60.25	137.2352625	-3.25	4.25	2.16667	4.732411765	72.77876471	5.888418832	0.347769001	-6.148470588	-1.8609	0.334823529	145.3922143	0.679062121	0.623375	0.776176471	1.102604408	1.112469119	4.000117647	3.93175	4.4446	4.539705882	161.510371881315	165.964110425357	183.2190895	735.7562915	43.5802	43.6074	0.131128727	0.287782221	4.06189935817935	9.0971341086771	8.85433683721531	-36.0361571292745	141.585185185189	110.02148829695	28.884	35.249	61.9201	22.9851	0.857	25.9337	0.0858092	2	5	0	3	94.5517	1.4871	0.00394	28.3	0.00811379	0.75	55	50.85670808753	0.700059708194826	0.315006519730699	67.5645066325396	2.49	39.679	7.963585289605	113.5575309042	81.8	-0.00015504658
6908	59	130.031404599761	6.64969238	1.48476266999957	6.54260761000001	4.73413926095	129.8450734025	1.37869807925	0.29095768479	0.39521256742	-3.20552561722	0.32413060488	146.1409952989	0.59165464299	0.62469206765	0.57537766684	1.11319539303	1.09877895622	4.09464509491	4.03891564493	4.14211012734	4.34719409189	159.807345586744	166.047956377396	153.7714943	604.0421693	40.6052	38.183	0.14529015185	0.28507498666	1.81189935817935	6.5971341086771	7.31680897506388	-36.1480826332942	127.51685185186	112.202843750414	28.488	34.1249	60.2509	23.6605	1.293	19.3303	0.159834	2	5	1	4	96.1538	1.3286	0.00834691	59.8	0.00801586	1	52	41.88536736328	0.781700546451914	0.292924562330623	61.5197535811496	2.28611111111111	30.741	7.09726473756566	129.086421140506	82.733	2.87755430952381e-05
6909	38	173.346283617571	15.8947	-14.6447	11.665	4.595190476	149.7755714	1.010627931	0.279643715	-0.560142857	-0.899545455	0.225142857	156.7984211	0.562137681	0.715142857	0.600666667	1.079494654	1.085366011	3.807666667	3.2847	3.854095238	4.331761905	160.233485059686	165.617333332	280.1363442	687.1407611	42.7211	42.6431	0.160216738	0.400715231	4.52322224246041	7.27318962148561	5.98347564173054	-36.5914998318405	135.168571428574	111.612163626063	21.3	37.9	54.4	22.3	0.127	19.7413	0.0931168	2	5	0	3	5.75595	1.2302	0.00405641	48	0.00540535	1	0	68.33387479371	0.66114	0.486095555555556	100	3	96	6.756190476	151.9573594	88.5	-0.000214714083333333
6911	47.25	245.737187253935	8.75	7.5	-4.46231	4.876	145.2889524	1.071080603	0.30431572	-3.625047619	-14.86165217	0.482	196.49705	0.713254861	0.71252381	0.662130435	1.132078024	1.148966226	4.235666667	4.361869565	4.8026	4.70973913	136.25	160	135.815491	363.6333672	43.0567	43.3666	0.175392049	0.315640979	4.85655557579374	3.60652295481894	9.98347564173054	-36.3664341574686	138.136111111119	113.207222499017	28.1	45	64.5	22.8	2.179	20.3687	0.0894457	3	5	0	3	84.4316	2.2244	0.0036819	98	0.00536291	0	68.58	54.12541435953	0.633226632882883	0.39609	59.1417143764955	2.478	1.3	1.093857143	104.5193615	99.28	-0.000890943
6913	97.2766797901913	98.8592592713808	-45.3176	65.5	-35.433	4.607869565	248.1146522	0.766559016	0.240246242	-7.747043478	-4.726333333	0.228454545	200.6466364	0.680458333	0.683347826	0.684363636	1.074284913	1.073341497	4.294130435	4.285208333	4.390409091	4.394363636	163.423364927	167.152952380286	285.891128584	647.544314475	40.248841	43.859429	0.09541213	0.304882163	2.83975325156501	8.30412287131371	9.45758023270953	-35.122308634985	143.21	110.021667677378	29.837	37.0124	61.6181	24.0176	1.846	26.085281	0.0626933	2	5	0	3	2.5431	2.115	0.00156395	55	0.00892783	0.75	27.19	100	0.718189088203463	0.344121241952922	100	2	41.041	14.049435084375	111.0061905701	104.492	3.80744114285714e-05
6915	56.75	142.770204864311	5	-3.25	6.32614114	5.164071429	133.8226429	1.121660379	0.286219853	-2.109714286	-4.406846154	0.377083333	158.0428182	0.452276042	0.412214286	0.425083333	1.151940789	1.102061179	4.100357143	4.375928571	4.134909091	4.806	165.5	168	394.4879009	948.2720441	41.0555	44.6749	0.14511438549	0.29393589089	8.18988890912707	4.93985628815227	5.98347564173054	-36.0991845618	180	105.0787	29.181	35.5977	62.6612	23.5493	0.463	22.3189	0.0908374	2	5	1	3	58.0065	1.2478	0.00269385	23.8	0.00799193	0.5	13	70.3021963571533	0.702547153594771	0.4399547945845	95.83333333	2	85	9.298823529	121.1897691	64	-0.000343657
6917	113.66256209616	98.1944389302364	-22.5	40.5	-21.18730476	4.77945145161	141.6174409238	1.23778346566	0.286232636	-1.46501372775	-3.07380875744	0.32860715776	161.3963179619	0.60724539994	0.64375313255	0.62012875496	1.1055624147	1.10284689542	4.20264001845	4.11705743155	4.13204967705	4.42035821186	165.367037697167	167.859099087229	284.374407807	662.619536254	41.697345	43.798052	0.13125355466	0.28978888556	4.31189935817935	13.3471341086771	8.45758023270952	-34.6747873133455	135.076666666664	109.317779536311	28.066	35.0077	57.907	23.3768	1.287	24.992371	0.0929609	4	7	0	4	0	1.8538	0.00686527	42	0.0086659892	1	13.32	77.88482356575	0.665869470556404	0.338572016806723	100	2	35.081	15.3788520133933	109.362443500115	87.008	9.946752e-05
6918	103.338192611914	112.031713989996	-24.7545	43.3326	-108.046	5.177388889	225.0073889	0.960962127	0.21728284	3.659666667	-7.439388889	0.3061	199.726	0.683647826	0.608888889	0.7024	1.099569823	1.089149623	4.585444444	4.129157895	4.135	5.0568	163.9662142843	168.0296388885	274.130188751	670.288385351	40.727552	43.595784	0.136629774	0.270097252	-0.188100641820648	12.5971341086771	9.45758023270953	-34.4856378812	106.6666666667	108.4937	30.521	33.8435	62.7043	23.5877	0.951	25.994765	0.0643379	3	5	0	3	-5.07e-15	1.8848	0.00308827	47	0.0084373131	1	29.78	56.70914865586	0.61768128517316	0.287817379790941	64.1980691418539	2.67	36.384	16.5460832616747	105.569832580525	92.054	0.00011328499
6919	94	142.009281395349	5.17164	7.57836	5.42502	4.8721	164.61845	1.006747772	0.208646506	-6.73225	-15.60990476	0.36135	130.9335385	0.816267391	0.7001	0.7362	1.120697461	1.108717022	4.1303	3.73675	4.038052632	4.36115	161.997604760075	166.773333335	290.8583213	869.6121155	39.469	42.2429	0.145270865	0.234757358	2.18988890912708	7.93985628815228	8.79091356604286	-36.2673367649064	140.310185185189	111.275341109037	31.042	33.7648	63.3784999999999	23.1868	0.7	21.2413	0.0724796	2	7	0.75	4	74.7469	0.396	0.00224457	19.3	0.00597122	1.5	47	53.92904566497	0.717134991978609	0.37640214379085	98	2	48.288	7.96287438961567	125.408863046943	56.5	-9.327755e-05
6920	93.75	132.558261126374	9.702937895	6.62883908999989	6.02676628	4.622583333	79.419	2.531396341	0.290875532	6.141416667	-1.4204	0.452714286	132.3089167	0.584372222	0.58825	0.65	1.15628383	1.213159443	3.559833333	3.988428571	3.785833333	5.398928571	161.742319636755	166.149751442644	304.0370042	836.1020608	38.8873	39.5049	0.13795162886	0.2869425609	-0.423887440659205	3.15872260692243	8.6043368372153	-35.7668316847912	131.905033670036	110.935544616428	29.08	32.3256	60.2666999999999	23.7433	0.802	38.7135	0.158697	2	5	0	3	64.561	0.9328	0.0125543	23	0.008060123	0.5	57	42.65538895127	0.7042805	0.196524607396668	59.7944413636972	2.42714285714286	31.267	9.84141131930079	121.276442145058	83.035	5.6468066e-05
6922	44.5	147.907714162236	12	-9.75	3.32485499	4.518368421	162.5807368	0.706922454	0.272508489	-5.429736842	-0.121461538	0.368157895	133.18275	0.5086	0.483736842	0.484578947	1.106363364	1.101118582	3.779210526	4.223866667	4.121333333	4.617789474	163.051756989799	166.131971126985	202.366165	637.9069884	41.8171	47.824	0.14161011301	0.28880572896	4.56189935817935	9.5971341086771	8.98347564173054	-36.2701111891569	136.428571428574	112.795194749083	26.927	36.1941	61.7345	23.1605	0.125	20.175	0.0953724	2	5	0.535	3	96.9697	1.0577	0.00488398	32.5	0.00564339	1	26	54.62164271949	0.758311460232578	0.471226064213564	62.6139407698122	2.34	58	4.692110092	129.1155052	74.1	-6.37960795833333e-05
6923	41.5	157.446412846962	16.25	-6.25	5.81705201	4.80925	91.43955	1.514987243	0.328127684	1.77535	-3.25245	0.28065	144.0744167	0.592956818	0.56015	0.589	1.101449002	1.09186778	3.8758	4.365235294	4.490071429	4.70075	160.191316267332	165.501636658216	213.0617061	875.8259978	48.3087	47.1169	0.14186764539	0.29530974045	1.81189935817935	6.5971341086771	7.95291013722949	-36.5441597500908	129.217460317458	114.043160047802	28.874	34.473	60.1197	22.8046	0.289	17.9923	0.187755	3	5	0.5	3	58.4462269	0.9374	0.00916443	40	0.00660854	0.5	43	37.15051943928	0.702539087938205	0.439588888888889	60.4970953628722	2.34211111111111	33.727	5.91274774785615	129.637208262333	74.5	-5.0888055e-05
6924	47	175.244264814815	10.75	-9.25	7.67502	4.609454545	56.90463636	3.83601892	0.339100299	-0.715	0.149842105	0.278352941	137.1287778	0.604388194	0.610181818	0.604823529	1.082215321	1.083031428	3.517090909	4.545190476	4.43325	4.444529412	160.931691723228	166.267222222222	299.9080635	719.2180136	44.3942	51.4676	0.185880242	0.281511496	6.31189935817935	5.59713410867711	6.79091356604286	-37.4977040435	113.3333333333	124.6754	30.051	31.7427	58.9022	23.1743	0.071	19.6054	0.0227967	3	5	1	3	61.1193757	1.0266	0.000508483	66.3	0.00469405	1	58	44.96191634945	0.698735526376644	0.363628888888889	61.7768257305222	2.54	37.015	6.92603945651543	130.011891569962	67.8	-0.000199869820238095
6926	45.75	171.647774883999	12.25	-0.75	8.17502	4.227333333	101.4087333	0.923002543	0.338373881	4.806466667	3.39755	0.285722222	115.3563333	0.579111111	0.790533333	0.507944444	1.078943043	1.09331994	3.6268	3.883722222	4.07045	3.916833333	158.515733331718	164.974988886622	302.4474309	693.7005657	47.7624	46.1283	0.199220042	0.294114024	1.81189935817935	4.84713410867711	8.45758023270953	-36.7018836543501	136.517222222226	113.336938760003	28.919	35.3193	63.6404999999999	23.5319	0.383	22.1248	0.159702	2	5	0	3	63.0065	0.6407	0.00885841	23.5	0.00790856	1	51	47.87151902654	0.681729199049317	0.426600158730159	61.709792862159	2.71	36.42	5.945691752013	130.17264014215	73.6	-0.00018278807
6927	63	130.2105875	9.929499595	3.91881893999968	7.3558559	5.0776875	91.8988125	1.691408856	0.327263736	0.6470625	1.991	0.302714286	187.2508	0.512115942	0.645	0.573571429	1.102836256	1.085446159	4.0820625	4.206904762	4.005190476	4.40647619	161.423521578716	165.672503803253	236.2502454	526.9584337	38.7728	47.3418	0.14097892992	0.28245007719	2.06189935817935	11.8471341086771	8	-36.0087510563553	126.90574795575	113.442559968014	29.292	31.4804	59.4532	23.5622	0.382	32.6717	0.104024	2	5	0	3	96	1.8628	0.00367285	33.3	0.00809296	1	33	41.03439395305	0.777039137806638	0.278912489060489	59.2078948737038	2.33	31.972	7.41069221923318	125.714175888066	86.211	3.82307113445378e-06
6929	61.75	128.872522619048	1.16591	2.18863	4.36637948	5.0664	163.99165	0.759105505	0.240728489	-4.34165	-4.953095238	0.329894737	129.52775	0.626689855	0.5201	0.491526316	1.09558176	1.089680967	4.28655	4.242454545	4.1659	4.901105263	166.3333333	168.5	308.9206266	663.1088263	41.744807	49.2953	0.14211348435	0.29368597334	4.31189935817935	2.84713410867711	8.79091356604286	-35.780706782672	135.922222222222	110.634356590934	42.9	29.7	52	25.3	1.02	32.8167	0.0449287	2	7	1	3	26.3979	0.825	0.00100927	40.8	0.00553213	1.5	60	42.4823167574933	0.707531466852835	0.239275053571429	61.6925985077879	2.48	39.559	9.84049505	130.7899718	55.1	-0.000326302
6931	48.5	259.585164378569	5.5	-4.5	4.33265298000001	4.504	169.428	0.953750132	0.265632073	-0.486714286	-4.977466667	0.2934375	158.7488462	0.588883333	0.437214286	0.4868125	1.087132022	1.102752454	3.784571429	4.337357143	4.5076	4.5275	154.190246320178	162.368898345907	257.0569169	579.1534394	44.1688	52.2338	0.1349028374	0.29468093251	2.52322224246041	6.2731896214856	6.68153555024422	-36.6094410703711	134.445925925932	110.967658289112	27.803	35.6082	65.3524	22.9738	0.106	22.8269	0.0372286	2	5	1.5	3	51.7410796	0.512	0.0003968	108.3	0.00891338	1.5	132	24.2852763766	0.529718062969141	0.336439282202418	0	3	40.646	2.4728	158.4690327	53.7	2.57657885e-05
6932	40.33333333	170.664606180295	17	-14	-1.24742	4.972411765	161.3112941	1.155131627	0.252334792	-6.360470588	-10.4154	0.375642857	165.3016667	0.725371569	0.603352941	0.613714286	1.119220154	1.120312067	4.319647059	4.234076923	4.109272727	4.474857143	159.502532311708	165.363072338801	215.6692212	530.655993	29.6023	40.1174	0.144870039	0.420410902	4.06189935817935	2.59713410867711	7.10433683721531	-36.9369812429313	137.041349206355	109.061950309566	28.136	36.3123	65.0196999999999	23.1297	0.111	20.0586	0.0884977	2	5	0	3	10.5152	0.3406	0.00296332	14.3	0.0074048	0	10	36.04202015787	0.690810386201464	0.368331905982906	56.875	2	99.5	4.418148148	128.2893977	114.9	-0.00017617482
6933	54.5	202.466623148148	0.0618095	15.1134	2.03128	4.108818182	51.69045455	2.988399889	0.309451836	1.401727273	-5.322473684	0.404263158	122.7542143	0.695071212	0.661636364	0.636473684	1.122489388	1.116436093	3.152727273	3.664333333	3.652647059	4.164263158	160.548404618153	166.076555557333	264.821584265	646.720687568	41.97621	44.519404	0.187961727	0.250111554	2.4671818519086	5.55574462709349	7.61032856765495	-37.3451560256	120	106.0978	31.304	30.0957	57.8254	22.8435	2.597	21.0244	0.04144	2	7	0	3	61.6826	1.3012	0.00260453	56.3	0.00318022	0	129	43.98043096114	0.713017545454545	0.347598333254307	60.8161096023329	2.61	31.779	7.12854981811809	136.62231368459	86.4050000000001	-0.00020839258
6938	70.75	143.597224471556	32.1045	7.75	0.67752323	4.73459629598	130.7618764711	1.65348708036	0.29576796847	-0.7968509427	-3.01670138768	0.33181919457	153.250583105	0.59245912706	0.61244199803	0.56471303304	1.10844242831	1.09942241078	4.09051962979	4.05890913483	4.11145353758	4.39483516397	159	162.25	229.3211041	573.3608102	44.2383	44.3491	0.13886836651	0.2925605248	8.32206929466382	1.4310324297484	11.4575802327095	-35.8691566997308	131.372222222224	111.193758862663	29.5	36.1	52	20.2	1.69044	26.942874	0.098079941	2.21	5.72	0.625	3.22	58.54672966	1.240599	0.00420975099	42.695	0.0081924161	0.8475	47.45	50.9065260722333	0.668163583333333	0.338559767857143	62.536378205093	2.375	35.736	7.162674419	130.672131	73.5	0.000775191
6940	39.25	181.913839632676	22.75	-12.5	9.78292	4.69479217084	141.688780161	1.61225971626	0.30258657606	1.26968463179	-2.20306916708	0.33122227796	151.546260538	0.59783015453	0.60211694311	0.5546461011	1.11051440031	1.10988157793	3.99213874706	4.05093060052	4.13254163274	4.38051499841	166	165.214499999	115.3674788	340.497153	45.6348	47.6761	0.107807379	0.277653117	4.31189935817935	5.84713410867711	8.1242468993762	-36.6628300465075	141.597584541065	110.24856106073	29.196	35.0806	64.7477	23.0823	0.096	16.0894	0.110865	2	7	0.5	4	54.6162	1.2245	0.00837184	126.3	0.00744506	1	30	50.6585993736	0.667677500636618	0.44392411976912	82	2	33.883	6.666597938	128.8302284	73.6	0.000320594
6943	42.5	167.802667099761	4.67523	1.5	21.8903	4.72149387027	133.2044248794	1.57234396824	0.3059355555	1.2749701142	-2.31325889458	0.33044513811	150.4146229529	0.60394199291	0.61992008435	0.57260405888	1.10940059265	1.10472375624	4.05917365082	4.02699952998	4.08235104162	4.37787701991	160.378449743511	166.177909721683	268.408034	483.3101809	44.0522	45.1942	0.148003145	0.280704781	1.56189935817936	2.34713410867711	5.79091356604286	-36.4681701586424	142.733333333337	111.914256359327	31.123	32.7343	61.4303	23.0857	0.162	18.7025	0.112877	3	7	0.5	3	66.0792	0.8388	0.00506638	67.5	0.00648904	0.75	5	46.78522747279	0.697804199049317	0.400768611111111	63.5604052574853	2.31	36.153	6.31427062529333	131.32709434555	93.313	-0.000121324666904762
6944	44.5	196.85684849511	13.0614	2.43863	4.03769	4.76605141845	134.8860975486	1.58270659408	0.30436672296	1.81482019523	-2.52965467158	0.32479977441	151.1433764519	0.60045362582	0.64231792368	0.5666155193	1.11920669542	1.10846909969	4.05321127441	4.00179288861	4.12902721274	4.39572229865	158.597279760476	165.1332250004	332.2481307	836.6129285	39.823	44.9531	0.111961737	0.27000987	7.81189935817935	5.8471341086771	4.45291013722949	-36.0664053097	120	117.8426	29.297	21.41	48.17	22.53	0.203	25.277	0.1469	3	5	1	3	40.8707	1.1036	0.00440226	50.3	0.00910935	0.75	38	54.08421639644	0.73295053238265	0.35263	62.2359288577189	2.72	21.1	4.435862069	126.3771235	102.358	-0.00011393917
6945	56	107.155011473762	5.06993259	6.39136896999989	9.7648188	4.581769231	72.98869231	1.629367122	0.601733473	4.059230769	-2.377692308	0.344428571	140.9041667	0.498078704	0.748923077	0.595571429	1.09502491	1.182906989	3.686153846	3.7615	3.949071429	3.853714286	169	167.508120371711	149.911146	403.4864933	41.1021	47.217	0.1421729358	0.29568040132	-0.974796513656897	5.45360012525784	9.45758023270953	-34.1263595829	126.6666666667	118.1496	30.613	32.82	63.8153999999999	23.078	0.858	38.4033	0.0672424	2	7	1	3	28.6276	1.258	0.00333583	28.3	0.00787941	1	36	54.6955021703033	0.71172240554595	0.329194712301587	80.36363636	2	6.5	15.35346774	111.3904725	144.1	-0.000241452
6951	59	145.716962846962	15.75	0.25	10.6566	4.81669301675	147.3453877691	1.68946411903	0.29688668303	0.976077515720001	-3.41056414101	0.33915370804	157.676055102	0.61272277399	0.60323079005	0.61494893756	1.11600043076	1.10707077494	4.0676884697	4.04547193964	4.12406073278	4.42034051587	161.861432542667	166.44133333125	305.2323122	734.2281268	43.2709	44.1009	0.112786817	0.272332735	4.06189935817935	8.0971341086771	9.79091356604286	-36.170854615202	139.461904761907	108.529242058709	28.731	32.4923	62.9646	23.7412	0.661	20.8772	0.111549	2	7	1	4	41.196	2.4586	0.00387895	14	0.00723033	1	28	49.96986063707	0.693759143939394	0.331021506775068	83.73015873	3	42.467	5.711304348	99.28626529	103.6	-6.3321322e-05
6956	72.5	105.511732156741	16.25	3.5	8.21799436	4.8173052893	135.0609850589	1.30621843258	0.31411090921	-0.06701587994	-2.10928909696	0.33947273839	147.894503972	0.585993917	0.63029405827	0.56997441718	1.11330930123	1.11218659913	4.10336748358	4.02564432177	4.11849063009	4.39728602803	162.64682504777	166.6737434661	327.215319	781.0434292	41.491	42.6328	0.13720026348	0.28592029483	6.31189935817935	7.3471341086771	8.95291013722949	-35.7568754146447	135.822222222224	109.956080507681	29.397	33.6673	61.7275999999999	23.8821	1.3	28.0164	0.0569047	2	7	1.5	4	98.2558	2.2153	0.00106702	44.5	0.0100049	1	33	50.01694039817	0.671105065337683	0.374407062330623	62.2901725730705	2.44	36.724	5.083125	115.858488	84.259	1.872461e-05
6957	84.66666667	92.4658752289378	13.5	1.5	7.37094804	4.79323339526	139.3792142765	1.26616251018	0.27156177613	-0.67720012595	-3.04754351415	0.33749315975	149.394827779	0.61072007936	0.63317738444	0.61131828099	1.11038514066	1.10760833127	4.15734319239	4.02624729306	4.11198127659	4.41059567897	163.361408917063	167.044345118586	296.880940533	708.050645604	42.200404	44.32835	0.1419144447	0.28672121548	3.31717964176594	6.8087690845104	8.35101799895375	-35.7988024642	140	104.4499	28.505	32.4448	59.1109	22.8112	2.175	21.9776	0.089967179	3	7	1	3.08	57.67892192	2.234	0.00377381978	38.651	0.0082839942	0.75	33.95	48.52351201403	0.750695004731623	0.324742335057896	64.4083673912883	2.29	37.233	10.3897973139965	120.889417622761	85.921	4.78563566666667e-05
6958	41.66666667	188.043121022194	13.25	-8	0.925016	4.81298223268	136.6573675304	1.43838677452	0.28385827878	-0.42418435994	-3.73352184705	0.32838122099	155.875937859	0.59394628169	0.6215782014	0.55962330112	1.11419613607	1.10709825942	4.05803799307	3.98029891329	4.12944157761	4.42395779533	161.25	165.647546523068	248.946040584	653.367251317	40.977659	45.344615	0.115899074	0.256733393	2.31189935817935	9.5971341086771	5.79091356604286	-36.2033968446152	146.678888888899	110.628328319933	29.099	34.3548	61.1739999999999	22.5427	3.397	22.1637	0.0627259	2	7	0.75	3	8.31475	0.4204	0.00187969	20	0.00812781	1	64	28.69427141703	0.444718247603783	0.35112002891959	1.724137931	2	0	5.689484536	121.4635629	185.3	0.000249832
6959	53.25	138.335842733664	19.0307	-8.96708	6.3619	4.74542378836	135.6519181827	1.38986101941	0.28418903484	0.11648605254	-2.52881260163	0.32448128476	147.1284860008	0.60749595048	0.64307323951	0.58337361377	1.11603544564	1.10451969215	4.04138270635	4.00655589846	4.09745036378	4.41770005272	162.048130480745	165.59908333355	196.1862634	600.4373644	39.6103	42.5846	0.107688259	0.35524847	3.49136372792137	6.27076700739481	7.75146224194579	-36.4627676055769	140.36190476191	111.825968822262	29.029	31.0239	58.6214	23.0035	0.459	23.6135	0.0428271	2	5	0	3	52.261	0.6573	0.00149967	47.8	0.00781034	0.75	51	54.14103062101	0.679828037433155	0.426153055555555	64.0449781007346	2.5	36.42	5.35755102	121.1592415	89.451	-0.000140561017
6960	39.75	158.451775340502	23.25	-14	6.23331584	4.73424116219	130.5397531576	1.26034697712	0.29134700286	-1.19682076085	-3.25957523863	0.322760916	144.0834802179	0.60248781152	0.64985874975	0.57698258529	1.10828036981	1.09966090962	4.03153573482	4.02861626735	4.1491921581	4.33506510636	160.932459014125	166.015748905413	260.1729469	704.1357402	48.0892	64.2136	0.13963105971	0.29129091624	2.74948556851987	5.11801569059106	7.57527025482022	-36.6187332336149	134.803756613759	111.612484514931	27.625	33.1583	60.3034999999999	22.7739	0.241	17.9194	0.0809157	2	5	0	3	75	0.7975	0.00452957	36.5	0.00747698	0	41	44.8089935290533	0.669053488943489	0.493155513888889	61.8496667396679	2.26	36.003	6.7802235689078	127.516478448017	85.203	-0.000109270920508772
6961	50.33333333	263.674451483325	1.75	11.25	5.8158	4.73321016173	128.2632706554	1.73073255387	0.30361786996	-0.26078831748	-2.66337081913	0.33980864011	145.447937386	0.60592614904	0.63915272276	0.57285620604	1.1117649505	1.10972122865	4.06217783251	4.05187481776	4.18800828035	4.51538547942	146	159.5	250.8719776	748.1133915	37.3431	36.0813	0.146640011	0.29309781	2.52322224246041	3.60652295481894	5.79091356604286	-35.8628802142	146.6666666667	106.0783	29.755	31.8453	62.2521	22.8796	3.63	26.9776	0.0584186	3	7	1	3	67.3207	1.009	0.00270936	36.3	0.00784365	0.75	123	32.06169319761	0.545865346118424	0.280947881428179	31.08974359	2	67.3	2.744927536	161.6123292	98.483	0.000118806
6963	64.25	200.046836266428	3	-2	4.29288358000001	4.78962077544	131.1691705597	1.51890118951	0.2867568963	0.12120134017	-3.47179394758	0.3397676836	152.785954528	0.58846449726	0.59332769822	0.57484697034	1.11596679395	1.10590841424	4.1491516625	4.07189526943	4.14166373859	4.40266644916	160.8	164.396832856144	391.1523644	885.1424964	46.5023	49.5256	0.13454609871	0.29745115393	9.18988890912707	7.60652295481894	9.1242468993762	-35.8843716801174	134.938349673201	109.591271232609	29.233	33.2244	56.7094	23.2273	1.371	31.1332	0.122466	2	5	1.5	3	52.37513674	0.6743	0.00502153	58.5	0.00957579	1.5	73	29.36457201266	0.460504146302474	0.185214612532748	1.923076923	2	43.333	10.65984375	102.8912599	35.6	-0.000700306
6966	55.125	160.011406451613	6.75	0.25	7.10319609	4.78006913613	129.9407079318	1.73045475596	0.30294552292	0.56595036028	-2.45952084242	0.33062675476	145.9713555389	0.59424921341	0.6179455942	0.58276259647	1.11026522533	1.10262117041	4.06679596998	4.0235399548	4.12435101466	4.39175009032	161.368037227329	165.84895307208	355.2496789	739.9646579	43.9784	46.8002	0.13817141459	0.29186302706	3.81189935817935	6.0971341086771	9.6043368372153	-36.0061442275329	129.516719576725	111.335480459187	27.49	33.4898	61.4879	22.9649	0.995	22.9341	0.0637767	2	5	1	3	66.2946	0.8259	0.00171113	38.8	0.00595601	0.75	49.84	43.88343695179	0.721046402597403	0.340803385885886	62.1929816007646	2.275	38.151	7.49176697443605	133.084467560523	80.199	-2.77286783333333e-05
6967	42	204.572027846962	3.75	2.75	5.43987	4.78719266512	136.1111713449	1.37630819267	0.29611872695	1.88726228442	-2.7100041116	0.3285209968	149.578535722	0.60147079441	0.62543366989	0.56137203809	1.11084678713	1.10573638892	4.0501642936	3.97193501585	4.12855023245	4.37621952894	158.614746988598	165.322443769861	184.3967211	456.2967258	39.5479	40.819	0.115469758	0.26164777	2.06189935817935	3.0971341086771	9.31680897506388	-36.4307090075524	139.738888888896	110.361282154871	28.603	34.8418	64.6372999999999	23.2903	0.021	20.0746	0.0845147	2	5	0	3	100	0.798	0.0024827	46	0.00645625	0	28	26.87874283674	0.641579107142857	0.309263968313529	34.09090909	2	35.899	4.432159091	140.2300894	78.5	-1.54562623333333e-05
6968	91.33333333	124.914161538462	11.75	-3.5	45.3828	4.904588235	155.0699412	0.963376266	0.259389567	-3.385882353	-2.409470588	0.369666667	133.2080556	0.62858254	0.628764706	0.5855	1.109199021	1.116138188	4.275823529	3.991444444	4.14895	4.214833333	161.758273808517	167.093794872462	261.357036292	650.229865884	40.729868	45.056407	0.133883029	0.277107542	1.81189935817935	3.0971341086771	7.10433683721531	-35.4566441594539	137.242857142862	109.686328320881	29.423	22.17	60.65	23	2.197	26.25933	0.0852431	2	5	1	3	88.7821	1.0727	0.00399271	100	0.0109474	1.5	11	62.58654679373	0.658045980922099	0.259320932343493	96.42857143	2	37.594	7.793416667	115.0611372	248.1	-5.66769500000001e-06
6969	96	128.676231895604	4.83790629	10.2102359999999	5.35228652	5.002235294	169.2637059	0.959052325	0.257638983	-1.369705882	0.165105263	0.391421053	163.0250556	0.516889474	0.628294118	0.600052632	1.108807313	1.106647163	4.504941176	4.239	4.222277778	4.433789474	162.496856746728	166.332083334667	159.8179437	552.026524	38.3951	36.2339	0.1318033873	0.29237575179	5.81189935817935	3.09713410867711	9.6501423083972	-35.5302564196146	140.119047619047	110.794399563191	27.753	33.9464	64.7784999999999	23.9017	2.777	26.803207	0.0720201	2	5	1	3	82.0588	1.3021	0.000998095	74.8	0.00839784	1.5	6	62.8528215408433	0.673318825841885	0.279494131594692	63.4240514609372	2.47	32.836	13.1084518604288	111.8608714152	97.591	0.000115891431034483
6970	50.25	292.836668403146	10.6447	4.85529	1.42502	4.79047050892	129.7473549514	1.58484117417	0.28692990936	0.44822027855	-2.77231437745	0.34560434774	140.1558113719	0.5904450497	0.63433350788	0.56189568129	1.11843683535	1.11269162442	4.03117413859	4.01766428851	4.17719757663	4.43640811004	153.15675708413	163.812673131498	172.9038386	405.2835841	33.2039	34.3229	0.166989223	0.272518488	4.0252034863431	5.95360012525784	5.95291013722949	-36.1003923881155	106.6666666667	109.4497	29.11	20.13	48.17	22.8	3.633	21.0358	0.141393	2	5	0.75	3	39.1317	1.2371	0.00776955	48.7	0.00800336	0.5	129	20.4785849804	0.571297283748362	0.222352339805476	5.769230769	2	23.5	2.620675676	157.0026915	69.7	9.189961e-06
6971	63.66666667	155.125618269231	11.8004	4.69959	7.68447123	4.684714286	101.8392857	1.382007016	0.256221334	2.048214286	-5.77365	0.364	123.76115	0.688146667	0.751857143	0.667133333	1.120099255	1.10268994	3.898142857	3.9058	3.9508	4.244733333	161.53223809281	166.407219491645	217.459747	597.8820282	48.2493	52.4143	0.14297941151	0.29157042698	-0.188100641820645	2.34713410867711	4.79091356604286	-35.1335329393	116.6666666667	111.026	29.722	32.6967	61.4694	23.2753	2.26	30.1802	0.12325	2	5	0.75	3	68.7626	1.5324	0.00458015	44.5	0.00614921	1	127	44.34648545302	0.720374545454545	0.310174774774775	59.968957844715	2.33111111111111	21.7	8.25241820796147	130.527435733642	89.4	-7.3024865e-05
6973	46.25	152.47280892414	20	-5.5	5.67502	4.80371922471	137.2522133685	1.61697062795	0.30697516918	0.59588500703	-2.7320521081	0.33571075252	156.998281167	0.62943019959	0.62956492479	0.56307114124	1.11535476963	1.10918854384	4.06070666741	4.0142169372	4.1066723141	4.39029699091	163.195726190125	167.374722221667	392.5001239	897.3710442	43.6428	46.8129	0.083156085	0.237513919	2.06189935817935	11.8471341086771	7.95291013722949	-36.3354876895251	141.761904761907	110.281207507111	29.339	33.8066	62.7815	23.0991	0.045	22.5358	0.140898	2	5	0.5	3	57.8468723	1.6034	0.00584478	40	0.00808728	0	15	2.912621359	0.717775485972604	0.444682982965544	75	2	38.186	10.17632075	114.3463253	111.5	-0.00016907313
6974	125.25	125.58774821318	-18.25	48.5	14.675	4.77726204922	131.9813988859	1.62197416469	0.31244399078	0.88585589198	-2.93223790815	0.33080589258	158.7214666059	0.62284910135	0.64282905294	0.61802939782	1.1121312723	1.10358705712	4.15271425723	4.03721507531	4.08875679227	4.42595922667	163.51585062425	167.557602384664	282.894259341	642.864901261	42.352688	44.050447	0.12469414337	0.28200351141	5.81189935817935	9.3471341086771	4.95291013722949	-35.1361074502782	140	99.9037205376	29.518	35.5476	59.295	23.5938	1.346	26.076182	0.117901	2	5	1	3	100	0.8484	0.0112321	19.8	0.007846216	1	71	0	0.540741878752457	0.262242674662736	15.51724138	2	27.859	19.2668	181.6665567	87.69	-1.360152e-05
6975	47.25	153.704261180295	16.75	-13	5.67548547	4.74538446013	135.7870254002	1.29836038851	0.30892343316	-0.38081637938	-4.37640596888	0.33312771185	151.576497513	0.59696547387	0.61071790923	0.56482189325	1.1119934464	1.10599566046	4.0607454751	4.02629793383	4.10925375318	4.36566944678	161.051765874967	165.666122265651	166.7662887	599.0551945	40.2429	42.4992	0.13448298977	0.2819603951	4.0252034863431	0.453600125257845	8.31680897506388	-36.4982181528707	138.158333333335	111.775487762081	27.566	35.8526	62.3984	23.1104	0.116	20.6717	0.152667	2	5	0.75	3	0	0.7402	0.00746541	18.3	0.00546529	1	32	48.27729217406	0.725614627710933	0.455779555555555	55.55555556	2	43.004	5.530808081	121.8887833	82.197	-0.00012017743
6976	69.5	145.296225	7.5	-9.25	10.675	4.3744375	154.4753125	1.059432301	0.260434201	8.4595	3.17915	0.255375	148.806625	0.589362698	0.6183125	0.5364375	1.076006308	1.073594341	3.7841875	3.7826	3.8866875	4.08575	162.614522672374	166.601277775167	211.1593203	624.2296504	47.2862	51.4742	0.121341629	0.310596304	4.31189935817935	3.34713410867711	5.65014230839721	-36.104640762002	143.583333333343	111.358933666484	28.858	34.8933	64.9392999999999	23.7014	1.849	30.505	0.15326	2	5	0	3	54.2102	1.7096	0.00707893	21	0.00678127	1	46	44.2020073326	0.702801307125308	0.353401374671081	61.9788549565739	2.45	38.245	9.07346713270166	117.5548527831	84.711	-0.00013775966
6979	36	169.02088599511	10.5	0.5	-0.842786	4.71481682043	142.7778797305	1.26555925225	0.28146734976	-0.10471139748	-4.21365125729	0.33879722659	149.072738926	0.5974154231	0.61360615243	0.57196461884	1.11601746063	1.10947413786	3.99962261262	3.99157768002	4.16635782737	4.39507858902	162.6	167	264.5679705	664.7091959	41.5328	47.3923	0.076001644	0.316147438	-0.677930705336181	1.4310324297484	7.95291013722949	-36.5286600568887	142.899629629635	111.878501565843	27.518	36.8255	64.6438	23.1437	0.055	21.3999	0.159259	3	5	0	3	93.6508	0.3291	0.00403543	64	0.00971423	0	75	58.78399098096	0.627441880335866	0.432254739229025	81.06060606	2	46.363	4.531666667	130.1685481	115.3	-0.000119401
6981	43	200.47991099511	21.1566	-10.75	7.45017793	4.3941875	106.2159375	1.148625708	0.381686343	0.62575	-3.361947368	0.3383125	132.5814706	0.639738889	0.6319375	0.551875	1.097913515	1.087813242	4.1480625	3.7361	3.733611111	4.1356875	159.023821645717	164.897101278162	234.4796645	758.1778707	44.3328	48.5935	0.13994117485	0.29600638391	3.50000000000001	6.21724893790088e-15	5.79091356604286	-36.7872298365741	131.086269841273	110.688314573919	27.889	33.868	62.4704999999999	23.3653	0.025	16.4388	0.0838324	2	7	0	3	32.0261	0.4196	0.00326391	56	0.00894701	0	0	44.28130615721	0.737086764705882	0.430467777777778	59.9975859908633	2.455	41.999	2.566901408	140.8227008	87.328	-3.66765433333333e-05
6982	44	187.051393458841	32.75	-21.5	12.7197	4.78333297649	135.2378447714	1.36606119295	0.30255725852	0.65725997095	-1.45510007068	0.32884428183	147.705120681	0.60856272728	0.62605757787	0.5724643913	1.11427854733	1.10895298176	4.0405125054	3.94883131579	4.15174956718	4.36662677445	160.826567459325	165.055606392998	247.5730727	706.9774493	51.4995	45.7092	0.082295228	0.242991026	-0.188100641820644	2.84713410867711	7.79091356604286	-36.3370821127286	166.6666666667	112.2161	27.318	33.2466	58.5218	23.2785	0.047	21.5552	0.0997348	3	7	0.75	4	53.94874832	0.211	0.00233671	26.5	0.0068478	0.5	65	27.08220521422	0.535928419642857	0.328380976662323	42.59259259	3	26.5	7.87973247638166	130.745904553662	57.3	-9.203718e-05
6984	47.75	165.000047846962	15	-8.5	2.75588682	4.76590949482	149.2600029904	1.3287322561	0.28563231059	0.21915637594	-4.08975694433	0.34064624918	157.053381884	0.61280441272	0.60925580114	0.57659778674	1.12130705713	1.11467146384	4.02536095887	4.08583279304	4.14320371916	4.40942075274	161.054764875375	166.390055557667	306.3760125	751.8146831	41.6539	45.598	0.13884801242	0.29456571243	4.81189935817935	14.8471341086771	9.9529101372295	-36.7855188294107	131.316111111113	112.107364490734	27.518	35.65	61.7174999999999	23.0802	0.044	20.2139	0.204754	2	5	1	4	46.0453	0.4455	0.00845758	12	0.00874844	1	20	59.90435998763	0.719057976827095	0.431646324786325	83.66666667	2	56.297	4.059888889	133.3881663	81.463	-6.5970084e-05
6986	43.75	191.338076301739	10.5191218	1.35567849999968	5.83160711	4.77911843098	130.3931202317	1.26795406718	0.26865119677	-1.73384927266	-3.10333638793	0.32089831821	151.279767006	0.605071893	0.62762589174	0.57332343788	1.10262439988	1.09425798717	4.06269609564	3.97556972367	4.10205901069	4.34050758826	153.7142857	166	242.836542306	663.691181415	43.208458	44.865445	0.14119837254	0.28066310779	2.48728745607889	5.28054306153822	7.91921875925107	-36.1452917677783	131.084691358023	110.373912538278	26.543	31.4883	55.6262	21.8417	1.3685	22.325904	0.089910988	2.08	5.88	0.675	3.04	63.19489502	0.979323	0.00354076893	42.154	0.0078318831	0.7975	56.4	26.59288314535	0.631318578772615	0.064972760896343	14.28571429	3	46.624	5.45210153348326	136.212300041837	99.992	7.0837323525726e-06
6987	47.75	217.151780972068	13.5	-3	7.04678961	5.182421053	112.6477368	1.127113976	0.256229769	-7.869368421	-4.585947368	0.3597	103.5400769	0.564665152	0.666631579	0.5957	1.132110802	1.133715614	3.730631579	3.1958	3.931263158	4.31335	166.3333333	160.5	248.615385772	672.86294218	43.220556	46.177104	0.15269225635	0.29179053665	2.53500773478316	5.30943494131194	7.95459827598987	-36.9831512862	96.6666666667	119.8011	27.136	32.2867	55.4219	22.2517	1.18032	22.193699	0.098402301	2.16	5.96	0.61	3.02	57.90943912	0.87879	0.00395969941	41.862	0.0076547317	0.7275	59.9	35.38698102521	0.703221708902155	0.339121187330623	57.69230769	2	98.9	3.022235294	108.8502995	155.1	4.49e-05
6989	61	190.38899099511	-11.25	11.25	7.71137	4.74300178165	128.3610093368	1.33708731975	0.26845196033	-0.24659386145	-2.81313858823	0.32934318132	143.9801688648	0.59870355942	0.62172517379	0.55673512044	1.10781908489	1.10262569115	4.01548790859	4.04904866614	4.16275916786	4.34051755011	157.3333333	166.3333333	246.170072438	656.346633274	42.353818	43.357294	0.201230521	0.288483391	2.54261945142126	5.19428670064027	7.78634899279295	-36.5055204192842	166.6666666667	103.1423	27.971	29.1143	53.3651	22.0907	1.39555	22.952245	0.099118066	2.38	5.72	0.625	3.12	57.47722422	1.047452	0.00456767378	48.623	0.007870119	0.67	52.42	50.17039287734	0.650390152803728	0.399175439457314	90.69264069	2	44.668	7.48561172327333	125.908188492742	97.3	-9.14111052941176e-05
6990	60.25	100.619224117827	21.25	9.25	2.67502	5.094333333	221.812	0.642603301	0.259889148	0.271	4.076818182	0.467714286	184.3774286	0.463208974	0.451888889	0.515428571	1.1751629	1.167139545	4.51	4.612	4.4993	4.650428571	163.6666667	166.636833330667	268.153439452	677.667243605	41.090402	44.082993	0.157067863	0.256637016	2.4189982175142	5.68557958347577	8.34305963564402	-35.9318354549031	136.566287878793	110.779316513966	28.294	32.341	59.2618	22.5243	1.55914	25.519132	0.111870947	2.37	6.01	0.48	3.1	47.25673566	1.356243	0.00522067542	44.918	0.0080614826	0.63	37.67	50.60432177689	0.710891878787879	0.260789210953792	65.571365010358	2.29	40.796	12.5997258059564	120.357672994467	57	-7.48866139655172e-05
6992	54.25	70.67	8.32331	-12	-1.58434	5.3393	161.3781	0.674343719	0.244080557	-0.9931	-2.102384615	0.406846154	128.7116	0.598039815	0.4365	0.628153846	1.13236155	1.124084321	4.1863	4.1445	3.8033	5.169461538	166.3333333	168.6666667	269.153832357	653.229403626	42.801197	44.435633	0.160656865	0.286977509	2.67005383163008	6.21683874230876	7.89720704850987	-36.2386612823842	138.005471923539	111.80329049363	28.54	31.2422	58.9936	22.0703	1.40971	23.179861	0.110836201	2.29	5.87	0.645	3.2	50.7704413	1.392109	0.00466896834	46.765	0.0074425805	0.645	35.86	53.3895865962933	0.71688	0.411888602124183	80.50682261	2	33.084	8.6131790439771	127.785397772385	45.1	-0.00021512578
6997	56	137.770333416768	11.0080162	0.189849489999572	4.74790223	4.78338035265	131.569462901	1.24847038974	0.26908372779	-1.61624756627	-3.31130644462	0.32387760431	154.870674115	0.60710089403	0.62665287882	0.57901079834	1.10317936687	1.09651638822	4.09117379843	3.96901514596	4.06079792066	4.35498916911	161.2	163.5	264.736615077	665.064486087	43.564947	45.851482	0.14509368148	0.28311562491	2.1014004656087	5.40835881961397	7.94370063316754	-35.7442351061	173.3333333333	110.4136	26.573	31.9648	57.6907	21.8014	1.19211	22.845923	0.087559055	2.06	5.74	0.7175	3.02	61.20059062	0.923796	0.00351387291	40.546	0.0078980114	0.825	48.6	40.56998350492	0.643904963612555	0.0930123558644168	31.40740741	3	31.234	7.63648285554724	127.914503510008	95.54	-5.82723997619048e-06
7000	54	162.360972523041	8.5	-7.75	7.67502	5.091571429	156.3982857	0.946641024	0.255531937	-0.975142857	-1.489133333	0.283571429	139.9125	0.4647825	0.567928571	0.528142857	1.101481368	1.097551863	4.117428571	3.428357143	4.319818182	4.215142857	166.5	166.597148149139	263.158322335	655.723645992	41.5078	45.185055	0.19053564	0.274644659	2.94327478703268	5.78731135934445	7.81274653675401	-36.4075608704871	138.27592592593	111.514871341977	28.776	30.3101	60.6137	22.2614	1.3569	22.796911	0.0901052	2.2	5.83	0.625	3.11	-5.54e-14	1.034302	0.00198465	43.33	0.00752489	0.805	48.55	40.04030938843	0.650834272588765	0.426895032679738	60.64285714	3	78.3	10.77733871	110.6260294	95.5	-0.000229255
7002	59	161.691571115181	5.93107	5.84013	13.175	4.979785714	82.88214286	1.203034508	0.284884298	5.876214286	17.32193333	0.3534375	100.9439286	0.54914127	0.564214286	0.5669375	1.143359021	1.081098086	3.608571429	3.70025	4.24275	4.654625	166	166.3333333	265.826217062	675.949841495	41.774228	43.722699	0.145381779	0.275231216	2.20437363885681	5.65730666486549	7.61566489540887	-36.59281045	126.6666666667	115.1977	30.01	29.3843	53.4734	22.0969	1.64992	26.368777	0.106746396	2.28	6	0.6775	3.16	57.53327916	1.125026	0.004586091	50.862	0.0075926145	0.8	55.15	28.64275142122	0.560069264319014	0.199166386242822	50	3	35.896	10.51077586	112.9705401	91.526	0.000208515
7003	51	117.513451837607	10.7098509	0.163006659999893	5.97349209000001	4.78045111327	133.1428234945	1.17574965688	0.26409539536	-1.97804068702	-3.35818891835	0.32433593368	153.7437634129	0.6065398967	0.62527583353	0.58051522653	1.10245097368	1.09662779367	4.10353003878	3.97628276919	4.1246139421	4.34280152256	156.4	162	251.092156685	668.697335809	43.671916	46.156758	0.14384585939	0.2822199719	2.5001404862209	5.23493675024246	7.94117063713613	-36.1742620494675	140	107.7209	25.842	33.1372	56.1472	21.6453	1.04781	22.219915	0.089503672	2.11	5.7	0.7025	3.01	59.42777292	0.961313	0.00345362932	39.502	0.0078663583	0.805	42.87	46.05084272007	0.799921478475304	0.158921186210561	60.3833576661025	2.38630952380952	78.2	6.031789474	120.1731402	123.3	9.07e-05
7008	95	96.8125362408425	11.8004	4.69959	16.0377	4.727086957	178.1013478	1.212471132	0.243000329	4.478695652	0.960304348	0.271782609	189.267381	0.529258333	0.664956522	0.661521739	1.085908387	1.080671434	3.957652174	3.786428571	3.894173913	4.219956522	167.5	167	265.399708575	647.941853252	41.373412	44.705829	0.166929737	0.492066823	2.37770423133658	6.67546609975758	7.68790403181999	-35.9058736841	93.3333333333	100.9868	29.26	29.6361	55.3467	22.6402	2.0974	25.245772	0.102515266	2.35	6.12	0.5725	3.27	50.08585288	1.293269	0.00556462603	49.102	0.0082865311	0.7275	36.62	40.36925068952	0.638831720004095	0.309053791226727	63.32417582	2	37.667	22.01384615	102.6422365	93.128	0.000315019
7013	38.75	166.152262224251	18.5	-10	6.74674235000001	4.79424555041	142.5871349645	1.06956797862	0.26472382547	-2.16694300553	-3.55167647909	0.32640224574	154.479505738	0.60965024596	0.61185203913	0.56166308251	1.10660566021	1.09859277388	4.04678838441	4.01264862297	4.14869309343	4.33874578352	164.1666667	157.5	238.949008328	652.300871834	43.611463	47.087574	0.1442621023	0.29019497117	2.97362932239269	5.63337054933121	8.43371371716946	-36.7300531542	126.6666666667	111.942	24.652	37.7133	60.3939	21.84	0.728440000000001	21.18239	0.092140506	2.05	5.79	0.6225	3.04	51.65231934	0.807055	0.00359148885	40.589	0.0078841984	0.745	29.52	69.17254950131	0.728830365629984	0.418396070988632	93.75	2	57.4	5.82982906	114.1605553	75.7	3.9e-05
7014	74	119.46722673454	14.0018	4.9982	10.925	4.774789474	94.76884211	2.021443845	0.207896182	-1.137789474	-3.390444444	0.273105263	88.09823529	0.582233333	0.648894737	0.675526316	1.09140732	1.096811191	3.704368421	3.71115	4.194105263	4.358052632	166.2	167	266.522818082	693.411486992	42.959808	44.641834	0.156061387	0.365058815	2.22188640596157	6.31423068925974	7.64204077096711	-35.9705876733822	141.21666666667	110.44578684784	28.487	29.405	52.5613	21.9805	1.45862	24.884111	0.104098933	2.29	6.06	0.6075	3.12	53.88279968	1.125574	0.00473720804	46.516	0.0076138434	0.8025	45.34	53.25605057964	0.660513692274249	0.274610827906264	95.65217391	3	33.75	13.4988907476807	113.469258003161	92.314	-4.52951069047619e-05
7025	52.66666667	129.727751588967	14.005	7.74502	5.76339304000001	4.77284587302	132.2227286781	1.34026014052	0.27141265008	-1.92798786381	-3.20885996148	0.3238107904	153.229785956	0.60295146119	0.62072455081	0.58633225651	1.10321634441	1.09677438596	4.07131649405	4.01470904854	4.08308745334	4.35478000661	162.8	162	277.3299459	655.3050577	42.9487	43.5533	0.14861454164	0.28651858958	2.42269059805377	5.57320060268107	7.87016703490329	-36.1321194738418	130.069682539684	112.183667462989	30	31.2	54.4	20.7	1.04869	23.59841	0.088882531	2.12	5.78	0.685	3.04	62.62987046	1.010921	0.00362403603	40.993	0.0077447137	0.8425	46.02	42.93669013966	0.758952236842105	0.283574894762243	62.678323328455	2.2	38.185	5.038736842	127.802463	107	0.000251323
7026	45.5	182.229233852253	10.75	-7.5	0.333781	5.145263158	99.56057895	1.572396923	0.278319273	4.689157895	2.4547	0.314764706	136.878	0.600814583	0.712368421	0.532705882	1.114228926	1.090415524	4.060578947	3.9119	4.3856	4.733294118	161.75	167	249.10778611	676.633725838	41.710915	44.435312	0.208879243	0.310124057	2.28038832678433	5.03470664699347	7.56548296673001	-36.4255233328844	142.060277777787	111.000545406705	29.367	28.9447	51.898	22.1494	1.30392	22.512035	0.104411879	2.29	6.3	0.5325	3.13	57.22861322	1.062919	0.00418840143	46.672	0.0078921367	0.71	60.98	32.6022831280633	0.595007373129569	0.260261690535751	36.01851852	2	38.9	6.6278782604591	131.179436836736	124.9	-4.699077e-05
7028	40.25	200.970567341911	9.5	-5.5	6.52194876	4.390909091	169.1218636	1.372353939	0.230323447	-2.131363636	1.695391304	0.193	176.0070435	0.573228261	0.655409091	0.569347826	1.069558072	1.066564529	4.016136364	3.783434783	3.744304348	4.014304348	155	164.5	251.476636751	669.331125967	43.097217	45.255793	0.14976420382	0.27687496678	2.70566609410533	5.69854361020499	7.9846128130718	-36.6999295184207	129.819074074075	110.26022524922	25.649	34.8365	57.6153	22.024	0.68942	21.649653	0.093042441	2.19	5.78	0.5225	3.09	54.63997532	0.815099	0.00396607922	41.756	0.0076580775	0.7875	34.82	69.84635266043	0.731577976827094	0.479180652448858	96.42857143	2	62.1	4.507956989	131.9637557	96.4	3.06e-05
7031	47.25	152.230038420832	14	-4.25	5.17502	4.903818182	168.2740455	0.921944267	0.262769356	-3.990136364	-4.161857143	0.2641	147.5443077	0.599261594	0.654954545	0.564	1.085066089	1.082599441	3.9245	3.565222222	4.10075	4.22455	163.5	167.227708333125	245.773204294	675.096980089	42.223541	44.941039	0.14713572	0.295030815	2.46135618254806	6.26439348420307	8.12797216266205	-36.8206454174835	137.832407407407	111.565802008231	27.922	33.3306	59.5034	22.3036	1.12078	22.062101	0.0912229029999999	2.17	5.83	0.595	3.15	48.15681084	1.123079	0.0034581794	41.302	0.007579002	0.735	35.84	67.30810237996	0.682410735930736	0.465706143790849	100	3	78.7	7.652929293	110.8699316	65.1	-1.96e-05
7033	76	110.017841057095	7.2282813	6.54308258999979	7.00532555	4.80107698687	130.5608733266	1.23977562141	0.27537894531	-0.81733182134	-3.27671204543	0.32134009799	157.2548065459	0.59882202112	0.64037586693	0.59568026945	1.10469645313	1.09803567821	4.20422390955	4.04079744151	4.12962830316	4.41717187355	164.508173118004	166.700737892882	263.184767634	653.965472552	42.295326	44.491757	0.1403347402	0.29177484817	2.34355581016311	6.75453544374761	8.1249844890286	-35.5593706973821	140.765555555557	112.670232755751	29.455	33.1895	59.4678	22.7461	1.36944	26.985324	0.08614086	2	5	0	3	63.73075676	1.313166	0.00411775957	42.788	0.0082690037	0.5	40.47	50.05365354264	0.681111103619663	0.217322584877521	60.9129902266448	2.27611111111111	31.526	12.85059696001	113.280979212811	82.323	0.000123484446411765
7036	50.5	99.93568503663	10.9819879	2.87749303	7.00366744	4.7916419022	131.9798795898	1.10299795517	0.26687887468	-0.32641853375	-2.87177170597	0.32443845612	153.0772729579	0.59391008421	0.62877795433	0.58355800254	1.10797673582	1.099478924	4.1174273106	3.98147690005	4.11850834119	4.34412025341	165.4	167	285.152689172	669.143725895	42.632152	46.194575	0.11379018	0.245846235	2.62107668039067	5.88945599811973	8.31830851102841	-36.0102199032213	133.911688712525	111.796052456422	25.869	33.779	58.1193	22.728	1.06656	24.764251	0.091243411	2.14	5.9	0.6675	3.03	62.37677342	1.247771	0.00369402577	40.09	0.0079937111	0.765	32.48	48.46960666042	0.804743890648567	0.322887168321874	62.5098881740938	2.192	2.4	4.905816327	109.6160902	87.1	-0.000428227
7058	66	57.6	11.684609195	11.42784237	9.98011925000001	4.79808695392	140.9010457941	1.28835608512	0.27601936099	0.73177902203	-3.67964114245	0.32873045828	152.1521827379	0.60745686529	0.63010814801	0.5930013417	1.10971631526	1.10317828298	4.13245509343	4.01009689817	4.10767124214	4.39528344527	161.789915164832	166.208627947449	278.174128837	657.073309482	41.801059	44.269479	0.17648597	0.394330363	3.92066452467942	6.17170052184477	8.79091356604286	-35.3853762809831	134.362231182791	110.949560255629	26.8	41.3	74.3	26.3	1.70493	25.563982	0.10503217	2.19	5.66	0.5025	3.28	61.3858335	1.749813	0.00483716954	48.7460000000001	0.0085718996	0.755	18.91	73.71114653564	0.765842764705883	0.351052803242509	98.21428571	2	36.909	15.2952	110.6013641	94.082	-2.21135910714286e-05
7061	64	99	10.9776849	4.78384903	9.04012255	4.76059581368	130.6715002451	1.12685848179	0.26839959371	-1.55648243694	-3.86995434541	0.32510826201	157.932138575	0.61260287372	0.64462173324	0.60591040943	1.10310507136	1.09559534177	4.14699205729	4.07388879268	4.10814759941	4.35040300454	165.108132333686	167.586727473713	294.079407775	667.515004558	43.190498	45.366096	0.14375526833	0.28896948396	2.79018538875867	6.76955755733106	8.31826670504118	-35.2507540847027	139.894603174602	111.723825464143	27.165	34.9052	59.2766	22.4661	1.28234	25.936183	0.090703401	2.1	6	0.5925	3.09	56.43891762	1.39295	0.0036192191	41.676	0.008327417	0.72	19.77	79.0902030085834	0.735190211384205	0.311687882607588	94.23076923	3	32.522	12.4250386660414	113.309555932164	84.339	-4.65607113464696e-05
7062	38.25	154.846207377539	18.75	-9.25	8.67502	4.660285714	129.4932381	1.546958984	0.271682101	-1.484190476	-2.521947368	0.23515	186.5057692	0.592410145	0.694619048	0.4711	1.09231182	1.090686666	4.047	3.852941176	4.194705882	4.01795	161.8571429	167	245.509766063	651.707583241	41.995587	44.975425	0.20563468	0.276552008	3.00154220196261	5.35418234496111	7.70780351684623	-37.6374956774	80	117.3638	27.981	31.7359	58.3122	22.3014	0.99497	22.269069	0.1053651	2.18	5.88	0.56	3.11	48.5938898	1.048141	0.0045178791	47.198	0.0075744049	0.635	53.8	42.48533325274	0.634763056192174	0.493513643790849	40.38461538	3	17.6	6.821010101	124.0185603	123.6	8.6e-05
7063	51	140.67	9.353340695	2.22420213999989	6.02041998	4.80092244382	133.3700490768	1.56134403499	0.26544345018	-1.38050421364	-2.11885208343	0.33045097003	143.322093839	0.6070412742	0.62977728573	0.59413222369	1.10822779037	1.09704090477	4.09909181903	3.97563842205	4.12760204555	4.41825295155	160.4	167	277.909643834	682.893096221	42.777096	44.191389	0.126123022	0.322603666	2.60530972602503	5.49094368081972	7.92063646062377	-35.991171900878	126.192201394527	110.730647466879	26.7	19.9	32.7	16.6	1.98027	25.333371	0.093250859	2.2	5.88	0.76	3.18	56.06856822	1.292324	0.00470080942	46.527	0.0081694439	0.8375	50.97	37.23292120979	0.933	0	55.6260616252313	2.56594973544974	36.707	7.196860465	131.3887796	90.02	0.000228738
7064	66.66666667	130.164190684479	10.7355	-9.07337	2.42502	4.75857155993	133.2080682294	1.13981884609	0.26500055057	-1.23983156886	-2.09236013263	0.32876529121	150.833670641	0.61133698965	0.62468948668	0.5754308706	1.10580801317	1.09836934719	4.05098413806	3.98399133108	4.09750269983	4.34969482527	162.733427118095	166.98337256601	262.492749338	658.692527545	43.102261	44.857949	0.147703314	0.220473614	2.32212820388941	5.85378995428382	7.98956327682458	-36.5135367722161	131.848809523815	111.978325583267	27.86	32.0305	55.4401	22.3668	0.91698	22.197686	0.093962996	2.25	5.7	0.6325	3.11	61.86411136	1.044006	0.00412980502	44.594	0.0077050923	0.695	44.38	55.09935473143	0.792535047534166	0.286260079827016	63.7876456990309	2.45	37.306	5.59125	74.2312561	91.15	-0.000153895536428571
7067	42.25	179.096319067306	10.9682029	-0.467746610000107	5.32505545	4.78708171569	135.1069748993	1.31482434015	0.29281243886	-0.85403065271	-2.92558359138	0.32598795638	145.7076254199	0.59723685174	0.61721243498	0.56339102607	1.10599577339	1.10246693207	4.05471603332	4.05276276505	4.13916127121	4.35264962562	158.768818212466	164.557346415761	257.351883748	658.534018433	42.980652	44.945577	0.137915423	0.226961372	1.90944589267413	6.49205594025576	9.12424689937619	-36.2812448624952	129.308465608471	112.438388295655	24.2	29.4	54.1	21	1.11415	22.94064	0.0995991609999999	2.22	5.66	0.5775	3.35	61.13850426	1.128306	0.00450467067	39.567	0.0077820344	0.875	52.03	46.3751670037733	0.707132153878232	0.23882773898732	58.61538462	2	63.8	5.87315450232916	130.951940976105	54.8	-2.66188869047619e-05
7068	56	186.024738281843	10.2349835	0.965977059999679	4.36472334	4.7895699639	132.0461276414	1.22705048474	0.26845016493	-1.67192968294	-3.15659040127	0.32314191782	147.917684174	0.60611120009	0.63026270048	0.57654400588	1.10103509082	1.09445704862	4.06211245355	3.98293494396	4.0899338479	4.36201874871	159.881732649376	166.163199224591	248.88558727	660.854160133	42.975418	45.408416	0.14301630933	0.2806816849	2.36497017619169	5.34281651903387	7.99221088969015	-36.0955704317954	129.25899782135	110.872710816287	25.832	31.9609	55.5474999999999	21.9664	1.32402	22.303642	0.088416462	2.08	5.9	0.6975	3.03	66.16326626	0.899963	0.00378306714	40.175	0.0077175903	0.82	58.33	30.19736203439	0.691921172757577	0.0274905460315294	11.40740741	2	38.664	6.52063001377662	132.633144668542	93.317	-1.08715122725933e-06
7071	45	169.137618353021	14.75	-11.25	10.2542	4.832047619	117.8987143	1.364847626	0.241022585	4.904809524	2.963318182	0.290863636	126.2717333	0.538916667	0.592190476	0.457136364	1.175949477	1.153524431	3.839190476	3.3414	4.036421053	4.465454545	161.5	168.25	259.807339156	685.151093881	42.334926	45.921637	0.1846412	0.259050842	2.25139439013554	5.80040869431771	7.57829242094515	-36.19527692225	143.160000000002	109.06653465325	28.787	28.3358	51.5615	21.813	1.37603	23.167495	0.109380357	2.13	6.06	0.66	3.06	46.64749398	1.075943	0.00458039183	47.203	0.0075394273	0.7775	67.79	23.77938960826	0.486003842400434	0.32710655850112	10.81504702	3	40.601	9.093157895	118.4293628	97.9	-0.00066104
7072	62	284.33	11.0267814	-2.83649449000021	3.5576894	4.76680260231	134.569760149	1.13409997905	0.26729158402	-1.82155862812	-3.65870136737	0.31714300976	156.12282556	0.60922616897	0.61000109326	0.58763726045	1.10614354155	1.09710214802	4.10280515753	4.00554283483	4.10587482042	4.33567835433	162.6	166	239.356097197	658.427855798	44.3514	47.249719	0.14082063842	0.28751936341	2.58371755056653	5.90007179325302	8.3323807219982	-36.2518776617906	121.545303573366	112.789335480908	25.214	35.5109	57.2413	21.832	0.91204	22.532511	0.087099179	2.11	5.74	0.7325	3.06	59.50354268	0.994691	0.0037143877	40.952	0.0078987	0.805	36.56	55.79875741956	0.967	0.008	56.93979933	2	44.412	6.18285824918142	135.143710566752	86.852	-2.36132287468672e-05
7077	44.33333333	328.483281454086	9.0760724	0.457750979999679	4.54177927	4.80849422861	131.3450388669	1.25074046523	0.27613608008	-2.47115374059	-3.40312682488	0.31638694817	145.6976842039	0.59559656685	0.62079741958	0.57488512648	1.1058790976	1.0957424561	4.04569456982	3.98775655704	4.13876044712	4.38323763234	115.75	152.25	244.212044571	670.148563496	42.677183	45.128625	0.14261019467	0.28154564763	2.3921024130229	5.14885993766312	7.85032654763425	-36.2309043213045	136.092870370368	111.12066005259	26.372	30.9783	53.9503	21.5155	1.23099	22.644737	0.09429189	2.26	5.83	0.69	3.04	56.43982576	0.882479	0.00384610844	45.036	0.0080782214	0.835	63.98	27.56961331617	0.511817153878232	0.136091782527093	6.896551724	2	47.862	0.792469136	100.057038	94.083	7.5e-05
7081	42.5	220.135357038881	1.5	3.75	4.16583653	5.29325	175.8266	1.333048161	0.237806881	-3.1542	-4.200368421	0.276473684	194.9308824	0.666045455	0.65255	0.503736842	1.086019468	1.085589417	4.5744	3.979578947	4.557263158	4.922157895	144.8333333	160	255.5805043	661.282467031	41.458757	45.481224	0.14171831179	0.28004893673	2.70641689151664	5.58680985664168	8.1586307909027	-36.3581130430348	132.305555555547	113.916792106773	28.342	33.5726	60.5523	22.3694	0.849	18.6135	0.101056737	3	5	0	3	55.72914852	0.934	0.00336714796	43.052	0.0077309171	1	54.54	40.10739267618	0.586389246683705	0.406674125	59.958115602067	2.431	41.758	6.77716967136457	136.017533661388	84.138	-3.73422537944862e-05
7092	54.25	175.898639173127	0.75	7	22.5388	4.863235294	86.97229412	1.798549539	0.27257779	-1.725588235	-8.164764706	0.281294118	129.4225385	0.667733333	0.580294118	0.602411765	1.095490871	1.10519536	4.036882353	3.807466667	4.3764	4.086941176	164	166.3333333	242.639358484	678.268786743	42.943864	46.872779	0.193417856	0.301862122	2.51457591227117	5.38204854652911	7.51934705215964	-35.9172109054338	137.111111111118	109.351294578115	28.742	29.4584	53.1313	22.506	1.19965	24.09213	0.103207366	2.29	5.94	0.53	3.07	64.84705646	1.045641	0.00419537766	47.045	0.0076304209	0.7275	53.61	41.46300877953	0.643269981367731	0.299221621460607	67.34006734	2	30.809	6.752346939	118.7977797	104	4.38e-05
7094	43.25	152.119328485298	9	-4.75	11.925	5.357941176	166.5303529	1.012593005	0.209303368	-2.862823529	-4.357809524	0.254681818	112.9726111	0.629800725	0.551411765	0.565590909	1.079892573	1.076607492	4.002	3.226722222	3.790842105	4.760636364	163.121547083354	166.537124998437	259.930337994	684.772319892	42.073504	44.420096	0.144191796	0.24656759	2.64509052736218	5.40366744330996	8.04803585731092	-36.8613035999319	132.51111111112	111.643090880899	28.411	32.3103	52.7279	21.6997	0.95087	21.573753	0.09411351	2.25	5.83	0.695	3.09	46.77979182	1.084762	0.00421808002	44.961	0.0075402456	0.795	44.74	58.35224502487	0.762052796451914	0.431712388888889	65.3356749620631	2.45	33	6.66801960186457	123.966414232493	81	-0.000138459333333333
7096	40.25	144.347743890918	11.8534559	-3.47218328000011	6.17023869000001	4.78812459769	139.6185429422	1.11421962896	0.26506847307	-2.03162761163	-3.97766171945	0.32251536109	154.7357096718	0.60980442242	0.63058784873	0.57572347727	1.1053463596	1.09606930444	4.07000139839	4.01178908787	4.10648283532	4.34014706035	160.695044561095	166.246921886022	239.88147288	671.870621235	44.264193	47.134728	0.14400553705	0.2860053917	2.53544420898049	6.00636021590907	8.13174225116918	-36.6627956463242	131.860000000001	113.271463688453	24.662	36.478	60.49	21.8269	0.56297	21.362269	0.090284282	2.05	5.75	0.695	3.03	56.59470088	0.823267	0.00349357391	38.218	0.007642883	0.8075	29.61	59.08379109659	0.768105880867499	0.416006833004414	56.26780627	3	45.856	7.092142857	135.4168155	93.355	-0.000125278232663534
7102	71	119.628124345099	12.5	13.25	9.79534	4.714882353	147.2085294	0.978657271	0.235780908	1.461882353	-0.818166667	0.2074	137.8781875	0.55237029	0.440470588	0.55935	1.069795442	1.073617367	4.031647059	3.434611111	4.342055556	4.4039	162.25	168	275.551780062	672.99750444	42.383667	44.307868	0.135370082	0.282734408	2.58246804901628	6.03350609482636	7.80063297005155	-35.8407611893081	135.813690476193	109.202390293125	29.117	31.4392	53.6828	22.1839	1.9429	26.209566	0.101690584	2.16	6.18	0.6375	3.1	41.69175592	1.268466	0.00463930544	46.527	0.0076915116	0.8375	50.48	27.0165561543433	0.560215006951649	0.166481305948376	19.92307692	2	43.123	11.5537211968348	116.518598644517	99.122	-3.00553285714285e-06
7103	36.75	152.768589275533	11.1755662	-3.30015442000011	5.29180298	4.78146619415	142.817393887	1.07910206093	0.26576888093	-2.64867507725	-3.86604122966	0.31985988423	154.148217812	0.61479225983	0.62620313735	0.58230208801	1.10137796756	1.09710859298	4.07620580765	4.01080219157	4.12109294249	4.33945891173	162.336119262872	166.866488097086	236.004207017	676.808345824	44.430743	47.221396	0.14412236799	0.28529685297	2.6772096820227	6.07175721257857	8.31857501712993	-36.7577421909612	124.796534391533	112.799505666882	24.026	38.1933	58.5558999999999	21.793	0.58575	21.311213	0.091323383	2.08	5.75	0.67	3.11	56.44283088	0.868989	0.0036483058	39.479	0.0079196096	0.8025	22.84	68.81931912236	0.769887728561304	0.546452444115524	92.52136752	2	51.572	6.5571807895802	127.660490932211	86.845	-0.0002778594
7106	44.5	114.21914293381	16.1035	-11.8535	6.86834491000001	4.76762142904	142.2496682127	1.07984432094	0.26671266469	-1.94584165203	-4.02820367635	0.32564043698	153.5930596088	0.60973358187	0.6097824747	0.57451607846	1.1055100239	1.09897859914	4.082746098	4.04666072057	4.14124389227	4.33357680659	160.4285714	167	253.937558471	673.030265805	43.274005	46.849186	0.15342503663	0.28464424892	2.6605920602825	6.15330387003954	8.1953949391748	-36.6282014808114	130.692222222224	112.777252359676	25.498	36.0375	58.1852	21.6817	0.64104	22.023767	0.089274689	2.04	5.88	0.665	3.07	46.10631614	0.94125	0.00362629681	37.364	0.0079128374	0.7925	22.22	70.76321436502	0.691231501547988	0.384130898480604	88.53276353	2	1.6	10.30225806	113.3160561	172.1	-0.00022494
7107	50.75	131.621027310384	10.7075983	-3.61692853000011	6.44135792000001	4.76057458637	138.3517735694	1.12711160481	0.26616775678	-1.90824628885	-4.1114533331	0.32162984493	155.455907105	0.61639558625	0.63583607195	0.58428706141	1.10220295652	1.09681624271	4.08147766284	4.01734342475	4.10057052852	4.34220628918	163.620894778697	167.630023809809	249.691848348	683.920135464	44.468137	47.645407	0.1504169415	0.28608752935	2.68154093031052	6.30720934218885	8.26312895062261	-36.704206432683	124.34097883598	113.510440596502	24.972	36.5703	59.1201	22.12	0.64059	21.349324	0.089367356	2.03	5.72	0.695	3.07	57.33157158	0.887178	0.0035822738	38.358	0.007665573	0.8125	29.65	62.49297205864	0.742423547002533	0.437556610782191	87.22826087	2	39.727	7.18017685808084	122.239435542492	87.979	-0.000133634437571429
7109	45.75	164.316455391007	-20.5485	21.8904	5.76142037	4.76797839863	132.5309728668	1.1871992888	0.26626396292	-1.93855784849	-3.31898031731	0.3259797192	148.7429838149	0.61206122071	0.62426887947	0.57571001089	1.10352622161	1.09751645591	4.06812860406	4.00914442541	4.10652711904	4.35675504643	162.594404557688	166.501307752838	237.82909582	654.083092446	44.013782	46.505706	0.14726226242	0.29019636513	2.63925475758647	5.0970682812058	8.00685069526404	-36.5536628556114	135.046349206353	111.054776743411	25.602	35.7711	56.9703	22.1698	0.81478	21.577613	0.088904971	2.09	5.69	0.6275	3.02	64.04909946	0.936464	0.00369674873	42.106	0.0075184079	0.7775	45.46	50.65764208628	0.758583256598493	0.416252025470874	62.1394391090353	2.10611111111111	34.692	6.20540058552411	130.073493913135	73.5	-6.60078864219372e-05
7111	61.462415178897	115.166617857143	11.918610595	4.10632496999989	3.64367208	4.821407949	137.9255870674	1.52155723765	0.28173312536	0.61739282408	-2.93390360229	0.3410777228	149.8165826408	0.59559054783	0.62049646305	0.58545763285	1.11324659313	1.11025989282	4.08539545717	4.02179026878	4.09373837226	4.45791207971	162.042228834556	166.593555554667	271.682520357	662.171605883	41.220977	45.061962	0.153435386	0.284985138	0.519259754695022	0.91236861394114	8.79091356604286	-36.2859381477681	127.926851851851	111.599669849412	19.6	32.1	66.7	22.6	1.75436	25.924184	0.112987284	2.34	5.66	0.6625	3.39	52.87191996	1.457037	0.0052479567	45.256	0.008089908	0.855	30.87	63.69833348297	0.7509815	0.357309127917834	98.14814815	2	0	6.932605042	109.0648326	93.676	-0.000105185503333333
7117	36.5	154.924459325091	10.8618	-1.11178	5.07835759	4.74720466787	143.571411092	1.09992566298	0.26492780788	-2.46070541686	-4.03544291274	0.32579823848	151.0576453299	0.60971409198	0.60814510803	0.57576964872	1.11012382859	1.10081138316	4.02417917008	4.03723489354	4.14384735813	4.32839542908	163.8333333	166.5	235.859371028	669.202605874	43.625981	46.345522	0.15328522434	0.28895666032	3.07997570055272	5.5585823478047	8.15766310538391	-36.8189940017324	135.66944444445	112.200354345339	24.754	36.3363	60.0845	21.9467	0.54048	21.246359	0.093660868	2.14	5.72	0.6475	3.04	56.07180046	0.760746	0.00373459449	40.788	0.0078514415	0.7	33.59	64.47280663893	0.73693198295985	0.472201277448858	88.98550725	2	60.8	6.68980123083121	126.169758765972	60.6	-0.00015022374
7119	41	116.969944358314	10.7104941	-1.32195891000011	5.28678886	4.79757896147	131.7099314285	1.16141748458	0.26528977218	-1.96856926732	-3.06713064234	0.32013143138	155.618023123	0.61130826113	0.62695811524	0.59467912388	1.10167205314	1.09716731905	4.10433303446	3.96288560802	4.07994862837	4.34580749161	163.305941650204	167.127870043039	247.481325504	674.520511523	43.989613	47.375088	0.14508316991	0.28298191462	2.49150864274178	5.71778263769052	8.12777404810107	-36.4504213413322	106.6666666667	115.7799	25.809	34.5012	58.1036	21.9333	0.68472	21.393895	0.089574138	2.08	5.79	0.67	3.06	61.22077444	0.978623	0.00376704056	38.903	0.0077213297	0.8325	40.2	52.65699654758	0.794703922182908	0.32631224476912	62.7948342509872	2.135	32.409	7.27548610931765	125.812381936379	94.397	-6.79131375682958e-05
7120	42.75	138.884294162236	11.0284037	-0.920353420000214	4.68347926	4.78776146832	131.6302311363	1.17292927086	0.26493987781	-2.34474939104	-3.21104160408	0.32212241974	152.3280799479	0.60585569337	0.63532777173	0.58789088411	1.10358578885	1.09728306788	4.0880545026	4.0221377923	4.12214450439	4.36100520386	163.113152054844	166.298288696819	239.417101583	659.501353688	43.863533	46.76612	0.14324700643	0.28337436657	2.57290837942644	5.56863741384768	8.02492507450716	-36.4670458292225	125.300793650797	113.372147030408	25.054	35.0831999999999	58.5945	21.952	0.72843	21.348435	0.090944048	2.06	5.61	0.6925	3.02	57.96842948	0.963001	0.0037684564	39.045	0.0076092254	0.8325	40.38	48.85860876285	0.767109185340803	0.262255022546897	61.382194499548	2.12211111111111	38.659	4.588202247	137.049845	90.062	-8.04532479968672e-05
7125	42.75	117.965775351395	10.8591938	1.20347568999968	5.95053459000001	4.7723274968	131.3934911755	1.18270458793	0.2673992135	-2.05884369532	-3.13008694625	0.32246044457	156.368925673	0.60828113425	0.63282824675	0.58994540933	1.10079382051	1.09699000548	4.1242297236	3.99936871064	4.0974165028	4.35503569724	163.2	165	260.917981909	687.066665013	43.757369	47.336515	0.1486263175	0.28489894863	2.70604110665522	5.60094877137559	8.08703578766045	-36.1324615098184	126.589814814809	113.792970204763	26.068	32.6969	57.4851999999999	21.8586	0.86598	22.844415	0.089958826	2.05	5.75	0.65	3.01	63.89147146	1.010054	0.0036774057	40.817	0.00782909490000001	0.8075	43.34	46.58826922223	0.772661825783526	0.245104566441441	62.0668549594984	2.14916666666667	34.403	12.67787037	149.871658	90.39	-0.000309198
7126	97.25	118.83862010989	49.5	27.25	23.425	4.728368421	149.0622105	1.195364185	0.200216586	-5.908947368	-3.639545455	0.312454545	122.4282857	0.584391304	0.658526316	0.520363636	1.11690307	1.102402612	4.257210526	3.970090909	4.076272727	4.852318182	164	167	279.57715393	683.309360194	41.689878	44.284595	0.201804833	0.397149135	2.777942795009	6.59498870206179	7.5303509629904	-35.9230352869796	142.334444444447	110.460966755469	29.64	28.5327	55.2862	22.5717	1.83719	24.893089	0.10344692	2.28	6.04	0.64	3.11	45.4816796	1.267562	0.00496357263	48.336	0.0082986927	0.7175	40.09	43.05257312123	0.683750284711224	0.30616201535405	65.9042415559247	2.428	30.64	12.32124088	100.5079667	95.99	0.000316779
7127	45.5	170.279910443917	10.3783367	-0.718640120000214	5.23067723	4.79258872089	132.6266509454	1.19449879788	0.26305751963	-1.79050711869	-3.25256532466	0.32156402209	155.4275228539	0.60581611396	0.6255770436	0.57491309917	1.1038148001	1.09507727799	4.10211095686	4.02394484164	4.1033542781	4.34490564865	153.2857143	164	264.851345935	659.058884711	43.609188	45.531249	0.14646596591	0.27933826149	2.51230611036481	5.28301474022309	8.07110652572301	-36.2759736046735	128.338967452301	112.072947617529	26.615	32.7043	55.7048	21.8182	1.07723	22.51068	0.09123938	2.06	5.7	0.6725	3.05	60.22134746	0.984281	0.00349161773	41.782	0.0077916317	0.82	46.43	43.94235150662	0.792	0.075	57.747149770885	2.29547619047619	34.916	2.988888889	121.8870933	95.423	-0.000293145
7130	78.25	79.7211659380474	10.460416	12.96126412	8.06064432	4.7648556533	131.3110579751	1.1463464165	0.26830903142	-1.31577848062	-3.8008765377	0.3243185879	157.738506715	0.60371496906	0.64558717332	0.61314129133	1.10426820354	1.0972505083	4.17758179003	4.03146695805	4.09731560254	4.34126109668	167	167	304.648328756	647.994386059	43.623352	44.919241	0.14281077862	0.28588890984	2.47971177388026	7.27243512555162	7.9550884284184	-35.3141455924364	129.313073593074	109.953589686852	27.638	33.5975	60.2246	22.6807	1.61883	26.023794	0.088510361	2.2	6.13	0.5775	3.08	56.22932968	1.585121	0.0039566322	41.495	0.0084493091	0.7475	17.37	59.41261728894	0.779322251325171	0.218566685166121	89.13043478	2	22.96	12.7393977130457	112.49595119621	86.993	4.11774447450981e-05
7133	46.25	97.183170976801	11.5108324	0.941962289999892	3.88171975	4.771256087	130.8169777585	1.16190972139	0.26792615326	-1.62646606912	-3.01473121796	0.32400098766	156.059282158	0.60051465758	0.63413753885	0.59621504453	1.0999163607	1.09573206991	4.15772511851	4.03466736623	4.07495389952	4.34210465798	166	166.150821455877	301.471293105	678.448858946	42.75616	46.901439	0.14582358894	0.28301936868	2.22162043008544	5.9563361943584	7.95307171218761	-36.9841261093	133.3333333333	114.4207	27.119	33.1001	58.5164999999999	22.1972	0.91244	24.99204	0.089054123	2.12	5.99	0.6525	3.05	59.86773838	1.300769	0.00389402864	41.346	0.0080160344	0.8	32.72	45.72882471904	0.804276455302399	0.251686052576338	62.0828077330755	2.06	24.538	9.98258982904692	116.13672280731	91.4769999999999	-9.93445510952381e-05
7138	68.5	98.4756268065268	11.2584811	1.50841415999979	5.02946369	4.76813171657	130.9457977698	1.19700466224	0.26902418944	-1.35865687746	-2.77112179701	0.32023656399	157.040928231	0.60223320657	0.63846294375	0.59369074312	1.1016552901	1.09688800429	4.13812360836	4.01742709604	4.07194720173	4.36059777128	163.937310564882	167.056708665699	326.626837701	721.972206325	42.7531969999999	45.104746	0.14630887033	0.28156274712	2.49723917364762	6.12030408051435	7.91507630986466	-35.9944087352071	124.844373897702	115.079728666789	26.618	32.9491	57.5074999999999	22.43	1.01098	25.215267	0.087079939	2.11	5.98	0.625	3.03	61.9330735	1.206542	0.00374507807	40.532	0.0079375736	0.8225	32.48	50.46179758881	0.821505062154049	0.239170847008213	62.2059448111936	2.16	25.784	8.75745943426198	122.517578289105	97.2289999999999	-1.41561438095238e-05
7143	44.5	136.45998620436	30.8114	-7.06137	12.925	4.2169	143.4217	1.144516482	0.28267861	-3.0377	-0.302615385	0.363357143	169.1264286	0.640636275	0.7472	0.628142857	1.132514116	1.086592609	3.7678	3.911916667	4.12625	4.416857143	166.2	167	264.430057542	694.285091741	41.376516	44.765978	0.146855203	0.299382636	2.50760314481149	6.49129120951713	8.26867261671716	-36.4991830961405	141.188888888894	112.71433296169	26.721	31.1084	56.6604	21.8878	0.87391	21.672963	0.09686543	2.23	6.14	0.595	3.16	46.14537968	1.008705	0.00357196058	42.47	0.0075961659	0.79	34.09	53.61776281481	0.656595653594771	0.444880102124183	96.15384615	3	41.837	10.40654867	121.2228152	90.1	-0.000336072
7147	52.66666667	134.399076385475	9	-6	7.92502	4.787916667	163.8425	0.837265689	0.276734482	12.88708333	-5.016428571	0.328333333	177.8801667	0.597839583	0.62225	0.367666667	1.095033087	1.193822116	4.120833333	3.969571429	4.007888889	4.455444444	166.6	169	279.506094693	722.652445155	40.739914	44.485154	0.166406094	0.29289954	2.49191502892814	6.26592185983992	8.13333288437441	-37.2099572949	133.3333333333	114.3427	28.845	31.5388	57.2727	22.0717	1.1523	22.258878	0.113050548	2.28	6	0.645	3.22	43.28587946	1.148981	0.00468923662	42.532	0.0077757996	0.7475	38.33	50.6740126723433	0.690439028594771	0.400929435457516	79.2022792	2	4.7	9.95964580874444	117.393638551293	75.4	-0.000120173590357143
7158	47.75	146.426571240034	7.25	1.25	-1.82498	4.72058049372	141.0447165319	1.20093632074	0.25459334379	-0.21823339362	-2.15873114335	0.32056880294	142.0795557168	0.60298710689	0.61910477757	0.56122187617	1.10774891488	1.09876960827	3.99245345329	3.93577407214	4.10848706577	4.35193199783	163.111476718067	167.347838294452	257.108827399	673.56842211	43.350002	44.797312	0.182134981	0.389464019	2.32351775223108	5.08348331195049	8.04621453087071	-37.018871545	196.6666666667	108.4561	28.799	29.7975	55.9073	21.8702	1.01242	22.5465	0.097621615	2.18	5.72	0.6125	3.16	50.45258706	1.012731	0.0039198008	41.239	0.0076152207	0.725	42.48	50.58886454772	0.781506685340803	0.474865638740344	66.6346688754399	2.385	40.129	7.16298579323769	123.273964523321	75.1	-0.00022332416
7160	66.5	108.53237966589	10.6345238	0.961358209999679	5.073274	4.78263880207	131.0009197533	1.29690981588	0.26931708007	-2.14668894681	-2.91178332103	0.32501758409	154.794457471	0.60870487903	0.62589348188	0.59808418661	1.10387409745	1.09544517177	4.08914677121	3.99894006893	4.06392276971	4.35329164554	162.722995124619	166.189520638419	262.776967345	661.448286772	43.934493	46.820909	0.14239383184	0.28385191099	2.32445632691457	5.57845221062124	8.02618750048096	-36.2275486783025	128.037698412697	112.99961827107	23.4	34.6	51.7	21.4	0.95328	22.89041	0.088803259	2.08	5.72	0.6625	3.06	62.70806102	1.065122	0.00391566895	39.237	0.0078335053	0.815	40.92	47.22712213146	0.871766927233413	0.28155133372014	61.168779394211	2.12	31.596	6.90579518913487	129.775270920356	94.106	-7.35023111754386e-05
7161	39.33333333	116.498679162236	11.6408269	-3.39891364000011	4.98665343	4.76171588479	134.5558801727	1.09429855632	0.26257783758	-1.6532963908	-3.33773856583	0.31974630168	150.9480099289	0.60940617766	0.6310299083	0.56731897715	1.10684151237	1.09897439959	4.07673103745	4.02995323042	4.09163772025	4.35407389972	163.059927944739	167.148111112639	247.703260603	685.181843988	43.384417	47.138752	0.161493434	0.277667615	2.46039206701769	5.81563922752917	8.24572720784533	-36.5607578815167	131.067460317464	113.399294229425	24.252	36.4451	59.6751	22.1932	0.608	21.027083	0.091678595	2.04	5.74	0.7	3.06	51.96513268	0.860586	0.0036459505	41.15	0.0077722444	0.8325	34.78	54.35864261097	0.805369134835753	0.404838547290128	65.4102929043175	2.13	24.4	7.19544392793021	126.818748383855	125.7	-0.000169277082154762
7162	42.75	108.177889546851	12.3217736	1.25011726999989	8.86222616000001	4.76752562871	134.550447359	1.2917284938	0.25986157284	-0.86239287416	-3.17281639285	0.31948260759	153.1928255149	0.598786999200001	0.63228008122	0.5736518415	1.1098038293	1.09788812265	4.06290920991	4.00279441142	4.06823962886	4.39749971758	166	169	252.870689815	662.446736684	42.525787	45.968431	0.172272556	0.30263408	2.37064182173158	5.49097421779702	7.98169636391562	-36.0917604771462	130.151851851851	113.308142579843	25.914	32.107	53.8591	21.519	1.03197	22.58873	0.094447051	2.15	5.88	0.6925	3.09	55.74242362	1.194416	0.00468563219	40.752	0.0078388008	0.8625	37.08	53.72686473997	0.785350728561304	0.30074599967108	60.510830444663	2.28611111111111	0	7.66323250479418	122.005268675866	108	-9.34106815e-05
7163	44	123.267002865277	10.25	0.5	-5.25981	4.54115	180.1599	0.749043337	0.25241404	-6.44	-6.426136364	0.340363636	143.0694706	0.670861594	0.63535	0.588181818	1.095232694	1.086765091	3.80095	4.054736842	4.29015	4.403545455	163	167.001071425286	256.212757027	683.167208887	43.532994	45.48403	0.191205643	0.32125787	2.83695825088136	5.47403282610478	7.89218507150913	-36.9223335990354	134.561296296303	111.693213005866	29.129	31.5264	60.7471	22.1249	0.869	22.11457	0.109028417	2.25	5.73	0.64	3.19	61.16217502	1.158383	0.00465417658	41.295	0.0078687375	0.615	43.92	62.69780095312	0.714441501547987	0.464856180555555	100	2	71.7	7.16980981786667	128.820314890436	147	-0.000187587323333333
7164	59.25	186.598086285936	-22.5	-0.5	38.8299	4.355666667	40.86933333	4.617187058	0.632927699	1.881888889	-1.701133333	0.226857143	129.9232667	0.608122807	0.566666667	0.627928571	1.077812776	1.083897356	3.277222222	3.741941176	3.871058824	4.762	146.8571429	163.5	259.099489263	672.042921924	41.890791	44.627789	0.143975391	0.315142389	3.06431151909571	6.18637142581467	7.67044318076347	-35.9305741428464	137.842962962964	109.909007383414	28.955	28.8655	52.7164	21.7973	1.66809	26.325117	0.104566856	2.39	5.78	0.5125	3.08	58.43647566	1.244282	0.005796363	44.952	0.0074453695	0.7975	55.25	37.81393724173	0.577727216216216	0.331114838124274	60.6776332907154	2.64	31.339	9.849919355	105.4995094	93.761	0.000311555
7165	43.5	137.040932733664	14.3837	-12.6337	15.2361	4.72615908875	141.2483754525	1.29020996131	0.26210837836	-0.45215341218	-2.41190878616	0.33147105099	144.4444321198	0.59940792288	0.62124131644	0.57239936573	1.11184370764	1.10559395572	4.03238021986	4.01089284544	4.14562133577	4.38373268167	163.8	162.3333333	261.386836747	681.874481999	42.774744	45.308328	0.24479652	0.236728353	2.73554818601459	5.54595420487439	7.9170398070894	-36.7276678836952	139.640740740748	111.720162321523	27.232	30.7029	55.1294	22.2039	0.78278	21.142838	0.104027481	2.18	5.92	0.535	3.1	55.11692824	0.99869	0.00431862188	50.909	0.007830841	0.675	39.01	67.8407505219433	0.711360514619883	0.411528110782192	92.45014245	2	39.8	7.677627119	109.1601491	105	-0.000584689
7169	78.25	106.374736853588	-0.5	1.5	-3.12297	4.623714286	166.0846667	0.9568209	0.226434699	8.656904762	-4.244	0.234526316	139.4675263	0.687409524	0.762952381	0.774736842	1.077106755	1.075252167	4.008619048	3.86645	4.007315789	4.318894737	152.6	172	274.991256025	690.910484686	41.726077	44.141428	0.18886047	0.323805468	2.86281945380373	6.24603947871556	7.75877578873466	-35.640840301619	120	118.7278	29.286	31.0564	54.6567	22.15	1.78653	26.227214	0.099767928	2.35	5.86	0.5275	3.14	47.31919888	1.390927	0.00465420475	48.752	0.0081644644	0.7175	36.61	57.30822572718	0.66640959342833	0.325341338124274	90.2962963	2	36.369	11.4471565761631	121.361325999214	100.961	-0.000161110545632184
7177	45.25	142.7069559422	10.8339902	-2.54977412	6.41634739000001	4.7678902141	140.202835958	1.21222047745	0.26675715134	-1.48114818494	-3.73870175261	0.3264734497	157.721841404	0.61663279615	0.62182479475	0.58150061376	1.10315657887	1.09595818841	4.10124380911	4.04741220145	4.10672840888	4.33873241766	163.435329175526	166.655085740727	242.238164713	665.375430504	44.160971	46.514091	0.14676546376	0.2833756705	2.99738130565923	6.32087133006173	8.40261251534941	-36.8103873885634	146.6666666667	107.9907	19.1	46.8	64.5	21.2	0.63071	21.300303	0.087454636	2.08	5.86	0.7075	3.07	52.69050348	0.895421	0.00349258699	38.689	0.0078292277	0.82	23.3	65.28890273146	0.786887252370828	0.424315213956795	96.07692308	2	87.1	3.84045977	153.8965866	83.864	-0.00031000159
7181	97	118.923602189851	76.8181	-0.823373	6.50774	4.601923077	83.91592308	3.645368982	0.228144477	4.569384615	-0.3993125	0.3655	122.6825	0.518232456	0.690461538	0.5961875	1.126877874	1.098882226	3.945153846	4.5386875	4.521	4.4175	166.5	166.3333333	271.19196843	667.246297943	40.944339	44.126008	0.156564231	0.276078319	2.52381392381839	6.26029030340999	7.33581815078707	-35.7207286109574	139.676960784315	108.221128015244	29.53	29.5373	54.5633	22.0956	2.18349	26.714558	0.111605779	2.26	5.86	0.5975	3.07	56.90266476	1.187196	0.00639938539	45.782	0.0080519967	0.74	58.51	18.14281463046	0.590349554640072	0.224232457734769	38.66995074	2	39.424	10.498822276386	120.184989237567	97.053	-8.60144776190476e-05
7183	65.4808946602733	93.8416693772894	10.6842359	-0.946494290000107	5.66556017	4.78690538494	131.8202057245	1.13172311578	0.26332994382	-1.13881086666	-3.00596733233	0.32907573646	151.232503588	0.60588518499	0.62342272169	0.5855439073	1.10613209862	1.09780627614	4.10156497967	3.99059345042	4.1027937859	4.37502370425	163.178832267826	166.606814485222	258.868160141	674.19567274	43.641258	46.728309	0.15051231452	0.28819486097	2.67882446586385	5.46144204683656	8.0153865314521	-36.4580067610238	129.380291005291	112.512170808985	26.335	31.797	57.1634	21.745	0.83677	22.431912	0.101192624	2.1	5.77	0.665	3.08	61.53772394	0.983065	0.00388483263	40.937	0.007846316	0.8375	32.99	56.90465353767	0.828604325311943	0.298790991617572	63.1735092380817	2.25	26.887	7.67754456828372	126.010520040805	135.6	-9.26266791754386e-05
7186	49.75	156.746310554895	5.75	-8.25	4.07397	4.7771480132	146.7544395669	1.3772773629	0.25776798526	-0.0276354928700001	-4.10922998079	0.32229832267	144.968115154	0.60882376285	0.62178065574	0.56452838911	1.10889348207	1.10395859077	4.00264226904	3.97668077449	4.13689193734	4.39101819996	158.8333333	164	253.106705119	672.463722838	42.619682	44.588996	0.216274496	0.296589445	3.33580199187068	5.66953609291828	8.03533346262251	-36.602921078832	130.7162962963	112.043679784641	24.6	29.7	49.5	21.5	0.94571	22.198752	0.101478346	2.17	5.77	0.5775	3.14	43.93815296	0.994262	0.00413426943	45.407	0.0073872437	0.7725	37.08	45.1146830209	0.707109899626517	0.380175746965453	94.77419355	2	97.2	6.1546	115.3945346	95.052	-0.000447731
7192	42	135.331779162236	18.0504	-11.3004	6.82883878000001	4.739333333	133.5624762	1.271583351	0.304931217	-3.039714286	-9.186190476	0.339227273	199.8324211	0.659627778	0.536571429	0.593090909	1.100229489	1.101205846	4.142380952	4.358090909	4.381157895	4.598045455	164.17552725635	166.929626983952	250.679349057	696.726693383	43.386789	46.173884	0.15083273294	0.28816687755	2.36380850383889	6.4997327893267	8.01338968621796	-36.5137207325105	133.515555555557	112.821036828762	26.373	35.9664	60.3645	22.3098	0.53648	21.410147	0.096785307	2.11	5.79	0.615	3.07	53.5526158	0.869079	0.00380616566	38.859	0.0080301264	0.75	26.66	71.20377470333	0.751466634835753	0.556744102124182	92.21428571	2	0	12.07882353	143.3840578	49.7	-0.000169423725
7199	37	176.970977039066	17	-7	-1.91768	4.595181818	176.7393182	0.706615647	0.251991296	-6.468772727	-13.56427778	0.435611111	145.2438235	0.743439855	0.506454545	0.610611111	1.154702575	1.169385243	4.156590909	4.45675	4.346444444	4.232611111	161.941170480662	166.196569442237	244.257345468	663.089636897	42.794856	44.701552	0.181104493	0.273075237	2.76968971081076	5.17716003882378	7.90032780185313	-36.9561459443915	133.548333333343	111.660186605532	27.338	30.1836	56.1476	22.3678	0.9209	21.451574	0.108918576	2.24	5.81	0.5325	3.07	52.07796728	1.000948	0.00442929333	49.518	0.0074468715	0.4825	48.16	52.77764086222	0.739641431372549	0.415397277448858	66.2792046979715	2.346	91.8	2.624157303	139.6148646	79.6	-0.000212555001842105
7202	40.75	134.062189162236	10.8155017	-1.54553391000011	5.14889001	4.78561428905	132.9290788567	1.17063000469	0.26434359182	-1.95503132129	-3.34973765502	0.32305603739	155.530657212	0.60997530147	0.63970280399	0.58327831752	1.10170013802	1.09696712523	4.09569184197	3.98219843283	4.10736239592	4.35641626489	162.872653159995	166.411188422241	251.988959656	668.371632901	44.36571	47.130483	0.1444259388	0.28030855216	2.67831770055734	5.53749474801607	8.04160372937832	-36.4841844932679	126.076878306879	113.022330727203	26.182	35.228	58.9823	21.8435	0.67612	21.114595	0.09013511	2.06	5.69	0.6925	3.01	61.12400628	0.942993	0.00369992444	39.607	0.0076518208	0.81	41.03	52.52141267637	0.772394557103543	0.326189911435786	62.3418674498418	2.173	36.068	4.015955056	121.8732363	93.285	-6.33631502380952e-05
7203	44.5	153.44712599511	9.7279984	-3.08134412000021	5.10044837	4.7456562056	140.8933303424	1.11016614187	0.26578718332	-2.16665302428	-4.11761502742	0.31865098558	151.626888016	0.61738541389	0.62906540464	0.57683650742	1.10262161121	1.09681125456	4.04449404767	4.03820918524	4.09730819592	4.34147214929	158	168.6666667	233.897360874	670.452195677	43.904616	46.523272	0.14553906692	0.28802462766	2.73621587661935	5.74694585505066	8.14208619944628	-36.3504215065352	124.385978835976	112.921780057919	24.526	35.3036	57.2369999999999	21.6715	0.62537	21.277277	0.086349766	2.09	5.6	0.665	3.03	55.85368222	0.816683	0.00342611991	41.606	0.0079493057	0.7975	30.62	61.53573456732	0.699834639439508	0.411006610782192	98.14814815	2	58.305	3.741785714	127.6579763	90.519	-0.000412208
7207	49.75	103.912764444444	11.3555232	-1.77392259000021	5.14353544	4.76522386186	133.1641992878	1.22683391988	0.26842961375	-1.79304975328	-3.63764239893	0.32004449749	155.827605693	0.6087464647	0.63002611514	0.59302608763	1.10298364962	1.09691376679	4.10611209225	3.99163301504	4.08721879298	4.35682300507	163	167	264.153431276	677.072832072	44.316371	46.901321	0.14616007853	0.28516730297	2.3978501586718	5.85895918486549	8.10597483058132	-35.87584057124	128.801118326117	112.827836525698	26.287	33.0454	57.0336	21.8975	0.88669	22.405789	0.092357428	2.08	5.83	0.6825	3.05	56.0295544	1.04363	0.00399897324	39.847	0.0077646055	0.795	37.26	47.15720084185	0.774129375	0.201859930359366	57.33333333	2	35.532	7.24079646	127.4875154	97.934	-0.000722445
7208	46	117.108960003046	10.5217733	-2.20146213	5.89029083	4.76612536288	136.4794308394	1.14628035115	0.26687397372	-2.20088797828	-3.8451610644	0.32084913522	155.985648783	0.61084960389	0.61466071321	0.59201862281	1.1027196611	1.09758909565	4.13090958557	4.0491774203	4.09547190506	4.34781580922	165.5714286	167.6666667	260.783000298	657.832048366	44.51688	47.289853	0.14824532028	0.28856426165	2.90617168812392	6.38235042612327	8.40107637951513	-36.2384029319925	128.758333333333	113.947698847884	25.852	36.229	60.2263	22.4794	0.73186	22.094156	0.087179209	2.06	5.86	0.69	3.05	56.50961872	0.996107	0.0036071309	40.73	0.0078641111	0.7975	27.6	64.67076778116	0.74114799197861	0.275103951118326	71.66666667	2	35.675	8.019050977719	123.849549150822	83.806	-9.06136496666667e-05
7209	45.25	163.557021436705	11.5481176	-1.87822463000011	6.33578131000001	4.75091045919	140.033268494	1.14233451102	0.26976408651	-1.86590705044	-3.56066414307	0.32269606922	153.7995398359	0.61574304784	0.61276837309	0.58552038145	1.10629872938	1.09539685994	4.06588000237	4.06581259524	4.10260083696	4.34600470651	162	167	246.557759402	687.044968143	44.334996	45.889132	0.14506637411	0.28650494815	3.16369403984957	6.1788499779604	8.43141747267259	-36.2906099644107	126.388888888882	111.046687227809	25.262	35.4905	58.5383	21.6767	0.63993	21.743941	0.091177973	2.08	5.77	0.66	3.08	52.08867756	0.814382	0.00361703859	42.557	0.0078543999	0.7725	23.45	77.47517370545	0.680237562154048	0.42595799967108	100	3	58.28	3.924545455	106.1258172	75.676	-0.000627384
7213	40	167.388845466009	11.0845216	-1.23069668000011	5.56528241	4.79922949129	137.079941706	1.11500202523	0.2659786093	-2.48639054421	-3.42486284669	0.32402676507	148.5221726789	0.605634333530001	0.6223903851	0.58092236739	1.10271567011	1.09595950199	4.0659388072	3.95699214113	4.13187707509	4.36198967037	159.994602494498	165.001100404612	238.153416782	672.220571432	43.452485	46.67251	0.14441792752	0.28642849882	2.81518188209121	5.75136709943081	8.11825809924258	-36.3863523421492	127.885537918867	110.840579381327	24.281	33.9851	55.8697999999999	21.8129	0.85515	21.213012	0.089501692	2.06	5.8	0.7125	3.01	55.77621088	0.893616	0.00361240922	37.066	0.0077345584	0.855	43.51	48.67480980477	0.70784123216106	0.217614372974248	30.63186813	3	52.248	5.588211382	97.18764884	89.367	-6.1845185e-05
7217	38	201.725037462346	9.6926632	-1.85961884	6.08016956000001	4.73899532131	143.6485931462	1.22179504519	0.26111860209	-1.60803895728	-3.71385935089	0.31890557859	151.9613187829	0.60420531911	0.6224651343	0.56021140456	1.10328807508	1.09627791629	4.0169822766	4.04198481057	4.13982392667	4.35146297618	155.625	166.3333333	242.482392676	664.268786645	43.241057	45.282472	0.110447459	0.304333742	2.67946741759186	5.41600197476021	8.13051969950101	-36.6054249053496	128.978809523811	111.94278592492	24.75	34.7107	59.5211	22.1181	0.68773	21.485484	0.0970484289999999	2.06	5.57	0.6325	3.03	56.11622372	0.869444	0.00366592125	40.675	0.0078574708	0.7575	27.98	65.94884462882	0.708433810160428	0.425504261575842	94.44444444	2	94.2	2.136625	138.1168628	162.5	-2.02e-05
7218	51.25	135.402377144886	10.8219601	-3.00733123	6.57264274000001	4.77190949995	139.676692068	1.12112031265	0.26725909793	-1.76895466287	-3.79401806913	0.32260371024	155.136577018	0.61287115024	0.62095576547	0.57399016412	1.10286531014	1.09571189307	4.06463242643	4.02380206399	4.10779913806	4.32901161377	164.5	166.5	243.260338218	681.077022972	44.236846	46.50786	0.14424056642	0.28356078127	2.57835149998145	5.76897142209773	8.38471165706244	-36.2726548936136	133.063492063496	110.459144861911	24.796	35.7722	57.7227	21.8935	0.66135	21.500817	0.089023973	2.07	5.81	0.715	3.02	57.69200482	0.915834	0.00331204115	39.295	0.0077203072	0.8175	24.87	58.33720789251	0.692875992450193	0.299827092092528	94.64285714	3	52.335	4.215222222	139.5448854	87.111	-9.53e-05
7223	54.75	97.4819638578089	10.8837	-10.1337	6.05323357000001	4.77297820162	132.5637810909	1.17070485914	0.27037320389	-1.84601871259	-3.06376680071	0.3229318037	153.706222213	0.60363419554	0.62650725226	0.58228292458	1.10270985915	1.09645990941	4.14165652375	4.01576812032	4.10593597888	4.36106880634	163.509709242382	167.048437713038	287.42287116	677.545680111	44.399666	47.541815	0.14990204986	0.28547827642	2.79464335814526	6.14748966752107	8.06590443963252	-36.4580809372718	127.037248677251	113.46953850245	26.065	35.5464	59.1668999999999	22.2796	0.83376	23.393441	0.087368095	2.08	5.88	0.7225	3.04	59.76187748	1.04063	0.00361348025	38.796	0.0078277618	0.8325	34.95	54.38309069163	0.794877398724642	0.332891713956795	63.5346597482229	2.08	30.93	7.90924996415689	125.03189586264	105.9	-5.9317244e-05
7231	45.33333333	113.009742990074	31.5	-24	0.425016	4.348	188.2828235	0.707473997	0.251367243	0.119588235	-1.588	0.285142857	152.5678	0.599749242	0.758647059	0.505357143	1.095279765	1.106102663	3.879411765	3.892928571	3.918416667	4.198285714	163.177867573119	166.422326385633	247.010341379	654.056616365	41.962783	45.57618	0.205826542	0.302154775	2.83789094502104	5.77591543929288	8.23470707069279	-36.7582023936696	144.905291005302	113.787615945795	26.673	32.6624	58.4472	22.3303	0.95739	21.497463	0.098349539	2.18	5.65	0.6	3.03	47.71994778	0.995775	0.00392890134	46.824	0.0076473147	0.6625	34.36	53.62372336024	0.709655653594771	0.44332014379085	71.0993016333031	2.492	45.697	4.537980769	126.8148691	75.5	-0.000138953746666667
7236	47.5	122.479637880184	11.0063423	-2.03315752000021	5.34974188000001	4.78153306643	133.6773414485	1.15527009893	0.26478098939	-1.47606640867	-3.27063348635	0.32196335385	155.394184063	0.60894412792	0.63691700095	0.5848682464	1.1020858707	1.09472198001	4.11216732837	3.99191010438	4.11083413161	4.35179358297	163.533490574176	166.613819658283	253.721853478	673.559973433	44.293141	47.027186	0.14598518651	0.28181925003	2.65134553681975	5.74144797999032	8.11302545017997	-36.5152574473011	125.829417989417	113.623402757914	25.738	34.0649	58.2990999999999	22.12	0.63164	21.452911	0.093107505	2.06	5.83	0.695	3.03	61.14594868	0.97959	0.0038729571	39.222	0.0077337815	0.81	39.72	50.85035562208	0.814460187976888	0.279063911435786	62.6376979590818	2.204	30.959	4.160175439	113.0331117	93.9099999999999	-9.66422335833334e-05
7244	46	143.707990074934	6	-4	18.7962	4.74514261072	146.4538960466	1.07884355425	0.25999168412	-1.43719987596	-2.28291565699	0.32109205907	146.837219403	0.60408874701	0.62436419645	0.56956474211	1.1097210812	1.10054763948	4.02977880671	3.99893367028	4.13752191263	4.34911584074	166.2	167	253.175321224	690.727038525	41.858484	45.107112	0.188185193	0.244499039	2.57654128401299	5.44562699029692	8.35420942809033	-36.6408810227028	146.6666666667	114.9219	28.282	31.8103	56.2581	21.7999	0.82154	21.423506	0.097082176	2.16	5.75	0.5675	3.14	51.47213488	1.033775	0.00434154937	43.57	0.0077096217	0.7475	38.78	63.38390427173	0.748289087938205	0.502887247686953	94.73684211	2	46.619	8.26527890951846	122.484329666254	82.4	-0.00019010603
7248	66.66666667	90.6882352143935	10.4353456	0.366733889999786	6.09553517	4.77581878865	129.9292076311	1.16201973755	0.27109841561	-1.58508581249	-2.95687132717	0.32153937815	156.37108663	0.60850873251	0.62911702997	0.59694740728	1.10098365112	1.09591562382	4.12832763175	4.02486739745	4.08497654912	4.34882865717	163.47960560308	167.285004170733	290.354299783	675.616080298	43.47376	46.974534	0.14819075015	0.28575042874	2.4037402954696	5.95625196943284	7.93804571575793	-36.0699755462541	123.559365079363	114.567121954497	26.498	32.7829	57.5604999999999	22.0653	0.966190000000001	23.667831	0.088591717	2.13	5.92	0.67	3.05	64.43531368	1.117877	0.00381974101	40.011	0.0079020654	0.8125	32.91	50.63590819776	0.83797359390008	0.252682102728684	62.5929068769498	2.09	29.751	8.19994413282344	123.727364199717	78.9	-7.49162845714286e-05
7250	37.75	144.566713673835	9.768005	-1.74667119000021	3.06366409	4.77584507084	133.2833542593	1.19640816965	0.26998975252	-1.94135347795	-2.98413378747	0.32134219065	150.835015787	0.60857609221	0.61339569291	0.55974053645	1.10597857159	1.09594371738	4.05482130019	3.97662589261	4.11246655897	4.37031659859	159.5	165	249.029744315	650.615601038	43.764469	46.00297	0.14523420128	0.28345845499	2.86253594563832	5.21877263152614	8.20785550970561	-36.4450523716432	129.528571428572	114.064365644213	26.459	33.2877	58.7546999999999	22.2405	0.76019	21.531785	0.090577618	2.1	5.74	0.7225	3.02	61.13303392	0.873183	0.00343404852	40.801	0.0077274907	0.89	45.63	51.11933863427	0.753050556192174	0.349510692331478	59.4798275609853	2.115	94.8	6.251272739617	131.078441155276	61	-3.67146238095238e-05
7255	47.33333333	157.527933217332	19.49	-6.17386479	6.73096	4.73279641138	144.9691820904	1.42002738229	0.2659882198	-1.65671661708	-2.89441368426	0.33245131818	150.2644694	0.61695094171	0.62713696877	0.5746491799	1.11732470104	1.10315350498	4.01693432381	4.02154551253	4.11861980842	4.4021343397	166.3333333	168.25	260.280327347	696.92827756	43.505412	44.379851	0.237660946	0.291573974	3.46382734973549	6.04646798285208	8.29155648131004	-36.5901822874905	123.3333333333	120.9051	29.511	29.6492	55.9351	21.4829	0.93511	22.296551	0.103430279	2.18	5.73	0.6125	3.1	43.02160188	0.936975	0.00400379114	45.252	0.0078433075	0.77	38.41	57.34340105989	0.645336047002533	0.426829513888889	88.2034632	4	67.8	6.477053571	129.018051	48.3	-0.000832444
7258	43.5	118.491584418646	16.75	-14.25	27.9726	4.68224290481	141.5872066471	1.14194726573	0.26099334298	-0.0995340958799999	-3.33172354631	0.32985762166	145.898358549	0.6068755276	0.63787913822	0.57907131896	1.1072599001	1.09665610198	3.9793427353	3.92440861354	4.08895756735	4.36309602925	163.595392995703	167.355222221667	242.919780153	671.750965089	41.952711	44.540429	0.190239031	0.286438757	2.22170738328849	5.11863376325389	7.97112835254729	-36.9243067263678	141.461904761909	113.299650666825	27.194	31.8846	57.5228	22.1328	0.98428	21.67801	0.092258186	2.15	5.71	0.625	3.04	46.62093968	1.055421	0.00379939102	42.924	0.0075691938	0.6575	36.84	60.71559268001	0.725172796451914	0.455838888888889	94.2962963	2	10	6.388297872	123.477644	49.7	-0.00015659739
7268	43.66666667	171.644806180295	9.19958	-0.126268	6.70481649000001	4.73397995475	145.383336351	1.06803107099	0.26137684194	-1.83753455106	-4.18252671598	0.32114491892	150.386624235	0.61786454818	0.61035549795	0.56740712702	1.11006542951	1.09720173691	4.02885264511	4.07041170858	4.11603294621	4.34648232216	158.75	167	234.664679356	677.31175978	42.819094	46.133196	0.15279128048	0.28290008503	2.87458674961016	5.66513639630243	8.42025026976798	-37.0908368073	113.3333333333	119.3422	25.264	35.7343	59.8301999999999	21.75	0.6689	21.445797	0.090969587	2.07	5.71	0.7075	3.05	50.63039612	0.801413	0.00359178193	39.902	0.0076273209	0.7575	31.08	55.90209274311	0.706480290279408	0.419880166337747	94.23076923	3	30.5	4.253368421	127.6315882	58.1	0.000221221
7273	43.66666667	157.393074275533	12.0733618	-2.60907961000011	5.47079369000001	4.7642430919	137.9155895748	1.37155416879	0.26047723312	-1.48872523842	-3.96446587205	0.32181530168	145.6250722419	0.61001632437	0.62484038405	0.58363606178	1.10794651995	1.09762978291	4.02326445576	3.99704887158	4.1210617601	4.37771208186	161.5714286	165.25	243.385844711	654.13222248	42.766702	44.830738	0.178506497	0.288027359	2.30529367275356	4.98437577176133	8.1234619644825	-36.4631937127802	134.731010101013	110.852670283661	26.056	30.9887	53.9774	21.4688	1.29355	21.832359	0.110635113	2.21	5.68	0.6775	3.09	58.01525018	0.924931	0.00443410637	43.838	0.007973594	0.7975	40.91	51.41104562624	0.737082014368501	0.292535499671081	82.32600733	2	79.1	4.190652174	166.4796872	138.9	0.000390539
7276	49.25	131.475569429537	17	-16	5.80203571000001	4.76760526503	134.4877743949	1.19573093718	0.26571724458	-2.25123351929	-2.88625233449	0.32227818447	154.2877886749	0.60300010341	0.63206829507	0.57074523973	1.10432435568	1.09887559768	4.05653828564	3.98883833669	4.09238926384	4.35735596254	165	165.340147351191	240.71006499	674.36142602	44.22799	46.54183	0.14366905098	0.28392330332	2.44862213072187	5.62166897399453	8.02174012141169	-36.4894556292	136.6666666667	113.354	25.948	33.066	57.1514	21.6582	0.81599	21.903646	0.091435848	2.07	5.93	0.71	3	52.30245732	0.931788	0.00346186266	38.121	0.0075607524	0.76	43.31	33.54065281532	0.666032801712933	0.203108839345275	26.28205128	2	40.354	8.85428691985142	123.138792623145	117.8	-4.37782936666666e-05
7280	46.5	133.736552804889	9	-6.25	7.83392	4.76289155374	144.3248637172	1.28243100451	0.25861824205	0.49587608755	-1.62250667915	0.31817842718	144.9654994829	0.59793181311	0.61894013377	0.57547373158	1.11475769348	1.10611176912	4.03364551312	3.95322174252	4.11528689935	4.3710931714	168	167.001645834604	265.40783647	668.747699285	43.290055	44.711245	0.203714149	0.272119607	2.78916943885565	5.5747730645977	8.05807096464253	-36.452856447665	139.675000000005	113.252911233	28.492	30.7931	55.5372	21.7071	0.98264	22.067956	0.113928783	2.19	5.69	0.66	3.08	51.53878834	1.002601	0.00446344519	46.37	0.0080484623	0.625	50.23	55.76182290878	0.675477888888889	0.401922180555555	64.6725111436561	2.46	8.8	8.97862240407249	120.989540411091	19.6	-0.00018616399
7282	37.5	160.639589543497	14.25	-10.5	8	4.72632466667	146.2199080022	1.41720060195	0.26261523409	-1.23704414402	-2.81105229107	0.33224520117	145.465188978	0.60602556365	0.62108738118	0.56898333512	1.11714905555	1.10899435558	4.0096396356	3.9433778344	4.14556459757	4.39592422234	163.5	167.75	253.86952864	667.872086367	42.799399	45.131357	0.134621933	0.269433433	3.22830169657714	5.10097678143255	7.93296884876803	-36.7524719340599	136.514444444449	112.769682445427	27.936	30.0589	56.5972	22.301	1.0335	23.009135	0.10895189	2.26	6	0.675	3.14	43.51518688	1.026018	0.00466560942	50.201	0.0075229386	0.6225	46.86	55.6462496332434	0.698492232142857	0.392211069444444	70.8293404293607	2.782	47.068	4.796105263	136.2483864	111.509	0.000148247
7287	48.25	137.302810557584	14.5	-11	7.36013909	4.76182992906	143.7240069472	1.05660847283	0.26600543445	-1.84473941597	-3.99616576538	0.31783058428	150.5650899489	0.6085939557	0.61773674854	0.57021333163	1.10659358479	1.09786511678	4.06349778782	4.03195745689	4.11524073686	4.36684212149	165.2	166.939626987452	238.881539177	675.949297767	42.930806	45.989996	0.14978190907	0.28599852249	3.52696803043162	6.0193234389564	8.29226143182522	-36.4350434567811	131.197407407413	110.885407064121	24.508	35.9187	59.6228	21.587	0.63873	21.09706	0.088678671	2.07	5.86	0.7225	3.09	47.46230486	0.831985	0.00331081534	38.456	0.0079910367	0.805	25.72	66.12172669546	0.697996501547988	0.406775333004414	100	2	72	11.42398305	112.5635544	81.9	0.000306346
7288	70.25	141.571455489418	10.3472184	2.46562206999989	8.41405656	4.79304967203	133.4382720731	1.58052121823	0.29456245604	1.37376208564	-2.0959944826	0.3407793715	147.7576212119	0.59273751774	0.62390796728	0.58313364205	1.11547730139	1.09902653136	4.05482441466	4.01239031867	4.10546213904	4.41464963613	165.25	167	280.779866902	702.043820041	41.615601	44.539984	0.121463755	0.287055713	4.5761125593408	3.8253892735891	7	-36.1115888832469	132.302777777782	110.466433926516	30.5	26	49.2	20.7	1.47721	25.73162	0.115559044	2.37	5.62	0.7975	3.34	51.57075686	1.199235	0.00495111248	41.701	0.0078721081	0.9275	47.86	45.8273994084	0.630962453017571	0.264292424704361	54.76923077	2	21.3	8.90779661	112.0813891	55.5	-9.49812261904762e-05
7296	62.5	148.614375	2.75	-8.75	5.1491	4.77803152342	138.416552769	1.65128687015	0.28856696669	-0.9161800375	-4.01072188397	0.33148564571	151.7744544807	0.61524378489	0.62152792933	0.5950261518	1.11699502714	1.1100838504	4.10354126924	4.05976908311	4.13129280768	4.43374155211	159.8333333	167	265.184628335	674.455274443	42.183137	44.34701	0.066074229	0.226894165	2.70433771141888	6.23119396662879	8.04548445946445	-36.2040839518125	138.938888888891	111.10088838248	31.33	34.1711	59.2859	22.0836	0.109	22.1248	0.098130194	2	5	0.75	3	46.0873681	0.246	0.00385926851	40.548	0.0074111605	0.5	35.01	62.08673394496	0.628249375	0.418332498015873	96.06481481	2	48.064	8.221568627	140.2547257	55.8	-0.00029822
7298	53.25	131.966488019943	9.5	-7.75	6.00609604	4.78540004493	138.6978648435	1.24953682683	0.26867451912	-1.7797091528	-3.72386047616	0.3241862951	156.064107643	0.61412331459	0.61628041457	0.57972115484	1.1046155447	1.09916433193	4.07545262696	4.03522715772	4.08631410286	4.35584338941	162.98420984447	167.6666667	259.876806923	652.567711311	43.97633	45.472728	0.15070820469	0.28615393921	3.22883905905151	5.58481624358261	8.3155813741292	-36.3188287102639	135.767460317458	111.602952047619	33.3	30.6	73.7	25.9	0.82149	22.21584	0.097135533	2.12	5.87	0.6925	3.06	55.27823846	0.847794	0.00395837032	42.497	0.0080395031	0.8825	39.87	39.82798010143	0.649208110325374	0.352266111111111	56	2	46.289	9.277438017	104.1108535	82.78	-5.05e-05
7305	51.5	146.728560401829	20.9606	-20.6894	5.74276549000001	4.78111191293	132.380697151	1.25281642613	0.26822569424	-2.55250045569	-3.27500492583	0.3215400894	152.899707197	0.607014097020001	0.61390391874	0.57401632341	1.10578447821	1.09798540636	4.06554417899	4.00663617152	4.10157903564	4.35858562069	165.4	166.120433144017	273.724944387	681.266449825	44.19482	45.502027	0.1499068358	0.28150581801	2.33059296841578	5.53618287319174	7.98517043713641	-36.2745078791389	200	104.6501	25.394	32.2563	55.8442	21.5355	1.03807	22.561437	0.089749868	2.1	6.18	0.71	3.03	55.72070808	0.995114	0.00400343244	37.777	0.0077552852	0.8025	46.27	22.80265969619	0.606341221868356	0.2685085390206	35.07692308	4	10.3	8.73461157021191	118.10895862699	151.9	3.61851597878788e-05
7306	49.75	128.468206451613	14	-11.25	7.83757	4.75966228412	140.8388248364	1.37289409781	0.27030952605	0.10838669685	-2.68228377816	0.32301655684	142.0280091049	0.61255412656	0.63281776265	0.59284498427	1.11388343104	1.10517657763	4.03113467155	4.03220716739	4.12691967328	4.39158478992	162.542810114416	166.782465276639	262.859940092	706.73694347	42.635899	45.21092	0.17493808	0.309596438	2.29855722165432	6.37757954232402	7.96297012281412	-36.5776488340488	134.745238095243	111.19238233766	28.605	28.0092	56.2723	21.7539	1.14443	23.690472	0.096056538	2.22	5.82	0.765	3.09	50.7816454	1.187465	0.00396813384	44.455	0.0076870394	0.7525	39.43	52.08465248704	0.723101310160428	0.427610746965453	64.5119344279659	2.21	5.3	7.63966706404811	129.210015310367	96.1	-0.00019599674
7307	72.33333333	134.615096647691	10.25	-3.25	-1.07498	4.75757924133	136.2644432522	1.15291858144	0.26445424183	-0.60390321277	-3.15541649774	0.32736919588	140.4759636749	0.6003114476	0.63185177974	0.57522658354	1.11161704608	1.10259989259	4.03599729406	4.01554611032	4.12429240312	4.35477897583	164.2857143	167	241.941704302	638.841731043	42.700534	44.109998	0.228490578	0.303439257	2.54690485288178	5.31268996778215	7.58780408378693	-36.4642140662442	139.181349206357	110.89414847914	27.754	33.5596	57.6804	22.2379	1.05057	22.191121	0.096619548	2.22	5.82	0.6275	3.07	61.74809086	1.119863	0.00399245728	43.658	0.0073678125	0.67	41.81	44.4659970178133	0.691666844070962	0.37241326899093	66.2124493376366	2.47611111111111	9.8	8.79130519801625	124.936197403783	138.5	-0.000142275082857143
7314	42.25	141.289167310384	10.5675335	-1.32357554000021	5.09435795	4.77671818606	133.6569825225	1.1700131518	0.26714532038	-1.71767907336	-2.90105820327	0.32119143912	153.94828441	0.60657965076	0.63737352655	0.58671329147	1.10249241883	1.09616944703	4.11070391268	3.99728253524	4.1031146241	4.36208224334	162.770247717753	166.464969531784	244.694473129	668.230962215	44.917289	47.67684	0.14513036775	0.28018358432	2.68858320993047	5.56441218002502	8.10417420866622	-36.4547946062551	125.259682539684	113.520420767739	25.64	34.1004	58.6473999999999	21.8757	0.73982	21.210269	0.08929353	2.07	5.64	0.705	3.01	62.49422922	0.964988	0.00391313101	38.823	0.0077665899	0.81	38.84	51.34035557436	0.77132191261353	0.323567911435786	61.4369477295798	2.171	36.392	3.362962963	131.4408082	93.057	-0.000118249456580201
7316	89.25	124.055919890009	46.5	7.5	-7.57498	4.718235294	113.3602353	1.478120294	0.287145185	0.808941176	-3.781857143	0.31205	174.2031667	0.658793939	0.540647059	0.47215	1.099888318	1.091365748	4.288058824	4.1181	4.0223	4.15295	164.8333333	166.097917511783	282.459358447	669.6537206	42.813963	45.366142	0.25353729	0.316214355	2.24542815902771	6.44804736497071	7.89833426894254	-35.690979814836	142.671851851852	109.817436045999	30.47	31.32	57.431	22.1882	1.80025	26.300077	0.097992808	2.11	6.01	0.5225	3.09	57.51414672	1.194611	0.00528201905	41.015	0.008068117	0.8425	40.79	20.59643702761	0.602233969235033	0.181204835842772	51.23076923	2	34.276	8.688135593	135.4256433	87.533	5.04e-05
7319	52.75	123.029287495569	9.9870808	-0.795441910000214	5.45382012000001	4.8004017058	131.3416298355	1.16858407149	0.26574490029	-1.85060010117	-3.05495843707	0.32073583217	153.146769625	0.60586697755	0.63448198744	0.58961986971	1.10246773216	1.09703855994	4.10048528004	4.00268045654	4.1005168175	4.34862750794	163.29806656744	166.727057752871	246.014702503	677.910427502	44.119649	47.609799	0.14503898329	0.28296977777	2.59323033856156	5.75493875958691	7.99238144736034	-36.5008295225057	126.437433862432	114.711119268535	25.533	34.3225	58.6839999999999	21.9798	0.67606	21.192355	0.091510295	2.06	5.67	0.735	3.03	60.44407392	0.934363	0.00380058603	39.601	0.0076757445	0.83	39.93	55.09896527329	0.791010113311057	0.28091624476912	63.1692479956528	2.21011111111111	33.727	6.443894737	133.9832515	93.615	-0.000113815345488095
7320	74.5	149.817978995365	18.25	0.5	20.4069	4.74363557534	130.8245563242	1.43352527537	0.26937237488	0.59270211539	-2.65715738248	0.3243049255	141.1317357978	0.61017024192	0.63858279136	0.5839087334	1.11071648006	1.10162939982	4.05689164368	4.03499916064	4.13383774689	4.39475774916	162.06704259997	166.123166665	256.195222701	648.751631927	42.680687	44.195658	0.207752912	0.284311558	2.75282919139877	5.89762959759942	7.82304549706958	-36.1734467781804	142.713888888896	109.989290988932	29.046	31.4021	55.8107	22.6685	1.51564	24.391248	0.099621976	2.34	5.78	0.505	3.08	67.04312726	1.138876	0.00396796824	49.42	0.0075919178	0.6775	43.02	71.0949760516134	0.636670560606061	0.398487406417112	96	2	0	4.483571429	181.2035716	91.4	-0.000198746400588235
7322	51.75	89.5476086197136	11.0657578	-2.31601182000011	7.56014415000001	4.78085630524	138.1468867333	1.32058648121	0.26330426509	-1.02097050206	-2.78992151619	0.32456736202	153.515576601	0.59892309317	0.62742657909	0.5822064157	1.10640994022	1.09988114477	4.07804347212	4.00945338936	4.1055831541	4.37633810252	163.215064362949	167.153252527371	268.97107766	706.159723572	43.122803	45.693019	0.11793772	0.318638105	2.8690706168648	5.72667612570135	8.43630571468372	-36.4078901642817	129.21455026455	111.611829105675	25.729	32.2482	56.1299	21.6042	0.88659	22.310719	0.095295139	2.12	5.85	0.715	3.14	54.78050196	1.220447	0.00400288614	40.824	0.0077805484	0.8425	34.53	57.69795017337	0.782495228561304	0.346388478026059	65.5748389219806	2.24611111111111	75.6	9.224134615	130.2392715	111.3	-0.000199334068583333
7323	64.25	175.717645866905	8.89231	7.44959	7.59820441	4.777418338	133.3687970733	1.4939340213	0.2801671413	-1.73606028366	-3.6366510449	0.33488960549	148.9096378698	0.60249957119	0.60930901885	0.5894056408	1.11373619012	1.10525454327	4.08182002846	4.06162314285	4.14369661673	4.40318934752	163.4285714	166.3333333	172.5347884	702.5650071	39.8863	41.7489	0.14656804042	0.29135888061	3.84233276077199	5.50650733070647	8.43655615288491	-35.9889059363339	132.423680361035	109.817033624521	23	32.7	54.4	20.9	1.47048	21.6831	0.09894718	2	5	1.5	3	53.03259778	1.059888	0.00456825425	37.463	0.0080708069	1.5	49.06	35.04352938309	0.57924715658386	0.178252691501002	34.77564103	2	44.827	4.231058824	168.6607764	73.7	-0.000777095
7327	53.5	144.796819596409	5.25	9.75	6.56664421000001	4.78007626851	131.2658931531	1.20673193507	0.27070248765	-1.57108219374	-3.10128062875	0.32358302389	156.644965473	0.61070875086	0.62905299911	0.58089964126	1.10028936347	1.09668891566	4.08719675581	4.00066886906	4.07588661401	4.36540821388	163.741167258571	166.749678045247	260.836994939	661.477271374	43.64289	45.771675	0.14454359748	0.28358933143	2.52521269396083	5.51914840175039	7.90079331866669	-35.3498188617	166.6666666667	101.1447	25.949	32.8748	56.9451	22.2574	1.02444	23.432133	0.088319948	2.07	5.91	0.66	3.02	65.4461112	1.117669	0.00356665761	41.491	0.0076861646	0.785	37.56	50.3686007895	0.727348469371663	0.32727757509945	63.0866254090333	2.16111111111111	28.111	7.65117912935284	125.039152765322	88.753	-2.21613968421053e-05
7328	51.33333333	202.352695161776	5.15987	6.59013	6.70853807000001	4.78180444241	131.2857808241	1.17685940078	0.27210440325	-1.37985970072	-3.16291038496	0.32841685332	145.818973284	0.608004041300001	0.62961019663	0.57030970912	1.10168999122	1.09920271853	4.06789540321	4.0201718513	4.10956192178	4.35285189173	161.625081643581	165.315441739093	248.00199825	653.657052183	43.194423	46.084339	0.15112823235	0.28159715257	2.45372585109898	5.14707228983383	7.87151976915149	-36.0909439402	150	101.1903	26.908	33.0438	55.6452999999999	22.1301	1.0961	23.33275	0.087014191	2.06	5.64	0.6875	3.01	65.29567546	0.934859	0.00356511539	40.717	0.0076405246	0.7925	55.39	49.98484752755	0.69742532471515	0.365857899774775	60.0568885021631	2.22411111111111	32.8	1.641830986	152.8696147	57.5	-1.799737e-05
7332	43.5	102.302411024981	10.5371019	-1.48991532000011	5.7008811	4.7788908785	131.4314400855	1.19823333437	0.26544063674	-1.95539473636	-3.03756906486	0.31882116125	156.158038153	0.61172174366	0.63002726516	0.58846750838	1.10122205437	1.09544695165	4.1087182013	3.99491275844	4.08944115576	4.34755795583	163.342969354669	167.398798614083	250.112516309	667.091968601	44.820572	47.143247	0.14770453836	0.28447390062	2.64214734839823	5.68317763507644	8.03902095328801	-36.4136301428542	120.418306878312	117.028617468133	25.393	34.3552	57.6663	21.9847	0.61604	21.314533	0.091583895	2.06	5.78	0.7125	3.02	60.66223304	0.991271	0.00378602594	39.911	0.0076484683	0.835	37.43	57.40389113475	0.77687753329402	0.330566833004414	62.2802721645872	2.07611111111111	32.093	7.73197119014566	124.823909120051	91.572	-8.39947515682957e-05
7333	39.75	180.296950284238	21.5	-9.25	-2.94531	4.73150050214	143.8743987228	1.43919605847	0.27238883035	-0.66035989105	-2.62155514613	0.31930243848	147.0341672207	0.59705971526	0.6387653712	0.56576293302	1.10861050305	1.09983046036	4.02836747275	4.06065824785	4.15243930729	4.3532089524	158.2	165.602444443417	240.424496687	666.121212258	43.604687	44.626207	0.222423068	0.29933544	2.47867701755559	5.70669317021309	7.96808106553128	-36.7836288188972	136.610740740743	112.679229501688	28.963	31.807	56.7984	21.8993	0.76616	21.921112	0.094411087	2.25	5.79	0.64	3.14	49.45676322	0.937487	0.0040002317	43.61	0.0078055821	0.7475	34.31	62.79776653712	0.687830514705882	0.473444824346405	84	2	49.7	3.444050633	122.2551922	123.2	0.000254318
7337	47.5	138.736517942968	13.75	-11	12.425	4.73465258395	143.6466628845	1.24279453586	0.26258691506	0.28540802656	-3.01398872288	0.31801686384	148.054751621	0.58904326776	0.61122890338	0.56807540695	1.11006452451	1.09880783051	4.01833132585	3.97034008916	4.08578449645	4.37284775551	164	166	245.412926761	690.539398078	42.764579	44.235034	0.178350797	0.285322888	2.82673834481355	6.09074174716935	7.68986465174215	-36.5740821175771	131.088333333341	111.578554512903	28.572	31.6642	57.0145	22.0245	0.85322	22.24054	0.097279286	2.18	5.86	0.5975	3.17	57.64331124	1.154523	0.00405327681	42.21	0.0075806088	0.7425	37.37	59.32631530452	0.652606139705883	0.389828454827016	92.52136752	5	28.9	7.98966429393948	126.194807373656	98	-0.00016468914
7342	65	81.2936991391942	10.7013145	-0.97815677	6.77670456	4.76745436736	136.9056418379	1.11674576175	0.27082330284	-2.02208080065	-3.2105817355	0.32171736139	156.582480998	0.60883986809	0.63211206427	0.60497959112	1.10148150445	1.0963008257	4.15697022605	4.04489872468	4.09576763466	4.3648178171	164.627129000604	167.188884669905	304.441158371	682.848967843	44.09288	46.437732	0.14609136834	0.28560131629	2.79119768303745	6.5661977955585	8.20450311475807	-36.087265031887	123.260836139167	113.645675810626	26.382	36.0409	59.4179	22.3107	0.82959	25.3923	0.091702661	2.14	6.03	0.6775	3.09	57.94873484	1.299676	0.00375832239	39.424	0.0080258731	0.7975	20.67	64.00842133046	0.762435519284637	0.311604867636449	93.56060606	2	24.895	9.05266428978526	118.47073846388	84.038	-6.04424323333334e-05
7343	51.25	154.025831328551	9	-4	7.17502	4.73390833707	142.9459180022	1.42757954752	0.26178438995	-0.39764783316	-3.7274031478	0.31987992179	146.946134146	0.60189003901	0.6293519379	0.55701079138	1.10697228574	1.10218332413	3.99903086969	3.99430927041	4.08761267646	4.37293731258	164.2	167	242.1277328	810.1999775	40.8989	43.5565	0.181413922	0.38440833	3.00100549428322	6.32508689028767	8.14997504734583	-35.9171973004	106.6666666667	119.4604	43.6	18.7	44.3	20.6	1.0788	22.296563	0.107182416	2.17	6.08	0.6575	3.21	50.63591096	1.121905	0.00407831534	42.67	0.0075579005	0.785	36.11	57.63075080427	0.644512237478724	0.425763086251167	94.3019943	2	29.6	8.2182209677371	125.307025392518	107.1	-0.000217957978571429
7344	47.66666667	140.882792043497	11.75	-5.25	2.50424	4.75001539602	140.1859210063	1.15282306208	0.25963380396	0.13931049267	-2.64310758495	0.31780346073	148.3226379919	0.60284080531	0.63870713078	0.55789258934	1.11074100227	1.10152502315	4.01025348722	4.00800843325	4.12432901163	4.35781399709	162.74819087465	166.792111108	256.476227533	671.356239418	41.71301	44.288772	0.064235698	0.288445053	2.65791795824836	5.96313291842024	8.05468968006171	-36.8040670363662	138.775555555565	111.324668527277	27.753	33.6811	55.8482	22.0962	1.0844	21.5005	0.092426421	2.28	5.72	0.5775	3.14	43.80301026	1.11947	0.00367109653	44.952	0.0074624856	0.76	46.18	48.01980575599	0.664804621848739	0.401621977124183	83.33333333	2	39.428	11.03	118.2471218	87.22	-0.000229549817
7346	58.66666667	119.939108760684	8.75	-4.25	0.882776	4.77736671739	143.5933016652	1.07213978526	0.26488228971	0.53036196631	-2.57062159537	0.3310278448	145.829758895	0.60718760561	0.62905439761	0.58858298485	1.11431234948	1.1051445124	4.09589386571	4.03401878656	4.14801120635	4.39455260544	164.6	172	275.476225966	712.719978835	42.323205	43.805205	0.16936865	0.304893807	2.93290361508032	6.22909365346324	8.09787006504428	-36.4097784406	106.6666666667	115.0111	28.308	29.0326	55.2973	22.1689	1.24087	23.789665	0.0981434309999999	2.18	5.86	0.75	3.06	41.9460413	1.165071	0.00401269891	42.675	0.0078401499	0.8075	29.55	55.43513826748	0.722466764705882	0.347207413632119	100	2	87.1	9.657835052	126.6165112	57.9	-0.000462207
7347	47	142.54265837469	11.2059805	1.06890101999968	5.30122422000001	4.77026536052	136.3563046192	1.38172358239	0.26664236287	-0.86634154166	-3.49973751816	0.33308442738	149.3928620479	0.6088179789	0.61368593529	0.57965736326	1.10858111039	1.10258459272	4.07434227203	4.01887875983	4.09802671302	4.36458807968	159.5	162.5	257.217428068	678.632720394	42.956414	45.638928	0.1430165217	0.28559257987	2.98194093245544	5.30676714932993	8.43500189948691	-36.1960139544205	123.682142857143	113.404645670853	22.7	28.1	47.4	20.3	1.10497	22.421206	0.096004644	2.09	5.81	0.7825	3.03	53.45494326	0.974858	0.00392414577	40.923	0.0079667762	0.935	39.3	46.23300166964	0.738697170634921	0.296483492063492	60.0750402859662	2.213	100	6.623837209	133.67548	88.026	-0.000575968
7349	52.75	108.056441496445	11.4442912	0.63204499	6.88039937	4.80352472647	142.7674770856	1.30875088996	0.2604781614	-0.775599667989999	-2.512470869	0.33266440322	152.189209467	0.6007829686	0.62052237831	0.5807767041	1.11023313443	1.1062101583	4.09967021558	3.98533647113	4.09897639619	4.38725671093	163.032394845267	166.435866162697	269.107855605	685.509579088	42.835465	45.772799	0.163465459	0.247773466	2.81861935123176	5.49865490991084	8.47063753659398	-36.4094007785129	132.66888888889	111.737886398622	29.1	33.6	63	20.6	1.03774	22.556858	0.095391644	2.1	5.83	0.84	3.13	52.87497236	1.059443	0.00389510461	42.722	0.0078863535	0.9075	27.77	49.53159327471	0.748724801587302	0.387420241978323	88.15384615	2	84.5	6.110089286	108.0375026	123.8	-0.000162566556333333
7350	52	90.0430206709957	10.7794102	-0.637191020000214	5.24198038	4.74320041668	130.5631806583	1.16365340035	0.26676693466	-1.82679285677	-2.82997177434	0.3252016498	156.60633645	0.60589951067	0.63323103539	0.59690934424	1.1008154769	1.096078815	4.11518861739	4.03520871665	4.07390650625	4.34817141728	163.919832083065	167.013743059011	297.211404564	702.048092973	44.414722	46.926722	0.14561629868	0.28219031801	2.57575983350517	5.87849441544841	7.9985628985762	-36.2714204449821	125.077661535992	114.535710216421	26.349	32.5954	59.1336999999999	22.1722	0.86858	23.203094	0.089891519	2.09	5.92	0.6975	3.04	58.76051964	1.146493	0.00387855306	39.737	0.0079127052	0.815	30	52.96737823373	0.845340176502419	0.254107625604501	63.4230164504045	2.09	28.676	8.55810712810561	123.483430287746	94.7089999999999	-6.78648075714286e-05
7353	70.5	106.542795549451	6.50894	-3.25	19.675	4.75216382722	136.4189130382	1.15405991471	0.25496512258	0.26366978815	-2.51477582481	0.32105695521	156.031043251	0.60685571994	0.63138073635	0.57282111034	1.10722755171	1.09714122477	4.07218623049	3.93686824611	4.11315586576	4.36706672407	163	172	266.814355555	666.88979324	43.166765	44.678898	0.143702363	0.32819301	2.57347873107552	6.08752775877973	7.92372963489333	-35.9596770723891	131.97508417509	110.544749107144	27.189	30.8112	55.7232	22.2561	1.49135	26.190941	0.098268733	2.24	5.76	0.65	3.03	50.23063822	1.23763	0.00439803155	44.453	0.008118545	0.72	35.91	50.56893213744	0.729075143493761	0.245515691170038	66.7782242438124	2.31	33.699	10.17818182	129.4650188	81.3	0.000471945
7354	108.3333333	93.0813367822033	43.1472	18.75	-7.24576	4.494615385	139.4073077	0.847941328	0.251984542	3.711307692	-3.200222222	0.361733333	136.1756667	0.579720635	0.644923077	0.568466667	1.123682047	1.124652776	3.658307692	3.507888889	3.614058824	4.171533333	166.2	165	261.304580938	678.293177132	41.921665	43.606203	0.145977088	0.299208236	2.29798049012089	6.48182976462384	7.45315172306785	-35.1436368698	140	106.4404	28.494	30.3393	55.9428	22.5548	1.936	26.137735	0.108378806	2.26	6.18	0.5175	3.11	56.81899682	1.359218	0.00606002546	50.216	0.0080935119	0.7025	31.93	57.91822646127	0.623547043258232	0.259765947453383	96.55172414	2	41.652	15.8401693187522	112.621776906724	91.563	1.83162541666667e-05
7356	64.33333333	99.5689576146076	10.2927753	0.860616779999786	6.39768908	4.77301209823	129.3862621668	1.20326772346	0.27377087847	-1.80798257477	-2.71929253188	0.32100076241	160.743521243	0.6061279229	0.63947507496	0.59244320177	1.10080001382	1.09542625309	4.12990502389	4.00533611139	4.08355654061	4.36051834782	163.708110762087	166.817150333393	331.522471608	726.536316858	42.584155	45.721519	0.14632032595	0.28244696552	2.44818671763196	6.18365186171166	7.9462871399161	-36.0091194894904	128.626278659608	114.503156456483	26.716	32.5031	57.9330999999999	22.0712	0.96869	25.468468	0.088693471	2.06	5.95	0.6425	3.03	64.0531025	1.171322	0.00385744954	40.512	0.0079064377	0.7875	34.58	51.48169289122	0.843372753791679	0.22978001367488	62.1754020333345	2.07	29.342	8.57030005420344	120.746173422566	92.1729999999999	2.42132113809524e-05
7358	78.3863311185436	99.0745325641026	10.5211859	1.71890297999989	5.24635083	4.77676436626	129.2953298595	1.19457908505	0.26968713297	-1.53969773401	-2.72425368651	0.32115087626	162.61753019	0.60575268617	0.63509928693	0.60260059875	1.1015927525	1.09547484142	4.14044352253	4.02252016843	4.08566783031	4.3616855372	164.061963305985	167.367916436831	321.576204875	728.763206065	42.520963	45.51227	0.14717767547	0.28246515973	2.37852347732046	5.94564651865589	7.84333694581351	-35.9973986392421	123.123349366679	115.244512109639	26.795	32.2865	57.9898	22.2716	0.96597	25.502671	0.089061313	2.07	6	0.6375	3.05	62.99844198	1.251512	0.00394715557	41.271	0.0080058094	0.805	33.1	51.38931718221	0.866512205011191	0.254702330001411	62.547382595104	2.08	27.54	8.80456371427911	122.856502243989	94.3069999999999	5.59328612121213e-06
7359	78.3863311185436	99.0745325641026	10.5211859	1.71890297999989	5.24635083	4.77676436626	129.2953298595	1.19457908505	0.26968713297	-1.53969773401	-2.72425368651	0.32115087626	162.61753019	0.60575268617	0.63509928693	0.60260059875	1.1015927525	1.09547484142	4.14044352253	4.02252016843	4.08566783031	4.3616855372	164.061963305985	167.367916436831	321.576204875	728.763206065	42.520963	45.51227	0.14717767547	0.28246515973	2.37852347732046	5.94564651865589	7.84333694581351	-35.9973986392421	123.123349366679	115.244512109639	26.795	32.2865	57.9898	22.2716	0.96597	25.502671	0.089061313	2.07	6	0.6375	3.05	62.99844198	1.251512	0.00394715557	41.271	0.0080058094	0.805	33.1	51.38931718221	0.866512205011191	0.254702330001411	62.547382595104	2.08	27.54	8.80456371427911	122.856502243989	94.3069999999999	5.59328612121213e-06
7372	54.5	111.618798458772	7.25	-10.25	6.26041	4.70836139656	139.90484657	1.3071236271	0.25994265642	-1.17619897937	-3.09151177417	0.31693802182	146.7607532448	0.62261418774	0.63592682551	0.59973543535	1.10871216797	1.10246018935	4.07628300832	3.95618423571	4.12727861345	4.35423227928	166.1428571	165	265.488041666	682.294195747	42.885352	44.519513	0.177585731	0.290788033	3.37088519904139	5.7367594901081	7.82448050073427	-36.4398444781926	140.563644781149	109.839921117643	29.581	31.3355	55.7597	21.9337	0.98584	23.211288	0.103480294	2.15	5.75	0.5175	3.11	49.60480644	0.975339	0.00410593185	42.988	0.0080857847	0.7975	28.13	62.2415699750733	0.721103545454545	0.369687451118326	87.79761905	2	40.89	8.318650794	98.65504985	91.397	-0.000826818
7373	54.75	132.921336376374	5	-7.25	-0.574984	4.74734496292	143.3216872273	1.35584882234	0.26459056179	0.33429928206	-2.90963423459	0.32883232298	148.0559163329	0.59259633996	0.62310449501	0.54976994758	1.115101909	1.10487947081	4.0254171659	3.96755539181	4.11149619119	4.41111022255	162.1428571	167.75	268.796036664	714.036992381	42.179923	44.243441	0.169662854	0.275895247	2.49204075064713	5.97237787685872	7.82383605896749	-36.3159898892535	141.166666666668	108.941525052292	22.9	22.3	42.8	20.6	1.30801	22.05436	0.105703094	2.32	6.41	0.69	3.22	43.41486678	1.180947	0.00427097411	41.541	0.0077543924	0.8125	37.63	49.77846924541	0.627230591216216	0.349217020663957	96	2	75.6	11.86284483	111.2771239	53.8	-2.93e-05
7377	59.75	94.4259030282463	10.9048199	-0.234198590000107	4.9979985	4.76158992572	130.2917483021	1.17660139098	0.26836166668	-1.69490929682	-2.86922894626	0.32264625616	158.864272304	0.60877304383	0.62676116053	0.59636673613	1.1000393089	1.09550698661	4.12944696561	4.03387455942	4.08952954421	4.35400357275	163.575834570509	167.042444038609	297.187777127	678.307162275	44.056224	47.43445	0.14710190081	0.2850051184	2.45193950534892	6.09223632345195	8.03605196415899	-36.2568226202759	122.845291005288	115.542117897472	26.751	33.2885	58.5805	22.0323	0.80582	22.734612	0.088534783	2.07	5.93	0.645	3.06	61.60839588	1.054377	0.00381090494	40.022	0.0079172828	0.81	33.47	51.10989885328	0.854779482057975	0.237226019543894	62.6358874474105	2.12	29.406	8.0858202949996	122.72644778496	94.8859999999999	-9.45251675714286e-05
7378	52	135.916496260684	11.5	3	7.92502	4.7958252453	134.5609490713	1.53376087431	0.29425274609	1.43777515737	-2.22749873569	0.33252494694	143.1776856418	0.59567635314	0.63852969688	0.56993530658	1.11683137517	1.10740530616	4.07436631744	3.99330610338	4.12226989655	4.39474533102	166	167.297666665	259.878656193	678.953919352	41.855945	45.253277	0.138736999	0.292499119	3.08961888172448	5.88175233337085	7.60782463813558	-36.4475700159996	142.084848484852	110.245088368099	28.721	27.9423	52.9984	22.1708	1.35026	23.691209	0.113950196	2.24	6	0.5675	3.18	61.21471996	1.233021	0.0044985515	47.62	0.0076010896	0.82	33.8	50.93764550094	0.70345899684874	0.359378816112522	81.81216931	2	30.822	9.647692308	115.3134309	87.601	-0.000687028
7382	40	151.535054546851	9.75	-1.75	0.925016	4.72209410469	143.2643972186	1.13785752895	0.26782101583	-1.749221083	-4.46360157204	0.3322775516	147.578647123	0.615359905480001	0.63563608795	0.55967489177	1.10879929035	1.09906709851	4.00998383373	3.98988737036	4.12435884959	4.348440469	162.064199574806	166.404728069596	249.049158003	667.653343404	41.915983	44.612828	0.157555086	0.288162121	2.97017114913375	5.63892364215105	7.78160359902907	-37.6266044685	146.6666666667	111.6784	27.356	34.5142	58.5963	22.0732	0.95423	21.075053	0.097603288	2.15	5.66	0.62	3.06	52.01893502	1.00125	0.00375318276	39.464	0.0077836664	0.61	46.68	55.21184662336	0.752157793034279	0.496694268790849	64.4991344489207	2.32811111111111	49.815	4.040352941	136.796708	154.7	-0.000125960524508772
7383	38	142.782707733664	9.2123373	-1.60998527000011	3.93038552	4.7475426928	136.86942068	1.13095107887	0.27183201476	-0.10257430689	-3.42673427498	0.32617008514	147.794126245	0.594788345460001	0.623965701	0.57034098821	1.10822710868	1.10406275615	4.02982575607	4.03839730026	4.11246846704	4.38503822402	161.773700044927	166.119402780106	236.741209926	649.618965395	43.457215	45.720243	0.117396175	0.263496999	2.06189935817935	3.34713410867711	8.6043368372153	-36.4870108652894	126.022222222228	113.416608601782	25.494	59.12	91.49	27.56	0.67985	21.813817	0.096366132	2.13	5.44	0.5825	3.22	61.5278637	1.034965	0.00447291194	41.748	0.0076738513	0.8025	33.79	53.77898753747	0.77495566261353	0.311035819115525	65.837375414862	2.15611111111111	5.3	6.08795786348865	128.864104235858	152.8	-9.49330680802005e-05
7384	65.75	101.908254117827	43.5504	17.4496	-1.91608	4.6684375	118.867375	1.757266245	0.207630516	1.9266875	-7.661842105	0.338733333	130.941375	0.646377778	0.675	0.533733333	1.122336592	1.112920149	4.30925	4.083368421	3.980111111	4.5254	166.2	166.70909325325	268.630801995	680.80224886	41.123152	44.049437	0.149671207	0.284010762	2.36935468927735	6.23339725601638	7.79741967208056	-36.1099443781035	143.958333333334	109.764314769966	30.144	31.5663	56.2693	22.1307	1.76953	24.737424	0.09718176	2.17	5.94	0.5875	3.15	50.12997272	1.247635	0.00550322707	45.897	0.0081826973	0.78	36.08	34.07672774165	0.669880765633323	0.270880178375239	66.18589744	2	35.916	15.00503817	117.6149047	114.3	0.000155062
7387	41.25	187.448649934504	9.6165535	-3.29397240000021	5.31406974	4.77245636178	137.5037965712	1.1229076592	0.26593420791	-2.05222088269	-3.83046934436	0.32337940249	150.918852881	0.60510002455	0.6387062825	0.57908457636	1.10327796023	1.09769463677	4.0694964143	4.02065074452	4.13681694848	4.34620232983	160.96995734255	166.252051193532	234.142030747	673.272345713	43.881199	46.581641	0.14380126251	0.28598628661	2.78815697266874	5.69937398382589	8.21161128138963	-36.7441557339499	125.012222222224	113.418728138421	24.81	36.7441	58.4395999999999	21.7319	0.76158	21.344136	0.09003177	2.06	5.63	0.67	3.03	57.98928992	0.784521	0.00333890357	38.636	0.0077124641	0.805	37.05	59.90292233037	0.746951310160428	0.34486843645269	83.5	2	47.792	3.680568182	153.6521992	87.635	-0.000125329275699248
7394	41.75	194.356781765719	24.7432	-10.4932	2.92502	4.75750020017	144.0166948242	1.42505981481	0.27785985746	-1.02960206369	-3.47028767387	0.33994825138	147.553727493	0.61380071346	0.61655225972	0.54373174327	1.11445435569	1.10795405654	4.01984182515	4.01309344046	4.10222592544	4.36503701988	149.75	168.25	250.704280567	642.272938815	42.360263	45.330252	0.17801452	0.276086728	2.85655557579374	3.60652295481894	6.45758023270953	-36.6373589264001	135.977777777786	111.566801277993	29.606	32.9727	60.0878	22.9221	1.22608	22.667616	0.102708574	2.34	5.63	0.6325	3.28	59.04311408	1.17891	0.00414731702	44.608	0.0076472084	0.6225	56.12	48.39534257154	0.721004389363335	0.432475555555556	60	2	47.356	3.194	144.5777317	94.332	0.00021902
7396	51.5	130.123606673058	9.0577456	-1.13621494000011	4.37928802	4.79096829725	131.151361032	1.16965316971	0.26597978568	-2.05916299326	-2.96192028391	0.31986762219	150.5355338179	0.60367697737	0.63618609238	0.58871123457	1.10077393877	1.09666494162	4.10707773237	3.99689717712	4.07713458101	4.34354607548	162.869891464771	166.617902993643	233.637834329	657.529094864	44.051512	47.821143	0.14516668466	0.28117519102	2.68522343673463	5.37568806928194	8.04416136475033	-36.3565900992839	122.267777777778	114.413430791238	25.654	33.9443	57.7088999999999	21.9338	0.6429	21.415302	0.085448863	2.09	5.76	0.6625	3.05	60.26730262	0.937444	0.00352178158	39.134	0.0078407378	0.8	40.71	48.1765221518	0.799307607057975	0.226622833004414	61.1428412868205	2.0835	35.743	8.204761905	123.9384835	93.123	-4.54187711428572e-05
7404	41.33333333	147.515911436705	12.5	-6.25	7.06599327000001	4.73322429305	136.1148850237	1.1283807008	0.26899711946	-1.54898090235	-3.56450158517	0.3231415513	154.570378057	0.60970157262	0.6123387826	0.56753028572	1.10283338511	1.09539413458	4.0541138992	4.02572474708	4.12149247415	4.35756191601	161.2857143	162.5	242.090132693	691.550103413	43.341447	46.335106	0.14955878706	0.291904175	2.96103041897167	5.3103568259547	8.14693452514162	-36.5353459236114	130.952830687827	112.681376014523	25.929	36.0709	57.9322999999999	22.0525	0.56827	21.392768	0.091668375	2.1	5.89	0.6625	3.03	49.37947758	0.77046	0.00363896854	39.609	0.0079107329	0.81	33.08	56.69170202221	0.670042857142857	0.39249874476912	57.14285714	2	33.7	7.827264151	121.6026071	71.2	-8.01e-05
7411	54	139.29758125152	1.75	-1	1.67502	4.71857337152	141.0132074627	1.22358020094	0.26626583879	-0.73029210176	-3.97580213907	0.32866595102	147.4219429798	0.62477704101	0.61693527045	0.57366834845	1.10608937128	1.09776602954	4.02084821039	4.00907307952	4.0739701791	4.36666902705	159.8571429	166	251.927142235	673.482227781	43.105381	44.409428	0.121397803	0.358649961	3.29927938698139	5.65831456593248	7.80789340600069	-36.4929266074132	133.445238095237	112.503648696945	28.609	32.5525	56.1593	21.891	0.87848	22.12365	0.09583009	2.27	5.79	0.5475	3.11	61.77158936	0.956988000000001	0.00404384443	37.937	0.0076425284	0.735	41.58	52.93374072574	0.598606667303285	0.370757348356009	92.5	3	99.5	5.47254902	130.702134	61.7	-0.000162271
7413	48	151.790216395349	9.75	-7	5.24711857	4.75359328954	136.9189828371	1.14702325005	0.26667072988	-1.45247355699	-3.41913540968	0.32079317459	152.14226671	0.60748233169	0.62156378532	0.56547198474	1.10242176746	1.0980334473	4.04590801098	3.99919533257	4.0973890044	4.34392600258	162.029436675718	165.408964326871	244.462395935	653.814469014	43.77464	46.232897	0.14972193915	0.2814276455	2.81082271244279	5.49207208351612	8.00930621240582	-36.5740024635625	134.038333333338	111.708303824731	25.936	34.5792	59.4696999999999	22.154	0.59089	21.140636	0.090384598	2.09	5.66	0.72	3.02	47.72047658	0.743959	0.00351718305	37.594	0.0074967376	0.8675	39.79	52.83525996548	0.78457497459305	0.40424724476912	59.604763933475	2.25714285714286	14.5	1.754526316	141.9620607	117.1	-5.1510245e-05
7415	45.25	130.826039784946	11.2260521	0.275838959999679	4.90012965	4.75406824322	131.7721916003	1.22436866222	0.26857394956	-1.90842384911	-2.90691524047	0.32120081843	153.724430648	0.60910171236	0.61833226275	0.58314567121	1.10114315429	1.09588385199	4.08155326498	3.99172060574	4.13295528575	4.34961514598	159.8333333	165	261.883947808	678.026472807	44.281668	46.365533	0.14638448866	0.28254776755	2.77500108842548	5.50308153598329	8.17421208513408	-36.3159983893604	125.793253968254	112.870213478206	26.33	32.7349	57.3595999999999	21.8868	0.766470000000001	21.28923	0.089707011	2.08	5.69	0.675	3.02	60.41049048	0.903835	0.00370906736	40.394	0.0078659085	0.8275	41.96	49.96392954221	0.766891339672415	0.265851844128094	60.6180086899053	2.22	39.828	6.23633376688237	135.165558196465	88.709	-0.000187147531794486
7416	78.66666667	90.4292496535409	8.4058248	11.4413334699999	4.21954859	4.83002225234	134.4669097906	1.57249705177	0.29510459264	0.13518194566	-2.99991225268	0.33004068275	155.4028048328	0.61116302411	0.64131430812	0.60115627697	1.11461341772	1.10672629867	4.12909332191	4.06501098606	4.10649619401	4.35314199244	164.6666667	167.3990992075	277.006422741	650.515539287	42.668953	44.676704	0.122455487	0.311890095	2.56189935817935	5.8471341086771	4.98347564173054	-35.4129237673823	137.2	109.603573166418	26.5	28.4	48.9	23.4	1.90868	27.162213	0.107776859	2.42	5.69	0.6225	3.36	70.48319446	1.495423	0.00624612466	43.538	0.0078836706	0.825	42.2	47.2645686335	0.69345288614082	0.294833657568718	64.2462757286847	2.24	32.523	14.721721715708	123.058887756667	89.971	-5.7653964679803e-05
7417	58.197951024119	110.851184105972	10.2520859	-3.13022019000011	6.32270335000001	4.77524296771	135.9277458482	1.16051591968	0.26581477285	-1.89331629386	-3.89094226244	0.32477907567	157.577141221	0.61221683358	0.62158519387	0.58791137703	1.10280529489	1.0983842412	4.1234542828	4.04786075325	4.09474626651	4.33766600694	163.71793302012	167.27616856258	261.273357301	672.471121478	44.312039	46.973662	0.14918900916	0.28716719098	2.67236873016515	6.30556056263181	8.39724669823788	-36.5668611055075	123.654867724869	113.365467136633	24.711	36.3492	59.6147999999999	21.965	0.56484	22.090587	0.088394557	2.08	5.8	0.745	3.05	55.48190334	1.007262	0.00349115999	38.198	0.0077963155	0.7975	26.04	51.28646715926	0.786047399626518	0.364996206020287	83.6996337	2	39.852	7.53687658500361	124.889236445235	89.623	-9.65425291516291e-05
7418	46.25	155.164921437368	15.25	-5.75	7.92502	4.74855987233	142.9095164772	1.29924509092	0.25887821995	-1.02406001278	-3.1499141893	0.33346761885	141.2123839047	0.6137011556	0.63354577691	0.58596699107	1.11136637526	1.10761739165	4.05802881954	4.05909856998	4.09867695633	4.40573306914	161.869429835519	165.548297978576	256.4886555	648.883785915	42.079453	44.080029	0.245294178	0.426948957	3.22959116109221	5.64080719784709	7.74847022202875	-36.748683171278	140.63333333334	110.27367674623	28.268	31.8864	57.5316	21.8743	1.14135	22.741336	0.0852892	2.34	5.66	0.645	3.13	65.295	1.249704	0.00345496	43.873	0.0104682	0.7725	49.5	55.70237032706	0.744322473304474	0.456196143790849	65.8011993602696	2.42	42.354	5.756146789	108.34733	163.2	-0.00020449994
7419	43.25	97.0570616666667	11.0901211	-0.272326510000214	4.84780572	4.79125682623	130.7111283776	1.18194790976	0.26672756062	-2.44133074545	-3.32253318668	0.32165826921	157.667348478	0.60532180411	0.62004145311	0.59865148408	1.10064130934	1.0948989425	4.12046079264	4.00759149639	4.07741934154	4.35766188893	162.3333333	168.6666667	274.204201549	680.562792668	43.677862	47.122221	0.14148506094	0.28378117564	2.54940843434203	5.82196960338581	8.03927990737822	-36.3746191668392	121.442914862911	114.58258658253	26.497	33.0745	58.3051	21.859	0.7717	22.872806	0.088307758	2.14	5.99	0.645	3.04	61.67576368	1.094339	0.00378325366	40.189	0.0079676835	0.8225	34.67	51.9055417849	0.817766825311943	0.266944610897102	61.0122543445201	2.06611111111111	26.306	8.36043693304864	124.705914498058	93.669	-1.65096892539683e-05
7424	35.5	178.85382099511	6.5	-1.5	5.92502	4.8838	105.2416667	1.327259083	0.281565346	-0.2928	-1.986894737	0.405166667	123.0333846	0.5645225	0.622466667	0.539944444	1.114011456	1.100044047	3.794466667	4.2892	4.4266875	5.345055556	161.442413489933	165.862859380639	266.156115929	699.711749416	41.579398	45.440946	0.173095369	0.367103451	2.68026038580503	5.63399850976851	8.18239067035477	-36.8647718101892	139.40857142858	113.351509775186	30.14	27.8362	57.2766	22.3847	0.99793	21.666106	0.092035275	2.32	5.84	0.5175	3.12	51.5444855	1.010206	0.00401426911	44.449	0.0074812306	0.5425	47.53	55.00408351643	0.702813653594771	0.490370268790849	69.3141333996039	2.42	40.933	2.3585	123.838517	96.664	-0.00016949842
7427	91.5	81.7627663701154	8.3201833	7.27665361	7.58987253	4.7590144368	128.3079462699	1.20595111737	0.27544408141	-1.07454201151	-3.17723777799	0.32319073546	158.714221317	0.60742695777	0.64869121293	0.61572139477	1.10342283688	1.09609223986	4.19289443901	4.0236051429	4.11301162086	4.35330884027	165.110510984182	167.394940357795	310.026356509	672.976541614	43.09805	44.331819	0.14009834904	0.28317385095	2.40442425984657	7.0990432250623	7.7772679977759	-35.0168926080029	126.20998948582	111.853968119175	27.953	32.5916	60.1028999999999	22.5552	1.6871	26.103544	0.086858225	2.21	5.98	0.5275	3.05	65.2296507	1.577976	0.0044934672	39.652	0.0085063147	0.8125	27.61	53.76729339594	0.769920006822446	0.194800487770209	63.4697644234045	2.108	24.323	10.8704878	88.57781067	86.808	0.000100144741201149
7430	42.25	142.908309275533	13.75	-3.5	0.915655	4.77925786451	144.329270648	1.15435639611	0.25741804145	0.74080639624	-2.85934316222	0.32720232913	144.4233954928	0.60961394624	0.63575496604	0.59209566661	1.11341859046	1.10289315572	4.03319894526	4.00385078899	4.11589110454	4.37773138872	166.5	172	256.698246364	730.475234337	42.068952	45.081521	0.160443711	0.253277109	2.37311689372444	5.62105997756426	8.21226459554278	-36.7255020645465	139.144444444451	111.414911883234	28.151	31.3699	56.4686	22.1298	1.0061	22.19984	0.100804388	2.29	5.91	0.6375	3.21	47.97843846	1.097948	0.00410995785	43.561	0.0077670028	0.8075	32.98	52.47234847124	0.644849090909091	0.368846984126984	100	2	31.939	8.66417922032443	125.300813878233	171.1	-0.000195118585
7460	37	158.706426028332	22	-11.25	3.75424	4.75476155817	148.4340396449	1.32257137857	0.26580182501	-1.19317944954	-3.09071187819	0.32082057962	146.1603178038	0.61256454212	0.62682651677	0.57283943131	1.11096259101	1.1013203004	3.99412992211	4.01975033504	4.12895984949	4.36668572501	161.254879025465	166.009797978131	242.199579132	686.339208867	43.251224	46.262269	0.144266615	0.228523013	2.72548404192253	5.2625586588217	8.18857330570714	-36.7890972569386	136.903333333342	112.004051240989	27.243	35.062	57.4373	22.1984	0.757300000000001	21.594209	0.10211894	2.17	5.53	0.5725	3.12	51.64754618	0.964436	0.00393533148	41.804	0.0074622597	0.6675	38.5	59.6268332702933	0.73315962184874	0.411210656746032	66.7857117970698	2.26	44.66	2.686956522	150.2811296	97.661	-0.00018886201
7461	48.75	135.479149400331	5.25	-3.25	6.78182859000001	4.79498654095	140.8794881545	1.11937228213	0.26470183848	-1.06727447365	-3.95881383467	0.32448152439	158.419046801	0.60616603745	0.60957223385	0.57912306996	1.10905381948	1.10140971427	4.10095175774	4.05871496814	4.14543383831	4.36570885924	162.708400067399	166.07707891706	244.801231465	664.062321047	43.379254	45.756101	0.14194910565	0.28800904996	2.84769312822293	5.92981041536932	8.35598381348971	-36.2917193073374	135.173015873017	111.634462955244	26.539	35.7782	61.6858	22.2785	0.469	20.5084	0.090569454	2.08	5.8	0.7075	3.03	55.5105065	0.563	0.00330515963	37.59	0.0076403936	0.815	38.58	56.23574296176	0.757677479643555	0.376270236111111	63.3877062133859	2.18211111111111	45.353	6.82385803743447	124.542910118779	55.6	-9.65934976666667e-05
7471	34	145.559126769073	10.5871178	-0.782587040000214	4.41496667	4.80667974663	135.950940149	1.11232692363	0.2626059806	-2.06976328943	-3.56116263391	0.32863220008	152.0023173198	0.60526562227	0.62330014071	0.57337089682	1.10398319592	1.099548775	4.08863828067	4.02151273411	4.1334921203	4.38915793498	163.352514198117	165.644042692492	252.173387299	663.11342221	43.353072	45.936021	0.14581426456	0.28633647066	2.5906163450926	5.49336654573361	8.12078418558184	-36.3257134271755	121.358571428574	115.359843386758	25.131	33.6891	56.6468999999999	21.6838	0.83074	21.452194	0.091174056	2.09	5.69	0.705	3.02	53.63284568	0.932325	0.00392389876	37.611	0.0077253359	0.8125	40.15	52.37181583759	0.770590518674136	0.224822355880231	58.8527159430277	2.18	45.038	5.23415206810863	126.873542175236	98.966	-0.000119911802333333
7475	78.3863311185436	99.0745325641026	10.5211859	1.71890297999989	5.24635083	4.77676436626	129.2953298595	1.19457908505	0.26968713297	-1.53969773401	-2.72425368651	0.32115087626	162.61753019	0.60575268617	0.63509928693	0.60260059875	1.1015927525	1.09547484142	4.14044352253	4.02252016843	4.08566783031	4.3616855372	164.061963305985	167.367916436831	321.576204875	728.763206065	42.520963	45.51227	0.14717767547	0.28246515973	2.37852347732046	5.94564651865589	7.84333694581351	-35.9973986392421	123.123349366679	115.244512109639	26.795	32.2865	57.9898	22.2716	0.96597	25.502671	0.089061313	2.07	6	0.6375	3.05	62.99844198	1.251512	0.00394715557	41.271	0.0080058094	0.805	33.1	51.38931718221	0.866512205011191	0.254702330001411	62.547382595104	2.08	27.54	8.80456371427911	122.856502243989	94.3069999999999	5.59328612121213e-06
7477	52.25	144.000949308756	18	-16	10.925	4.76966530414	133.9212861207	1.53847727294	0.27329986629	2.26488404936	-2.37553608321	0.32853788277	144.1496706025	0.60044188951	0.64274550127	0.58895159255	1.11589128339	1.10501053815	4.012628673	3.97530900873	4.09281780335	4.40122573509	164.1428571	167.401444443833	281.425217908	686.275173743	43.06637	44.980318	0.193709096	0.283360338	2.62389625901208	5.51254965954783	7.63090015950508	-36.395271271849	142.508333333341	111.868658401111	27.693	27.4057	55.619	21.4982	1.22503	23.500138	0.101966372	2.27	5.94	0.7525	3.14	44.44116656	1.184863	0.00423919902	47.615	0.007737108	0.81	44.51	48.19271489635	0.697019	0.298665285797652	65.9326095225654	2.57	34.442	8.91693200557558	120.000619654454	94.6	-0.00022685456
7514	57.33333333	120.643955519943	31.5	-8.25	8.02209	4.899947368	126.8991579	1.349050481	0.30143463	11.76931579	15.19242105	0.3292	182.9913889	0.579286232	0.531368421	0.6484	1.153989778	1.148968681	4.125526316	3.762190476	3.746210526	4.3126	161.315838859155	166.555937907566	235.5922317	567.2812909	41.4517	45.3298	0.228342233	0.265677668	1.81189935817935	10.3471341086771	9.79091356604286	-35.8311602859741	133.921885521884	110.256849393152	30.069	32.11	78.75	28.99	0.183	28.3384	0.210135	2	5	0.5	3	0.757576	0.2262	0.00892155	24.8	0.00964662	0.75	43	45.15611238685	0.708205690476191	0.33191614379085	62.549103673945	2.64	33.975	8.35905450962867	123.926497562717	128.2	-8.39753985714286e-05
7515	73.5	120.547128505291	10.75	-14.5	20.2732	5.115176471	144.4774706	1.271413953	0.295981785	19.00864706	-2.174789474	0.31935	200.0538947	0.616563636	0.672176471	0.56455	1.131346349	1.106479017	4.389294118	3.892105263	3.813894737	4.33885	160.806396427783	166.407826797516	248.4196266	492.2075491	41.5035	45.1225	0.185585404	0.236478484	2.06189935817935	9.0971341086771	8.45758023270953	-36.2707296204599	137.193518518522	110.979245481689	29.981	25.48	77.98	25.41	0.272	35.9741	0.116485	3	5	0.5	3	100	0.9646	0.00465553	42.5	0.0077915	1	39.03	52.9085242551	0.758455264705883	0.25215047412118	61.5319006622024	2.6	7.7	8.02813418414457	128.0859871804	99.109	-8.014494e-05
7516	117	120.132358333333	-31	57.75	-1.45379	4.757066667	157.8490667	1.742855046	0.310352473	-4.676066667	-8.526	0.317214286	260.3135625	0.704317647	0.8346	0.620214286	1.101449886	1.096044362	4.165933333	4.1683125	4.095125	4.314785714	164.267929647514	167.063777776333	270.075542177	663.311357473	40.584631	43.510586	0.102999046	0.239639197	1.56189935817935	3.09713410867711	5.12424689937619	-34.8667946506912	141.278260869565	109.844906018516	29.087	31.6248	58.3715	23.4553	1.092	24.639575	0.184087	3	5	0.75	4	82.1207	0.3914	0.0171913	56.8	0.0081221039	0	60.03	0	0.559693398196414	0.307671063551624	16.07142857	4	29.775	22.41540107	82.16761586	95.203	6.02257411764708e-07
7517	113.75	109.541819632035	-44.5329	65.0329	-10.54633459	4.77742321998	132.6979766799	1.48388404483	0.29627096428	-1.4795484923	-3.56347011695	0.33128714593	157.5097708829	0.60338573055	0.64486025211	0.60722068491	1.10873417061	1.10180211499	4.1552192385	4.05697229589	4.10314152545	4.43200649162	164.201834555419	167.477208879762	278.965447084	637.674223457	41.883157	44.077382	0.12835809798	0.27585212333	0.173086584898343	10.637456204647	8.1242468993762	-35.0433726592944	135.899351851852	107.323963104553	28.249	32.5312	56.7443	23.5985	1.91	26.362006	0.0580288	3	5	0.75	4	95.5487	2.6742	0.00980668	37	0.0085847253	0	42.54	11.75887704111	0.514967673608502	0.220339952440513	10.85568327	3	22.939	22.5136	116.466451	92.13	0.000121076103
7520	48.75	163.085152608867	-3.25	8.25	15.675	4.75095616739	137.8113829502	1.51986982662	0.28854596262	0.68403800538	-3.55775851645	0.33742794779	150.853834509	0.61066105543	0.6316246559	0.57389587861	1.11472474533	1.11301055987	4.02589140054	4.0565561901	4.13396153055	4.45179052482	161.240944444	166.480972223667	381.3600788	1057.059168	41.006322	44.651154	0.160129214	0.300818587	4.81189935817935	6.0971341086771	9.12424689937619	-36.3978701856369	137.934126984129	110.822458520734	30.715	35.0755	61.3668	23.139	0.155	18.5552	0.11761	3	5	0.5	4	37.7419	2.0038	0.00542096	14.3	0.00917688	0.5	13	62.06295096136	0.677560005383581	0.479421150793651	98.07692308	3	51.279	4.379010989	111.0594958	80.1	-0.000176620167333333
7521	54	142.673106451613	10.5781	-3.5	6.85542	4.511894737	147.6339474	0.827342016	0.33178989	-0.432421053	-1.23552381	0.403	156.1002778	0.459221739	0.525	0.5205	1.113149524	1.120528566	3.877473684	3.98265	4.01885	4.246636364	160.983063020941	165.872116959396	231.6968227	718.5645121	40.7955	45.169	0.169142236	0.308519765	3.17308658489834	4.63745620464705	8.79091356604286	-36.2555909702601	138.961904761909	108.736862807586	30.074	33.6977	63.3339	23.6655	1.111	24.7915	0.0648571	2	5	1.5	4	1.83e-16	3.6373	0.00159179	36	0.00809512	0.5	6	48.61405417199	0.727048199049317	0.307203062330623	63.0707536661607	2.49	41.593	6.97843960773018	126.985856988333	83.256	-0.0001060431
7523	68.75	136.976961340049	2.94512	20.5549	14.175	4.925	108.78865	1.833713926	0.311199297	3.169	5.850578947	0.3243	164.3812143	0.655238095	0.75665	0.68405	1.09556983	1.096364196	4.133	4.05325	4.093111111	4.3413	161.654883263187	166.861771240566	224.386498	596.6280828	43.5333	44.6875	0.139433129	0.244900311	2.83975325156501	13.637456204647	5.45758023270953	-35.8249733958955	137.440404040408	110.783322729471	27.876	33.3844	61.8857	23.8603	0.889	17.9388	0.0766036	2	5	0.75	3	92.0833	1.8292	0.00390185	40	0.00677704	1	37	43.10807342763	0.732322098039216	0.263838594076655	62.42922145166	2.46	31.012	8.57693499354801	126.718044115354	92.036	-6.31250869047619e-05
7525	41.75	153.980116066998	21.5	-10	7.92502	4.80061219654	134.0915214191	1.485265983	0.29707516213	2.31498575205	-3.57852969953	0.32532056223	153.4136802449	0.60016164395	0.63864714835	0.58685014131	1.11095005789	1.10437883937	4.10515800655	4.03686158683	4.11838416932	4.40062351442	162.038365644685	166.1413888878	278.2637928	628.5039155	34.2534	37.5829	0.130897023	0.264080781	0.173086584898344	10.9707895379804	5.79091356604286	-36.4948779452736	142.561904761907	112.823068710181	28.506	31.0855	60.6101	23.1426	0.138	19.1054	0.0528131	2	5	0	3	62.89367702	0.7095	0.00209178	51.8	0.00620613	1	43	53.19230987299	0.674611526376644	0.419400810457516	62.6819370015388	2.38	31.798	7.66633582289361	119.473474557	94.246	-0.0001068167
7529	78.3863311185436	99.0745325641026	10.5211859	1.71890297999989	5.24635083	4.77676436626	129.2953298595	1.19457908505	0.26968713297	-1.53969773401	-2.72425368651	0.32115087626	162.61753019	0.60575268617	0.63509928693	0.60260059875	1.1015927525	1.09547484142	4.14044352253	4.02252016843	4.08566783031	4.3616855372	164.061963305985	167.367916436831	321.576204875	728.763206065	42.520963	45.51227	0.14717767547	0.28246515973	2.37852347732046	5.94564651865589	7.84333694581351	-35.9973986392421	123.123349366679	115.244512109639	26.795	32.2865	57.9898	22.2716	0.96597	25.502671	0.089061313	2.07	6	0.6375	3.05	62.99844198	1.251512	0.00394715557	41.271	0.0080058094	0.805	33.1	51.38931718221	0.866512205011191	0.254702330001411	62.547382595104	2.08	27.54	8.80456371427911	122.856502243989	94.3069999999999	5.59328612121213e-06
7530	78.3863311185436	99.0745325641026	10.5211859	1.71890297999989	5.24635083	4.77676436626	129.2953298595	1.19457908505	0.26968713297	-1.53969773401	-2.72425368651	0.32115087626	162.61753019	0.60575268617	0.63509928693	0.60260059875	1.1015927525	1.09547484142	4.14044352253	4.02252016843	4.08566783031	4.3616855372	164.061963305985	167.367916436831	321.576204875	728.763206065	42.520963	45.51227	0.14717767547	0.28246515973	2.37852347732046	5.94564651865589	7.84333694581351	-35.9973986392421	123.123349366679	115.244512109639	26.795	32.2865	57.9898	22.2716	0.96597	25.502671	0.089061313	2.07	6	0.6375	3.05	62.99844198	1.251512	0.00394715557	41.271	0.0080058094	0.805	33.1	51.38931718221	0.866512205011191	0.254702330001411	62.547382595104	2.08	27.54	8.80456371427911	122.856502243989	94.3069999999999	5.59328612121213e-06
7566	78.3863311185436	99.0745325641026	10.5211859	1.71890297999989	5.24635083	4.77676436626	129.2953298595	1.19457908505	0.26968713297	-1.53969773401	-2.72425368651	0.32115087626	162.61753019	0.60575268617	0.63509928693	0.60260059875	1.1015927525	1.09547484142	4.14044352253	4.02252016843	4.08566783031	4.3616855372	164.061963305985	167.367916436831	321.576204875	728.763206065	42.520963	45.51227	0.14717767547	0.28246515973	2.37852347732046	5.94564651865589	7.84333694581351	-35.9973986392421	123.123349366679	115.244512109639	26.795	32.2865	57.9898	22.2716	0.96597	25.502671	0.089061313	2.07	6	0.6375	3.05	62.99844198	1.251512	0.00394715557	41.271	0.0080058094	0.805	33.1	51.38931718221	0.866512205011191	0.254702330001411	62.547382595104	2.08	27.54	8.80456371427911	122.856502243989	94.3069999999999	5.59328612121213e-06
7568	78.3863311185436	99.0745325641026	10.5211859	1.71890297999989	5.24635083	4.77676436626	129.2953298595	1.19457908505	0.26968713297	-1.53969773401	-2.72425368651	0.32115087626	162.61753019	0.60575268617	0.63509928693	0.60260059875	1.1015927525	1.09547484142	4.14044352253	4.02252016843	4.08566783031	4.3616855372	164.061963305985	167.367916436831	321.576204875	728.763206065	42.520963	45.51227	0.14717767547	0.28246515973	2.37852347732046	5.94564651865589	7.84333694581351	-35.9973986392421	123.123349366679	115.244512109639	26.795	32.2865	57.9898	22.2716	0.96597	25.502671	0.089061313	2.07	6	0.6375	3.05	62.99844198	1.251512	0.00394715557	41.271	0.0080058094	0.805	33.1	51.38931718221	0.866512205011191	0.254702330001411	62.547382595104	2.08	27.54	8.80456371427911	122.856502243989	94.3069999999999	5.59328612121213e-06
7717	76.25	98.5738312409813	10.3824853	1.70711167999989	6.48225375	4.76059094364	129.1944837908	1.2025174463	0.27396920903	-1.536124238	-2.88887765814	0.32094028317	160.413274033	0.60820143779	0.64081412622	0.60087197787	1.10124771553	1.09537377093	4.14516532038	3.99469141001	4.08939595943	4.35743693652	163.879881164138	167.059118155737	332.631949119	729.666551487	43.2421669999999	46.076643	0.14624775698	0.28146637536	2.48025221847432	5.84236152459075	7.83459711168057	-35.9895002620581	123.481186067014	114.396308042594	27.03	31.8524	58.917	22.4517	1.01887	25.530608	0.088845809	2.05	5.95	0.6375	3.03	60.87850504	1.173687	0.00374165607	40.476	0.0079807516	0.785	34.09	47.29715316651	0.860942753791679	0.288259163334744	62.613348464404	2.09	26.628	8.87123648656452	123.838785393869	93.2099999999999	1.10323113809524e-05
7757	78.3863311185436	99.0745325641026	10.5211859	1.71890297999989	5.24635083	4.77676436626	129.2953298595	1.19457908505	0.26968713297	-1.53969773401	-2.72425368651	0.32115087626	162.61753019	0.60575268617	0.63509928693	0.60260059875	1.1015927525	1.09547484142	4.14044352253	4.02252016843	4.08566783031	4.3616855372	164.061963305985	167.367916436831	321.576204875	728.763206065	42.520963	45.51227	0.14717767547	0.28246515973	2.37852347732046	5.94564651865589	7.84333694581351	-35.9973986392421	123.123349366679	115.244512109639	26.795	32.2865	57.9898	22.2716	0.96597	25.502671	0.089061313	2.07	6	0.6375	3.05	62.99844198	1.251512	0.00394715557	41.271	0.0080058094	0.805	33.1	51.38931718221	0.866512205011191	0.254702330001411	62.547382595104	2.08	27.54	8.80456371427911	122.856502243989	94.3069999999999	5.59328612121213e-06
7767	78.3863311185436	99.0745325641026	10.5211859	1.71890297999989	5.24635083	4.77676436626	129.2953298595	1.19457908505	0.26968713297	-1.53969773401	-2.72425368651	0.32115087626	162.61753019	0.60575268617	0.63509928693	0.60260059875	1.1015927525	1.09547484142	4.14044352253	4.02252016843	4.08566783031	4.3616855372	164.061963305985	167.367916436831	321.576204875	728.763206065	42.520963	45.51227	0.14717767547	0.28246515973	2.37852347732046	5.94564651865589	7.84333694581351	-35.9973986392421	123.123349366679	115.244512109639	26.795	32.2865	57.9898	22.2716	0.96597	25.502671	0.089061313	2.07	6	0.6375	3.05	62.99844198	1.251512	0.00394715557	41.271	0.0080058094	0.805	33.1	51.38931718221	0.866512205011191	0.254702330001411	62.547382595104	2.08	27.54	8.80456371427911	122.856502243989	94.3069999999999	5.59328612121213e-06
7917	68.75	97.7715883838384	10.4229015	1.61210705999989	5.37143465	4.77237552874	129.9479961563	1.19124396082	0.26959490155	-1.83827720375	-2.60961613144	0.32004665933	160.310013813	0.60846059812	0.6340697656	0.59648760271	1.10011275287	1.0953638318	4.1264307845	4.01031739463	4.07972646538	4.36145214149	163.534584439866	166.979650333243	321.157646393	708.10572302	43.37814	45.690715	0.14681152068	0.28270124837	2.48756914134035	5.91177310040462	7.89057013111407	-36.0259891445356	126.839426807755	115.197684153844	26.687	32.7999	57.9186999999999	22.2464	0.91256	25.13766	0.088467685	2.05	5.91	0.655	3.03	64.38479098	1.118213	0.00383301408	40.076	0.0078378826	0.7925	35.01	50.03676287781	0.854722753791678	0.277785847008214	62.3703268478646	2.08	30.246	8.2474876869829	121.95339861039	96.355	-1.48350602857143e-05
7947	81.5	92.8672932534133	10.7983419	1.49075914999989	6.34054081	4.78269808213	128.4488153904	1.20170339588	0.27284198297	-1.42714316004	-2.87980121311	0.32070214283	162.464745213	0.60627214398	0.6495201474	0.59955243471	1.10112132158	1.09584262249	4.15966562461	4.02151696378	4.08373138447	4.35414657138	164.081545053814	167.257680965805	326.921591583	720.978133703	43.451304	45.392482	0.1470857434	0.28325006809	2.38649547666063	6.16609242397597	7.94869342940858	-35.9668385179996	122.961649029979	114.574505275131	26.931	32.3015	59.3399	22.2609	1.04633	25.449331	0.0867612679999999	2.07	5.92	0.6075	3.03	60.0964605	1.261488	0.00376328334	40.93	0.0079067304	0.8125	34.21	49.53402706103	0.868852205011191	0.307175847008214	63.050421924604	2.07	27.458	9.03645914554054	123.44706293346	93.4719999999999	1.1609509e-05
8037	78.3863311185436	99.0745325641026	10.5211859	1.71890297999989	5.24635083	4.77676436626	129.2953298595	1.19457908505	0.26968713297	-1.53969773401	-2.72425368651	0.32115087626	162.61753019	0.60575268617	0.63509928693	0.60260059875	1.1015927525	1.09547484142	4.14044352253	4.02252016843	4.08566783031	4.3616855372	164.061963305985	167.367916436831	321.576204875	728.763206065	42.520963	45.51227	0.14717767547	0.28246515973	2.37852347732046	5.94564651865589	7.84333694581351	-35.9973986392421	123.123349366679	115.244512109639	26.795	32.2865	57.9898	22.2716	0.96597	25.502671	0.089061313	2.07	6	0.6375	3.05	62.99844198	1.251512	0.00394715557	41.271	0.0080058094	0.805	33.1	51.38931718221	0.866512205011191	0.254702330001411	62.547382595104	2.08	27.54	8.80456371427911	122.856502243989	94.3069999999999	5.59328612121213e-06
8057	78.3863311185436	99.0745325641026	10.5211859	1.71890297999989	5.24635083	4.77676436626	129.2953298595	1.19457908505	0.26968713297	-1.53969773401	-2.72425368651	0.32115087626	162.61753019	0.60575268617	0.63509928693	0.60260059875	1.1015927525	1.09547484142	4.14044352253	4.02252016843	4.08566783031	4.3616855372	164.061963305985	167.367916436831	321.576204875	728.763206065	42.520963	45.51227	0.14717767547	0.28246515973	2.37852347732046	5.94564651865589	7.84333694581351	-35.9973986392421	123.123349366679	115.244512109639	26.795	32.2865	57.9898	22.2716	0.96597	25.502671	0.089061313	2.07	6	0.6375	3.05	62.99844198	1.251512	0.00394715557	41.271	0.0080058094	0.805	33.1	51.38931718221	0.866512205011191	0.254702330001411	62.547382595104	2.08	27.54	8.80456371427911	122.856502243989	94.3069999999999	5.59328612121213e-06
8077	57.75	105.443533547727	10.2177509	-0.498248920000214	4.78279619	4.79236306728	129.4709015215	1.17500929234	0.2681385997	-1.82140329842	-2.85535257335	0.32307313167	156.398439269	0.60982464781	0.62517918231	0.5937033775	1.10074775932	1.09542360734	4.11556853044	4.01199136667	4.07576936734	4.35084791988	163.500468300709	167.20901330966	277.845437148	671.884612514	44.255611	47.515868	0.14689373361	0.28547202419	2.40502556236597	5.60748152876602	7.94719732041211	-36.2651425495575	123.040052910049	115.437323560273	25.973	33.9786	58.2421	21.9437	0.70016	22.068122	0.089619189	2.07	5.79	0.6725	3.06	62.13137634	1.055895	0.00386125638	39.859	0.0078894137	0.8075	37.37	50.14739241129	0.822056982057975	0.265826102728683	61.7298899525378	2.1	29.945	7.4338502849683	122.544593668378	98.6319999999999	-7.19825575714286e-05
8132	67.33333333	87.924472999223	10.5558429	0.742676759999786	5.45206736	4.77194856545	130.2137412633	1.16911078189	0.26966224388	-1.89303174945	-2.83468986028	0.32136916407	157.987693051	0.60681541529	0.6327468482	0.59460493077	1.10030598035	1.09582561243	4.11243145697	4.0159542087	4.08053894416	4.35084279673	163.295464597692	167.365524539594	305.029770969	701.261110457	43.853102	46.290295	0.14839375242	0.28444133227	2.44826297983278	5.81722130620559	7.87431703630101	-36.0664134611239	122.755608465606	115.054618411837	26.235	32.9273	56.5367	22.0883	1.0017	24.07731	0.089731952	2.09	5.94	0.665	3.04	62.86894318	1.141065	0.00376373966	40.247	0.0078535869	0.795	35.65	52.80683989756	0.851550026518952	0.298489847008214	62.3989975392498	2.1	24.648	8.05310821485132	121.299900855477	92.3939999999999	-5.53013488571429e-05
8171	78.3863311185436	99.0745325641026	10.5211859	1.71890297999989	5.24635083	4.77676436626	129.2953298595	1.19457908505	0.26968713297	-1.53969773401	-2.72425368651	0.32115087626	162.61753019	0.60575268617	0.63509928693	0.60260059875	1.1015927525	1.09547484142	4.14044352253	4.02252016843	4.08566783031	4.3616855372	164.061963305985	167.367916436831	321.576204875	728.763206065	42.520963	45.51227	0.14717767547	0.28246515973	2.37852347732046	5.94564651865589	7.84333694581351	-35.9973986392421	123.123349366679	115.244512109639	26.795	32.2865	57.9898	22.2716	0.96597	25.502671	0.089061313	2.07	6	0.6375	3.05	62.99844198	1.251512	0.00394715557	41.271	0.0080058094	0.805	33.1	51.38931718221	0.866512205011191	0.254702330001411	62.547382595104	2.08	27.54	8.80456371427911	122.856502243989	94.3069999999999	5.59328612121213e-06
8214	54.5	177.250358181063	3.25	3.25	18.925	4.393722222	164.5991111	0.5958597	0.300707872	0.951111111	-3.587157895	0.31195	139.2894167	0.5546	0.610222222	0.5583	1.099858263	1.107096668	3.702388889	4.25925	4.361357143	4.3407	156.7142857	163	230.493019	548.2727494	39.7426	40.7179	0.165800521	0.304149386	4.31189935817935	5.59713410867711	9.12424689937619	-35.5781809271	126.6666666667	108.0459	30.706	35.1131	61.0283	23.8966	0.96	23.248	0.0995303	3	7	0.5	4	77.6094	1.1831	0.00148823	44.8	0.00913833	1	21	52.59296148821	0.65494	0.469782475861556	92.30769231	3	53.2	3.289318182	110.7427139	67.5	-5.49e-06
8222	93.25	128.033138645618	18.5	22	24.0221	4.75770122978	133.0511129868	1.50322044659	0.27599357444	1.4986033622	-3.74027069595	0.33519183507	152.608391514	0.60753425298	0.63234006333	0.62063337925	1.1137450902	1.10342969985	4.17461734149	4.03752222858	4.15491066166	4.44270839276	164.338021685714	167.148114269524	274.258017729	656.959030118	42.76344	43.100472	0.123870706	0.282300866	2.74945825999902	7.50633199597118	8.08389731683144	-34.7779005642784	133.3333333333	104.507	30.44	33.0356	61.5795	22.9553	1.265	15.2843	0.103666328	2	7	1	3	56.26341078	0.767	0.00581698741	43.79	0.0081136404	0.5	39.89	0	0.562323256941835	0.25217324410718	41.15384615	2	33.228	17.76363636	129.0643889	62.1	5.00175395805959e-05
8227	100.589694705982	83.9479133424908	9.6285555	17.54671404	4.15165151	4.7411375682	129.9973557963	1.26384530759	0.26753355083	-1.40889434429	-3.66582581781	0.32563476657	159.351591222	0.60469286121	0.64085713846	0.62100416998	1.10535736448	1.09576718016	4.19669438329	4.0383140721	4.10764866354	4.36903789942	163.6666667	169	305.265701392	669.091423759	42.637569	44.734115	0.13178430789	0.27705158274	2.3267881153803	7.87563236559637	7.72761152928878	-35.5398668206	133.3333333333	104.2488	28.793	31.965	59.9348	22.8665	1.73705	25.932203	0.0882987039999999	2.24	6.22	0.4575	3.12	62.18893596	1.574879	0.00525386563	43.203	0.0085415715	0.755	22.19	23.07681986411	0.724483901360341	0.300689957533298	61.3979667420083	2.08	24.578	14.3691099212521	101.170772736215	92.388	9.93492945833333e-05
8230	103	98.1936613574891	-3.7082495	29.4126654999998	-1.34442167	4.573	104.2671429	2.169495316	0.263947273	-2.822952381	-3.833708333	0.221	154.0773333	0.6365375	0.758238095	0.585478261	1.080131593	1.085575859	4.113238095	3.729916667	3.765333333	4.208826087	166.5	172	286.187013443	695.774701151	41.362218	45.356487	0.13384469321	0.29089221072	2.12838272976146	7.9185216016668	7.70103826453171	-34.8491295934625	136.138766339864	108.179655538836	29.37	31.8675	57.9175	22.6128	2.941	26.174367	0.0929807729999999	2	7	0	3	47.57132906	2.489	0.00599007857	41.725	0.0081512242	1.5	38.17	13.46153846	0.556776998575202	0.208786027656964	49.25	4	30.655	15.22054299	83.45646952	93.745	0.000120014
8231	108.6666667	90.9726358999334	-4	6	18.925	4.826888889	158.9037222	0.876660411	0.239774685	-8.694	-10.36821739	0.312130435	123.72835	0.760735417	0.715055556	0.747043478	1.097474875	1.096604892	4.388222222	4.054043478	4.1311	4.624826087	168	172	293.724325464	722.661584493	42.540238	45.729298	0.157810998	0.314734632	2.39015524481905	6.68547778416596	8.01682520550816	-36.5241112118	133.3333333333	104.6383	31.17	31.309	56.5571	22.7512	1.882	25.433628	0.103538654	2	5	0.5	3	48.59571536	0.903	0.00542467185	41.032	0.0080316594	1	44.58	3.184713376	0.652558637943035	0.321253127917834	69.4375	2	34.122	19.40630303	83.22481334	89.953	-0.000122292
8233	69.25	121.443219906301	8.3814116	4.03594759999968	8.73507013	5.356615385	116.2764615	1.182305011	0.31165873	4.238307692	3.2241875	0.366235294	173.4113333	0.539380556	0.698076923	0.586823529	1.103711832	1.082486579	3.874076923	4.0165625	4.0276	4.906117647	162.152630244211	166.76127083575	294.936121656	679.217312603	41.548811	45.096214	0.14146327293	0.28884669664	2.87755358161046	6.80551492358943	8.26808251625558	-35.8073018108595	135.271203703701	112.702343106649	30.01	33.3296	57.4615	22.2449	0.627	27.6007	0.092924929	2	7	0.5	3	54.2756193	1.875	0.00414209094	40.832	0.0078423186	1	38.84	49.64270995107	0.741218332377833	0.261503790505226	61.2287529198842	2.37	38.677	8.63144235998766	117.02434357128	91.744	4.2474395e-05
8234	92.75	90.8738999673937	51.1936	13.0564	32.1657	4.76977195305	126.284843432	1.37175559013	0.27456671262	-0.72889442242	-3.37254157663	0.31591849232	156.9757715339	0.60014856599	0.64005293473	0.59470144264	1.10581297347	1.09828471424	4.16360954508	3.99683825115	4.08920165746	4.38708759322	166	167.347733617808	302.90576807	679.211080335	41.563604	44.201429	0.15646538	0.29236534	2.71757892752799	6.7755903505284	7.69470472224696	-36.1761639721	153.3333333333	95.3684033989	29.603	32.0976	57.0882	22.8714	1.75942	26.959263	0.094286065	2.22	6.42	0.575	3.07	56.27808742	1.389721	0.00479691805	44.603	0.0083374301	0.8325	34.83	31.66560545365	0.639792477117916	0.31879583776183	63.5506287926972	2.24	30.244	14.7217415382633	109.173007876828	88.861	0.000134871597833333
8235	68.75	116.446456181319	9.41144	4.75	1.17502	4.75271141392	135.9181764877	1.28839131209	0.28328610855	0.99542396445	-2.84306069058	0.33133844388	151.9698700239	0.60680846832	0.639615169450001	0.60711514649	1.11798964302	1.11029116977	4.06953419208	4.00845703049	4.09674874556	4.44832043394	165.6	165.3333333	262.670073363	709.655811082	42.009282	44.165945	0.153939109	0.321121383	3.01651235663522	6.47103747440154	8.21631111632508	-35.980963751185	138.066666666673	110.499048264187	30.5	28.7804	57.9299	22.7427	1.169	33.7558	0.102828504	2	7	1.5	3	51.3349771	0.825	0.00450940649	41.514	0.0080586251	1.5	38.42	53.35154457544	0.704131025607583	0.295284683356389	67.5380291884467	2.415	40.977	9.68871231149058	120.905881638208	94.076	-0.000103889908571429
8236	64.66666667	127.785451409596	4	-7	8.57516	4.75025	178.633	0.881591578	0.255576935	7.364333333	0.23625	0.336647059	167.2865333	0.520863492	0.759166667	0.546	1.121554643	1.095277172	3.892083333	4.295833333	4.1666875	4.899941176	163	167	276.694954795	700.508973357	41.778866	43.765154	0.174947705	0.373408865	2.95795119010664	6.02218331129374	8.11825489508535	-36.0611939601322	138.994444444452	110.459730295452	29.943	32.545	62.6245	22.4464	0.114	19.3497	0.105349378	2	7	0.5	3	43.75444196	1.072	0.00381408633	38.593	0.0076300643	0.75	32.27	46.39738793928	0.696460216216216	0.368353790505226	64.5491279180922	2.5	43.988	9.32661866453481	118.553959123382	94.5	-0.00015490421
8237	98.75	92.2023487408425	20.75	28.5	4.56770174	4.78772499474	131.5261555294	1.29826908134	0.2734801574	-1.28473418883	-3.96053173328	0.32788159388	161.872932378	0.61238622259	0.611493215280001	0.62675528043	1.11213109871	1.10209540284	4.19455246881	4.05475239429	4.12555364425	4.40000412429	161.6666667	172	299.962300101	677.292103387	42.05386	44.057068	0.1296943932	0.28413120489	2.80823116858337	8.11543080507154	7.86076848654632	-34.4818628471	140	107.0484	29.086	33.4493	59.7869	23.1051	1.063	25.83313	0.0983363399999999	4	7	0.5	3	53.5120242	1.385	0.00586081355	40.348	0.0085407778	0.875	24.97	0	0.576383457080354	0.349149523147584	46.85990338	2	32.835	15.8875823222133	109.277669783614	87.941	7.05596938888888e-05
8238	52.25	106.446171428571	11.4617445	-0.525716710000214	3.80215884	4.75941989002	133.8184110658	1.2028626974	0.27955223419	-1.3057871329	-3.23944892247	0.32198481375	150.7063219609	0.59786763973	0.649383899280001	0.59070065075	1.10564656679	1.09513436084	4.11668950346	4.00599367934	4.10688504343	4.33201033503	163.458102847047	166.910826389239	280.72906148	696.721812126	43.674067	45.240382	0.14035602478	0.2850965263	2.64899583948077	6.05985099550565	8.28947114739061	-35.826758495547	134.054629629628	111.956111046223	29.294	32.658	57.6657	22.6046	0.86169	26.196734	0.091722919	2.14	6.32	0.5975	3.02	58.36515052	1.176654	0.00370637775	38.762	0.0080145259	0.9125	31.78	48.16574674361	0.756205227272727	0.334608798441734	62.0597379675317	2.27611111111111	30.736	9.41190183584433	113.89420581262	83.423	2.97699256666667e-05
8239	42.5	154.747095	13.25	-10	5.67502	4.7184	186.2415	0.991906698	0.235965545	-6.02015	-5.965333333	0.247666667	176.83405	0.631123485	0.7781	0.649190476	1.089053622	1.090265011	3.8573	3.79195	3.74295	4.085571429	162.196883787686	167.299722221622	271.430021079	703.616252033	41.979838	45.022121	0.160276557	0.385284604	2.54979044695207	6.11666801356568	7.91054633295375	-36.7125434788962	140.602645502647	108.823943542828	29.59	31.4949	57.3127	22.2402	0.062	19.8578	0.098935074	2	7	0.5	3	52.75243992	2.269	0.00384328744	40.9590000000001	0.0075197377	0.5	42.14	45.92319686048	0.650673636363637	0.413445513888889	62.1216057413057	2.64	39.661	8.27819608150875	122.449420457133	114.7	-0.000212421063333333
8240	83	136.46115940961	22	26.25	-102.575	4.486357143	53.86642857	2.920410815	0.332457049	7.092428571	4.9413	0.33925	149.1230526	0.554665079	0.633857143	0.6115	1.116137786	1.095166346	3.791071429	3.76085	3.847526316	4.1353	165.6	166.3333333	275.42771067	691.989763228	43.19832	46.220297	0.13382361	0.293424968	3.17049707148325	6.76299003145908	7.58094007739134	-33.0135695082	120	99.3768081256	30.48	30.5936	57.4385999999999	22.677	1.434	26.308694	0.105138748	2	7	0.5	3	57.00938892	0.86	0.0071908479	46.54	0.0079706693	1.5	41.55	0	0.543191000758063	0.34193070442464	53.25925926	4	36.435	13.58280303	101.0074091	102.9	-0.000681812
8241	66.25	103.951414772727	3.59774	1.67346	10.5823	4.637235294	103.7331765	1.216483995	0.418245472	7.768470588	-1.666315789	0.295277778	140.7658	0.546689394	0.567764706	0.604444444	1.108870006	1.090416905	3.971	3.96275	4.084117647	4.106722222	165.75	168	269.478909733	682.580546519	42.522224	46.24363	0.170185895	0.333782864	3.11824767592148	6.49830310440032	7.78793742772881	-37.084258891	120	120.0119	30.801	30.2552	56.9704999999999	22.9451	0.37	30.7219	0.104761016	2	7	1	3	45.87056808	1.146	0.00532994255	44.455	0.0076681642	0.75	37.23	6.040268456	0.607003323549096	0.323421657679738	86	3	32.059	16.1398895565646	113.203820800943	62.6	-9.93961966666666e-05
8242	132	112.471239713065	-10.25	29.5	-11.575	4.76173176661	136.6498526674	1.34323011607	0.27586409756	1.41578941106	-3.07631118103	0.31294679076	154.281221298	0.60538480155	0.64025411665	0.60154713308	1.11631276768	1.10482076668	4.13331888523	4.0010699425	4.10549752598	4.41667579267	172	168.111648148211	286.585649169	669.264383964	41.499996	45.130596	0.124643006	0.296062111	2.63299852824837	7.37633257038399	7.89721609325562	-36.0626641389	143.3333333333	100.6902	29.54	32.9139	60.9219999999999	22.5697	1.248	25.469468	0.095347825	2	5	0.5	3	49.799014	0.636	0.00577402363	47.199	0.0083005177	0.75	31.43	19.58041958	0.672721511983951	0.354824115902052	65.9008541562766	2.47	26.51	16.2620186181071	112.094236626216	95.9640000000001	4.53068294117647e-05
8243	68.25	138.292397435897	16	12.25	5.94296855	4.76681293387	128.6235813669	1.35644016569	0.27487590369	-1.14044265079	-3.26210498784	0.32067491443	148.866817063	0.60588028802	0.634558054410001	0.58023121004	1.10538511035	1.0957352491	4.1056994997	3.97342544627	4.13863135703	4.37119861633	155	163	262.654968856	673.653941723	42.295714	44.640448	0.14853784765	0.28912182372	3.0707474167842	5.60919953392319	8.00675623721145	-35.9555719020239	131.816798941802	110.209911611787	27.62	31.5819	57.272	22.1334	3.598	25.6035	0.089176212	2	7	1	3	57.19639776	0.958	0.00370015321	41.757	0.0079271039	1.5	40.88	37.94511421145	0.651304647727273	0.218208017660954	57.5869076949591	2.24714285714286	32.713	7.31729745210273	130.140109847522	86.91	0.000114514051515406
8244	58.5	93.4160498992674	7.5	-14.5	9.92502	4.76513939129	133.7953249812	1.15699057907	0.2661328121	-0.46656298693	-2.39472715241	0.31615693312	147.9407931869	0.60140579286	0.63788939629	0.58722347965	1.10882669014	1.09800649921	4.12770038861	4.00603144365	4.11757160025	4.36332427314	165.3333333	165.768722223467	279.830166463	687.42807686	42.194178	44.773911	0.132652593	0.256545069	2.31777628362208	6.20536254776031	7.88670229284325	-35.9830293744149	141.773544973548	109.181129976118	28.002	31.9181	58.093	22.1008	1.15569	26.526568	0.098824296	2.15	6.25	0.6875	3.07	51.99248122	1.131999	0.00427430666	43.592	0.0079678672	0.845	33.12	36.17207505132	0.708578653594771	0.294427687330623	63.8028630347618	2.16111111111111	26.672	12.0776761005221	120.697202552643	92.577	-2.79629219655173e-05
8246	76.5	92.8054352686203	-21.75	0.25	0.675016	4.79803691799	126.4476551473	1.31230902354	0.26921572809	-0.37907498099	-3.36651031934	0.3274611791	154.8824471379	0.60298569036	0.62766526577	0.61718937337	1.10955872784	1.09885293444	4.15234819559	4.01529706595	4.1375200358	4.40569245604	167.6	167	283.385502631	690.235668805	42.278544	43.907584	0.1160963	0.290429621	2.50188903981359	6.16373877177174	7.8343063906545	-35.8181309374676	141.526792929292	109.761001769953	29.643	30.2932	58.8592	22.6062	1.68554	27.15874	0.0955727709999999	2.3	6.21	0.625	3.03	57.92165466	1.335203	0.00501019537	41.112	0.0083411667	0.7975	28.08	39.37205248516	0.664946615312792	0.270419321343402	63.4728562082059	2.20311111111111	29.499	12.6956116470732	117.01614009182	82.923	8.67332230344827e-05
8247	94.66666667	106.015895963065	15.0765	15.4235	7.65820257	4.722125	135.4766875	1.131910284	0.265698492	-1.406875	-7.839466667	0.349333333	154.5345	0.6702575	0.594875	0.476866667	1.111937368	1.100309873	4.3464375	4.038375	3.949611111	4.158266667	165.6666667	167.900083334667	291.664715046	710.138786573	41.819598	45.540541	0.13850400695	0.28829765802	3.23575249287757	7.28075966089836	8.1171871533672	-37.2226874408	173.3333333333	99.1424942699	29.87	34.8154	60.9019999999999	22.4856	3.151	25.774414	0.105794301	2	5	1	3	45.7589919	2.093	0.00478691347	43.659	0.0083828698	1	28.07	94.93670886	0.669300841035841	0.352575865800866	84.93265993	2	44.527	14.71284615	113.7523636	84.422	0.000298662
8249	88	126.08476629519	15.4671	16.0329	9.40968717	5.065533333	126.5235333	0.973814442	0.267213603	-0.464066667	3.8831875	0.371	132.5118235	0.608259848	0.769666667	0.642176471	1.191657241	1.115784855	4.357333333	4.204888889	4.230222222	4.628470588	165.5	167.6666667	285.310799558	704.965150715	42.10435	45.904812	0.14249989019	0.29557078502	3.16714077938349	6.63465890372704	8.37721936749521	-35.3944447491193	146.6666666667	99.2033209795	28.817	34.0352	57.7197999999999	22.5701	1.183	21.3641	0.09377616	2	7	0	3	53.63652716	1.281	0.00446149783	43.386	0.008170813	0	22.38	99	0.705683878787879	0.346645660385366	91.10671937	2	41.452	10.32659722	88.01015087	85.583	0.000521195
8256	45.25	123.978004070661	17.25	-13	10.175	4.836352941	141.4685882	0.973000599	0.244445735	0.674176471	-2.611	0.318315789	129.3483571	0.53748	0.511294118	0.518842105	1.095914128	1.090400753	4.097411765	3.703789474	4.393642857	4.412736842	162.910435372436	167.40543790985	257.197697784	683.711624847	43.15237	47.789686	0.14764173666	0.28999842903	2.67422638215923	5.84746457410344	7.98282400111253	-36.7570756625	146.6666666667	111.5728	29.46	33.5003	58.2306	22.5308	0.037	21.7333	0.090747977	2	7	0.75	3	51.25466018	1.79	0.00341840444	38.415	0.0073611221	1	42.04	78.7037037	0.76851091398699	0.465803944115525	62.1825470672872	2.41	40.769	7.460344828	111.4483748	89.613	-0.00018704126
8258	75.7263762007181	102.583354058442	4.75	-13	6.42775917	4.727866667	148.6956	1.055091265	0.2360103	-3.212866667	-0.471105263	0.287263158	135.2565	0.578671014	0.794	0.653315789	1.095303088	1.087918485	4.2152	3.652409091	4.147190476	4.327631579	165.083315416326	167.923666668	268.831921536	677.340510053	42.279398	46.967865	0.14304746147	0.29106953724	2.7073621455351	6.15602141830046	8.29302650396725	-35.5644171060802	140.424999999998	106.429202724653	29.33	35.1203	62.4074999999999	22.6259	0.338	39.3497	0.083213241	2	7	0.5	3	46.0534977	1.019	0.00378047458	40.82	0.0079482397	1	28.36	0	0.688087662337662	0.313973276574713	67.75362319	2	33.162	12.9005929200674	113.10797941788	83.629	5.10558843678161e-05
8259	65.5	133.0558309646	3.5	-9.5	5.83554587	4.87325	159.9145	1.049028797	0.234519483	0.51175	-2.819238095	0.28047619	137.7287647	0.608676087	0.61975	0.66052381	1.095411324	1.098790282	4.2915	3.535526316	4.255619048	4.333857143	165.018356152479	167.15108974441	276.576368328	687.300725688	42.35895	45.694913	0.14661774	0.29128135685	2.66733190123132	6.12174169787807	8.36370816299593	-36.7682487204	140	98.874	28.091	34.7212	60.3556	22.4449	0.364	23.9354	0.0930568960000001	2	7	0.75	3	43.2243939	0.883	0.00350002446	41.088	0.0078450482	1	28.75	28.47682119	0.660211061093561	0.289713456111392	95.65217391	2	31.168	10.4173911332245	119.586715369843	80.292	2.18602434117647e-05
8264	63.5	180.566887718757	7.75	11.25	11.7433	4.8008613811	130.6424571842	1.47964360298	0.28115519863	1.62604565069	-3.05336335869	0.33412821097	153.33151564	0.60424374736	0.64008822182	0.60822551114	1.11262619968	1.10921963874	4.07083369163	3.99977981918	4.14669015895	4.44943827232	154	167	252.812998251	671.831883841	42.395996	42.765445	0.235570544	0.303320558	3.08165462516725	5.6051132223801	7.59175143215346	-36.1364826481181	140	110.9138	27.6	36.4	61.2	20.9	2.14844	31.7243	0.115429	2	7	0.5	3	75.2855	1.137301	0.00487822	44.7830000000001	0.00846379	1	61.16	31.14295978795	0.578515175153794	0.146656598285008	43.11111111	3	47.05	8.28545850628521	133.842668638474	85.026	-8.51123025714286e-05
8283	82.66666667	100.901586419414	41.5	2	4.6119	4.77043520481	142.0986385987	1.5243118998	0.25990850884	0.28814349195	-3.55684014894	0.3270294962	155.017564288	0.61552923625	0.65018249482	0.60820910726	1.10857742517	1.10543252551	4.12905913588	4.07176832479	4.13489933044	4.38047935081	165.108327383833	167.526449494364	269.379102657	688.925705002	41.578911	43.613562	0.13934070929	0.28643517961	3.08494759338042	7.39379724404814	8.10564752539023	-35.3654851353679	153.3333333333	119.7422	29.696	34.3532	60.0404	22.4726	2.073	20.3714	0.0963188779999999	2	7	0.5	3	46.45558428	1.85	0.00510385979	46.271	0.0080705184	1.5	32.62	99.23076923	0.706946517829468	0.435101778711484	94.37321937	3	32.897	14.960468639154	113.8734078961	91.372	-3.6272707e-05
8284	76	135.427028886555	-13.5	11.75	-20.075	4.7798	161.9742	1.219901707	0.194469034	1.02215	-0.523052632	0.273380952	127.8601111	0.544470455	0.6628	0.491857143	1.090481193	1.085809044	3.7671	3.60645	4.181888889	4.136238095	163.900410873643	166.302756376576	274.670342834	679.405871563	41.935361	45.108383	0.14107583925	0.29251821413	3.1934613024691	6.09809208162691	8.2471299149322	-35.8182350625948	138.943386243385	108.950615355558	28.191	32.4873	58.902	22.4287	0.85	27.0325	0.090251979	2	7	0.5	3	51.34298502	0.696	0.00351998682	39.327	0.0079416842	1	38.64	50.9662472493333	0.626810299862739	0.334194537670759	62.6123038690248	2.35611111111111	37.255	9.12312354545015	115.969280623455	87.534	-3.354157e-05
8285	51.66666667	144.882774400331	10.5	-5.75	4.06078310000001	4.70465	139.9837	1.331923602	0.248791437	-4.33675	-8.551863636	0.287521739	170.0539375	0.718348551	0.63625	0.668956522	1.093008682	1.086982875	4.0112	3.562375	3.968142857	4.07873913	163.277711635672	166.85843055925	248.298360284	688.874022466	43.10614	45.998361	0.14085056805	0.28806765226	3.4046938203619	5.59889239413571	8.18470252397759	-36.372499992356	135.260978835982	111.589147827357	27.437	34.5877	60.7841	22.7063	0.06	16.9662	0.097482564	2	7	1	3	51.82156026	0.623	0.00352596518	37.849	0.0075780916	0.75	42.35	44.27697222078	0.689338759018759	0.451201902777777	61.0736919358538	2.34611111111111	40.587	7.98547985893958	125.018836145915	81.372	-6.4293325e-05
8290	44.25	113.863666066998	8.7791537	1.51576175999968	5.32008248000001	5.067526316	188.0931579	0.932822002	0.185705545	-10.31436842	-10.699	0.27425	107.8990833	0.621902381	0.663526316	0.54995	1.12801484	1.125845279	4.244631579	3.6566875	4.0124	4.84915	161.899599864	166.420580809258	249.628492823	688.012699316	41.786967	45.161376	0.13405542492	0.28520743879	2.8219183726654	5.57598360811736	8.12024460742812	-36.2471501734849	133.200793650796	112.799116972817	27.787	33.5206	58.318	22.8097	0.157	19.3802	0.088264422	2	7	1	3	61.1091647	0.402	0.0034253014	38.413	0.0075666417	1	36.91	46.8397266975	0.731750505050505	0.366008687330623	58.8545522770738	2.2	36.6	8.18000460228715	123.812746415123	80.4	-4.4554065e-05
8297	79	124.642901538462	-5.25	2.25	23.175	4.318692308	123.0656923	5.699986639	0.318263757	-4.729692308	-7.737066667	0.2913125	159.4953125	0.748557407	0.69175	0.6479375	1.098536429	1.084135353	4.106692308	4.02425	4.040529412	4.5521875	161.92606402712	167.711388887	279.680210474	677.235311682	40.907462	44.171861	0.151043207	0.298346951	2.29198582185818	7.20976302510669	7.42564111707577	-35.6943277315329	138.873333333335	110.928479412843	35.4	28.7	43.7	21.1	4.352	26.314196	0.161973	3	5	0.5	3	78.7292	1.253	0.0106649	48.933	0.0080516336	0.5	43.57	47.73632156928	0.708156869810987	0.349479948216509	64.0886074706826	2.34	33.656	10.7024213614137	119.310521948533	89.048	-2.32986142857143e-05
8306	95	128.991154746805	41.0614	45.4386	49.2734	4.4485	222.8307222	0.81839333	0.200605341	-3.679055556	0.06747619	0.252666667	150.6119474	0.545035606	0.686	0.523333333	1.086657403	1.0810581	3.724055556	3.482842105	3.45775	3.884047619	166.083555558595	167.155744704254	279.300934496	663.11096775	41.436513	44.776934	0.160387225	0.301798572	2.1712751618001	6.82585880169304	7.46009530296699	-35.1386894156287	160	104.5781	30.513	31.1289	58.1839	22.3673	0.81	26.872047	0.0988277269999999	2	5	1	3	52.61512962	0.804	0.00590369002	48.942	0.0078251527	0.75	50.26	0	0.57933591403645	0.359232174662736	23.2173913	2	33.154	15.5887609525733	111.877451820245	99.71	1.5114858e-05
8307	64.25	84.9800333424908	11.3392069	8.68942464	5.33127607	4.74480757056	129.824984474	1.24104130757	0.27453219718	-1.4311630835	-3.55166921771	0.32090116045	163.235162425	0.60548319359	0.64640914724	0.60154092373	1.10588363808	1.09656793214	4.18363505878	4.02211491754	4.11967961629	4.35618743272	165.467905829039	167.979388888917	295.544280507	676.718606922	42.836681	46.046659	0.13770543958	0.27546728135	2.17085510369439	7.25652770533135	7.82923691725446	-36.609873762	166.6666666667	111.3477	27.917	32.7521	60.7503	22.7261	1.57983	26.097467	0.088071192	2.24	6.08	0.5625	3.06	60.5288134	1.573069	0.00432228359	41.065	0.0083941143	0.7875	25.51	44.73701760557	0.740090715085831	0.248089215792583	61.7992467252437	2.15	25.55	14.5882934974602	109.169813254208	87.41	7.41817980940066e-05
8311	59.25	171.722648141381	2.82811	7.5	0.675016	4.613666667	115.9478	2.101699096	0.282062233	-6.2334	-3.589315789	0.306666667	173.4678235	0.622076984	0.588733333	0.597416667	1.115077272	1.112188943	3.808733333	4.330058824	4.237277778	4.545833333	154.1666667	167	266.505861529	691.507798645	41.390992	44.586323	0.176592914	0.316553217	2.6322512399848	6.52366306155638	7.79453036540663	-36.2223287591522	141.711111111115	109.972641273124	29.627	31.8212	56.3736	21.9587	1.516	23.7801	0.110942226	2	5	0	3	53.80753632	1.009	0.00497989756	44.554	0.0078810252	0.5	44.55	21.46301611049	0.575336696969697	0.237183523730335	50.92592593	2	94.5	5.527435897	160.330043	146.4	7.97e-05
8312	52	141.507206299343	10.5	-6	6.81168141	4.647727273	212.7176364	0.720066082	0.271952128	2.680454545	-11.43642105	0.4235	182.9732667	0.727898413	0.558818182	0.671055556	1.134477653	1.14303029	3.777454545	4.3354	4.406666667	4.321777778	161.4	168.6666667	267.136400526	698.065509934	42.225153	45.695798	0.14250955815	0.30010436437	3.57227246059615	5.97046274533065	8.37185300169973	-36.4239935530576	131.011904761903	112.501367256475	28.182	36.2686	60.8393999999999	22.2137	0.328	20.0164	0.098221548	2	7	0.5	3	40.252543	0.449	0.00403738709	41.982	0.0075679744	0.5	28.94	66.19587538277	0.665933820081062	0.472845555555556	98	2	89.6	8.184423077	116.037285	77.3	0.00028386
8326	58	100.414475	8.91144	-5.5	12.925	4.7434049088	138.2944369328	1.17400035585	0.27499312658	0.987071975719999	-3.1346152377	0.32949135214	149.2580735426	0.59777550893	0.64523436952	0.60048550804	1.11217690329	1.10582116154	4.1018364119	4.02907170522	4.09474440873	4.40236977883	164.423085714233	167.492555554889	290.921555769	715.655225002	42.929036	46.337184	0.159667524	0.194416922	2.72105454832736	6.70572748770216	7.94075118425432	-35.634795556	140	104.1108	31.216	31.4172	57.8147999999999	22.8179	0.245	22.7702	0.101828702	3	7	1.5	4	48.38335784	1.468	0.00418474319	44.848	0.0078795698	1.5	30.19	43.81767447798	0.695639215425173	0.294197807099743	66.9030680163395	2.38	40.397	12.3707387794574	113.902943263462	50.7	-9.28877866666667e-05
8334	54	163.103526291486	1	-1.07e-11	7.39007674	4.8045507217	133.7836712914	1.31321755561	0.27265887431	-1.20116254949	-3.33374226952	0.3290493916	147.3639924509	0.59306371911	0.62245925301	0.58323260169	1.11287313195	1.10493105635	4.05060878779	4.023971611	4.13935352446	4.51765388486	163.12607086297	166.261478996743	294.865905568	699.871009516	42.027925	44.86902	0.14035785931	0.29567367044	2.92630586998686	6.14289087410588	8.15093636498983	-36.1123604754425	147.996666666668	107.904990084349	28.456	32.2405	57.2114	22.2097	1.69	25.5827	0.098442123	2	7	0.5	3	50.83153856	1.398	0.0042566911	37.679	0.0077076715	1	56.86	0	0.609549262915029	0.227334113515549	15.55944056	2	0	9.283454545	124.6170877	141.4	-2.81546942941176e-05
8335	92.25	107.613444123473	22	26.25	27.425	4.72185410011	132.4794045078	1.46988972758	0.27534316317	-0.80787736801	-3.0857535644	0.32294685027	153.889756735	0.61342438241	0.65841770862	0.61217850843	1.10726781921	1.09971914614	4.14806110186	4.00727128181	4.07989698703	4.3989673054	164.758879959559	167.416184637196	271.151222073	684.719011177	42.075919	42.72872	0.13631645069	0.27510045572	3.08998989158504	7.51520405624948	8.01371042310267	-34.5562568628	153.3333333333	110.8475	30.114	32.3689	57.7119	22.8134	2.782	31.8478	0.096037351	2	7	0.75	3	59.56703526	1.914	0.00623646525	42.208	0.0080922557	0.75	40.18	1	0.645619044650061	0.276868060548622	26.92307692	3	35.627	15.66571406712	108.19357433103	90.428	-1.85062857142851e-07
8337	72.5	150.497197156741	18.25	12.5	8.40718485	4.8011151395	132.2234506517	1.35895028998	0.28459035138	-0.5407994031	-3.23519391354	0.32445772494	146.951442347	0.59076669319	0.63180281934	0.59124000535	1.1080939174	1.10151432449	4.06874510549	4.00527870939	4.07150115389	4.38025369427	155	165	264.632158496	654.12538441	42.728939	45.346921	0.13945902539	0.28334225175	2.80971292871447	5.32935082782448	7.83856702617146	-36.206173133819	135.213333333334	110.524402835084	30.391	30.8409	58.1176999999999	22.2425	1.41665	24.8196	0.090930932	3	7	1	3	59.86075572	1.271256	0.00337876016	41.118	0.0078795088	1	43.51	40.07792550434	0.650205584415585	0.309830606946668	60.4578479242136	2.37	27.736	8.77786148460561	128.023018665723	81.612	2.89198358403361e-05
8343	59.75	157.195464784946	10.5	-4.5985949	4.92502	4.72306626693	139.2601160902	1.18171347816	0.26514380064	-0.20288633351	-3.85808068357	0.31360178324	149.795531707	0.5966148642	0.64264968505	0.58101239581	1.11214144375	1.0997525732	4.0351003474	4.0136619494	4.04825807968	4.40310041233	164.2	169	290.482154625	712.210571828	42.0276	45.430526	0.145360999	0.256612422	2.96904246109989	5.38885206206271	7.81175184891769	-36.388936927618	143.962121212129	111.176630315233	31.129	34.0961	59.3419	21.9756	0.166	16.7219	0.098110791	2	5	0.75	3	53.1950988	0.283	0.00430286443	38.214	0.0078108752	1	52.22	53.36099155225	0.639016800631801	0.413541865800866	67.9338435320753	2.30611111111111	33.295	9.01245638683196	127.790616267416	177.7	-0.00011162569
8351	97.5	111.546671955128	13.75	19.75	3.32418	4.771315789	230.6404737	0.916501488	0.20924199	-2.960736842	-4.742842105	0.185333333	172.1226842	0.7628625	0.631736842	0.740722222	1.065062589	1.067995704	4.349736842	4.244631579	4.18555	4.722444444	164	167	270.205763051	658.874713022	41.629258	44.029094	0.124175703	0.157336819	3.16541868126862	7.32571390538743	7.84047216266204	-35.0285688645	133.3333333333	112.7089	30.359	33.2177	58.3091	22.499	2.07	26.226848	0.10622951	2	5	1	3	44.95222506	0.723	0.00524391753	46.243	0.0078012782	1	38.76	48.51865595799	0.606238943488944	0.337776498775347	65.8521096304438	2.53833333333333	36.98	10.520625	110.993171	91.159	0.000678044
8354	58.75	161.299961666667	21.75	-10.5	6.67502	4.75692003961	139.3748453038	1.24332046188	0.27277696968	0.3775250362	-1.98826643434	0.32534869577	149.027147621	0.61219842021	0.63513357681	0.58982901317	1.1163890459	1.10725140673	4.01611438024	3.98277925684	4.14672509901	4.39968880122	160	163	271.879428884	717.450715335	43.387227	46.021518	0.110343514	0.270825633	2.98820723415704	6.6931006732958	8.24789426171208	-36.5012131168367	140.733333333334	109.895621498828	30.146	31.6418	58.8752	22.0849	0.361	22.0552	0.0820875	2	5	1	3	3.67647	0.469	0.00142789	40.993	0.0050109	0.5	37.45	60.1179747979	0.663412764487222	0.332412976911977	63.5296846138761	2.43	16.4	6.632421053	140.4035393	89.08	-0.000308752
8357	55.5	167.960235046143	7.5	7	6.46711321000001	4.78025276004	135.9997069638	1.16061896575	0.27625476319	-0.75660366835	-4.29084886044	0.33188808631	153.549239822	0.60031359449	0.62934074737	0.56249469165	1.10746631362	1.10031281914	4.06605824517	4.01352404389	4.13630689937	4.33285201954	159.4	168.5	255.847822474	679.775690193	42.823246	45.170288	0.193634141	0.299058936	2.57667627612534	5.45843249889592	7.94051899396609	-36.084419198264	140.411111111113	109.99197069871	26.8	33.4793	57.1084	21.9091	1.28695	22.8384	0.097746589	2	5	1	3	64.01094966	1.015813	0.00386070016	40.834	0.0080365365	1	41.86	51.23499030233	0.625091893939394	0.370009207251082	67.77777778	2	56.8	5.747789474	143.2414903	91.237	0.000274726
8365	39.5	130.22019811828	24	-8.25	9.3423	4.770421053	227.5048421	0.838402995	0.22510107	-7.886894737	-5.548052632	0.219833333	172.6135789	0.6571225	0.577368421	0.728777778	1.073220174	1.065755279	4.144473684	3.902684211	3.920736842	4.171944444	161.2857143	166.5	270.632833143	714.816100405	41.259179	45.243602	0.110683154	0.201302889	3.38808716189624	6.45079296133125	7.85686327848143	-36.44670541583	144.691666666672	111.206027005368	28.998	33.0043	62.8964	22.2341	0.62165	18.0244	0.103283434	2	5	1	3	38.66598296	0.915727	0.00460299118	45.284	0.0073742006	1.5	32.43	45.82368247494	0.672532777777778	0.439470513888889	63.8160114566475	2.46	0	6.4958969415773	129.838655188228	118.7	-0.00019033873
8366	62.75	102.562844230769	8.5325832	0.472085039999573	6.53730376	4.75337203577	136.8252129243	1.23739697317	0.2683645957	-2.39351876804	-3.69557338003	0.32729085056	150.987233505	0.61058613379	0.638090456710001	0.57928597609	1.10614022003	1.09779974962	4.12687596874	4.01479755696	4.11454613508	4.36329346354	163.030509254464	167.210800927458	271.330805245	695.870654344	42.58341	45.238125	0.14368746199	0.28732527562	3.1731553571305	5.70828186286377	8.11801216731692	-35.9659330725548	131.245880230879	113.902929678143	27.82	32.591	57.7873999999999	22.3762	0.56351	21.7333	0.092287608	2.08	6.2	0.6475	3.04	59.10583322	0.970557	0.00341763028	37.729	0.0079071268	0.875	37.85	43.03304845244	0.795551907563025	0.337939520663957	61.9705000336151	2.36	32.529	9.081724138	112.9675728	100.8	-4.99264773333334e-05
8369	94.66666667	117.300335259004	21.9721	17.5279	8.62550076	4.4323	168.6184	1.23013532	0.223083146	-5.78395	-6.62225	0.2394	156.1125789	0.755689683	0.7007	0.7683	1.074764659	1.069959848	4.1671	4.0981	4.087052632	4.3945	165.300870344686	166.508798412104	279.01852033	692.426515181	42.166622	44.584951	0.14328335561	0.28013935871	3.12664790401678	7.60235548869734	7.97614907689962	-35.3914356876	173.3333333333	100.7681	29.507	32.4465	57.0421	22.2135	3.065	26.626286	0.097066938	2	5	0.5	3	43.30166726	2.352	0.00435662312	41.381	0.0077884744	1	41.16	10.15625	0.634602935152513	0.206596095541406	30.90322581	2	33.671	9.040615385	99.96537704	88.318	9.067893e-05
8376	104	95.544704168567	0.5	29.25	-4.57498	5.136555556	192.8965	1.288587747	0.233997274	1.015555556	-11.0625	0.339777778	171.3017895	0.807298333	0.7265	0.826611111	1.102526149	1.10010886	4.297666667	4.091263158	4.24325	5.020222222	161.5	165	264.540784457	677.696245218	41.029765	44.079235	0.102428803	0.208264944	2.78925973663436	7.13232179858039	7.79953326096595	-35.202902457	146.6666666667	121.6275	28.92	33.3062	59.3738	23.3878	1.629	25.59414	0.103013236	2	7	0.5	3	44.41312166	0.937	0.00535610391	46.719	0.0080729593	0.75	31.26	100	0.605117446678322	0.323849433362369	67.8443573326538	2.455	33.177	16.38073333	94.40830773	91.734	0.000723451
8386	49	124.568493113553	10.0139517	1.68087682	4.97188751000001	4.79441168459	132.9115570088	1.15287280526	0.26644354538	-1.54804478016	-3.44127765727	0.32587233106	155.003161498	0.59960176695	0.62477363123	0.60034110509	1.10500487014	1.09811618949	4.16372922356	4.0092599752	4.10686981924	4.35142438915	163.517260708404	166.314722223222	275.321291251	674.411657023	43.206751	46.247796	0.13879085441	0.28087514203	2.97761600648144	6.72571917564162	8.38294287216556	-35.5190905301	120	114.0048	28.358	33.1743999999999	59.7378999999999	22.8416	0.82012	24.338513	0.083925766	2.08	6.09	0.6675	3.03	63.42283172	1.194397	0.00366063118	39.515	0.0080271591	0.905	30.63	88.34951456	0.759559566945142	0.37972035399729	62.8837831921212	2.364	27.21	3.506082474	107.7193111	78.74	-4.10909223333333e-05
8387	48.33333333	139.186191428571	13.5	-11.5	6.92502	4.79606662564	141.8714056229	1.43387426671	0.28307873055	0.39170773471	-3.73422271233	0.33310419037	152.369066511	0.60210693704	0.61271963242	0.57815159063	1.11642798685	1.10872669395	4.13450231652	4.01535854879	4.08305994885	4.39280694791	160.5714286	166.3333333	292.5940002	667.5428584	46.4558	47.2503	0.110599434	0.255931949	3.86182428620046	6.68019667663601	8.10497061115265	-36.4251204753491	142.222962962967	110.750652232415	33	32.1	69.1	23.1	0.058	21.6523	0.12492	2	5	1	3	59.6757	0.998761	0.00716459	44.278	0.00724851	1.5	34.83	0	0.717077922050248	0.45088277463221	64.4033641272938	2.43	49.2	4.816132075	113.4101348	79.8	-0.000203349
8419	58.75	92.5828212820513	2.5	-8	8.19523	4.77737483632	137.0466876427	1.16990885663	0.26426078352	-0.991519156310001	-2.94255649155	0.32492500537	150.527036445	0.60173065463	0.6211836295	0.58915144405	1.10368546892	1.09673863785	4.08062114865	4.01227714614	4.11202392328	4.34398234884	164.637865999262	167.064314817361	271.793694175	661.852928602	44.623173	46.544599	0.183709853	0.278004885	2.7988208654696	6.40872842238496	7.9656879285526	-36.4488646585283	135.512962962968	111.617061529823	27.896	34.0941	59.6597	22.6628	0.775800000000001	23.481861	0.0939212	2.13	5.98	0.6625	3.05	66.10515398	0.965206	0.00435637407	41.925	0.0075610934	0.835	38.25	54.39122161287	0.79166098549443	0.402051428125509	65.4656382765811	2.15	32.096	8.70466411160383	125.712456195072	83.4	-0.0001475237075
8420	47.5	164.667658062016	17	-16.75	11.175	4.370318182	92.90518182	1.377005102	0.360883078	5.552909091	-5.471304348	0.34445	169.0122	0.651577536	0.780136364	0.53285	1.09844636	1.120101987	3.564272727	4.227454545	4.110047619	4.1122	162.7142857	167	259.976279238	723.712396623	41.743921	45.364855	0.148438621	0.322239743	3.19653586403348	5.76031930407841	7.72509923248636	-36.4010677746429	146.5	109.850118193528	27.677	31.8224	57.452	22.2286	0.63616	18.8384	0.110163139	3	7	0.75	3	48.70352162	1.079863	0.00433207724	38.094	0.0075550685	0	42.16	46.39548101014	0.658321872781873	0.378760253117914	67	4	37.784	8.76499160891631	119.431763456556	60.5	-7.3803233e-05
8422	116.25	104.752578438047	-34.5	53.5	-43.4601	4.71727192274	135.8113765589	1.23252999052	0.27466700228	0.48107286503	-2.64957702762	0.32628333456	163.470575806	0.60734470597	0.646893667750001	0.6112068078	1.10855463396	1.10521804776	4.17643783046	4.08560196666	4.049950191	4.41629726234	166.6897361105	168.141499999667	279.915051793	686.930636168	41.923423	45.862378	0.13393984337	0.28895431474	2.79969905854707	7.29182355039451	8.0731213986113	-35.6625195804	126.6666666667	112.621	29.689	32.474	59.9044999999999	22.8654	1.90638	24.583339	0.09775531	3	5	0	3	40.75123434	1.466546	0.00638913506	44.783	0.0083955873	0.5	33	62.13280550157	0.718131636983951	0.399242075286255	93.37606838	2	39.632	17.88963636	140.2072253	86.948	2.46552125e-05
8424	80	134.44542037037	-1.5	-0.25	7.17502	4.78932072869	140.833270406	1.37998607695	0.30097208718	1.30859632562	-2.95059449492	0.32933643771	152.976796977	0.59750655161	0.6270033425	0.58873390962	1.11356536582	1.10464288248	4.07815786172	4.02794091996	4.1489337412	4.43358666753	160.377797144539	166.220777778606	314.5508139	741.606096	49.2603	49.9517	0.167194254	0.228055824	2.85655557579374	4.60652295481894	9.79091356604286	-36.3607356967431	134.581111111117	109.466893745681	31.35	32.3564	62.7055	22.7586	5.958	29.7236	0.103447	2	5	0.75	3	62.02739742	1.8633	0.00349692	24.3	0.00929748	1	189	46.0222582703833	0.735654264705882	0.314731308913309	60.7739615046239	2.39	37.929	7.697894737	138.0381618	69.2	-0.00017154852
8426	40.25	128.839207733664	14	-5	13.29229511	4.76559821619	142.5653938634	1.1322258955	0.26110636183	-1.61215070427	-4.08731714769	0.32928779131	154.273216465	0.61102702371	0.611018192	0.5790295333	1.10671567883	1.10176581979	4.12588840808	4.01187881297	4.11143782254	4.36987885244	163.203694576397	166.654097222639	252.354605386	678.928944089	44.205966	47.684952	0.13656124128	0.27974770269	2.93135299426523	5.59959537390701	8.1701245035539	-38.5955471123	140	118.78	25.895	35.8179	61.9952	22.5264	0.017	19.1329	0.091353862	3	6	0.75	3	58.36673022	0.709	0.00352876497	38.584	0.0075605465	0.75	29.83	56.59923446006	0.748877606393682	0.460607319115525	63.3134340258663	2.23	39.38	9.22527841746667	124.46600436209	81.715	-0.000128616908571429
8427	98.5586857091918	81.9612656456044	11.6510882	12.43219061	7.9147283	4.74840263541	130.3983165572	1.25100372076	0.27379582307	-1.00803363858	-3.0822816219	0.32180615697	157.735759407	0.60464898056	0.63990269605	0.60874562163	1.10387432781	1.0965394921	4.18446272665	4.05786267315	4.1204051852	4.36150812211	165.92079426837	168.034777777983	300.850052332	683.947196768	42.754469	45.426942	0.13132871293	0.27924455314	2.43378459096658	7.49824204700424	7.84629423315303	-35.1880995084269	137.650277777776	107.919646043654	28.299	32.6104	58.2988	22.5713	1.68093	26.15497	0.0877936329999999	2.25	6.2	0.535	3.06	60.9631031	1.625105	0.00433621414	41.159	0.0084799244	0.7875	19.86	48.68306780251	0.775514958937157	0.303179335959772	64.1219885519119	2.09	30.04	15.2448101935027	108.58176112725	86.85	8.49544406309524e-05
8464	78.3863311185436	99.0745325641026	10.5211859	1.71890297999989	5.24635083	4.77676436626	129.2953298595	1.19457908505	0.26968713297	-1.53969773401	-2.72425368651	0.32115087626	162.61753019	0.60575268617	0.63509928693	0.60260059875	1.1015927525	1.09547484142	4.14044352253	4.02252016843	4.08566783031	4.3616855372	164.061963305985	167.367916436831	321.576204875	728.763206065	42.520963	45.51227	0.14717767547	0.28246515973	2.37852347732046	5.94564651865589	7.84333694581351	-35.9973986392421	123.123349366679	115.244512109639	26.795	32.2865	57.9898	22.2716	0.96597	25.502671	0.089061313	2.07	6	0.6375	3.05	62.99844198	1.251512	0.00394715557	41.271	0.0080058094	0.805	33.1	51.38931718221	0.866512205011191	0.254702330001411	62.547382595104	2.08	27.54	8.80456371427911	122.856502243989	94.3069999999999	5.59328612121213e-06
8483	78.3863311185436	99.0745325641026	10.5211859	1.71890297999989	5.24635083	4.77676436626	129.2953298595	1.19457908505	0.26968713297	-1.53969773401	-2.72425368651	0.32115087626	162.61753019	0.60575268617	0.63509928693	0.60260059875	1.1015927525	1.09547484142	4.14044352253	4.02252016843	4.08566783031	4.3616855372	164.061963305985	167.367916436831	321.576204875	728.763206065	42.520963	45.51227	0.14717767547	0.28246515973	2.37852347732046	5.94564651865589	7.84333694581351	-35.9973986392421	123.123349366679	115.244512109639	26.795	32.2865	57.9898	22.2716	0.96597	25.502671	0.089061313	2.07	6	0.6375	3.05	62.99844198	1.251512	0.00394715557	41.271	0.0080058094	0.805	33.1	51.38931718221	0.866512205011191	0.254702330001411	62.547382595104	2.08	27.54	8.80456371427911	122.856502243989	94.3069999999999	5.59328612121213e-06
8699	78.3863311185436	99.0745325641026	10.5211859	1.71890297999989	5.24635083	4.77676436626	129.2953298595	1.19457908505	0.26968713297	-1.53969773401	-2.72425368651	0.32115087626	162.61753019	0.60575268617	0.63509928693	0.60260059875	1.1015927525	1.09547484142	4.14044352253	4.02252016843	4.08566783031	4.3616855372	164.061963305985	167.367916436831	321.576204875	728.763206065	42.520963	45.51227	0.14717767547	0.28246515973	2.37852347732046	5.94564651865589	7.84333694581351	-35.9973986392421	123.123349366679	115.244512109639	26.795	32.2865	57.9898	22.2716	0.96597	25.502671	0.089061313	2.07	6	0.6375	3.05	62.99844198	1.251512	0.00394715557	41.271	0.0080058094	0.805	33.1	51.38931718221	0.866512205011191	0.254702330001411	62.547382595104	2.08	27.54	8.80456371427911	122.856502243989	94.3069999999999	5.59328612121213e-06
8723	78.3863311185436	99.0745325641026	10.5211859	1.71890297999989	5.24635083	4.77676436626	129.2953298595	1.19457908505	0.26968713297	-1.53969773401	-2.72425368651	0.32115087626	162.61753019	0.60575268617	0.63509928693	0.60260059875	1.1015927525	1.09547484142	4.14044352253	4.02252016843	4.08566783031	4.3616855372	164.061963305985	167.367916436831	321.576204875	728.763206065	42.520963	45.51227	0.14717767547	0.28246515973	2.37852347732046	5.94564651865589	7.84333694581351	-35.9973986392421	123.123349366679	115.244512109639	26.795	32.2865	57.9898	22.2716	0.96597	25.502671	0.089061313	2.07	6	0.6375	3.05	62.99844198	1.251512	0.00394715557	41.271	0.0080058094	0.805	33.1	51.38931718221	0.866512205011191	0.254702330001411	62.547382595104	2.08	27.54	8.80456371427911	122.856502243989	94.3069999999999	5.59328612121213e-06
9027	78.3863311185436	99.0745325641026	10.5211859	1.71890297999989	5.24635083	4.77676436626	129.2953298595	1.19457908505	0.26968713297	-1.53969773401	-2.72425368651	0.32115087626	162.61753019	0.60575268617	0.63509928693	0.60260059875	1.1015927525	1.09547484142	4.14044352253	4.02252016843	4.08566783031	4.3616855372	164.061963305985	167.367916436831	321.576204875	728.763206065	42.520963	45.51227	0.14717767547	0.28246515973	2.37852347732046	5.94564651865589	7.84333694581351	-35.9973986392421	123.123349366679	115.244512109639	26.795	32.2865	57.9898	22.2716	0.96597	25.502671	0.089061313	2.07	6	0.6375	3.05	62.99844198	1.251512	0.00394715557	41.271	0.0080058094	0.805	33.1	51.38931718221	0.866512205011191	0.254702330001411	62.547382595104	2.08	27.54	8.80456371427911	122.856502243989	94.3069999999999	5.59328612121213e-06
9057	67.5	110.110441956654	3.25	-5.25	7.03626209	4.81616831021	139.8938511766	1.24146080283	0.26871729795	-0.60772559899	-3.24721869748	0.32623266767	155.463329407	0.60225991079	0.64335128241	0.59889089353	1.12056436874	1.10812769207	4.14856690558	4.01776230886	4.11019655664	4.40085192109	167	168	300.463549106	733.249392631	43.311182	45.572948	0.14434030856	0.29007034325	3.45978619756182	6.65280101586145	8.46491921330618	-35.8723014651	133.3333333333	112.542	29.564	32.8273	59.6979999999999	22.5062	0.175	26.8109	0.096368778	3	5	1	4	47.64923186	0.418	0.00408836422	39.049	0.0080735037	0.75	27.48	10.29411765	0.625635656565656	0.368723609126984	98	2	32.114	12.20353982	122.3378629	84.207	0.000406654
9058	123	85.1939344265034	-8.36951	45.1195	-2.42646934	4.73976811938	131.4881360099	1.21781130034	0.26388608053	-1.70463976146	-4.24638408723	0.31666907392	155.247181302	0.61667233663	0.64664771181	0.60750371189	1.11169973699	1.09843398548	4.19266457567	4.00952951919	4.08794352122	4.41704072932	166.6	167	277.142364181	680.792157762	42.661705	44.327575	0.1304301607	0.28040504591	2.4862702083236	8.02470972684247	7.82823155569942	-35.1027842320106	144.211111111112	107.590947949311	29.468	33.2111	58.8082999999999	22.6539	3.971	25.760826	0.09173986	2	7	0	4	53.9640742	2.331	0.00600271692	40.904	0.0085380493	0.5	26.97	96.15384615	0.679836230089188	0.348240894900831	86.95652174	2	29.782	19.80939394	86.01873987	89.711	0.000305518
9067	130	83.0776036717027	10.4394975	3.44631315	6.29715066	4.75742587446	129.2935696653	1.22627037572	0.27301850007	-1.82654852837	-2.76232869435	0.32724495313	157.803324467	0.61076764738	0.6500752882	0.6127764948	1.10223359389	1.09533432668	4.1621477776	4.01400137302	4.08524096554	4.35926180643	164.617003464493	166.827949892741	310.945343297	678.15841992	42.798315	44.591563	0.1446247729	0.2806032985	2.37429965680555	6.87515565008348	7.87761122069086	-35.4517202952141	128.998501390578	112.415046573684	27.938	31.7276	57.8092	22.3187	1.5366	26.500947	0.085655486	2.16	6.09	0.5425	3.01	62.93532368	1.480796	0.0044036818	40.755	0.0082715687	0.77	32.13	48.98120562586	0.811635146416191	0.214566284939652	62.440052901379	2.06	23.801	13.1020344290036	113.558718369891	90.363	7.21392538440065e-05
9069	90.75	89.3906504717505	10.6011411	2.20397544999979	5.92532035	4.762859128	129.1566337931	1.188665804	0.27058975504	-1.63739713268	-2.90370958286	0.31924830525	161.722205627	0.61043174258	0.64025726174	0.60706462861	1.10126516563	1.09503716895	4.13429218229	4.01497872608	4.08363650495	4.3623610952	162.950247271245	167.242188020881	338.78181907	721.451995227	42.95501	45.316072	0.14704106735	0.28367050868	2.34681364047214	6.15132940571626	7.82583958067433	-35.9833395458717	126.442389770719	112.825903663036	27.083	32.621	58.1220999999999	22.2707	1.01715	25.718186	0.089016718	2.1	6.01	0.6375	3.04	62.80186454	1.227193	0.00383034881	40.795	0.0080402364	0.79	34.11	43.55955088402	0.875632205011191	0.306066721893303	61.8152036678329	2.17333333333333	26.948	8.43527795200325	121.017932752013	93.1599999999999	3.84953820476191e-05
9070	88.5	104.531477777778	10.3993267	2.35281394999979	6.69750484	4.76454571459	130.0173666416	1.1833763542	0.27574949873	-2.13505826997	-3.11386957195	0.32183484499	161.293303545	0.60860270569	0.63759237135	0.59378547754	1.10164811788	1.09528019949	4.13197532734	4.00011074151	4.08432736423	4.36421480291	162.835370398672	166.967966447423	313.497243065	698.459648996	43.309815	45.858441	0.14610117593	0.28287938033	2.647688019292	5.92030273543187	7.88084223771808	-35.9603356118401	127.368130511459	113.061057410731	27.103	33.0969	57.5074	22.1672	0.91547	25.811765	0.08823313	2.06	5.9	0.63	3.03	63.27540694	1.135331	0.00382950412	40.956	0.007930727	0.7825	35.54	49.50409346971	0.845488232057975	0.28725834349821	61.5118462126663	2.30344444444444	29.156	7.98044749342215	123.051307567568	94.8089999999999	2.6985397047619e-05
9075	98.25	91.9312435618126	10.7031697	3.49436644999989	5.85746303	4.76742564672	127.383838283	1.20045131851	0.27677037858	-1.37800936681	-3.02762599671	0.32426652165	159.726876973	0.608581807200001	0.64546835286	0.60842052785	1.10168340607	1.09457128735	4.15041202808	4.03605641589	4.07337124735	4.35882049356	164.536805810547	166.680310686267	322.72428661	700.064771485	43.084191	44.519924	0.14405557186	0.28124478328	2.42627693279276	6.44245053384445	7.99013530762187	-35.5309027084511	128.815346628672	113.39464476608	27.925	32.0594	57.9923	22.4017	1.35669	26.440704	0.0871351199999999	2.12	6.05	0.57	3.03	65.59944398	1.350543	0.00374645718	39.699	0.0082107591	0.78	31.9	48.02520531707	0.827487435780422	0.180703692985629	62.9028422784813	2.06	25.002	10.6999015532114	114.316025990468	89.3859999999999	7.91855817487684e-05
9078	104.25	96.587707005036	10.3481252	4.01354654999989	6.27774131	4.76656207581	129.3855812079	1.21857794169	0.27689049499	-1.57768390288	-3.31647253227	0.32171153508	161.730996254	0.61045548018	0.65603535137	0.60873952655	1.10182289037	1.09378481047	4.14359363806	4.02347039954	4.09797555205	4.36272451504	163.689988882999	166.723737483036	306.351109763	677.674161702	42.847572	44.51431	0.14288007521	0.28239471852	2.35567324312226	6.44553952741297	7.89319504161675	-35.3661044565034	126.802205094284	112.239633600045	27.787	32.267	57.237	22.4735	1.43648	26.56168	0.0883734229999999	2.12	6.03	0.57	3.02	65.79104668	1.323424	0.00416658701	39.896	0.0082263316	0.765	35.56	45.71339245455	0.7832175163717	0.240074176831544	61.5943602568162	2.26733333333333	25.168	11.8128389794435	113.940246940791	90.9539999999999	0.000111162450320197
9079	102	92.7790636717027	10.846614	3.83270384999989	4.72997004	4.76929377966	129.5865256105	1.23297805849	0.2741771218	-1.55452648791	-2.82353796973	0.32396931937	160.4034068239	0.60698151213	0.64958925122	0.60753483596	1.10182643032	1.09463330924	4.14442678482	4.01034968767	4.0808093516	4.35563072703	164.551868884267	166.757146742114	316.690339981	682.906000847	42.289762	44.369025	0.14464568577	0.28178015904	2.37717841940513	6.41356142905441	7.9296049722898	-35.5160593141276	131.069890279467	112.205286075436	28.287	31.733	56.7377	22.4019	1.51489	26.864817	0.086885648	2.16	6.09	0.55	3.02	65.65529268	1.390696	0.00400899392	40.262	0.0082560621	0.765	32.5	43.10492990802	0.78735998480003	0.1656971334245	62.5318366255313	2.06	23.473	12.4272787984999	113.472294392966	94.1189999999999	0.00010059277917734
9081	99.66666667	81.4688204848895	10.7242855	2.63207644999989	6.54443425	4.78330487681	128.5451582726	1.21126665245	0.27328061874	-1.48089663127	-2.80462882703	0.32485941589	158.805994559	0.60806880652	0.64359189095	0.60560535711	1.10217204415	1.09487967258	4.14002118682	4.02020567929	4.08767311276	4.36685499997	164.663594698664	166.896741471189	325.928788531	700.471777041	42.565239	44.923034	0.1436792114	0.28202305969	2.35599140693377	6.53043741034734	7.83581845938498	-35.7645951488057	130.035392416217	113.65781016608	27.401	32.4201	58.3796999999999	22.4032	1.34091	26.461095	0.087094462	2.14	6.03	0.5975	3.04	65.00239198	1.40892	0.00393276178	40.87	0.0081690953	0.795	34.18	51.6169490581	0.856844102447088	0.235557859652295	62.4586800366613	2.07	23.211	10.4108089975834	116.307123500451	90.2399999999999	1.53790737878788e-05
9084	114.25	82.9211036717027	9.5934815	4.19964894999989	6.11773729	4.77526669026	127.2959439865	1.19712063367	0.27242878343	-1.55125092198	-2.78880093345	0.32773226471	159.021920213	0.60859070922	0.6452419996	0.60915750005	1.10139068271	1.09538123412	4.16856557609	4.03085025887	4.08242782643	4.35622525833	164.688180900025	166.91394796352	319.249554731	679.289669899	42.883697	44.430327	0.142604216	0.28426811062	2.26321023414789	6.7026438707955	7.84441829881984	-35.4656933011695	127.246986239061	112.96710841535	28.088	32.1977	57.9739	22.3235	1.53886	26.469115	0.086403076	2.19	6.07	0.5375	3.04	65.10139598	1.4691	0.00427816254	40.781	0.0082236351	0.7675	33.57	50.86145369975	0.816378873688919	0.200981510164877	62.4223109406313	2.07	23.05	13.0569539114332	112.652000278107	89.9119999999999	0.000107133476510673
9085	101	95.8335763989754	10.3666796	4.54429484999989	5.09177826	4.76359885743	127.3900697105	1.23882544212	0.27603117553	-1.6056237843	-2.84535555096	0.32475525756	160.735886343	0.60842701379	0.65104918413	0.61884827861	1.10070860333	1.09472806407	4.14954022137	4.00141783482	4.08142038693	4.35854362016	164.556845640993	166.67576042132	311.183755355	672.660347136	42.990406	44.466722	0.14277849728	0.28167859445	2.35066964272801	6.34005276234819	7.84416007009178	-35.4922099413554	132.064208461288	112.37640995075	27.962	32.2156	59.2472	22.4279	1.56653	26.588908	0.08737028	2.17	6.03	0.55	3.01	63.86570604	1.399014	0.00426201193	40.336	0.0083186943	0.7775	33.08	35.06493000975	0.753583220094147	0.177592966757834	61.9386993160313	2.07	21.312	13.4352700449891	113.404668693108	89.8399999999999	0.000115738172510673
9089	125.5	84.5221477512343	10.2612905	2.45987355	6.18544863	4.76207913827	128.8557679113	1.19195012053	0.2757853158	-1.59424860412	-2.81863475698	0.32424264126	158.025110549	0.60945224534	0.6368970036	0.60812912076	1.10111552234	1.09475901211	4.16284187133	4.03406782276	4.09141914207	4.36035759615	164.465190810414	167.026228915617	330.88343321	714.619586548	42.992126	44.551096	0.14381280316	0.284097749	2.47707986636789	6.68022819060067	7.95366444751001	-35.7481229618681	123.857932098762	113.426711308572	27.851	32.9814	58.1723	22.5391	1.35301	25.745097	0.0866372929999999	2.15	5.99	0.5925	3.05	63.11173792	1.350711	0.00421514332	40.104	0.0081477932	0.79	31.54	46.75062835897	0.852406991335977	0.238905391000258	62.843386810854	2.09	25.946	9.5017870600963	118.170869435215	89.6369999999999	4.39075454285714e-05
9091	97.5	94.668586009365	10.8758106	3.87802444999989	6.39396843	4.75705917586	129.3899052488	1.22080004906	0.27685595913	-1.63265685322	-3.14599151746	0.3223465722	160.8449854149	0.61075340739	0.64970752678	0.60907712167	1.10134774768	1.09401191426	4.13858125109	3.98931279086	4.08763159449	4.35519450787	163.655215073249	166.727609760545	312.200276018	688.635472347	42.905655	45.28222	0.14484107411	0.28202526022	2.31983261443524	6.58332397281133	7.8249226155393	-35.4892181687756	128.671834723911	112.678108257565	27.96	32.2561	57.5845	22.2777	1.38704	26.364753	0.08460067	2.08	6.01	0.5725	3.02	66.14171468	1.337091	0.00417916005	40.38	0.0082516858	0.775	33.91	45.00246812137	0.819317435780422	0.212345676831544	61.6059805196829	2.12333333333333	23.196	11.1917417761561	113.99017487356	91.0659999999999	0.000101598285320197
9095	113.3333333	97.858007005036	9.3284251	4.00103127999989	6.11649327	4.78337824638	128.0432600966	1.23392974519	0.27347073527	-1.49838129854	-3.13156388792	0.32309264115	159.2715285419	0.60625597701	0.6604143983	0.60405314712	1.10059800455	1.09467882666	4.15720938531	4.01185475695	4.09422922585	4.36796260621	163.712487133517	166.843647458831	312.243863001	678.991324007	42.829827	44.675908	0.14216618658	0.2812587181	2.40009108179299	6.43155710354389	7.95615838823314	-35.4355931183067	130.386470366046	111.976143459115	27.767	32.3179	58.5701999999999	22.4336	1.51881	26.489779	0.0891282299999999	2.12	6.05	0.5425	3.03	66.52300468	1.396566	0.00391544428	40.606	0.0082568329	0.775	34.28	43.26621912459	0.787422108983036	0.221255010164877	62.1159843204435	2.12333333333333	25.281	12.73297574354	112.953386875294	90.357	0.000148684158939245
9099	112.6666667	102.771467005036	9.9689131	3.81545012999989	5.76215045	4.75958373573	129.0560874664	1.24665135453	0.27623545885	-1.46443232933	-3.21513028424	0.32220529994	160.122887377	0.60661546037	0.65445683745	0.60660476033	1.10274444334	1.09453340636	4.1378318115	4.01743795754	4.09792946501	4.36400368315	163.689448207857	166.75002736918	308.926728433	688.560161275	42.77169	44.907438	0.14372503245	0.28043508711	2.44306186457132	6.31672430319215	7.87439642998542	-35.416963232021	130.462668057245	111.958973819025	27.849	32.0198	57.1972999999999	22.3054	1.36833	26.48729	0.0884129889999999	2.08	6.01	0.5925	3.03	65.03314392	1.351425	0.00388126637	40.395	0.008316511	0.7625	34.72	49.70813145549	0.786464281077583	0.229519025316392	62.1589048911902	2.13333333333333	25.008	12.1328398338546	113.53705980866	91.2799999999999	0.00013838718417734
9100	74	94.0870402564103	10.6390465	1.01641647999989	5.45208039	4.7860870344	130.7667327074	1.18602068195	0.2700295011	-1.91992981996	-2.67647120301	0.32117866544	160.159129983	0.60533191646	0.63544974583	0.59680679924	1.10177543515	1.09512327833	4.12696363489	4.01250069232	4.08647530538	4.35305001952	163.812040750868	167.175632045787	317.178305613	700.838029959	43.629302	45.902061	0.14736546517	0.28506341006	2.57936633106677	5.94350619473639	7.9615100188708	-36.1020277369368	124.516250601248	114.732554020763	26.622	32.8632	58.8546999999999	22.1596	0.85146	25.010227	0.092301275	2.07	5.94	0.645	3.03	60.74739094	1.210375	0.00410446377	40.506	0.0079488572	0.81	32.65	49.40694674975	0.835902205011191	0.287906936062017	63.0416687130246	2.1	26.898	8.54822219114563	122.702581309079	96.1319999999999	-3.22439079047619e-05
9102	80.75	104.592156532357	10.6674005	1.34369940999979	6.66130408000001	4.75666007783	132.361187643	1.22307421131	0.27349546878	-1.83751679218	-3.23885672773	0.32042684094	161.583625221	0.61158319928	0.640802399860001	0.58904050892	1.10134435822	1.0942113668	4.1275661429	3.99256152936	4.08390054342	4.37134623008	162.823111584409	167.3875050407	309.517068979	723.65266617	42.8684639999999	45.86943	0.14704192696	0.28343418814	2.56146264377875	6.1709417713853	7.82778856300007	-35.8616441722852	129.153355379184	113.013037437039	26.533	32.3531	58.8797999999999	22.1522	0.94805	25.960953	0.088158786	2.05	5.88	0.6275	3.03	62.8380065	1.089225	0.00361445857	40.904	0.007930402	0.795	35.24	53.01745195557	0.811163343169086	0.284316980513992	61.8141622591079	2.33733333333333	28.654	10.15367347	134.7959503	95.0879999999999	-1.29078929523809e-05
9103	82.75	111.035945634921	10.0371036	1.81272154999979	6.84222244	4.76883765236	129.3734642106	1.18950787847	0.27432386881	-1.88157020876	-2.91145279811	0.32134084003	160.962287585	0.60870814894	0.63761986176	0.58766587136	1.1006875452	1.09385924823	4.10671620257	3.99870075978	4.08533849074	4.3716699204	162.818447384008	166.981482181206	299.369079258	712.653540331	43.444598	45.301202	0.14513375745	0.28081860722	2.50223395771514	6.06749340293359	7.84163864020452	-35.9985630727997	130.054306156799	113.302826226157	26.567	33.8229	57.4125	21.9265	0.8691	25.645586	0.089395378	2.05	5.84	0.6575	3.03	65.05399892	1.090043	0.00358913917	41.186	0.0079122439	0.785	39.74	49.18927410824	0.826748232057975	0.252268647180659	61.7853692788663	2.39344444444444	26.787	7.55662476815167	123.10464927408	96.6019999999999	-2.6056801952381e-05
9104	60	148.967996666667	10.3277496	0.18962691	7.19941559	4.7926875	134.1919375	0.992625505	0.27691209	1.8090625	3.812388889	0.393588235	154.3389286	0.606825397	0.6168125	0.606529412	1.114870589	1.105822307	4.4150625	4.068125	4.083125	4.309235294	163.159338541268	166.228644116272	256.371798154	694.244221785	43.912945	46.581373	0.15239578715	0.29077998471	2.54299979008413	5.4269513086712	7.96146860982058	-36.3656162113901	128.787883597885	113.0487409453	26.331	32.8759	57.4814	22.1339	0.79461	22.217215	0.089587137	2.11	5.68	0.595	3.03	61.63626528	0.981353	0.00365250051	37.59	0.0076662713	0.8075	42.32	43.8632759101633	0.804258380867498	0.333952124785991	61.9636244096404	2.24111111111111	36.41	8.091515152	136.1439463	89.114	-3.97622664695563e-05
9105	78.75	93.0642734731935	10.9310491	1.34907277999989	5.09435343	4.76994328453	131.4969560656	1.1741396718	0.27024004482	-1.54444749303	-2.92113255023	0.3249417626	159.348268526	0.60508704253	0.63727627691	0.60357056373	1.10323018624	1.09613674392	4.15872045106	4.03328599757	4.08524203224	4.34749854179	163.882632757711	166.995333899376	329.531231946	709.72494729	43.883637	46.035559	0.14761027896	0.28479208811	2.5834184917889	6.20743253529671	7.89661613434704	-36.0592709760881	125.243439153438	114.498650779988	26.515	33.0287	59.2603999999999	22.2743	0.90049	25.136363	0.090556733	2.09	5.91	0.6625	3.04	61.41639044	1.239276	0.0039117389	40.174	0.0079511764	0.7975	32.42	47.06258982069	0.834779755516242	0.275945602728683	61.879375144504	2.1	26.16	8.49899261606187	121.906349985837	93.5429999999999	4.32741766666667e-06
9106	87.5	80.5715432534133	11.0239931	2.13048314999989	7.05606408	4.76980034942	130.9232103317	1.19667980427	0.27385566227	-1.47098082219	-2.68410502383	0.32330152451	158.437644646	0.60537331023	0.64263223703	0.60152697037	1.10268308753	1.09645167476	4.14447767122	4.02755632515	4.08500180485	4.36438231835	164.449988495509	167.153194213781	328.098368185	711.930138513	43.148233	44.891423	0.14483832131	0.28426629488	2.56617265466614	6.17428574524185	7.86988961421178	-35.8959477791777	124.585577601407	113.421569749413	27.548	32.6636	59.2771999999999	22.1921	1.12546	25.957962	0.087678391	2.15	5.99	0.635	3.04	61.31520868	1.370164	0.00381526922	40.575	0.0080670982	0.7975	34.52	47.2550896448	0.865769484560909	0.269838057666925	63.401150516964	2.06	24.527	8.85151547810663	122.069857940406	92.2939999999999	1.9904954e-05
9111	89.25	89.5999036717027	11.0388221	3.85765404999989	6.43033787	4.76377106873	130.4786038891	1.20267061466	0.27405403321	-1.52551222082	-3.04175653504	0.32678278168	163.021358619	0.60869165111	0.64492096279	0.6082267783	1.10114071112	1.09390699067	4.14417243562	4.0116232592	4.08359761031	4.35978678316	164.314908819116	166.645514199245	313.177358292	676.121311333	43.022079	45.223652	0.1431644465	0.28285678159	2.40064172716638	6.32717652265159	7.78864216191136	-35.3926344903006	127.609929962006	112.985859948816	28.069	32.2847	58.2763	22.4393	1.38799	26.742113	0.084312798	2.09	6.05	0.575	3.02	63.76977244	1.433491	0.00416280956	40.546	0.0081795219	0.75	34.6	46.92359167514	0.812786257527302	0.192634176831544	61.3008906760707	2.07	24.824	10.90965421189	114.517934059565	91.4359999999999	0.00010716759765353
9113	70.25	95.0034503962704	10.7605141	1.15197737999989	5.04404852	4.7674600882	130.3316088638	1.17247665927	0.26835670229	-1.54840305223	-2.95201627549	0.32029490874	158.296854943	0.60705258341	0.6360117469	0.60026423941	1.10179584651	1.09578366914	4.1296752515	4.01281459389	4.08882625248	4.3575901546	163.692089332247	167.366616152416	306.756016325	705.594095003	43.595376	46.128837	0.14676193663	0.28347344439	2.45812474350894	5.77090752194684	8.01016971177426	-36.1408776977772	125.079241622573	114.509886347034	26.971	32.8179	59.0858999999999	22.1732	0.9772	24.597718	0.0899367869999999	2.08	5.93	0.61	3.06	62.21986474	1.181711	0.00386108924	40.377	0.0079781768	0.815	31.86	48.92850745926	0.849222753791679	0.24957126939535	62.509330258364	2.09	28.514	8.63993034686934	123.615691793132	94.3379999999999	-3.33265445714286e-05
9114	100.5	80.8289136717027	11.1792113	3.79415094999989	5.94348964	4.7491465202	128.989398184	1.20730673722	0.27225834524	-1.42824002847	-2.92412154928	0.32500520023	158.975833747	0.60856298843	0.64808628486	0.61214590142	1.10287847222	1.09501891277	4.15353258732	4.02547843078	4.0956147371	4.35754789062	164.491227011477	166.914470816269	318.235991937	686.312795511	42.896232	45.053465	0.14355518981	0.28274839998	2.34852216039445	6.73321477093668	7.86129721862191	-35.4838587665423	125.609612501687	112.873910545477	27.957	32.1121	58.0587	22.4646	1.51994	26.667585	0.085967017	2.14	6.07	0.5525	3.04	64.65271098	1.401853	0.00415733517	40.559	0.0082854436	0.775	33.25	49.3741009555	0.83005998480003	0.193712800091167	62.818286321654	2.06	22.731	12.132818517883	114.429919950066	92.696	6.65965822249589e-05
9115	71.75	82.3102105926984	11.3577912	6.02742313999989	5.28244315	4.75193134811	128.156001006	1.28599666461	0.27619276766	-1.52818931407	-3.06536743962	0.32515071132	160.03720633	0.60431512834	0.64429635763	0.61142794489	1.10338237638	1.09594682718	4.18126490261	4.01964267772	4.09966826637	4.35086060958	166.3333333	166.902901889492	301.95717063	685.120229361	43.070895	44.456519	0.14384897157	0.28806241454	2.2007408872444	6.97237455408161	7.7673146987307	-35.5003702280396	136.003664021165	108.981787276183	28.212	32.1505	59.5422	22.5131	1.77373	26.204862	0.087898759	2.27	6.12	0.5075	3.05	63.76867674	1.570256	0.00449647436	40.632	0.008372108	0.775	30.96	33.06535580532	0.808930556864423	0.161968419370697	62.5427129612586	2.08	26.846	14.0232956176417	113.587144467678	93.101	6.12098335505892e-05
9121	102	85.9582033993362	10.2738625	9.73078701	5.84203468	4.74630923706	129.6817533512	1.24413307606	0.2789256399	-1.64363160865	-3.46180338498	0.33018754215	157.7184799958	0.60343579519	0.63213375238	0.60025125736	1.10425896191	1.09525275742	4.17070645356	4.03355829269	4.10630477211	4.37127627696	163.8	167.717210470502	302.366264626	664.488333237	42.787801	44.035272	0.13652140395	0.28434257545	2.82843759434249	6.94444414554111	7.91200149167438	-35.0380564912841	143.251926206511	109.730403602233	28.729	31.8576	59.4961	22.6592	1.68755	26.500271	0.0880116319999999	2.27	6.07	0.5	3.06	62.54568056	1.527105	0.00448255488	40.427	0.0084600897	0.765	25.83	34.80384024696	0.733755544255601	0.218612296919706	62.8272988343751	2.11466666666667	29.897	14.1036259692769	111.218754621781	89.077	0.000172927339410533
9125	69.25	137.336814252492	10.3435951	-0.226256670000214	4.63137819	4.77523001348	130.1689873508	1.23921175721	0.27875727871	-2.24985753254	-3.3708326898	0.32447032383	153.4718290499	0.60842341046	0.62259055783	0.58625768803	1.10617148624	1.0964823829	4.09284713405	4.01757674938	4.09586485889	4.36463250793	161.8333333	165.6	266.513124457	672.779492838	43.059945	44.875215	0.13928750935	0.28195452945	2.70290528818909	5.7995238657469	8.07326710197819	-36.0089799829959	130.375420875422	108.952892435228	26.47	31.947	56.2891	22.0994	1.33872	23.754479	0.088424138	2.15	6.01	0.6875	3.07	62.22435318	1.019984	0.00367663074	41.065	0.0079544421	0.8275	44.9	30.55958966076	0.68201669646742	0.096997878008939	45	2	36.533	6.87625007305879	128.722816670233	88.016	4.71144018796501e-05
9128	61	97.7622921904819	10.7756531	-0.975078510000214	5.10347302	4.77526530964	131.6562133465	1.15860734153	0.26513642012	-1.81668681459	-2.90443268517	0.32609348198	154.530145948	0.60600848423	0.62996124942	0.59362688919	1.10126078914	1.09586862343	4.12018705518	4.00593430845	4.07608688201	4.35176083685	163.737752814516	166.905902990855	263.88284463	667.762621963	44.408736	47.685547	0.14671425709	0.28371520079	2.48329550428611	5.68748173508373	8.01346949666659	-36.3516982576569	126.028492063491	114.193520087876	26.053	33.7234	58.4004999999999	22.279	0.72756	22.193728	0.090071831	2.08	5.87	0.705	3.05	62.00420942	1.060732	0.00364489864	38.887	0.0078363564	0.82	33.96	51.289857408	0.848975033294019	0.259403213839795	63.9754347475145	2.12	32.822	7.1164	115.3338649	96.655	-0.000101106558821429
9130	63.25	102.907493136595	10.5751841	-0.498565120000214	5.10233456	4.7765680554	131.5691963653	1.17309746683	0.26690617254	-1.42639094152	-2.9452610051	0.32482473142	156.767938799	0.6048361676	0.62515489081	0.59064480347	1.10135091205	1.09550032461	4.11811866138	4.01030241653	4.07964456901	4.35093020413	163.513070276016	167.060094911067	263.707180361	681.824546278	44.466117	47.150747	0.14656595794	0.28263160801	2.53792236641173	5.82656638745655	8.06821139828778	-36.2941990987758	123.817044252044	114.703870626284	26.231	33.1367	58.6141	22.1186	0.68177	21.711065	0.090413242	2.06	5.77	0.6975	3.04	59.53887968	1.020924	0.00359489216	39.339	0.0078036733	0.835	38.04	49.4807621782	0.828963362580063	0.32482757509945	63.5708875566122	2.094	33.258	6.923367347	131.1517737	92.724	-0.000123532487663534
9131	63.5	103.030011684982	10.6588871	0.608463779999786	5.18292996	4.7904479309	130.6714120413	1.15104895934	0.26669086502	-1.79420175621	-2.70000962493	0.32216975682	158.30783473	0.60725357284	0.62993656604	0.59249031034	1.10141313671	1.09686913271	4.12714843172	4.02235648378	4.08411993195	4.35551801617	163.314577228834	167.051625214521	288.310261749	680.371828406	44.058894	47.05385	0.14691013575	0.28450910213	2.40203972901465	5.70248631812458	8.04720188695454	-36.1681803512855	123.954920634921	115.136868475209	26.079	34.2425	59.4003	22.117	0.82244	23.129616	0.089686308	2.1	5.9	0.68	3.06	60.76004482	1.077618	0.00380182796	39.654	0.0078594294	0.8	34.55	52.36522227852	0.84745978437627	0.298370661287242	62.8144474518372	2.11	28.8	7.89827894378884	124.421164375957	98.4549999999999	-3.64962547468672e-05
9133	68	93.7271407808858	10.8129625	0.768509179999893	5.30542616	4.77736093179	131.8013134228	1.16738155808	0.26874325533	-1.87144647731	-2.82270167638	0.32207519353	158.419776487	0.60905319014	0.62707373366	0.59953578037	1.10171830171	1.09634983008	4.1248796195	4.02191870036	4.0693851827	4.36586243651	163.674941645983	167.124189641637	296.168554623	707.229182215	44.228132	46.343147	0.14672373183	0.28524694015	2.47903433904309	5.88403019557144	7.98876199919781	-36.1473982684427	124.173419913421	115.199662471184	26.9	33.2913	58.3892999999999	22.0554	0.90687	23.890317	0.0897362649999999	2.1	5.86	0.7	3.06	60.50144024	1.098193	0.003659143	39.414	0.0078947011	0.8125	32.16	48.64763534685	0.852209420458346	0.260774921955434	62.6885932748015	2.158	27.412	7.087692308	126.8300533	99.722	-4.56425007468672e-05
9134	64.5	87.7810248114631	10.3583391	0.00415257999978625	5.69488708	4.748747653	130.1430267153	1.15897725729	0.26865891813	-1.78195626645	-2.64945223154	0.3236656075	156.223955051	0.60195740889	0.62904150732	0.60102831808	1.10136766739	1.09590962763	4.12376790357	4.02611839429	4.06806791297	4.34708211894	163.997517169461	166.769208745228	318.292682845	696.225064306	43.879279	46.019337	0.14600889799	0.28537569182	2.38496602468532	6.12143008785026	7.97613695834588	-36.1431290474464	126.890529100531	114.649262755528	26.572	32.7056	59.2551999999999	22.2455	0.92341	23.993912	0.089469215	2.1	5.93	0.6925	3.04	61.2906937	1.133212	0.00396250461	39.942	0.0079190189	0.82	32.65	51.47596290693	0.84353359390008	0.297968607779189	64.1429212836645	2.09	29.617	8.61240246742351	122.129775254386	93.9059999999999	4.73235409523809e-06
9298	45.5	119.881749430199	11.0368625	-0.778906340000107	5.36960676000001	4.78599702703	131.7069447444	1.23395702175	0.26681254873	-2.2563891406	-3.07759366552	0.32075818625	153.590489294	0.6027675495	0.63214450575	0.58237710404	1.10245045053	1.09705642104	4.07614166297	3.98814213631	4.09999136042	4.34543743239	158.2	160.75	251.174972576	659.202860971	44.304604	46.472317	0.14853100813	0.28086141206	2.33187276936007	5.46423971651541	7.89436946810755	-36.2197861725786	126.004365079365	113.454299271054	26.032	32.5627	57.3301	21.8339	0.92126	21.847638	0.090147929	2.08	5.73	0.6575	3.02	62.71441028	0.970233	0.00370692043	41.31	0.0076995112	0.7875	44	43.24248814393	0.788800504518873	0.161333554292929	58.2291331587462	2.145	40.447	6.28071725596299	129.93880148543	99.786	-7.52374550325815e-05
9312	57.5	104.795819358314	10.3275208	-0.103650720000107	4.47838835	4.76878289763	131.9204224103	1.14739809604	0.2679155723	-1.72420573724	-2.6592720961	0.32202417795	158.069107498	0.60675044227	0.62826555077	0.59848960883	1.09997256512	1.09506750017	4.12908121563	4.0171623759	4.09588609849	4.3590720443	163.351427428276	166.965395043139	280.045699808	675.193593457	44.101942	47.572938	0.14560684211	0.28446993979	2.38861189710496	5.85151632212028	8.00675698475652	-36.2602164833899	125.169497354495	114.672863092748	25.398	33.2971	57.5082999999999	22.1037	0.77844	21.950705	0.088233914	2.07	5.8	0.6975	3.06	58.59385008	1.050684	0.00382656185	38.963	0.00781597	0.8175	33.43	50.06936067481	0.818507690391308	0.294227901231993	62.4394104487147	2.13	31.24	7.47014687633419	125.449580034769	93.062	-9.53026326124134e-05
9314	60	111.485443809524	10.6993801	2.22605015999968	4.85016597	4.7735786031	130.4967081323	1.18781273449	0.26765200878	-2.28699911241	-3.03756481686	0.32449275161	157.168725013	0.60462186332	0.63519170589	0.59530604055	1.10160383503	1.09618080209	4.11558628378	4.00126900136	4.06318212908	4.36404020367	159.2857143	166.5	287.002470694	681.161503134	42.962549	45.870732	0.14572081821	0.28479460939	2.50142169865639	5.87001254527653	7.9574679541089	-36.087772747984	127.671296296294	112.278856194227	26.797	31.9482	57.0627999999999	22.0812	1.24493	23.581397	0.091632695	2.08	5.81	0.6575	3.06	62.93859324	1.159321	0.00398592573	42.218	0.0079336189	0.77	39.7	43.9666873229	0.80419102600947	0.136923525659221	59.2269429257446	2.16416666666667	28.274	7.60066650606194	124.940022914544	92.9739999999999	2.73748275868347e-05
9321	140	114.677119752747	8.5868003	16.2028588899999	8.73511745	4.78326655845	132.1496445982	1.11009140245	0.26758220502	-1.24042198734	-3.24943404973	0.33051401665	157.1203010869	0.60056469227	0.64423024595	0.60293752542	1.10708602819	1.0987616412	4.22362144597	4.07344665593	4.11154326355	4.35115099297	166.330675508652	167.57909461445	286.423393845	651.72582073	43.083032	44.305565	0.13792214698	0.28692001358	2.77025425524163	7.89685926138399	8.11329450280322	-36.3027604121	113.3333333333	115.8696	28.135	35.0245	60.0183	22.7068	1.51536	25.312086	0.0946920639999999	2.19	6.01	0.5275	3.07	50.1074487	1.592482	0.00428861868	44.367	0.0086128838	0.6825	10.28	100	0.693664797533998	0.419418428242509	100	2	31.877	13.34656442	93.55209996	82.895	0.000167311804745098
9323	80.75	94.0605514194139	11.2332861	10.43404769	8.23476428	4.75755991567	133.984189469	1.10213636649	0.26640658817	-1.27594609768	-3.95873658011	0.32207546645	157.990827321	0.60164770323	0.63784169169	0.59431677235	1.1048444831	1.09729498216	4.16576055313	4.07839751008	4.11232033488	4.35459424496	166.315497293413	168.049180976419	295.444542565	668.045568006	43.021967	45.718368	0.13898647384	0.29067293412	2.83471328905432	7.36645335025935	8.35310706196097	-35.0288959220188	146.831666666672	110.753045732216	27.304	35.7249	60.1561	22.4831	1.47611	25.134764	0.0893511899999999	2.17	6.05	0.5775	3.08	49.45732992	1.492828	0.003702255	42.464	0.0083792366	0.7175	13.28	70.96774194	0.722284190391141	0.387298983798064	100	3	31.822	12.735344376404	111.97169025932	82.55	6.01504274509804e-06
9332	129	101.66526899975	7.7915315	14.31610047	4.14559575	4.73551455874	127.3150159669	1.25310601738	0.26914566501	-1.60928443219	-2.99180525844	0.31486387736	158.140076516	0.61118402944	0.64090605247	0.60571904658	1.10556205291	1.0959453515	4.20424132327	4.008230457	4.11815817176	4.39600664956	165.8333333	157.5	296.901952339	679.026565375	43.042163	43.857017	0.13222800916	0.28300503637	2.61672639459558	7.86886415124646	7.82464370446905	-35.005178003578	145.129444444446	107.043075716216	28.516	32.4858	59.1524	22.6477	1.79157	26.354243	0.090811048	2.23	6.16	0.44	3.02	58.07974686	1.465545	0.00460411936	41.975	0.0084853132	0.79	23	34.47113937085	0.678359988174427	0.263800796998733	63.1786404701781	2.11	30.321	15.3289095459261	109.621654016943	88.332	0.000182095078130952
9336	66.75	86.507651730172	10.8635743	6.17396984	9.73914073	4.75817591015	130.3460457242	1.2110541094	0.27627038363	-1.49920856172	-3.12241619372	0.31677356127	156.8302755309	0.60502350054	0.6419620476	0.60978596676	1.10439279003	1.09660360883	4.17049511645	4.01192847313	4.11801725211	4.36348646788	162.6666667	166	290.149732451	672.876708649	42.529827	45.368712	0.13764631625	0.280740222	2.39704384188448	6.827007017492	7.86219347923184	-35.5313210380698	140.242813051151	110.1166057476	27.755	32.655	59.4273	22.704	1.68348	26.553804	0.088292308	2.16	6.1	0.5425	3.02	58.06977322	1.48734	0.00433846385	41.762	0.0084514075	0.815	27	46.65943337818	0.687550893716578	0.219065076219512	62.7782425577437	2.15	30.262	13.9389645423545	111.204549523212	89.1879999999999	4.38388031773399e-05
9339	116.5	83.3676538184038	10.5452474	20.57379187	2.98328606	4.73512218298	130.5835575105	1.23705703504	0.2751207966	-1.35940279474	-3.09745490284	0.32809036552	158.542608744	0.59372824047	0.62858440121	0.61832856985	1.1070218012	1.09976771395	4.18191669326	4.04981003272	4.08214473393	4.35992870004	168	169.5	299.821850393	679.906000423	42.625992	45.310039	0.12955791037	0.28187198094	2.5029713876183	7.78656657732054	7.70435875394915	-33.0613051974	140	106.631	28.668	31.6288	58.1155	22.9682	1.63511	26.000471	0.090405012	2.32	6.14	0.485	3.18	64.3046274	1.559645	0.00484002934	43.382	0.0085908734	0.7425	24.2	22.80774950926	0.714516877677953	0.438238576219512	62.1389055003397	2.2	28.091	16.228415069725	101.369263693495	88.503	0.00013095046540873
9343	88	90.7442847658863	8.6962222	11.38597901	9.75863659000001	4.75403581119	127.5637974751	1.26961465841	0.27051979477	-1.05557792399	-3.36173577791	0.31887366532	155.6113037629	0.607984325450001	0.63883848899	0.61969744611	1.10485529617	1.09632105012	4.19446395599	3.99384576877	4.10944069373	4.37003442948	163.1666667	169	295.853793998	682.557422438	42.846492	44.724164	0.1357010214	0.27940814455	2.52489600916713	7.10927847067364	7.86964370446905	-35.0468624634452	138.161678597358	108.98246078337	28.414	32.3339	60.1137	22.6462	1.76335	26.266973	0.089063494	2.26	6.23	0.4675	3.03	58.4327664	1.60239	0.00447562978	41.9	0.008401454	0.78	21.88	36.48185262887	0.656052185383244	0.192953296998733	61.7628639336145	2.105	31.579	14.5968541416077	105.368651654996	89.52	0.000119711225141626
9352	134.3333333	79.1960100666001	6.9008782	13.28645174	4.86614336	4.74256975783	130.8173072302	1.24187382386	0.27602593313	-1.41106592364	-3.3807732687	0.32167683247	159.203104862	0.60389255185	0.64516212412	0.616410773	1.10615955802	1.09662268267	4.17940547712	4.02160637034	4.10560698867	4.37481054275	165.904879080053	167.440453703822	304.466285111	675.639606485	42.468637	44.625918	0.13085193179	0.27949213754	2.28870357021862	7.62960560043239	7.81701879396637	-35.0222272785083	134.895200617277	108.122059824333	28.423	32.3835	59.5052	22.89	1.70977	25.976816	0.0875369499999999	2.25	6.24	0.49	3.06	63.28072546	1.677932	0.00470188637	40.014	0.0085661505	0.8175	21.83	48.24609302143	0.725794333937158	0.271442409552845	62.1337907036123	2.07	27.097	14.4137528905819	109.479781187908	87.126	6.73850575595238e-05
9353	134	82.4265253046953	6.8961125	12.99566487	7.40345151	4.76322235236	129.6746720512	1.27543590463	0.27210516988	-1.83868749024	-3.25054594921	0.32109734964	158.694641386	0.60529255415	0.6387592686	0.61232832013	1.10519171535	1.09487370544	4.1842431148	4.03267684226	4.10824899425	4.37254577239	166.093371071802	167.106416666183	308.647327253	687.519400047	42.906589	44.304544	0.13093282587	0.27537897235	2.55672244049886	7.79170171521071	7.75899939305151	-35.1794333320054	138.94966490299	108.319744475937	28.389	32.6369	59.4078	22.6636	1.71814	25.748931	0.087238397	2.28	6.24	0.4775	3.05	61.72481576	1.675456	0.00475966584	41.191	0.0084426245	0.7775	22.67	33.02353137472	0.748779376220018	0.266204076219512	62.3348920525631	2.08	28.254	14.4565171278719	109.345621624089	89.62	0.00010197491172619
9363	105.727230265855	100.819369592491	8.3968427	15.14407454	2.74540524	4.75326345037	132.5181681942	1.22548443039	0.27409431528	-1.11146167977	-3.3282131992	0.32536718948	156.706874056	0.5976658379	0.63837429952	0.61394088109	1.10773520822	1.09555076025	4.20733382967	4.05500413886	4.1037312991	4.37646454342	167	172	295.253097477	674.228106337	42.687891	44.384343	0.12889582535	0.27777418708	2.6461264056835	7.91300900699419	7.94540339479694	-33.5506058309	120	113.7409	28.059	33.2902	58.8185	22.764	1.66886	26.252433	0.094721303	2.28	6.22	0.495	3.11	58.99117446	1.62351	0.00518795825999999	42.352	0.0084962014	0.79	22.93	36.61562987394	0.662640845257236	0.286871109949671	62.7115175053357	2.09	25.372	14.7567164152117	103.556251294751	87.584	0.000160951930924603
9369	71.25	97.0385504206482	11.3715393	8.55039487	7.16335082	4.7523329452	130.0782050179	1.21589798332	0.27279931637	-1.2113651864	-3.49370581338	0.32168636708	159.471226261	0.60454942766	0.64846912464	0.60108278849	1.10470055228	1.09589448049	4.15737235184	4.03669804188	4.1122865198	4.3461908947	165.412607938325	167.674965686377	295.038858701	672.568090298	43.258837	45.149821	0.13136077163	0.27718203794	2.31863232570223	7.1093040170051	7.87867347242855	-35.1357079250676	166.6666666667	112.4068	27.628	32.9136	60.204	22.6355	1.51416	25.037317	0.0861660539999999	2.23	6.14	0.5125	3.03	61.90410816	1.582532	0.00385835356	40.21	0.0082700471	0.8025	23.05	44.10815540844	0.709240774206702	0.222064790505226	62.1278446468171	2.14	28.008	14.129773606825	108.987461016335	87.508	2.67150047011494e-05
9370	78.3863311185436	99.0745325641026	10.5211859	1.71890297999989	5.24635083	4.77676436626	129.2953298595	1.19457908505	0.26968713297	-1.53969773401	-2.72425368651	0.32115087626	162.61753019	0.60575268617	0.63509928693	0.60260059875	1.1015927525	1.09547484142	4.14044352253	4.02252016843	4.08566783031	4.3616855372	164.061963305985	167.367916436831	321.576204875	728.763206065	42.520963	45.51227	0.14717767547	0.28246515973	2.37852347732046	5.94564651865589	7.84333694581351	-35.9973986392421	123.123349366679	115.244512109639	26.795	32.2865	57.9898	22.2716	0.96597	25.502671	0.089061313	2.07	6	0.6375	3.05	62.99844198	1.251512	0.00394715557	41.271	0.0080058094	0.805	33.1	51.38931718221	0.866512205011191	0.254702330001411	62.547382595104	2.08	27.54	8.80456371427911	122.856502243989	94.3069999999999	5.59328612121213e-06
9371	145	108.787770169414	4.8504687	16.19427474	4.1275858	4.73448098411	129.7054231785	1.27912954021	0.27965438462	-0.76272734722	-3.31479075145	0.32444681803	156.473318849	0.60440021115	0.64382011231	0.61656334411	1.10609173765	1.09592322991	4.19771011768	4.03239997961	4.13348266801	4.36710425187	165.8333333	167.078396826119	291.421295161	667.984144346	42.67369	44.256383	0.12991890701	0.28103088184	2.69822113901349	7.61959603177614	7.77377344028882	-34.0518990538	140	89.8613739576	28.131	32.5019	58.194	22.7643	1.6438	25.51807	0.089673969	2.18	6.19	0.47	3.06	63.5679314	1.54664	0.00504386226	42.328	0.008591584	0.81	23.28	25.14657681274	0.638526452491785	0.274131299163235	61.3320299435091	2.245	26.557	11.9889899	74.55853598	86.267	0.000158043
9380	98.25	90.7915329976967	11.3121403	11.31575781	5.91858234	4.72999245274	131.0530416518	1.25719881927	0.2676482479	-0.91261867662	-3.67500123809	0.3259304843	158.8121957309	0.59751769251	0.6426184712	0.61157999932	1.10317860844	1.09558422174	4.19340439026	4.04521465258	4.1121681965	4.36486176561	169	166.003728327062	300.456206358	684.168889555	43.045324	44.759865	0.13550209271	0.27655361954	2.50276149218637	7.39403613522284	7.86519454389464	-36.3141250066	113.3333333333	118.8384	28.178	31.4301	59.2726	22.5825	1.78727	26.046277	0.091534738	2.16	6.06	0.5525	3.05	59.53954866	1.533875	0.00440819558	42.768	0.0084724509	0.7725	27.72	23.87685241473	0.697770681902491	0.263784455007391	60.4231105560205	2.135	28.868	14.2664644802519	105.986967966621	90.677	0.000150182573518908
9381	100.587786299472	102.321837009476	7.4186908	14.56807184	3.81078828	4.73087471923	127.8917750342	1.30105968487	0.27050916698	-1.90885700859	-3.49858144115	0.31957613836	157.967301781	0.60804659077	0.63831375472	0.61689657654	1.1035954625	1.09738727327	4.19957553235	4.02635406937	4.12420325161	4.38253301266	165.970915219331	167.874620370739	299.881522948	680.118306395	42.676398	45.089387	0.13185102485	0.28120778106	2.28451754517977	7.4951830160002	7.76363577420936	-34.8620979986802	140.420987654316	106.668790034174	28.437	32.8467	59.3264	22.7516	1.81571	25.569574	0.0886262259999999	2.17	6.17	0.4775	3.04	60.64278886	1.609986	0.0049572826	41.187	0.0086176231	0.7925	20.98	28.77922675836	0.652691965909091	0.193757700095636	61.3441150315751	2.12	29.484	16.5275536319368	106.671641924521	84.68	0.000180029302440476
9382	110.6666667	82.4284645852336	8.1086429	14.95740087	7.58816376	4.74393413631	130.4639186872	1.27006297405	0.26856979405	-1.50354888665	-3.27484696178	0.31710789778	158.331676968	0.60583884232	0.63875113063	0.61780818119	1.10513319734	1.09639991424	4.16224394468	4.02124029084	4.11179423535	4.39012545195	165.936009594118	168.2035000001	296.043107744	679.317870435	42.840104	44.714602	0.13438150456	0.27831168678	2.36568145904559	7.54145402604941	7.78946956631707	-34.8293592730853	136.637288159367	107.16640403579	28.554	32.7333	59.357	22.952	1.83904	25.742398	0.0894475019999999	2.31	6.23	0.4725	3.08	58.55949672	1.628201	0.00488132822	41.943	0.0085419252	0.7625	23.75	43.01075269	0.633147223262032	0.180086344617781	61.8102674654887	2.12	28.933	15.8176588918619	106.893433954167	88.617	9.27205624404761e-05
9383	103	85.8060622042812	8.3061749	16.35545467	2.71185252	4.74836816419	130.2302838385	1.28395392654	0.27156183911	-1.42620985173	-3.66284105996	0.31956154202	159.297318867	0.60509096589	0.63966622475	0.62221449058	1.10566446936	1.09694700312	4.18910836442	4.033678692	4.11242802622	4.38010396378	166.215378713703	168.334500000183	297.364221733	681.365254886	42.997642	45.081897	0.13184218221	0.27869089108	2.24621984647112	7.79899593974013	7.72731617163793	-34.8538910212389	136.254856701938	106.474570084819	28.441	32.6978	58.2879	22.831	1.7917	25.46713	0.090284056	2.23	6.2	0.4725	3.07	59.08908562	1.635927	0.00505075571	40.392	0.0085709133	0.755	19.75	39.86666599674	0.652609198051948	0.205933584877521	61.2115207014893	2.2	31.724	16.0939678891386	101.842911563417	87.664	0.000127077349709384
9386	107.75	100.732542723762	5.7895192	20.53350429	2.25294327	4.75027858321	132.1739224666	1.21291788159	0.27565329815	-1.24788417525	-3.60410109227	0.32516119562	158.359911586	0.61269880739	0.63810833113	0.61737281331	1.10673313257	1.09751690706	4.20816487525	4.02667665448	4.11178856995	4.38716518977	165.917611657993	167.90686363603	300.897856555	678.260294889	42.146721	44.959196	0.12964404107	0.2786571139	2.33362492998438	8.00887679608369	7.96740990197266	-34.689128596	153.3333333333	103.4966	28.62	32.7399	58.761	22.8479	1.66838	24.66958	0.0905144189999999	2.24	6.15	0.4425	3.11	57.0760908	1.599875	0.00505518822	41.642	0.0084781548	0.7975	17.47	100	0.685776168056043	0.243220187330623	63.4920142640205	2.24514285714286	28.525	17.03404908	95.12213173	86.376	0.000149164448583333
9388	137	88.8064006618381	5.258716	20.22549797	0.68446836	4.74624103507	132.4237949524	1.23167040862	0.27278504084	-1.31905060619	-3.4758814393	0.31818635018	157.443389062	0.60044043434	0.64473102206	0.6236637332	1.10656730856	1.09789331262	4.20923496051	4.04494073306	4.09410667005	4.36833403377	166.398577494977	167.999583333333	300.515249232	664.121293615	42.519165	45.228198	0.13010875531	0.27726245978	2.39774878928953	8.37881458839477	7.74490944319828	-35.0929905834	126.6666666667	105.308	28.103	33.3132	58.9628	22.9445	1.79312	25.077027	0.0900336219999999	2.26	6.2	0.4875	3.14	58.21089086	1.667581	0.00489217009	42.498	0.0086149148	0.765	18.71	100	0.718057668056043	0.277653752043688	62.2081231971538	2.225	27.594	15.86949355083	105.462264072257	86.459	0.000192615853709384
9390	55	102.302238919414	11.9223082	2.21830709	4.88038886000001	4.7426384505	131.2454881743	1.19346502384	0.27073472324	-1.58636559332	-3.0018409914	0.32361574045	156.60761476	0.6028958129	0.64801329588	0.60393407301	1.10362611527	1.09618420944	4.15301414763	4.04123095031	4.11851421371	4.34235413891	165.557825203599	166.282580501239	295.109227315	673.703545422	43.48663	46.774436	0.13842486173	0.27621614641	2.82156125522493	6.81440185222719	8.16646331791601	-35.7696216832137	138.282936507936	112.304546153545	27.296	33.4712	58.0747	22.429	1.20419	26.270764	0.086377902	2.1	6	0.6275	3.02	60.11341348	1.364497	0.00374055045	40.85	0.0082143026	0.8325	25.86	99	0.756732374092431	0.322234242886179	62.5175656763335	2.19	25.493	13.3398593113485	118.078387398551	86.7479999999999	6.30597384400657e-06
9391	64.5	97.3626228479854	11.7531519	3.99595813	5.63728456	4.75583926406	133.4593520938	1.10765548205	0.26831952973	-1.30096869406	-3.93910430335	0.31759724502	156.499914939	0.60932330935	0.63687700807	0.60168538402	1.10301685008	1.09702504649	4.17007495199	4.0762841237	4.11192967291	4.33034287822	165.824056818902	167.472158468008	303.079881095	681.849301861	43.202575	46.440314	0.14298190616	0.28184773161	2.8419613454374	7.42544955773042	8.44427241720428	-35.3893683603615	145.789947089949	110.040814295119	27.695	35.1204	60.5531	22.2975	1.19726	25.770502	0.090086605	2.16	5.93	0.5725	3.02	53.07436886	1.456702	0.00363228244	41.049	0.0082413344	0.745	16.07	87.27272727	0.712312825311943	0.352066220238095	92.65873016	2	31.727	11.85958333	126.7078285	80.073	-7.23647583333333e-05
9392	59	106.88632965368	11.1354029	3.57795600999989	6.93061022	4.75408642193	130.0211110814	1.18110018987	0.26989034326	-1.26619740634	-2.93027578645	0.31724733553	158.889700137	0.60176591706	0.64703922223	0.59477056899	1.10301582252	1.09599148028	4.16563633992	4.0158507188	4.10169680302	4.31085272683	165.316977034876	166.085304311122	303.72533262	678.631986994	43.68479	45.238462	0.14169248917	0.27898284073	2.65852566042453	6.43551808458914	8.09149717495492	-35.6119883878426	139.783518518522	111.823208276644	27.405	33.0326	59.87	22.5905	1.15401	26.403079	0.0895778299999999	2.11	6.02	0.625	3.02	61.04922752	1.277313	0.00390886595	41.235	0.0080872175	0.83	29.34	62.99634166285	0.74705876196746	0.33671412383856	62.8573570399414	2.13	23.125	12.6742062500259	118.159835243057	89.5089999999999	2.59017793924466e-06
9394	110.5	91.6922093841847	6.0003303	13.3198408099999	5.83315615	4.74279651158	126.4425813375	1.27719231028	0.27274363339	-1.25785592798	-3.15444802313	0.32482520624	157.7167032858	0.60417368368	0.63557655788	0.6142528901	1.10414231801	1.09649464885	4.19690980632	4.01293612907	4.09718022162	4.37103987081	165.1666667	169.5	299.476681092	661.207712812	43.0311559999999	43.833771	0.13478911898	0.28640348324	2.5152412256809	7.68576415409005	7.79284947025596	-35.2842576767139	136.049074074074	109.444293487412	27.802	32.6084	60.8176	22.8099	1.90439	26.834381	0.0891634849999999	2.24	6.13	0.4275	3.09	59.06261392	1.559676	0.00470801697	42.831	0.0085666625	0.78	28.76	29.97553639507	0.614076026137524	0.192025698976066	58.687844351684	2.11133333333333	30.253	19.85080402	80.53816925	83.58	0.000181095
9395	118.25	79.5417233337073	4.1536986	19.7065936899999	4.96522979	4.74278201613	131.7502337453	1.24119754561	0.27073945559	-1.4238943203	-3.61706781455	0.32896450132	158.674811555	0.61018023077	0.64219191084	0.61266568926	1.10548311728	1.09668342296	4.19404628631	4.0451496163	4.09678306115	4.36389953043	166.136359018729	168.167148147222	291.732294432	669.946486245	43.166879	44.202971	0.13248040449	0.28160790224	2.45162318337536	7.87714992604212	7.70691151418083	-33.8453236614	153.3333333333	98.353	28.51	32.2573	58.8032	22.9415	1.70701	25.680401	0.0897920669999999	2.31	6.11	0.47	3.19	58.1079869	1.766445	0.00511663667	43.134	0.0085652025	0.72	17.14	37.42992460576	0.793635940014254	0.217946180115616	84.61538462	2	30.175	14.24826087	88.99581776	84.769	7.75864341190476e-05
9399	91	80.8514319195659	8.6029478	17.41514707	5.35270996	4.73460448868	130.7738502566	1.23644285614	0.26796461617	-1.35473607064	-3.67610234077	0.32190692549	156.795361938	0.60499189642	0.63456551509	0.61918680293	1.10714809058	1.09802364513	4.18341411943	4.0338843644	4.1148235635	4.36514697649	167	169.5	295.580748121	669.662560482	42.340641	45.098162	0.12910784475	0.27896231856	2.30746268674705	7.67566682135254	7.72750583057677	-35.6893854892	103.3333333333	112.9909	28.261	32.6361	59.3343	23.0059	1.75007	26.062695	0.092761311	2.31	6.2	0.485	3.16	60.16207286	1.593484	0.00528758099	42.435	0.0086467229	0.74	22.72	3.053435115	0.716526749538064	0.272614709840202	61.9947574213265	2.05	29.983	13.99929688	103.3057002	88.787	-5.04e-05
9402	78.75	98.3244434542812	10.7697881	9.67606893999989	5.42330646	4.74698443905	126.7091824207	1.39359681346	0.26957385581	-1.62645556051	-3.12366013658	0.32104543416	154.1141859709	0.59741612425	0.64081929698	0.6195030319	1.10604971419	1.09656950341	4.183722618	4.01016212095	4.11674841124	4.37994992458	166.3333333	166.344691422909	288.012841808	686.905290771	42.630486	45.128906	0.13517588432	0.28025983068	2.29411790323497	7.10176124279555	7.69354322801115	-35.2767968711317	136.337500000001	105.688496744783	27.977	32.3538	58.6377	22.5425	1.90477	27.25046	0.0887543589999999	2.26	6.1	0.505	3.02	60.60766916	1.559785	0.00439641318	41.815	0.0083885266	0.7875	35.66	21.4953271	0.548107730287766	0.206188796984878	38.39285714	2	30.395	12.9193936307618	107.158086631111	93.437	6.79395390106732e-05
9404	78.75	116.229469906667	10.4406135	11.6709798399999	6.11893096	4.75885075926	128.760167822	1.32724600922	0.27003310291	-1.2150655286	-3.0520721742	0.32098384421	153.912535501	0.60156856442	0.6468115661	0.60792752117	1.10361447737	1.09586457943	4.17044391686	4.00911543568	4.10306435342	4.36315538476	165.705826265002	167.3674462068	297.232048598	667.398743697	42.930386	45.761363	0.13700564632	0.28167432893	2.1378965821826	7.35200836257448	7.72210007732224	-35.2355357419406	143.3333333333	110.0964	27.799	32.0016	58.5375	22.4862	1.93028	26.473485	0.088213802	2.2	6.2	0.5775	3.04	62.26684816	1.470619	0.00511140289999999	41.314	0.0084030495	0.795	44.71	0	0.516156539927327	0.149437228234164	16.66666667	2	26.904	17.79232394	126.3545821	88.63	9.7428501697479e-05
9405	95.5	90.3604603827694	10.9509937	8.85709923	8.32176364	4.76315391491	127.3710779946	1.31117886513	0.27213424412	-1.37304515942	-3.47679342624	0.32038847387	155.230528471	0.60283656776	0.64945858564	0.61995076985	1.10338190535	1.09478624417	4.17292874465	4.0109587609	4.12308609108	4.37351285641	166.585666336452	167.236960429344	303.415784168	683.906335242	42.595408	44.441711	0.13470935504	0.27922342274	2.17161754953249	7.65669194526718	7.84600598856633	-35.4411387611638	113.3333333333	113.0913	28.215	31.8916	59.1433	22.7359	1.85383	26.863106	0.088614537	2.24	6.16	0.5175	3.06	55.84987062	1.576665	0.00456548425	40.203	0.0084268808	0.78	28.33	0	0.618926515458641	0.196507576719013	55.78817734	2	29.335	13.2492915997167	105.7551461079	89.097	0.000125500604887955
9407	75	104.749023868909	10.637985	6.70625863999989	4.24904566	4.77538801069	127.690901281	1.34552659646	0.27175837755	-1.35135838393	-3.04898952326	0.32170849261	153.109961065	0.59836619309	0.64495986704	0.61074202193	1.10442665292	1.09432449553	4.16794355616	4.02302695724	4.11382448202	4.34871262714	166.082359066398	166.30022452148	291.01498604	678.904796567	42.803389	44.242214	0.13474196541	0.27625891436	2.26282340790045	7.22684412766909	7.86369415477073	-35.6669567894447	116.6666666667	106.0678	27.27	32.2049	58.7557999999999	22.2896	1.67	26.804849	0.0852641109999999	2.08	6.12	0.59	3.03	62.52855316	1.4439	0.00417561711	41.397	0.0083080674	0.815	38.12	3.278688525	0.600402412434887	0.116880654821466	25.76923077	2	28.686	13.3595319122549	114.888612652101	88.332	7.82510290344828e-05
9408	124	93.6270235679176	8.0867319	24.2215137	-2.70864629	4.73816830202	133.4426500254	1.24823740715	0.27047610128	-1.01381836482	-3.13846145833	0.32587432854	157.7689558249	0.59881824922	0.63404231026	0.6114159218	1.10727913551	1.09883326933	4.20994572445	4.03270115967	4.10861355322	4.39013883002	170.3333333	169.249398148444	302.86977834	668.660475398	42.84065	45.214911	0.12989343993	0.28018757428	2.44003364176888	7.91341567222997	7.77762395644043	-35.2325901194	140	104.5125	28.425	32.9658	58.8916	22.7277	1.6896	25.587186	0.091883748	2.3	6.08	0.455	3.2	58.3888881	1.633966	0.00542200373	44.047	0.0086586563	0.72	24.82	22.89156627	0.702905149116649	0.356083523587933	61.8095436513591	2.15	27.367	18.698434291429	100.700858181787	85.525	0.000206079130792717
9409	119.25	88.6003806831634	6.224578	19.0490225699999	7.18029528	4.75104186672	130.1683252159	1.33235431197	0.27005066528	-1.42188907657	-3.62939209016	0.32712164329	154.548961596	0.60862106678	0.63818529106	0.61401302803	1.10566009194	1.09487680318	4.16608566632	4.02624734511	4.09948868871	4.36980216028	167.5	167	300.862351031	674.495090613	42.832334	44.235337	0.12989994623	0.27681852994	2.33308792701146	7.622025595483	7.71465582302279	-35.224788244	113.3333333333	93.4591276275	27.87	32.3869	58.093	22.6767	1.95931	26.531256	0.092144576	2.32	6.24	0.47	3.18	59.0334317	1.742674	0.00625081452	42.971	0.008637479	0.765	32.09	0	0.607485893744242	0.225697124879186	34.22939068	2	24.102	5.289347826	113.8472553	90.873	8.83e-05
9412	64	80.8994276877289	10.2525502	8.84893321	8.79076363	4.76129541558	133.4200677951	1.11645908245	0.27026800949	-1.52225461132	-3.76940231054	0.32553895373	158.543198409	0.60312384613	0.64511874898	0.60367776367	1.10451163032	1.09706366204	4.19051624499	4.05841866093	4.0998068579	4.35796237784	166.207603178369	168.006419390016	295.818240493	656.954345404	43.359343	45.893357	0.14077879085	0.28441103192	2.63407139179635	7.39588235523857	8.10882336522807	-35.2053954963009	131.069444444441	110.706104979234	28.19	33.7265	59.843	22.5901	1.46144	25.963042	0.0873663419999999	2.23	6.07	0.54	3.07	54.63561462	1.601549	0.00388276227	41.883	0.0084131281	0.7375	14.84	28	0.753298445949823	0.295629211070792	86.60968661	2	28.463	12.69885714	152.1591494	81.465	2.78082541428571e-05
9413	75	93.883282967033	11.6138555	5.72639399	4.24288761	4.76093755666	131.0395776162	1.20582835904	0.27302167383	-1.50415375651	-3.94634509315	0.32048613617	158.741858205	0.60668597476	0.6426159277	0.61124206993	1.10378785144	1.09601752777	4.18555341005	4.07599172632	4.12582254368	4.35426918013	166.471040286799	166.323089743494	298.952144863	685.348365788	43.498285	44.72184	0.13527433238	0.27751978271	2.65156434646228	7.46413223431599	8.03053923971683	-35.4792039007765	138.696574074069	112.28515673796	27.68	33.4032	59.2958	22.4218	1.49576	25.697734	0.0874323519999999	2.2	6.14	0.5275	3.03	60.45948676	1.55893	0.00377271707	41.964	0.00836896409999999	0.8325	23.4	59.33692488287	0.743897962088418	0.293269076219512	63.8697658452941	2.15	26.907	13.6536508229268	113.959918300122	87.217	3.22242230784314e-05
9416	129	81.7495369551282	6.2136126	12.86261674	5.08317085	4.74101030486	129.9003698172	1.24159423634	0.27532319914	-1.42666232028	-3.45364375391	0.32163990074	158.238208316	0.60761536703	0.64252182659	0.6094309915	1.10498778176	1.09595485846	4.17780687655	4.02506829255	4.10143346449	4.36406576659	164.3333333	167.514270833417	303.896636456	667.608506553	42.545687	45.038895	0.13070202138	0.28152009606	2.43214134045168	7.32206635531766	7.7475498546606	-35.055361978803	135.405015432094	109.093940717901	27.953	32.4213	59.1249	22.5994	1.69489	26.769879	0.0858800199999999	2.27	6.1	0.4725	3.07	64.1911866	1.64524	0.00465759943	41.36	0.0084799134	0.795	21.6	82.14285714	0.651865168708002	0.233003621674058	62.6322732790678	2.21	29.964	21.3460262	117.3658372	85.624	-0.000169535
9421	103	107.311579078657	7.6194766	22.2529542199999	5.45858203	4.76773664916	133.9962386511	1.21338067606	0.27006090129	-1.5282457628	-3.39590589249	0.32635837073	159.220762949	0.60550554634	0.64326061385	0.62411929235	1.10563781215	1.09716679461	4.19381157052	4.0325966318	4.08772137517	4.36435640706	166	168.924444444567	291.200026288	661.413399308	42.620482	45.326931	0.13391181316	0.28095413793	2.39021823075822	7.60430326289396	7.76916720533886	-30.768533855	106.6666666667	112.5459	28.492	32.1649	58.4899	22.4914	1.66785	25.610851	0.0939992819999999	2.34	6.22	0.515	3.14	54.6420699	1.550317	0.00580113112	41.474	0.0085516226	0.7575	18.91	1	0.718883135721325	0.355996219076655	73	2	31.135	15.5327022838983	102.526019109311	86.527	5.21419960784314e-05
9427	119.5	98.5845722527473	11.6504836	10.99263336	8.13271076	4.75858328162	130.1214314549	1.23561658472	0.27470316556	-0.71703893336	-3.3263057549	0.32319970714	155.6164250779	0.60196787228	0.63716714912	0.61191528658	1.10501735152	1.09745939189	4.17249179608	4.00397915946	4.11354702394	4.3905209847	166.3333333	166	301.014039774	680.637437605	43.348263	44.580847	0.13487882439	0.28058940366	2.65412976800541	7.41185992061554	8.05000859578683	-35.6554844778997	141.80627705628	108.240119942772	27.766	33.0798	59.3233	22.3352	1.72492	26.02757	0.090069688	2.25	6.08	0.5175	3.03	59.17298546	1.528668	0.00412250829	41.217	0.00844371449999999	0.8025	18.09	100	0.689011799045559	0.244329862655299	62.2514516019751	2.11	27.039	10.78090164	112.982137	87.195	0.000502472
9433	137	96.3935010570951	3.6439818	19.24557389	8.8619121	4.73705144088	132.6510184471	1.18330273797	0.27086067698	-1.08632075141	-3.38223168267	0.32535355987	156.1380969988	0.61189796061	0.63936664255	0.61523680565	1.10608111714	1.09853166486	4.22267883449	4.05682751934	4.13250313794	4.38742090024	166.3140964275	168.141703703722	302.668071909	664.150664768	42.425915	45.619149	0.13310745078	0.28553456262	2.63369784512925	7.84423168783606	8.19625670729324	-34.7043706425446	138.221084656079	108.919956282187	27.936	35.042	58.1989	22.7686	1.66642	25.106517	0.093287742	2.23	6.08	0.4925	3.19	42.5705997	1.693594	0.00505813673	42.725	0.00855917299999999	0.6875	9.51	93	0.718730440253374	0.345943752917834	100	4	37.29	18.41338583	66.07206342	82.331	-5.62122472549019e-05
9436	77.5	92.0326439789377	11.0509105	10.32039977	4.79084708	4.75764562501	129.4771324738	1.25648555982	0.27066852635	-1.28236608069	-3.40703137584	0.32496091001	157.166889689	0.60326182379	0.63756488059	0.61713064326	1.10330351473	1.09659981543	4.20583335472	4.06744022633	4.11260146639	4.36871583725	166.364584731141	167.60923361888	300.741374328	680.179646525	43.355686	45.258083	0.13248458093	0.28025518206	2.54809638051805	7.41770770181285	7.99860459404141	-35.1441761289916	113.3333333333	119.3533	28.313	32.9719	59.7976999999999	22.5693	1.69809	25.404686	0.0874601479999999	2.25	6.13	0.525	3.05	59.5023536	1.641594	0.00434611507	40.355	0.0084464789	0.78	22.93	52.01882181411	0.736323175000506	0.23671615414159	62.6081339402295	2.12	27.45	16.010565312181	111.430766640861	89.856	0.000104882888137955
9437	90	101.292853443223	9.7294798	9.48507941	4.99933744	4.7481721241	129.1314468672	1.29758937366	0.27137618591	-1.30731670613	-3.8135286054	0.31961123667	159.218839915	0.60586061157	0.64713670279	0.61546092944	1.10482417973	1.09689599153	4.176641048	4.0116237749	4.12336435858	4.35025025878	166.318360054428	167.240620370656	299.969473132	676.343591154	42.965225	44.765974	0.13298883513	0.28001904735	2.31874364916292	7.22667079861023	7.83866104527689	-34.8557064704546	133.348260381585	107.213483888998	28.119	33.1908	60.3433	22.8963	1.75224	26.460134	0.086274483	2.23	6.15	0.5125	3.03	62.21112338	1.572791	0.0044301631	40.818	0.0084119137	0.785	26.11	28.57142857	0.668916931827829	0.209962987474923	60.8114415578281	2.19	28.147	13.09459677	105.8864462	85.739	9.60197361379552e-05
9442	113.25	131.547399637681	1.3958469	25.2452487999998	4.5801456	4.74855679877	130.4016803373	1.43894559521	0.27442132849	-1.3723873711	-3.76161480099	0.32487758024	157.0463664579	0.60528705013	0.63869657634	0.61093182957	1.10662318011	1.09562165982	4.18498169713	4.0022254133	4.07712351786	4.34359539597	164.876930780919	166.272943598507	283.451828179	648.37831837	42.689734	43.986626	0.12773517283	0.27506479956	2.41502324937886	7.81335345951062	7.60355056133412	-35.118208075837	120	124.8411	28.136	31.8766	57.7437	22.8074	1.87295	25.810338	0.0907775649999999	2.28	6.12	0.58	3.21	65.7415082	1.573277	0.00671938668	45.378	0.0085042801	0.78	41.3	0	0.550679338672604	0.250895398869085	9.172413793	4	27.903	13.93373206	80.14997356	88.999	0.000158110591221288
9450	78.5	94.1506675256265	12.0458543	15.5737913	6.20140987	4.75550117978	124.3947113943	1.31489360204	0.2697060374	-1.27449220571	-2.51433022234	0.32385323416	154.442316505	0.60329353623	0.64245024147	0.61634764025	1.10427950035	1.09584317732	4.18328132245	4.02627185944	4.11802761736	4.37509236396	166.243693120972	166.957884613024	289.15854773	673.671923961	42.913079	45.131705	0.13481240182	0.280724297	2.3413568020252	7.56257438350794	7.7365818605439	-35.3306555829794	135.314841269834	107.221036777258	28.482	32.3878	58.0373	22.6808	1.83787	25.830666	0.089608747	2.26	6.23	0.475	3.06	57.50495246	1.629009	0.00467759738	41.444	0.008558756	0.765	25.31	53.57142857	0.682700831279664	0.191844470450281	59.16666667	2	29.987	14.724887268536	110.71594178565	89.485	2.96209251260504e-05
9451	113.6666667	89.2963227093317	5.3363853	21.35747099	3.60276855	4.74122926021	130.5579080523	1.22006925223	0.27269288023	-1.29949005013	-3.70888349825	0.32091706857	158.974871317	0.60216332963	0.64348120473	0.61347243418	1.10550473352	1.09872252709	4.23604800669	4.04706491938	4.10729404959	4.39047275175	165.960932012353	167.460537036689	300.905624688	669.796880325	42.618074	44.430402	0.13047917429	0.27656083549	2.35640945646358	8.19073803334577	7.76812912887128	-34.7378188063237	137.631524276373	106.613952921717	28.557	32.9712	57.696	22.881	1.7841	26.060325	0.0896791209999999	2.28	6.32	0.4825	3.1	57.5819981	1.681703	0.00533910413	41.843	0.00869135819999999	0.775	19.93	92.42424242	0.740758984505938	0.208635141654078	59.98677249	2	28.002	14.50375545176	106.5905314782	86.96	0.000134976616333333
9452	103	90.2756996625596	8.7991266	23.4305881999999	8.11258064	4.73168400921	130.2857737418	1.35676165596	0.27031725234	-1.54003103959	-3.47766391591	0.32396897275	158.278350625	0.60200657508	0.63378152202	0.61523323638	1.10585634822	1.096453688	4.22559544121	4.04806206858	4.09498391631	4.39532899505	166.059945433119	167.896707691108	303.380074585	667.851792776	42.585417	44.587071	0.13076331579	0.27492398608	2.41794437439098	7.78400714964573	7.71284417835138	-34.7250784982498	141.481559549742	106.518116073415	28.73	32.6823	57.9508	22.7318	1.85517	25.891317	0.091860571	2.36	6.18	0.4825	3.11	59.8020472	1.690517	0.00520203994999999	41.719	0.00857043669999999	0.7625	24.08	24.09017051504	0.764320391885725	0.268664037757974	69.87179487	2	30.267	15.3681784951226	105.615101121836	86.265	7.88213161904762e-05
9453	129.5	83.6471514232989	6.3078585	14.08209414	7.96461847	4.74515803397	130.4373912758	1.24237170253	0.26935440012	-1.65200063024	-3.51040368496	0.32692467799	157.531321657	0.60678909643	0.64599953876	0.61058361273	1.10390847516	1.09668196973	4.19654754878	4.04494998673	4.10510510699	4.37897303766	166.506385081458	167.34959472958	300.428677915	679.40607924	42.996938	43.665161	0.13369339558	0.27978573819	2.4572042193893	7.60686183004996	7.7171147423977	-35.4263561903	106.6666666667	110.3389	28.396	32.5663	59.8043	22.7183	1.69841	26.319722	0.0898927739999999	2.26	6.13	0.495	3.1	60.36142816	1.646074	0.0049351734	41.121	0.0085271032	0.735	23.04	0	0.728739925000506	0.261304752043688	60.7188638425238	2.14	25.216	16.45447674	94.86986773	86.849	8.33404348690476e-05
9454	138	85.702980024794	10.4047057	13.52927914	8.67239217	4.74193976446	130.17072018	1.25597350382	0.2728039811	-1.58254435395	-3.53998420673	0.32398243678	159.627200215	0.6077159941	0.64661062298	0.60846966818	1.10571291529	1.09735140782	4.17308524874	4.00134948379	4.09250163992	4.38167714637	166.178836040995	166.803320920506	302.36240233	671.459142243	43.017024	43.814865	0.13200436424	0.27872239641	2.39052847725863	7.73881716209117	7.70644748853124	-35.8101565069	176.6666666667	98.9113058189	28.159	31.8673	59.5345	22.7825	1.81119	26.295117	0.09106893	2.19	6.26	0.495	3.07	61.49041816	1.653478	0.00490173398	40.37	0.0085796041	0.78	22.77	0	0.61189421969697	0.216838455007391	60.1787680029321	2.12	29.221	14.1563000780398	101.679780696058	89.894	0.000179493750333333
9455	102.75	94.2822109227849	9.5457984	7.19542802999989	7.95788815	4.75621385263	127.694184724	1.23433343692	0.27303396392	-1.64572924312	-3.03485628483	0.32211971194	160.6564132639	0.61000268609	0.65726571492	0.62010696146	1.10344407522	1.09431275256	4.16264897761	4.00565012065	4.1012870299	4.36712549898	165.166522051296	167.118329356268	299.557054523	666.703394808	43.21242	44.424532	0.13926466426	0.28051089612	2.45708629886221	6.84948291112262	7.78424253758417	-35.3932034562908	132.726963684456	109.279864203849	27.764	32.0008	59.3248999999999	22.5851	1.66138	26.962863	0.090772184	2.16	6.09	0.5	3.04	65.28830168	1.524276	0.00414093395	38.596	0.0084243245	0.79	32.94	0	0.672051016901642	0.133654928209081	61.3267591217092	2.334	26.724	14.309452718869	107.844845056767	90.295	0.000164082019869048
9470	90.5	71.2952356025496	9.6374336	19.67280732	11.65768549	4.73617823256	133.3788644738	1.12740306477	0.27294825671	-0.87356423352	-3.30273393057	0.32838989564	157.949751306	0.60199417125	0.63450744685	0.62289652893	1.10609570658	1.0988601387	4.19902182288	4.03828810243	4.09545688688	4.38255241922	168	172	300.824341396	670.741783253	42.552716	45.176932	0.13669275291	0.28386156205	2.50705423759318	7.95824626194998	8.05279273260549	-35.3426228645	93.3333333333	112.2195	28.596	34.241	58.4912	22.6714	1.61853	26.003062	0.090398856	2.29	6.23	0.45	3.15	43.03893446	1.549888	0.00460389179999999	44.957	0.0087052535	0.6625	12.14	74.07407407	0.69320628146959	0.297747102013163	100	2	36.067	18.03762431	107.4240821	86.224	-0.000282004
9471	104.730518521317	98.3948401098901	9.1442983	14.17756796	6.07979999	4.75261960672	134.3843503351	1.13226102743	0.27079657613	-1.10184466825	-3.74676718872	0.32691099083	160.004496972	0.60170980113	0.6343664014	0.60422572187	1.10454816335	1.09736766955	4.21586945738	4.05920912717	4.07844322799	4.36712862818	166.898552913543	167.375965686627	295.359029386	670.781190762	42.796091	45.546778	0.13371049487	0.28235160499	2.4976498183419	7.73803254901163	8.29209502393323	-34.8608695629752	137.310555555551	109.335965838912	27.866	34.2182	58.7222	22.6326	1.63527	26.027461	0.0898329079999999	2.15	6.06	0.5375	3.05	49.47179048	1.558593	0.00429272012	43.991	0.0084448282	0.7425	11.87	87.5	0.68939301114082	0.290726994689931	88.38461538	2	31.995	12.5079096767018	109.922879312343	80.957	-1.03302785882353e-05
9476	126.3333333	109.813924579822	6.8000373	16.26353394	8.51208494	4.74404989513	129.5592512177	1.27336761571	0.27115899164	-1.57515137804	-2.98384012899	0.32286526251	159.919084289	0.60828371542	0.65086382692	0.61422916396	1.10320924375	1.09688045383	4.1895500761	4.03230662073	4.11841889683	4.40073044723	166.912476664327	167.29117806403	299.804153927	678.389741576	43.056482	44.616942	0.1292687631	0.280784109	2.40495377917382	7.8097948173173	7.82775163215318	-35.0726769746	120	115.9854	28.099	32.7585	58.6635	22.724	1.77934	26.223601	0.09106104	2.23	6.18	0.4475	3.06	65.21876576	1.579041	0.00512932045	41.582	0.0085686075	0.7625	20.58	0	0.768246482300915	0.183518751544188	59.0557240746574	2.18	28.802	14.0092526812522	103.56211933998	87.301	0.000111503521
9481	121	81.4759076062826	7.1324182	17.53930507	5.08196967	4.77574319787	129.4295754958	1.2737724085	0.2677566241	-1.40552253817	-3.52167660787	0.32751865136	157.6808608729	0.60532031297	0.63163761987	0.6223599791	1.10647278359	1.09668003463	4.18938088883	4.06031521335	4.12715508805	4.36875176112	168.6666667	168.368262108169	301.409856819	684.23342888	42.842267	44.347238	0.13051948039	0.27922796996	2.50223564077998	7.5857849326519	7.71582631999421	-34.6560252633871	123.3333333333	112.5373	29.129	31.851	58.7937	22.9237	1.67648	26.669814	0.092287972	2.31	6.22	0.4875	3.16	60.9653034	1.63841	0.00536275998	41.161	0.0086500331	0.7175	22.62	4	0.680286985097252	0.293472576219512	64.6316949570505	2.1	26.48	29.51126214	109.5159712	89.963	0.000645812
9503	53.5	125.920189599761	10.1608564	0.909385059999679	4.7193554	4.77778311866	130.6810938634	1.19126294421	0.26394385578	-1.97020589954	-3.23301968106	0.31997048511	155.229015263	0.61010048315	0.62127023963	0.59416328947	1.10251029652	1.09600580948	4.09541426211	3.98008330962	4.1123906693	4.36299259376	156.6	164.2	253.998902665	676.70010406	43.622145	46.135196	0.14533156283	0.28562380063	2.54520918481309	5.3801988153395	7.94898813020917	-36.2855135497989	126.35415824916	112.263532445762	26.204	32.2509	56.7363	21.8565	0.84862	21.702356	0.090268798	2.08	5.71	0.67	3.04	63.33252798	0.940944	0.00376619641	42.156	0.0079690779	0.8225	42.7	49.29143641291	0.734207168214654	0.259293425128486	59.334076357029	2.15666666666667	41.152	6.20615960039878	131.157089763425	93.502	-1.71634469933658e-05
9506	69	77.5	10.4978576	0.284213659999786	5.68511728	4.74755127698	127.7127771803	1.22018254385	0.27018419814	-1.98942312656	-3.05537365653	0.33244070867	153.194600112	0.607223006440001	0.63663798702	0.59584082263	1.10393968539	1.0949100018	4.09002325117	4.03672244785	4.11049417889	4.36460914403	161	165	265.332446774	680.942496409	43.676923	45.638157	0.1462420591	0.28632706508	2.53602691894159	5.74210483615558	7.94547110887476	-36.1649325709304	93.3333333333	122.6599	26.158	31.4247	54.9237999999999	21.6276	1.41945	23.162951	0.086487063	2.15	5.81	0.6625	3.05	63.37331028	1.238054	0.0038097036	39.565	0.0078393631	0.815	44.61	41.12824354178	0.875	0.033	43.21428571	3	36.822	5.2	112.5616422	92.895	3.02e-05
9507	46.66666667	559	10.2638763	2.23587529999957	4.32881278	4.78606174291	131.6042147704	1.27503168971	0.27290260452	-1.64795007372	-3.15362014357	0.32295418046	147.265550292	0.603792255800001	0.61787391267	0.56977789494	1.10859901053	1.09747678716	4.04836103094	3.98551747625	4.12803052876	4.37833163822	133.8333333	151.75	244.897665354	656.919670798	42.730115	44.304495	0.1449065679	0.28132883248	2.35707246733134	5.04487386823068	7.86052149847767	-36.0791811877933	124.78269414576	113.582983539456	26.815	30.7659	54.3003	21.7144	1.59899	22.898879	0.097081849	2.23	5.88	0.7175	3.13	58.426808	0.974814	0.00421080703	42.718	0.0081325204	0.8475	63.23	25.63590655995	0.767	0	0	2	44.343	0.452777778	154.241853310097	97.171	0.000717462
9508	60.66666667	97	10.2753958	0.742816279999786	5.60775172000001	4.77399874846	130.1504418278	1.25619303259	0.27043741044	-1.43527351666	-3.29256308198	0.32220021356	148.577974868	0.60306594055	0.61638234128	0.58992716737	1.10572822322	1.09486731855	4.09577369182	3.95572352602	4.09443177398	4.35426626506	164.6666667	164.5	255.394926076	675.376924328	43.89652	45.569206	0.1444412578	0.28068393878	2.17327639593354	5.39448769178272	7.85940830845312	-35.9986072187828	128.719675246012	110.951819657676	26.326	32.211	56.4930999999999	21.5812	1.35134	23.223498	0.08945668	2.2	5.98	0.68	3.07	65.03690366	1.111511	0.0039544374	43.779	0.0079687493	0.8175	55.06	29.2447668543	0.85	0	12.22222222	3	41.207	6.73514575063905	137.220513934178	94.716	4.31129458721804e-05
9509	59	401.8	10.295993	0.985261759999786	4.64821686	4.76850306544	130.2151152813	1.2333708542	0.26717029147	-2.31926282806	-3.29991860222	0.32066568414	150.824520926	0.605850307	0.61789446114	0.58002386411	1.10341941429	1.09479969093	4.07971211379	3.98042859662	4.11600690457	4.38354236615	145	162.5	255.840329506	672.20973667	43.48545	44.721207	0.14082647939	0.28375826041	2.347604552984	5.46309905499781	7.93895458176816	-36.1297985430836	130.928328264724	110.879625982369	26.232	31.4758	55.214	21.6116	1.45352	22.626049	0.087922977	2.17	5.86	0.665	3.05	62.20391576	0.95096	0.00373651335	43.067	0.0078636404	0.8325	51.28	42.16990436232	0.325	0.033	49.640534239135	2.51994047619048	47.053	4.85096838981865	140.855329649357	91.157	-1.39750539695563e-05
9510	55.75	412.2	8.1791318	1.53244809999968	2.11704815	4.7708860108	133.098975395	1.27151491751	0.28228252863	-2.04273932902	-3.09949519438	0.32114970128	148.141806024	0.5990459257	0.6198799477	0.58036541228	1.1022138759	1.0956737058	4.06150776398	3.9412565558	4.13391816756	4.38630645177	146.4285714	147.5	248.114235247	661.671156455	42.341419	44.041224	0.14168489106	0.28633121935	2.33659509328558	5.10632691683859	7.90687096084199	-36.188070173832	126.823765574328	113.728605623852	26.036	30.6817	54.1205	21.5546	1.61036	22.99219	0.089765241	2.2	6.02	0.715	3.1	63.49014902	0.989881	0.00381289791	40.469	0.008026953	0.85	63.56	29.73395278174	0.458	0.15	5.555555556	2	44.919	2.938390805	153.8715529	89.499	0.000172624
9511	55	401.5	9.9701558	1.05821717999979	3.38188064	4.78666390053	130.2362478584	1.2523513302	0.27756481647	-1.47661983676	-3.25699987399	0.32182800011	143.694355209	0.60264005372	0.63034786433	0.57464834925	1.1033865115	1.09560402253	4.03411152807	3.94097094818	4.13393413515	4.32312636258	151.4	162.5	250.211371777	675.980293922	42.881575	45.960021	0.1443350862	0.28361925303	2.20599529930286	5.05132548190695	7.77465198184251	-36.0959624978644	125.811874039938	113.801023562526	25.586	30.3868	54.2885	21.6107	1.33821	22.303454	0.091427447	2.21	5.88	0.7025	3.09	60.50441026	0.926545	0.00386851541	43.122	0.0079005964	0.815	64.34	26.29863222549	0.883	0.55	6.818181818	2	50.015	3.5172718422569	158.3250634179	97.766	1.93038453809524e-05
9512	40.25	496	9.2423153	1.75270209999968	3.24314685	4.74810707414	133.1307011472	1.24123136116	0.27265398082	-2.04310405377	-3.16851434082	0.31844157094	146.968647027	0.60253830291	0.62404193193	0.57631550218	1.10402133319	1.09500628955	4.05624163546	4.00517726389	4.12774653053	4.35749165861	123.3333333	151	246.879476185	666.483511787	42.583374	44.663681	0.14177757365	0.28160535589	2.54451534632066	4.85273363416034	7.98397466909745	-36.4196036798742	123.438712664273	116.495486951693	26.526	30.4427	53.2901	21.666	1.5472	22.7626	0.093020433	2.3	5.91	0.705	3.07	57.44266298	0.951987	0.00373912994	44.982	0.0079622776	0.8525	63.43	28.08045753721	0.892	0.183	3.448275862	2	44.907	0.484880952	116.545123	95.473	1.5e-05
9513	63.33333333	158.17	9.487984	0.936407579999786	3.39695606	4.76650037527	130.9725811904	1.25813064682	0.26723400621	-1.55071376215	-3.39539187584	0.31755069022	150.528062965	0.60970692587	0.61990802645	0.5819319783	1.10152173711	1.0940785121	4.07329605881	3.98532507517	4.10799742778	4.35584108404	146.6666667	156.25	256.288590128	665.332378164	42.984915	45.054038	0.14295638916	0.28242242814	2.28708244181097	5.33842675413895	7.82776594897628	-36.062216076259	130.224082232979	109.333712906398	26.211	31.4447	55.5019999999999	21.6694	1.44048	23.063249	0.084691594	2.16	5.86	0.6825	3.06	63.43492426	0.945643	0.00379823626	43.595	0.0079257314	0.835	55.05	37.94593203269	0.05	0	48.6698419080144	2.35352380952381	38.3	5.18879563163341	133.074532586762	95.613	2.3787395872549e-05
9514	83.33333333	485	10.6833538	1.95217799999968	3.99860501	4.78351382136	129.7907794152	1.29797455096	0.27025062146	-1.50920754464	-3.01218986105	0.32217417655	146.2316725889	0.60575146505	0.63223415698	0.56957479287	1.1046925177	1.09526786063	4.06284103797	3.96543715943	4.10178348186	4.34867800163	154.75	165.5	256.642396415	671.907228419	42.540684	44.02789	0.13999266244	0.28068938471	2.46626847016851	5.50365042174959	7.83881622998099	-36.0107018893714	130.786692462261	110.469106527063	25.867	30.5776	55.5186999999999	21.5391	1.67992	24.508485	0.088087354	2.12	5.9	0.71	3.05	62.30560526	1.04508	0.00406360061	42.335	0.0081330386	0.83	61.36	28.79429427411	0.3	0.042	0	4	44.131	5.4908588296934	153.023392469998	93.831	8.76363133809524e-05
9515	51.25	559	9.4961369	0.566546279999573	3.30048823	4.76794850803	131.5225824993	1.27351054701	0.27876168666	-1.35003395281	-3.6115634265	0.32244118531	147.263698827	0.5982845061	0.63447058235	0.57454365472	1.10466733818	1.09713814295	4.04200416194	3.98182175121	4.14327474259	4.35195219715	139.6666667	153	240.606296829	666.958757107	43.201236	45.523131	0.14428299021	0.28209942948	2.29255520944531	5.21785019908995	7.85101384917556	-36.2008308658184	123.3294865799	116.57925393775	26.08	30.4656	53.4203	21.5822	1.27708	21.704257	0.092658399	2.2	5.77	0.6475	3.07	61.72903776	0.906754	0.00392932773	43.746	0.0079273215	0.8275	60.53	35.70797946169	0.867	0.008	33.78571429	2	44.231	3.45838281484448	159.313024907033	96.001	4.42153100280112e-05
9517	35.75	309.2	10.7229065	1.12502249999968	4.71043436000001	4.79077834667	132.2751275803	1.23751126625	0.26482805081	-1.85470862007	-3.2605609131	0.32256549867	145.142047831	0.60339561146	0.62166410116	0.56317801219	1.10557825511	1.09639591206	4.03253213941	3.93178161729	4.13286539923	4.35145851381	137	153	251.961444517	675.922053517	42.422067	44.358284	0.14342048414	0.2799290393	2.37202888503828	5.03507025474333	7.91841908488076	-36.2769873430114	126.6666666667	110.2494	25.321	30.8338	54.363	21.4941	1.36136	21.933324	0.094499362	2.12	5.91	0.7775	3.06	60.27003326	0.909004	0.00385084655	44.477	0.0080175006	0.825	69.19	30.23119911171	0.167	0.008	3.666666667	3	43.345	2.164102564	161.8091684	98.356	3.16e-05
9518	87.5	72.83	8.8045645	9.37065527999989	6.09975579	4.7540083746	129.0537451828	1.30123212992	0.26976265426	-1.14905513506	-3.29738992613	0.32104543759	154.6699347259	0.60522632554	0.63594248088	0.61154840751	1.10109933659	1.09323816696	4.16773591446	4.00889672298	4.12382125601	4.34771961865	165.8333333	166	283.348952878	665.769127932	42.753101	44.23647	0.14140097234	0.2826572506	2.28082524924933	6.60034935512965	7.82401403829975	-35.7095539556484	131.5587759017	110.32612711307	27.764	31.7045	58.2886	22.1178	1.87769	26.846181	0.086449347	2.2	6.1	0.635	3.07	63.02587962	1.474288	0.00463184278	42.1	0.0083179194	0.7825	41.8	28.10801086602	0.117	0	37.52436647	4	34.419	18.01562092	117.5807779	90.868	2.41e-05
9519	64.5	149.404429415584	9.9679178	2.39642075999989	6.15059863000001	4.76068398955	129.4370097224	1.26395962125	0.28112082371	-2.02011314717	-3.28496183644	0.32724803122	156.093302466	0.60744656015	0.62962988087	0.57597363883	1.10318211122	1.09430726503	4.09138121086	3.99608980769	4.12105299033	4.35670994568	146.3333333	160.4	263.846816814	683.831806932	43.373498	44.956966	0.14423786939	0.28417585762	2.43060209897004	5.25071916558075	7.94317699413539	-34.818729534	146.6666666667	115.2259	26.562	31.5399	55.3573999999999	21.8095	1.38246	23.714732	0.084463797	2.17	5.74	0.61	3.01	65.82199836	1.029899	0.00340668261	41.019	0.0078866107	0.8475	45.28	44.47642985681	0.825	0.033	59.2075773269349	2.161	34.743	6.4168094070371	130.669776345937	92.525	2.24795617815126e-05
9520	120.5	129.67	3.1164131	19.6233725699999	2.27989247	4.75333963285	130.0625602428	1.30690445455	0.27359880602	-1.22104835155	-2.39108690944	0.3267371192	152.7367848198	0.60387681541	0.63253974164	0.60253243543	1.10618257002	1.09586900062	4.15993981092	4.02941439977	4.09156734038	4.34935257041	165.4285714	167	285.325977054	660.53795414	42.81438	43.715865	0.13422897183	0.27920416649	2.39847934723396	7.50235513716074	7.56925261628999	-35.8005810697	126.6666666667	108.0024	27.952	31.2526	58.1317	22.6926	1.96046	25.884512	0.0891801119999999	2.26	6.22	0.5775	3.21	67.15557716	1.511154	0.00625133314	42.945	0.0085164567	0.7925	45.57	9.95347939417	0.375	0.067	4	2	29.7	22.79741071	125.6980012	92.895	-0.00032822
9521	68	81.6	9.4504031	1.81124184999989	5.28582461	4.77348231162	128.7513793376	1.30680556889	0.27193451601	-1.79599672618	-3.33815955962	0.3203978072	157.416959871	0.606205820820001	0.63510577434	0.59076935811	1.10204589668	1.0963932787	4.12020277188	4.0246185849	4.08409475692	4.35983882224	155.75	167	297.993190347	670.690723459	42.777324	44.604466	0.14231590485	0.2869552579	2.50913112108768	6.2167823059962	7.97052279313622	-34.4568803226	100	113.662	27.617	32.536	56.0079999999999	22.1655	1.34466	25.69489	0.086859899	2.29	6.11	0.64	3.08	60.66783818	1.3121	0.00399793981	41.253	0.0080635714	0.815	33.04	38.92648786045	0.542	0	67.37400531	2	29.117	11.03235772	116.2502582	87.051	0.000168459
9522	60.33333333	559	9.0327722	1.09758145999979	4.1097608	4.73776171798	129.7241842572	1.209129135	0.27266346658	-2.15017837343	-3.0719435861	0.32399870353	148.584644421	0.60662511747	0.62506757803	0.57869903646	1.10271372618	1.09739758694	4.04897723321	4.00540103402	4.14118442519	4.34985242627	138.75	158.6	261.69318986	675.068832222	42.865157	44.877734	0.14293397958	0.28529661469	2.32961604298702	5.08412685901653	7.78179156715759	-36.3227604960374	126.27163514303	111.540071747045	26.149	31.2035	54.7666	21.6981	1.1626	21.914948	0.09123963	2.19	5.76	0.685	3.07	61.96830546	0.984855	0.00344289864	43.722	0.0080296322	0.8425	54.92	38.71871061532	0.733	0	47.0206304652609	2.5726164021164	44.864	0.908918919	98.73824722	96.657	4.2e-05
9523	84.66666667	97.83	10.4163849	3.01843612999989	1.11086687	4.77534750148	128.5007696869	1.27933709535	0.26700262847	-1.42553553849	-3.23667183301	0.32539216972	154.67487884	0.60716471996	0.63906417833	0.60673371793	1.10400346757	1.09549472362	4.10691809871	4.02794703108	4.08995327082	4.3447165886	163.2	167	294.407144229	695.173771771	42.944323	44.560473	0.14102838558	0.28075903904	2.16782117952247	6.01913241904475	7.84327750910914	-35.8168584231283	130.549586882652	110.792206229085	26.891	32.1248	55.7839999999999	22.1806	1.66773	25.591814	0.090966985	2.11	5.96	0.6225	3.14	61.79806818	1.272173	0.00437024612	40.647	0.0080908424	0.8125	45.2	30.34207078965	0.925	0	26	2	25.642	8.179904762	123.2587163	95.46	0.000392855
9524	99.66666667	64.17	12.0626808	9.44789952999989	5.46385994	4.75066537851	128.5524308719	1.25345944168	0.27342400958	-1.61841685243	-2.9554491226	0.32595393351	160.360804827	0.60592416258	0.64268633825	0.60601177753	1.10402066449	1.09616021477	4.16267456697	4.02510862885	4.1248722405	4.36795714665	166.6	165.25375141343	307.418478303	668.271671899	42.761106	43.842328	0.1409454924	0.28593767736	2.72381189368846	7.03358900128883	7.74042482468419	-36.5205795264	140	107.0333	28.319	31.8387	57.8322	22.273	1.94117	26.421356	0.085220718	2.25	6.02	0.5525	3.12	63.07941986	1.538986	0.00456138526	43.148	0.0083871983	0.7975	29.94	30.86274866534	0.958	0	61.316959912251	2.06	30.004	15.61751724	139.6246773	86.967	0.000364199
9525	81.25	74.6	10.5112086	17.3789430999999	6.27498881	4.7362332829	131.9868936593	1.31594484122	0.27020088089	-1.78944677549	-3.4516966832	0.32817732678	155.262396323	0.60560033226	0.64675232365	0.6270425215	1.10413661447	1.0948077558	4.16634379235	4.02044529879	4.08245641341	4.36385585148	168.5	167.733879628558	304.535746389	685.360695377	42.735538	43.562491	0.14077781445	0.28819119344	2.46440014292724	7.26586713670493	7.79622122717063	-35.5717743145	130	106.8632	28.422	32.3003	57.9436	22.5698	1.84861	26.326914	0.091968006	2.22	6.27	0.4975	3.12	62.22703696	1.697033	0.00546374945	41.342	0.0085934542	0.7825	31.71	23.1899821783	0.95	0.633	20.74175824	2	26.999	13.4550931582989	108.628262704677	91.785	6.93720188095238e-05
9526	56.33333333	163.17	10.4875449	0.386737899999786	3.58192342	4.76928292084	131.0282995828	1.21942897232	0.26583734297	-2.55513888146	-2.71175786629	0.325876289	150.3260861609	0.60406857134	0.62209977377	0.58691685798	1.10080637681	1.09562513229	4.03992319306	3.97964329426	4.11431994517	4.33298891393	151.5714286	160.6666667	261.427695723	673.771615936	43.779942	46.314571	0.14466446727	0.28382611644	2.6151031414928	5.04065704774099	8.04984333237692	-36.8294782859	120	117.3273	26.345	32.1586	56.9019	21.7339	1.09948	21.915378	0.085677748	2.14	5.85	0.7275	3.08	64.02811636	0.980678	0.00371093966	41.846	0.0079167306	0.86	52.07	33.67191660047	0.892	0	34	2	52.527	3.785517241	126.6091403	90.786	0.000164989
9527	76.5	72.2	10.2694677	5.04661861	5.92811946	4.75255606112	130.4082553181	1.12482402184	0.26621057131	-1.14935658228	-2.80445050685	0.32256353628	154.7403277109	0.60788564917	0.64278685784	0.60565514307	1.10332061698	1.09713895096	4.15999163684	4.02264181042	4.10127104463	4.34345757301	167	167	290.273214247	657.572004796	43.17444	44.720933	0.14360818704	0.28569546354	2.59438797622588	6.3750553360446	8.20594455402419	-35.665431775	140	110.0014	26.899	33.5614	59.7001	22.5704	1.45557	26.312261	0.08669102	2.18	6.09	0.5975	3.11	55.79184256	1.448564	0.00376406813	42.761	0.0083410064	0.7475	22.91	62.4018536792	0.4	0	90.74074074	2	26.237	13.91632813	114.8321831	82.467	-0.000178953
9528	89.5	108.914381143675	10.9314229	11.7262649099999	3.40533246	4.78026880443	126.7041574313	1.26162763357	0.27585187818	-0.52586098739	-2.92532481165	0.32373822605	158.164203182	0.6056307968	0.63656727658	0.60963494843	1.1051518984	1.09525147404	4.16435562961	4.00683925386	4.11770238441	4.39309198367	163.8	167	291.223529062	674.996213435	43.039499	43.67107	0.13623241448	0.28421986132	2.93601248452704	7.36421789920363	7.79146066087226	-35.3150330618	106.6666666667	111.3674	28.337	31.3992	57.8374	22.393	1.91958	26.345397	0.090826203	2.14	6.12	0.51	3.06	61.69890544	1.489196	0.00448404319	43.141	0.0085331424	0.76	33.92	19.7665585208	0.033	0	53.4410266938424	2.58492592592593	30.861	13.08251852	111.7218099	92.5199999999999	0.000846203
9529	63	90	10.3945567	-0.695309250000214	5.68794052	4.75803159229	135.7946033426	1.18184992897	0.26444180441	-1.96923683925	-3.23442304846	0.32636034932	155.186798154	0.60623718089	0.62718316496	0.58104271674	1.10447487093	1.09630406435	4.09132949594	4.04133361199	4.11416497506	4.34904970075	158.125	164.75	272.440031066	659.912614196	43.823304	46.603651	0.14766196873	0.28641951871	2.58448784287044	6.14947687156118	8.35076745258625	-36.0544547563956	128.150202020205	112.520870692908	26.769	32.8461	58.4360999999999	21.7492	1.22575	23.091407	0.087556722	2.16	6.02	0.7075	3.08	56.46207416	1.115088	0.00340331022	40.648	0.0080247793	0.835	38.63	61.17596979046	0.367	0	74.30769231	2	42.318	9.585376344	123.4138929	80.063	0.000224587
9530	123	87.4	10.48205	3.19962523	6.50413441	4.7545989198	130.490975909	1.23351525887	0.2699349955	-1.30036076459	-3.53044847117	0.32056070617	156.748676997	0.60553462803	0.62659523563	0.61094348282	1.10247308908	1.09524390121	4.10874608329	4.01559418123	4.09613348354	4.35000642573	160.8	169.5	306.496662062	681.619491922	43.140094	44.310033	0.14712840832	0.28407383754	2.22625879098241	6.22348228462383	7.93252545913167	-35.9170685291424	125.004175732819	111.243973950763	27.787	32.2317	56.6405	22.2195	1.58584	26.580168	0.087800127	2.18	6.01	0.6175	3.06	64.11527444	1.42475	0.00402714406	41.852	0.0081728167	0.77	33.28	44.08007229578	0.683	0.017	58.54700855	3	23.893	9.37435475228333	124.240202340613	91.7189999999999	0.000113986429282977
9531	92	75.6	11.1194361	10.6024242	5.20533262	4.75998690568	128.2605587909	1.22539766523	0.27555800136	-1.03141320547	-2.67620319178	0.32521920859	158.135268746	0.60353256818	0.64212654577	0.59778334471	1.10539962934	1.09491540641	4.17578906729	4.0337730449	4.08360250743	4.36478066966	165.6	167	290.64516595	657.236702289	43.194763	44.243551	0.1391833241	0.28196994299	2.47825067011335	7.35448425117465	7.85454597453259	-36.161446957	160	98.1872925857	28.124	32.1129	60.5047	22.7494	1.74255	26.011078	0.088346594	2.22	6.16	0.55	3.08	63.81143876	1.516025	0.00477275585	43.198	0.0084011347	0.725	25.4	40.98641023189	0.825	0.258	60.57692308	2	28.897	14.5118650587539	113.953265739672	89.056	4.75670622619048e-05
9532	108.6666667	133.33	9.77158939999999	15.5626803699999	4.74639181	4.7714890687	129.3494045252	1.27276249148	0.27207539429	-1.23765133936	-2.86160738669	0.32796716699	152.496139309	0.59810352335	0.63626693457	0.60309692262	1.10578736258	1.09620752325	4.14302535083	4.04721852162	4.09155894788	4.3611150812	159.8	165.3333333	293.141745601	670.792233942	43.449967	43.256022	0.13929330766	0.28429394407	2.49072882422591	6.78374145690625	7.86472808146012	-35.95147039	83.3333333333	119.4144	27.98	32.0039	58.7687999999999	22.2892	1.97953	26.35316	0.092188966	2.16	6.1	0.595	3.09	63.64571968	1.406792	0.0051704418	43.05	0.0085280362	0.8025	39.22	14.19465634463	0.75	0.017	31.66666667	2	27.375	14.1352152606672	115.768318639914	93.122	0.000190523749792717
9533	79	137.83	11.4104091	1.40088569999979	4.90997966	4.78432494612	131.8305172426	1.3120079527	0.27211226269	-1.29170473357	-1.5595178432	0.32104368489	152.4370855669	0.59996700047	0.62423218574	0.58213722929	1.10610593006	1.09494345332	4.10996075017	3.99953204179	4.10597667494	4.3601235592	160	164.6666667	288.628825303	689.606331162	42.47428	44.813098	0.14437507003	0.28034115787	2.51158628359623	6.3971538461834	7.71402314920168	-35.899947279109	125.699385026745	118.435939793715	27.102	30.121	53.9272	21.5835	1.6576	25.460797	0.093863248	2.14	5.89	0.705	3.08	56.09247164	1.10541	0.00457149091	41.573	0.0082108971	0.855	54.92	22.81197946101	0.583	0	0	6	29.87	7.47085523215056	142.950091792558	98.306	0.000111789942058824
9534	65.66666667	133.17	11.1015987	1.49964875999957	3.23715637	4.80386919116	130.0024431131	1.25239370066	0.26824921177	-1.69042055089	-2.95622362018	0.3215236658	149.645492555	0.60123816885	0.61944723805	0.57162813023	1.10245940709	1.09652021769	4.08262691427	3.97567920251	4.09864267161	4.35232071326	166.5	170.5	271.303626818	653.063257585	43.52332	45.600995	0.14398316312	0.2821406905	2.38427096963105	5.45835487788374	7.90188453012003	-36.1385035697728	133.3333333333	117.6083	26.543	31.7612	55.3599	21.7374	1.48504	23.248195	0.089024546	2.13	5.95	0.7075	3.04	59.01463736	1.022082	0.00399718359	42.343	0.0080161561	0.8275	61.13	27.92308461544	0.725	0	11.53846154	2	39.775	2.719090909	162.6894315	96.718	0.000142865
9535	89	95.1010818667444	8.1523281	16.4456482899999	-0.193114280000001	4.75676306239	127.0173515283	1.34886721857	0.26852156028	-1.31165399408	-2.65620490067	0.32315547509	154.4067970749	0.610799645640001	0.64621729588	0.61842441769	1.10678508012	1.0963770758	4.15456893295	3.98743583887	4.09097884773	4.41072831855	166.6	166.252492082264	289.885376263	683.883804296	42.663611	43.540541	0.13606886861	0.28507197168	2.57644425526748	7.42755658624747	7.62037623405794	-35.8928225087	110	122.7175	28.134	31.7882	57.3504	22.4524	1.93859	26.344268	0.090944831	2.16	6.16	0.5025	3.1	62.61037416	1.575232	0.00552374611	43.846	0.0086385431	0.7925	30.78	19.48528338155	0.1	0	37.77777778	2	26.093	16.56707006	112.6905455	91.291	0.000583637
9536	103	192.5	11.0211953	13.3281363399999	4.93494578	4.75897928211	127.7396759816	1.38515820777	0.26981405043	-0.84256700014	-2.58984594129	0.3248348476	154.6332321869	0.59759913056	0.63276646575	0.60091597048	1.10441486127	1.09381831416	4.150472281	3.9750215195	4.09910801762	4.37133125836	162	169.3333333	295.674413121	667.170196976	43.128489	43.476482	0.14035971446	0.28087560756	2.42387159346091	6.9337615546476	7.71287546668564	-35.6322628599155	127.696872895626	115.041519280623	27.856	31.343	56.2306999999999	22.1231	1.9977	26.336031	0.094559498	2.18	6.13	0.615	3.06	63.58392898	1.362675	0.00526632564	44.085	0.0084946201	0.85	50.88	22.18828845698	0	0	1.923076923	5	31.889	11.3731419537686	117.60587525764	91.4279999999999	0.000210548921578431
9537	56	559	9.565164	0.723778699999679	2.78120288	4.78346374309	127.4423991826	1.25204802239	0.27825944576	-1.45188616099	-3.52814814369	0.31763285835	148.099038966	0.59926339482	0.62647775206	0.57025110701	1.10156586502	1.09518211629	4.06980764498	3.98705186372	4.14535189142	4.35262953024	151.5	161.75	267.01133598	664.443162109	42.799253	44.518305	0.14241368256	0.28319835965	2.67756376663476	5.25199304549322	7.84787961646384	-36.1410527580499	121.466136906695	112.025299052288	26.358	30.8799	54.9266	21.5765	1.6222	22.392752	0.089864115	2.25	5.91	0.665	3.04	64.56933576	0.905143	0.00381933402	44.919	0.008072389	0.83	62.24	34.83025899903	0.508	0.017	4.083333333	2	48.588	1.913670886	150.446627517575	87.585	0.000231954
9539	91.25	70	8.4756663	2.61434149999989	4.13595862	4.75771079046	128.1038507532	1.29180862856	0.27689538817	-1.27631040936	-2.87483614717	0.32149844219	158.378172295	0.604064124480001	0.63815440566	0.59237445927	1.10291956822	1.09483539085	4.08966394506	4.00678594098	4.10795396945	4.38820960779	153.7142857	167.25	275.563884474	677.268332537	43.141467	44.142403	0.14283302263	0.28258941646	2.3081108149326	6.17958226609507	7.79539287714396	-35.4103286807	166.6666666667	101.6846	26.918	31.7975	56.0892	21.948	1.59501	25.508289	0.091417826	2.17	6.17	0.6575	3.06	66.21634792	1.347635	0.00419444179	43.996	0.0081598411	0.8175	40.75	36.16632083384	0.808	0	58.44444444	3	28.308	7.389754098	122.6948432	87.936	0.000159379
9540	88.25	85.17	11.3385836	2.02973122999989	6.39737968	4.75826826864	133.896988384	1.19409935795	0.2683975635	-1.67285296187	-2.66443280141	0.32569960851	157.864714859	0.606606106620001	0.62960542111	0.60739816673	1.10310483195	1.0962312998	4.12898357344	4.02893831175	4.10712162635	4.35766253356	165.4285714	166.081634871799	301.572171898	686.852145969	43.267714	44.394582	0.14494731677	0.28632516176	2.60577275938304	6.14443639280209	8.02512259405523	-35.5606663842	93.3333333333	115.1741	27.698	32.9782	57.3330999999999	22.0782	1.40254	25.735348	0.086139621	2.13	6	0.6275	3.06	61.47837854	1.333325	0.00392967934	41.366	0.0080598594	0.8225	35.22	44.7269942372	1	0.008	66.30769231	2	24.299	9.46841123066396	130.138056130733	92.7959999999999	7.60760947058823e-05
9541	61.5	145	10.2065181	1.43521389999957	3.40298825	4.78378568399	131.1235657526	1.23751955942	0.26890420044	-1.75456108939	-3.41753659016	0.32356824887	147.238396134	0.6071326366	0.62526154851	0.58213530013	1.10266813581	1.0980674702	4.0427383869	3.99274428073	4.10652560624	4.34773445703	155.1666667	167	248.664370801	655.579176389	42.952569	44.662208	0.13998671156	0.28461400682	2.24465921648736	5.22403976422769	7.91285447574554	-36.088746415792	130.781070180055	110.091232489709	26.497	31.2626	53.6288999999999	21.9823	1.51393	22.803681	0.083841364	2.11	5.84	0.69	3.09	63.78519446	1.009819	0.00364136981	41.195	0.0079880949	0.83	52.88	31.40096236704	0.95	0	34.61538462	2	47.744	6.13047479634646	136.592146990498	99.954	2.97960901946779e-05
9542	107.25	76.5	7.0489106	16.6851505699999	3.92308001	4.73000641628	131.617016636	1.32589405083	0.27102623955	-1.01254725128	-3.6530307669	0.32546903298	156.688193364	0.60942564347	0.63801682997	0.61070185866	1.10442382081	1.09534277569	4.18320034749	4.0147976779	4.09175762911	4.36670574026	166.2	167.813732017164	290.763526059	672.742803197	42.779217	43.839465	0.13612639549	0.28061135814	2.53320415867474	7.20141870977442	7.7596648257584	-35.5534741472543	125.11926249676	109.080824604031	28.258	32.3256	57.4971	22.6354	1.83842	26.26131	0.0887803219999999	2.23	6.22	0.5125	3.1	66.43643746	1.578048	0.00551872306	42.631	0.0085691105	0.775	36.52	12.57192462288	0.825	0.008	29.62962963	2	29.591	16.21204878	71.39614895	89.545	-0.000759278
9543	89.66666667	100	10.6096236	8.92069040999989	5.01525818	4.76707576834	131.0606791393	1.34199999314	0.27721669985	-1.08059206347	-2.23224838495	0.32030740541	156.7512388639	0.59582584268	0.64593280578	0.60330458608	1.10437127833	1.09364136905	4.14498961616	4.01614605253	4.10818743922	4.37077374916	163.625	167	293.001365975	668.624773836	42.566954	44.231447	0.14429987665	0.28257666645	2.6774043072193	6.4336068934289	7.80775395841608	-35.7774674494763	125.247115105307	112.6231679397	27.291	30.903	55.6191	22.0384	1.95319	26.790016	0.090420795	2.21	5.95	0.6225	3.07	60.47256668	1.424572	0.00453178254	43.833	0.0084006759	0.8225	46.22	22.10664005281	0.775	0.092	0	4	30.876	10.9337280304652	117.133336269439	96.029	0.000130285354428571
9544	53.5	559	9.8174993	1.01409219999957	2.7467297	4.80064688456	129.7141049178	1.29239652108	0.27671164639	-1.8414582002	-2.84664282465	0.31895773163	147.354240053	0.60224504148	0.62935233212	0.56423459424	1.10308534252	1.09521448761	4.04202601179	3.94590648086	4.13895848197	4.37774210327	146.5	160.6666667	241.4976558	646.88512181	42.856841	44.859261	0.13980381636	0.28131270961	2.27893121906937	5.131622169568	7.79075032854293	-36.043743759923	125.950488758553	112.800809733673	26.326	30.4799	55.5305	21.8941	1.73268	22.961057	0.088951676	2.18	5.94	0.7225	3.07	60.36087226	0.967521	0.00382827064	43.832	0.0080015564	0.8225	67.79	29.82054046759	0.108	0	0	4	43.93	2.447108434	206.4442379	94.281	-1.98e-05
9545	101	186.5	10.9327799	2.53493832999968	6.20758564	4.79391809459	130.6953379795	1.30274313675	0.27414486036	-1.42241585742	-2.11950788689	0.32604038359	150.351302344	0.598696889270001	0.62875764703	0.57461750412	1.10409613857	1.09604636166	4.07221894559	3.97645670247	4.11348703933	4.34592368365	147.8	156	276.743074591	678.211671688	42.872235	44.765785	0.14514858552	0.28039591273	2.38886357826592	5.59836703815732	7.8794864296619	-36.1269209226069	130.763564920916	111.171157789247	26.858	30.8556	53.7898	21.4734	1.75734	25.008741	0.08807523	2.13	5.84	0.6825	3.06	65.21734972	1.009266	0.00367946231	44.368	0.008112988	0.84	61.24	27.94457785065	0.967	0.025	3.703703704	4	35.907	5.52505319201373	148.856408221725	95.668	7.81694168333333e-05
9546	107.5449951161	95.33	6.6561617	19.8759388699999	1.30830226	4.74537985235	131.3272449645	1.42917897618	0.27175289848	-1.21407566697	-3.368783169	0.32767101849	153.3252224928	0.59727381165	0.63600907132	0.61309924895	1.11048707922	1.09646745296	4.18424806392	4.03057820666	4.08648078775	4.34723348623	164.408345736266	166.837680125053	291.159848677	659.988370146	42.705368	43.547909	0.13380716783	0.27483721647	2.57982714600286	7.6241299338351	7.71992219877507	-35.8567838895	106.6666666667	104.6634	28.956	30.8167	56.6168	22.7357	1.8586	25.360346	0.09077662	2.28	6.18	0.5025	3.29	60.6425064	1.665596	0.00599644432	43.302	0.0086473917	0.7675	39.76	12.95263217462	0.467	0	2	2	30.643	12.68630872	75.47387954	93.116	0.000285895
9547	70	124.2	10.7105743	-0.40092302	4.73232995	4.79151432112	131.4247404532	1.14288013174	0.26848538771	-2.32494214384	-3.47397094771	0.32485121147	156.628070777	0.61105831535	0.62860262224	0.59526574559	1.10281267009	1.09704107336	4.0884441833	4.03536242091	4.08259467507	4.34521960327	163.5	167	261.216690903	682.155766265	43.484028	45.597726	0.14146630016	0.28603247729	2.49181358538189	5.95392607419179	7.96304042385335	-35.6683668796	113.3333333333	114.9182	26.713	32.588	57.0531	22.0886	1.16767	24.116088	0.08672771	2.07	5.86	0.655	3.06	59.98498766	1.074149	0.00377695056	42.185	0.0079434201	0.7875	39.01	55.84646388164	0.7	0	56	2	27.626	5.617927928	119.2853231	92.5869999999999	4.94e-05
9548	107.061083348489	66	5.3140414	16.55477254	3.45559715	4.732165002	129.7454837523	1.30879065786	0.27377885057	-1.26605748866	-3.42326965831	0.32705284419	155.7654149139	0.59842450099	0.64056842936	0.61724618343	1.10718486177	1.09693532449	4.18738433243	4.03890457552	4.09821259234	4.36213251975	168	167.04045622585	298.462111607	677.237295781	42.633001	44.138854	0.13243773088	0.28086376665	2.45743248771718	7.34585192969938	7.8221614433525	-35.2500757848	113.3333333333	104.8523	28.31	32.1097	58.1532	22.7333	1.83363	26.230483	0.091235251	2.25	6.16	0.47	3.14	61.0966151	1.574785	0.00496902598	41.072	0.0084848597	0.73	26.59	14.97921935766	0.667	0	59.0584649853863	2.192	26.307	20.49052288	91.56755628	89.163	7.84e-05
9549	106.6666667	89.2	9.6637808	6.0793110999999	7.02455294	4.77015253281	128.8717101231	1.36400840607	0.26978375088	-1.43320475026	-2.10249099931	0.32659312764	156.051629087	0.60525247	0.62815582924	0.60146256658	1.10305103659	1.09416870626	4.14906659151	4.02709440059	4.12111772253	4.33078252748	161	163.5	302.068136229	680.94534483	42.884505	44.268541	0.14150842375	0.2789087476	2.18335863988072	5.98507420014159	7.79653452256605	-35.849645741349	126.042015078323	109.931692358089	27.961	31.4725	55.5028	22.2582	1.82934	27.037747	0.08939498	2.16	6.18	0.65	3.04	64.01151978	1.413406	0.0046610246	46.365	0.0084427263	0.8225	51.46	28.42167907909	0.475	0	14	4	28.915	11.54783582	128.761761	91.256	0.000100852
9550	132	52	0.944926	20.22857649	3.19036585	4.73884898656	133.708477849	1.16943637012	0.26966251988	-1.35824794687	-3.26316429113	0.32773854945	158.5961796309	0.61082688957	0.63611048394	0.62450239388	1.10413048918	1.09685343324	4.19394548191	4.04768564266	4.06897520717	4.36810773615	165.644623391555	167.453935184911	303.752209218	669.099670065	42.997337	44.285548	0.134756431	0.28058790445	2.73340917874163	7.82737081866908	8.05688222368434	-34.85454373989	137.964705930269	109.220053141706	28.448	33.0492	58.6549	23.0056	1.6386	26.010089	0.092527152	2.31	6.15	0.46	3.23	49.91414922	1.779574	0.00550561933999999	41.813	0.0085230966	0.745	12.53	67.08691289827	0.983	0.017	94.44444444	2	32.677	13.5965154027691	105.264860249795	84.967	-2.57694484453782e-05
9551	123	101.67	3.3758671	21.5832563999999	2.54689391	4.74898199633	130.7959149002	1.4143173001	0.28139070456	-1.45504915954	-3.56267974064	0.3287748075	151.2249680599	0.60705884713	0.62543576639	0.60955847539	1.10469085983	1.09363518861	4.16166299909	3.98925886022	4.0991646909	4.37067387951	166.2	172	301.707219685	670.291439154	42.579342	42.868139	0.13375415189	0.28017773661	2.41600939660838	7.56609426515018	7.64486691184889	-35.9865394297	113.3333333333	115.306	28.05	31.8241	58.1072	22.6204	1.8811	25.89578	0.087017945	2.37	6.26	0.5625	3.19	66.0285407	1.704188	0.00613642779	45.968	0.0087167826	0.765	40.38	12.40912700641	0.683	0	19.29032258	2	27.669	14.9098790857069	109.471707601266	88.225	1.99387057689076e-05
9552	109.327697858691	171.33	4.2188263	14.3856446699999	-1.96007172	4.78541249536	127.9381630177	1.33825352035	0.27168415275	-1.08235481403	-3.35238768485	0.32335234936	150.7098233769	0.6043167353	0.62778811796	0.5991631051	1.1033963901	1.09466556054	4.14479767029	4.00466336181	4.09474314139	4.35795974377	160.438424746351	164.935477842829	290.502946157	668.239423773	43.219224	43.434248	0.13600151203	0.27614412974	2.50465040679802	7.26663702367455	7.66020714929497	-36.0312014365	76.6666666667	114.6995	27.954	31.3128	57.5649	22.3713	1.98092	25.84049	0.090496855	2.15	6.02	0.5375	3.21	66.33442652	1.453528	0.00499499602	42.502	0.0083933722	0.7875	46.78	17.72931283808	0.558	0	0	2	28.922	11.8868219041703	114.903569455975	90.852	0.000124747753238095
9553	106	54.5	11.496313	10.3279485099999	5.74220251	4.76198802501	125.0526521807	1.28576379683	0.27718911156	-1.57990398191	-2.97913445928	0.32597485767	155.118013854	0.60925680039	0.64106864934	0.60828433077	1.10442578236	1.09490398379	4.15557141984	4.01834681145	4.10072178065	4.35814726684	162.6666667	167	289.498167681	679.859828761	42.817771	44.220963	0.13951625727	0.28556835172	2.30257745182887	7.1530310192004	7.70430058972041	-37.3616518525	116.6666666667	111.632	28.572	32.1518	57.7334999999999	22.5686	1.90115	27.110363	0.0889053359999999	2.27	6.2	0.55	3.07	66.00320146	1.637543	0.00471822541	43.624	0.0084363654	0.755	35.66	21.6350579449	0.192	0	24.07407407	2	27.723	13.54947368	101.0970077	92.084	6.83e-05
9554	104.25	118	9.9439388	7.2106431799999	4.65679038	4.76236783654	128.6403288343	1.32922407475	0.26963440027	-1.14367419821	-1.81495917666	0.3221299862	155.137792072	0.60289881085	0.63926972637	0.60560061859	1.10636545712	1.09493013582	4.14020910542	3.98873339211	4.09900833716	4.34532171547	160	153.6666667	284.420372519	661.11499656	42.929717	44.169039	0.14320378191	0.28075671493	2.42747484433074	6.5861757999108	7.72518613617194	-35.8698250674423	127.722521645025	110.877173866772	27.645	31.5518	56.6641	22.2256	1.85858	26.602318	0.088562374	2.11	6.1	0.6175	3.05	62.43210036	1.306855	0.00477065053	43.981	0.0083862115	0.8025	50.21	20.62162097712	0.608	0	0	2	31.773	11.412527244007	121.146927764279	90.268	0.000114155380121212
9555	100	225.931539608432	9.1099269	3.24617882999979	4.60484125	4.77859313421	129.9653770789	1.35913514716	0.27510565002	-0.95684518436	-1.83710679833	0.32211928175	153.445660639	0.59931917349	0.6313294119	0.5684860028	1.10700757526	1.09431731146	4.0662833982	3.97915634948	4.10828626683	4.38415002783	146.2	155	277.891147332	671.145799604	42.40814	43.653589	0.14206520067	0.28068904609	2.56340228306301	5.82981961090003	7.79665605066283	-35.8759381004603	126.456031746036	114.047475802482	26.652	30.7399	52.9598	21.6222	1.74314	25.524988	0.092587347	2.15	6.06	0.7225	3.05	63.27762216	1.059608	0.00440555736	44.714	0.0082509673	0.855	60.9	21.15079606424	0	0	0	3	35	7.703676471	99.82954704	96.5149999999999	8.88e-05
9556	65	148.25	11.2250646	2.28600655999957	4.82418029	4.78175190942	131.1986684628	1.24934766097	0.26606786374	-1.27634271386	-3.15631679519	0.31844337838	151.418619181	0.59933819192	0.62026723802	0.56580703474	1.1033146159	1.09355176959	4.06610385066	3.96035742407	4.11466808562	4.35146139713	155.25	163.5	258.697636142	661.520173954	43.114251	44.661249	0.14247558279	0.27843539244	2.22246805481526	5.25855969428788	7.97821923671408	-36.6039082074	146.6666666667	103.093	26.047	31.1167	56.1586	21.6744	1.5055	22.775172	0.093597012	2.15	5.92	0.7475	3.06	61.56607116	0.991159	0.00418287111	44.925	0.0079715103	0.85	61.74	27.91446471086	0.075	0	5.172413793	3	44.824	6.03815048249634	142.705962207167	95.811	2.24648744803922e-05
9557	112	58	6.9054054	17.26384209	3.19382867	4.76379718471	130.1096742281	1.20947643879	0.27196646859	-1.40721630339	-3.32193769828	0.32736644574	158.655425292	0.60107078984	0.64197707769	0.61463641313	1.10680683876	1.09670888256	4.18057725976	4.05386156474	4.09277954868	4.35356400426	167.6666667	167.091675925689	308.79294255	671.438098995	42.600358	43.900436	0.1382356551	0.28790779532	2.37982107300999	7.42653727901804	7.81370287109135	-34.3162502479	113.3333333333	115.7578	28.176	32.5711	57.3681	22.5621	1.67717	26.425961	0.086548791	2.25	6.2	0.4575	3.17	59.74096966	1.679392	0.00537139175	41.57	0.0085986362	0.7475	20.75	33.30070131214	0.908	0.658	58.92857143	2	25.091	9.457741935	86.60561519	89.457	-8.29e-05
9558	114.6666667	62	9.5513231	15.3639552399999	6.24128284	4.76535075407	129.5824753412	1.31483800524	0.27041462737	-1.45175189149	-3.21319013589	0.32286767199	154.627420695	0.60513533143	0.63356228466	0.60304048052	1.10310440249	1.09508697782	4.16289341324	4.03170858197	4.10580412078	4.38560533816	166.6	167.635510270121	291.791918117	677.046981951	43.144123	43.413058	0.13958910842	0.2821194937	2.54510587654739	7.26849969586827	7.75924135344764	-35.7073667206	106.6666666667	104.0212	28.069	31.912	58.3939	22.5418	1.84098	26.592641	0.086392029	2.19	6.12	0.5625	3.08	63.46556262	1.560267	0.00508851025	44.216	0.0085067336	0.81	38.62	17.62277149122	0.35	0	11.29032258	2	29.85	14.4521299214863	109.524449926311	92.109	0.000118961925261905
9559	66.5	113	9.8368199	-0.302683190000214	5.33877932000001	4.7847134097	128.9183788409	1.28591172961	0.2682000431	-1.98105919369	-3.18058053367	0.32749385629	152.260563127	0.60917942037	0.6304877354	0.57107910451	1.10478067804	1.09548916294	4.06748162116	3.99714868489	4.1041580207	4.36407829858	148.4285714	163.2	248.193715198	684.30944531	42.734855	45.796038	0.14159713979	0.28098192457	2.49036810223409	4.81521669741869	7.81630815303913	-36.2334252813102	129.622222222221	111.625393222566	26.613	30.4841	55.0958999999999	21.6633	1.3707	22.660359	0.087923242	2.15	5.77	0.665	3.03	63.31818476	0.919102	0.00341612463	42.445	0.0078887818	0.84	59.6	32.69869053772	0.9	0.067	36.71428571	3	45.561	4.28313253	175.3581853	92.416	-0.000486846
9560	53.75	65.75	11.0724098	0.591129399999679	4.37281046	4.80878167308	130.2796618453	1.2033272009	0.2704357471	-1.83653324577	-2.86439531511	0.32314678424	141.110275227	0.5991336077	0.61982489602	0.57836369195	1.10626606428	1.09746768849	4.03501923103	3.93898055284	4.11768864109	4.34258464132	156.3333333	163.3333333	244.774078933	666.710316829	43.177169	45.3636	0.14559463376	0.27971657901	2.21112273444396	4.87656466924853	7.8838673893119	-36.1800997149679	128.764333399746	112.377493282422	25.721	31.0918	55.4483	21.557	1.44033	22.155515	0.093177409	2.12	5.92	0.7075	3.07	63.92663396	1.052954	0.00404286235	43.925	0.0079711219	0.8475	65.01	25.12331201812	0.975	0.45	1.923076923	2	46.9	1.23625	151.173840056076	97.826	-0.000602091
9561	92	68.5	10.9228335	18.4910765699999	2.22236637	4.76608216137	130.6701830013	1.32750795961	0.27340947623	-0.63695705461	-2.12859891902	0.33158826121	155.131313967	0.59977188158	0.63471889432	0.61510899961	1.10757478111	1.09649215614	4.18627961315	4.04054510225	4.08882887299	4.34820213485	167	169	298.558719687	674.1594587	42.40392	43.573837	0.1345256447	0.27985932621	2.30603017558944	7.38407558162485	7.62625051766712	-33.6485620642	86.6666666667	105.8789	28.544	31.5269	56.6367	22.5657	2.06428	26.263006	0.088170755	2.32	6.22	0.5375	3.17	64.69781286	1.679991	0.00539436543	41.631	0.0085817396	0.7475	35.8	9.01806794274	0.925	0.158	34.18803419	2	28.203	14.4987413639498	109.185079991478	89.862	4.03874699047619e-05
9562	83.5	57.75	11.3737823	0.456604099999892	5.33285973	4.78361857158	129.2856111502	1.30851294976	0.27520821792	-1.48515119473	-2.77784121236	0.33162865166	154.0602565609	0.59519834243	0.63610289765	0.60800315677	1.10341926875	1.09437864378	4.12847572466	4.01831455641	4.10971556988	4.37563286945	161	166	300.455044548	696.386377789	43.127765	44.324304	0.14762947765	0.28279878586	2.59243846282617	6.62407643061559	8.01587429342464	-36.3610887943	133.3333333333	113.3582	27.267	31.6634	56.4245	22.1139	1.44952	25.56195	0.090883859	2.15	6.05	0.6275	3.05	61.58477018	1.450743	0.00405974257	41.053	0.0080776794	0.81	35.9	35.33450157276	0.942	0.067	52.61538462	2	29.638	6.523421053	98.88721714	90.7449999999999	0.00017167
9564	105.565891504295	155	6.417379	19.7052791699999	4.94255193	4.762646324	131.0449282424	1.34122799422	0.27225747832	-1.34497721583	-3.13547734865	0.32622017188	156.489432976	0.60020536878	0.63965003856	0.5971411095	1.10653093968	1.09550533554	4.18010376531	4.01659447855	4.08269959884	4.34554538825	165.8	165.685320406728	293.189408303	667.460038427	42.78192	43.66093	0.13439942389	0.28423588849	2.51405421320955	7.07310834404571	7.87296845183101	-33.5526060745	146.6666666667	110.0618	28.092	31.6427	57.8059	22.486	1.873	26.094589	0.088107579	2.21	6.12	0.5675	3.15	64.53638092	1.528211	0.0055945919	42.988	0.0084942066	0.79	41.85	13.95701712672	0.9	0.667	1.923076923	2	30.158	13.30508876	108.5417766861	92.923	-9.21e-05
9565	72.33333333	100.75	10.0728375	2.48919138999989	5.1532253	4.78058509293	132.733367989	1.14795703462	0.26767821188	-1.52516254435	-3.60373465269	0.32908701929	156.784992216	0.61422155985	0.64052484348	0.59446977225	1.10324509592	1.0985575324	4.13666177096	4.00856931721	4.07359946746	4.35380927463	162.6666667	169.5	292.779464544	658.853168889	43.107065	45.912499	0.14673644472	0.28858466066	2.63928785292433	6.36380164875307	8.10488888884963	-35.7989393678832	186.6666666667	107.0589	26.976	33.7863	56.7224	22.306	1.30758	24.931814	0.088873964	2.14	5.95	0.6775	3.06	60.76887914	1.268874	0.00383014226	42.355	0.007979518	0.815	27.04	65.24899820373	0.717	0.25	80.43478261	2	26.902	12.16063636	126.4378757	88.1639999999999	0.000284713
9567	103.5	57.67	11.0889944	15.8160859399999	3.9658142	4.74754369044	132.4200699762	1.35131605626	0.27606446363	-0.63653442415	-2.93510741305	0.33099494966	157.316699302	0.5986091726	0.63654359367	0.6169938609	1.10470574127	1.09571651725	4.17919874866	4.06175901451	4.09298225394	4.38721235887	169.5	166.425998283164	300.969588834	663.926132721	42.628645	44.355311	0.13617620377	0.28101087913	2.29919837866978	7.05321659052194	7.78160329043116	-35.2433342743464	133.3333333333	116.2642	28.531	32.3494	58.4181	22.6964	1.827	26.364383	0.092143061	2.27	6.2	0.505	3.17	62.20690372	1.669022	0.00517340877	40.759	0.0083833059	0.7925	30.78	20.38957759465	0.867	0.358	41.82692308	2	24.63	13.36197452	127.9130194	91.685	-7.92e-05
9568	109.5	75.83	7.3693278	14.1187205399999	5.46839312	4.76928405624	132.8015842668	1.24491418198	0.2727772882	-1.52225541609	-3.25815694751	0.32665828205	156.19942037	0.60585802769	0.64722940019	0.61273560309	1.10382978929	1.09516013697	4.1763746665	4.02959643927	4.10479684561	4.35985273716	165.636968183893	167.360268684046	306.726516699	673.517391156	42.467405	43.459406	0.13950260322	0.28264102752	2.35901124707492	7.59605903872435	7.83427490188864	-34.8996698434	146.6666666667	105.7806	28.131	32.2533	57.9997	22.6155	1.90127	26.325806	0.089678262	2.28	6.25	0.5625	3.11	64.23875022	1.730808	0.005125001	41.573	0.0085645416	0.8175	36.78	19.11145404383	0.783	0.1	17.14046823	2	29.133	16.65728324	80.72558745	89.121	-0.000325351
9569	96.5	72.5	11.5466842	11.8140492399999	6.14140886	4.75897405497	126.5081845068	1.30581805114	0.2767298833	-1.36612169272	-3.12468545947	0.32660645192	155.0728871409	0.59932271374	0.63665295473	0.60525528736	1.10574153066	1.09513382804	4.15402059395	4.01345499831	4.10852008567	4.35580902342	165.2	166.833354601351	299.724142427	655.724228843	43.146884	43.882199	0.13982364393	0.28159710986	2.39828131989117	6.84686757480693	7.8136839678986	-35.7241129011742	120	110.0519	28.11	32.4428	58.1382999999999	22.4425	1.91809	27.072991	0.090817694	2.19	6.14	0.575	3.07	63.14117368	1.519904	0.00445726151	41.667	0.0084252542	0.83	38.7	24.10917907447	0.733	0	23.21428571	2	27.652	14.4541124524548	111.267490709183	90.92	0.000108925205506366
9571	35.25	175.81332482684	9.8840695	-0.126943920000214	1.56470862	4.74765754016	129.6019477795	1.27139993265	0.27425889554	-2.2258868816	-3.44014675284	0.31727777574	152.068285685	0.60555363088	0.63122379851	0.57535068837	1.10101787601	1.09505894325	4.06767255308	4.02355565085	4.12071171931	4.37807358527	144.2857143	152.75	259.487013327	667.514809213	43.258624	44.848978	0.1404933028	0.28301429997	2.33054397857957	5.06506825545975	7.81587374631116	-36.3859418704745	126.646278659606	115.979524092206	26.846	31.1381	55.0852	21.7142	1.08026	22.377826	0.090095205	2.14	5.75	0.63	3.06	65.54533516	0.944768	0.00374956439	43.45	0.0077908222	0.8325	52.08	42.01482629669	0.142	0.05	53.3387948392393	2.79766666666667	40.472	5.36959435669192	134.266141993738	90.756	-5.16002034131653e-05
9573	60	63.67	9.71521	0.650665189999786	5.45740838	4.77302905122	132.0635347117	1.18025057097	0.26601682834	-1.66632172434	-3.40750707768	0.32401054896	150.528222855	0.6076345224	0.61694477923	0.58626610879	1.1050989178	1.09753007705	4.08319162913	4.03498228534	4.11586313194	4.35624241404	152.25	163	254.991946761	652.598133929	43.590793	46.267255	0.14373173995	0.28744397996	2.35519921033346	5.64048804506599	8.02894911161492	-35.9125060842	133.3333333333	108.1576	26.972	33.0772	55.6957	21.7393	1.17777	23.215265	0.087034101	2.29	5.9	0.6525	3.06	61.18423072	1.146484	0.00378366646	42.48	0.0079408707	0.84	39.19	48.25517323145	0.492	0	50	2	46.577	6.62744219416601	133.49497077343	90.054	-6.28274395802005e-05
9574	102.133475929626	110.33	9.5535386	11.8700821399999	6.98186421000001	4.78095882584	129.3330303835	1.34633728689	0.27224518042	-1.04776765109	-2.92933817275	0.32668110584	155.449425413	0.60693633976	0.64145978388	0.5964831955	1.10436362471	1.09495024848	4.14548769868	3.97039056416	4.09386157914	4.36685859777	162.4	164.804931334197	289.019201719	665.112420627	43.07911	43.662794	0.13867398492	0.28126420555	2.20325639520273	6.93572233527892	7.69021542666843	-35.655641968818	129.533926166423	110.863277894243	27.912	31.2061	57.4758	22.3177	1.85905	26.599594	0.089024887	2.15	6.12	0.6125	3.07	64.44838772	1.378301	0.00475706161	45.003	0.0083853362	0.86	50.4	14.38912551706	0.258	0.017	3.703703704	2	30.427	13.71810219	125.6788995	91.739	-2.96e-05
9576	106.5	82.33	6.2052873	22.6855672999999	-0.72828253	4.74051821812	130.9777073933	1.28819471152	0.272577504	-1.20413600403	-3.25463145558	0.32964956027	153.824667779	0.59952855848	0.64576453523	0.6092905911	1.10745459176	1.09662246046	4.19138013737	4.03081453987	4.08699395417	4.3632315275	168	170.3333333	287.772758157	660.828423952	42.691626	44.138019	0.13339107787	0.28483734305	2.38198881605005	7.06263315698164	7.67861159893925	-35.173169857417	131.942542823229	111.118078890847	28.112	31.173	57.5981999999999	22.6963	1.92597	26.065252	0.093399215	2.28	6.14	0.525	3.32	64.90962196	1.629123	0.00597728205	41.929	0.0086551571	0.7	35.26	11.44564201863	1	0.942	34.58994709	2	26.022	25.11085	113.025679	90.529	-0.000101968
9577	123.5	36.67	6.1239968	17.72255119	6.44189693	4.74418179501	134.1114631797	1.16014901382	0.2681214074	-0.84392758951	-3.23246135764	0.33218485397	157.6591829329	0.60001214333	0.6409255852	0.61397409463	1.1055074913	1.09823653742	4.19101338869	4.04153631005	4.11632443644	4.3520301006	166.6666667	168.730515873321	298.642394164	663.424520799	42.849474	44.325201	0.138678476	0.28899481866	2.8246152904479	7.60499036490008	8.34335630778065	-34.0512826921	100	115.8568	28.473	33.3751	59.7348	22.5673	1.70107	25.934638	0.0956855069999999	2.41	6.05	0.47	3.23	46.41201056	1.704817	0.00521567559	42.197	0.0085410546	0.6325	15.33	69.9601987255	0.383	0	98.14814815	2	34.82	23.96695876	128.2611907	83.922	-0.000158908
9578	59.25	95.6	11.1548919	-0.965993150000214	4.98301243	4.76280737856	135.9547566678	1.1591930474	0.27005446643	-1.71930203387	-3.27657723675	0.32697061953	149.56308479	0.60523314083	0.62247526584	0.57954996972	1.10188924655	1.09744093046	4.08239024423	3.99329325735	4.09335017587	4.33524641911	158.75	166	250.144242882	677.23373214	44.106317	46.423414	0.14861221669	0.28641115348	2.7136872478538	5.49673843330031	8.16571374673362	-36.0451585208	126.6666666667	120.8423	25.736	34.1512	57.2121	21.8598	0.82493	21.891991	0.091660987	2.11	5.7	0.6725	3.06	58.62705768	1.040322	0.00377563193	40.219	0.0077712865	0.8675	37.66	53.59695199927	0.783	0.242	72.59259259	2	49.54	6.54625521707542	133.399567181525	90.509	-0.000100863645770677
9579	79.25	104.33	9.8477517	4.86762593999989	3.60502022	4.74131302825	128.090472649	1.29944999308	0.27574002499	-1.46476092184	-2.38661472737	0.32020567699	155.7352807008	0.60657399844	0.63887329816	0.59338078621	1.10172373843	1.09304905425	4.12214211711	4.01550915031	4.09884642904	4.34918018	158.75	164.5	274.910202226	681.288200004	43.183369	44.100109	0.14412494253	0.28503844361	2.38766125940298	6.55476419185325	7.93416156282622	-36.0120651365754	121.054261938517	109.40774771563	27.425	31.3824	56.618	22.1931	1.7203	25.915901	0.085262172	2.17	5.92	0.5925	3.04	61.47006192	1.232529	0.00394819293	42.625	0.0081686578	0.8	43.14	29.83761459999	0.858	0	50.4156622140704	2.31133333333333	35.157	10.15871795	110.2328553	90.535	0.000108949
9581	118.5	103	7.0967445	20.1770713699999	4.90922141	4.76963799227	131.003910326	1.34455701171	0.2694261834	-1.09284764581	-3.76726625961	0.32623852336	155.677300497	0.60139759104	0.62681320587	0.60527508274	1.1056099192	1.09532343435	4.19195535021	4.00889170676	4.09317139463	4.36478024191	166	166	288.779499945	663.12948214	42.871528	44.008406	0.1330431063	0.27758032576	2.24307266907275	7.41291147799984	7.63937190646296	-34.8463264413	143.3333333333	114.0363	28.167	31.4767	58.2325	22.5726	1.98351	26.099043	0.092167961	2.21	6.12	0.555	3.17	66.0703926	1.582487	0.00564107707	44.1	0.008612425	0.8025	44.18	12.84977459069	0.175	0	9.615384615	2	28.043	15.94819209	100.1469213	90.789	0.000545157
9582	93.75	47.17	8.7506628	7.54542776	8.39013285	4.76139839975	134.5868980251	1.12749697886	0.26949533091	-1.78913688689	-3.53008704994	0.32284923088	157.381607845	0.61045782139	0.63894897826	0.60906398223	1.10474593957	1.09631793887	4.18585269438	4.03490349621	4.09368251285	4.34945290048	157.1428571	167	301.5882207	672.290412547	42.910336	44.60467	0.14387357886	0.29139531255	2.51314993397204	7.01043732049818	8.05201404917528	-33.9436208919	113.3333333333	108.757	27.872	33.9627	59.8294	22.4208	1.62547	25.960323	0.087930503	2.31	6.08	0.5425	3.12	49.58170608	1.49006	0.00397696466	42.83	0.0084199155	0.7875	15.1	66.6324741486	0.85	0.017	92.70557029	2	29.041	19.97760563	127.0987421	87.087	-1.85e-05
9583	89.5	85.5578144697935	10.7591709	11.76332644	2.34293698	4.74831498567	129.5990933937	1.16500943025	0.26906421252	-0.81230066397	-3.77064753777	0.32619503951	156.928824871	0.60710243579	0.64656997986	0.6156716374	1.1047179433	1.09672065239	4.17150237554	4.04024859634	4.10409127093	4.37636044455	164.8	167.549314813933	296.647921838	668.88054903	43.190923	44.032907	0.13897830804	0.28259568781	2.57434623577077	7.46780972399888	7.97320182625577	-35.4644535036617	139.354293484292	107.675790449793	28.372	32.9008	58.7237	22.7844	1.86879	26.345961	0.090913687	2.2	6.13	0.4725	3.12	56.41226216	1.668204	0.0045298514	41.604	0.0085011105	0.78	21.51	60.83755771262	0.892	0.008	75.69444444	2	29.001	13.3488119765882	115.246062703285	86.238	0.000100473591428571
9584	85.5	85.83	10.6773849	10.0144049999999	2.55996282	4.7472003577	132.0192263528	1.22134292693	0.27654824133	-1.10300740273	-2.87424126621	0.32932353453	158.027522097	0.60441474564	0.63637420831	0.6118417939	1.1032721464	1.09763164148	4.20096962469	4.0580139975	4.08991680947	4.33825708474	167.6666667	167.21391402226	292.275967029	663.378291346	43.408644	44.6497	0.14126004589	0.28723670143	2.69080373334446	7.41540046938152	8.19558044833545	-35.0959858779901	126.6666666667	106.2798	27.838	33.2782	60.0585	22.5356	1.68263	25.761281	0.091669949	2.29	6.01	0.5425	3.18	58.69762346	1.636297	0.00462788866	43.184	0.0084412494	0.7925	17.07	56.33021754525	0.942	0.275	66.26686657	2	26.785	15.73545455	138.2985454	87.785	0.000107803
9585	32	151	9.8353584	-0.028429080000214	5.31434112000001	4.78950889607	131.0202737486	1.29174549591	0.27209037312	-1.89471901208	-2.76777694284	0.32072527975	142.5332251369	0.60527889268	0.62219996895	0.56551836068	1.10498641691	1.09490345312	4.02931773142	3.96618202466	4.13220094877	4.32934902282	140	160.6666667	247.256282363	674.324798186	42.701944	44.884216	0.14477013649	0.28167065842	2.37590379159969	4.97411414225106	7.76685293318785	-36.3408555221432	93.3333333333	131.5266	25.964	30.7395	55.1396	21.4038	1.40863	21.444595	0.093903999	2.13	5.83	0.68	3.02	61.24493626	0.906709	0.00369479334	44.681	0.0079867354	0.86	69.31	26.73876384463	0.342	0.025	6.25	4	46.211	3.63966481348073	150.796323548487	98.459	5.13349522142857e-05
9586	95.5486206829923	70.4	12.150252	12.5228518099999	3.15017488	4.74292607176	128.5493203569	1.24808593738	0.27264790309	-1.5536697336	-2.66408093192	0.32571246616	157.989674802	0.60254871707	0.64184800272	0.60805059962	1.10377361434	1.09631933557	4.16494928587	4.03423653958	4.10540185083	4.38633561205	160.6666667	165.100591749756	285.448996826	662.05243742	43.293234	44.040695	0.13899636689	0.28579394127	2.31205214905431	7.07257303842546	7.84098297760553	-35.4789141374421	160	114.748	28.073	31.9929	57.7876999999999	22.4469	1.97289	26.050268	0.0886354669999999	2.24	6.02	0.505	3.17	64.70826218	1.556567	0.00466697467	44.306	0.0085283456	0.7725	31.79	22.70482961578	0.858	0	57.9125446292113	2.17630952380952	29.78	12.91357143	97.78566634	93.2269999999999	0.000482001
9587	101.75	54.67	8.5275196	11.97648786	7.80606905	4.75715156728	130.3043721898	1.2339938139	0.27183682171	-1.49069353835	-3.32770629316	0.32893330413	156.409148064	0.60099770646	0.64315444407	0.6092688896	1.10435297657	1.09581542013	4.16590661444	4.05519785455	4.08685593237	4.3566489013	167	166.22885582226	295.162152722	683.086154282	42.761799	44.791096	0.14378245279	0.29039750215	2.65477307675459	6.79287902655769	8.11449556274676	-34.5032695437	100	115.589	28.366	32.729	58.4307999999999	22.0789	1.58718	25.987825	0.0877244209999999	2.29	6.14	0.59	3.1	60.46798138	1.548219	0.00403323999	44.422	0.0084887002	0.765	23.67	51.99649759466	0.975	0.717	82.21153846	2	30.454	15.24774725	174.219927	88.579	0.000370361
9588	79.33333333	96.6403855351171	9.9247201	2.01156795999989	5.18132225	4.76822719298	127.5327401819	1.23702496817	0.27252175548	-2.10594912439	-2.71574593665	0.32817378387	158.2250425837	0.60585347113	0.64556742077	0.6194839035	1.1050557803	1.09556305197	4.14799705428	4.00737783346	4.09798116411	4.35303827293	164.5714286	157.5	310.450651509	684.488704034	43.1476329999999	44.775187	0.14391395474	0.28487726217	2.63129147420885	6.47045243262413	7.83713362576323	-34.436673738	120	113.7231	27.654	32.0397	56.4763999999999	22.4409	1.52679	26.397794	0.0884409319999999	2.13	6.04	0.5725	3.05	61.09814312	1.399359	0.00415127994	41.054	0.0081708033	0.82	31.94	40.3236589184	0.658	0.058	60.4666255635885	2.095	25.369	11.5207292341141	118.98627928805	92.465	0.000108429609010673
9589	77.33333333	71	7.7294343	10.3263028399999	5.5784971	4.75219237916	128.8491707386	1.26401818907	0.26764605945	-1.51446981289	-3.24231084231	0.328458847	156.006884191	0.60476691412	0.65390397818	0.59722598889	1.10707761351	1.09477386124	4.13543845082	4.02670737412	4.09631047743	4.35590155654	166.5	172	288.056180803	668.979224093	42.585926	43.925687	0.13763584626	0.28565379773	2.20194822131148	7.09759305134809	7.70823640865683	-35.349055109245	153.3333333333	104.3223	28.374	32.2698	58.8021	22.5327	1.81684	26.426017	0.088138457	2.18	6.14	0.5425	3.08	60.59828518	1.492745	0.00464251225	41.74	0.0084461955	0.7425	37.46	19.3005520945	0.667	0.1	35.27298851	2	29.582	18.17034483	91.72217906	90.178	2.36e-06
9590	50.5	78	9.1983397	-0.932331300000321	5.62184274000001	4.77282459138	131.836326791	1.23080575203	0.27269248597	-2.11383581674	-3.01180950649	0.32372841681	146.794563597	0.60223438638	0.62208865229	0.58472738236	1.102719306	1.09726961878	4.05641158274	3.98319280257	4.1206388368	4.36248375388	143.3333333	153.6666667	254.00698633	687.093374685	43.237282	45.860548	0.14777524874	0.28886092832	2.56536536469922	4.95022800220389	7.90924635893723	-36.4386304744339	122.641512827072	117.808252753345	26.73	31.3939	54.3464	21.4959	1.14051	21.803937	0.087348541	2.23	5.83	0.6575	3.11	60.98790926	1.016717	0.00379213217	41.74	0.0079097206	0.85	55.17	38.04780344898	0.883	0.767	22.51851852	2	52.388	4.71482486676648	139.808889298533	93.437	9.55704925e-05
9591	46	99.8	9.7558767	0.796700229999679	5.30106395	4.76263714757	135.1014064458	1.14999241422	0.27062253251	-1.7558665173	-2.53431742669	0.32469257092	151.307388945	0.60774093737	0.62302862017	0.58624746703	1.10272373512	1.09723211884	4.13691185452	3.99430347613	4.08403580631	4.33789599309	163.5714286	167	264.837786857	654.140561107	44.116148	46.652508	0.14773573472	0.28840484329	2.59775987332945	6.03648598139982	8.15234144270546	-36.2507609317287	153.3333333333	107.9007	25.829	35.3294	57.4162999999999	21.8805	1.0396	22.765527	0.089685459	2.11	5.87	0.6625	3.06	58.89464258	1.158551	0.00360909519	41.277	0.0079247546	0.835	33.36	59.53032478571	0.917	0.025	65.0462963	3	41.83	6.525689655	159.2325186	86.351	-0.000104283
9592	100	129.5	7.1216283	9.27017351	4.96135592	4.75050772717	129.3596410417	1.25999114703	0.2727491991	-1.50898574247	-3.0847210794	0.32058925284	157.1433842689	0.6018163816	0.64437394575	0.61781932456	1.10493394853	1.09528576089	4.17341417004	4.00847512901	4.10301247908	4.37684392151	163.46807015396	166.178285779945	289.045224837	674.499017339	43.364965	44.041443	0.13790707572	0.28140300934	2.5499980983907	7.12730478205045	7.73756524509821	-35.406379878835	127.600435353359	109.74098876366	27.413	32.6214	58.4996	22.572	1.88454	26.478153	0.087153102	2.16	6.03	0.5275	3.07	64.53198762	1.353977	0.004145506	41.022	0.0083445621	0.805	33.67	24.77115449907	0.25	0.117	56.1765723254237	2.22094973544974	27.536	20.04857143	87.08559385	86.363	0.000145718011629021
9593	109	72.4	11.0813098	21.7068105699999	5.84087686	4.76416755914	131.8059127603	1.28147555733	0.26806562592	-1.61826584959	-3.71809548631	0.32939019078	158.750004755	0.60174136623	0.63224375877	0.60423390443	1.10743497462	1.09672946233	4.19681270718	4.04751525126	4.09486634451	4.36387314778	167	172	311.034433024	664.563474617	42.666712	43.655575	0.13242564336	0.28258382086	2.62331107397206	7.38695392051507	7.89538038383613	-34.9427601595516	173.3333333333	104.5594	28.102	32.4162	57.4855	22.8086	1.72973	25.942297	0.0903874119999999	2.31	6.19	0.525	3.15	59.79954516	1.490308	0.00507527626	44.724	0.0084434792	0.7675	23.12	20.82116329642	0.942	0.467	66.22222222	2	27.219	15.250371093337	109.151850535488	86.865	7.59930638879551e-05
9594	110.6666667	63.8	7.3051232	14.28305696	4.25716478	4.73410168735	130.5524922361	1.19807613016	0.27306820517	-1.40602083044	-3.2584238813	0.32936720178	160.2143185029	0.60630201095	0.63570366091	0.61257502245	1.10408629897	1.09732697231	4.18587352765	4.06271225639	4.11239555802	4.3643686637	166.8	166.331879629214	288.458280585	654.542531774	42.424583	43.789805	0.13817396472	0.28567545862	2.96339858230459	7.27186526929561	8.0759924192883	-34.8579719291	126.6666666667	113.4134	28.551	32.1765	59.3669	22.9822	1.77672	26.429502	0.0870499439999999	2.25	6.14	0.485	3.18	60.91201586	1.654004	0.00478634074	42.119	0.0085127994	0.77	22.66	27.49163916266	0.733	0.033	66.66666667	2	27.896	14.1552973	125.5395751	85.962	0.000247275
9595	66.75	79.83	10.9821863	2.36515645999979	5.86445447	4.77307145688	126.5963896502	1.29395602174	0.27285600426	-1.34842525619	-2.93513291265	0.32855954653	154.910788336	0.60745859128	0.642445264810001	0.60039946339	1.10142954063	1.09414276982	4.10243168259	4.0086282211	4.09671393754	4.35830908773	166.2	172	280.785388678	678.55577961	43.065703	44.726934	0.14332402979	0.28178717656	2.30114544650946	6.10961508563233	7.69256908627848	-35.3662942181	103.3333333333	121.064	27.217	32.201	55.0822	22.119	1.52841	25.587224	0.086316073	2.12	6.07	0.58	3.05	65.02976622	1.351309	0.00425984432	42.347	0.0080489134	0.7925	40.59	28.42337103053	0.717	0.008	31.25	2	27.491	3.387157895	134.7407207	92.7949999999999	0.000107894
9596	61	81.17	9.8562665	2.82694825999947	4.56010145	4.77994053241	132.7345973801	1.23497619307	0.26553812568	-2.35417533175	-3.33971366011	0.32645922669	149.565033327	0.60696626732	0.62320828998	0.57414341242	1.10112303226	1.09676483526	4.0788910521	3.96339790756	4.11370846754	4.35121866676	151	168.6666667	268.702022488	660.03438347	43.053344	44.943512	0.14791097547	0.2822181123	2.17684986568389	5.35670494950107	7.91789246037972	-35.4428798672	153.3333333333	105.3037	26.533	31.3907	56.0283999999999	21.7314	1.50665	23.625864	0.088544565	2.13	5.96	0.68	3.05	63.69762546	1.171086	0.00395182619	41.827	0.0079553518	0.855	58.8	31.48696226	0.825	0.008	13.0952381	2	38.543	4.59172043	156.984881	91.103	6.81479037614379e-05
9597	60.66666667	55	10.6851485	0.140125429999893	6.37581167	4.76957144818	135.4716954039	1.11162756392	0.2682030333	-1.40032836821	-2.83074849338	0.32405012272	156.02904828	0.604806372	0.62788660082	0.58572934544	1.09960433796	1.09455438421	4.10985288594	4.03333492255	4.10079382033	4.33687312081	161.3333333	167	267.964293905	647.682675848	44.081268	45.5713	0.14544826666	0.28747216447	2.54308299393616	6.12443790469239	8.23372370596571	-35.5394828427	123.3333333333	114.6923	27.028	34.6308	57.3156999999999	22.0887	1.0988	23.460504	0.086854796	2.19	5.99	0.655	3.03	60.01203366	1.228013	0.00352634135	41.465	0.0080545667	0.795	29.5	51.47424755059	0.283	0.008	87.98076923	2	41.111	9.897372881	148.8619071	82.795	-0.000173548
9598	91	81.33	11.5758668	9.23554310999989	6.92921943	4.76752951391	129.9489116681	1.33033277027	0.26862746904	-1.09023991241	-2.31137762276	0.32208828571	155.221438144	0.60117724719	0.634441191350001	0.59761096072	1.10460284657	1.09326344669	4.16073896158	4.01441579051	4.10107234296	4.37284323119	163.7142857	167	291.882153083	667.121514245	42.904192	43.972233	0.14057057702	0.27770948444	2.10295479713827	6.80584733010002	7.74661613434705	-35.8920618550147	125.940810485813	112.62845274508	27.861	31.3937	56.1176999999999	22.4246	1.89013	25.891434	0.0911255939999999	2.2	6.08	0.6425	3.07	58.01292788	1.492119	0.00452994053	44.704	0.0083535154	0.8075	51.01	22.1627350518	0.25	0	5.555555556	3	26.769	10.11853846	100.5351149	95.6169999999999	0.000105593
9599	90.25	78	10.931918	7.61773340999989	7.06472532000001	4.78004033706	130.5669897931	1.3012766466	0.27143251095	-1.11818776667	-2.8056613211	0.32366048081	152.937160854	0.60252991934	0.64221838784	0.62248175817	1.10341863391	1.09392052404	4.17500940707	4.02109426474	4.13025302528	4.32982492085	168.4	167	300.51189573	673.146111151	42.978751	44.509768	0.1443406917	0.28490225463	2.23370118306753	6.8042183571479	7.85014942401338	-37.2556024164	133.3333333333	118.5381	27.656	31.7546	58.0721	22.3984	1.68837	26.817248	0.0898562399999999	2.16	6.12	0.6375	3.1	62.36557664	1.516285	0.00416220791	42.214	0.0084033493	0.825	46.86	24.82442954054	0.167	0.017	24.45141066	2	26.525	12.2524044655129	113.507730493498	94.994	-6.51334619724629e-06
9600	73	89.2	10.0937806	1.40043604999968	4.27587838	4.77576222289	130.2866698145	1.31951255923	0.26586031192	-1.13711721847	-1.93703238831	0.31821545509	150.978826345	0.60374096479	0.62046533492	0.58508134404	1.10657615389	1.09651206272	4.05561082169	3.98531835689	4.12015906783	4.38233975591	143.8571429	153.4	269.55822601	672.087611154	42.463069	44.401314	0.14375788174	0.27949864188	2.23479973296075	5.1680624950176	7.7867809611655	-35.9726736096559	129.092786738353	112.528638437216	26.787	30.7826	53.0938	21.306	1.80385	24.925089	0.090950908	2.23	6.05	0.71	3.08	53.36485936	1.13526	0.00409754892	44.738	0.0080366661	0.875	60.8	30.25362972406	0.033	0.008	2	2	34.636	4.161956522	141.3407107	97.232	-6.79e-05
9601	77	97.67	10.6896944	11.8753570699999	5.15175563	4.7585645536	128.52118935	1.28363258318	0.27308413262	-1.78919654772	-3.09254217419	0.33046812239	155.1641068709	0.6101954672	0.64309631347	0.61657488071	1.1029831561	1.09467859019	4.1322184478	4.0091059292	4.1312298951	4.36963350128	164	161.6666667	284.41228295	677.953228227	42.966033	43.948348	0.14474705631	0.28269527619	2.64382446586385	6.73275546163779	7.74019516109047	-35.5002273221	100	99.3807700294	28.241	31.9951	59.3316999999999	22.1494	1.90567	26.414995	0.088268477	2.15	6.11	0.5075	3.08	63.37363274	1.483618	0.00456220728	42.485	0.0083641299	0.7675	40.44	18.66605507938	0.208	0.017	29.90074442	2	29.578	13.6756541876655	114.705631515031	95.9929999999999	0.000169479489880952
9602	75.33333333	139.6	10.4730612	2.12229965999979	5.39292837000001	4.78731574051	131.6617288445	1.20948211142	0.26561710139	-1.66681705587	-2.95771236678	0.32421029508	155.43553367	0.60492830821	0.62445003334	0.58457849601	1.10310925281	1.09629886364	4.10175391056	3.99259218634	4.10476776732	4.35654760855	162.3333333	166	268.056212096	680.154350483	42.79632	44.32317	0.14444576299	0.27911560242	2.59551914513763	5.6880610651164	7.96641345324365	-36.0135903552	160	102.2337	27.146	32.8474	56.449	21.7862	1.20808	24.412765	0.084507377	2.06	5.91	0.7025	3.04	62.24865732	1.066649	0.00374165247	42.631	0.00800971950000001	0.8125	50.82	29.77337949097	0.65	0.025	30.06896552	2	32.39	6.029090909	103.4413485	98.8659999999999	0.000101715
9606	41	224.991673705547	10.1117321	-0.0760848400002143	5.20485388	4.76116016269	131.0134917282	1.22502285408	0.27140203006	-2.24604220531	-3.65370000306	0.32203535121	151.70979037	0.60269900465	0.62526367918	0.57269106242	1.1037238744	1.09387387734	4.05619211724	4.01141452293	4.1392507514	4.35443689553	136	149.5	260.035484551	680.489486633	43.735657	45.86757	0.14329008309	0.28310164391	2.48041091291429	5.23149480233778	7.85087875180075	-36.4469205551346	128.079611992944	113.611652213958	26.339	32.4497	55.5568	21.9632	1.00949	21.363852	0.091645785	2.23	5.67	0.6525	3.01	63.15179296	0.825424	0.00344221381	43.359	0.0078643335	0.8425	51.58	47.78290977758	0.556614226190476	0.134413309755857	54.7652807386113	2.3735	50.274	3.93425	221.0527409	91.825	5.37e-05
9607	107.6666667	95.265553992674	11.003963	0.13838503	5.36566938	4.78374046802	131.973053792	1.19287274882	0.27055586369	-1.80971432817	-3.13496334579	0.32088942236	158.8014669299	0.60955304613	0.64543277405	0.59307344567	1.10072995977	1.09486214116	4.15197079456	4.0025209159	4.10868628749	4.34933056698	163.478455845981	166.342486556981	291.110309739	689.624408956	43.893557	44.852992	0.14403184328	0.2809883795	2.5714455688748	6.28928009536447	7.91595825365147	-36.0175511636179	130.41411686897	111.747952770814	26.733	33.1681	58.0088999999999	22.2592	1.32251	25.482754	0.086759905	2.06	6.15	0.6625	3.01	58.5778336	1.236754	0.00399428844	42.687	0.0078986245	0.805	30.45	48.42492365615	0.711984296365915	0.143726794675606	58.09595202	2	27.935	7.210521739	125.7480495	91.4039999999999	9.64341753297683e-06
9608	45.25	122.110574358314	10.7014543	-1.34267341000011	5.89833903000001	4.7919948467	134.2405793675	1.15651555026	0.26475367635	-1.62153112303	-2.75521056544	0.32093737768	156.424686292	0.60666197496	0.63677352405	0.58682187995	1.10235125146	1.09619344733	4.0908122467	3.98620735046	4.08551807501	4.35619922197	163.157226299336	166.535764102005	248.283699259	669.406411682	44.258493	47.300583	0.14618370186	0.28333798572	2.59127368278229	5.71884308291058	8.12600453784203	-36.4486200867814	122.196878306878	115.500904441645	26.106	34.9377	58.4634	21.9955	0.67065	21.620006	0.090333921	2.06	5.7	0.7025	3.02	60.48003528	0.975657	0.00385702413	40.413	0.0077184284	0.82	39.04	50.36957430987	0.803671224422168	0.31933224476912	62.1615345227705	2.15	34.076	6.98803343466558	122.051072006406	92.8079999999999	-0.00010255060447619
9609	51	153.138903802517	10.4507517	0.465510559999786	3.85858453	4.79623385359	130.4956135502	1.22342025901	0.26986190481	-2.17725308716	-3.32922079702	0.32268339488	150.213097771	0.60616924286	0.62927607652	0.58205303654	1.10415388783	1.0942913117	4.07029426029	3.99027402308	4.09224368703	4.34243252727	162.8571429	167	252.609909996	645.563366864	43.526015	45.192416	0.14321719301	0.28079945338	2.26964760421682	5.26542141611361	7.89626123182551	-35.9901247579832	135.015925925924	110.099888004054	26.526	31.5762	57.4341	21.9245	1.24207	22.962949	0.089965774	2.19	5.93	0.675	3.03	64.77196296	0.980504	0.00351269655	40.132	0.0078301703	0.8075	53.09	29.79910200632	0.66821896866306	0.0571993253393864	16.78571429	2	35.659	7.13074172208333	146.919842737469	94.366	2.73180027888471e-05
9610	69.5	158.755556567307	10.9143491	0.869621449999785	3.16976955	4.76690838453	128.8194805956	1.2998001306	0.27080347203	-1.58351155784	-3.25056427517	0.31828372159	153.66570334	0.60553783275	0.61445616218	0.57102745541	1.10245023515	1.09547322448	4.09419299713	3.95919507842	4.09452590933	4.34828854037	157.2857143	155.6666667	264.772748055	677.160390175	43.006155	45.15999	0.14327255765	0.28002650828	2.5900684339354	5.42846264985719	7.82531912597219	-36.032068272542	134.914814814815	110.363336933887	26.314	31.6765	56.5375	21.6886	1.32151	23.325497	0.09084497	2.07	5.9	0.73	3.01	64.58287496	0.964269	0.00385599106	40.879	0.0078636791	0.8875	56.83	30.36792258584	0.544210395430737	0.0391904411402521	25.45289855	2	37.951	7.61810600730438	128.600974634448	94.991	6.6272211781144e-05
9611	68	160.344159067307	10.4225584	1.40037927999989	3.79629034	4.7707848874	128.5147347007	1.26939472741	0.26812886129	-1.82277318949	-3.43258609135	0.31896085814	151.2018521309	0.60898313087	0.61996779053	0.57889933431	1.10435597177	1.09570561449	4.06263543104	4.01827335816	4.10591007107	4.35032551204	155.1666667	166	266.611281228	649.450242738	43.404821	44.912666	0.14372603702	0.284387561	2.21590637036146	5.42765563352497	7.84805515744069	-35.9633810217606	134.887550505049	110.185907273491	26.848	31.5747	56.5088	22.2595	1.4304	23.558119	0.086902244	2.12	5.87	0.6725	3.05	64.72318422	0.917031	0.00360732134	42.191	0.0078686475	0.815	50.99	30.92502769113	0.621371651112556	0.0350040674961759	27.96934866	2	44.03	6.89524552599122	129.970866252541	92.76	5.45521886340852e-05
9612	71.5	123.636978442191	10.3193827	1.02925468	5.64946089	4.7761627835	129.8416297208	1.24980712249	0.26794559843	-2.16805803287	-3.16309467553	0.32454432036	155.2591829569	0.60738334457	0.62681451947	0.5971494115	1.10550158212	1.09795107376	4.07478106993	4.00752485845	4.10782165681	4.35646720231	163.5	165.25	277.672043281	687.767186375	44.17085	45.594806	0.14504307994	0.28432400908	2.52029969313647	5.78495263303807	7.93675167066902	-35.9029079974126	127.657235449733	110.710095530596	26.527	32.2438	56.1526	21.8415	1.14783	24.020123	0.090089043	2.07	5.78	0.6575	3.02	59.39742016	0.980568	0.00375277943	39.308	0.0078224441	0.7925	37.96	40.28084107411	0.727471997603783	0.0686657719483329	62.01923077	2	36.539	6.005483871	140.3888796	93.112	-0.000333974
9613	71.66666667	91.1797670551711	11.1867828	6.53282753999989	5.62147196	4.77645149819	127.9475398348	1.31503360491	0.27245854677	-1.43595312825	-3.31355995628	0.32792265692	156.6217575809	0.60511248095	0.64688763439	0.60703093058	1.10278128612	1.09487778296	4.15446689104	4.02401118107	4.11624421694	4.34490708638	165.042495052582	166.705428985494	297.267403352	678.227919898	42.993026	44.496038	0.14379141324	0.28418975808	2.24843181084418	6.5859037980624	7.83555950529478	-35.5994684229317	131.955942760941	109.641413220425	28.301	32.2306	58.6322999999999	22.662	1.8232	26.854591	0.091511415	2.18	6.12	0.5925	3.03	62.49801692	1.548482	0.00429472985	39.561	0.0082587378	0.795	39.2	29.18195551728	0.649410928497772	0.042880124040685	45.40229885	2	30.316	14.3455986936878	113.096059500361	92.022	8.76759329742587e-05
9615	86	109.82087240787	11.3981591	3.75020014999989	4.7768024	4.76261109346	126.1593835393	1.33639259337	0.27309631494	-1.36523545051	-2.92116916434	0.32661970284	157.3878842899	0.59909375618	0.64519960118	0.59427092038	1.10432131762	1.09267705172	4.15396439843	3.9877586343	4.12098650596	4.37740035666	163	165.16848827485	295.733986249	657.081617605	43.256037	44.104594	0.14123356488	0.28086812403	2.61960003250919	6.5712373368401	7.9706653121731	-35.866056011135	132.514174955006	110.241896192526	27.135	31.5838	57.6511999999999	22.4086	1.61798	26.730551	0.092288346	2.09	6.05	0.6575	3.04	62.38488508	1.309733	0.0041004464	42.033	0.0082740945	0.755	40.9	19.7486502463	0.689546084943102	0.0714542172946533	27.61904762	2	27.692	8.50295143801645	118.805678460128	86.7859999999999	8.05667987731092e-05
9616	110.75	80.8764164533655	9.9972996	6.70590121	5.72450295	4.75273395153	127.7121592922	1.20261034552	0.27219377355	-1.7851085498	-2.68349064187	0.32562086946	157.848641559	0.60557437074	0.63642319507	0.60206124274	1.10497790366	1.09629284309	4.18997345477	4.02786900649	4.09811582479	4.36276518638	165.6666667	170.5	308.929543002	670.38976296	42.824391	44.12596	0.13926076927	0.28429374392	2.72174812436382	6.87928134556735	7.80243928080825	-35.5576762743882	139.439093587572	111.670556383661	28.618	32.1996	58.2385	22.5938	1.69942	26.4393	0.0882752709999999	2.26	6.06	0.53	3.06	60.4155441	1.59127	0.00464471954	42.63	0.0083796416	0.7625	28.17	40.21146114551	0.769776695839311	0.246844454724232	62.3366469419593	2.093	30.45	13.8372609558719	111.839178332122	87.0359999999999	0.000114651645320197
9617	66	89.3005116849817	10.5570211	0.0123080599997862	5.39701132	4.77430872502	130.7104493103	1.17420698638	0.27156195798	-1.96799150606	-2.72956532568	0.32354590657	158.600284794	0.60828289602	0.62962537749	0.58860712248	1.10041722122	1.0956251134	4.11289311863	4.02803234061	4.08276739078	4.34944800571	163.714793018514	167.249811577067	294.51327233	691.837946855	43.852107	46.936009	0.14664814895	0.28269430617	2.58361929282282	5.91431721969664	8.01870214572921	-36.1316765161608	125.223994708994	114.840704556079	26.518	33.1006	58.1711999999999	22.1375	0.83295	23.554462	0.091038398	2.09	5.92	0.66	3.05	60.97212394	1.092911	0.0036472554	39.651	0.0079330556	0.8075	35.05	54.43108878656	0.84605359390008	0.281158102728684	62.6125474037521	2.09	26.366	8.29414415525048	122.354829630695	94.3619999999999	-4.48137175714286e-05
9619	83	98.6213180856995	10.3803677	0.76162661	5.14162651	4.74688000095	132.5873823331	1.16593728169	0.27408232238	-1.73527500754	-3.2367581265	0.31657674005	156.5962987769	0.60784751836	0.63701142869	0.59897750977	1.10243921786	1.09417279616	4.14299414409	4.03787788126	4.09700341562	4.36438274758	163	172	287.517370269	697.864638502	43.968163	44.596294	0.14391793477	0.28422270042	2.64772996379414	6.45312997662873	8.14353795593379	-35.6616905654017	125.154444444437	111.775054997858	27.174	32.4224	57.0007	22.1308	1.22859	26.224531	0.088058799	2.13	6.08	0.64	3.02	58.43494362	1.212517	0.00408719274	41.515	0.0081723284	0.79	30.16	50.16936463283	0.677733220797424	0.12559991314478	59.61538462	3	38.14	12.76308333	120.9463047	85.283	-0.000235989
9620	74.33333333	93.7604160962035	10.4795046	-0.35033326	6.30340109000001	4.76328598584	133.577050645	1.12439949829	0.26701936682	-1.76446748661	-3.2421987423	0.32680331298	156.347859916	0.60071206223	0.63746284222	0.60145968646	1.10257911708	1.09502267144	4.1279769741	4.02990887295	4.0767235187	4.353192856	163.629724805175	166.699734003184	285.437133324	679.056163858	44.67732	46.050597	0.14789518539	0.28393706683	2.63816092676546	6.27368708813748	8.0477310579773	-36.2984130361158	130.276543209877	112.50528557348	26.283	34.308	60.1713999999999	22.1278	0.97284	25.199972	0.088859892	2.11	5.97	0.6575	3.04	56.6135483	1.151237	0.00370703565	38.316	0.007894906	0.7725	26.57	65.75724708144	0.76983144571926	0.228498889780971	76	3	33.961	14.0795283	130.7087947	87.2549999999999	-3.05715382442287e-05
9621	90.5	82.3463541300366	11.0551893	1.77039474999989	6.98924278	4.7620196773	130.1995733321	1.19045197511	0.27282000267	-1.45513662313	-2.77019640428	0.32563925945	158.9550314949	0.60769841528	0.641470657430001	0.60702042184	1.10073983382	1.09507902269	4.14917120007	4.01784200884	4.09072629831	4.36226319779	164.67500380373	166.78341003362	336.032402796	701.723737731	42.481046	45.032121	0.1442219185	0.28375609736	2.47482906913125	6.44872642310138	7.95808328362787	-35.9203266155027	128.348487654315	113.370338724413	27.389	31.8364	57.5491	22.3564	1.28773	26.064002	0.085235984	2.14	6.05	0.595	3.04	63.90057398	1.315968	0.00396170957	40.345	0.0081112286	0.7875	33.3	50.88999532439	0.870969213558199	0.251070616225483	61.9040269310313	2.06	22.05	9.20479381617191	118.430512359995	92.2279999999999	4.10385974545454e-05
9622	81.66666667	92.7017338146154	11.4740387	1.01993242999979	6.01522973	4.74133482118	128.2763228081	1.21971051054	0.27621161587	-1.8167348607	-2.39987489899	0.32334548967	159.812116391	0.60417412149	0.64833975705	0.60001321453	1.10044929398	1.09530385447	4.13917514912	4.01873161146	4.10279253052	4.37296498045	160.2	165	306.46074371	699.027900394	43.320682	45.122874	0.14353586766	0.28247172261	2.74587156575858	6.09386664148654	7.92220144800738	-35.7777177533199	127.363393458392	113.098127876505	27.411	31.7556	57.0296999999999	22.1414	1.39826	26.059324	0.090490029	2.11	6.04	0.5975	3.03	65.35783398	1.298821	0.00362545031	40.44	0.0079990776	0.815	31.36	44.48927678466	0.816757828808447	0.207111998630434	61.990489614274	2.095	27.757	8.67705122350711	128.546023007995	89.217	1.05712894545455e-05
9624	74.33333333	129.250415557584	10.9812085	-2.32284808	5.33263991	4.77118755468	135.516340803	1.11451983618	0.2647072451	-2.30381947453	-3.40478821366	0.32472439984	156.539585269	0.60774621506	0.62630315238	0.59709545655	1.10194465496	1.0965068841	4.1097425981	4.00873884173	4.10296684806	4.33546557507	162.814983262731	166.544943885716	262.876320362	674.827689793	45.033586	47.442579	0.14907183389	0.28346658761	2.58281950557529	6.2206504424652	8.11738783506235	-36.5404545713505	129.547222222223	113.99185171804	24.749	35.8421	60.6117999999999	21.9583	0.71629	21.849153	0.089729306	2.08	5.84	0.665	3.05	56.74722688	0.936705	0.00367000544	37.829	0.0077758394	0.8125	31.16	60.34831036098	0.746352501547988	0.293015444115525	63.88888889	2	41.175	7.50119217351462	127.900969701759	90.571	-9.87056118382353e-05
9625	101.5	118.743092540037	9.0109408	4.24994742999989	5.25708602	4.76280233032	128.1798074982	1.19267439328	0.27566042135	-1.854025104	-3.30132629272	0.3251902909	159.9926163359	0.60602905991	0.6433916531	0.58354598848	1.10337862605	1.09471973354	4.13840154263	4.04071278668	4.11340148516	4.38200466906	167.5	165.6666667	292.713329944	661.813140408	44.059973	45.576115	0.1451895916	0.28435794397	2.88361093056274	6.23622576386983	7.97601323197973	-35.8757255686263	132.688425925922	109.815384637605	27.298	32.0047	57.8071	22.4847	1.3681	26.011234	0.090831946	2.07	5.9	0.6325	3.03	59.49888414	1.081913	0.00389768291	43.584	0.0080561164	0.785	38.49	46.19560767871	0.677154174435309	0.116915842118604	41.66666667	2	31.964	3.910416667	142.189319	86.714	-2.69e-05
9626	70.25	165.69498287683	11.1812077	0.251966049999893	4.84161051	4.7773813089	131.8723917436	1.26336545945	0.27559890987	-1.79781366761	-3.36420816459	0.31950760107	156.5966170069	0.60859725504	0.62731869333	0.58246577379	1.10084122892	1.09457548823	4.10765827393	4.00748960892	4.09572935201	4.36970900415	164.6666667	164.189767558383	268.190149984	690.795567754	43.727455	45.173566	0.14530529267	0.28140981443	2.76583483055154	5.66348409268102	7.95629436350228	-36.0146044993083	131.779553376904	111.483649742131	26.537	31.553	55.8849	22.0378	1.21425	23.323107	0.088218399	2.08	5.9	0.685	3.02	63.93449018	0.982501	0.00335799568	41.184	0.0077730353	0.86	46.92	32.52594583584	0.606258077589024	0.052447585079646	43.87464387	2	38.985	6.6476139697659	129.766859528552	93.622	2.9775778233525e-05
9627	88.25	84.2828698656899	10.9974159	2.03052253	6.45056659000001	4.76362393376	129.3698898073	1.18592625607	0.27369129293	-1.93426880683	-2.52267430625	0.32285787401	158.582214212	0.61007859572	0.64546992437	0.60548641614	1.10095413422	1.09514334852	4.15039722845	4.01408781224	4.08205675251	4.37235190063	164.41532165855	167.008132255181	329.189068284	703.75501602	42.723124	44.509339	0.14636960658	0.28338440088	2.52835809124888	6.34959708205415	7.8742233257935	-35.8394778488259	124.997185345512	113.730579924413	27.685	32.4048	58.7031	22.2975	1.18916	25.942781	0.084778656	2.12	6.01	0.58	3.04	64.61565548	1.340581	0.00377461061	40.952	0.0081221044	0.78	33.43	49.85686004487	0.87673948456091	0.289311618272985	62.8822459252813	2.13	25.355	9.12127180602478	119.547198601008	94.3499999999999	3.45415234285714e-05
9628	69.25	136.915225841511	10.8612723	0.537049159999786	4.54164477	4.78308548213	133.1415873523	1.21789055735	0.27131437554	-2.06714083411	-3.31977806183	0.32251534005	154.249769671	0.60771002876	0.63790989715	0.58697456633	1.10483824567	1.0957327342	4.08208779153	4.00366506634	4.097877819	4.34387384878	162.926111903437	165.946200281694	261.558566284	660.389265769	43.93937	45.326342	0.14452096091	0.27972781252	2.4275934623067	5.68011130791524	7.93840593236696	-36.1101367297516	128.909831154682	109.79585239438	25.621	32.6439	57.7411999999999	22.1723	1.19242	23.106459	0.088755541	2.08	5.92	0.725	3.06	61.08864518	1.016047	0.00396149013	40	0.0077761478	0.8275	48.93	31.19023589283	0.745819573190477	0.0510381002311612	43.98148148	2	37.555	4.035681818	120.9912992	95.0219999999999	4.6798154350904e-05
9629	74.66666667	107.011108516484	11.1404831	2.20220968999989	5.79786956000001	4.77039110903	131.8108317295	1.19286430122	0.27259683473	-1.6296980131	-3.04598331878	0.32405779803	159.7310142059	0.60406237097	0.64111921468	0.58987566775	1.10042374233	1.09490989625	4.139961831	4.0321751007	4.10453225021	4.38296944984	164	169.5	310.971553859	707.737513477	43.238439	46.175895	0.14442557615	0.28183708407	2.76545301950824	5.91145918486549	8.0565100188708	-35.886244922023	123.795959595956	114.273562769646	27.171	32.0634	57.7233	22.383	1.06189	25.202862	0.085283573	2.09	5.95	0.6175	3.04	62.4155912	1.229748	0.0037674727	41.549	0.0080081297	0.805	35.67	45.58189732694	0.800386440682516	0.241663683265264	61.1591091965186	2.155	27.289	3.264719101	117.9770865	92.3819999999999	-3.01e-05
9630	79.5	88.5947855305805	11.43227	2.38183045999989	5.49974726	4.76652886328	129.4732706118	1.21129812778	0.27808916161	-1.43698960297	-3.07985761172	0.32351838121	157.385969696	0.60489217376	0.63733533412	0.59277423056	1.10159455723	1.09701155029	4.14236964135	4.0186689807	4.09090423497	4.36091014662	166.5	167	330.269977652	694.127552094	42.645607	45.030975	0.1440886876	0.28253563014	2.80765665299157	6.54606074823391	8.19816353302367	-35.956803541055	132.222098765427	112.420151193282	27.941	32.7107	57.5299999999999	22.6402	1.10656	25.737723	0.094835415	2.15	6.03	0.6175	3.05	64.36739498	1.34584	0.00400363891	42.519	0.0081025404	0.7925	29.52	52.71533077818	0.82980477401585	0.28328470794493	62.6703106263721	2.11	23.057	8.56992088065601	125.085432642572	85.204	-9.3617245882353e-06
9631	140	123.135222847985	10.3816361	4.13063412999979	4.18334766	4.7432230666	129.5156571899	1.27436820159	0.27888051541	-1.76856692728	-3.19724348848	0.3240513262	156.161643012	0.60869052755	0.629116816800001	0.59108760004	1.10294148281	1.0951857963	4.09051951722	3.99099997993	4.10330040904	4.3885548021	161.8333333	164	285.570818399	683.884825812	43.049481	45.390758	0.14598031655	0.28278244643	2.62513941931451	5.97371742382751	7.81424859686104	-36.0177091466036	125.584663299662	113.233707147467	27.244	32.3817	56.1181999999999	22.0319	1.25779	25.912506	0.0869315909999999	2.13	5.86	0.675	3.01	64.99141938	1.077949	0.0040239133	41.846	0.007952618	0.8225	42.28	46.86903782664	0.711330548780488	0.176277384298626	60.697395007549	2.225	34.23	7.76592042661376	130.261737536946	82.856	1.91051427727407e-05
9632	90.33333333	86.3642148956599	11.7256648	3.17027697999989	6.59411391	4.73128132711	129.1103863626	1.20114619598	0.27634561769	-1.40183747537	-2.55881006184	0.32449519631	159.8079855409	0.61040550597	0.63930252133	0.61057662808	1.10335605636	1.09635244452	4.15323035981	4.02551975071	4.11622136369	4.37361585332	165.8571429	167	309.219452727	694.496050421	42.72647	44.383389	0.14354781311	0.28246111364	2.80562100327558	6.58088953492718	8.05005358531885	-35.7487091496831	135.808971059805	111.96372802312	27.797	31.7975	57.7918	22.1135	1.42413	26.643016	0.0880296829999999	2.14	5.98	0.56	3.01	64.85882968	1.442667	0.00383802735	41.681	0.00821562820000001	0.7325	29.8	51.16655251638	0.771169847756351	0.221955225903162	62.5453040743039	2.115	24.748	9.443300971	132.0858962	87.8859999999999	8.43e-05
9633	77	89.0209708638584	11.3761392	-0.45461217	7.70431721000001	4.76142633385	135.4244210586	1.12004446859	0.2693075265	-2.13608654	-3.61985036676	0.32341867484	156.891297091	0.61150695432	0.63562938649	0.5976087136	1.10152436766	1.09668901868	4.14927060011	4.03386553582	4.09209845676	4.32559233702	164.103930373357	167.068944447333	302.400662849	687.547885576	44.370178	46.758448	0.14858631549	0.28814836186	2.61887062359999	6.47669156061356	8.28675509508507	-36.4627176970754	127.559153439153	112.565169139575	25.976	35.844	59.633	22.2774	0.87951	23.407383	0.088827555	2.14	5.99	0.6875	3.05	53.99737176	1.240961	0.00363103515	39.761	0.0080285758	0.7775	23.16	62.59626871425	0.793068041841028	0.254646647461728	73.36182336	2	31.509	8.93337501167335	121.723223156681	82.244	-6.39780445e-05
9634	98	85.5062360779076	11.0243032	6.41063540999989	4.43026719	4.75397558976	128.6343550879	1.24929082748	0.27600981391	-1.40149890863	-3.06347572718	0.32650274279	157.9197544979	0.60219612099	0.63670399269	0.60525981159	1.10440351882	1.09423173404	4.18510290066	4.02910012725	4.10626032592	4.37022868184	165.2	167	304.451164264	672.031642929	43.385068	44.271724	0.13921158758	0.28138399514	2.48394906890488	6.7352252258578	7.94277347880467	-35.4986316952199	131.535194003527	112.009819963238	28.062	32.7239	59.0513	22.4235	1.80445	26.451158	0.0894496249999999	2.19	6.02	0.545	3.06	62.71736186	1.559704	0.00406398247	41.944	0.0082598773	0.7725	31.97	38.00480028767	0.744679311469295	0.202370347684813	60.5872044701786	2.14133333333333	29.335	12.53252033	114.4050919	87.669	-0.000184277
9635	84.66666667	89.5470318226993	10.9837709	1.44417668	7.65007594000001	4.76357380545	136.5120496658	1.16947144754	0.2685368417	-2.00309064113	-3.04269507096	0.32702041824	157.9208577929	0.60129041334	0.63464691421	0.59590251395	1.10249561617	1.09679828014	4.1423820689	4.0200881108	4.11116512044	4.34198489519	155.1666667	161	288.726290919	673.259137868	44.316239	46.474837	0.14937727981	0.28812004051	2.84640188621756	6.13655977211989	8.21796370703991	-36.1337961266708	128.139523809522	112.426830270108	26.777	34.4109	58.6302999999999	21.9816	0.982500000000001	24.806706	0.087173348	2.13	5.95	0.6675	3.02	59.31641684	1.168627	0.00351154585	40.405	0.0079750064	0.8075	24.49	61.35088296775	0.722495389619883	0.203576983681065	81.71428571	2	36.019	8.54626628426835	132.229415161643	88.162	-2.654413e-05
9636	141	105.79109216256	8.66854329999999	5.68671092999989	6.11471354	4.76396451601	128.1885335249	1.26462612669	0.27028209421	-1.96346935878	-3.1681954473	0.32788918147	154.9219681188	0.61085953977	0.64700740646	0.60561343552	1.10474928868	1.09597211447	4.15520236158	4.00577886576	4.10891075794	4.35760451066	164.6	165.709643706694	300.514201187	672.385298907	43.014485	44.823418	0.14113782514	0.27935457677	2.50545890337072	6.52952511091934	7.85166241853762	-35.8287084024337	131.772356773186	109.085287135964	28.497	32.0644	57.6008	22.4792	1.68127	25.702828	0.089912766	2.08	5.96	0.6525	3.05	64.59290546	1.405224	0.00426352984	41.889	0.0082959531	0.7625	35.77	21.90672160346	0.662403085504719	0.0681535840116117	33.17241379	2	31.309	10.5094325128888	121.232398903525	86.862	0.000133034665597403
9637	82.5	181.062029728682	9.0771059	1.34269422999979	3.34876981	4.74961069632	127.711928847	1.25550656483	0.27924265285	-2.13190176601	-2.97810242846	0.32444141035	156.618702676	0.61306821479	0.61825482996	0.583590273	1.10749713024	1.09495521433	4.08583618623	4.01753057839	4.11527238897	4.36409152104	154.3333333	157.2	261.446352972	674.23029974	43.417085	44.219849	0.14248437983	0.28319941111	2.61735657258146	5.73684825412808	8.04833821828914	-36.1477710586936	127.084460784311	109.985539423136	27.495	31.1553	56.623	21.8785	1.52623	24.358218	0.090340577	2.15	5.88	0.67	3.03	62.53348942	0.874491	0.00366186551	40.425	0.0079398118	0.8525	46.41	27.21339402481	0.564951640460926	0.0829980134984495	47.33333333	2	38.132	8.420095238	123.738852	84.229	0.000148198
9638	87.66666667	89.5956566218082	11.144657	0.49421674	8.40631085000001	4.78246350119	136.0077043138	1.12993056344	0.26824871913	-1.8569220573	-3.45369753034	0.32549737634	157.0478997	0.6071588228	0.63666127425	0.59827106819	1.10449293419	1.09740794067	4.13985395345	4.00165301652	4.0976463994	4.34937820492	162	167	301.042502153	685.253395229	43.648079	46.01959	0.14777383219	0.28555395655	2.775587755802	6.58890818205173	8.35607659820348	-35.7304182229516	136.131762065095	111.933341887185	26.613	34.4828	58.7402	22.3568	0.8921	24.949586	0.09149489	2.15	6	0.65	3.04	57.39565678	1.251043	0.00351941745	40.29	0.0081286301	0.8575	21.67	65.88648519252	0.756514625	0.253642364028945	83.15217391	3	28.717	9.0846610861002	127.347342123076	85.168	-5.67810436666667e-05
9639	73.25	101.123112439305	10.6073665	-0.70681269	5.71042575000001	4.77655620003	135.4733861518	1.13598364891	0.26485515539	-1.9377290324	-3.50763348223	0.32267788049	154.434675866	0.60510125774	0.623295674	0.59802303207	1.1034190725	1.0978859218	4.11511099062	4.03836113599	4.09990538974	4.35772445216	162.804340861288	166.244450839763	258.147396384	667.382954454	44.684892	47.120144	0.14779745299	0.28470625307	2.63519992353739	6.00377006286017	8.25849074830518	-36.5068407660142	131.159259259259	111.008744538393	24.903	35.0174	59.6001999999999	22.2102	0.81565	22.191285	0.090560849	2.09	5.86	0.7025	3.03	58.78310154	1.054827	0.0035607714	37.568	0.0077804149	0.8325	29.37	57.92377495462	0.737224606971976	0.227698642411223	72.02380952	2	39.265	7.77835298530604	129.247406911675	88.889	-9.35066301754386e-05
9640	80.75	86.5975291884082	10.7488973	4.29538467	7.39308751	4.74019455064	129.2915913529	1.2738538266	0.26985452233	-1.59192292767	-3.20718502811	0.32258968964	156.8904495208	0.60216069379	0.64147085555	0.61234931518	1.10464581024	1.09558034654	4.14624642885	3.99932812319	4.10459705662	4.36713668073	167.4	146	309.156888863	672.119312546	42.4127979999999	44.704612	0.14214461134	0.28422502316	2.63074590492883	6.853239563157	7.94918033566973	-35.5468433859306	134.260086580084	111.469590558353	28.409	31.7087	58.229	22.3591	1.62806	26.343421	0.092574559	2.11	5.98	0.5675	3.03	63.04887562	1.512337	0.00399158376	40.964	0.0083101266	0.785	32.63	41.61542294505	0.731068112951611	0.146644322069189	62.2533647434653	2.083	24.286	11.02421488	121.1957859	90.5089999999999	0.000402023
9641	87.66666667	92.0102071275946	10.3966366	2.61249768	4.91773217	4.77535198375	127.7645904263	1.23644139652	0.27864490132	-1.48635705801	-2.71748375828	0.32114653412	157.8884540819	0.60440416361	0.642404824290001	0.59936271759	1.1022043979	1.09386693841	4.12668522657	4.01454081689	4.07579826631	4.36748384451	161.1666667	163.5	329.404208071	695.796614291	42.644085	45.113205	0.14322969747	0.28257562904	2.68875884607267	6.50080674996368	8.03144144908158	-35.8507416212809	128.955179172675	112.953560841365	28.04	31.5719	58.1571999999999	22.1558	1.28748	25.420192	0.087956019	2.13	5.95	0.615	3.04	63.50264568	1.298141	0.00389567543	41.798	0.008212651	0.7825	35.67	42.982717855	0.81721105050505	0.231086079644947	62.051722002397	2.085	25.321	7.72483853177337	120.707029062348	92.072	3.62013976688312e-05
9642	86	81.5776846285236	10.8141685	2.26229458	7.19975686	4.77307184055	126.8954410763	1.2218096009	0.27044071206	-1.53242229191	-3.27182988299	0.32585721279	158.4989483869	0.60598830092	0.63768385574	0.62520155614	1.10580382687	1.0968117354	4.16502940694	4.00571681871	4.10823236401	4.35330644559	165.8	165.5	314.21525554	691.812850206	42.861012	44.94143	0.14413858136	0.28078686649	2.3475643827932	6.43968867003468	8.03539395311416	-35.7096090285967	132.507812557812	112.086607817472	27.365	31.8083	56.4829	22.3402	1.49153	26.150552	0.089129901	2.12	6.06	0.58	3.04	60.69772644	1.437779	0.00384409177	41.355	0.0083019397	0.8075	29.62	48.39682835252	0.850274431372549	0.192596163844531	63.2721661771245	2.07833333333333	23.499	11.1650513032421	118.598265856106	93.455	6.18836393678161e-05
9643	79	110.793545518725	11.3524043	0.0480782699998933	6.40729295000001	4.77961264883	134.7188754281	1.13172508299	0.27295616506	-2.11571048302	-3.63407203511	0.32616983068	157.448435531	0.61090509068	0.62078379373	0.5910680906	1.10289313306	1.09757785954	4.13866541924	4.04212190641	4.08149728758	4.3426971375	164.6666667	172	291.204172714	689.792968455	43.937099	46.11557	0.14971730182	0.28919004564	3.00736184692288	6.32407269520307	8.48603839488095	-35.8343459293839	128.252200577204	111.918905444833	26.072	35.7595	59.1189	21.9822	0.97201	24.10799	0.09106525	2.1	5.93	0.6675	3.04	52.40991928	1.094459	0.00353380196	40.009	0.0080395759	0.8025	20.17	65.13653734726	0.735341619684238	0.319733772790648	98	2	47.966	7.629514563	147.9126744	81.855	0.00019213
9644	69	146.293981957925	10.8322494	0.394638629999786	5.27167249000001	4.78405361901	132.432649638	1.24718208853	0.26893959589	-2.11227599725	-3.19701006376	0.32030680021	151.668081557	0.603886758	0.62820766821	0.58479359874	1.10163497669	1.09563575454	4.08360160957	3.9979502059	4.09667941723	4.35382109378	161.75	165	272.369210358	670.64705555	43.774427	44.996097	0.14693085918	0.28308243343	2.32093287443188	5.85357519609789	7.75978751816448	-35.8835697447242	134.979402356898	111.507712842561	26.074	32.4879	57.4269	21.7589	1.2725	24.808714	0.087474319	2.13	6	0.6975	3.02	63.70513118	0.94363	0.00386199456	39.84	0.0079488089	0.7975	52.6	31.47919562077	0.623318747863194	0.0355199812196172	3.785714286	2	38.447	8.60861690755338	129.669709819467	99.385	9.37145338571429e-05
9645	66.25	106.049921015975	10.5526646	5.14188935999989	4.79766713	4.75757195822	129.6227430118	1.27757320741	0.27554937256	-1.8358549572	-3.55115465847	0.32619727486	158.236166027	0.60475408317	0.64115573118	0.59093309416	1.10152845778	1.0940766615	4.13235073262	4.00064602105	4.10182729825	4.36744693594	161.4	169.5	298.226969397	654.640429437	42.909234	44.761587	0.14328541718	0.28428436346	2.66504086627727	6.31811044826976	7.85791845680941	-35.8723805758034	131.946254208749	110.69707192929	28.073	31.5722	57.6917	22.5408	1.61601	27.183278	0.085072711	2.09	6.02	0.63	3.02	65.88217416	1.293286	0.00376698191	42.008	0.0080915885	0.8075	44.58	27.96159613973	0.605033021402155	0.0172633744020901	16.96428571	2	30.509	11.8483116894445	119.377128008487	96.4149999999999	0.000110303887913398
9646	55.25	107.806444358314	10.5478867	-0.861331410000214	5.96123090000001	4.78915747895	132.9108051483	1.16943367541	0.26593109182	-1.98185504966	-2.96308866659	0.32244606729	157.607070047	0.60823527773	0.63564094825	0.58857340409	1.10251120403	1.09613783844	4.1098853563	3.99891423139	4.09329857611	4.34965556243	163.618107019621	166.868418866021	259.341994877	667.216285649	44.523674	47.263842	0.14784881197	0.28422794683	2.60390269398668	5.65432487891847	8.06509031808985	-36.3995532695996	124.549047619045	114.924699854944	26.492	34.4693	58.5341	22.1175	0.68483	21.641101	0.091420072	2.05	5.73	0.7125	3.04	60.57011598	0.99792	0.00367566231	39.387	0.0077688185	0.8225	38.69	55.94159328669	0.805010635307336	0.34669624476912	63.1053031889705	2.12	34.042	7.60908013387209	122.352616070839	94.817	-0.000103499078821429
9647	55	127.029013451178	9.9447711	0.858928959999787	5.26295592000001	4.78253495199	128.5673613848	1.23494103047	0.26696698964	-2.00953910332	-3.70752344994	0.31999349538	151.835234064	0.60960300535	0.63176668748	0.58202071436	1.10019841192	1.09526958006	4.08259356289	4.00441031545	4.0967363628	4.33963333673	153.5	162.6	253.833650805	669.000603203	43.406779	45.665475	0.14422736532	0.28212918529	2.14305218206654	5.31183581057812	7.8409325658197	-36.1376022306216	123.542195767196	113.335606776056	26.23	31.3893	56.8539999999999	21.7913	1.15992	22.260621	0.088577838	2.08	5.75	0.665	3	63.78368266	0.896333	0.00367327704	41.785	0.0078872346	0.805	49.64	38.80194517784	0.685261089586416	0.105903661832395	57.1115926724776	2.18714285714286	43.736	5.8237218594404	131.87504018965	94.097	-5.69480261988796e-05
9648	61	105.78485020247	10.1321706	-0.0446683400001073	5.0727844	4.78418699981	131.5760994795	1.17633191181	0.26490277929	-2.09573871169	-2.42929669111	0.32226740982	155.259742929	0.60775351796	0.63583230985	0.59045304336	1.10118005937	1.0964371254	4.09999880322	3.98444026496	4.06150249313	4.3484102059	162.73013377668	166.824828123449	260.339844649	666.046921986	44.164751	47.354648	0.14534494121	0.28053378783	2.34600543587428	5.70924564463874	7.99952570895463	-36.2753895644106	123.687830687829	115.165166724115	25.811	33.7272	57.8714	22.1067	0.77258	21.954345	0.092630341	2.07	5.71	0.68	3.05	62.90107642	1.007355	0.00386873363	40.525	0.0077969868	0.795	39.94	48.6350240152	0.850275955011191	0.254070425439586	61.8416678448712	2.14	34.784	6.94486632567115	124.144593074576	95.357	-4.889483360401e-05
9649	67.25	179.602161548845	11.1202219	2.08986615999979	6.03355041	4.79009320956	130.9992007404	1.27792694971	0.26985666112	-1.82099969635	-3.2733925147	0.32036429684	153.707668319	0.60737202726	0.63487165416	0.58755720534	1.1023247404	1.09513693787	4.07368884022	3.99066109678	4.09262839759	4.33683477185	152.8571429	167	271.977579631	673.527004411	42.474674	44.291854	0.14431826848	0.28202311086	2.18646988072349	5.60986038079556	7.74271437288114	-35.9929035973154	131.972654320985	111.91746843688	26.766	31.6624	56.053	21.721	1.55548	25.308399	0.084267917	2.13	5.84	0.6975	3.01	66.12775672	0.979312	0.00361486406	40.848	0.0079258014	0.81	55.11	25.33139900088	0.632505486679933	0.0512283272921319	15.17857143	3	39.118	14.58439252	140.4559054	98.174	0.000135204
9651	49.66666667	204.399703955853	10.3787181	-0.592592500000214	4.33959306	4.75802204204	131.8544256547	1.31125713071	0.27374952188	-2.2777629955	-3.3471220035	0.32422004526	149.905662788	0.60539891687	0.61852851788	0.56727825662	1.10087795808	1.09539160937	4.05799999634	3.96504134795	4.12844675962	4.35367111837	145.5714286	165	240.849843732	668.764577206	43.79375	45.068151	0.14002908682	0.27985348252	2.41252961682686	5.13674871075885	7.86367687466167	-36.2456461062764	136.266111111106	109.627074185525	26.545	31.19	57.4114	21.9226	1.32584	22.105785	0.089549701	2.16	5.9	0.715	3.02	64.33910576	0.877085	0.00362932951	41.686	0.0078402249	0.8475	57.67	29.67451484497	0.638715572279108	0.0738076203461038	26	2	52.519	5.98674576084762	130.039424496966	95.18	9.34699169716202e-05
9653	52.5	307.457928676308	9.9087642	0.952328099999679	4.95489398	4.80109160221	129.4536955071	1.27437821489	0.27125975683	-1.68360491421	-2.33733835401	0.31923819877	146.000977049	0.59821435567	0.62764657752	0.56425987004	1.10498105267	1.09432701288	4.03837153802	3.97881834565	4.12232275721	4.36723450213	145.8	164.25	243.578481968	645.574163086	42.531343	44.955099	0.14308385437	0.27883475169	2.06653514349351	5.07116085595509	7.88383425763513	-36.2078755512116	126.662979302831	112.506861403918	27.175	31.028	53.8909	21.7873	1.60171	22.434791	0.099306988	2.2	5.86	0.7275	3.07	62.91870476	0.911174	0.00409098083	44.015	0.007955054	0.8075	64.71	24.83005224444	0.540620838943167	0.11990277164758	0	2	47.165	2.547763158	121.4949071	92.29	0.000496495
9655	71.66666667	162.783683674464	10.1264241	1.36135002999968	6.21275923000001	4.79119973024	130.0548728637	1.26565889427	0.27163870252	-1.83781804742	-3.37137236913	0.31942933701	150.16245652	0.60057315259	0.62922841489	0.56859229036	1.10231129855	1.09433497108	4.05980709368	3.9634865809	4.09744400834	4.35832351172	159.461732124425	164.336257579595	270.484371262	674.744070566	43.689146	45.337543	0.14385213932	0.28131480482	2.46705310895916	5.78491858488688	7.85262149590209	-35.950299769949	129.355942265804	111.723011579058	26.743	31.0987	54.2448	21.7562	1.69247	24.403675	0.088791259	2.07	5.91	0.715	3.04	61.23407416	0.967499	0.00414313121	44.563	0.0080165076	0.8075	61.87	25.89704643099	0.456922222541127	0.0477369525779373	0	2	34.762	8.050192308	193.9481043	90.231	4.47379925388471e-05
9656	89	119.01417429972	10.7650246	3.01127042999979	3.66445197	4.76414378226	128.2900274382	1.27392041207	0.27606655978	-1.90496318632	-3.22552077739	0.31883284302	156.1301995359	0.61114483893	0.62318797721	0.58569644651	1.10175974457	1.09433850965	4.0926085303	3.97072382136	4.10269558791	4.35254803285	153.8333333	159	270.303344006	681.118156587	43.365307	46.111567	0.14626601748	0.28335788165	2.68567192287756	5.88400916538303	7.87217576017561	-36.0436076019074	126.891666666662	111.940763980781	26.671	31.3908	56.701	21.9383	1.20618	24.863488	0.091051938	2.04	5.79	0.695	3.02	63.22277742	1.019151	0.00397922461	42.586	0.0077735061	0.8	41.45	37.76518679118	0.709462578463203	0.15966039897474	56.9787474009581	2.11	34.135	6.45830012550817	127.051759653565	87.178	1.83280689674185e-05
9657	48	315.185922224695	8.3476916	-0.457860720000321	3.66053285	4.76991635039	130.4749166979	1.29414735	0.27789613899	-1.92667800074	-3.2229089112	0.32236707857	148.409803678	0.59904613055	0.63003890626	0.56691580159	1.10319290956	1.09586487135	4.07720250193	3.99838080085	4.14238145464	4.37383482973	139.5714286	150.75	251.170772219	677.910788437	43.200182	44.743071	0.14150542627	0.2835400594	2.45204915486244	5.18907852477877	7.92513232215298	-36.2978735378272	125.64722222222	115.409216477933	25.883	30.5053	54.8405	21.4296	1.4658	22.074863	0.091542783	2.22	5.86	0.6775	3.03	60.28200126	0.898069	0.00367447471	43.498	0.0079997977	0.8725	62.05	31.49402498805	0.609141301064379	0.190521498644746	2	2	49.777	1.897142857	115.0545893	95.761	0.000230913
9658	66.5	198.653465518919	9.8594475	0.531903679999679	4.58353302	4.78555721968	129.6373229842	1.2418778995	0.27066585915	-1.06968344985	-3.09003604439	0.32160161084	147.478323422	0.60665556667	0.62498045728	0.57639118233	1.1018541617	1.09486182113	4.06376806444	4.01336693783	4.09879929129	4.37671720476	157.377336731906	164.623605628482	238.817969668	651.253492303	43.845769	44.758576	0.14203627771	0.28287043584	2.47389889534438	5.37123016354434	7.82112868097242	-36.1192139791845	128.938198653198	110.222618053206	26.231	31.8101	56.2785	21.949	1.30584	23.069882	0.092899078	2.07	5.86	0.6975	3.01	63.94517702	0.924099	0.00393455874	40.798	0.007797839	0.8	57.01	27.52482870884	0.633894332930737	0.0455402365077199	9.615384615	2	43.444	6.37308667786276	144.263710179826	90.551	5.2629370281144e-05
9659	66.66666667	177.931306596444	10.4627553	-0.287274000000321	4.33560406	4.76898788187	129.9625754285	1.23690111934	0.27036826312	-2.26577467417	-3.4906322676	0.32731039618	150.7401140039	0.6089259078	0.63322416249	0.57749324982	1.10224734103	1.09746527489	4.0609044775	4.00007277953	4.10294052357	4.3543726395	151.6	162	256.42506736	654.686936489	43.533029	45.646633	0.14274423743	0.28717689566	2.29484071423935	5.28367760933039	7.81730271052621	-35.9804686482975	128.071216931215	114.378252833491	25.947	31.5912	55.7931	21.9964	1.41406	22.878248	0.086233767	2.13	5.74	0.7025	3.07	59.53719292	0.94553	0.00378048926	39.814	0.0078844507	0.8475	55.16	37.99717710228	0.707296535741982	0.0987013761972986	14	2	43.563	4.813925234	124.4404075	90.711	0.000351483
9660	40	328.800181192949	10.6445894	0.326654019999572	3.4480199	4.80734592599	130.2130136024	1.2842567932	0.26683748371	-2.00764636954	-3.59125432645	0.31551378696	148.432711209	0.6027522236	0.62350445234	0.56262373743	1.10406451025	1.09401020704	4.04769665691	3.95355766758	4.14777070448	4.36813408245	148.4	158.3333333	249.612011803	666.04422106	42.767984	44.920203	0.14248431688	0.28285840618	2.43180177818198	5.28786063329546	7.9423074553173	-36.249765718665	126.026666666666	114.068696434154	26.421	30.2866	55.1909	21.6167	1.4249	22.19462	0.093158386	2.19	5.93	0.675	3.04	57.70617996	0.935152	0.00404680077	44.681	0.0080706492	0.835	64.14	26.11072773943	0.530778249116327	0.130965335750144	0	2	52.145	4.02552785419945	142.757651368811	89.951	0.000170973849666667
9661	42	238.363051483325	9.1978132	-0.246932140000214	4.94386499	4.7567165968	130.7782917113	1.21409731666	0.26905513535	-2.28819981826	-3.34776541362	0.31980068992	150.899243172	0.60221873939	0.62597382866	0.57277431367	1.10145618289	1.09435100307	4.06153828754	3.99501200196	4.12802007688	4.35094025779	119.5714286	150.4	250.156794749	681.022859724	43.501884	45.315481	0.1391518028	0.28449684757	2.53269657316275	5.0889303789867	7.89593403872692	-36.4497687515861	126.975846560842	114.947487779209	26.245	31.9208	55.4956	21.6487	0.967630000000001	21.43417	0.090545182	2.18	5.73	0.645	3.01	61.60733126	0.824174	0.00376987994	43.088	0.0078681808	0.83	52.54	49.02250490461	0.560745319462648	0.121591639884062	55.0474156303096	2.23	46.186	4.43628349579407	132.581615386753	92.387	-2.19555517464986e-05
9663	69.33333333	180.132266750485	9.684884	1.38725365999957	4.34073642	4.76456201093	127.3774251786	1.25464312451	0.27075256902	-2.17447355495	-3.43249336968	0.3228709991	152.1927310009	0.60680466637	0.62441928268	0.57879994676	1.10245595473	1.09496263324	4.06647682569	3.98065259507	4.10508555395	4.35505069238	154.8	165.6666667	247.024488036	658.605890873	43.128046	44.731816	0.1419852944	0.2839309481	2.50551960252296	5.31773249539558	7.93451400716513	-36.0504814844853	132.916666666668	107.959912399373	26.088	31.2771	56.1793	22.2536	1.38329	24.134792	0.09031503	2.12	5.95	0.675	3.02	64.09354646	0.944818	0.00377485244	41.74	0.0079661367	0.8	55.74	26.23999985473	0.609462236129314	0.025492020913178	6.52173913	2	36.845	7.37728584030078	134.874681520103	92.919	7.69893033483709e-05
9664	109.6666667	85.8501717760983	10.391502	2.01880554999989	7.22463364	4.76006985322	130.744760073	1.18746902454	0.27366847353	-1.81483483026	-3.1377133913	0.32376518733	162.320330936	0.61438307055	0.6429390924	0.6061750898	1.10195818618	1.09549467682	4.14677116215	4.01619796779	4.08959615046	4.36042416002	163.909279245934	167.021000080107	323.933041165	715.293818933	42.997337	45.438295	0.14362911685	0.28146865089	2.33396264377875	6.2770900870943	7.89381228063439	-35.7824567503834	124.76511463844	113.48602886893	27.677	32.6305	57.7584999999999	22.3561	1.21203	25.609766	0.086751601	2.12	6.05	0.6375	3.03	64.4714152	1.3003	0.00385358377	39.609	0.0081457409	0.775	35.29	52.18109237814	0.848536920458345	0.214262667053473	62.5268094473313	2.06	22.736	8.84805603002972	116.317974760363	92.9239999999999	4.60106604761904e-06
9665	86.66666667	80.811338442765	9.9100875	1.81009244999989	6.83610936	4.76488786452	131.090751917	1.16828203245	0.27210124027	-1.32636055722	-2.53108691277	0.32257631584	160.308759704	0.60576226005	0.64478493338	0.60521102503	1.10073347465	1.09571763041	4.15176168747	4.01579317132	4.08996957751	4.35883523797	164.12832838733	167.163521243905	328.922538811	694.163936355	43.221489	45.377391	0.14553650912	0.28235530201	2.49800541480934	6.51918620187262	7.97213246145392	-35.7696838187522	122.16326278659	114.09516198056	27.636	33.9909	59.3080999999999	22.4732	1.0388	25.64992	0.0858017059999999	2.15	6.05	0.6125	3.04	62.42983144	1.313935	0.00392726317	41.586	0.0081119658	0.7975	32.14	55.1154789914	0.844015142680568	0.291343299046235	63.1940574475015	2.13	25.828	9.515535714	109.7634721	93.6309999999999	-4.57398458787879e-05
9666	112	79.9418667255933	10.3368266	2.17790425	7.21367803	4.77224622554	131.2834093943	1.19140640589	0.27429332159	-1.49802196505	-3.12915974776	0.32336317579	157.955274674	0.60793098389	0.64106442532	0.60632970793	1.10059488328	1.09554110971	4.15661566807	4.03820125736	4.06849084394	4.36777720866	164.543554898564	167.119222953684	325.064266431	697.517095694	42.47403	44.861073	0.14474262758	0.2843409317	2.44196246411536	6.62277431420671	7.916463317916	-35.7537705032046	125.946820987649	113.715732220414	27.558	32.4413	58.6923999999999	22.2821	1.29043	25.922302	0.083657835	2.15	6.01	0.5975	3.05	64.63980268	1.394757	0.00384771631	40.698	0.0081145908	0.8	34.6	49.59380364461	0.872096151227576	0.235707891000258	63.180633652854	2.07	25.097	9.53893662013255	117.488537135705	89.9629999999999	3.75336008831169e-05
9667	107	85.7728971384171	10.2455894	2.23770124999989	6.92615612	4.75412978174	129.0952887126	1.19033934165	0.27418661433	-1.43233220718	-3.03695324832	0.32215327286	159.317215811	0.60839333881	0.642338950500001	0.60823246759	1.10094373046	1.09492417227	4.14645386943	4.00665556699	4.09174466902	4.3742240634	164.381470772197	167.078274057533	330.203609286	703.471440186	42.549994	44.538192	0.14436522798	0.28387798574	2.4007010641187	6.86130308368471	7.88500774007544	-35.8885494746123	125.613487654314	113.662633299413	27.301	32.4842	58.4159	22.3301	1.31295	25.8151	0.085493463	2.12	6.11	0.5875	3.04	64.16822498	1.340923	0.00377361981	40.707	0.008161989	0.805	32.22	53.21507933584	0.846382920458346	0.263201192985629	62.7868287707813	2.06	22.399	8.89836109890586	116.616420394568	91.0719999999999	2.5573444e-05
9668	79.5	170.765989263385	10.7985012	1.94660175999968	6.58752848000001	4.78500425328	129.8833136693	1.2452048031	0.2729842781	-1.83067353878	-3.36581765455	0.32061144902	151.248651809	0.60213355781	0.63266891711	0.57361831991	1.10255789476	1.09388118639	4.08104075075	3.96167679037	4.11032190597	4.33637750611	161.145226018176	165.592483949647	274.368514606	660.038576809	43.817572	45.30068	0.14363970945	0.28078948394	2.54002829990085	5.59485329598654	7.88688294904648	-36.0541242468919	130.508997821355	110.163268508516	26.552	31.6647	56.2755999999999	22.0161	1.32056	23.510471	0.08750976	2.08	5.9	0.7125	3.04	63.16378746	1.013627	0.00397450854	40.788	0.0078494248	0.8525	60.96	28.1137397884	0.531772210636365	0.0340057070512417	13.46153846	2	37.078	6.8007652385679	143.54464155532	90.392	3.87468738049535e-05
9669	86	105.757429292929	10.7294629	2.10647265999979	6.42800308000001	4.77780713195	130.1260711008	1.18697284172	0.27267409947	-1.99302172687	-2.84497438439	0.32068861033	160.019731461	0.6074245406	0.63340116667	0.594579844	1.10103965259	1.09542673868	4.11310125425	4.00216432358	4.07896832635	4.36261713092	162.701867622894	167.284372687806	313.747036458	727.491272552	43.682481	45.915701	0.14786499134	0.28361152258	2.63082515468414	5.98130796289243	7.87155586411421	-36.0022855993287	126.75409010742	113.546346738936	26.697	33.3412	57.6597999999999	21.9618	0.88962	24.98253	0.091796045	2.05	5.82	0.6275	3.03	61.49561724	1.098268	0.00386625837	40.545	0.0079194669	0.7925	33.54	53.05834652969	0.842144705011191	0.273506192985629	63.0817580280204	2.22333333333333	26.66	8.178222222	141.917183	93.4589999999999	-3.75490447944862e-05
9670	112.5	81.448781954531	9.2876565	3.59351162999989	6.05534602	4.76274353859	128.2430775495	1.21466117001	0.27512363444	-1.43905084094	-2.87769291217	0.32493419259	159.853402653	0.60594262235	0.643149209	0.60738125644	1.10163020951	1.0950891168	4.15468701129	4.02216323437	4.09576915054	4.35511497103	164.858486189887	166.74942018502	312.146313124	678.076062164	43.0706869999999	44.251102	0.14372944645	0.28249383797	2.31622276649901	6.67363808963774	7.93858687498518	-35.4189350984629	130.710676715255	112.264315776614	28.197	32.2062	58.6412	22.6126	1.53538	26.593456	0.086164745	2.19	6.07	0.54	3.04	63.5920945	1.468091	0.00428093587	41.757	0.0082699962	0.7975	32.52	47.96426948976	0.79664998480003	0.174352191983059	62.3949958763688	2.07	21.431	13.9612087513917	112.815352869627	90.645	0.000104311531510673
9671	95	82.4564636162026	10.9388521	2.46089904999989	7.06746397	4.75371167872	130.5074343794	1.19163202089	0.27590556938	-1.49092753569	-2.67567358729	0.32660215406	158.91144462	0.60811673211	0.64450573816	0.60765673942	1.10129016137	1.09540346034	4.14117663407	4.02633848541	4.0848707556	4.36858502325	164.753885609524	166.675114199245	326.625624156	705.457768548	42.362856	45.246057	0.14380759846	0.28421209854	2.41238394282994	6.59895230134374	7.86585200782598	-35.7705390067876	126.091820987647	113.280869441906	27.325	32.3813	58.4806	22.4595	1.3006	26.147334	0.0863930719999999	2.12	6.03	0.5925	3.04	63.38479968	1.384153	0.00396046905	40.79	0.0081537274	0.805	32.32	49.9710022594	0.846088817894243	0.248401451606318	61.2464319503313	2.08	26.615	9.67023114676703	116.336863975992	89.5129999999999	3.5731284e-05
9672	90.5	89.5772432534133	11.1218248	1.93834265	5.71582216	4.76659032577	131.1755384369	1.1875775735	0.27195666607	-1.71916125038	-2.72152774367	0.32263339126	161.370577754	0.60399273762	0.643716571050001	0.60747536348	1.10186898437	1.09506933793	4.14105071645	4.03548976986	4.08953456405	4.36444676784	164.529418427676	167.12713919989	328.950626098	705.172897459	42.582344	45.191745	0.14584328086	0.28497329306	2.30520899320242	6.36208186352052	7.86004201387859	-35.8626272172969	124.26779982363	113.774834665548	27.654	32.6844	59.4712999999999	22.2616	1.13179	25.892926	0.086414914	2.13	6.03	0.6125	3.04	61.0518847	1.332343	0.00382033397	40.556	0.0081130419	0.8225	33.45	48.2867482378	0.861320253791679	0.266452816053038	62.6226987122313	2.06	23.875	9.06561545293403	119.353460371851	91.8789999999999	3.9654614e-05
9673	99.66666667	89.7279432534133	10.8993781	2.28509854999979	7.01680085	4.7789985297	129.8373587168	1.20508085616	0.2749342601	-2.00027553671	-2.73298037016	0.32333007508	159.313162675	0.60957491843	0.64320644384	0.60380053743	1.10221527753	1.09530944724	4.14251397668	4.02839144218	4.08853758107	4.36845084836	164.642014338326	166.811449384634	324.356566092	712.554223351	43.044563	44.564882	0.14564453733	0.28405851304	2.50445673902598	6.26154197485942	7.99530055120456	-35.8761966926394	127.593725749554	113.13132404242	27.59	32.6045	58.2476999999999	22.2795	1.2347	25.777795	0.088755693	2.12	5.95	0.6325	3.03	62.93025844	1.328191	0.00391832691	40.594	0.0081414165	0.82	34.15	51.68825914275	0.850779484560909	0.317600944410811	62.7102330938813	2.08	22.378	8.82266405587167	118.615070237536	90.9469999999999	3.85113004285714e-05
9676	89	86.5960432534133	10.7895913	2.23019425	6.92031124000001	4.76444842367	130.1834508929	1.19342510993	0.27374410484	-1.85734455927	-3.03764059435	0.32495565163	160.398815192	0.60674304573	0.64386526352	0.60795402547	1.101887362	1.09555559598	4.14619776712	4.01995211495	4.08689856047	4.36001355795	164.498449380443	167.04588667506	337.550611152	709.760806225	42.481726	45.097188	0.14662316304	0.28293339048	2.45635653625054	6.22135141792247	7.97396553601259	-35.9610037261849	123.348408289235	113.68968037195	27.377	32.3945	58.2032	22.2811	1.10992	25.647906	0.087093491	2.1	5.95	0.635	3.03	63.72170674	1.313716	0.00372926262	40.913	0.0080615836	0.8125	32.44	51.31010581163	0.833679982788968	0.259295299046235	62.3752271390313	2.08	26.282	8.63427353795667	119.271666640458	90.2069999999999	3.5651164e-05
9677	110.5	80.4192898443223	10.353316	1.75219585	7.04744063	4.76460439713	130.3147539591	1.19447800159	0.27475292572	-1.49234825282	-2.9300620162	0.32535040998	158.630005999	0.60644469988	0.64193698892	0.60131479076	1.10147612133	1.0951158889	4.13257450324	4.02268231704	4.07918305547	4.36726298185	164.515345941388	167.079458643473	329.542899514	709.927230453	42.897406	45.260947	0.14662296267	0.28450445534	2.29979597711208	6.46543941466135	7.91365988096758	-35.8978565411971	124.80793209876	113.609795593716	27.754	31.9513	59.1821999999999	22.2411	1.19571	26.082861	0.085077379	2.15	6.05	0.6075	3.04	63.33434344	1.351308	0.00397910504	41.215	0.0080562731	0.81	32.98	51.48874077887	0.884746649455635	0.248081816053038	62.733191703054	2.06	22.901	9.20190888936242	119.27321359695	93.6709999999999	1.22569308831169e-05
9678	87	100.391075670996	10.7789069	1.90524964999979	4.86216519	4.78634486206	130.1022936463	1.16624739874	0.27120454181	-1.72313403909	-2.83481605268	0.32084894066	158.771479957	0.60668560867	0.62796145462	0.60069656261	1.10121095926	1.09635110711	4.14066209771	4.03799457731	4.07430257293	4.35134064374	164.051465694451	166.99192284241	310.703769944	707.33929544	43.714268	46.007304	0.1469651768	0.28448723216	2.51390989477517	6.01058431096697	7.97987347622909	-36.0916566387433	124.563677248673	114.412623353258	26.274	32.9631	58.3571999999999	22.3223	0.86258	24.84801	0.090103495	2.07	5.92	0.6475	3.05	62.62848738	1.183694	0.00395444232	40.649	0.0079060557	0.815	32.98	52.18963162931	0.858849142680567	0.297212936062017	62.7751283261646	2.11	27.438	8.13175785677155	122.510376789012	93.3079999999999	-1.02444223333333e-05
9679	79.75	96.5799063071896	10.2314645	1.55078355999979	5.07840493	4.77603773422	130.4468432073	1.17845100663	0.26934685925	-1.72286410109	-2.96040542726	0.3205241973	160.099472953	0.61250130073	0.62984012782	0.59649675648	1.10179848658	1.09605632197	4.12795677553	4.01193932938	4.07818898179	4.35815558298	163.615009513756	167.192229115833	308.701693781	710.017659687	43.66718	46.201166	0.1476718023	0.28584206073	2.49355489871114	6.18331563779944	7.9530607777704	-36.0860459715655	126.229398749395	114.990628591761	26.602	32.7336	57.269	22.3674	0.98385	24.814221	0.088305154	2.07	5.94	0.635	3.04	62.67708338	1.173997	0.00380788864	40.427	0.0079262058	0.79	32.8	45.27504291859	0.846702753791679	0.266366663334744	61.9390324280646	2.1	27.772	7.98666442915954	122.64462630075	94.7709999999999	-5.97459333333332e-07
9680	59.33333333	102.777658332673	10.3559688	-0.00166369000010713	5.2881585	4.7842563246	130.5070364327	1.18268215883	0.26651086131	-1.90097604163	-2.55809902956	0.32168993697	155.843450214	0.61026171366	0.63443350301	0.59776435412	1.10070333353	1.09572054265	4.12493359587	4.00224066613	4.08155842644	4.3476962787	163.531135959459	166.935912250966	258.816931302	682.070534119	44.112366	46.74517	0.1472161101	0.282539673	2.33071149266496	5.5883727700238	8.02426675486442	-36.2737920636882	122.176772486769	114.99835153013	25.769	33.0455	56.934	22.1586	0.7281	21.871438	0.088406559	2.07	5.75	0.68	3.04	62.76328918	1.009361	0.00373131265	39.588	0.0078953213	0.8275	41.07	52.25858251223	0.839031051974002	0.233938031500192	62.5636529521978	2.09	32.885	7.53757233892526	124.227679275511	93.988	-0.000105455676413534
9681	92.25	96.8117525940726	10.7900549	1.70118214999989	4.97846099	4.77103134517	131.9138835548	1.1965557862	0.27085855101	-1.51165038971	-2.7744907501	0.32327944171	159.454090606	0.60592565223	0.63395837634	0.59781507972	1.10183795654	1.09561331889	4.14884424633	4.02780748579	4.08467448026	4.35613683249	164.012098564769	167.389897918264	311.600126638	689.542815676	43.305229	45.985244	0.1476373716	0.28561506007	2.61623457038023	6.01766864645731	7.91952454464532	-36.0561990034333	124.643293650795	115.718664949535	26.448	33.0188	58.4191999999999	22.3168	0.97727	25.666949	0.087464935	2.07	5.9	0.65	3.04	60.69817914	1.185285	0.00392680334	40.944	0.0080241671	0.825	31.92	50.06722545869	0.85882359390008	0.297524161287242	61.8564489843413	2.07	26.559	8.48300823019943	122.72372034393	92.8899999999999	3.98863156666667e-05
9682	74.75	92.6781082302665	10.4407258	1.30257265999989	5.13056789	4.78139388808	129.0239905118	1.17321861437	0.26910979709	-1.81435901357	-2.79896600168	0.32227798365	160.367787227	0.60656404714	0.63138682782	0.59516514932	1.10156057341	1.0951344551	4.14147229681	4.01431007228	4.08065657021	4.36020520066	163.634109910473	167.119798712287	321.355764487	709.802068049	42.866208	45.773232	0.14760549185	0.28399993044	2.35348076120545	6.12330175931785	7.92553478134071	-36.0603486991951	124.732328042323	115.368197688021	26.073	32.293	58.1216999999999	22.1843	0.86879	24.719931	0.088659879	2.09	5.95	0.65	3.05	62.8752192	1.198109	0.00387602544	40.711	0.007914283	0.8075	32.69	46.34725170043	0.851682753791679	0.255233786402153	62.3312767500373	2.09	27.084	8.31332708914688	121.365110378345	96.7249999999999	-2.00818393333333e-05
9683	71.75	100.475423939394	10.3913569	0.738560589999893	5.38983552	4.78907065886	129.7782965823	1.17743319128	0.26884098774	-1.7576387272	-2.66571950596	0.32144575072	156.433239374	0.60946245628	0.63646425642	0.5966321624	1.10038167927	1.09516619746	4.10759285167	4.00411850797	4.08259624991	4.3568774736	163.082332387255	167.233920836761	280.740260964	670.518178316	44.095485	47.482181	0.14771112827	0.28369808122	2.30742878032139	5.83569465663681	7.97784503406277	-36.2053485396517	123.240846560844	115.466539774127	25.815	33.308	58.0977999999999	22.0585	0.86215	22.439244	0.090300471	2.07	5.76	0.6475	3.05	63.29206764	1.070255	0.0036618778	40.175	0.0078069731	0.8	37.25	51.69509061023	0.861716451042937	0.294506663334744	63.1404713508973	2.12	29.707	7.73801717679156	124.195341298469	94.6899999999999	-4.34264556992481e-05
9684	89.5	90.0925383838384	10.4120213	2.30744242999979	5.64359519	4.75674134966	130.4716221958	1.19255363014	0.27269433151	-1.51810609984	-2.73080025119	0.32051729022	160.876930657	0.60938957177	0.63572853581	0.60463636714	1.10007724066	1.09496147445	4.13265099928	4.03012067117	4.08968671173	4.3591715986	162.953347271645	167.064546995189	323.861012642	702.64527669	42.937659	45.283624	0.14726711911	0.28365060902	2.51948880941267	6.05904685406714	7.84205190346021	-35.9498746850887	127.501649029977	113.219521603461	27.072	32.6429	58.6300999999999	22.1782	0.93349	26.072561	0.089201603	2.1	5.93	0.63	3.04	63.73416104	1.242586	0.00386856991	40.882	0.0078486657	0.795	33.83	48.15765738569	0.853220253791678	0.250213996668077	61.9958605475602	2.18333333333333	28.071	8.24347680173131	121.966889333687	93.7339999999999	4.0499042047619e-05
9685	89.75	93.5341880475081	11.0869403	2.46606244999989	6.14781315	4.76791062594	128.8519679178	1.20591738158	0.27366033087	-1.65285261136	-2.61248072094	0.32184747979	161.329741498	0.60859023889	0.64162145591	0.61037490932	1.10209573845	1.09443421563	4.14378278446	4.01261931299	4.09100068016	4.36727313331	163.995913835596	166.600375731762	328.392642713	708.182461276	43.268398	45.024674	0.14570870123	0.28325686361	2.44538948825593	5.95777096481022	7.91351946950527	-35.8834395721025	124.994519400347	113.766021380546	27.317	32.3509	58.5146999999999	22.2859	1.13336	26.010618	0.085938701	2.08	5.97	0.635	3.03	62.60931748	1.266797	0.00383847445	40.588	0.0080847054	0.7925	33.58	49.82602450128	0.848010253791679	0.260435830001411	62.627981948404	2.06	28.461	8.79743970557903	121.459922398509	96.1829999999999	5.62771657142857e-05
9686	88	90.6575850505051	10.3948653	2.15407512999979	5.89164109	4.77443590429	130.4365112841	1.17812689727	0.27093998521	-1.45083088749	-2.76022045122	0.32058271992	158.960875069	0.61097405465	0.64422039481	0.60741800972	1.10146776832	1.09526223519	4.13866761043	4.0056479843	4.08380360128	4.35281796972	162.978553620145	167.032880328189	331.604785324	705.79069954	42.8701609999999	45.542578	0.14600182049	0.28369276553	2.38789196665353	6.09587718625682	7.83174253758417	-35.886437037974	124.765537918865	113.976351572168	27.182	33.3658	57.7456999999999	22.2637	0.92652	25.627485	0.087198572	2.11	5.99	0.63	3.04	62.48487704	1.276689	0.00389141567	41.027	0.0080070969	0.7875	31.24	46.91695460171	0.851989982788969	0.249047026318962	61.4401235521329	2.18	27.088	8.38187971236249	120.977225304721	95.9469999999999	7.55387704761905e-06
9687	83.33333333	97.7937383838384	10.1423053	1.76888572999989	6.31902024	4.76841113998	130.3282359881	1.18576911263	0.27463832267	-1.56961847504	-3.00857636441	0.32465887723	159.63239249	0.61075143011	0.64390629279	0.60390249362	1.10182032365	1.09444022744	4.10596722452	4.03026488071	4.0857203445	4.35518309743	163.160703359303	167.021178110726	325.867554641	709.077636374	43.4880039999999	45.071729	0.14659964529	0.28315503193	2.62456841287045	6.20463106330753	7.802291776109	-35.9703831831903	125.736649029976	113.644939273041	26.938	32.9976	57.3729	22.0605	0.9923	25.923231	0.091793168	2.06	5.99	0.62	3.03	61.54188504	1.192982	0.00394914301	40.943	0.0078398357	0.7975	33.64	46.58667160784	0.833792205011191	0.258358918210854	61.2864613079935	2.12333333333333	25.843	8.35178947647855	120.537016607588	91.917	4.05374813809524e-05
9689	83	97.4899347619048	10.6134655	1.61541894999989	5.24888118	4.78679424629	131.2462530101	1.18662664867	0.27002967253	-1.66666592847	-3.10062847894	0.32134740732	157.39879534	0.61144577584	0.63251132684	0.60294216613	1.10131540134	1.09639581525	4.13235071214	4.01808968684	4.07048401453	4.35697002692	163.988516487594	167.063459878815	303.055412231	709.093482215	43.797802	45.445549	0.14634329748	0.28604215088	2.37788203412913	6.12541241683974	7.94751953020404	-36.0924473491171	125.094365079363	115.108668593316	26.236	33.384	57.6579999999999	22.1458	0.92913	24.935106	0.088826119	2.07	5.88	0.64	3.06	63.17705694	1.128398	0.00385550514	40.673	0.0078731931	0.8075	34.44	47.38108241467	0.853272753791679	0.272283936062017	61.6834744186646	2.12	26.592	7.87215637062687	122.671969714888	95.0549999999999	-1.79753023333333e-05
9690	81.66666667	95.2491313071896	10.2957585	1.14469354999979	5.6799123	4.76709547011	129.6004799513	1.18868269516	0.2710937617	-1.81407564681	-2.64370466037	0.32366777892	161.070161539	0.60946683797	0.6362008394	0.59401682024	1.10097711786	1.09547743433	4.14674802037	4.01800304402	4.07678385356	4.3592452927	163.664014672056	167.362085940226	314.070331943	715.970284521	43.631238	45.718194	0.14641574388	0.28510943926	2.54688057718934	6.25516807707493	7.9118298802169	-36.0408951267368	128.202883597878	115.540988673869	26.713	32.8603	57.3949	22.1435	0.99923	25.315309	0.091091403	2.06	5.87	0.6325	3.03	61.65071494	1.224741	0.00370252387	40.82	0.0078631352	0.805	34.56	48.17168009542	0.861728031569456	0.21962626939535	61.8339917472246	2.09	26.866	8.50394755091151	121.976146277114	93.151	2.02178766666666e-06
9691	72.75	94.9231796588379	10.5458998	1.35101515999989	5.29476648	4.77045065142	129.3528546455	1.17635569813	0.27217670666	-1.71761478564	-2.89318897748	0.32339061147	159.374795186	0.60539927635	0.63458095113	0.60118328997	1.09944791858	1.09513841202	4.12340745248	4.01977952686	4.07949394556	4.35550882084	163.539307189763	167.285053190139	301.799620224	698.144319566	43.254358	47.17778	0.14709396899	0.28367487972	2.40609568506038	5.83108429528179	7.94595856224938	-36.1082492222442	124.068624338623	115.738464384895	26.284	33.1719	58.1140999999999	22.1178	0.86564	24.068369	0.089765897	2.08	5.92	0.6375	3.04	61.5447494	1.205203	0.00387064464	40.749	0.0079820349	0.805	34.57	51.44299551411	0.870092205011191	0.282503786402153	62.3922248239373	2.1	26.926	8.22316410056331	123.495271095268	94.3219999999999	-3.87963445714286e-05
9692	70.75	88.008727771836	10.7932439	0.357983359999786	5.52502183	4.77180359307	130.7406507933	1.1573736261	0.27023616911	-1.71753276468	-2.88590822928	0.32259725429	156.729919669	0.6067881203	0.62971126605	0.60088584792	1.10258710033	1.09600636209	4.12191711255	4.01984326185	4.0880317156	4.35257754115	163.792207615443	167.250247634139	322.049117002	701.479743095	43.983485	46.676821	0.14798321864	0.28522078836	2.49870735890485	5.82196231225909	7.93594540973559	-36.1722815828288	123.141455026453	115.188469099369	26.412	32.8556	57.8984999999999	22.1412	0.89178	24.082803	0.089703302	2.09	5.88	0.6925	3.04	62.47399514	1.144387	0.00387481836	39.613	0.0079528903	0.82	33.56	53.55730822138	0.86088359390008	0.251857286402153	63.0117159193646	2.12	26.611	8.35843587225932	122.026082435134	95.0079999999999	-4.37965509047619e-05
9693	75	90.6460796588379	10.3771228	1.44079197999979	5.20848553	4.76759052557	130.6413018883	1.16195077263	0.26675162103	-2.09065384147	-3.00993028123	0.32345452713	158.468319026	0.6117282135	0.6284891524	0.59987524451	1.10122467632	1.09518947611	4.11971132823	4.01581436238	4.07189446137	4.36676706078	163.621334911006	167.271145141775	305.943212995	690.145860032	43.398159	46.033638	0.148073226	0.28493485039	2.4572005119935	5.80680564672637	7.92154238317528	-36.1537913711068	125.249365079363	115.130198236704	26.408	33.0684	57.8787999999999	22.074	0.89734	23.874981	0.089502707	2.09	5.9	0.6675	3.05	61.09429894	1.160513	0.00365365241	40.474	0.0078390076	0.8125	35.29	48.29313120649	0.868382753791679	0.274224602728684	62.4103020676646	2.08	27.697	7.89931586068947	122.743744232515	93.6479999999999	-1.50643445714286e-05
9694	74.25	94.4020585799168	10.3410131	1.55937705999989	5.21597649	4.76991311505	130.0376177418	1.18406302315	0.27007865732	-1.88641618273	-2.8164644895	0.32366928723	159.471093021	0.61041475665	0.63340324026	0.59699092373	1.10084171111	1.09599004899	4.13004349352	4.02110339001	4.08849923109	4.35584074914	163.457276634363	167.361982873653	311.427737736	695.287101473	42.56319	46.195507	0.14734609128	0.28560238255	2.33860308077824	5.99668208180647	7.93668353982696	-36.0346606952909	125.41862433862	114.90967643564	26.759	33.0122	57.8187999999999	22.2462	0.9107	24.6576	0.088610096	2.07	5.95	0.6725	3.05	62.70151998	1.139111	0.0038713535	40.543	0.0078856238	0.805	34.58	45.71989276426	0.869622753791679	0.25738751367488	62.0687489854646	2.09	26.584	8.17000495246098	122.167006872188	94.1249999999999	-7.69172219047618e-06
9695	84.5	81.2052978819369	11.1276523	3.18770352999979	6.36595152	4.779517562	128.9353231622	1.21812364653	0.27248628611	-1.32693327325	-2.76523322664	0.3255712832	159.026651531	0.604741652	0.64472648879	0.61140765111	1.10125687539	1.09487467511	4.16483790946	4.03492786766	4.09916536783	4.34870332706	164.684715934229	166.904048512501	316.732905924	691.442081722	42.801325	44.521757	0.14412470083	0.28235497735	2.33052898641552	6.64600409554277	7.91088555626698	-35.4515500141279	124.200392924967	113.419662844651	28.215	32.0129	59.0449	22.3538	1.39299	26.474155	0.0850913289999999	2.14	6.03	0.5975	3.05	64.66541574	1.419487	0.00414307872	40.944	0.0081962853	0.79	32.77	49.3115051265	0.838891375174361	0.255836676831544	63.0377791431813	2.06	23.54	10.933124208986	119.167207221071	90.301	8.63892817011494e-05
9696	76.75	91.2280758838384	10.2800675	1.48547715999989	5.47390849	4.76872659286	130.3563632893	1.18628956032	0.27156706427	-1.7378565279	-2.69176682899	0.32217944554	160.533731222	0.6112235108	0.629764139150001	0.59986931022	1.10167167695	1.0963517073	4.12269897018	4.00567630612	4.08518095144	4.35561401133	163.495059513089	167.19750403756	324.322744833	710.112708654	42.74015	45.982855	0.14688174022	0.28309127617	2.49739899340293	5.9891346181484	7.94082759246984	-36.0305633759344	125.999179894175	114.755739182718	26.719	32.8391	57.4692999999999	22.2063	0.93502	24.926404	0.090673029	2.09	5.95	0.645	3.04	64.92868448	1.152469	0.00405013118	40.855	0.0079889792	0.79	34	45.60660924674	0.855534705011191	0.261349163334744	62.4043645939707	2.09	26.061	8.32191321724678	123.268293042202	96.0669999999999	-1.18099861904762e-06
9697	63	145.790432538104	10.7740522	-2.99591775000021	6.74168660000001	4.76771899052	133.4825878393	1.24911731032	0.26691612213	-1.80291308913	-3.90151836553	0.32227701992	156.052161797	0.61519998008	0.62418612147	0.57961713181	1.10323058706	1.09489061281	4.09820299813	4.00461988025	4.10003322293	4.34631358507	156.6	162	253.547309373	679.182002606	44.62715	46.76551	0.14793738715	0.28399578549	2.79927228655706	5.77255179039126	8.36884595942464	-36.363930844665	133.678015873014	110.74678329026	25.565	34.6848	59.8665	21.6784	0.77355	21.738795	0.088154923	2.1	5.79	0.6925	3.07	54.33790838	0.925901	0.00344216651	39.303	0.0078515638	0.815	30.36	52.7500003277	0.735983820998279	0.310330999671081	90.74074074	5	49.181	5.787169811	148.1923277	93.645	-0.000166226
9698	74.5	86.1393732532323	11.1428941	3.32334576	7.20645424	4.77018246374	128.5214702693	1.23319302147	0.26910644585	-1.36201767959	-2.96029339726	0.32423555312	157.2392357018	0.60604159325	0.64123040385	0.61577430524	1.10308725514	1.09507335581	4.16583381548	4.01367578466	4.09496029784	4.34455470254	164.1428571	167	310.367041488	665.919392076	43.069286	44.76704	0.14252093408	0.2845936522	2.54818819333108	6.72061830374843	8.02863419313582	-35.5651449427443	137.808206141677	111.581003216486	27.764	31.8675	57.9459	22.5677	1.52354	26.7783	0.088976899	2.15	6.06	0.595	3.08	64.65531328	1.412648	0.004020002	41.169	0.0083406292	0.7825	34.42	47.955194026	0.812519391683199	0.14773659263196	60.9199870629647	2.11	22.569	12.12825	102.5134835	90.6619999999999	0.000106164
9699	63.66666667	152.101073987941	9.4113783	1.14952002999968	2.03768368	4.77252267986	131.4479580905	1.29503229872	0.27690100615	-1.48904748609	-2.81474798394	0.31974698512	151.703110232	0.60639045762	0.61760370893	0.57195099934	1.10158480284	1.09573471006	4.0828306615	3.98575668904	4.10419280491	4.35366308833	165.6	167	253.903601936	671.998982743	43.631479	44.78446	0.14477469634	0.28074393077	2.39944345612695	5.38160591867728	7.93589541471399	-35.9180495671645	133.023425925924	110.17586053245	26.675	30.6818	56.3956	21.4008	1.44994	23.552843	0.09023462	2.07	5.88	0.7	3.02	65.43449646	0.959669	0.00380205176	43.215	0.0078666448	0.8625	59.69	28.04081258961	0.531766410852815	0.043520546336956	10.92857143	2	37.112	7.2768	131.5002887	91.393	-0.000160871
9700	81	87.9855969871795	10.5866267	1.35612475999989	5.47617859	4.77610807342	129.8706216028	1.18080598948	0.26974700093	-1.57407048072	-2.71936230562	0.32202348989	160.395402241	0.60538622795	0.64094195286	0.60957185774	1.10211022629	1.09697310495	4.13492622693	4.03015747586	4.07647017129	4.36643910201	164.135650439104	167.085456120026	322.795812925	712.615741857	43.140655	45.517392	0.14650472676	0.28379607752	2.32209344124176	6.14748029512166	7.98036009607525	-36.0599528179009	122.985055715887	114.534173448925	26.779	32.9292	58.1752999999999	22.304	1.06353	25.633994	0.0872564	2.12	5.95	0.6325	3.04	60.74458994	1.196885	0.00382977638	40.99	0.0080491778	0.8175	32.04	49.2493798483	0.846762205011191	0.233988119735486	63.5561909700913	2.07	26.451	8.90897741435056	123.521356657721	94.1239999999999	1.5181474e-05
9701	82	86.7151158974359	11.4267068	1.36493113	4.90876459	4.75035785575	128.7758186738	1.18667914082	0.27171956145	-1.69116681653	-2.67977764875	0.32146957056	159.377224185	0.60386122658	0.63371902315	0.60022082354	1.1027999447	1.09559792059	4.11196178818	4.00187874558	4.09316438797	4.37558984861	157.5	167	305.241182338	697.335910138	43.361396	45.150669	0.14835386428	0.28193682945	2.45658055518817	6.44432450579293	7.7546995385087	-36.0117295453629	126.377308802306	114.250959452476	27.353	32.4608	56.7689999999999	22.089	1.17088	25.674323	0.088852814	2.15	5.99	0.64	3.04	63.97303168	1.214789	0.00388752704	41.579	0.0079224582	0.8125	33.73	45.83975488664	0.796862161350904	0.176838674046235	61.4278697882926	2.15833333333333	25.648	8.97201275425818	128.947029179181	95.2749999999999	-1.34264889214703e-05
9703	69.75	91.8593402564103	10.5337125	1.36070347999989	5.44960499	4.77870623266	130.1220673483	1.17400680138	0.26962598739	-1.72012854859	-2.85121491393	0.32232708803	157.529182236	0.60614183225	0.62834316346	0.59519010145	1.1021659594	1.09585024262	4.12151932028	4.02041425018	4.07259794897	4.35507469907	163.783314362943	167.065055326431	311.650863461	699.896079653	43.674099	45.818984	0.14710252163	0.285620028	2.45465287855824	5.86625196943284	7.9512642172944	-36.0799652609343	128.039417989415	115.190178028365	26.512	33.2863	58.5256999999999	22.2614	0.88349	23.891393	0.089296638	2.08	5.96	0.675	3.03	60.79910474	1.202137	0.0039991822	39.85	0.0079342111	0.82	30.94	49.06487127596	0.853001728820714	0.247421436062017	63.7005110091646	2.12	27.722	8.46343418568904	121.254875480593	93.2559999999999	-2.47912779047619e-05
9704	70.33333333	85.8643952970218	10.2713659	2.22373757999989	6.89660004	4.75073203028	130.637327215	1.18876842608	0.27641046999	-1.10701248621	-2.86513182923	0.32515614845	159.47748279	0.6088314418	0.64523284612	0.60994569671	1.10160323963	1.09477732586	4.16540520722	4.01268416495	4.08882541151	4.35263784282	163.851796405546	167.258452130445	312.674102834	697.82379855	43.10621	45.220962	0.14444524219	0.28277600844	2.4494946381849	6.15300219676309	8.00520800500636	-35.5587007922117	124.745994776826	114.796403316731	27.771	32.7673	59.4837	22.2424	1.36679	25.560196	0.0867513459999999	2.15	6.05	0.575	3.05	64.56003046	1.359853	0.00395343261	40.004	0.0081996723	0.785	30.31	49.71495445678	0.851484087364132	0.222002043325765	61.8618589757082	2.108	22.646	12.57265625	119.3188946	89.029	2.28558703678161e-05
9705	67	112.017446587302	10.1883612	1.50793925999979	4.99745317000001	4.79799822365	131.031078519	1.22553331919	0.26832287803	-2.27689147672	-3.20152434487	0.32521129828	153.445596175	0.6097374474	0.62394142871	0.59073653004	1.10132707657	1.09517429361	4.08119612198	4.00756335697	4.07384289228	4.34785896388	159.4285714	165.5	262.72667449	677.646089608	43.602464	46.331334	0.14529770941	0.28311959226	2.62688199447952	5.61252441441368	7.9271897684008	-35.9424532076731	121.117698412695	114.686337969503	25.769	32.3313	55.9029999999999	21.8965	1.01359	23.571188	0.08992232	2.07	5.71	0.6925	3.06	63.59242398	1.013045	0.0037161578	41.34	0.0077432147	0.795	44.98	43.61708375573	0.828799893407762	0.159982160881182	59.26220400142	2.135	34.549	5.55292142322739	128.240766532471	97.638	-2.11795010886039e-05
9706	78.66666667	82.5829758241758	10.9411629	1.83007855	8.91686205000001	4.7536963234	134.4406336764	1.10312333875	0.26882296927	-1.38815694451	-3.80385632172	0.32382490061	156.566508657	0.6016503083	0.6288374072	0.60882030898	1.10575572835	1.09708740993	4.16560365449	4.05894897171	4.11872818065	4.34590014688	167	167.599814816889	302.153633438	674.510797256	43.403358	45.387849	0.14641142125	0.28585843481	3.0289548976771	7.12059820600708	8.36873411309666	-35.3938300256474	125.260978835978	112.9968978922	27.354	34.3083	60.2019	22.5764	1.37014	26.697513	0.089374443	2.16	6.04	0.5725	3.09	52.19493338	1.415393	0.00377864003	42.46	0.0083889842	0.7325	17.28	71.4037573006	0.70976149684874	0.297240452052033	91.39492754	2	34.782	10.4813830487656	119.057105154583	78.683	-4.61650549215687e-05
9707	72.75	79.2734342056132	10.7155589	7.37999144	6.26098121	4.75380873155	128.2307807994	1.23164543429	0.26963239454	-1.28339252117	-2.94930432295	0.32663284549	155.946644999	0.60384943769	0.63402941276	0.61153111758	1.10590730067	1.09502265722	4.18328526888	4.01766806845	4.11369283536	4.36654156923	167.4285714	172	304.223842055	674.163977679	43.1710449999999	44.688767	0.13990776613	0.28747377152	2.57286704196508	6.98745264959658	7.81252354963299	-35.2128598101903	132.368900913902	109.131931706854	28.119	31.5767	59.9121	22.5074	1.70579	25.685525	0.089657559	2.23	6.1	0.5075	3.11	59.85817214	1.527783	0.00442660309	41.386	0.0083680715	0.79	28.46	35.623878683	0.79204557462719	0.221645070885849	63.4663388121838	2.04	25.159	14.3092687681292	109.274256581565	91.917	0.000103970215570197
9708	85	111.355171161616	11.2619365	2.40798972999989	6.52379062000001	4.75183128257	129.0911270955	1.25982993873	0.27629732958	-1.55082651775	-3.01086542266	0.323518474	160.0970330668	0.6087223841	0.63695996197	0.5880888746	1.10302417399	1.0945249415	4.12651946544	4.023278472	4.10716347165	4.35298067757	157.375	166.5	295.826011261	684.310293196	43.395997	45.655625	0.14579301324	0.28172900263	2.7659661646991	6.00756673570939	7.81137819337986	-36.0315034963486	129.304629629626	111.289100495124	27.165	32.0155	59.132	22.3902	1.26658	25.369249	0.089170451	2.08	5.84	0.615	3.01	63.51211962	1.165122	0.00364090768	41.374	0.0078723815	0.7925	37.4	38.18450148906	0.745798327555634	0.17406464035405	58.745896509586	2.11714285714286	28.847	8.00195560746346	127.073585930416	89.667	-5.6375276684358e-06
9709	73.5	98.6899883838384	10.4872065	1.55327475999989	5.78073955	4.77586211373	129.7137595795	1.19071992329	0.2702472228	-1.83775567155	-2.56029585577	0.32312609269	158.799942017	0.60834359145	0.63696717626	0.59641011182	1.10142854021	1.09489938617	4.13557314511	4.01878593335	4.08025313775	4.35565059022	163.921425665828	166.975038028132	319.951973222	716.355610148	43.130586	46.077519	0.14676894628	0.28321371334	2.38845142835364	5.9364238685905	7.88838777436357	-35.996305922201	124.78924162257	114.96373817979	26.506	32.6761	58.1076999999999	22.2578	0.94896	25.273218	0.091179985	2.05	5.94	0.6325	3.04	64.36102074	1.159299	0.00378603831	40.425	0.0078644663	0.79	34.15	47.98579158045	0.860214705011191	0.275114996668077	62.445164974804	2.08	24.935	8.48004174545191	123.827927494512	96.681	6.61384838095238e-06
9710	83.25	86.1296700641026	10.6570889	1.61057504999989	5.66000575	4.7708838048	129.9827524142	1.18901734084	0.27132376548	-1.60768988965	-2.6976446275	0.32297939689	161.11553011	0.605869314	0.63978285417	0.60411474432	1.10104995815	1.0967958786	4.15661323882	4.02548201237	4.08295287934	4.351877858	164.179705200321	167.168789453359	322.464452444	707.611923579	42.910134	45.080799	0.1461137461	0.28371734637	2.33163619718104	6.23294629818309	7.9193167277031	-35.9314231619338	123.012244268074	114.139520315591	27.332	32.9901	59.3914999999999	22.3126	1.07176	25.455552	0.0878909179999999	2.1	5.98	0.6225	3.04	59.74854194	1.21633	0.00377655008	40.909	0.0079767088	0.805	32	53.22129345303	0.8686112176471	0.265545619735486	63.2422138361913	2.07	26.238	8.88675627632437	124.26758314426	93.0839999999999	2.41546341578947e-05
9711	82.5	95.0206350505051	10.4311231	1.18397042999979	5.67279815	4.7693076369	129.1991860469	1.21589126076	0.27162535706	-1.76198088329	-2.72006663343	0.32012249582	159.353045404	0.60855481519	0.63382095341	0.59619523533	1.10088568119	1.09495461815	4.13384060818	4.01112236922	4.07120801045	4.35765448082	163.592180545506	167.390465280487	314.26303668	696.918093026	43.520227	45.853758	0.14721928746	0.28407813037	2.51738525975595	5.98348917317601	7.81310662301381	-36.1051589272693	124.211216931212	115.804911274656	26.772	32.8733	57.0382999999999	22.2714	0.94207	25.142409	0.088351658	2.09	5.93	0.615	3.04	64.02442844	1.199327	0.00397901405	40.737	0.0078432639	0.795	30.89	46.76400371396	0.887940253791679	0.259775847008214	61.9591124316873	2.1	29.193	8.31154236953155	121.210276909138	93.3209999999999	6.91306380952375e-07
9712	78	94.6505794047619	10.6682545	1.35574760999979	5.06164148	4.77976297719	130.7440782989	1.18470254489	0.27121784617	-1.80079621905	-2.6049949572	0.32268440261	159.030881227	0.60577420912	0.63578544592	0.60510814686	1.10240879563	1.09617538081	4.16469052805	4.02566867479	4.08350404375	4.35767216475	164.017352004344	167.009303473664	334.316585536	724.594579033	42.618654	45.128486	0.1468019214	0.28547268157	2.36849317792642	6.14191418433904	7.91253937901776	-36.0048677661122	127.478852012185	114.832702419769	26.894	33.3764	58.3318999999999	22.1017	0.93426	25.433556	0.086410249	2.08	6	0.635	3.03	63.28968792	1.230335	0.00380033911	40.796	0.0079527539	0.82	31.36	51.6457377185	0.857762205011191	0.285111921955434	63.9351185111563	2.163	28.887	9.449473684	129.6211157	95.2399999999999	-3.17473892156864e-06
9713	68.33333333	183.85729734254	11.3496433	-0.452124420000214	5.57083848000001	4.78936095392	132.1832636896	1.27728622542	0.26467478161	-1.72529953933	-3.15362438592	0.32248309262	149.319137778	0.59890805413	0.62691474968	0.56768223055	1.10643115166	1.09719107441	4.08056911263	3.96543489767	4.10569362009	4.33725106619	165.25	166	257.977032099	670.921684299	43.47517	45.691953	0.14753127268	0.27825864491	2.45553024493259	5.35816882702897	8.12075203996571	-36.0736878545824	128.858349673202	113.20071493302	25.818	31.1664	54.9507	21.4894	1.47705	22.222711	0.090215379	2.12	5.92	0.755	3.03	61.16016116	0.916826	0.00375222535	42.577	0.0078273261	0.805	60.06	22.29399913695	0.466208406954103	0.0728467563850648	2	2	40.075	7.539809524	124.7559928	94.36	-0.000422092
9714	82.33333333	106.239348299335	10.748827	2.54034997999989	4.21133402	4.75507931723	130.2936668707	1.26661119289	0.27115061314	-2.0063045099	-3.13302443432	0.32762198337	154.413414298	0.60150795491	0.64435024145	0.60168665467	1.10552791419	1.09493246197	4.13205857353	4.01997116292	4.11549537046	4.35567597286	165.8	166.279477849814	297.396563077	669.403132303	43.025281	44.591935	0.14144010304	0.28250864534	2.35436861453501	6.35664142334906	7.76758309450368	-35.7774019549455	133.430681818176	109.526162654332	27.102	31.9448	57.8648999999999	22.1192	1.67375	26.757066	0.094100272	2.11	6.12	0.6325	3.04	60.66427488	1.340355	0.00458267702	40.377	0.0084039993	0.8075	48.02	27.04477752711	0.611788210174428	0.0370511915389762	15	2	25.709	11.1967534343907	119.258079391939	93.554	0.000108461333121318
9716	122	82.2790096712587	9.3612504	7.95603993	6.57236191	4.76738577259	129.3653840539	1.28023057018	0.27199146217	-1.24048641615	-3.22385348992	0.32337744197	161.136193066	0.60302222828	0.64091295859	0.60866727665	1.10458557102	1.09624396546	4.1397723181	4.01885086861	4.09165165515	4.37113065294	163	162	299.519449864	667.529020211	43.383696	44.485908	0.14418918354	0.28467355028	2.39085139961728	6.95795146716484	7.81066691542957	-35.4117670417913	134.485131673886	111.089012066249	28.181	31.8102	57.9419	22.4912	1.86596	26.509931	0.089898802	2.25	6.02	0.5375	3.04	61.6002028	1.55127	0.00445846567	40.323	0.0082917549	0.8	27.65	37.13046633948	0.732910522349645	0.178020678516025	63.3935053669081	2.25811111111111	26.777	19.96664557	130.1033356	89.994	0.000285479
9717	93.33333333	82.8103060779076	11.2734973	4.86364964999989	6.16449029	4.75268096187	128.4314343268	1.2443185851	0.27105780391	-1.71622428482	-3.37855460049	0.32162070472	157.096980496	0.60609800378	0.63120365049	0.60249938755	1.10510680052	1.09626591471	4.16117712005	4.02906210231	4.10255483691	4.36678979395	165.2	167	303.578801438	681.38392431	42.871251	44.507751	0.14080740041	0.28500039631	2.4431000721588	6.90405001873487	7.71097999213665	-35.6322160094461	132.279343434341	111.332150366774	28.39	32.0439	58.3471	22.4962	1.63916	26.65452	0.088134239	2.25	6.08	0.5525	3.04	65.52819774	1.41519	0.00434407246	40.608	0.0083709976	0.775	30.49	36.55733640299	0.799429348239714	0.155678666456944	59.9328442910565	2.23325396825397	28.998	13.8903478651499	113.867573700586	93.776	0.000106083834764642
9718	79	81.2992410570951	9.7224294	3.28037333	8.67613247	4.7518710083	131.9636078687	1.11399387807	0.26613541562	-1.21650140678	-3.72343776371	0.32179191623	155.392020354	0.6062198348	0.64185261911	0.60556959532	1.10465080759	1.09724479088	4.16581534766	4.0391730353	4.11506797269	4.3494473936	167	172	277.828339924	665.509927163	43.519588	45.150108	0.14873821093	0.28636676429	2.65633151119792	6.82006893628024	8.27263765606771	-35.5461329820727	127.916193282023	112.335184353776	26.989	34.1223	58.2965999999999	22.2768	1.28024	26.335492	0.091790285	2.18	6.05	0.64	3.13	55.90134208	1.448891	0.00378224167	43.13	0.0083610833	0.7725	19.54	59.61378459446	0.738344976295462	0.2872009937187	92.58241758	2	25.468	11.8470745149623	115.245379601339	82.167	-7.02682409972633e-05
9719	57.75	159.906592847591	11.8270373	-0.244269940000214	5.91932247000001	4.80172498533	130.0932700449	1.25604969162	0.26494485587	-1.67012606783	-3.63103739192	0.32257374584	151.176128112	0.60221939003	0.63225918557	0.57196667344	1.10545818368	1.09557156767	4.0739940559	3.98302640986	4.10712387615	4.36151980235	161.8333333	167	264.95293594	668.126708399	43.641984	45.122974	0.14547816287	0.27887250382	2.3775064540134	5.55087862118846	7.98227871193429	-36.0541458878028	134.427272727275	111.869288796285	25.988	31.052	56.1997	21.736	1.5831	22.427164	0.089222098	2.09	5.94	0.6975	3.03	59.93554042	0.952039	0.00363504295	41.949	0.0079313726	0.8025	61.99	24.60107348109	0.57500888612077	0.103638381385065	3.846153846	2	41.517	5.920707071	141.3193606	97.019	0.000282945
9720	104	80.3392489242279	10.6143462	8.33245294	7.2270769	4.75468616269	128.4647799366	1.25517601669	0.2687686797	-1.54436714054	-3.21405854867	0.32653314353	157.130023641	0.603349339270001	0.64609380892	0.61385685833	1.10341201928	1.09468197236	4.15796780686	4.01693582647	4.09810681351	4.35601915274	167	166	308.144962538	674.936425667	42.740868	44.247688	0.13991356715	0.28534195887	2.27737101695208	7.02077123889906	7.78377429600021	-35.3256160051978	131.308790449351	109.613586733164	28.245	32.6663	59.6000999999999	22.425	1.85137	26.890271	0.0851746209999999	2.2	6.11	0.5175	3.09	61.00935092	1.599688	0.00439890832	41.832	0.0084224651	0.7725	28.67	36.88977633471	0.772683432681417	0.149980199891422	63.0650426744826	2.038	27.282	14.0535343410294	112.857097135559	89.873	0.000159350850129721
9721	78	94.9783156514278	10.6728162	5.92347855999989	4.57978635	4.76744592124	129.0702213672	1.29842653138	0.27150605829	-1.65520446762	-3.27400728791	0.32530435388	153.7823659449	0.60414472112	0.65137022402	0.60459893276	1.10255291745	1.09431013504	4.14873524589	4.02747918151	4.10638928653	4.34192607476	163.890806585308	166.786851976705	293.681283374	672.609679169	42.980976	44.107784	0.14208407488	0.28316539879	2.37884984793763	6.71280667076926	7.66419891043735	-35.7231667980207	131.468569023569	110.195332916201	27.739	32.3595	59.2869999999999	22.3523	1.6814	27.164492	0.090091069	2.09	6.06	0.5775	3.05	65.53799002	1.410225	0.00428551658	40.195	0.0083124639	0.8025	44.89	28.04597173796	0.632944827487671	0.0326468572403919	21.15384615	2	31.725	16.96545455	108.9411251	94.4599999999999	9.74464394868637e-05
9722	108	78.2438682006882	10.1496114	5.37981906	7.05741936	4.77212992287	128.2664237548	1.22973122812	0.27565801165	-1.16288957537	-2.88437989438	0.32551455995	157.956026368	0.60927971145	0.64062459471	0.61161084838	1.10455443144	1.09578656587	4.13217009409	4.01821040222	4.09352195763	4.34032021836	166.6666667	165	309.267850405	690.095701183	43.152529	44.816662	0.14377836616	0.2824386414	2.43527846340746	6.22264386576507	7.87336335900743	-35.7855814990497	138.975253434836	110.817222352829	27.937	32.1582	57.8117	22.4029	1.61524	26.376948	0.0872442639999999	2.22	5.99	0.565	3.02	66.36664468	1.385706	0.00413434637	40.34	0.0082509607	0.8	33.02	44.70241067325	0.757245748042807	0.196464892684739	65.0924844090804	2.07611111111111	26.192	13.3086788936035	118.69148750676	90.775	0.000115415619679504
9723	68.5	93.9542691142191	11.1121231	-2.68948167	6.18603841000001	4.77389720242	134.6527715484	1.1370283479	0.26791767997	-1.67527359588	-3.6719751669	0.32275004445	158.99955458	0.60752678828	0.62074295833	0.59379015669	1.10267329897	1.0959839598	4.12876977921	4.0150157531	4.11121120273	4.33234223215	160.6666667	162	276.783289856	666.568842209	44.219884	47.114664	0.14806404385	0.28731408994	2.86827057048	6.15788121560047	8.29668239770058	-35.9180817817115	125.177308802306	114.834735901466	26.024	34.6057	58.4727	22.2117	0.85321	22.921065	0.089798289	2.1	5.9	0.6825	3.04	56.62806194	1.090217	0.00356726361	39.71	0.0079182046	0.8075	25.94	59.71517528575	0.786432162698413	0.273371607779189	80.46153846	2	37.102	9.99	123.8028553	90.224	-7e-05
9725	56.5	292.650427341531	9.6507313	-0.083129700000321	2.47079175	4.79024145805	129.6309667509	1.29687814994	0.27869526192	-1.58673367686	-2.23993536698	0.31926853331	149.70780659	0.60307913337	0.62161303438	0.56415762567	1.10879695139	1.09584869664	4.05748353634	4.00297930641	4.11777342997	4.38169196846	146.5714286	156.2	250.030102599	651.50894133	42.558095	44.360011	0.14302780151	0.28277358095	2.52939739875498	5.18766271330355	7.98352860259012	-36.0833377165292	132.76574074074	112.277961920373	26.273	30.7525	53.6236	21.4538	1.65462	23.059365	0.095800247	2.23	5.94	0.71	3.08	59.65217726	0.933525	0.00435235003	43.109	0.0081579849	0.8425	64.65	28.03616747231	0.476330311716008	0.0751223913056997	0	2	49.194	4.10293487202325	143.014462960689	93.562	9.10554426666667e-05
9726	56.5	186.227308823013	10.6318518	0.712810879999679	3.49244982	4.80733607391	131.4421473087	1.24498120015	0.26598452792	-1.83069719356	-3.45102158719	0.32305639568	147.13165731	0.60353839907	0.61893297998	0.56421050397	1.10357204891	1.09472437397	4.06380561053	3.97174786875	4.12369833341	4.38540115879	154.8	165.2	251.089379455	663.081811184	43.200729	45.096067	0.14124560796	0.27745229221	2.44695571407481	5.15277748023685	8.00926748022657	-36.1291953371797	130.324553376904	111.185690963265	25.931	31.7017	55.8081999999999	21.9067	1.40403	21.929186	0.091239808	2.09	5.86	0.6925	3.04	63.79500176	0.901618	0.00356378652	43.066	0.0079934636	0.82	59.05	27.3261617895	0.618207858423687	0.0531325633142467	4.173913043	2	40.371	4.088105263	171.6963959	90.553	0.000342154
9727	43.5	188.604587933094	9.3321132	-0.365217440000214	5.20388341	4.77371954271	132.4456252077	1.19481488655	0.26632663456	-2.04829809426	-3.1868019136	0.32258009805	152.093368115	0.60766698362	0.63198316314	0.57923859024	1.10122938694	1.09596024711	4.08431465718	4.00270540551	4.12564459327	4.36082531669	160.548823026974	165.130272328026	245.857516444	661.352911189	44.080037	47.08557	0.14458663738	0.28241568782	2.53797698677212	5.55809396947238	7.97540943424658	-36.4193475885966	124.381984126988	112.173905683082	25.194	33.3153	56.9444	21.8959	0.76953	21.415556	0.091803183	2.06	5.62	0.675	3.01	61.72997528	0.950007	0.00344696299	40.745	0.0077100993	0.7925	48.78	52.86939645438	0.75373090251252	0.254134578102453	60.1861940773012	2.2455	41.72	1.059102564	109.5615709	86.359	-9.41598976666666e-05
9728	77.75	155.923457887484	11.0362842	1.60850285999979	4.82747646	4.79275985307	130.7314227415	1.2448413444	0.27274614273	-2.21529092889	-3.00769565478	0.32269036634	152.397707117	0.60621218062	0.6298377991	0.58620135689	1.10192083987	1.09613137132	4.08038108705	4.00191215885	4.09371445328	4.35205995633	161.556135664427	165.831930873598	252.170875965	684.015880412	43.962317	45.461652	0.14519162816	0.28199006593	2.45857236927279	5.41314030442656	7.92292600882072	-36.0687193517828	130.152087542088	110.365061419608	25.743	32.1768	56.9607	22.1658	1.14942	23.84083	0.085350951	2.08	5.89	0.6775	3.04	64.49427918	1.02279	0.00402652453	39.266	0.007749866	0.8425	51.44	30.34182240126	0.651295293969698	0.0236267876789473	13.24786325	3	37.174	7.30369357767909	129.701671391673	97.744	6.38331736256818e-05
9729	79	82.1604251546642	11.3333501	1.54610845999979	6.96435238	4.75435931588	130.070111817	1.19401731113	0.2730542938	-1.55814359385	-2.77375146986	0.32404006407	157.565224508	0.60497837094	0.64449541118	0.60543386636	1.10114782743	1.09558161151	4.15623384297	4.02522728697	4.08076363193	4.36266362691	164.745367817008	166.678909701789	328.862865102	705.784638776	42.897128	44.772158	0.1450702526	0.28311245473	2.33211209552768	6.65525364205253	7.86315481670305	-35.7903813310166	126.447297178126	112.922265411318	27.746	32.2265	58.3766	22.3717	1.37532	26.304958	0.0864189109999999	2.17	6.01	0.615	3.04	60.64736094	1.35894	0.00391443765	40.106	0.0081645409	0.79	32.6	50.13600542975	0.8671192135582	0.231706711689509	62.5489132434913	2.09	23.8	9.00454716882512	119.51433837207	93.9239999999999	3.5763912e-05
9730	97	106.594709793266	10.7946177	4.27077970999989	7.16536399	4.74474491575	128.4432421283	1.2494299753	0.27334361363	-1.57160981054	-2.87292014345	0.32412087368	159.078895898	0.60699127981	0.64057033202	0.59586079483	1.10179860368	1.09431047891	4.1472415181	4.00532786374	4.09813772261	4.34560168765	164.457386950038	166.127780642113	296.590632776	678.107904611	43.115799	44.437223	0.14285835392	0.28278506153	2.43145675991626	6.45854677990316	7.80639325539234	-35.736961778018	128.740114638445	110.398753190967	27.641	31.8112	59.1236	22.6387	1.51467	27.523934	0.083222253	2.06	5.89	0.6175	3	65.23706468	1.280114	0.0038545923	40.336	0.0081074028	0.8075	41.66	32.27407847092	0.656000530298916	0.0383424243102219	26.56695157	3	27.801	9.84390625	110.5552315	93.2209999999999	8.80875855952381e-05
9731	66	94.2416705261406	10.7671945	1.45630125999979	5.51923383	4.78459129381	129.7283719499	1.19198313109	0.27287604902	-1.76519631385	-2.56767205641	0.320864699	157.834243261	0.60824339338	0.64412015927	0.60233660445	1.10239023335	1.09574788941	4.14896602338	4.0258750417	4.09340798414	4.36354660427	164.491842184382	166.743226377346	336.171572971	711.200945454	42.900117	45.295675	0.14629002371	0.28417442052	2.31361990566257	6.32235730964501	7.87599654688356	-36.0126974675403	127.213037918869	113.728836872209	26.994	32.8818	58.6155999999999	22.2311	1.02852	25.891614	0.090038299	2.09	5.99	0.66	3.04	61.25738574	1.234011	0.00383469641	39.739	0.0080511718	0.8075	31.02	52.38163325963	0.858738373449798	0.219777361349373	63.1858638125988	2.08	25.504	8.93357269767834	122.445139733679	94.9509999999999	2.31831586666667e-05
9732	88.25	86.9532080656421	11.2117948	2.41353263	5.59254347	4.77885172318	127.7413519313	1.24410446641	0.27322518906	-1.89519086509	-2.67658566213	0.31868368887	158.86511718	0.60377584836	0.64154674201	0.60871824079	1.10432042649	1.09593364021	4.15825963047	4.02581449615	4.10758292944	4.37627511686	166.3333333	167	304.050287438	708.070900277	43.107226	44.663136	0.14324974498	0.28323556628	2.49246354628773	6.80182956333656	7.90247197353785	-35.5378387426054	126.52301858635	113.522690065876	27.901	31.3819	56.9618	22.1974	1.51319	27.154171	0.089234011	2.11	6.01	0.55	3.03	62.30241738	1.47848	0.00410393022	39.856	0.008243835	0.7925	34.54	40.28260066744	0.730834619195047	0.255143612437604	60.919328785017	2.12833333333333	28.904	13.7684450940489	118.813471697765	89.866	3.6587305298552e-05
9733	83.75	85.5442256709957	10.9682995	1.58028116	6.78638318	4.77466597493	130.3702254881	1.19786977346	0.27380332061	-1.57133510454	-2.58879060908	0.32180275742	160.098675582	0.6079495078	0.64214646031	0.60290264432	1.10215462889	1.09550983822	4.15915639633	4.01469251986	4.09464230574	4.35736510269	164.351230433222	167.205582089672	329.391431445	708.947022605	43.484795	45.028666	0.14545933407	0.28310738942	2.47318945516684	6.15793663967768	7.90988919744755	-35.4642036579594	123.958766542098	114.272934252988	27.656	32.6559	58.6328	22.0007	1.26937	26.439935	0.086208445	2.12	6.03	0.5925	3.01	61.84965224	1.344839	0.00385137307	40.369	0.0080734494	0.7925	32.68	53.85858717393	0.866132873688919	0.281580164187462	63.2712898702765	2.135	25.088	11.7404	165.9561545	94.2429999999999	3.23354770114942e-06
9735	74	98.3723969871795	10.5382683	1.38273475999989	5.32280352	4.78637645018	130.5958033693	1.16914480601	0.26948664485	-1.58020908279	-2.75469274719	0.32023973386	159.131948775	0.60399252771	0.63862294756	0.60443316273	1.10279141028	1.09615030455	4.15006686104	4.04186004364	4.09055155714	4.35980008871	164.354911144056	167.138063159654	340.683424112	716.325686314	43.832244	45.645467	0.14694132508	0.28425349371	2.37315079351272	5.9331278608766	7.92036009607525	-36.0192416372855	121.747568943399	114.527031772034	26.115	33.4243	57.7648999999999	22.3093	1.00154	25.6394	0.088522008	2.07	5.98	0.6525	3.04	59.71032594	1.219182	0.00382310034	40.667	0.0079227755	0.8225	30.56	50.89493538321	0.85836109390008	0.266352936062017	63.5392587488313	2.07	27.46	8.775537964442	123.312353904392	96.2039999999999	-2.39935295714286e-05
9736	81	91.9125276529992	11.2629437	1.44695836999989	6.7819116	4.75451511667	128.9105853829	1.20315896448	0.28285054613	-1.31844837828	-2.85314440971	0.32464021534	160.623078863	0.60359745572	0.63382728642	0.60757669346	1.10281419721	1.0956623306	4.14655015651	3.99464359376	4.09641902968	4.34771625142	166.8	166	304.132315164	698.332673809	43.65872	45.126952	0.14454204351	0.28210902915	2.56684500677257	6.26672229887814	8.13779078109666	-35.816665405944	131.622222222219	112.216742986401	27.873	31.5235	57.8807	22.0758	1.19408	26.216302	0.087054238	2.14	6.06	0.6075	3.03	64.67880652	1.400664	0.00385774379	40.961	0.0079517471	0.77	31.74	45.86057173525	0.809654639705882	0.241553735505013	63.6880927037422	2.03	26.743	11.43623762	143.4666971	86.6729999999999	-0.000277734
9737	63.66666667	90.058226510989	11.9786856	0.548126979999999	5.39772263	4.76884255868	131.6675674359	1.17867825392	0.27804284817	-1.4605640276	-2.87072397291	0.32477981555	160.642870061	0.60931972876	0.63364699553	0.59593240152	1.10091483966	1.09611954763	4.12283976608	4.02324421425	4.09138461884	4.36137079119	164.75	166.088302539329	320.833205857	714.227111532	43.354977	45.225491	0.14268406667	0.28202618037	2.66589629551767	6.09950376297512	7.91120392487863	-36.0338329515155	127.460961199289	113.503229003129	27.285	32.8181	57.6363	22.1461	1.07767	25.184831	0.089798831	2.17	6.01	0.6175	3.01	59.48045168	1.236907	0.00396324065	41.367	0.0079752725	0.8025	32.23	45.48434701003	0.775489358690845	0.212786616340394	62.9850789998904	2.2	26.869	9.92	119.4528242	95.393	0.000119605
9738	73.75	87.4884849053724	11.5198515	1.50095298	7.83934537000001	4.77109661822	130.7124834424	1.19267396847	0.27438476756	-1.5350437692	-2.37309046814	0.32542183884	158.223918869	0.60498196823	0.64911803221	0.60466979172	1.1031323256	1.0968478556	4.17541169248	4.01961173532	4.08805457237	4.35073361721	163.6666667	166.875516837158	323.924553531	699.902188496	44.028274	45.250981	0.14655514295	0.28493255431	2.52382516995011	6.37045051815927	7.9528403371711	-35.8736324232943	128.058142536475	113.570937163699	27.846	32.5203	57.6879	22.2578	1.13489	26.086432	0.088674072	2.19	6.04	0.635	3.02	56.71059874	1.40836	0.00393078573	41.728	0.0080930682	0.82	32.01	47.68058025175	0.822247486928105	0.290821780566772	63.8177279111845	2.15611111111111	24.59	10.9004584592264	127.065489112218	91.504	-2.38758169325404e-05
9739	68.5	85.9771060113075	10.3391558	2.47941189	6.45492066	4.76891859922	129.7638714267	1.19281650197	0.27318466049	-1.36357978419	-2.94123218978	0.32138127581	158.868107966	0.59948700508	0.63543892123	0.60465587517	1.10245734774	1.09613220956	4.1581813943	4.03926072585	4.08553527072	4.37525863955	167	166.382922863346	319.18261636	696.055497138	42.779199	44.840352	0.14579399824	0.28539311212	2.38073962208996	6.24529518764815	8.08518200857667	-35.7045508690902	130.833395061726	113.773155334881	27.687	32.7212	58.7086999999999	22.2516	1.22863	26.341243	0.08454727	2.19	5.98	0.63	3.05	60.55566544	1.353204	0.00393393714	40.339	0.0080013453	0.8175	32.98	50.75974598884	0.82080310714649	0.20652388867488	64.0875730500559	2.115	25.938	9.211709402	112.7396783	94.092	-0.000331729
9741	71.5	87.6744455026495	11.0313296	1.98302909	6.30093287	4.774174815	128.5247836679	1.21253378866	0.27177721578	-1.67411339828	-2.81575777711	0.32461572699	158.55384542	0.60245470676	0.64053628499	0.61262830758	1.10384319649	1.09481839802	4.12928802839	4.02497903452	4.08288569242	4.36841406508	166.2	165	319.646857656	697.295597977	43.201112	45.815867	0.14504795989	0.28195954052	2.45285674662054	6.35965986415589	8.11295231384832	-35.5862107021324	129.399226699228	112.00127107446	27.714	31.7177	56.6116	22.2739	1.34715	26.195088	0.089260506	2.1	6.03	0.645	3.05	62.62890598	1.304502	0.00376118305	41.262	0.0081303601	0.8	32.79	46.23918566005	0.797590279325765	0.147007382366035	61.7278006841784	2.085	24.01	10.66951613	99.30509389	90.952	0.000299272
9743	75	85.7706322017837	11.4888616	1.00177073	6.25422917	4.75599250903	130.125022895	1.19086812099	0.27218398149	-1.50020509021	-3.28942315418	0.32664254583	157.6916248929	0.60602527968	0.63776323697	0.61145909768	1.10468619137	1.0941068236	4.14760332411	4.01630966223	4.09489431622	4.38464757991	164.4	167	303.52475517	695.615786253	42.969817	44.601925	0.14177127914	0.28480148376	2.78757994252309	6.77645344010851	8.0108727123511	-35.6804444033963	130.640531813864	114.302474751196	28.089	32.5116	58.941	22.4567	1.20222	26.121895	0.089379576	2.12	6.05	0.605	3.05	59.42514592	1.379365	0.00380630529	41.702	0.0081738541	0.745	30.6	46.85652357015	0.740648070701057	0.234087049008916	61.3375231972639	2.1	26.997	12.38435484	111.6237585	89.6359999999999	0.000312289
9744	63.33333333	125.716820501443	11.4855801	2.04853932999989	4.36134749	4.75902729554	127.3395312378	1.25056486197	0.26998022182	-1.8317979836	-2.76793148954	0.32087813015	153.7071954179	0.60546703478	0.64342406722	0.58692284372	1.1034151411	1.09406429509	4.10933959829	3.98857496052	4.09555151591	4.35892335138	164	162	283.620764414	672.673933175	43.554439	44.611988	0.14284706665	0.28291107022	2.44060265092057	6.23566299745327	7.88666762210309	-35.9365060697026	133.306505036356	109.434047818337	26.674	32.4531	56.5397	22.229	1.55873	25.92963	0.086132999	2.09	6.11	0.675	3.03	61.58592482	1.270357	0.00376253894	42.998	0.0081457103	0.805	39.09	26.70410345294	0.621816679871398	0.0282297061113921	41.48351648	3	34.189	10.110180040519	119.039234339823	93.676	4.71093238516042e-05
9745	76	90.3170970995671	10.8968629	1.76349915999989	5.68098968	4.77371655661	131.3425990629	1.19506696408	0.27281587857	-1.5094087511	-2.62699184031	0.320127794	159.864552158	0.60634760556	0.64001918074	0.60833602994	1.10219754972	1.09594512395	4.13536173716	4.02398149715	4.08451747379	4.35858585902	164.288421272707	167.280192363264	329.299587674	719.767870189	43.286235	45.58766	0.14544206652	0.28508429056	2.39471723651367	6.00013496137079	7.8589850762284	-35.8963472943337	120.968389049218	114.377964431479	27.263	33.1387	59.5441	22.3291	0.97201	25.537534	0.090218871	2.11	5.99	0.635	3.04	60.1106122	1.23799	0.00396807071	40.652	0.0080369117	0.8025	31.32	51.02074308101	0.85977948456091	0.284953692985629	63.026350257604	2.128	24.229	9.011	124.7163712	92.4219999999999	1.3441419e-05
9747	94.66666667	80.052512427114	11.0864023	4.77899541	5.6576954	4.76485291664	127.9147821125	1.21033100337	0.27288191634	-1.6200739741	-2.77948450282	0.32882015393	157.593411295	0.60625153871	0.64386562777	0.60477718208	1.10153404436	1.09551160615	4.15652783589	4.01966272623	4.10222245668	4.35883646193	165.5	167	306.30619453	683.303540693	43.001621	44.409568	0.14279272441	0.28509894407	2.53685503966114	6.77450587872724	7.9386003360969	-35.3839638200309	127.288065483898	112.469501575191	28.161	32.0158	57.5299	22.288	1.64262	26.374263	0.0888920609999999	2.16	6.1	0.57	3.05	61.63634598	1.530501	0.0038171325	41.575	0.0083344512	0.7575	31.8	45.56366573202	0.817857052339536	0.163018483764636	63.3258769174445	2.045	21.273	13.3642919814151	120.220277107328	91.61	5.75796941455938e-05
9748	86.25	108.231642981837	10.3539879	3.13484012999989	4.91540332	4.75543248644	128.4793897398	1.3023062202	0.27182701344	-1.64942882103	-2.55114934954	0.32462950325	154.9505454198	0.60611178203	0.63295133112	0.59759086279	1.10308501005	1.09523866265	4.11367580611	4.00718961983	4.09241019379	4.35438176752	163	164.6666667	295.205721243	673.683202515	43.20947	44.888282	0.14243160755	0.28468721454	2.62468414117581	6.36502175086811	7.873558748798	-35.7825735072837	135.152811447808	109.910320751079	27.492	32.2461	55.8461	22.0778	1.44902	25.979425	0.087367677	2.1	6.06	0.6525	3.05	66.02061746	1.26862	0.00400006326	41.276	0.0081210753	0.7775	38.35	39.03493211515	0.719621328722447	0.0820053441775942	34.32971014	2	30.194	7.240769231	115.4580349	92.2139999999999	3.76e-05
9749	63.75	152.98099651277	10.9536569	0.377508459999679	5.3021125	4.75809531092	129.503450281	1.26622289158	0.26984448695	-1.36941181747	-3.31682103174	0.32320303817	152.663532444	0.60619079845	0.62493089014	0.57587783903	1.10096903318	1.09351540603	4.08730147945	3.9766635535	4.11441059373	4.36901315513	151.4	166	258.747223533	676.205609481	42.962573	45.025962	0.14492713356	0.28014358576	2.49648113597287	5.63395152564366	8.09764222261013	-36.0770513441571	132.863703703702	111.217734183443	26.612	31.6004	55.4224	21.7031	1.36956	23.977315	0.087423185	2.18	5.94	0.72	3.03	64.50457546	0.91488	0.00360308711	40.784	0.007844461	0.84	61.05	27.80090087657	0.582257287476192	0.0336686319771929	21.36699507	2	39.549	12.14918182	107.2013552	91.921	0.000335837
9754	74.4443727338726	82.3824036624487	11.9506371	3.02214975999989	5.47775149	4.75654844111	132.5306739635	1.19588254924	0.27660307575	-1.47862162041	-2.50111706297	0.32373848265	161.510734034	0.60351582432	0.63561635088	0.60586604043	1.10307378186	1.09553084503	4.1692561972	4.0136479403	4.09417778371	4.33500100517	165.6	168.5	305.753087888	681.267757144	43.385277	45.407181	0.14478094943	0.28233108999	2.41774816401343	6.38106831257615	8.0198049286228	-35.4655775347282	130.064228395061	113.241810155708	28.436	32.6404	58.3245	22.307	1.41263	26.522099	0.0871811609999999	2.17	6	0.615	3.04	66.21290204	1.474467	0.00366489883	40.413	0.0082412571	0.7675	30.61	47.19895886665	0.80938991818186	0.18415793347728	62.3125391293254	2.04	24.98	12.5887245395653	117.421659945842	89.2579999999999	3.27849213769834e-05
9755	82	100.342455672269	11.0155389	2.44601285999979	6.27809936000001	4.76210402205	132.3282939123	1.22500210103	0.27175796756	-1.62230999539	-3.41049295811	0.32092453462	154.367526893	0.60426886519	0.624477012	0.58993678087	1.10130349901	1.09562307337	4.09521937012	4.01414468273	4.09117749444	4.37425464328	161.8	168.6666667	287.437750867	698.605562683	43.205964	45.985163	0.14722972014	0.28369888644	2.76535507599206	5.53396684408732	8.12077230554366	-36.1163440490746	122.281118326117	114.277264746061	26.743	32.1029	57.1510999999999	21.8091	1.13366	24.360951	0.091307568	2.17	5.77	0.665	3.02	62.78659442	1.055092	0.00355619395	41.096	0.0078184136	0.8225	37.05	48.24277257279	0.702688098776057	0.198633292344603	61.637746285344	2.23	29.26	7.31112379734707	131.503900057294	92.039	-0.000123967884219556
9756	73	89.2691402564103	10.5825589	1.66515657999989	5.42619278	4.78730273381	130.2829863572	1.18314639319	0.27271862753	-1.50952763912	-2.9404368421	0.32196905065	159.496941966	0.60573243038	0.63937617261	0.59762760871	1.10152175404	1.09462537626	4.14184563092	4.04289928187	4.08194813219	4.35869843395	164.318038222847	167.397025695681	331.947533436	719.753900348	42.794137	45.434233	0.14601595552	0.28582692794	2.42005997462984	6.40808709098107	7.92081815078707	-36.1276497287	110	114.3008	26.93	33.2922	59.2139999999999	22.3001	0.98197	25.413878	0.090141307	2.13	5.99	0.625	3.05	60.1046627	1.226548	0.00393390804	40.34	0.0079531541	0.8075	32.91	48.32661161208	0.891216151227576	0.220671119735486	64.1268875166933	2.065	25.139	9.1404465422365	121.433122328534	92.5189999999999	-1.46909886883117e-05
9757	93	83.6598140973881	9.8558579	5.18718693	6.59947236	4.75809086541	130.2435052993	1.2130918887	0.27529576894	-1.50184266333	-2.94953717583	0.32448065024	159.82946523	0.60481341007	0.64733083799	0.61488264129	1.10194186376	1.09468551033	4.16049906283	4.0105584046	4.10324324054	4.35047390048	165.121546581638	167.513413185942	309.180873848	666.241021927	42.932205	44.512901	0.1407722021	0.28331961433	2.43831582920052	6.73824300240266	7.93725972040244	-35.0826758012256	129.327998143829	111.030806184841	27.582	32.5958	58.6721999999999	22.2557	1.60088	26.370807	0.088446652	2.23	6.07	0.5475	3.03	64.87970798	1.527942	0.00437980588	40.063	0.0083690082	0.81	30.24	48.85916950856	0.754610337879461	0.190906100029036	62.1548300792015	2.108	24.821	17.21141844	102.3756592	88.614	0.000104005535486864
9758	73	174.605256816224	10.2277898	1.65411057999957	4.31730238	4.77057056815	130.722070029	1.24563215684	0.27086533527	-2.25840804834	-3.58716866729	0.32184489241	152.64497347	0.60918387083	0.62278768147	0.58167486979	1.10495816232	1.09589207233	4.09639897693	3.99400958398	4.10522757422	4.35780593514	159.5	164.2	248.800291318	640.511690887	43.446711	44.910374	0.14500485981	0.28701302808	2.49816842284748	5.5948962765138	7.94637564685814	-35.7894638378621	130.909460784307	110.970872889189	26.232	31.9675	56.5065	22.3957	1.26239	23.1081	0.090460241	2.13	5.78	0.69	3.03	59.62917618	0.963919	0.00378688805	41.09	0.0079157522	0.82	52.73	36.35696849121	0.678961047026583	0.0481139394156894	15.38461538	2	44.301	3.154255319	155.1356502	87.676	0.000244488
9759	58.5	298.549232341531	10.2335882	0.70202667999968	5.49527359000001	4.80807216632	130.834785538	1.33173123303	0.27290631603	-1.67568814758	-2.31314873853	0.32152170973	145.884689788	0.60422066864	0.62065357134	0.56589886146	1.10367677004	1.09570458406	4.04451027661	3.94432853553	4.12998897675	4.35599306987	150.8	162.25	248.927438648	667.871109505	42.807537	44.259512	0.14302189339	0.27862689805	2.23564825670618	5.31401804315792	7.84122950454409	-36.0967877430571	127.723611111111	113.731995090717	25.732	30.8462	54.2649	21.361	1.56715	22.765942	0.094068507	2.19	5.88	0.7325	3.04	59.68143926	0.948998	0.0042046981	43.885	0.0079671343	0.8825	64.33	30.54425253981	0.399906390720337	0.0841136690834775	0	4	47.306	1.873372093	144.4955171	98.263	-8.1e-05
9761	58	165.542573636364	10.0337481	0.516816959999786	3.15533994	4.76246177187	129.6360707661	1.28348973879	0.27208084433	-2.24012554941	-3.16513107033	0.31981329387	152.050749715	0.60895826244	0.63048495005	0.58237948256	1.10033738478	1.09498316779	4.0908349006	3.99834895446	4.11473763813	4.38186504077	147	160	253.175360468	678.841618355	43.206673	45.53453	0.14402619034	0.28405029939	2.44482221872654	5.42216390076572	7.96126494265654	-36.2883965876094	127.368253968252	113.104747448712	26.242	31.839	55.9308999999999	21.8994	1.15808	22.260636	0.087246282	2.11	5.71	0.665	3.01	61.32446742	0.960605	0.00364273981	42.675	0.0079139503	0.7875	47.19	41.86619601247	0.58803375	0.119492061654815	56.3438125844837	2.13166666666667	45.13	5.64145151076751	127.054470647851	89.865	1.64779316733009e-05
9762	72.75	118.889969307359	11.0132239	3.20874757999989	5.41743322	4.76168543955	128.2666628903	1.33593164276	0.27009900171	-1.45096551616	-3.2703502182	0.32547063026	156.8625874688	0.59891355773	0.63801395531	0.59263733293	1.10222834557	1.09299888419	4.14007184376	3.99991087333	4.11460618199	4.36036637074	167	167	296.094626461	670.578641419	43.160628	44.506786	0.14244034841	0.28193133105	2.35019262570341	6.29249398887449	7.72740276672558	-35.8931466794428	130.62020152505	110.760917058118	27.489	31.0242	56.3013	22.0534	1.6471	27.076168	0.08905134	2.12	6.06	0.6675	3.06	58.92210944	1.275691	0.00434228475	43.564	0.0082151725	0.8375	45.75	22.02435094599	0.537632474955379	0.0522121545620642	27.64285714	3	29.682	9.44029678419109	126.739042566559	93.54	8.95223705112045e-05
9764	62.75	248.753879261103	9.3959543	-0.0653976200002138	2.99934234	4.7609923875	128.2149631207	1.3044074959	0.27618399023	-2.22539059394	-3.21427217701	0.3224061043	151.903589571	0.60371350439	0.62366153946	0.57053402003	1.10017671656	1.09614039531	4.10436363015	4.01465262967	4.14308193103	4.38003678607	136.8	155	246.432086362	667.261618336	43.18351	44.962698	0.14095495822	0.28335804388	2.41595648219432	5.29719106036473	7.96869874349609	-36.2603087226935	133.441759259255	111.06934592827	26.366	31.2868	55.294	21.5725	1.37488	22.245336	0.089791284	2.25	5.82	0.6725	3.01	63.41258976	0.845809	0.00357006138	45.058	0.0079654079	0.8525	62.41	28.66807375689	0.545747840746919	0.0618515496390331	33.33333333	2	55.025	5.5133685414703	142.414508042292	87.947	0.000118592389214286
9766	39.5	217.685730064374	9.8223812	2.08592389999989	6.27362461000001	4.76070770636	130.3349081768	1.27727994805	0.26784907545	-2.43780599342	-2.98001669285	0.32186008703	152.981068184	0.60535653086	0.63404103085	0.56612434345	1.1045830659	1.09497943309	4.08259403891	3.97920374775	4.12153834245	4.33747476701	156.7142857	163.997661782897	253.42330674	655.52032273	43.582916	46.095539	0.14499222331	0.28157390237	2.48499343357034	5.38194193627179	7.84213107924151	-36.1802285408039	128.476225749557	111.513973494688	26.275	30.7675	54.8533	21.9859	1.23836	23.124585	0.088352218	2.1	5.86	0.6575	3.03	63.66941476	0.906782	0.00333515117	40.852	0.0077411081	0.8275	60.97	26.23627974181	0.579929960636365	0.125745642736491	23.87566138	3	46.441	1.792535211	138.2159928	91.671	-0.00064857
9768	54.66666667	95.2161681182796	10.5700766	-1.17819652000011	5.07249842	4.77379912615	131.2790987053	1.18100338807	0.26744649887	-1.95340715017	-3.04048049694	0.32269983441	157.442551388	0.60557193231	0.62818743784	0.59694073379	1.10139767667	1.09661563349	4.13654411138	4.00110088492	4.0645718184	4.3437072987	163.732427855647	167.070650466567	281.431672803	689.533636863	44.40238	47.047225	0.14720220214	0.28699084459	2.4881815469734	5.95678985377992	8.00229559746206	-36.3935848748308	121.689213564213	115.888628416326	25.716	33.328	59.6662999999999	22.2687	0.72636	22.374614	0.090222252	2.06	5.84	0.6875	3.05	58.06479494	1.095439	0.0037263048	39.381	0.0078214899	0.8275	29.7	48.97795581949	0.817626695913396	0.301383274445855	63.8377535984295	2.11	29.236	8.538699187	126.777416	96.7099999999999	-0.000106963537571429
9769	44.66666667	97.3240471794872	11.0481082	-0.742484040000107	5.59481406000001	4.78634507829	131.8551375412	1.19091969455	0.26606039291	-2.47410190696	-3.0850389324	0.32173075781	155.816005295	0.60777149077	0.63681381589	0.59452008764	1.10364546669	1.09658059815	4.09777569334	4.00981989534	4.10900637334	4.34728525649	163	166.5	287.336122967	677.264027454	43.902804	46.566284	0.14341606036	0.28021487666	2.51796720722186	5.84161185183105	7.83172982401753	-36.3939496642817	119.284126984127	113.763527298946	27.023	32.2396	56.3659	22.2795	0.928180000000001	22.737296	0.089553958	2.11	5.85	0.6625	3.07	58.6306689	1.104732	0.00392605758	39.351	0.0080830452	0.7575	42.59	45.57461589272	0.809877771944258	0.147854385556966	61.9423682564236	2.13	26.234	5.199361702	119.4567032	99.859	0.000457041
9770	44.75	125.721280813995	11.5650953	-3.02038360000011	5.90614863000001	4.7621479899	138.319254478	1.12242527828	0.26809929572	-1.8820262656	-3.7554825304	0.32359559107	156.863944798	0.60726757208	0.62273979644	0.58870818785	1.10202151126	1.09682347434	4.0964282852	4.02957283443	4.09986400477	4.34799555437	163.656157691129	166.731636786066	250.082635288	664.3036444	44.359119	47.284063	0.14952109277	0.28514263379	2.70125296221018	5.99752555820887	8.24069973850842	-36.7659935887553	132.354814814814	111.828133367246	24.572	36.5623	60.0025	22.2391	0.59667	21.550621	0.089559083	2.07	5.82	0.6825	3.03	52.4848313	0.903755	0.0035767575	38.316	0.0077177042	0.835	28.51	59.79326993633	0.766612252370828	0.416619213956795	80.46153846	2	43.074	5.392680412	136.0570947	86.199	-0.000116671368571429
9771	44.25	85.4100898809524	10.9112501	0.38438753	5.34537373	4.76556344859	136.898486238	1.11690278903	0.26778189727	-2.09766074337	-3.97869181449	0.32130887917	155.85921823	0.61537171045	0.6260098821	0.59771184451	1.10267789918	1.09581158556	4.14820397284	4.03466561921	4.08177754781	4.34045941854	166.6666667	167.425192578414	275.883220885	678.067710541	44.330624	46.367578	0.14732414025	0.29028499178	2.80227899677332	6.26531134868971	8.52457168454729	-36.0114736856724	123.74166666667	112.175558422542	25.655	36.1315	58.7568	21.9767	0.78282	22.928263	0.090051843	2.19	6.03	0.695	3.09	53.43862754	1.08115	0.0037635477	39.885	0.0081000168	0.8175	23.61	69.76436783607	0.792023612659099	0.332756094909176	98.27586207	2	33.009	7.95922255191583	126.095414333342	81.068	-0.000177809240333333
9772	40.75	90.7505615384616	11.0880052	-1.73032461000011	6.28273939	4.75946954343	134.0363890493	1.17214273868	0.27014592626	-1.62294619162	-2.95371239655	0.32151933622	154.600135002	0.60788666284	0.62789341048	0.5945549912	1.10181009598	1.09473531916	4.11599291118	4.01412053697	4.10795509336	4.34694944792	165.2	167.6666667	264.280221845	664.15791445	44.295232	47.709142	0.14809420944	0.2840435868	2.74194867205943	5.58451774136674	8.05324525532669	-37.5105391815	100	112.1946	26.257	34.0759	58.6167999999999	22.0564	0.58351	21.623892	0.089462721	2.05	5.99	0.6725	3.03	59.10652402	1.001694	0.00355498494	38.68	0.0078153757	0.82	34.27	46.06278821703	0.721824917217286	0.392653088956795	64.4704990080762	2.16	27.138	8.31214766936497	123.651267037766	96.9999999999999	-6.11579743333333e-05
9774	43	124.033259275533	11.5401967	-3.72032254000011	5.80231715	4.79141887175	140.893721889	1.12462989685	0.26618215477	-2.03266083535	-4.13458034045	0.31985204535	154.453654164	0.61551288364	0.61853364665	0.58338141906	1.10418809945	1.09720357841	4.08213753384	4.00582885302	4.0900698475	4.3413910069	164.3333333	167	242.784002013	663.008445543	44.457588	46.808259	0.14543540406	0.28428614559	2.74815256450537	6.08606466701279	8.3538889495484	-36.4560325109924	126.333518518513	112.388139134671	23.529	37.6879	58.6544	21.9976	0.49627	21.399191	0.091653875	2.09	5.78	0.7	3.1	52.05364058	0.885156	0.00365230685	39.394	0.007802298	0.8275	22.57	60.72350471909	0.7375761558796	0.404393088956795	98	2	43.038	10.41272727	127.7362235	85.297	-0.000778864
9775	44.25	123.214635557584	10.8425355	-2.48058225	6.80060951000001	4.76897205818	140.52564893	1.12027652653	0.26959634067	-1.92009852217	-3.65511588802	0.31980076858	155.858131118	0.60995721357	0.61690817414	0.58453706783	1.10553888464	1.09789446604	4.0812453347	4.02254973112	4.09267790215	4.33504369226	166	167.346611112533	257.244828	665.604400293	44.246636	46.701747	0.14778696201	0.29003951367	2.92063117600326	6.23086167155632	8.41902095328801	-36.3810671935091	124.746349206359	111.851340811827	24.69	37.056	60.6829	22.0263	0.51612	21.877917	0.08909706	2.07	5.82	0.64	3.09	55.49208802	0.820277	0.00345885389	40.104	0.0079654109	0.8025	23.01	75.3107752873033	0.728045928606873	0.47123287467108	98.07692308	2	50.858	10.15849462	142.9851759	82.31	-0.000436183
9776	57.5	138.854289346758	10.9485255	-3.85455677000011	6.82337075000001	4.76792929571	138.683811528	1.1348622185	0.26610346793	-2.42802241138	-3.95048392632	0.32130042511	155.474635057	0.6127375044	0.63308268931	0.58432993918	1.10198618968	1.09661016798	4.09874464644	4.01683845098	4.08292373524	4.35813966773	163.652184619825	167.363506584116	247.652298315	675.402028183	44.303061	47.481794	0.15000972969	0.28857766502	2.70670403291386	6.29752067900115	8.34370671227163	-37.0884237651	126.6666666667	118.3201	24.645	35.9795	60.0606	21.9889	0.69864	21.709587	0.087642987	2.04	5.89	0.6925	3.04	56.53531928	0.953882	0.00365866543	39.011	0.0077641135	0.8425	32.07	60.8151364126	0.728674859502533	0.360913777448858	53.6637931	2	42.381	12.18008772	134.0955364	88.27	-4.53410452504106e-06
9777	43.5	101.031299566175	10.3691835	-2.69157779000011	6.31941186000001	4.77287426361	136.2006416257	1.14826876307	0.26908956701	-1.97235471183	-3.71051063901	0.3245379426	158.526775079	0.61120745419	0.6245712381	0.58046083468	1.10161654567	1.09630807131	4.10904676064	4.01502410372	4.10508153524	4.34412971745	166.2	167.142326537952	271.57547407	669.867464207	44.885512	47.169026	0.15201714199	0.28853619542	2.58710276672538	5.8511890924515	8.17849360342483	-36.4247373332051	129.246885521883	114.192410976247	26.683	36.2237	59.1261	22.1206	0.7457	21.631807	0.093052159	2.16	5.91	0.72	3.02	58.96154588	1.015886	0.00385492645	40.59	0.0078068661	0.7675	31.55	53.43124577334	0.698915192024178	0.29965037467108	96.15384615	2	36.259	8.54253761652139	122.382369435956	87.486	-0.000106084577857143
9778	49.25	129.451477224251	10.9146192	-3.65117995	5.93975254	4.77463373161	140.627971974	1.10544984748	0.26700329546	-2.23118100896	-3.65078715104	0.32369200855	155.926183166	0.60686431354	0.61749298378	0.58444638602	1.10398213394	1.09570240053	4.08826410928	4.02847424099	4.0811326615	4.33373319652	163.534728704106	167.641126984952	245.495574193	667.717757726	44.306972	46.383485	0.14872909715	0.28626205946	2.76772044338116	6.283144218175	8.31575842766771	-35.9754907612	106.6666666667	115.5003	24.85	37.7853	61.4009	21.7832	0.57895	21.634038	0.087333384	2.09	5.77	0.72	3.1	53.41867058	0.887441	0.00347698885	38.645	0.0078726174	0.7775	26.13	67.4325669897933	0.743760585704162	0.438319975861557	100	2	46.12	10.654	198.9916618	82.812	-0.000293968680870279
9779	44.66666667	131.478309513628	10.6366138	-3.13940172000021	5.52930356	4.7626484549	142.1246273162	1.12070561978	0.26813859486	-1.82663291293	-4.33076496974	0.32167103635	151.94907634	0.61281232299	0.62780592861	0.57782283237	1.1046374573	1.0963833059	4.04015865515	4.01863537187	4.09644448272	4.34675240802	162.25	170.3333333	235.439334349	669.07180718	44.102839	46.133797	0.14637756397	0.29101424173	3.19412722208121	6.0845911360099	8.24205989441868	-36.2983175849133	121.901666666661	113.070588912388	23.846	36.7624	59.8012	21.746	0.57796	21.238331	0.090908025	2.08	5.68	0.675	3.08	55.43827116	0.810091	0.00356748747	41.435	0.0077580762	0.8375	24.87	64.23220753572	0.68887467235379	0.478623922290128	97.5	2	56.356	6.773893805	135.4577234	84.619	-0.000819325
9780	45.75	107.625144200407	11.0167452	-1.47089511000021	5.61545456000001	4.78193589961	132.3724079233	1.17097272009	0.26413387437	-1.72511492872	-2.90639480262	0.32246763573	155.75029505	0.60780883979	0.63246241866	0.59185496126	1.10109897264	1.09594322984	4.10710096669	3.98957593535	4.08190954245	4.33957880947	163.669508669357	167.17255113941	269.246946561	681.970676076	44.346128	47.375064	0.14754938718	0.28587787327	2.59652896765619	5.79986275823512	8.12108667690929	-36.4059350400166	122.183174603173	115.045351399741	25.756	33.2868	59.2842999999999	22.0618	0.65782	21.620179	0.090140515	2.06	5.89	0.705	3.04	59.94165294	1.00613	0.0037366967	40.366	0.0077996812	0.8175	36.04	54.44230322476	0.821493509835752	0.30772449967108	62.7025644242772	2.08	30.459	7.90034602905044	123.344407419781	97.692	-9.50600171547619e-05
9781	41.66666667	158.843251061247	11.0851779	-4.10041658000011	6.03893524	4.76074593768	141.7408409955	1.12959037806	0.26951795661	-2.41888737818	-4.03427973982	0.31949115686	160.306627394	0.61593022683	0.6123247105	0.58479116175	1.10265154894	1.09601832206	4.07421004643	4.0045514222	4.12288207322	4.329976863	162.2	167	231.69891677	673.073346343	43.797396	46.687612	0.14407724028	0.28388621318	2.79224834367682	6.12479443266367	8.31649017005709	-36.4861346277468	124.666988936985	112.464995510289	23.963	37.208	58.7787	21.7371	0.68699	21.02843	0.090058655	2.1	5.75	0.675	3.11	56.23605694	0.893318	0.00349308599	38.397	0.0079565575	0.7975	29.34	62.21288149869	0.752096700697527	0.42605018419489	89.28571429	2	52.529	4.823152174	128.7386239	88.095	-0.000107736
9782	44.5	116.71739094795	10.7182826	-2.42587675000011	6.43992370000001	4.76136253958	142.094743897	1.10132721504	0.26582198925	-1.99526355759	-3.95000841776	0.32013204208	156.728191342	0.61486051304	0.61963605248	0.58329448579	1.10661350579	1.09669612539	4.11065433692	4.03343770213	4.10090122049	4.35295280685	167	167.479904764452	257.1595069	667.271137375	44.062248	46.43013	0.14721155245	0.28924732011	2.77364827529084	6.32698088521965	8.40978277337339	-36.2427368410485	124.007222222224	112.138490735061	25.247	36.3687	59.1906	21.7685	0.588	22.027168	0.088580364	2.1	5.75	0.6725	3.1	54.18178158	0.873859	0.00354051375	39.539	0.0080589499	0.7625	21.54	69.00298289393	0.775886354292299	0.410042840007215	100	2	42.306	4.122470588	125.1761309	83.605	-4.27e-05
9783	66.33333333	88.0378046949129	10.7691771	0.604469379999893	5.29297243	4.7777048082	130.7374166223	1.17621730119	0.27079932329	-1.62744326929	-3.12806568144	0.32478883281	157.127850899	0.60663321383	0.63125916891	0.59460777769	1.10217390007	1.09581421697	4.13460857798	4.04005595867	4.08755717177	4.35268536806	163.599441714447	167.278112503503	325.332550242	691.689550002	44.308697	45.798625	0.14716537444	0.28455889951	2.52069888101463	5.85094120200292	7.97757821936334	-36.1783667265143	127.868624338621	115.102261870986	26.486	33.261	57.9830999999999	22.0059	0.9258	24.023322	0.090404245	2.09	5.91	0.6425	3.04	62.96151344	1.187027	0.00388750646	40.321	0.0078767803	0.82	32.38	52.34673275643	0.860741371677858	0.297920602728684	62.4876832314188	2.09	26.445	8.37432715071053	122.249656133368	91.2649999999999	-3.39316045714286e-05
9784	43.5	143.154769008578	9.7762077	-3.58091882000011	6.54087241000001	4.75201035388	138.5556547696	1.11812465201	0.27082419871	-2.30681026447	-4.16132913889	0.31928482314	152.711066985	0.61231753057	0.628368616	0.5847196236	1.10472182142	1.09562936307	4.0581898404	4.00077339108	4.11499534818	4.34555233269	160.8333333	167.482798656505	241.525962488	685.222546821	43.883824	46.361806	0.14398750813	0.28905198491	2.75900606398001	6.17513801963085	8.35147086992731	-36.3674185369479	113.3333333333	112.5886	25.014	36.154	59.4338	21.7358	0.51821	21.424913	0.090457712	2.11	5.67	0.6475	3.09	52.73460492	0.828719	0.00356447435	40.037	0.0079008974	0.785	26.39	69.2320229775533	0.732628478475305	0.487598803242509	100	2	53.748	6.040571429	161.0104232	80.22	-0.000634694
9785	45.25	125.801047495569	10.5188988	-3.06667705	6.63496956000001	4.76477649273	136.3411963624	1.09404864673	0.26965073965	-1.95541801797	-3.90975850201	0.32279879572	153.251935163	0.61223717562	0.62179058923	0.57761177647	1.10386314213	1.09576684543	4.10375965211	4.03799443886	4.10357810689	4.35478448067	163.882010062495	167.546821431286	253.440521379	682.279712898	44.164727	46.321343	0.14838005633	0.28727539072	2.89620999607556	6.2993538810541	8.36738594539089	-36.457250016434	123.377089947089	112.305320722682	25.057	36.853	59.995	22.0216	0.50652	21.705834	0.090996019	2.05	5.81	0.695	3.06	56.90222478	0.862274	0.00367625439	39.334	0.0078427876	0.7875	22.42	70.86100565117	0.736788380867499	0.462341213956795	87.74630542	2	41.533	6.218793103	101.2666362	80.54	-0.000357502303333333
9786	40.25	155.625709129013	10.5087285	-1.93851373000021	5.82701718000001	4.77187254057	134.9079546387	1.16513206902	0.26543668407	-1.68732586382	-3.32587395112	0.32503773962	155.037404237	0.61321279467	0.62693668109	0.59040976325	1.10267441486	1.09721994335	4.07434095432	4.00013162001	4.10261887201	4.33022887895	161.466343801894	165.955601473347	235.791586782	668.471569461	44.146117	47.56893	0.14387070569	0.28547137839	2.77849514384844	5.67229088197991	8.21797802386302	-36.4761820250925	128.095238095238	114.277885172874	25.214	35.9956	57.9277	21.976	0.72559	21.490713	0.086815387	2.05	5.69	0.7075	3.03	56.36528568	0.942826	0.0034262088	39.272	0.00765226	0.83	36.04	50.79662433207	0.774230931372549	0.283433047563801	75.52447552	2	46.582	5.54596979451841	127.777850458815	91.9629999999999	-7.92511337468672e-05
9787	49.33333333	90.7430637271062	10.4782475	1.70243538999979	5.82942686	4.77780614846	130.7122931974	1.19019421721	0.27012380042	-1.82889574128	-3.12993721605	0.32224121047	154.904274576	0.60681532667	0.62443870932	0.60263498443	1.10012794595	1.0950752286	4.12310352107	4.01944324059	4.07878271276	4.35080282489	166	169	305.247403323	690.197157733	43.587599	46.203889	0.14451198697	0.28662680003	2.53494656263028	6.26043242473194	7.93144230479298	-35.9083121647348	127.023346961674	115.346944191285	27.288	32.3089	56.8644	22.1624	1.04632	24.133269	0.089233102	2.16	5.93	0.655	3.06	58.1833726	1.104916	0.0037443481	40.493	0.0080699805	0.8075	35.82	44.98276244202	0.837054030658087	0.184396371872238	61.1471708819334	2.09333333333333	23.056	7.9583101935299	124.218045045247	96.5249999999999	-4.96520795021644e-06
9788	38.33333333	108.573875828902	11.0681935	-1.54332361000011	5.83930019000001	4.78773607663	133.0411507495	1.18163876267	0.26509415803	-1.96049165224	-2.89350803741	0.31952881179	154.196690178	0.60659555764	0.63622962049	0.59040393691	1.10210971805	1.09567575532	4.08360438511	3.98692639842	4.08395333101	4.352424578	163.460365415957	166.923036710139	243.658435051	670.566724075	44.383913	48.114955	0.14639191736	0.28245414316	2.64289332885345	5.77957908853684	8.13428076308962	-36.4883787281901	121.783174603174	116.147209115957	25.234	34.4877	58.786	22.1143	0.59382	21.204676	0.09115697	2.06	5.7	0.7175	3.03	58.71434418	0.906302	0.0038790286	39.238	0.0076410665	0.84	36.93	53.52911578796	0.808756422182908	0.35599624476912	64.0233441780372	2.1	33.616	7.40851575507123	123.335085876168	94.22	-0.000108100555726191
9789	42.25	129.165511299343	10.9608482	-2.81438839	6.3076962	4.76974984943	138.3608404869	1.13638967681	0.26718799087	-2.22147204838	-4.04322059269	0.32376367867	157.442455076	0.6143947931	0.61145293486	0.59489615887	1.10319976346	1.09697192498	4.10973785167	4.02037087668	4.10396247	4.33703866461	164.25	167.236500002883	252.481110289	678.60472798	44.795027	46.340371	0.14563791683	0.28682136233	2.98438781745277	6.28908418471702	8.40306909715401	-36.2687820660469	122.903968253972	112.937100959111	24.943	36.6023	60.7655	22.0373	0.60698	21.841093	0.090120012	2.12	5.93	0.68	3.05	55.10169384	1.015715	0.0035453505	38.817	0.0079453369	0.8125	21.93	67.61301932926	0.74306554248366	0.317157833004414	87.66025641	2	44.626	7.58072770020277	125.710570487286	80.946	-8.98335543333334e-05
9790	41.75	109.314649430199	10.7602083	-2.54709491000011	6.32707434000001	4.77899124351	137.3413752206	1.13611712927	0.26823751558	-1.98957418903	-3.77333793004	0.32229111974	154.992484917	0.61040856685	0.62622408139	0.59096594332	1.10263979057	1.09711603065	4.11810578701	4.04171529218	4.09364426172	4.34218926026	165.6	172	247.075862886	688.376974826	44.48946	47.668652	0.14607463982	0.28687835326	2.75551438659048	6.35044400273264	8.30707421124179	-36.3796841954192	127.685925925926	114.949154863308	25.538	36.6408	60.0018	22.1283	0.66045	22.070895	0.090172452	2.06	5.84	0.665	3.03	55.68853228	0.968855	0.0034437355	39.64	0.007818871	0.7775	30.11	56.04739527255	0.742379506598493	0.315066088956795	76.06060606	2	41.337	8.4259168056852	124.409342863326	86.504	-0.000133298457666667
9791	38.33333333	121.553137865939	11.4195498	-2.69779912000021	6.0882996	4.77852522655	138.162879813	1.14069477061	0.26453872092	-1.68501219448	-3.89320271993	0.32407356557	153.990510003	0.60767501306	0.63220696062	0.587894783	1.10104183208	1.09741206504	4.1017972037	3.98919668778	4.10203075822	4.33637078289	161.8571429	164.6666667	247.688721715	651.806353625	44.224593	46.837739	0.14958960935	0.28512782186	2.62568868935295	6.05015255734399	8.12872370596571	-36.2896741160281	131.267910052914	112.451165383325	25.122	34.8412	58.8506	22.2304	0.785670000000001	21.266895	0.090589342	2.06	5.82	0.66	3.03	58.03374514	0.971723	0.00370493441	39.079	0.0076875967	0.8125	35.68	59.34364205433	0.722032140274704	0.264314572320653	69.31818182	2	39.642	7.7138407267927	125.995476210744	89.533	-6.27486480714286e-05
9792	42.75	137.801865557584	10.7887918	-3.74674663	5.92103259	4.74253330362	140.196271012	1.11918786198	0.26609937098	-2.17286055573	-3.73700068449	0.32209289859	155.281197876	0.61599997707	0.61752873853	0.58353327669	1.10317829137	1.09573149625	4.07380467237	4.00283354564	4.10515961457	4.34251004559	163.413575751264	167.214802912697	243.378607775	665.577139441	44.78921	46.87209	0.14822415189	0.28918524636	2.73350411894827	6.23986122339345	8.32757865831049	-36.874824869186	123.187089947092	112.107598769993	23.777	36.9943	60.9129	21.6326	0.57088	21.139396	0.089876917	2.08	5.82	0.71	3.08	54.57255924	0.887867	0.00364005894	39.304	0.0079409224	0.785	23.44	68.47261049293	0.76655454248366	0.48476549967108	90.90909091	2	47.347	7.29754231513385	126.076470270643	83.18	-0.0002805138435
9793	63.33333333	176.655354328443	9.7793158	0.175738959999786	4.44354646	4.77618404385	131.5274801771	1.22135627556	0.26804181743	-1.43189951092	-3.2370221952	0.32377790306	151.355533136	0.60652628356	0.62889286117	0.58184418009	1.10040069115	1.09710498037	4.07998741658	3.97573416125	4.11204127551	4.34604883981	161.854609191362	165.345122753865	258.062643283	671.06145382	44.637994	46.76286	0.14469360423	0.28275543433	2.52862785581124	5.33890807564405	7.93805886827172	-36.3687200635956	126.177539682543	112.113449265492	25.49	33.0825	57.9431999999999	21.9086	0.74969	21.45721	0.08694605	2.06	5.6	0.69	3.01	61.53136628	0.910244	0.00364542726	40.764	0.0076230855	0.805	49.85	51.18563192677	0.754228857057975	0.202160070439618	61.7558491803455	2.25830952380952	40.795	2.258877551	174.1624613	85.264	-0.000112964150088604
9794	44.5	112.25730565202	10.7587587	-1.64247802000021	4.97803936	4.77783572405	133.2709776272	1.17164658907	0.26690484562	-1.91152955162	-3.00639842267	0.32142576695	155.627305391	0.61133033368	0.63053293972	0.58899750416	1.10081560003	1.09571678037	4.11384218013	3.99412232078	4.08510565017	4.35136501948	163.632925664488	167.1475552275	269.255644673	677.525257847	44.571355	47.560243	0.14683883463	0.28520284516	2.39317353841579	5.86426831607649	7.97163727781932	-36.4644899204415	124.792380952379	114.919195404424	25.726	34.9225	57.8447999999999	22.411	0.61457	21.676495	0.089545882	2.08	5.87	0.695	3.03	59.73899268	1.044289	0.003817574	40.236	0.0078151914	0.815	36.84	53.13855057496	0.816317449229692	0.32842849967108	62.4254014677272	2.134	31.877	7.002857143	115.8895465	94.326	-9.6982161271645e-05
9795	38.25	102.069878504274	10.3080223	1.51192885999989	5.03964953	4.77974897131	130.372302943	1.17899825231	0.26935501978	-2.25127605315	-3.30256914229	0.32722654692	153.448535087	0.6065883754	0.62350024615	0.59240517323	1.10489768485	1.09658454019	4.13274317966	4.00141806842	4.0929960402	4.33673431055	160.8571429	168.6666667	269.547289188	670.808324183	43.831436	46.835359	0.14323966768	0.28747287649	2.41635785317655	5.61203830858045	8.07243928080825	-35.1496771009	83.3333333333	129.4436	26.732	32.5276	57.461	22.0394	0.973370000000001	23.016322	0.089267222	2.08	5.8	0.6575	3.05	61.84585314	1.134426	0.00365066888	40.746	0.0079438262	0.81	42.63	47.78906998133	0.78135889440513	0.240368347826723	60.466409742075	2.27833333333333	24.793	7.15475492548871	127.073794283927	96.152	-9.1941006876259e-07
9796	46	105.04158065202	10.7392119	-1.60433374000021	5.51534872	4.78012919835	132.5872953455	1.16838861101	0.26577186566	-1.74090315058	-3.01070660544	0.3189706508	156.579159433	0.60926724018	0.63568604208	0.58994429923	1.10063825486	1.0966709355	4.11807028594	3.98625147236	4.09771038623	4.34520926688	163.420436918936	167.063752197538	256.973565227	683.925183197	44.428519	47.594705	0.14654662822	0.28424111953	2.54072496717466	5.80628087019122	8.11643817719771	-36.4326312012625	124.373730158729	114.778209803874	25.883	34.7893	59.3813999999999	22.0594	0.60833	21.459732	0.0903055139999999	2.06	5.79	0.6925	3.03	59.65911928	1.00996	0.00375762604	39.581	0.0076688134	0.8225	34.59	53.38800428712	0.804905732057975	0.32675224476912	63.1117555304022	2.10011111111111	31.658	6.724310345	134.7216048	90.79	-0.000124533824234962
9797	46.5	100.361215267405	10.8202522	-1.09164649000011	5.2674237	4.78868660992	132.6080142595	1.16280192566	0.2615511074	-1.71366058067	-2.92222563998	0.3214795758	156.306699384	0.60564706183	0.63408825061	0.5968263443	1.10079204516	1.09637042632	4.11516251547	3.99134211808	4.07376495603	4.34213036404	163.622640018791	167.036995584188	266.846372801	657.524208927	44.411218	47.318047	0.14767255173	0.28482934311	2.57983245566213	5.63620364022551	8.06324525532669	-36.4102850800071	122.249841269839	115.909318063559	25.794	33.9066	59.0645	22.1555	0.63469	21.625016	0.089733221	2.06	5.81	0.7175	3.05	61.92054218	1.033871	0.00366081419	39.645	0.0077119824	0.815	35.56	52.86975570752	0.809010782563025	0.33679449967108	62.9303179126772	2.08611111111111	31.283	8.06967907597957	124.279741883463	96.11	-8.43505139968672e-05
9798	44.66666667	115.581251213518	11.2268213	-1.70045312000021	5.06448531	4.80589423923	133.6910166185	1.18060112975	0.26336337397	-1.97518473933	-3.00275790025	0.32134622421	156.786282195	0.6073821733	0.64275280257	0.5839841188	1.10143606792	1.09581981833	4.09777140063	3.98824129036	4.09724154136	4.34923523145	163.31458720125	166.661615112659	245.606268038	669.580717407	44.521127	47.462649	0.14429704327	0.28254025927	2.73152440071972	5.65172285673244	8.06738899937165	-36.5297669722145	123.285767195772	115.444649690327	25.168	35.133	59.4069	21.9323	0.62044	21.143329	0.090563846	2.05	5.68	0.7075	3.03	60.82935192	0.921337	0.003682435	39.706	0.0076425416	0.8375	39.02	54.15597853718	0.807117057103543	0.295506833004414	62.806860943423	2.141	31.268	4.657980769	118.1506456	94.836	-8.49263402380952e-05
9799	50.5	134.042994914645	10.7149548	0.208239289999786	5.48584274000001	4.77959029817	134.4188185445	1.22597942452	0.26567570462	-2.19673856784	-3.514204346	0.3211517347	155.6298777789	0.60761783066	0.63086168212	0.58521290307	1.10027834462	1.09610611161	4.07178708701	3.98552141566	4.07582028828	4.36430576182	162.5	167	259.684826669	666.024211595	43.171744	46.194333	0.14455547226	0.28317299537	2.36927228655706	5.32695073928882	7.93655417330388	-36.0488263824743	133.681111111108	112.100753944072	25.607	32.3692	56.3731	21.5849	1.0068	22.127136	0.087235452	2.12	5.84	0.7425	3.01	60.18195954	0.950262	0.00371570613	39.204	0.007758775	0.84	51.07	36.46809147068	0.663011618606175	0.0893181166175725	22.62068966	2	37.714	7.36971002254623	128.261942604329	93.989	-1.75657621950464e-05
9800	42.5	118.590193076263	10.9517596	-1.46854449000021	5.44200693	4.77683585936	132.7134678555	1.15427520289	0.26586385077	-2.00002559616	-3.25182765259	0.32268868736	153.542713492	0.60443862872	0.63254800048	0.58895680327	1.10170848265	1.09681614389	4.11767485611	3.99743838368	4.0981160829	4.35319028136	163.783049234984	166.937046300662	248.145061337	678.875645201	44.286301	47.815996	0.14588950134	0.28157506918	2.63827913346841	5.76694508941144	8.12790574324277	-36.301946111016	121.377566137571	115.787401292508	26.362	34.3156	58.7532	22.3691	0.59358	21.322103	0.091390924	2.06	5.76	0.7	3.04	60.55278498	0.964423	0.0036030808	38.994	0.0077214829	0.84	36.77	50.4179582467	0.780626927233413	0.31168224476912	62.8378738956997	2.21111111111111	31.46	7.54027027	136.0652856	95.515	-0.000164336343996867
9801	36.33333333	114.124489742929	10.6299227	-0.799096540000214	5.27264383000001	4.79903924	132.5760809895	1.17722614857	0.26237960069	-2.07020139739	-3.13228213635	0.32221129185	155.239755159	0.60617188129	0.63411858906	0.58862635232	1.10127831023	1.09669908985	4.10407796313	3.99059401533	4.09692188585	4.34282514501	163.453101488208	166.222395506117	241.997844291	675.740828526	44.47832	47.12639	0.14388335667	0.28271009221	2.67523710949238	5.6283343056396	8.14356289857619	-36.481732026839	122.701904761906	115.989007074454	25.035	34.875	59.1539	22.0816	0.62946	21.39656	0.091921542	2.06	5.66	0.705	3.03	58.80263198	0.916897	0.00379864999	40.266	0.0077021319	0.8375	40.94	53.3226681611	0.808015376468952	0.33704224476912	63.5036889331395	2.09611111111111	33.318	8.169574468	130.4880622	91.23	-0.000108017672568296
9802	42.75	108.150651923077	10.7088502	-0.175992410000214	4.58772774	4.76972086297	131.8889831025	1.20773451935	0.26825461454	-2.29381297229	-3.197274828	0.32207971661	152.055743259	0.6037327821	0.62997019091	0.59139211958	1.10050987577	1.09543218809	4.1071724515	3.98779283181	4.1044234646	4.34530319969	160.3333333	168.5	258.181567997	665.718845002	44.288839	46.812151	0.14505523975	0.28536109014	2.54794607453833	5.32818662931987	8.06703664337185	-36.3369989759494	122.044576719575	114.781766366731	26.28	32.7211	57.9898999999999	21.876	0.85027	21.583903	0.087663915	2.08	5.78	0.6825	3.02	62.62761718	0.952348	0.00354637675	39.98	0.0079139715	0.7975	43.23	48.34467496175	0.782209380335866	0.222335954004329	62.0658158941541	2.105	37.302	6.38836277237384	130.793180116452	94.152	-3.49246656992481e-05
9803	41.25	89.970534010989	10.6046489	1.43043705999989	4.96978777	4.75853977272	129.6875779808	1.19895400074	0.2757760436	-2.10014048152	-2.76669244703	0.32325820321	158.545350584	0.60759862857	0.63819323992	0.60301666526	1.10174455629	1.09550394724	4.13083833677	4.00529697889	4.11139993405	4.35844535439	167.1428571	167	290.954628055	703.79469751	43.815401	45.331219	0.14310929389	0.28175791495	2.61049624478014	6.05764330141312	7.9560718129727	-35.98896676914	123.430723104056	113.998210883375	27.176	31.9571	56.2516	22.4561	1.15043	25.666644	0.084483581	2.1	6	0.66	3.01	67.45474222	1.200668	0.00374873765	42.273	0.0080773323	0.76	37.3	50.52988708773	0.798056890436877	0.170015705001411	60.8198278276352	2.13	27.152	8.375462185	107.9421141	96.0929999999999	0.000164154
9804	45.75	85.6357663003663	11.7191791	-0.522710440000107	5.25458905000001	4.78413630828	131.6630508092	1.2017942514	0.268135962	-1.33662555597	-3.24490256814	0.3238396074	152.710680538	0.60963735759	0.6218300049	0.59628387125	1.10015410208	1.09548955389	4.11847314753	4.02578168487	4.10377169785	4.33430133759	164.8	166.405968558769	279.689315803	698.30632097	43.544044	46.420703	0.14607009933	0.28112968253	2.51068093413365	5.89108486466417	7.91389029210638	-37.0390664705	100	118.6305	26.289	32.0285	56.689	22.0325	0.873040000000001	22.573121	0.08611267	2.15	5.96	0.6425	3.06	61.48321508	1.143745	0.00353287309	39.364	0.0078793483	0.7775	38.99	42.93818151883	0.85781372377021	0.179969519543895	63.331763445336	2.19611111111111	29.224	7.380560748	128.0495046	98.552	-8.49e-05
9805	53	102.762794358314	10.6933146	-0.942041120000214	4.83888415	4.7760686425	131.5931748503	1.17478622269	0.26679558107	-1.57489841058	-2.71816015296	0.32492063693	156.391946512	0.60575689505	0.63042400696	0.59795412565	1.10031570158	1.09583019091	4.13374668994	4.00646306805	4.07541913533	4.34228472264	163.496485822386	167.112508679993	272.219629666	681.610424067	43.985435	47.590786	0.14775750607	0.28473077715	2.43628336196839	5.82517918057285	8.01649803066631	-36.2715605735727	123.062142857142	115.238292599741	25.68	33.5527	58.7671	22.2592	0.6698	21.917172	0.092010677	2.08	5.81	0.6875	3.05	61.89124262	1.072646	0.00382078437	39.57	0.007864391	0.8225	36.33	50.75828393514	0.818875732057975	0.294102607779189	62.0793676766105	2.09	29.54	7.45002694641866	124.031231530677	92.358	-8.54580911428571e-05
9806	43	93.6244529297426	10.6740767	-1.42501704000021	5.1606791	4.78245123452	132.9147562837	1.16265836426	0.26654075315	-2.20821198325	-3.11186024787	0.32040702463	155.238416986	0.60895970022	0.63045986544	0.58675141143	1.10342216323	1.09654769615	4.09876761744	3.99182937284	4.0929886061	4.35698520669	163.696758763829	167.211122689567	264.499619021	666.982478461	44.662082	47.425749	0.1473809199	0.2850922107	2.61471920243568	5.85150396841948	8.10810600817369	-36.4514660907	116.6666666667	128.8352	25.906	34.3593	58.9542	22.1212	0.62044	21.413637	0.090526172	2.1	5.89	0.6925	3.04	60.87321118	0.999519	0.00381443015	40.356	0.0077748774	0.8375	37.96	53.46395535417	0.76462712930133	0.358492833004414	63.1935741530768	2.16611111111111	31.933	7.4443938292856	122.074632904644	100.766	-0.000107510610488095
9807	43	108.848010914727	10.7307993	-0.93336283	6.59252601	4.75167945884	137.4707173394	1.1079663324	0.26509046137	-1.83791960941	-4.12733373469	0.31982069434	154.825687192	0.61498463809	0.60896637631	0.59344626806	1.10290315148	1.09598875862	4.13144712829	4.02724610785	4.08723073355	4.34629206484	165.25	165.5	270.312312459	678.05930649	44.801763	46.930122	0.14610926327	0.28664499502	2.8524620705886	6.20594168153614	8.43361331036203	-38.1289118943	100	110.8141	25.164	36.562	60.4216	21.9602	0.64053	22.743888	0.089637515	2.09	5.94	0.66	3.1	52.73438424	0.991258	0.00372061455	39.454	0.0079028429	0.7825	23.67	61.28772773199	0.697986288515406	0.420098247686954	100	2	32.807	8.74092397918136	124.657735977826	80.24	-0.000128097508333333
9808	53	98.6356566246499	10.6191245	-0.00738979000021418	5.30847567	4.77307512603	132.7789885805	1.17067559516	0.26600245521	-1.6489030545	-3.01928734126	0.32368067531	156.942960928	0.60515312437	0.63358491927	0.59664006201	1.10150802573	1.09629551856	4.1289957233	4.01354409898	4.08219933072	4.33903304006	163.714042399648	166.896804976521	282.40850542	671.568411074	44.586603	47.794527	0.1487151991	0.28390924324	2.42896608539988	5.82384308291058	7.95386855362121	-36.4060713522621	124.613340548338	114.878509787014	25.456	33.622	58.9924999999999	22.2669	0.64946	21.939784	0.092479907	2.08	5.89	0.72	3.04	59.98393118	1.055757	0.00378570461	39.356	0.0078339559	0.82	34.9	51.34364213495	0.809182886389587	0.29801286988403	62.9131385604378	2.1	27.938	8.05693602287308	123.466952092033	95.2719999999999	-0.000111343302865546
9809	51.25	96.9020896405229	10.0712922	-0.368404290000214	4.91919886	4.76593250227	130.4009419593	1.17849970858	0.26917694836	-1.77417652547	-2.87789832011	0.32359843368	158.697366836	0.60575014401	0.63271398863	0.59338019539	1.10065889354	1.09580435853	4.11352818564	4.01447624485	4.07721524137	4.34862037221	162.676243599951	167.098261456438	274.919947863	666.793843471	44.221923	47.879538	0.14654142638	0.28462757336	2.38170631638209	5.87057043248537	8.04410151128173	-36.2843996194246	125.066587301584	114.070363592333	25.354	33.8448	57.1611999999999	22.1082	0.65067	22.049479	0.092318563	2.07	5.79	0.6875	3.05	59.45385164	1.05514	0.00397984431	40.152	0.0077303544	0.7925	36.69	52.06459127383	0.821605732057974	0.255795092106253	61.3545062825001	2.16333333333333	28.913	7.19993544174009	122.957161250454	93.0269999999999	-8.99799248571428e-05
9810	42.25	89.0297029395604	11.8280579	2.25457595999989	6.06158210000001	4.75614489766	133.3962304973	1.25354616159	0.27185370927	-1.86577874579	-2.86147432617	0.32221062252	158.3066032189	0.60588504397	0.63232237137	0.60330247593	1.10042128307	1.09531771023	4.12470676259	3.99618183283	4.08479884006	4.36164408271	163.8	165.497114392097	293.687624599	684.173203813	43.4598	44.971185	0.14506286256	0.28232472916	2.48359253873278	6.20796631110572	7.90350675593863	-35.9263470847567	125.883051146384	112.980446489405	27.087	31.6343	55.9017	22.1536	1.14677	25.443634	0.087505575	2.13	6.04	0.6125	3.05	63.69012622	1.248209	0.00394548575	42.351	0.0080076648	0.825	37.63	50.11324058989	0.780880657477026	0.172189361466373	62.1238552588519	2.1	29.188	8.44771365237381	118.093340815056	93.503	1.8323292e-05
9811	45	97.4916746147243	10.6178585	-1.46026022000011	4.62629156	4.78053867744	131.5308358971	1.15054903652	0.26608330557	-2.13919336735	-2.72118535628	0.32277909922	155.557881335	0.60713507562	0.62260525599	0.59449743333	1.10129873512	1.09518904796	4.11140269189	3.99971267209	4.07931742991	4.34314276218	163.952979107824	166.816266828093	277.429610931	653.338232928	44.663191	47.763887	0.14679690642	0.28645308099	2.39995335462605	5.75135887585703	7.9783845024797	-36.6282224737	140	111.6614	25.845	33.7733	58.7264	22.4184	0.66766	22.149071	0.088889674	2.08	5.84	0.6825	3.05	61.56660038	1.065705	0.00376608129	39.194	0.0078932184	0.8225	30.74	50.71913020488	0.803216502199946	0.290485941112522	62.8507760733541	2.135	30.857	9.592695652	122.5690831	95.192	-6.83951943333333e-05
9812	45.75	95.1224801481851	10.870896	2.28532215999979	5.89356658000001	4.76384632081	131.3994516423	1.19012563354	0.2794528452	-1.53355107526	-2.79232885	0.32324136514	159.281156771	0.605448572540001	0.63354723164	0.60580229563	1.1011622185	1.09499260888	4.1457702767	4.02160655364	4.09644909201	4.35622558337	167.8	166.311379324852	309.386665539	697.986919935	44.022944	46.465996	0.14442514933	0.28316389348	2.64548981228582	5.90766807707493	8.06290416216923	-35.9756587121608	131.455	112.122774760726	27.451	32.9724	58.4999999999999	22.1109	1.00269	25.640847	0.08881177	2.09	6.04	0.62	3.04	63.53216798	1.265079	0.00385047167	40.477	0.0080118412	0.8175	31.11	51.45909876613	0.795520455182073	0.3559478192959	63.9009292136094	2.07666666666667	27.696	9.6564257322025	127.44169721472	90.1079999999999	-3.8607248740501e-05
9813	45.5	89.5037406318681	10.5217577	0.612034259999893	5.04732933	4.78220408191	129.4049761122	1.1954410569	0.27079575646	-1.86260345658	-2.68856830794	0.32569748479	157.913042946	0.60996271682	0.63931768927	0.60026974735	1.10223090796	1.09665545349	4.10275133852	4.00077562025	4.08132210791	4.35127940625	166.1666667	166.41608214117	303.228573976	701.01388188	43.768055	45.565594	0.1430302809	0.2830148664	2.21237947625764	5.99495176748881	7.86552121206268	-36.0980397014215	123.450404040404	115.228902572681	26.424	32.4546	57.5304999999999	22.0394	1.10441	25.324927	0.089420512	2.09	5.97	0.6325	3.06	60.65359368	1.237987	0.00359511359	39.332	0.0079023008	0.79	36.29	42.79630847961	0.819298562154048	0.208896736349373	61.7448205499105	2.103	27.388	7.084137931	117.2802077	98.277	-0.000278834
9814	48.33333333	108.606921395349	10.4497266	-1.23351391	6.10561748	4.76915207085	134.4417863918	1.09846292934	0.2678786855	-1.77074693133	-3.96528968648	0.32356531191	156.191865368	0.61451893605	0.61782453585	0.59271105102	1.10355006145	1.09562420651	4.13329235599	4.02112455223	4.09130654316	4.33198274723	164.4	167.419298703616	283.050496885	677.979517738	44.958028	46.758831	0.14492961862	0.28308477584	2.9211556710087	6.43942988240589	8.46927046569546	-36.3959780632113	128.101010101014	112.380340567235	25.405	36.5099	60.0293	22.162	0.68934	22.813636	0.092910806	2.09	5.91	0.6425	3.05	50.78160004	1.105697	0.00395123605	41.045	0.0079147318	0.8	21.78	62.6563426748	0.730385087938206	0.373204961251167	88.46153846	2	39.067	5.076952381	109.7111702	80.931	5.6e-05
9815	48	96.4559830952381	10.6739417	-1.16081991000021	5.8622134	4.77448513539	132.3450038095	1.17921601657	0.26596582089	-1.8566192889	-2.88427789083	0.32165896236	156.41463766	0.60477702017	0.62461107074	0.59055230877	1.10189775276	1.09597117289	4.11897040141	4.00382665055	4.09418363755	4.34455331907	163.784988320986	167.09092328365	258.307955791	674.354301771	44.421736	47.398543	0.14743927862	0.28384105853	2.70134782028798	5.69058919017469	8.16248154556987	-36.378793071065	123.546541606542	115.295168417733	26.418	34.2355	59.1962	22.204	0.57162	21.493944	0.090428506	2.06	5.82	0.725	3.03	58.90600518	0.994198	0.00376785941	39.289	0.0077136493	0.84	36.45	51.67677372143	0.807765635307336	0.35470449967108	64.1504598652422	2.22611111111111	33.992	9.756470588	130.5129215	95.515	-0.000141025207154762
9816	39	127.170439162236	10.7913845	-1.35666964000011	5.3639808	4.78939262879	132.3194282013	1.18018900168	0.26674593018	-2.16802858417	-2.98964649428	0.32145757446	155.507110275	0.6100560461	0.64085974049	0.5879213065	1.10201505567	1.09506176532	4.10920177863	4.00627189712	4.1010354105	4.362208964	163.67676101238	166.675860783667	247.021142392	679.781006301	44.82424	47.16991	0.14532727373	0.27882907555	2.57598485514128	5.98475376267818	8.0611923756213	-36.5407849443991	125.597010582011	114.03427559398	24.907	34.847	58.5856	22.1353	0.56716	21.208148	0.089869298	2.06	5.69	0.7	3.03	58.03699168	0.953511	0.00365692426	40.413	0.0076640697	0.8375	36.53	54.99194418636	0.791069463118581	0.331142911435786	62.5951847313603	2.211	32.407	4.659652174	99.57671113	96.784	-6.68100384880953e-05
9817	63.75	559	10.5079492	1.71065265999968	5.19868173	4.76173765531	130.9178442045	1.23546756581	0.27263756292	-2.09300479789	-3.05767001551	0.32071382073	154.329199265	0.60609909944	0.62704856539	0.57424964396	1.10061975138	1.09481160626	4.08500823593	3.99724129107	4.1171409284	4.34866510499	146.5	162.36873521395	257.497573602	654.014636367	43.292101	45.539783	0.14601913444	0.2839581019	2.38355666970379	5.29271219636695	8.06638306852021	-36.0317325231596	131.471371591379	111.008592405447	26.523	31.6955	57.2797999999999	21.8833	1.26485	22.928178	0.090191579	2.09	5.69	0.6775	3.02	63.63225836	0.96121	0.00363780944	42.337	0.0079285468	0.835	49.53	43.24439575997	0.57451327716711	0.0689124684069895	53.6958171941142	2.23702380952381	43.598	5.50207751055048	136.673211500473	87.452	-8.95750906474273e-05
9819	98.5	62.5	11.0449226	11.92404361	5.35241633	4.75405539749	126.5109829743	1.25336260018	0.2735737692	-1.17812305027	-3.2557186623	0.32053126803	160.785725193	0.60593112514	0.65082318079	0.62175123939	1.10395406829	1.0941760693	4.1790628146	4.03382970258	4.09470610917	4.36227082356	162.8333333	167	290.542867819	683.727133539	43.194558	44.05881	0.14048606722	0.28502835712	2.60183700153365	7.03751885302305	7.79952792705123	-36.9364819471	100	116.3545	28.028	31.8631	58.4875	22.4318	1.86603	26.570437	0.089454067	2.23	6.16	0.515	3.11	63.3175819	1.527441	0.00439274508	44.227	0.0085573967	0.7825	27.36	22.43744269587	0.875	0	55.9667840182706	2.162	27.236	15.5316272350172	106.477628314718	92.265	0.000159242629583333
9820	55.75	109.83	9.7901654	1.35762865999989	3.19486661	4.77359913409	131.4869600462	1.199337972	0.27069976603	-1.69191840384	-2.70196361794	0.32093615889	152.071951352	0.61048035493	0.6183311031	0.58502697644	1.10283542047	1.09586843469	4.08490966204	4.02136392066	4.097762436	4.37026472082	151.4285714	168.5	265.095895423	676.65515017	43.082356	45.097303	0.14300632858	0.28635954009	2.3259838524428	5.54746765028442	7.87375784941961	-36.3932581777	140	105.159	26.555	31.8507	55.4638999999999	21.8166	1.37733	23.226442	0.087221584	2.14	5.92	0.675	3.04	63.28124122	1.034051	0.00357575193	42.819	0.0079881564	0.7825	49.07	43.28787381229	0.967	0.017	56.6272616318663	2.26752380952381	36.502	6.69884132826133	132.659836423266	94.987	1.65712544677871e-05
9821	72.25	57	10.2590263	1.23468596	4.98938642	4.75947659199	127.8846386475	1.18283167681	0.26830902219	-1.42342136532	-2.71986840366	0.32574904582	156.6515768929	0.60569492696	0.63302682828	0.60520779139	1.1036203912	1.09610806195	4.10202947227	4.00680700756	4.08332148357	4.38041776702	164.8	167	310.76774074	688.467024521	43.338451	46.074991	0.14588475662	0.28805640636	2.4136896350049	6.28060641302234	7.9693121833436	-35.1530395232	140	116.3524	27.416	32.0382	55.9573	21.8681	1.31095	25.791783	0.088285406	2.16	6.05	0.6325	3.07	66.56405092	1.328136	0.00400211738	41.47	0.0082386403	0.795	34.9	50.30930407144	0.975	0.708	60.3570507129969	2.18533333333333	26.786	10.3021666013749	121.842519627255	96.887	4.48681506688312e-05
9822	62.33333333	290.6	9.9534298	1.31386455999989	4.24580779	4.7740613088	133.2802619818	1.2151062978	0.26594285371	-1.80869301806	-3.09864735009	0.32750762168	151.249371085	0.60368699795	0.61551925663	0.59380930667	1.10405661317	1.09596064914	4.0920787224	4.01500942167	4.0824514437	4.35176800532	163.5	166	277.926097405	675.022855881	42.886754	45.870803	0.14635073732	0.28895760433	2.68035674662054	5.58361817662514	8.05165987201589	-36.7453653349	100	99.3724094764	26.706	32.4804	55.7493	21.5679	1.19569	22.772908	0.083325512	2.16	5.89	0.6925	3.07	60.22748772	1.012914	0.00364658222	42.404	0.0079411613	0.8475	50.3	38.70553282965	0.333	0	53.1074771910634	2.38628306878307	31.067	7.5661056901763	139.675303082167	96.346	2.18588453011204e-05
9823	42	65	9.7399081	0.77403825999968	5.04334038	4.76761792901	128.4242412301	1.25011690563	0.27130143454	-2.01617376014	-3.08802437531	0.32339342829	156.100329819	0.6099892177	0.62801427497	0.57940210244	1.10221966258	1.09397181502	4.09759898482	4.01277430787	4.13540331435	4.35937235607	140.5	163	257.92608925	672.586181443	43.938237	45.786598	0.14677965146	0.28258498612	2.45343489876284	5.17415748584299	7.8508607241466	-36.2192020912915	124.774230985066	113.15920772007	26.386	31.6026	55.2776	21.5795	1.28981	22.733294	0.085273361	2.16	5.76	0.6325	3.02	68.73227646	1.048749	0.00360458371	42.557	0.0078913586	0.8075	49.51	44.5040952102	0.517	0.058	53.6403892229621	2.29083333333333	42.106	6.27734047070454	131.600220668147	92.25	-0.000108355601833333
9824	143	101	8.54131109999999	10.55283451	5.46479528	4.74303446816	129.7686651551	1.22623559434	0.27113011772	-1.340658478	-3.32689967818	0.32689512671	159.6273104149	0.60541759364	0.65311317275	0.61054534288	1.10295271164	1.09456331977	4.16635151763	4.00729072582	4.10941526489	4.34643323169	163.451454681066	165.566468521597	295.283586855	668.762291718	43.210978	43.768711	0.13706319743	0.27804017018	2.43620402096657	7.16566012255956	7.85659130222667	-36.9463644533	146.6666666667	113.7733	27.746	32.0524	58.8744	22.6634	1.70345	26.298522	0.090248295	2.2	6.07	0.445	3.1	61.63562238	1.486241	0.00444634377	41.274	0.0084027965	0.7975	29.44	29.07187476692	0.25	0	60.0375414526771	2.25333333333333	27.453	15.8828964015265	108.594286923738	89.486	0.000150750487804622
9825	63.5	125.17	10.7685167	0.726551259999893	4.16581382	4.76359454532	127.6932280962	1.25376033197	0.26938638835	-1.53521641711	-3.4448574674	0.32253492564	158.297175098	0.60494772833	0.61590992106	0.58242587748	1.10318140931	1.09429738332	4.08672922167	4.01840733223	4.09339426293	4.36446783094	160.5	165	280.588012121	678.006532747	43.233631	44.840746	0.14429746822	0.28381586944	2.59581385995981	5.96783940181977	7.9599548015951	-35.5046433431	106.6666666667	103.1745	26.935	31.6449	54.7059	21.7474	1.61013	23.791033	0.086605852	2.1	5.87	0.6375	3.03	66.21003396	1.107376	0.00381993231	43.056	0.0078383888	0.825	50.53	38.42844292194	0.025	0.008	53.8814098058169	2.52944047619048	31.6	7.16290735725226	132.560337587678	95.434	-2.09936989891641e-05
9826	73	74.5	10.7244175	0.675035379999893	6.23948672000001	4.78836596713	129.9352123578	1.18980234899	0.26989870605	-2.16787977767	-2.980602596	0.32325569284	154.153384034	0.608881247680001	0.62654329509	0.59974603088	1.10466512269	1.09566101756	4.07780938924	4.02391856071	4.11089716924	4.33689671574	161	165	275.679987674	675.019303259	43.120294	46.415344	0.14636659384	0.28528391186	2.35828897142762	5.59368374377143	7.87645991568289	-36.9164410764	86.6666666667	120.0481	26.775	32.3169	55.5665	21.7951	1.19129	23.385986	0.087495882	2.16	5.87	0.685	3.07	61.15917246	1.213577	0.00352333305	42.595	0.0079331418	0.8	44.52	44.42014488938	1	0.125	59.5223808065988	2.29631878306878	35.406	6.97341077005276	128.202773392067	98.7129999999999	-3.0720110401001e-07
9827	60	57.17	10.6401393	0.773342659999786	5.43958825	4.76468594509	131.5059290928	1.17985212636	0.26737069261	-2.1506942747	-2.96612294709	0.32449658084	153.766575836	0.60992020341	0.62466669155	0.59806796373	1.10184729436	1.09616682317	4.05832863239	4.03633121891	4.09298441967	4.35684568151	154.3333333	161.6666667	278.282351841	664.44411424	43.425726	47.393421	0.14674371572	0.28887548899	2.45084876244657	5.55494632392914	7.89646479082323	-36.268612925563	121.52539076688	113.514310604419	26.902	31.9748	55.1441	21.8809	1.04564	22.463482	0.086622273	2.15	5.84	0.6975	3.07	59.34188014	1.136487	0.00378177785	41.553	0.0079520944	0.78	43.57	48.01039401745	0.858	0.717	58.6921332932787	2.1675	31.703	6.37489202695521	131.595797165867	91.358	-2.112612360401e-05
9828	78.75	66	11.1601766	4.24677503999989	5.91964261	4.78210279447	127.1396839059	1.26650980655	0.2707632221	-1.29613061032	-3.0172611665	0.32429174371	159.289074164	0.59885353391	0.63724566618	0.60834041992	1.10469490328	1.09648775103	4.14372112119	4.01263757047	4.10629801264	4.36407677693	163.3333333	167	308.821670273	695.095830825	43.64011	44.8724	0.14373451639	0.2834839492	2.18062905130813	6.66741685378837	7.9240843872384	-35.6921640288524	127.002191190112	112.291239534718	28.101	31.6346	57.0969	22.4758	1.74547	26.860138	0.089176952	2.23	6	0.6225	3.04	58.61493866	1.468054	0.00422803019	42.235	0.0084104997	0.7975	33.75	37.71191806921	0.942	0	58.6576958042853	2.15973544973545	25.229	13.6989347633322	114.554871807994	94.3699999999999	7.3805944272578e-05
9830	51.25	72.67	10.3333093	-0.334597640000214	3.18679712	4.75482092862	130.5335393317	1.23769318035	0.26785443428	-1.96913596167	-3.44382600191	0.32742838339	153.268127457	0.60536794893	0.62613143668	0.58277113543	1.1029864222	1.09588950125	4.09038209571	4.02934873081	4.12299066481	4.38451757074	149.1428571	156.5	263.496509444	656.061349931	44.179938	45.886184	0.14608828266	0.28142482272	2.5095258004383	5.24851491576431	8.00274451908902	-36.5882140474749	128.590859351635	112.265782091726	27.499	31.9112	55.8786	21.8739	1.12907	22.851975	0.090819158	2.21	5.75	0.6525	3.07	59.38238586	1.142414	0.00364525168	42.367	0.0080645013	0.8725	43.88	48.86617640837	0.808	0.05	55.9735821493256	2.1725	37.606	5.2439444148875	130.373248454117	86.368	-0.000106311954686274
9831	88.25	260.6	10.4726645	4.01410182999979	4.01725562	4.74129268322	127.7538221934	1.22903649285	0.27185373015	-2.2469906658	-3.27234481114	0.32009805787	153.385064313	0.60324050765	0.62492037834	0.58886832183	1.1047973666	1.09531802503	4.08827619422	4.00133049757	4.1027834866	4.34911698759	152.3333333	163.5	274.433753977	680.276634764	43.2879099999999	45.1082	0.14219800351	0.28493335111	2.40010577866351	6.04032916890154	7.88729122899552	-36.0259621113284	123.015779159121	108.472037410212	27.076	31.2322	56.4656	22.0576	1.63254	25.081964	0.085549557	2.12	5.87	0.6625	3.04	62.84139722	1.060775	0.00390875524	43.632	0.0080183085	0.82	49.82	37.35030580586	0.595417210010108	0.0458733935218592	51.7846721162695	2.40585714285714	36.215	6.82623012810603	127.267697438795	90.527	6.81047209352057e-05
9832	90.33333333	68.5	10.91258	4.57944892999989	6.84883117	4.73457850093	127.2397195996	1.27940059615	0.27309502898	-1.85736958631	-3.04243467427	0.31793105829	159.493633509	0.60593263055	0.63287251269	0.58614656479	1.10208372918	1.09402205409	4.10196187342	4.0227942451	4.12394424247	4.38410048935	157.3333333	159.5	284.770893441	679.760204704	43.00731	44.290708	0.14501606366	0.28409287616	2.32377323203434	6.09805762084031	7.81193498391601	-36.1207907715909	128.679302734307	111.230094647367	28.296	31.725	57.0162	22.2348	1.67852	26.927918	0.088572202	2.15	5.92	0.5975	3.02	66.75239262	1.288816	0.00401689603	42.846	0.008178977	0.7925	39.25	41.13021050256	0.652823177257463	0.0660424407107874	59.1167036707432	2.21130952380952	28.349	9.02259449978994	118.9675155401	93.9199999999999	9.79863986170104e-05
9833	65.66666667	117.547189005602	10.4982238	1.93279185999979	5.50004031000001	4.7334279588	126.7803132934	1.24801507878	0.27449160263	-1.61276759424	-3.02126674461	0.31945859966	157.078919298	0.60694185989	0.63603706961	0.59104500401	1.10116463283	1.09415350513	4.10729780809	4.0273232916	4.10935841174	4.34943027214	157	163.5	289.127714541	682.081667933	43.157527	44.461269	0.14088079702	0.2850702529	2.6447620773238	6.28058107300859	7.77846462152626	-36.4481674206	126.6666666667	103.0419	27.482	31.7556	56.3882	22.1864	1.35184	25.512992	0.084744713	2.06	5.89	0.64	3.02	66.36093798	1.131413	0.00398277333	42.224	0.0079411382	0.8025	41.68	38.67354557788	0.258	0.008	57.5189011418983	2.08630952380952	30.55	8.17064327602376	119.728774232979	93.11	3.9633614398523e-05
9834	63.75	412.2	9.5832363	3.35052867999979	4.83227683	4.76788715498	126.848280346	1.30065554214	0.27638338434	-1.04508770768	-3.22551996054	0.32000313678	160.635494464	0.59624930687	0.62921834486	0.58584125522	1.10211356108	1.09431887145	4.09464386482	3.98191450092	4.07776395925	4.33914431708	163.5	167	275.419156281	653.235548347	43.047933	44.054784	0.14340335364	0.28589660747	2.52876882387098	6.20132625760704	7.9741458637907	-34.9274238398	100	119.2854	26.897	31.0784	56.8821999999999	22.0453	1.56626	26.200449	0.089232051	2.16	5.92	0.6125	3.03	69.62172146	1.210859	0.00389055701	42.469	0.0080157541	0.8	46.14	32.93131293544	0.033	0	52.4813452608536	2.52727380952381	32.445	10.5337143797593	124.977380371283	89.034	0.00010736888157563
9835	69.75	148.67	9.778352	2.09992585999989	4.61299402	4.7699120091	132.4653735077	1.20808008459	0.27032832785	-2.06416487659	-2.65822868629	0.32282899233	154.396632336	0.60809864184	0.62268547809	0.59868767866	1.10382618342	1.09546312486	4.09162903963	4.01055460972	4.09843099442	4.34715759393	161.1666667	164.6666667	268.308868814	670.866577279	42.733977	45.748289	0.14436368805	0.28471280509	2.37700502145725	5.49598217821616	7.86732846844033	-36.1201702859764	120	106.5114	26.274	31.5327	55.7804	21.8887	1.24601	24.437432	0.084959168	2.09	5.76	0.6825	3.06	63.01400622	1.065617	0.00366403879	42.013	0.0078092549	0.8075	49.29	40.96916627329	0.933	0	56.1543680049032	2.18285714285714	35.59	7.50936905065559	130.429519004542	99.021	6.2549156268539e-05
9836	128.5	108.5	8.7189297	11.37499354	4.21008168	4.74736926889	129.0427991485	1.24854038221	0.27629953521	-1.33254730938	-3.37091971904	0.32407468195	159.783880101	0.60766674607	0.63890381802	0.60312188519	1.10405842327	1.09635606488	4.1584852783	4.02675020999	4.11477973679	4.37826975622	167	165	297.188742757	671.060965145	43.063744	43.89756	0.13933106859	0.28211952938	2.62776560173751	7.33120413128681	7.86717301479276	-35.5284865654	163.3333333333	104.9555	28.291	31.6096	58.7263	22.356	1.96723	26.072166	0.086728974	2.16	6.08	0.5075	3.08	63.37383216	1.45515	0.00490637959	41.707	0.0085321753	0.8275	31.66	10.42562164529	0.721792764423017	0.156953260108982	60.3651102526611	2.21	24.067	15.3590254410885	105.900137917266	87.044	0.000220567108852241
9837	64.25	67.83	10.7235322	2.03550135999979	6.50947262	4.75887243461	126.8023973153	1.27632774233	0.2793776056	-1.45994837351	-3.10144245395	0.31905319704	152.975146804	0.60401507649	0.62465948021	0.58309264359	1.10196526043	1.0930726278	4.08747026016	4.01263809561	4.11868863417	4.34885828622	149.2	162.3333333	274.353713649	657.360543765	43.309074	45.129719	0.1446140108	0.28434488083	2.39140285275979	5.47725270370171	7.90557957279684	-36.1937899659817	130.6688448556	112.81410111722	27.064	31.0492	54.2947	21.7428	1.58373	24.453738	0.087111576	2.22	5.95	0.635	3.02	67.54917516	1.26992	0.00384029048	44.263	0.0079891957	0.8375	49.84	39.38456173535	0.017	0.008	49.8500811815237	3.01917592592593	29.947	6.89974509478496	129.903225038393	91.411	-1.88326586386555e-05
9838	67	58.67	10.440451	0.169477559999786	5.10864524	4.76401605967	129.4078323387	1.22612261616	0.27902403955	-2.19497485907	-2.67357598501	0.32850685802	149.3011394979	0.60549559704	0.62853657854	0.59257931183	1.10406299206	1.09725181286	4.06766460793	3.99735904175	4.10357521147	4.35234702392	148.6666667	161.3333333	264.18939023	677.485141635	43.441057	45.756818	0.14603295944	0.28678451978	2.35594589487494	5.12899086563798	7.74497919712403	-36.3270094859736	120	112.2035	26.625	31.4505	54.9514999999999	21.7811	1.40161	23.151164	0.086865404	2.15	5.78	0.66	3.05	65.99469942	1.173742	0.00383153336	42.006	0.0079363485	0.81	51.55	46.14216208279	0.925	0.008	56.2563850006756	2.2125	35.098	6.06376210206481	129.513945850454	90.187	-1.74997493571429e-05
9839	115	93.75	9.68490859999999	15.26632374	5.10712827	4.73151902413	129.8123167713	1.26730972093	0.27909186081	-1.07959921615	-3.15096097988	0.31956475442	158.885897014	0.60994390841	0.63598642148	0.61628445499	1.10456408648	1.09615778408	4.16516313696	4.01733813112	4.09856244904	4.36378882929	167	166.759107411803	284.021712977	675.176293829	43.299886	43.785522	0.13573521744	0.28408957291	2.33988916208111	7.02275460111897	7.64238133683832	-37.0783370512	60	158.1417	28.059	31.8387	57.0868999999999	22.4255	1.76697	27.004017	0.089704195	2.28	6.2	0.5325	3.1	65.29982132	1.493844	0.00451584787	44.425	0.0085541571	0.8025	32.43	19.15925756967	0.992	0.45	56.9891822852	2.36333333333333	29.402	15.2752065695748	109.535043095882	93.006	0.000162070846435574
9840	120.5	76.2	10.703747	6.89260171	8.37956577	4.75783249383	128.5948660494	1.25042525418	0.27734952659	-1.45964231745	-3.05408405236	0.32390296207	160.6968552	0.60819865499	0.64227981241	0.599227423	1.10307065162	1.09456404244	4.13174915725	3.99984500096	4.10694664662	4.34003581686	163.8333333	165	304.67855237	669.15391453	43.46667	45.040251	0.14465291338	0.28145295548	2.51091078184351	6.47458933298316	7.87855078002246	-37.2408445305	160	110.2184	28.55	32.0242	57.8224	22.3376	1.60739	26.503271	0.086440693	2.21	6.07	0.575	3.04	67.70342516	1.409197	0.00399263378	40.211	0.0082474715	0.76	32.97	36.28421818669	0.697502022058824	0.0968228250724515	59.7784257758485	2.184	29.85	14.5285713145641	115.012721818339	89.929	9.06922320128377e-05
9841	68	168.5	9.9215685	1.93835515999979	5.04599292	4.76233339653	130.3655010248	1.22378913266	0.27165758131	-1.64190471386	-3.15971931696	0.32732007876	156.946841236	0.60445131003	0.62135554241	0.59893906002	1.10301220295	1.09510941136	4.10285744848	4.0145007074	4.09915707747	4.35829105844	164.2	169	294.615800127	699.187077965	43.012298	45.168288	0.14475849296	0.28791015924	2.34621713845511	6.24863654326799	7.89983538342859	-35.3541422167	113.3333333333	108.7066	26.793	31.5093	54.4928	21.7429	1.40233	24.757459	0.08627511	2.16	5.91	0.6475	3.07	63.79052074	1.127258	0.0037346619	42.128	0.0080370013	0.82	46.25	40.6098241247	0.783	0	55.8147962335536	2.42735714285714	27.121	8.13621438959964	129.305023957318	97.822	6.03437282296919e-05
9843	58.66666667	71.33	10.2599045	-0.246155940000107	5.67813241	4.78864665648	130.2251721395	1.23448933544	0.27284647339	-1.36789266238	-3.56715113731	0.32144504639	150.9244619999	0.60708849254	0.6278050256	0.58009158966	1.10435695135	1.09525354388	4.08723111114	3.98398110327	4.10028052573	4.37300905595	154.75	167	273.531909996	676.835776878	43.033243	45.673268	0.1454550736	0.28427673565	2.23764180314691	5.57603415801728	7.77763879819408	-37.0581620557	150	109.5134	26.527	32.0164	55.4936	21.6736	1.37739	23.222661	0.087970716	2.18	5.75	0.655	3.02	59.45498762	1.150932	0.0038713211	42.408	0.0080327004	0.8125	49.31	44.35294024083	0.825	0.1	54.992598445407	2.2525	30.428	6.90729965824281	134.819153557892	95.741	-2.24381111161482e-05
9844	84.25	92.25	9.8821938	3.23928971	4.8652867	4.76128713539	127.5291810293	1.25802189035	0.27515957389	-1.7159316129	-2.86571223153	0.32278969114	159.052223804	0.60717935761	0.6478599331	0.61041619297	1.10301650933	1.09577602755	4.15280282593	4.03572566387	4.11183817391	4.36019924188	164.57581387754	167.120832788745	313.845061823	675.118476225	43.478152	44.464056	0.14166243592	0.28413939672	2.37091032777687	6.4844624236972	7.88489863913031	-33.4952168781	140	112.2617	27.569	31.9126	58.2895999999999	22.5355	1.61409	26.746583	0.084520786	2.25	6.12	0.5875	3.05	62.67706818	1.417247	0.00411093841	40.205	0.0082464081	0.835	32.09	38.84618720835	0.781978033580518	0.146294645687742	61.7729596346262	2.1	25.283	12.768460678675	116.794595781987	88.5409999999999	8.46830396535303e-05
9845	65	98.83	10.4287513	2.15190295999968	4.80987637	4.77506736407	128.6061386617	1.22988158743	0.27037265272	-1.8302790114	-3.02485583576	0.32409256909	156.1016299679	0.60673206673	0.62690305117	0.598011329	1.10166429922	1.09607589325	4.09286703392	3.99421106241	4.0902341456	4.31716301783	156	156.5	281.11976863	682.284541425	42.490082	44.769202	0.14351398652	0.28571468386	2.46613495623556	5.77993567334506	7.80019145025944	-36.1501869027563	100	108.9523	26.883	31.7827	54.1026	21.7417	1.51712	24.114211	0.082979923	2.12	5.78	0.6825	3.06	66.73758192	1.159756	0.00367176269	42.073	0.0079001183	0.815	43.28	40.96495038912	0.958	0.117	53.6974817806204	2.29166666666667	30.231	6.71194589119729	130.075699530874	97.921	1.80425344394073e-05
9846	119.6666667	114.33	10.0684873	15.4421011399999	2.70456851	4.74436909384	129.4441913062	1.23746033712	0.27393073364	-1.69308624861	-3.52185296195	0.32830838926	156.198874363	0.60757811238	0.64031425592	0.60669406464	1.10719061185	1.09813397407	4.19384383375	4.03866764881	4.09954503374	4.36431104023	166.5	166.311528977076	297.157158945	664.840288012	42.77766	44.148995	0.13823136333	0.2801368599	2.59118330039446	7.11535270452613	7.80469868279731	-35.4321351655	153.3333333333	116.5169	28.211	32.0116	59.7018	22.7236	1.9146	26.503985	0.088513328	2.24	6.06	0.495	3.12	63.58980462	1.502982	0.00479833309	43.307	0.0084092931	0.7825	27.94	12.30089069922	0.575	0.033	60.5666858472463	2.06	29.429	15.4797334263267	110.189062597772	89.954	0.000156795232685574
9847	45	119.33	9.6583894	0.504042859999786	3.85341834	4.77872268399	129.1941813552	1.25601831406	0.26569831182	-1.84923952663	-3.14918824695	0.31972748701	153.0992617039	0.60798383639	0.61958899791	0.57641178075	1.10304063153	1.09386899553	4.07211006299	3.9964048525	4.12071454365	4.35090552461	153.2857143	162.8333333	253.670190621	671.977093258	43.480939	45.484143	0.14233483551	0.28588485568	2.30839456648024	5.5288141821522	7.98925834714172	-36.2246748650551	124.013644654567	110.869609886382	26.55	32.1212	56.2110999999999	21.5756	1.21836	22.436326	0.090618517	2.11	5.8	0.7	3.04	65.39581692	0.935481	0.00382011439	42.626	0.0079453652	0.835	53.43	42.2543197183	0.017	0	50.8809224791038	2.27019047619048	49.005	5.10906813320138	135.155596795684	90.7929999999999	4.35256303044376e-06
9848	98	114.83	10.6686591	3.54245000999989	4.07361541	4.74821132907	128.1898016242	1.23678106906	0.26837463288	-1.93541150963	-2.89257508934	0.32256538892	155.190700126	0.61004725508	0.63971940747	0.59602851162	1.10008958002	1.09420381752	4.13010566404	4.02661793655	4.08792740269	4.3660554867	161.4	172	300.37543877	686.551029784	42.946104	44.451782	0.14200913101	0.28446418814	2.46431718577614	6.40402388143208	7.78667069591108	-37.3353429495	156.6666666667	117.7525	28.196	31.6613	57.5929999999999	22.4473	1.60353	26.152708	0.085485131	2.12	5.98	0.655	3.07	63.69507682	1.273802	0.00397790746	39.941	0.0081199331	0.7625	34.83	40.71357239546	0.433	0	62.2469133249245	2.09916666666667	29.668	10.9905625057519	116.572512443089	90.4709999999999	0.000157428147820197
9849	99.66666667	62	11.5170392	11.22216581	5.52224066	4.77319783243	126.0262766045	1.25160111328	0.27657775672	-0.96980005712	-2.68172704538	0.32383879336	158.030906543	0.5994550338	0.64911133054	0.6142280434	1.10453008697	1.09652548773	4.17183756815	4.01613223413	4.09287691598	4.37303370564	164.2	167	309.968198001	673.077385014	42.695056	44.33379	0.13896721178	0.28852467536	2.56532234099406	7.10582292253332	7.69816755245262	-35.8284387313	140	105.1683	27.978	32.6206	58.6984999999999	22.5043	1.99223	26.400822	0.083765924	2.26	6.16	0.5175	3.07	62.40825468	1.541329	0.00434433412	41.465	0.0085260997	0.7425	30.77	26.92318360364	0.95	0.025	59.1945988195905	2.12	30.263	14.3933778479362	116.737244420648	93.7299999999999	0.000137971676932773
9850	83	93.17	9.89702459999999	12.6616999399999	5.13391704	4.78293781229	129.4095113632	1.25275587939	0.27489426099	-0.94684289006	-2.90973389639	0.32433639453	157.241784452	0.60394711772	0.64088474342	0.60804060852	1.10608007625	1.09594283536	4.16838994435	4.02634925954	4.09516999322	4.36592384461	166.6666667	165.813858974453	299.626614559	678.213138549	43.025219	43.687509	0.1378836439	0.2851211726	2.49995544648361	7.17075314547172	7.82425006976826	-34.3170379069	146.6666666667	98.3173444709	27.939	32.1369	57.9607	22.547	1.8753	26.11371	0.08808715	2.33	6.19	0.5525	3.12	63.05409346	1.59716	0.00476171403	42.786	0.0085416979	0.7725	30.36	25.78779926026	0.867	0	57.8949689717296	2.17925925925926	26.659	13.8845492133823	109.770237094083	88.7	0.000121065735170868
9851	144	62.4	8.4394173	9.10213321	3.99585793	4.74427867027	130.6029185933	1.21842706878	0.27245018847	-1.29512996212	-3.48718665616	0.32565621811	159.257653791	0.60889963608	0.64772550318	0.60428529302	1.10403796195	1.09506760267	4.1694980738	4.02483974949	4.099508412	4.36246958701	165.184725235079	165.882631499532	301.806642878	660.679290934	43.601393	44.209004	0.13881458601	0.28088651377	2.23163569134284	7.15893937689815	7.8132359918926	-37.068325798	160	110.6327	27.967	32.2984	59.3130999999999	22.5865	1.73825	25.271131	0.088593706	2.27	6.09	0.4975	3.08	61.76943384	1.532173	0.00447214915	40.295	0.0083521169	0.8025	23.75	28.69852142475	0.883	0.358	61.3839513915315	2.105	30.404	15.1069607824632	113.544131241632	88.934	0.000126723092440476
9852	67.33333333	62.83	10.3732713	1.92966015999979	4.28271261	4.77126063887	130.1130072801	1.21885627981	0.26996953916	-1.47235766021	-2.70709827885	0.32218621217	152.409821016	0.60392066438	0.62194901037	0.58892813185	1.10301229924	1.09558696266	4.08428892711	4.00248178763	4.09461719615	4.36516612127	156	167	279.368108975	668.749176037	42.716044	44.798743	0.14742693277	0.2877302426	2.49729501056985	5.67744861937959	7.93011089226572	-36.0831691381	106.6666666667	108.6407	26.832	31.6259	53.3658	21.5727	1.43532	24.044343	0.0867705	2.23	5.87	0.675	3.08	62.48581092	1.223462	0.00379946051	43.777	0.0079220551	0.815	40.75	49.56233557962	0.892	0	57.8780858183915	2.33714285714286	33.823	6.87602078770635	129.038791451226	94.325	1.0875181539916e-05
9853	35.5	61	10.2464392	-0.222832620000214	5.48045972	4.76040838321	131.3292921196	1.2174784836	0.26887232946	-2.2564871612	-2.86292965561	0.32489320221	152.352525654	0.60487728275	0.62087119377	0.58967723394	1.10025865245	1.09556433908	4.08015057393	4.00152991182	4.10101337898	4.36072944458	147.3333333	154.25	268.387951157	674.125217112	43.055307	46.105572	0.14673238697	0.28602544848	2.53683734859875	5.28438528358065	7.90075605939466	-38.0427791431	93.3333333333	130.9509	26.927	31.8613	53.8620999999999	21.5744	1.01852	22.101796	0.089827482	2.24	5.77	0.645	3.06	62.78027542	1.197821	0.00383070589	42.995	0.0080241723	0.8425	46.94	46.8324298428	0.983	0.408	53.6832209553035	2.40759259259259	38.235	5.60972193594133	135.330356473263	93.304	-2.76705438053221e-05
9854	40.66666667	120	9.7089913	0.498480359999786	3.33832404	4.75604411476	130.0601485922	1.24098535912	0.27025050139	-2.01178297779	-3.20001151653	0.3184850735	147.304656481	0.60466087993	0.61495508852	0.57366038527	1.10344938818	1.09469663199	4.06736242797	4.00707205789	4.11998728363	4.34884975846	142.4	158.3333333	244.816887012	680.447582918	43.262954	44.982646	0.14048710064	0.28659618415	2.3073145638714	5.32346638526971	7.98086144950876	-36.2533442719313	121.584761245322	111.945971364984	25.676	31.4692	54.8661	21.6924	1.26805	22.171435	0.085939498	2.17	5.84	0.67	3.05	60.17143796	0.995729	0.00381496295	44.707	0.0079117299	0.8275	53.42	38.49543113182	0.192	0	47.0438137083065	2.2526164021164	44.024	4.96459342212355	139.106769676811	91.814	1.0185210372549e-05
9855	61.66666667	262.25	9.5412694	1.70277605999979	3.17826196	4.76430391968	130.6523135296	1.32040258954	0.26678257063	-1.86227850602	-3.09502463619	0.32289120462	151.663852045	0.60324020183	0.62337495182	0.57401756978	1.10238054886	1.09758442149	4.0793016563	3.99384012696	4.10613714987	4.35861992183	151.2857143	163	276.004287048	666.434651787	43.442591	44.656447	0.1438654472	0.28754800823	2.43924999572064	5.35752614551218	7.95023815121424	-35.8228275459	173.3333333333	101.8418	26.378	31.5687	55.3914999999999	21.6253	1.58603	24.247158	0.08962642	2.14	5.8	0.6575	3.02	62.12460446	1.059438	0.00374704981	41.289	0.0078939787	0.865	50.2	39.32283710396	0.625	0.008	52.5861222997687	2.42794047619048	33.888	6.39232147517591	135.971919894893	95.0869999999999	-6.33828149999999e-06
9856	63.5	109.17	10.6994119	-0.00303954000010673	6.12333135000001	4.78859951291	131.9499832897	1.19135525381	0.26897850385	-1.91182794195	-2.94212441358	0.32180506367	153.1280762719	0.60421626166	0.62826503894	0.58890375459	1.1013098042	1.0951369121	4.11684973891	3.99760041849	4.09600710593	4.34278958849	160.893373318957	164.486158217982	270.805387459	679.027753015	44.359084	45.745188	0.14534092073	0.28307707934	2.72933841550514	5.4305229688273	7.9608837351074	-36.7855251627	120	111.5692	26.431	32.2065	57.3785999999999	22.0144	1.06762	23.366969	0.087230804	2.05	5.84	0.6975	3.02	63.04093018	0.981133	0.00370756501	40.104	0.0078893233	0.81	48.1	43.10293012185	0.744937626924808	0.183320752894131	58.0884251993703	2.31310714285714	34.549	6.51223536411488	131.161116065879	92.101	-6.57873098028896e-05
9857	66.5	104.8	10.2551344	1.55878875999989	5.68007152	4.76919493158	129.1859173141	1.21336315566	0.27157540678	-1.80380390677	-2.57627949104	0.32515359502	155.6662411429	0.60507338988	0.62809005925	0.59642525583	1.10276249019	1.09487122432	4.09903038109	4.01464850826	4.08453519622	4.35560297875	161.001001138692	165.570521124134	285.748822508	690.946362186	43.477772	44.90729	0.14588995075	0.28427215137	2.60659773045629	5.86605997756426	7.92285489250977	-35.6208007735	106.6666666667	98.12065584	26.66	32.1279	55.6242	21.9404	1.35929	24.454838	0.086028736	2.08	5.85	0.685	3.05	65.02349718	1.19968	0.00378799558	42.343	0.0078579175	0.8125	42.52	43.05797109567	0.842	0.258	58.7938809438043	2.29848544973545	27.716	7.20975844229041	129.590215785763	95.127	4.58804738679788e-05
9858	123.5	111.17	8.9347714	10.69803191	3.16419766	4.73904624367	130.2606817277	1.23456857008	0.27135680721	-1.6618941071	-3.00317894102	0.32556160265	159.404589106	0.60726421655	0.64905836385	0.61678418432	1.10265181463	1.09439886582	4.1816490117	4.01726899354	4.10266332658	4.38012663389	164.476646604349	165.705369843903	303.782625138	674.678037334	42.825269	44.370497	0.1410850115	0.28238518362	2.57274385953292	7.51380059344462	7.81805950529478	-35.4490124522	126.6666666667	111.0016	28.011	32.2389	59.5782	22.7967	1.87677	26.110503	0.084301436	2.18	6.13	0.49	3.1	61.21170614	1.562431	0.004730139	40.642	0.008255896	0.8	28.05	20.96887935527	0.808	0.058	61.5412806448694	2.08	28.885	15.4104556802722	108.647540726654	91.694	0.000113598066535714
9859	83	408.67	10.0434495	1.93103872999979	4.54085875	4.78074088447	132.94218716	1.21323346272	0.26925806117	-1.83148478576	-2.76972105554	0.32320668599	154.5445070639	0.60671353586	0.61967362179	0.57834245287	1.10087859241	1.09511360462	4.10125127941	3.98906611693	4.09097214649	4.35587927643	159.892776105786	164.181678950389	260.218485213	668.32849943	43.360613	45.283999	0.14331478235	0.28479556215	2.25964284566967	5.81964943498082	7.82839794140849	-36.0012904303859	146.6666666667	105.6179	26.787	32.1454	56.9652	22.0287	1.51651	24.71104	0.0840853	2.07	5.85	0.6875	3.04	64.91585026	1.092153	0.00375603255	39.374	0.0078167986	0.825	49.63	40.77905680094	0.767	0	54.2904191419883	2.33585714285714	32.552	6.18107653424907	131.778224491972	99.898	3.07911533679788e-05
9860	64.33333333	56.8	11.0371443	1.41006005999979	3.6847696	4.75039765574	131.1010881382	1.19727750987	0.27184540885	-1.00824032287	-2.94810518866	0.32451530099	158.104171758	0.60699096629	0.64613786086	0.60096892514	1.10160497914	1.09458560317	4.15823169269	4.02200674081	4.10732231091	4.36796332045	163.20720928356	166.647096537313	317.219503808	691.485088813	42.891885	44.974499	0.14458172095	0.28524282159	2.45709653247911	6.33944941076486	8.02012703024841	-35.7474851123175	193.3333333333	114.4943	27.516	32.0345	58.6219	22.2909	1.30877	25.920618	0.086005009	2.17	6.09	0.585	3.05	61.88061322	1.371047	0.00445854607	40.669	0.0080729258	0.7775	32.53	51.55082106839	0.992	0.483	62.2919360465459	2.116	21.235	11.3140254617504	119.521051403935	92.6789999999999	4.65127486318854e-05
9861	114.5	74	9.31328159999999	5.71436301	5.81508916	4.75085435213	129.4947938672	1.21912314661	0.27206818325	-1.33461617712	-2.86391738228	0.32484139475	160.8483878749	0.60562482255	0.64760053833	0.60995899187	1.10277888709	1.09571010788	4.1513919084	4.02220390373	4.09084086523	4.35296731988	163.713876385574	167.223106880366	303.594783149	673.454083651	42.958556	44.213567	0.14278275319	0.28565424969	2.37275125525078	6.6991063033309	7.94050909350894	-35.5926797544	113.3333333333	105.2381	28.724	32.5758	59.287	22.4551	1.66042	26.910564	0.083539189	2.22	6.05	0.5525	3.06	62.92375768	1.596972	0.00422804831	41.92	0.0083157737	0.81	30.73	43.34177466428	0.798145260274139	0.189896442972096	62.5493465236359	2.12	27.645	14.2967744115156	115.697799321961	93.5069999999999	8.60862040582923e-05
9862	53.75	176.67	9.7475843	0.550406859999786	3.73956288	4.77496355035	128.0818067709	1.23262315093	0.2682031157	-1.32729892535	-3.04839390535	0.31912177114	152.572895993	0.60691540471	0.61755456921	0.57974384423	1.10080220456	1.09330064973	4.07489244631	4.00397714905	4.12885078016	4.34693502255	156.828041347135	162.956428893547	250.435651571	670.164280748	42.842405	45.200131	0.1401639458	0.28483974655	2.287249760967	5.53914553188712	7.93429145663556	-36.1695425172341	123.506599138361	110.882690360177	25.99	32.0871	57.3130999999999	21.6657	1.32555	22.557041	0.084752401	2.09	5.77	0.655	3.03	65.12699772	0.973727	0.00369165671	43.193	0.0078217262	0.825	51.72	44.14053996157	0.142	0	51.2257050073687	2.34019047619048	43.955	4.92428014149855	136.209184624025	89.048	-6.14566136222913e-07
9864	57.25	109.5	10.3496803	0.494485359999786	4.23340074	4.79197160289	131.9251279883	1.21203000989	0.27050331645	-1.92363124122	-2.42551076515	0.32276775811	150.768486928	0.61129521379	0.62119236337	0.58691396991	1.10156106189	1.09678521643	4.09680245446	3.99599961809	4.09653510257	4.34702413907	160.263419192707	165.140939134889	257.816724571	664.519005345	43.7898	46.715927	0.14861480428	0.28870365903	2.54707504609311	5.46737884734844	7.96264222261013	-36.5824632976	106.6666666667	121.6756	26.228	31.9532	55.5197999999999	21.666	0.87372	22.249655	0.087183265	2.08	5.75	0.6775	3.04	62.01050224	1.03692	0.00382965975	42.745	0.0077877404	0.8275	45.64	46.89499146037	0.967	0.942	59.3465736662591	2.311	36.498	6.3671636698281	132.90801664283	96.114	-2.04232817076515e-05
9866	118	117.83	10.696351	14.4804782399999	5.1691129	4.74259551609	131.2191109182	1.25458854888	0.27642102949	-1.5645013062	-3.44867647252	0.32399198809	163.469438388	0.59883267758	0.648603373210001	0.60578598293	1.10619174902	1.09523449248	4.18740780376	4.0442174915	4.12354523479	4.36013605695	166.6	166.530396864229	288.856709737	672.802116991	43.051052	44.049236	0.13637792873	0.27909242138	2.56882016138335	7.41646626831209	7.83742568934728	-35.311540231	156.6666666667	112.6944	28.266	31.9358	59.1666	22.7767	1.78925	26.245205	0.090072345	2.23	6.08	0.5425	3.1	63.41503268	1.426316	0.00456400353	41.797	0.0084475368	0.77	31.17	17.52019213971	0.875	0	58.6732857884735	2.18611111111111	28.414	15.6795000011966	108.421810046507	92.031	8.44911656022408e-05
9867	101.6666667	81.67	11.7677113	11.1104862099999	5.29001371	4.77913004061	126.4761426926	1.2379519371	0.2697947403	-1.44802554302	-3.0916530473	0.32309866185	156.091600764	0.60596409016	0.63789093735	0.60921036	1.10359910596	1.09499790679	4.16878563207	4.0336477622	4.09973138797	4.37253184438	166.5	167	290.070798117	680.486446779	43.164053	44.259982	0.14147591915	0.28486036911	2.58572512926646	6.87272579524018	7.72603898989385	-36.4745308218	106.6666666667	115.3497	27.957	31.7507	57.7376	22.3297	1.80608	26.698548	0.086467422	2.25	6.1	0.555	3.06	64.14543086	1.474236	0.00432726082	43.309	0.0084663691	0.78	33.17	25.53220717847	0.55	0.342	55.3427057668253	2.24059259259259	29.1	14.669971390266	111.071959311431	91.429	0.000176865876932773
9868	68.66666667	76	11.1727144	0.0985945799998932	5.34200339	4.76809618375	128.5470692704	1.25527109545	0.27837679708	-1.67851278611	-3.4520727947	0.31996665258	155.5875563999	0.60853298873	0.63319891943	0.5904689603	1.1024463671	1.09455656027	4.09870806883	4.02133595945	4.08888778511	4.37548779583	160	168.6666667	293.203739751	678.595236406	43.567773	45.195773	0.14290290579	0.28403574365	2.56740507219478	6.37149364565209	7.88545764776304	-36.4368314734	86.6666666667	121.8978	27.756	32.34	55.0461	21.9833	1.36663	24.481775	0.087283974	2.17	5.92	0.645	3.02	65.23393846	1.213694	0.0040491478	42.073	0.0079346888	0.79	40.49	41.73938288297	0.925	0.3	56.7793301198636	2.20714285714286	27.639	6.7391714084817	128.341051932102	92.8109999999999	-2.39533235171753e-05
9869	80.75	158	10.7111522	2.48047375999978	6.03102829000001	4.75470650327	127.9181740229	1.25243883237	0.2736116262	-2.32562288912	-3.48437613411	0.32181635774	157.03345692	0.60837120721	0.62644948863	0.59127840218	1.10165546142	1.09417758383	4.09159787353	3.99830064632	4.09170084214	4.36637103272	157.6	166	290.030768783	696.524498112	42.715024	45.349614	0.14184314784	0.28372917964	2.36743045094987	5.53299971794629	7.83847619296651	-36.0434269008782	128.490617283951	110.813719196095	26.32	31.2454	55.3921	21.7339	1.46647	25.322137	0.084524604	2.13	5.79	0.6725	3.02	67.94221346	1.006013	0.00381141082	41.887	0.008017241	0.8225	46.75	42.17213371495	0.668289456343513	0.0538867089980497	55.9000611465484	2.35916666666667	37.198	7.15270990499856	128.53775591022	90.187	1.67293227731092e-06
9870	111	97.67	9.1943521	5.7198187099999	5.49466641	4.77464703708	126.7748992051	1.24755098407	0.26882695264	-1.75000838359	-2.82917230517	0.32237195133	159.9637314959	0.60903085005	0.64438838519	0.60956838666	1.10451401559	1.09544728187	4.16742013673	4.0217681519	4.08771628167	4.36712240904	162.3333333	169.6666667	301.652353107	660.697182313	43.162055	44.299146	0.13824557146	0.2854866353	2.57378651161468	6.80808155254181	7.85152189890898	-34.2460367212	153.3333333333	107.858	28.393	31.8988	58.6418	22.5194	1.81739	26.846993	0.088568156	2.21	6.15	0.5225	3.07	63.67608486	1.565383	0.00420718269	41.932	0.0082670555	0.755	30.59	36.27005106031	0.690305115341177	0.162439212995435	61.396184455413	2.17333333333333	24.893	12.7039042257167	109.751100096266	86.733	0.000144573763137657
9871	117.6666667	67.67	10.5511069	13.9460983399999	5.88433136	4.73193408846	130.5314360204	1.28943358381	0.27326801169	-1.09341988427	-3.08188909408	0.31961741647	159.075783884	0.6048976126	0.63896676244	0.61539329448	1.10544197335	1.09589015448	4.14275578251	4.01224058357	4.10122099655	4.36529514006	165.8	165.397585127575	288.572385258	663.606593308	43.222658	44.270824	0.13710854873	0.28433523971	2.42147699690286	7.39967681745605	7.77323302625093	-35.5100235680492	128.303008250004	111.425528597359	28.484	31.7873	58.1082	22.7915	1.81583	26.94611	0.093211909	2.26	6.14	0.49	3.06	64.67654916	1.496067	0.0050876053	42.748	0.0086146812	0.7475	31.21	19.95725914041	0.133	0	54.4270935431104	2.51325925925926	28.188	14.9945784813224	104.571982796787	90.906	0.000146925356935574
9873	55.66666667	417.17	9.8298295	0.865618159999679	4.80046577	4.7697070432	130.2420063117	1.26047155817	0.27184457174	-1.94265518065	-3.48216164383	0.32347412206	150.613823843	0.6054813588	0.62298588025	0.57664022364	1.10147829328	1.09542560669	4.06096592937	3.99852691084	4.11647973977	4.36570329938	138.375	157	251.891390084	676.474552685	43.525913	45.014482	0.14322700761	0.2840698168	2.40054960330477	5.35631110597121	8.03772010373288	-35.955766944974	123.960087523984	115.187151552942	26.573	31.1107	56.2605	21.7267	1.30524	23.418486	0.088330062	2.18	5.83	0.6775	3.06	63.58280826	0.969818	0.00353446795	43.829	0.0080240064	0.8525	52.75	35.62664160251	0.867	0.042	50.6099592535492	2.5926164021164	44.164	5.33634171630312	130.438662339489	91.152	2.57123894716202e-05
9874	56.25	65.4	10.0629103	1.19532495999989	4.81248632	4.76872191386	130.9541941903	1.25540209667	0.27312471504	-1.52691958603	-2.82115975312	0.32477748434	151.69699932	0.60465574567	0.62180310058	0.59372870367	1.1047845054	1.09471848846	4.08392455491	4.01929301848	4.10278945123	4.36437964831	147.3333333	161	265.014984226	673.525689478	43.346148	45.014415	0.14422668547	0.2878528309	2.4112104501422	5.51766606773048	7.81560218682062	-35.5638597947	103.3333333333	123.871	26.823	31.8948	54.7682	21.7749	1.46224	23.422327	0.087469598	2.23	5.9	0.6325	3.05	63.61726566	1.142476	0.0038641264	42.864	0.0079687572	0.8625	47.34	43.05206558047	0.017	0	52.4564058933369	2.50625925925926	26.982	6.17980551887623	132.037571515327	92.272	-2.08157280087719e-05
9875	44.75	174.5	11.4460628	0.618976359999893	4.76425654000001	4.77209854098	132.457419296	1.22816699305	0.27120147525	-1.32493315362	-3.22103088527	0.32042938152	151.021632246	0.60303135862	0.62477964896	0.57476304501	1.10235003434	1.09551406703	4.08217595803	3.95164138993	4.11162683684	4.32117536154	154.5	163.5	260.817486653	663.607567981	43.240509	45.761763	0.14519595041	0.28378219988	2.3312566629686	5.10728916880233	7.84547523647003	-36.1614503128646	126.855611484029	111.25912926113	26.269	32.2918	57.8179	21.7455	1.04477	22.129139	0.08979418	2.1	5.67	0.6325	3.03	62.66539572	0.897668	0.0034988773	42.185	0.0078748235	0.8125	49.19	39.90934527502	0.492	0	51.657161904662	2.24369047619048	44.653	5.35068125176519	138.177132814576	97.344	-0.000163281115774878
9876	74.75	120.75	11.3521341	9.67005253999989	4.72471884	4.75719385979	129.8128945489	1.23962036923	0.27005501817	-1.49444703571	-3.1850660095	0.3220905257	157.6130306149	0.60628043156	0.64201149671	0.61057705409	1.10418735382	1.09472547783	4.18796522735	4.00895819953	4.11256123716	4.34115044254	166	166	292.017759484	673.951450117	42.749999	43.7727	0.13612292537	0.28474978962	2.48892038504907	7.24197792047678	7.80832895485504	-35.4492911961094	120	103.5479	27.478	31.3784	57.9675	22.5279	1.66048	26.292511	0.089113301	2.17	6.2	0.5375	3.04	62.14497022	1.38016	0.00428062851	41.277	0.0084187453	0.785	32.92	21.07770385452	0.558	0.008	59.291914046752	2.1	28.825	14.8153651217426	107.16121738935	91.623	0.000152780726986864
9877	101.517	72.75	6.791505	9.801494	5.727964	4.753508	131.5312	1.287834	0.2718112	-1.239462	-3.299	0.3249593	159.4736	0.6101095	0.6509398	0.5986125	1.101793	1.093808	4.156237	4.002443	4.092269	4.385222	163.475	165.8157	293.4504	673.6551	43.02008	44.36306	0.1418687	0.2824117	2.254358	6.848705	7.883011	-34.67266	210	112.4455	28.234	31.9569	59.983	22.3527	1.76028	26.49491	0.08837773	2.24	5.99	0.5075	3.05	64.88504	1.505247	0.004026518	41.195	0.008294722	0.77	28.55	28.122	0.6378426	0.1999435	60.79337	2.432583	23.62	14.95254	114.8488	87.337	0.0001513326
9878	116	115.5	6.68879	11.51267	5.183725	4.75661	126.519	1.257749	0.2692995	-1.317338	-3.311195	0.3194327	158.9234	0.6094157	0.6474622	0.6136043	1.104109	1.094198	4.15794	4.013973	4.10892	4.383269	161	167	298.3416	679.9133	43.10743	43.74558	0.1380319	0.2837007	2.359548	6.929756	7.765463	-34.66032	126.6667	103.788	27.742	31.6604	57.7915	22.5714	1.7579	26.91663	0.08525654	2.19	6.01	0.515	3.06	63.92238	1.40195	0.004174649	42.175	0.008434122	0.81	30.01	26.90518	0.6953891	0.07509902	60.47286	2.158968	29.187	14.60335	108.0682	89.655	0.0001212074
9879	59.5	103	10.45921	0.35284	5.870918	4.767463	131.9845	1.25881	0.2686705	-2.010032	-3.357678	0.3210885	154.0133	0.6085122	0.6198112	0.5794928	1.101728	1.094297	4.074719	4.016899	4.102478	4.365362	135.2	153.5	256.9356	657.4776	43.04582	45.01105	0.1431148	0.2841974	2.367164	5.374426	8.01227	-36.30411	127.9078	111.3631	27.057	32.012	56.06	21.7386	1.24244	22.70121	0.08810875	2.17	5.73	0.6625	3.01	63.35533	1.067524	0.003701776	43.008	0.007876507	0.8425	50.97	37.9328	0.533951	0.05327432	53.8416	2.357583	41.451	5.62918	135.1181	90.953	-1.177057e-05
9880	87.5	112.17	11.20134	4.859754	5.171103	4.764461	126.8096	1.260911	0.2712408	-1.608189	-3.111895	0.3182425	159.7273	0.6046379	0.6465334	0.5923733	1.100877	1.094333	4.160177	4.000815	4.110368	4.340125	164.2	138	286.2646	654.6212	43.56163	45.35761	0.1435199	0.2838334	2.703756	6.670562	7.95908	-36.61814	156.6667	117.5586	27.767	31.8849	58.5866	22.409	1.65752	26.83681	0.0861375	2.18	6.03	0.6375	3.04	64.16149	1.306732	0.003874835	41.789	0.008232597	0.8025	37.72	33.77115	0.6189887	0.08993338	57.05901	2.313833	29.409	11.87208	114.8891	88.593	0.0001442134
9881	78.5	72.4	10.55947	1.335716	7.58331	4.761642	129.8819	1.188803	0.2740809	-1.830813	-2.802564	0.3232327	160.4887	0.598357	0.6327727	0.6011552	1.104275	1.094011	4.128875	4.021317	4.114714	4.353809	164.2	169	312.0876	696.1624	43.185	44.73317	0.1482566	0.2838995	2.379692	6.378695	7.826924	-36.54009	120	104.963	27.205	32.0136	55.2438	22.153	1.36978	25.80007	0.08814974	2.15	6.02	0.6525	3.04	61.85971	1.27699	0.003787882	41.311	0.007915873	0.7875	35.24	42.29902	0.958	0.008	61.40793	2.142143	26.473	9.815379	126.1801	93.098	1.710003e-05
9882	70.33333	107.75	10.62021	1.432313	3.981207	4.782204	129.652	1.196571	0.2671237	-2.136398	-3.150972	0.3236271	156.6104	0.60828	0.6264182	0.5947338	1.10469	1.096155	4.108304	4.049381	4.11018	4.347805	154	165.3333	279.5045	702.9633	43.18637	45.16942	0.1451419	0.2829148	2.387182	5.238098	7.797676	-36.07104	110	101.548	26.982	32.0961	55.5514	21.9318	1.40199	24.34742	0.08717382	2.15	5.8	0.6575	3.1	62.29373	1.098711	0.003435613	41.911	0.007938139	0.805	46.79	38.74241	0.883	0.008	57.44347	2.224643	29.503	7.843026	128.3277	93.695	-3.005428e-05
9883	41.75	41	10.86895	-0.9442369	3.876189	4.753358	127.8531	1.205319	0.2744845	-1.763781	-3.440747	0.3222007	154.4149	0.6079038	0.6245902	0.5857547	1.102859	1.094965	4.087162	4.027504	4.102195	4.34716	158	167	272.03	675.6788	43.97007	45.50081	0.1433523	0.283381	2.488558	5.673442	7.941883	-36.21247	133.3333	114.6056	27.305	32.3283	56.555	21.9915	1.2947	23.68386	0.08506998	2.17	5.86	0.615	3.07	61.10665	1.139907	0.004004773	42.029	0.007891886	0.7775	41.51	44.86312	0.167	0.008	58.03294	2.127143	28.317	7.333886	122.8646	90.796	4.100859e-06
9885	119	85.17	10.34976	12.27454	5.094534	4.778425	128.6545	1.249538	0.2717758	-1.220921	-3.218112	0.3286345	155.5801	0.5953131	0.6323733	0.614049	1.106976	1.098241	4.164372	4.016976	4.108822	4.363509	166.5	153	297.7223	660.9681	42.80168	43.94179	0.1394841	0.2832378	2.490288	7.047072	7.81034	-34.76816	113.3333	120.4172	28.492	31.595	57.905	22.6396	1.86145	26.93209	0.09070517	2.18	6.14	0.52	3.1	60.01698	1.601393	0.00465654	41.92	0.008620671	0.7875	30.25	18.71697	0.675	0	59.63309	2.272593	26.483	14.69991	109.2639	93.526	0.0001830765
9886	57	59	11.1641	1.996506	5.653299	4.781203	131.8023	1.167804	0.2717998	-1.479697	-2.944593	0.3242546	156.3798	0.603083	0.6283481	0.6059522	1.101899	1.095588	4.146124	4.029562	4.086994	4.35141	166.2	167	314.6285	679.42	43.30723	46.31286	0.1455276	0.2859819	2.502888	6.291184	8.145207	-36.1969	126.6667	114.4942	27.597	32.8075	56.6336	22.4621	1.18885	25.41749	0.08924461	2.19	6.11	0.6375	3.07	58.2965	1.347685	0.003939507	40.914	0.008193196	0.82	32.45	52.11379	0.983	0.958	62.41482	2.136667	25.816	11.49529	120.2455	91.254	3.500753e-05
9887	90.75	87.5	10.66684	2.536391	7.904296	4.759972	131.8332	1.199058	0.2755043	-2.11975	-2.312305	0.3228388	162.5693	0.6103936	0.6347137	0.596021	1.102252	1.093133	4.10997	3.987262	4.119591	4.352235	157	165.6667	304.8665	690.3032	42.99087	45.41944	0.1477495	0.281823	2.708309	5.872959	7.879584	-36.19066	129.6234	113.4218	27.542	32.2623	56.9981	22.0691	1.37959	26.04476	0.0870288	2.18	6.01	0.675	3.03	65.97519	1.257567	0.003699337	40.211	0.008038374	0.7975	40.69	43.99106	0.767965	0.2209336	59.97896	2.307333	28.096	8.943805	123.6729	91.75	6.204909e-06
9888	96.66667	85	10.81021	2.585336	6.809634	4.768473	128.4158	1.21864	0.2716131	-1.476021	-3.219197	0.3240208	158.6179	0.6069825	0.6521033	0.6074621	1.100518	1.094689	4.141142	3.990085	4.077583	4.371668	162.6667	167.75	301.6177	678.0522	42.78066	44.84075	0.140868	0.284986	2.253512	6.598373	7.852222	-35.04018	110	119.4014	27.867	32.1144	57.4992	22.3827	1.51781	25.83617	0.08513706	2.16	6.08	0.5975	3.06	61.91659	1.379758	0.003935456	42.132	0.008188656	0.81	33.51	45.57382	0.983	0.033	59.56045	2.215	26.377	10.74113	115.7481	90.45	7.760667e-05
9890	94.33333	60	12.19013	10.05369	5.64587	4.78118	131.9124	1.233436	0.2751555	-1.337292	-3.156573	0.3256126	159.105	0.600468	0.6391634	0.6186418	1.104567	1.0964	4.159961	4.023051	4.123137	4.340648	165.8	165.9746	308.8585	679.4442	42.73169	44.09533	0.1399031	0.2859815	2.33065	6.815227	7.809729	-37.24279	120	119.5103	28.35	31.5259	58.0916	22.5406	1.80914	26.72104	0.08641506	2.3	6.13	0.5675	3.1	63.74631	1.585482	0.004461222	42.336	0.008422266	0.8	29.99	29.22813	0.792	0.008	60.64903	2.232593	26.459	16.0482	110.7468	85.908	0.000159613
9891	67.25691	406.6	10.02649	0.9870148	3.594892	4.76793	129.8065	1.215063	0.2737099	-1.594696	-3.336793	0.3254705	152.6455	0.6068289	0.6043994	0.5948076	1.101843	1.095044	4.096932	4.011056	4.099299	4.348946	161.1667	168	273.5038	686.4205	42.80194	45.77751	0.1408581	0.2830768	2.416192	5.437319	7.949865	-36.26146	126.6667	106.0257	26.467	32.2369	55.5619	22.0551	1.20988	23.12515	0.08468462	2.1	5.82	0.7125	3.05	62.24168	1.056709	0.003752454	39.944	0.007967743	0.8475	48.62	46.77994	1	0.008	56.93806	2.345917	36.071	7.214046	139.1965	90.557	-1.386899e-05
9892	84.5	127	10.32562	5.131773	5.989692	4.750982	128.5944	1.273112	0.2731659	-1.129214	-2.886587	0.3205211	157.0105	0.5974107	0.63253	0.602761	1.103751	1.094291	4.130482	4.008843	4.090066	4.365456	164.6667	164.8334	300.7274	674.3231	42.89275	44.11454	0.1417885	0.2841217	2.416071	6.251125	7.879745	-34.50211	130	101.6244	27.32	31.5847	57.7449	22.286	1.59721	26.87263	0.09135794	2.19	6.12	0.605	3.07	64.79343	1.305217	0.004003591	41.861	0.00833997	0.795	38.94	32.95544	0.2	0	55.50616	2.378866	26.558	14.53098	119.0644	92.443	0.0001418715
9894	76.66667	59	12.18886	6.082912	5.62507	4.758947	129.0555	1.225924	0.2714593	-0.8256205	-3.349313	0.324175	155.1144	0.5954526	0.6493613	0.6129072	1.102271	1.095885	4.156597	4.012784	4.107266	4.368959	165.6667	166.5643	295.6912	676.56	42.69647	44.57271	0.1391283	0.2892827	2.510052	6.970487	7.957147	-35.78967	126.9022	118.7509	28.146	32.1958	58.9136	22.3453	1.8067	26.56796	0.08814251	2.23	6.04	0.5575	3.05	63.35191	1.504032	0.004238104	45.115	0.008316202	0.765	32.28	25.30618	0.958	0.333	57.05305	2.273333	29.785	13.9336	112.2081	92.919	0.0001061585
9895	71	65.83	10.09323	-0.03229044	5.596018	4.760308	130.9355	1.189655	0.270985	-1.336719	-3.413125	0.3258408	156.127	0.6043299	0.6240009	0.5930065	1.101247	1.095349	4.107789	4.019098	4.094222	4.352998	161	172	284.4628	689.6383	43.12043	45.39317	0.145247	0.2871528	2.445564	5.829912	7.707965	-36.59647	113.3333	119.5748	27.308	32.466	56.2565	21.8256	1.26095	23.9687	0.08322031	2.18	5.91	0.625	3.05	62.28418	1.176375	0.004107243	42.853	0.007929437	0.795	38.04	47.60459	0.942	0.05	57.35249	2.16	23.822	7.291419	129.2104	95.196	-3.323342e-05
9897	81.5	63.25	10.61445	1.295968	5.113545	4.771128	129.0157	1.16413	0.2763998	-1.902919	-3.359546	0.3239529	155.287	0.6108045	0.6259011	0.5933441	1.104161	1.096195	4.100758	4.019968	4.090529	4.364444	161.5	168.6667	298.9311	699.8201	42.92586	44.97064	0.1427301	0.2868825	2.444886	6.532594	7.842167	-36.51635	113.3333	125.3588	26.71	31.8413	55.5527	22.0103	1.34395	25.06169	0.08860776	2.11	5.97	0.6575	3.06	63.49407	1.222133	0.003819192	43.009	0.007987334	0.78	44.63	42.35761	0.783	0.033	58.75491	2.23	24.518	7.807148	124.2204	95.654	0.000118557
9898	97.25	43.5	9.653162	9.114141	6.405022	4.754162	131.2525	1.319974	0.2713146	-0.8211944	-3.526335	0.3277308	159.0005	0.6032099	0.6303199	0.6085549	1.105527	1.096298	4.156824	4.036425	4.120136	4.366724	168.4	165	300.7889	676.2184	43.16092	43.86398	0.1379472	0.2822725	2.394242	7.129631	7.762002	-34.36248	160	97.76614	27.972	31.399	58.4934	22.4437	1.82559	26.00691	0.0893596	2.3	6.12	0.5175	3.1	62.78682	1.503002	0.004397007	40.645	0.008415812	0.7975	29.19	17.9544	0.7500106	0.1565303	62.49647	2.065	27.132	15.21757	108.2676	88.846	0.0001893667
9899	58	54.83	9.842574	1.634078	3.687511	4.728819	127.9474	1.247753	0.2760283	-1.188341	-2.46807	0.3243183	156.6577	0.6023611	0.6356254	0.6035687	1.101632	1.094711	4.090283	4.035456	4.108209	4.362523	159.4	165.4792	297.5836	690.4225	43.04731	44.42978	0.1414239	0.2881799	2.448851	6.024198	7.98614	-33.93272	113.3333	112.4292	27.858	31.9666	55.072	22.0725	1.33095	25.88698	0.08997499	2.2	6	0.6	3.08	63.59968	1.296548	0.004095677	41.198	0.007980633	0.8225	34.24	45.83788	0.975	0.992	60.2418	2.15	28.578	9.885084	125.5768	92.338	2.86655e-05
9900	50	350.6	9.324227	-0.5261442	3.810034	4.756168	132.5526	1.227307	0.2726717	-1.892031	-3.200542	0.3173634	153.4067	0.605435	0.6226141	0.5730827	1.101548	1.094829	4.062152	3.98236	4.115033	4.365714	132.1429	169.5	252.2323	661.7355	43.143	45.3945	0.1401132	0.2846209	2.3617	5.133582	7.889558	-36.34108	125.7534	112.5066	27.032	31.4084	54.691	22.0313	1.09228	21.72763	0.09115244	2.19	5.71	0.665	3.01	64.74006	0.88396	0.003552353	42.665	0.007852178	0.8025	56.39	41.67667	0.5709979	0.07709785	53.37439	2.355857	47.084	4.752677	140.0401	90.522	2.033442e-05
9901	102.5	88.49939	12.01915	15.76398	0.9022409	4.749539	130.9598	1.27162	0.271149	-1.224269	-3.14045	0.3336302	160.4827	0.6034026	0.6398264	0.6066565	1.108241	1.096706	4.190378	4.078259	4.100385	4.358754	165.7228	167	301.789	666.4453	43.28982	44.06493	0.1359014	0.2827542	2.414465	7.083964	7.686675	-35.10366	166.6667	114.9148	28.506	31.9647	58.6033	22.6444	1.7821	26.12694	0.09056718	2.21	6.08	0.4675	3.17	63.44414	1.611279	0.004875008	41.549	0.008470937	0.7475	25.2	11.7526	0.942	0.867	61.79098	2.112	26.417	16.07542	109.8661	93.651	0.0001598512
9902	110.3333	83.83	10.18911	3.254775	4.402162	4.773224	128.8703	1.188169	0.2726405	-1.452736	-2.863542	0.3202641	161.2046	0.6109215	0.637077	0.6155568	1.105253	1.095886	4.16493	4.032659	4.114053	4.359789	162	166.4782	298.465	686.3455	43.06776	44.21863	0.1413449	0.2827754	2.363934	6.498584	7.966742	-35.8955	100	121.3794	27.343	32.8123	56.8311	22.1007	1.60147	26.88703	0.08633723	2.17	6.04	0.635	3.08	60.83455	1.440703	0.004012495	42.531	0.008333355	0.785	33.59	49.62768	0.8233358	0.1581226	61.31066	2.155	23.063	12.82063	121.9669	91.872	8.45106e-05
9903	108.75	79.5	8.302914	14.54383	3.83304	4.739922	129.1558	1.252783	0.2703829	-1.525548	-3.453078	0.3307115	159.6178	0.608114	0.6418468	0.6054647	1.105409	1.095427	4.183014	4.041885	4.106128	4.364951	168	166.8833	295.2571	676.8988	42.82763	43.75346	0.1353858	0.2837993	2.57487	6.927062	7.936099	-35.29657	166.6667	108.7898	27.768	32.0239	59.2586	22.8398	1.76762	26.27516	0.08850922	2.24	6.18	0.5175	3.17	60.37451	1.607629	0.004710571	42.449	0.008396381	0.7675	25.51	13.31965	0.508	0.025	62.74871	2.05	23.812	15.03216	108.8522	90.991	0.0001321125
9904	114.6667	86.83	10.13277	11.3167	4.963414	4.755651	127.559	1.24901	0.2708639	-1.330691	-2.546234	0.3258123	155.8542	0.6023208	0.6441542	0.618282	1.104113	1.096077	4.174881	4.042186	4.098824	4.373429	166	165.761	294.6306	669.8138	43.10489	43.61563	0.1399208	0.2853939	2.511999	6.988332	7.751462	-36.3032	100	119.8542	27.618	32.4171	57.6928	22.4016	1.87964	27.11083	0.08962221	2.21	6.15	0.565	3.08	61.54448	1.526312	0.004516918	43.857	0.008564422	0.78	29.12	29.32451	0.7	0.292	59.39477	2.06	29.921	14.50593	108.3835	90.974	0.0002069082
9905	95	67.17	11.04994	10.55591	4.19651	4.755775	128.5731	1.271283	0.2721299	-0.6925986	-3.232199	0.3253587	158.8761	0.6024857	0.6424544	0.6181258	1.105781	1.095662	4.155641	4.024741	4.100684	4.363173	165.6667	163.2257	298.3576	674.3827	43.19371	44.14262	0.1418697	0.285151	2.272992	7.286919	7.85564	-35.95996	130.1255	111.3602	28.184	32.4507	57.5817	22.4967	1.94342	26.37064	0.09007837	2.25	6.14	0.5275	3.09	60.46544	1.522675	0.004755463	42.954	0.008489436	0.7925	31.91	17.82518	0.942	0.092	57.30297	2.335926	28.306	14.3202	110.8613	91.767	0.000108172
9906	80	115.5061	10.74194	1.250095	6.021377	4.776479	128.4673	1.211818	0.2730736	-1.834813	-3.034477	0.3235576	155.4866	0.6090689	0.629102	0.5895744	1.100961	1.09424	4.09586	4.01695	4.101998	4.35907	159.4	164.25	289.1421	720.6228	43.24767	45.7314	0.146464	0.2852429	2.547154	5.724898	7.737772	-35.87142	73.33333	119.6331	26.688	31.0435	55.898	21.9672	1.21788	24.94472	0.08687652	2.07	5.68	0.7025	3.02	67.75759	1.057427	0.003939599	42.243	0.007824933	0.79	41.75	45.56622	0.7734729	0.1915077	59.59838	2.192143	32.798	7.024249	126.8115	88.412	3.872729e-05
9908	46.5	123.6992	10.63183	-1.128562	5.29637	4.78701	132.605	1.176928	0.2639406	-1.801415	-2.782985	0.3217372	157.3064	0.605339	0.6379799	0.5856232	1.101159	1.096052	4.094044	4.003818	4.104402	4.358767	162.9121	166.6441	245.6794	668.3634	44.20304	47.20132	0.146308	0.2819699	2.583443	5.765907	8.067296	-36.51848	125.1063	113.8415	25.874	35.0594	58.573	22.1329	0.64066	21.18219	0.09114289	2.07	5.71	0.725	3.02	60.76197	0.931194	0.003765503	40.275	0.007693144	0.8075	38.88	52.16768	0.7921298	0.3222789	62.67497	2.2085	33.707	4.713711	111.1609	94.386	-9.395031e-05
9909	57	94.30318	10.60846	0.2082392	5.751595	4.777251	130.2399	1.166685	0.2714016	-1.728958	-2.739636	0.3232117	160.2759	0.6077297	0.6443801	0.5922152	1.101576	1.096358	4.14467	4.024994	4.079154	4.35031	164.0241	166.734	330.8013	710.8347	43.69615	46.63724	0.1470166	0.2849941	2.35862	6.126965	8.09718	-36.0181	126.9777	115.0563	26.668	32.5536	58.2454	22.5205	0.9453	25.09391	0.09114334	2.05	5.93	0.64	3.03	59.07227	1.217039	0.003881024	40.641	0.00788993	0.805	32.71	50.07014	0.8500311	0.2494255	62.23013	2.09	26.652	10.37481	122.8231	92.526	-3.037138e-05
9910	43.5	102.4392	10.86049	1.517543	5.06552	4.789584	127.9609	1.215383	0.2733188	-2.100414	-3.296842	0.325395	157.589	0.6064207	0.6289929	0.5910885	1.102555	1.095061	4.124863	4.013255	4.097598	4.354755	162.3333	165	280.5537	704.2922	43.59866	46.13784	0.1427675	0.284366	2.651922	5.916753	7.759792	-36.13676	119.0556	116.0801	26.58	32.4271	55.5946	22.0746	1.04636	24.1764	0.08888964	2.09	5.86	0.6525	3	62.02881	1.092865	0.004007273	42.11	0.007961116	0.76	38.74	45.77229	0.7250128	0.1484788	60.91652	2.165	27.311	7.29	125.4652	94.243	0.000198084
9911	44.5	101.2935	11.03662	-1.096502	4.587343	4.77652	132.3465	1.173693	0.2650555	-1.864377	-2.829346	0.3189296	153.8407	0.6049254	0.6387564	0.596808	1.100142	1.096347	4.125303	3.991223	4.088791	4.34071	163.4873	167.1852	246.944	664.2538	44.39683	47.61018	0.1463722	0.2843114	2.408672	5.603455	8.069772	-36.481	120.1682	116.6334	24.893	34.441	58.3053	22.075	0.64541	21.46588	0.08865628	2.08	5.75	0.695	3.05	63.12364	1.016885	0.003686684	39.792	0.007792813	0.82	36.36	52.24825	0.7976198	0.3419922	62.72805	2.086111	31.873	7.326731	123.8965	94.985	-7.471559e-05
9912	78.38633	99.07453	10.52119	1.718903	5.246351	4.776764	129.2953	1.194579	0.2696871	-1.539698	-2.724254	0.3211509	162.6175	0.6057527	0.6350993	0.6026006	1.101593	1.095475	4.140444	4.02252	4.085668	4.361686	164.062	167.3679	321.5762	728.7632	42.52096	45.51227	0.1471777	0.2824652	2.378523	5.945647	7.843337	-35.9974	123.1233	115.2445	26.795	32.2865	57.9898	22.2716	0.96597	25.50267	0.08906131	2.07	6	0.6375	3.05	62.99844	1.251512	0.003947156	41.271	0.008005809	0.805	33.1	51.38932	0.8665122	0.2547023	62.54738	2.08	27.54	8.804564	122.8565	94.307	5.593286e-06
9914	55.25	91.47778	10.16562	-0.226618	6.023714	4.770718	129.9792	1.178379	0.267356	-1.912313	-2.814891	0.3242882	158.8703	0.6093739	0.63152	0.5958727	1.099824	1.095193	4.109575	4.025285	4.074052	4.362825	163.2075	167.2546	307.0476	707.6296	44.13097	46.23937	0.147748	0.2829191	2.512089	5.879942	8.017201	-36.20882	127.6223	114.4087	26.522	33.1366	57.963	22.1266	0.82762	23.36727	0.08947428	2.07	5.9	0.6575	3.03	62.25565	1.103211	0.003879061	40.698	0.007886007	0.8025	32.56	53.32755	0.8246663	0.275723	61.33733	2.13	30.234	9.807917	113.6064	92.087	-6.23984e-05
9915	75.5	94.94508	11.6437	1.882413	5.328059	4.76308	129.9998	1.210806	0.2692821	-1.502565	-2.687029	0.3216904	158.6055	0.6053125	0.6325408	0.6049827	1.10292	1.096876	4.107569	4.018789	4.089906	4.349806	166.3333	166.3424	322.092	683.9847	42.37564	45.36044	0.1446037	0.2844056	2.527681	6.392283	8.071672	-36.02304	130.7427	112.3671	27.432	32.6582	57.3825	22.055	1.25892	25.56578	0.08911616	2.09	5.99	0.6475	3.05	59.71646	1.276613	0.003846478	40.9	0.007908959	0.795	32.46	44.56029	0.7969243	0.220992	62.85582	2.091	23.48	8.848615	122.6561	91.976	7.179773e-05
9917	54.25	89.29313	10.60831	-0.8924627	6.047015	4.75759	131.1234	1.169885	0.2670189	-1.855992	-2.945313	0.3218085	158.0681	0.6048213	0.6241703	0.5927835	1.102253	1.096053	4.126447	4.013607	4.079793	4.345945	163.6785	167.1192	287.6169	684.1158	44.66558	47.51499	0.1479607	0.2840166	2.478932	5.976801	7.928869	-36.23475	125.0411	115.4704	26.432	33.2008	58.9079	22.1651	0.66949	22.5055	0.08951422	2.1	5.95	0.72	3.06	60.43228	1.129731	0.003724454	39.766	0.007814136	0.8175	30.75	54.73366	0.8160924	0.2857333	63.49076	2.1	26.514	8.07767	116.4752	98.048	-8.966481e-05
9918	90	102.2785	10.6347	2.839556	4.466423	4.76512	129.4424	1.276538	0.2748336	-1.712819	-3.067284	0.3245695	156.2486	0.6018808	0.6381627	0.6130859	1.10084	1.094626	4.155764	3.995514	4.099948	4.351697	163.2	168.3333	292.2693	679.4248	43.22232	44.34566	0.14437	0.2831267	2.435752	6.833626	7.91746	-35.77659	126.9383	111.9636	27.766	32.0191	58.5032	22.3158	1.57263	26.75336	0.0893324	2.09	6.11	0.575	3.03	64.60812	1.415144	0.003929143	40.41	0.008276703	0.77	36.4	36.63584	0.7195567	0.03546321	63.07143	2	28.516	11.48625	116.7482	91.804	0.0001292392
9920	48.66667	127.9634	10.03771	0.2181738	4.305857	4.787633	132.212	1.216219	0.2685111	-1.96377	-3.422046	0.3210068	154.5616	0.6071838	0.6300463	0.591289	1.101936	1.094999	4.081177	3.998719	4.093381	4.347401	159.8	164.6667	259.0141	674.6667	42.60051	46.26077	0.1432788	0.2861991	2.478282	5.645576	7.916731	-36.1743	123.9506	114.9484	26.526	32.4153	55.9194	21.6596	0.89044	21.93653	0.08717229	2.15	5.76	0.6575	3.03	62.59585	0.947279	0.00371582	40.941	0.007838132	0.81	42.12	42.0656	0.7443237	0.1359835	58.81924	2.107111	38.384	7.477872	128.7051	97.298	5.88e-05
9921	48.25	103.871	10.2329	-0.9970686	5.457509	4.782771	132.772	1.171649	0.264376	-1.801837	-2.989635	0.320371	154.7208	0.6092899	0.638369	0.5935131	1.101854	1.095998	4.118044	4.01307	4.07991	4.347922	163.1284	167.0181	252.9549	682.2148	44.32594	47.47764	0.1469074	0.2837245	2.690961	5.693461	8.052541	-36.40545	119.7231	115.3439	26.028	34.6693	58.145	21.8923	0.62736	21.81306	0.08908658	2.05	5.67	0.68	3.04	61.48768	0.999204	0.003758394	39.732	0.00771054	0.825	39.62	52.87933	0.8484193	0.3048231	62.69509	2.1	34.332	7.44584	124.9526	94.783	-5.660095e-05
9924	57	89.29561	10.87952	1.178522	4.968366	4.777979	132.8302	1.187152	0.2668059	-1.32927	-2.270269	0.3230777	158.3279	0.6021214	0.6380289	0.6089836	1.103919	1.097462	4.13222	4.021322	4.078657	4.368103	163.6	167	307.876	713.4019	43.20171	45.41469	0.1478776	0.2854321	2.405274	6.099648	7.781214	-35.94532	126.708	113.7905	27.381	32.7294	57.4517	22.2205	1.11034	25.69219	0.09156959	2.11	5.94	0.64	3.06	59.11466	1.301553	0.00389902	40.209	0.00809457	0.7925	34.11	43.58484	0.8263853	0.2297149	61.50142	2.095	26.816	9.592679	125.2542	94.937	-8.69275e-05
9925	79	91.01255	9.949835	2.061652	8.949971	4.763257	131.0747	1.19557	0.2696121	-1.253364	-3.17636	0.3254845	159.6271	0.6031323	0.6399847	0.59549	1.104954	1.096239	4.140184	4.026707	4.106983	4.363	162.8571	167	303.3825	688.5022	43.74012	45.86149	0.1501084	0.2876982	2.504403	6.338535	7.96389	-35.66957	132.4126	112.5146	27.282	32.984	57.9423	22.1928	1.20933	25.70544	0.08766564	2.13	6.07	0.6125	3.04	61.59119	1.246662	0.003446857	40.86	0.008215745	0.8075	30.99	58.13819	0.7993451	0.1976433	78.09365	3	29.187	9.335932	186.4944	97.61	-0.000368676
9926	44.33333	138.5377	10.5244	-4.124602	5.305126	4.777458	137.5008	1.088177	0.2638221	-2.363851	-3.544518	0.3269684	156.039	0.6070454	0.627528	0.5908553	1.102568	1.096922	4.095639	4.029039	4.097693	4.347321	162.5949	167.051	245.1057	677.1634	44.48318	46.99332	0.1488612	0.288892	2.61855	6.167888	8.283083	-36.761	129.0942	112.0161	24.044	38.3014	59.6866	21.8514	0.63543	21.38754	0.08986699	2.08	5.77	0.6625	3.07	54.87789	0.922199	0.003705376	38.133	0.007662111	0.805	24.12	66.74969	0.992	0.733	82.09091	2	50.642	6.653469	128.5368	83.324	-0.0001910879
9927	73.25	107.1857	10.17058	1.715744	5.384207	4.768215	130.6512	1.188767	0.2689365	-2.0598	-2.902565	0.3234105	158.7897	0.6056063	0.6364488	0.5946303	1.10017	1.094782	4.097382	4.01615	4.097404	4.359571	154.2	167	283.4265	683.1695	42.53468	45.77244	0.1474082	0.284608	2.447265	5.717756	7.837888	-36.11484	122.0887	114.1857	26.79	33.9483	58.0086	22.2034	0.99694	24.35965	0.08771251	2.08	5.85	0.6775	3.03	62.19558	1.116289	0.003724128	40.228	0.007862097	0.77	39.61	44.37506	0.7778666	0.1567513	60.44015	2.116111	29.209	8.09467	124.4269	95.1	-2.296662e-05
9928	77	151.3504	10.92646	1.798469	5.85476	4.758624	129.2991	1.300866	0.2760668	-2.259438	-3.072371	0.3234028	153.6101	0.6095929	0.6360111	0.5858046	1.102025	1.094734	4.077915	3.989619	4.092444	4.351093	151.7143	161	271.032	683.1976	43.16648	45.73064	0.1443859	0.2851441	2.496357	5.528945	7.862781	-36.08126	122.724	113.2592	26.796	30.7921	55.2773	21.7633	1.19549	24.74538	0.08844219	2.08	5.72	0.6925	3.01	67.26539	0.923197	0.003700078	42.556	0.007869506	0.8175	46.91	40.77664	0.6262495	0.1052416	59.63355	2.319476	38.534	6.111473	135.2786	90.931	1.145116e-05
9929	88	85.80881	11.21127	1.924412	6.346258	4.778812	131.3881	1.192076	0.2716329	-1.618155	-2.607021	0.324697	160.237	0.6112738	0.6384557	0.6064113	1.10117	1.095016	4.159264	4.019166	4.083976	4.37449	164.4135	167.1039	330.3782	706.9504	42.82672	46.04354	0.1452552	0.2851239	2.266532	6.25956	7.893223	-35.77397	123.3658	114.5524	26.89	32.6559	58.2526	22.1927	1.11072	25.59313	0.0879412	2.13	6.04	0.63	3.04	61.37234	1.321986	0.003907194	41.196	0.008104346	0.8125	31.52	47.83359	0.8669922	0.2323646	61.93731	2.11	22.301	6.932407	114.4554	95.125	3.76559e-07
9930	68.66667	154.7004	10.27369	2.47659	6.475915	4.753164	130.8636	1.215653	0.2729084	-1.931771	-2.505763	0.3230417	155.4716	0.6062294	0.6310575	0.5842614	1.099741	1.094226	4.083298	3.982014	4.100281	4.351707	162.0777	165.1633	260.0545	657.0828	43.78372	46.50981	0.1457942	0.2838806	2.526362	5.705408	7.905289	-36.144	127.9075	112.6692	26.729	32.64	57.3771	22.1956	1.04573	23.34921	0.08693327	2.05	5.66	0.6975	3.02	64.06979	0.941827	0.003648988	40.84	0.007690319	0.8025	46.85	49.18318	0.7873548	0.1980179	59.32807	2.454976	35.955	2.840133	132.2636	90.139	-5.341682e-05
9932	76	109.5022	10.96854	1.132009	6.715304	4.76728	129.6872	1.179356	0.2694149	-2.074639	-2.78042	0.322888	158.1593	0.6091092	0.6337767	0.5927054	1.101001	1.094487	4.130289	3.998258	4.084797	4.356323	163.5142	166.9125	292.9245	701.5444	44.48241	47.19573	0.1463994	0.2832082	2.593439	5.88608	7.850263	-36.13543	127.8175	114.7112	26.082	32.9958	57.8203	21.9929	0.78032	23.96861	0.08927119	2.06	5.69	0.6825	3.04	59.76084	1.000478	0.003780996	40.765	0.007810786	0.77	37.73	46.42135	0.8586347	0.2737797	61.19768	2.17	28.411	4.614286	140.0132	92.424	-6.640385e-05
9933	49	165.4252	7.940636	-2.254233	4.559068	4.755834	134.8392	1.181715	0.2694332	-1.886346	-3.415386	0.3217908	153.7759	0.6203618	0.6242653	0.5799384	1.10532	1.098108	4.060426	4.057444	4.090802	4.336033	155.75	163.2	246.1456	665.9737	44.07896	46.76339	0.1453084	0.2830598	2.802792	5.714502	8.193304	-36.45963	130.8556	110.9318	24.618	35.9082	58.0431	21.913	0.66466	21.22488	0.08933634	2.15	5.66	0.6875	3.03	59.82895	0.893578	0.003694157	40.172	0.007824929	0.8575	33.36	58.42438	0.639242	0.2998866	86.85714	2	50.102	2.685172	103.734	86.814	0.000109721
9935	73.75	84.9811	11.50117	0.8347778	4.730282	4.770099	131.3435	1.16896	0.2688299	-1.651339	-2.89992	0.3228608	157.0885	0.6031173	0.6270906	0.5943905	1.102506	1.096032	4.104546	4.016848	4.086986	4.358406	162.75	167	311.3171	706.279	43.3288	45.97504	0.1447764	0.2840882	2.400432	5.933846	7.97746	-36.12808	124.3284	115.3475	26.887	33.0627	58.0426	22.1701	0.97751	24.65492	0.08675771	2.12	5.92	0.6775	3.05	60.69689	1.202559	0.003554085	39.666	0.007868182	0.7925	33.12	45.89567	0.8535132	0.2653401	62.38121	2.145	24.894	8.524993	128.0372	98.933	-4.738703e-05
9937	47.75	115.046	10.88127	0.7848444	5.29572	4.780643	133.1537	1.197052	0.2668113	-1.902991	-3.139561	0.3192078	150.6931	0.6042742	0.6315755	0.5925214	1.1015	1.096781	4.090686	3.998421	4.078341	4.335431	160.4286	163	243.3434	688.1517	43.69751	47.69748	0.1469246	0.2837294	2.580029	5.447665	7.95983	-36.25078	121.9404	116.8451	25.841	32.2898	57.0485	21.8401	0.70449	21.89172	0.08845113	2.1	5.68	0.68	3.02	63.78403	0.924463	0.003853638	40.723	0.007788425	0.8225	41.75	45.54087	0.8231718	0.2146033	61.73977	2.145	35.517	6.722408	129.7443	96.043	-3.827491e-05
9938	74	153.3164	9.609377	0.1557902	3.502497	4.762984	137.1358	1.188906	0.2697205	-1.717166	-3.961074	0.3182614	154.2372	0.6127685	0.6221599	0.5672608	1.103084	1.09683	4.098814	4.026104	4.11723	4.344497	153.4286	163.5	243.5717	674.2816	44.04016	45.95035	0.1457055	0.2873908	2.816967	5.637121	8.238343	-36.2549	146.6667	103.6266	25.338	35.1574	58.9292	21.7604	0.99771	21.55753	0.09044482	2.08	5.73	0.6925	3.02	59.72496	0.860839	0.00342997	40.477	0.007781465	0.83	37.35	63.83584	0.6713847	0.2488286	82.53205	2	50.951	6.169658	134.8058	86.496	-9.470253e-05
9939	60.75	103.7106	10.96822	-0.03741381	5.879519	4.764406	130.6241	1.166483	0.2699384	-1.771875	-2.7141	0.3255732	155.1087	0.6039904	0.6332784	0.581785	1.102462	1.097915	4.140449	4.011438	4.080917	4.361539	163.5807	166.6107	281.902	680.8198	44.32223	47.17364	0.1461513	0.2825188	2.375877	5.984392	8.007693	-36.04219	124.2961	116.4163	26.339	33.8424	58.1709	22.108	0.8407	22.8851	0.0894545	2.05	5.8	0.71	3.02	61.09375	1.055615	0.003789441	39.001	0.007740783	0.825	32.46	49.34898	0.8308685	0.3062702	62.75562	2.248	28.038	6.566373	129.1217	90.316	-9.693205e-05
9941	42.5	52.33	9.204794	2.737442	5.955976	4.803116	129.2389	1.428228	0.3008407	0.8247577	-2.47306	0.3412883	140.8427	0.5959188	0.629325	0.5633472	1.114792	1.105642	4.061469	4.050704	4.115196	4.372862	156.2	162.5	260.1495	658.7302	41.48379	44.09034	0.1760575	0.2659523	2.856556	3.939856	5.790914	-36.08697	134.069	111.7066	27.809	34.56	73.7	25.24	1.7676	25.11863	0.1081784	2.35	5.57	0.63	3.26	64.10737	1.462224	0.004482379	47.389	0.007985203	0.8075	57.68	42.07929	0.975	0	62.37017	2.583833	4.1	4.535647	131.2695	94.232	-3.607794e-05
9942	110.6667	117.3497	9.807863	11.18376	5.587961	4.769872	128.3234	1.316486	0.2733605	-1.598072	-2.633303	0.3304376	151.1984	0.6017997	0.6542996	0.6106174	1.103686	1.095317	4.164534	4.026889	4.092443	4.363165	163.2234	166.9732	287.0378	668.0823	43.11938	44.0798	0.1425599	0.2817044	2.522387	6.877383	7.739529	-35.85806	113.3333	120.3934	27.702	31.2503	59.132	22.2029	1.85501	27.12957	0.08824492	2.06	6	0.5825	3.06	64.91978	1.369203	0.004505512	40.762	0.008372787	0.815	45.3	19.28618	0.558	0	12.5	2	28.897	11.3625	123.5066	90.014	0.0001486545
9943	61.5	479	9.867423	1.114207	2.802645	4.772004	131.7812	1.219208	0.267877	-1.256193	-3.42373	0.3230309	141.8678	0.6046336	0.6186682	0.5767532	1.101792	1.095297	4.042726	3.972651	4.114467	4.343337	149.8108	160.5186	246.8131	657.8797	42.94829	44.40639	0.1435365	0.28435	2.287697	5.181201	7.770794	-35.84757	123.8606	112.7137	26.563	31.2286	55.6067	21.9592	1.44426	22.22834	0.08862701	2.12	5.76	0.7	3.08	61.50204	0.933722	0.003779301	42.244	0.00796272	0.7975	59.77	37.91627	0.692	0	8.484848	3	47.524	1.541724	195.8553	93.032	9.11408e-05
9944	68	317.6	10.84509	2.249933	6.476015	4.779611	131.1008	1.334068	0.272455	-1.797001	-2.934352	0.3212201	147.5732	0.6047437	0.6332463	0.5738525	1.10738	1.095352	4.068494	3.969543	4.125223	4.378964	146.6667	157.6667	263.3368	679.2366	42.16583	44.52778	0.1458765	0.2847345	2.337579	5.168758	7.766548	-36.09599	123.9563	115.3148	26.573	30.2202	51.8048	21.374	1.87138	24.11502	0.09272309	2.22	5.94	0.765	3.07	61.1322	1.056756	0.004197714	45.235	0.008191832	0.8775	64.09	27.63445	0.117	0.033	0	18	40.888	2.909886	117.1589	93.692	0.000261618
9945	110	89.3379	5.054151	18.52243	1.218223	4.767209	128.7448	1.346389	0.2718814	-1.52789	-3.581587	0.3285534	158.2528	0.6075902	0.6465638	0.6061332	1.102529	1.093816	4.188582	4.013421	4.091319	4.367726	165.6743	167.8392	294.8128	681.4785	43.02366	43.30213	0.138125	0.2788929	2.331727	7.566594	7.811462	-35.32978	130.466	109.5877	28.045	32.359	58.6541	22.727	1.95716	26.50334	0.09043153	2.24	6.17	0.5	3.2	63.1923	1.850069	0.005664546	42.507	0.008568443	0.79	32.1	13.14794	0.958	0.058	36.67109	2	26.86	3.771277	123.3426	89.169	9.868137e-05
9946	54.5	559	10.57159	0.7315382	3.867382	4.776595	131.6514	1.259734	0.269991	-1.495476	-2.943273	0.3254887	145.65	0.6025025	0.6221793	0.5704314	1.104457	1.09639	4.060072	3.927771	4.133626	4.341117	146.8267	160.2252	241.3111	672.7883	42.88688	45.67131	0.1444536	0.2802608	2.236587	5.149932	7.901027	-36.13062	128.6064	113.9709	26.204	30.9512	55.031	21.7628	1.43254	21.99956	0.09565227	2.16	5.84	0.775	3.08	63.13627	0.894954	0.004094035	43.643	0.007938859	0.855	63.55	28.00685	0.917	0	7.407407	2	46.776	0.6255	229.5157	90.98	-2.31341e-05
9947	125	77.17	6.879928	13.41936	4.046898	4.767574	128.594	1.414699	0.2712514	-0.9521124	-1.816119	0.3241172	154.5035	0.598271	0.6399694	0.6039984	1.109324	1.094481	4.149795	3.999604	4.081919	4.367572	163.8333	166.3333	292.0499	648.9875	42.30879	43.99242	0.1410571	0.2785519	2.566845	6.640676	7.64009	-35.79555	125.0034	112.3646	28.549	31.2778	56.0896	22.3986	1.86033	25.65745	0.09163877	2.27	6.12	0.5525	3.09	63.22506	1.517083	0.005256928	45.954	0.008553784	0.7975	43.17	14.90564	0.917	0.45	1.851852	2	30.351	6.219667	72.29769	92.286	0.0001160452
9948	100.4184	67.5	9.937332	10.07322	6.065512	4.780684	128.1344	1.272506	0.2719311	-1.187394	-2.97942	0.3236751	159.1758	0.6040278	0.6488795	0.6152296	1.105439	1.095123	4.176141	4.017774	4.113707	4.376355	163.6711	165.6114	298.945	672.6613	43.07166	43.99129	0.1422128	0.2806692	2.138486	7.196268	7.798388	-35.7623	126.6667	111.818	28.256	31.9199	57.9945	22.6077	1.82459	26.53181	0.08607099	2.22	6.09	0.555	3.05	60.9785	1.530242	0.004175002	42	0.008457322	0.7975	31.47	25.28398	1	0.017	56.92599	2.117593	30.486	18.16656	105.7901	94.275	0.000142972
9949	61.5	90.67	8.943484	1.621286	4.715008	4.777295	131.4065	1.228602	0.2690315	-1.928922	-3.378861	0.3221728	152.3335	0.6044601	0.624009	0.5804791	1.100593	1.096972	4.104803	4.025536	4.110115	4.333897	161.7315	164.9422	253.4597	662.9845	44.06322	45.98176	0.1475937	0.2874158	2.432515	5.64401	7.959026	-34.56487	100	108.0035	26.042	32.9392	56.2003	21.864	1.29411	23.03616	0.08739559	2.14	5.89	0.6625	3.03	60.43887	1.08163	0.003702179	39.25	0.007777054	0.815	47.34	41.23413	0.7459511	0.1235975	48.07692	2	39.233	6.410534	131.3095	90.342	-4.075768e-05
9950	86.25	61.33	10.74591	16.42119	6.479551	4.770117	130.2337	1.317675	0.2746686	-1.598914	-3.228788	0.3254365	152.0877	0.6054029	0.6487143	0.6015983	1.105033	1.094024	4.1652	4.038865	4.112646	4.367025	165.2868	167.2507	293.293	671.1964	43.05192	43.32914	0.1417733	0.2827475	2.27074	7.253801	7.706743	-36.4883	166.6667	102.5497	27.757	32.0752	59.4311	22.3865	1.77616	26.34726	0.08965803	2.16	6.32	0.5625	3.09	62.60503	1.649147	0.004793922	40.918	0.008546171	0.785	35.06	20.68771	0.95	0.317	31.87646	2	27.94	14.63349	111.9827	91.447	5.579864e-05
9951	109.6667	105.5834	9.927576	3.387433	5.731222	4.773549	130.857	1.202396	0.2718511	-1.801512	-3.180714	0.3260375	161.8838	0.6096144	0.6464831	0.6053581	1.103803	1.095273	4.126985	4.021035	4.091892	4.362875	163.3462	166.8856	321.2582	687.0907	43.53646	45.35403	0.1431859	0.2785194	2.55758	6.350547	7.918999	-35.87646	125.7694	113.3761	27.789	33.5994	59.3367	22.51	1.11302	25.75184	0.08625786	2.06	5.87	0.595	3.05	62.46705	1.284278	0.0039198	42.006	0.007923192	0.8175	31.29	51.11874	0.834133	0.286062	62.50791	2.18	25.236	3.064	103.4947	89.9	4.392824e-05
9952	104.3333	91.89375	10.36468	2.749501	5.943208	4.767152	129.9825	1.182604	0.272492	-1.657262	-2.540731	0.3220211	157.7341	0.6072202	0.644962	0.6074683	1.101324	1.095187	4.140592	4.004033	4.09582	4.363308	164.2528	167.1748	331.348	708.5774	42.16836	44.28966	0.1440324	0.2845106	2.527691	6.304202	7.796672	-35.63053	119.7899	114.955	27.345	32.9798	59.1442	22.304	1.21567	26.13858	0.08769259	2.09	5.99	0.595	3.04	63.85102	1.363199	0.004023156	40.763	0.008160218	0.76	33.41	47.23686	0.8620967	0.2695085	61.01941	2.06	23.804	8.495403	118.776	92.042	7.33293e-05
9953	93.25	103.3354	10.6644	2.193738	7.043449	4.759355	130.4778	1.201178	0.274687	-1.851045	-2.942613	0.3218932	160.8026	0.6045317	0.6552761	0.5994241	1.10112	1.094522	4.127232	3.997665	4.09172	4.373045	163.0487	167.2894	333.1735	711.6721	43.1028	45.11963	0.1450874	0.2810587	2.639181	6.185817	7.814252	-35.92146	122.3105	114.4296	27.33	31.8493	57.2854	22.4179	1.07375	25.82478	0.08887104	2.07	5.97	0.6375	3.03	61.77464	1.235814	0.003881441	40.714	0.007990263	0.795	35.93	46.25047	0.8745422	0.257367	61.25703	2.27	28.15	8.664269	121.6284	91.168	3.168511e-05
9955	73	100.5035	10.59373	0.6529748	5.697165	4.778906	130.5923	1.161781	0.2644109	-1.741445	-3.095242	0.3216751	154.8499	0.6055023	0.6264045	0.597239	1.102523	1.095793	4.111984	4.032996	4.076664	4.36674	163.9674	167.0995	316.8904	701.6529	43.43805	46.88687	0.1445118	0.2859882	2.529064	6.047885	8.079865	-35.79724	123.9616	115.5588	26.683	33.531	58.6011	22.3053	0.86395	23.39245	0.09042912	2.05	5.96	0.7025	3.05	60.47735	1.095114	0.003512948	39.994	0.007822224	0.8175	34.37	53.16866	0.8347769	0.2955661	62.18917	2.24	30.086	7.846144	123.945	100.147	-9.383988e-05
9956	61	126.3891	10.33824	0.2640808	5.471392	4.779672	130.7355	1.156145	0.2653526	-1.667654	-2.471068	0.3260645	155.2258	0.6034281	0.6341043	0.5852931	1.100851	1.096248	4.110432	3.99349	4.086584	4.353296	163.2987	166.8701	140.5794	569.4507	44.898	51.4112	0.1436607	0.2836525	2.391963	5.65996	8.081396	-36.17111	121.0091	115.9422	26.128	34.4317	57.0968	22.143	0.7686	21.98038	0.08924968	2.07	5.7	0.6725	3.05	60.98112	0.937629	0.003804329	40.821	0.007778709	0.835	40.39	48.82926	0.8153755	0.3038165	60.61105	2.15	32.807	6.88674	129.5546	92.786	-3.650085e-05
9957	85	131.0124	10.38318	1.618906	7.295458	4.774225	131.4203	1.188682	0.2720402	-2.04704	-2.968215	0.319714	155.5457	0.6094098	0.6336467	0.5891335	1.101789	1.094462	4.10344	3.984439	4.08556	4.372964	162.5063	167.2613	292.086	691.7342	44.0569	46.88501	0.1456356	0.2819784	2.510582	6.050576	7.87353	-35.88634	126.0383	113.069	26.654	33.6023	57.2417	22.145	0.91155	24.99888	0.0890637	2.05	5.78	0.675	3.04	62.50234	1.019703	0.003695774	40.985	0.007739374	0.7825	38.29	49.64595	0.7771097	0.2373173	60.87138	2.347333	33.253	7.130902	129.0815	96.448	-5.101324e-05
9958	76.5	112.6233	10.54504	1.654105	5.904881	4.768425	131.6697	1.171142	0.2651843	-1.485117	-2.959819	0.3232515	156.0133	0.6093948	0.630441	0.5925135	1.101362	1.096484	4.122489	4.016038	4.101374	4.357766	164.0805	167.0509	315.3831	710.1169	43.60434	46.81037	0.1468744	0.2800513	2.536811	5.971716	8.049763	-35.97518	123.5607	115.2115	26.572	33.5473	58.3365	22.2654	0.82775	23.83148	0.08965871	2.07	5.88	0.7125	3.05	61.26322	1.049866	0.003638942	38.612	0.007909732	0.815	33.81	53.08953	0.8078083	0.310259	62.95866	2.15	28.991	5.359438	124.0602	95.644	-9.421961e-05
9959	78.75	108.3458	10.71199	1.498408	6.858777	4.76453	132.3977	1.164858	0.2668174	-1.782615	-2.858064	0.322499	157.9493	0.6087693	0.6214173	0.5912062	1.101321	1.095938	4.112948	3.983035	4.077123	4.35483	164.0435	166.9684	289.2628	721.6418	43.91113	46.90466	0.1465306	0.2824626	2.343143	6.044647	7.977943	-36.00967	121.8042	114.5538	25.979	33.5481	59.5193	22.3509	0.75792	24.20095	0.08678899	2.06	5.79	0.7025	3.03	61.80096	1.053436	0.003760725	40.608	0.007804002	0.8025	37.03	55.97892	0.8424286	0.2740461	62.22629	2.28	28.281	5.443636	127.854	95.701	-4.784083e-05
9960	66.66667	107.6745	10.13867	0.5319204	6.280288	4.751497	129.8556	1.189714	0.2699032	-2.093954	-2.782328	0.3238339	157.4559	0.6110258	0.6416845	0.5874765	1.099876	1.096632	4.110028	4.005189	4.094586	4.367653	163.4952	166.4768	290.9404	676.7699	44.49929	47.22583	0.1464543	0.2807424	2.381438	5.907367	7.934563	-36.12832	123.9612	114.6254	26.204	33.24	57.3841	22.192	0.8255	23.39393	0.08970931	2.05	5.76	0.6325	3.04	62.28943	1.045455	0.003984987	40.997	0.007792563	0.775	40.26	48.00499	0.830816	0.2626342	61.48737	2.2	31.652	3.682258	102.6312	92.208	-5.715617e-05
9962	71.75	102.5958	10.84767	1.134642	5.142072	4.777534	129.1389	1.19473	0.2697522	-1.787838	-2.932109	0.322582	158.4812	0.6077809	0.6369401	0.5943624	1.100039	1.095478	4.145951	4.029621	4.084312	4.356427	163.8209	167.3104	326.2708	707.5366	43.52501	45.93321	0.1469603	0.2856529	2.535666	6.015962	7.965827	-35.99737	121.0688	115.9498	26.663	33.505	58.2347	22.4113	0.89881	24.92272	0.08750851	2.08	5.88	0.6625	3.03	61.63795	1.181355	0.003957303	40.763	0.007852749	0.81	32.48	50.54062	0.8324251	0.2331131	62.55986	2.14	27.405	8.594315	121.9798	95.592	-3.505117e-05
9963	66.66667	108.5857	11.00788	1.31057	5.418328	4.803259	129.6232	1.186951	0.2713802	-1.881043	-2.886298	0.3220022	157.689	0.6072752	0.637112	0.5872708	1.101136	1.096312	4.124511	4.013042	4.087372	4.347463	163.2828	166.9428	295.2475	688.8337	42.94731	47.28817	0.1482149	0.2818047	2.377342	6.028831	7.909195	-36.00447	124.3627	116.0914	26.265	33.2194	56.8054	22.0069	0.93595	24.10845	0.08951725	2.05	5.8	0.6425	3.04	63.90158	1.113888	0.003854188	40.157	0.007822297	0.81	38.62	47.29305	0.8393956	0.2297705	60.99128	2.18	26.129	7.658617	126.9579	97.773	-2.096327e-05
9964	64.5	107.6719	10.85346	0.2454857	5.088626	4.77987	131.0217	1.186769	0.2669051	-1.465567	-2.894247	0.3231056	154.5353	0.6099685	0.6325909	0.5948612	1.10165	1.096564	4.119506	4.036094	4.080664	4.341943	163.5381	166.8124	272.538	683.0577	44.00178	46.98527	0.1464699	0.2839252	2.531877	5.881492	7.993529	-36.11324	119.7969	115.2948	26.661	32.9463	57.8645	22.1384	0.85824	22.82066	0.09093205	2.05	5.8	0.6875	3.04	60.14184	1.071755	0.003467114	39.535	0.007781055	0.8225	40.11	51.801	0.8173774	0.2583455	62.24161	2.15	26.822	7.203443	124.5806	95.538	-0.0001024279
9965	56	135.2401	10.66324	0.00211708	4.924454	4.79356	133.0937	1.184611	0.2669706	-1.645864	-3.437779	0.3225135	154.6353	0.6087431	0.6310334	0.5843886	1.101104	1.095413	4.113656	4.00427	4.098149	4.339506	162.8794	166.1808	250.3242	676.2178	43.74092	46.86478	0.1466451	0.2832741	2.58529	5.569182	8.032108	-36.17767	124.348	114.354	26.237	33.46	57.9327	22.0468	0.73796	21.93165	0.08958353	2.05	5.73	0.6875	3.02	63.61981	0.945736	0.003792225	39.892	0.007747448	0.8075	42.09	49.37091	0.7878416	0.2031471	60.84572	2.349	36.361	3.823111	125.0071	90.012	-9.514905e-05
9966	80	94.02464	7.378752	5.814803	7.760107	4.754655	129.2604	1.252052	0.2746996	-1.455173	-3.013504	0.3251965	160.8342	0.6049723	0.6571313	0.6076843	1.101932	1.096311	4.171675	4.027547	4.10356	4.344665	164.3865	167.3709	309.7667	678.7036	43.1857	44.60462	0.139708	0.2851944	2.269581	6.839026	7.865216	-34.84599	126.1026	112.9922	27.96	31.7292	59.1315	22.5083	1.60679	25.96339	0.08922752	2.18	5.97	0.5375	3.05	68.63911	1.504228	0.004510938	40.406	0.00827418	0.78	31.48	46.97872	0.7348121	0.1882713	61.35315	2.198	25.654	22.0636	111.5579	86.998	5.147609e-05
9968	57.75	121.2933	11.35922	-0.2321609	5.439337	4.798769	130.8578	1.209379	0.2653951	-1.789271	-2.667562	0.3233839	156.3787	0.6085487	0.6376898	0.5810822	1.09972	1.095347	4.103421	3.967902	4.089381	4.352112	162.7196	166.3678	252.3484	678.0284	44.31798	47.26712	0.1460077	0.2825192	2.60117	5.466813	7.96953	-36.21743	121.2045	115.5906	26.049	33.2842	57.9012	21.9265	0.76427	21.77684	0.08785055	2.06	5.62	0.6925	3.01	62.42279	0.973289	0.003935098	40.792	0.007749271	0.82	40.69	48.15583	0.8004616	0.2414674	60.93423	2.332111	35.251	4.443488	129.1126	91.913	-7.799807e-05
9969	69.25	101.1261	11.24718	0.3572549	4.979281	4.788975	131.7367	1.169862	0.2670996	-1.669282	-2.797062	0.3240525	155.033	0.6089523	0.6308637	0.5970058	1.101571	1.096134	4.112974	4.018321	4.068154	4.351662	163.8261	166.8956	285.7485	681.0272	44.32838	46.58029	0.1473922	0.286659	2.47299	5.772436	7.940323	-36.0524	124.7771	115.1537	25.717	33.059	58.2599	21.8653	0.89289	22.98118	0.08686381	2.07	5.88	0.6875	3.06	58.75568	1.087711	0.003751779	38.754	0.007841704	0.825	37.95	48.29259	0.8105765	0.2573132	62.37088	2.12	31.458	7.264205	121.7494	96.582	-6.195691e-05
9970	81.75	101.0577	10.61955	1.547758	4.931146	4.754626	129.4938	1.170255	0.2663523	-1.68809	-2.727793	0.3214101	158.1256	0.6059584	0.628756	0.5956986	1.101247	1.094914	4.12347	4.014072	4.089213	4.351532	163.7539	167.1824	431.0495	857.2034	35.7562	36.3309	0.1463506	0.2849185	2.514561	6.328943	8.006612	-35.8321	118.2912	116.1397	26.118	32.9339	57.3003	22.0334	1.08894	24.53784	0.08776486	2.08	5.79	0.64	3.05	62.35308	1.211774	0.003666428	39.862	0.007852608	0.805	30.78	46.36064	0.8540156	0.2802249	63.28889	2.115	28.476	7.864066	127.9182	97.079	-2.368924e-05
9971	61	121.5978	10.90843	-0.02835674	4.923867	4.774433	133.3865	1.192855	0.2667158	-1.762832	-2.841927	0.3229919	154.9998	0.6066101	0.629185	0.5879686	1.101692	1.09485	4.107729	3.994149	4.093905	4.350444	163.4638	165.909	272.8047	680.125	44.35722	47.08655	0.1462274	0.2832984	2.50839	5.781809	8.00009	-36.18312	123.3415	113.8287	26.188	32.7605	58.2318	21.9499	0.77364	21.96985	0.08823374	2.05	5.73	0.6825	3.03	61.01924	0.964158	0.003792804	40.063	0.007810576	0.8125	43.07	50.50548	0.839599	0.2623087	62.09269	2.134	36.711	4.696061	157.0377	91.622	-4.249695e-05
9972	58.75	129.0588	10.62465	-0.606527	5.476142	4.801629	132.2411	1.172475	0.2669674	-1.755218	-2.89399	0.3221461	154.6588	0.6058819	0.6381382	0.5879478	1.102456	1.095531	4.094791	3.982063	4.087806	4.342159	163.0474	166.076	236.3641	670.0697	44.17821	46.9852	0.1452332	0.2814745	2.522944	5.623082	8.067401	-36.40918	125.7978	114.2255	26.354	33.892	58.7043	21.963	0.71706	21.50425	0.08986239	2.07	5.69	0.73	3.02	60.66956	0.93735	0.003713485	39.247	0.007795102	0.82	41.62	51.97719	0.8113831	0.2693133	62.24809	2.201	33.953	4.583723	117.1321	92.694	-0.0001258454
9973	110	94.24684	10.09873	2.945155	6.446689	4.77179	128.6623	1.187615	0.275395	-1.753471	-2.840598	0.3256591	159.6557	0.6059022	0.6485937	0.6031479	1.10128	1.096464	4.151394	4.01165	4.09414	4.355002	164.6306	166.491	334.1992	702.1953	43.21543	45.64121	0.1445899	0.2810607	2.565978	6.323607	8.014694	-35.77461	124.8981	114.7014	27.64	33.3216	59.5331	22.3764	1.25282	25.80768	0.08359091	2.09	5.95	0.6425	3.04	63.4091	1.304259	0.003879279	40.778	0.008037444	0.79	29.66	53.24927	0.8091547	0.2307134	63.23197	2.18	27.336	5.405676	115.1228	88.084	8.737929e-06
9974	93.5	108.2355	10.8084	2.459505	6.635417	4.766233	130.1452	1.172053	0.2721789	-1.665745	-2.760194	0.3246182	159.527	0.6101031	0.6392584	0.5981346	1.100605	1.096168	4.134616	4.006228	4.083858	4.368418	164.3223	166.8143	312.7651	699.207	42.50931	45.86714	0.1454958	0.2840814	2.454515	6.056377	7.920552	-35.90172	126.5696	113.9931	27.263	33.0707	60.192	22.5157	1.01943	25.97907	0.09002553	2.08	5.9	0.675	3.03	60.77143	1.192065	0.003811894	40.588	0.00799516	0.7775	32.93	53.51574	0.835794	0.2474001	62.43805	2.23	28.261	5.624848	141.5464	90.578	8.683202e-07
9975	82.33333	110.153	10.4233	1.435267	4.685627	4.782226	129.3129	1.211647	0.2699642	-1.791409	-2.974644	0.3249069	160.5708	0.6103678	0.6358209	0.5954911	1.101914	1.094907	4.10695	4.012115	4.074543	4.350063	163.4555	166.788	306.9981	695.6659	43.55576	46.30812	0.14713	0.2811807	2.343964	5.926127	7.843125	-35.93304	122.8855	115.1525	26.039	32.3953	57.8984	22.0665	0.85865	24.71495	0.08801899	2.07	5.77	0.6475	3.06	60.71242	1.108922	0.003979634	40.772	0.007874731	0.7875	34.84	46.00018	0.8488356	0.2450209	61.65106	2.1	26.698	4.988969	117.6461	94.353	2.851574e-05
9976	72.5	116.1693	11.21965	0.7852027	5.536876	4.777274	130.6667	1.174749	0.2647645	-1.894742	-3.060392	0.3228489	154.9963	0.6064977	0.6254223	0.5877208	1.101525	1.095667	4.1272	4.022754	4.080396	4.353145	163.7441	166.8682	283.9249	685.6348	43.20228	46.45991	0.144763	0.2832616	2.420446	5.895477	8.171044	-36.09084	126.1928	114.8882	26.317	32.8924	58.334	22.0432	0.87241	23.76869	0.08806207	2.05	5.82	0.705	3.04	60.3798	1.036434	0.003682058	39.639	0.007830804	0.8325	31.91	50.70359	0.821926	0.2407316	62.01639	2.154	27.039	6.678085	124.204	96.026	-7.973814e-05
9978	94.5	98.80416	11.22355	1.726837	5.500832	4.780346	130.5477	1.198925	0.2677516	-1.790406	-2.727925	0.3242897	158.1558	0.6093683	0.6396994	0.5933502	1.102264	1.095694	4.141767	4.035214	4.073877	4.365265	163.9894	166.7191	320.4402	703.2303	43.33626	46.18286	0.1482571	0.285068	2.666434	6.198661	8.063919	-35.73227	122.088	116.4898	26.913	32.0873	58.7794	22.442	1.03547	25.23397	0.08813833	2.06	5.87	0.645	3.03	60.80305	1.197607	0.004013635	41.671	0.007887973	0.8225	33.53	49.64423	0.8459031	0.2545866	61.41654	2.3	25.821	6.665893	118.9601	90.167	1.777755e-05
9979	68.5	94.30528	10.17786	0.5464678	5.199638	4.759936	132.2099	1.159792	0.2640039	-1.75146	-3.082087	0.3231746	154.092	0.6035988	0.6218918	0.5900486	1.100773	1.095267	4.121867	4.003923	4.088569	4.347975	163.9138	167.0081	296.225	704.0111	44.11845	46.40234	0.1442788	0.2812264	2.598606	6.102411	8.088151	-35.98159	124.1791	115.2029	26.603	34.1596	58.7077	22.1914	0.86202	24.01742	0.08944889	2.07	5.93	0.67	3.05	61.7298	1.137317	0.003620472	39.959	0.007851244	0.805	30.73	53.63354	0.7993203	0.2460171	63.53758	2.254	27.652	5.893545	106.0374	93.647	-6.19089e-05
9980	60.5	157.3602	10.38506	0.3283729	5.256175	4.780525	131.9209	1.164256	0.2680823	-1.710565	-2.938164	0.3254058	151.7319	0.6041296	0.6281322	0.5903018	1.100759	1.095533	4.093051	3.97372	4.100569	4.352554	161.8098	165.7261	243.5052	677.7637	44.26578	46.46973	0.1452878	0.2824699	2.539621	5.412465	8.017203	-36.1646	124.8861	112.4906	25.879	33.5596	57.2579	22.0757	0.84026	21.77972	0.0907138	2.07	5.63	0.6925	3.02	63.09894	0.962211	0.003647877	40.203	0.007769014	0.835	46.11	47.11649	0.7721505	0.2333689	60.2876	2.306333	35.059	4.640122	155.97	90.995	-6.578516e-05
9981	55.5	119.307	10.1593	1.10647	6.263071	4.77453	130.8427	1.183524	0.2688115	-1.376466	-3.253425	0.3228979	155.338	0.6099124	0.6349325	0.586872	1.100639	1.096693	4.095072	3.975833	4.077076	4.332196	162.4376	166.9068	260.542	676.9398	44.34712	47.74065	0.1486231	0.2844934	2.418132	5.6582	8.06196	-36.1594	122.3673	113.6894	25.624	33.6458	57.6296	21.7631	0.76424	22.2982	0.08966582	2.05	5.64	0.6775	3.05	62.92584	0.984026	0.003739045	39.248	0.00771358	0.8075	44.26	51.16167	0.8339523	0.254087	60.79353	2.221	32.785	6.862228	126.073	93.267	-6.847303e-05
9982	79.25	113.1231	10.27111	1.560782	6.631014	4.752199	129.952	1.160084	0.2713862	-1.941292	-2.856293	0.3217084	157.4517	0.6071584	0.6313141	0.5939837	1.101564	1.09479	4.108486	3.996169	4.083142	4.346517	162.8471	166.8527	314.4179	723.587	43.72778	45.64748	0.1457448	0.2835198	2.57115	6.113443	7.877686	-35.96909	125.5369	113.346	26.114	33.2841	58.7431	21.9518	0.84012	25.02463	0.08923158	2.05	5.81	0.6475	3.05	60.78532	1.09308	0.003887664	39.956	0.00780446	0.795	35.39	45.87484	0.8376878	0.2485687	61.24747	2.173333	29.498	7.977986	127.0043	94.543	-8.380865e-07
9983	58.5	151.6539	10.28506	-0.3869085	5.257938	4.795166	130.5747	1.184872	0.2685537	-1.648896	-2.62295	0.3240209	154.2176	0.6034418	0.6362622	0.576747	1.102075	1.09524	4.089174	3.990209	4.088767	4.354713	162.3145	166.3101	239.1298	751.519	42.3479	47.2178	0.1446438	0.2825555	2.468353	5.486582	7.92906	-36.14337	124.4574	114.6419	25.544	34.6013	58.0996	21.9803	0.78071	21.91826	0.08808341	2.06	5.6	0.695	3.02	60.95148	0.928815	0.003570879	41.023	0.007703435	0.84	45.25	47.58239	0.7817385	0.2504314	61.17862	2.281	39.238	6.102826	160.4622	87.43	-6.916998e-05
9984	56	98.79363	10.62322	-0.6543227	5.662733	4.784712	132.5296	1.166469	0.2650998	-1.763824	-2.658576	0.3207938	157.3419	0.607284	0.633309	0.58396	1.10108	1.096969	4.113495	3.995054	4.081822	4.344435	163.5411	167.0313	252.6395	660.0287	44.37114	47.33997	0.1470669	0.2831543	2.473345	5.675936	8.081744	-36.37957	119.8668	117.0732	25.62	34.4255	58.3889	22.4028	0.61818	21.72318	0.09151844	2.06	5.73	0.6875	3.03	58.39297	1.010482	0.003673471	39.302	0.007734929	0.8025	38.84	53.42093	0.8305985	0.3380487	62.12832	2.27	34.945	7.016505	125.1371	97.72	-6.890138e-05
9985	63.5	85.16255	10.66185	-0.6323167	5.324036	4.765923	130.4653	1.167377	0.2686272	-2.229172	-2.695042	0.3238293	156.8635	0.6080176	0.6320147	0.5907083	1.099929	1.095249	4.119208	4.022074	4.079823	4.366954	163.6416	166.9222	302.5107	688.073	44.41804	47.46543	0.1471042	0.2828703	2.411441	5.73108	7.931154	-36.25876	123.4731	116.7788	26.39	33.6245	57.9238	22.2574	0.87709	22.89263	0.0875903	2.1	5.9	0.6475	3.04	62.42299	1.1167	0.003797073	39.944	0.007849016	0.795	36.16	53.14954	0.8609246	0.2967508	62.65786	2.19	27.604	8.673333	112.4915	91.848	-4.077561e-05
9986	86	93.61517	8.898947	6.517329	5.863609	4.751343	127.3867	1.221909	0.2735302	-1.578618	-2.673328	0.3260589	158.92	0.6064065	0.6480732	0.6037496	1.101036	1.097368	4.187742	4.018129	4.112593	4.34993	165.0649	167.3133	317.4774	671.0981	43.09318	44.97182	0.1398203	0.2845658	2.50054	6.857887	7.986344	-35.00845	125.9501	114.1346	28.252	31.9013	59.1046	22.5688	1.70673	26.50248	0.0870527	2.22	5.93	0.5575	3.06	61.83994	1.547245	0.004471291	40.824	0.008341878	0.785	31.56	44.34656	0.7370535	0.186021	62.38985	2.198	25.926	23.73653	124.991	86.422	6.0603e-05
9987	82.25	113.8951	9.026356	3.778753	6.674066	4.750242	129.3961	1.206094	0.2743889	-2.167348	-3.367774	0.3246258	157.7502	0.6079962	0.6503555	0.5966452	1.101553	1.093661	4.170483	3.99872	4.106885	4.347693	164.8397	167.2314	310.0117	685.8178	43.09776	44.53494	0.1408858	0.2859353	2.575456	6.476788	7.958523	-35.46048	128.1321	112.6747	28.364	32.8118	58.9518	22.7203	1.42458	26.15358	0.08936973	2.11	6	0.55	3.02	67.4665	1.305289	0.003875072	40.712	0.008260602	0.78	32.85	44.72187	0.7434618	0.2330567	62.99281	2.273	30.262	19.00463	148.4628	91.426	8.012079e-05
9988	112.3333	106.149	10.40328	9.934321	5.89629	4.742046	128.6237	1.258099	0.2728189	-1.67565	-3.182981	0.3236834	154.8728	0.6081853	0.64746	0.6094901	1.103374	1.094482	4.18166	4.014897	4.115877	4.372004	165.5999	166.235	303.5493	677.3246	43.20055	43.83162	0.140754	0.2847413	2.392598	7.094302	7.676217	-35.58541	130.634	109.0748	28.332	32.0356	58.7649	22.6394	1.93924	27.06489	0.0900796	2.12	6.1	0.54	3.04	62.97189	1.51215	0.004045488	40.085	0.008423717	0.8275	33.09	22.18028	0.6652607	0.09304663	61.96581	2	30.901	18.7678	135.7252	90.61	0.0001334928
9990	75	96.36355	10.85057	0.819036	4.788476	4.773098	130.6784	1.218794	0.2668123	-1.701809	-2.981724	0.3255389	155.963	0.6059556	0.6267141	0.5990417	1.102383	1.095312	4.139092	4.022178	4.081497	4.357217	163.9428	167.4757	332.8295	723.1137	42.68936	45.29013	0.1445111	0.2839171	2.488173	6.292219	7.91232	-35.65005	119.3647	116.4489	26.965	33.0562	59.3072	22.1931	1.00829	25.44728	0.08898946	2.09	5.99	0.615	3.06	60.28981	1.212814	0.003867511	40.389	0.007945506	0.805	33.88	45.88098	0.8504883	0.2633488	60.58551	2.09	24.99	8.28426	122.1305	95.434	1.938283e-05
9991	92.75	104.5414	10.54776	2.49514	6.450233	4.761511	130.7428	1.201516	0.2734954	-1.816694	-2.840872	0.3222506	157.5557	0.6066881	0.645797	0.6028048	1.10165	1.095435	4.132382	4.013615	4.097115	4.356565	163.3444	166.6684	322.4026	705.0872	42.60642	44.46148	0.1444453	0.2834438	2.623503	6.147716	7.915608	-35.81501	128.5389	112.4658	27.292	32.7034	59.4568	22.1823	1.12541	25.9039	0.08931855	2.08	5.93	0.66	3.03	64.58755	1.242083	0.003681327	39.745	0.007967978	0.78	36.19	46.69701	0.8343588	0.2237748	61.87763	2.193333	27.627	8.799805	122.3503	91.271	2.707253e-05
9993	119.6667	83.74926	8.858366	9.944646	7.900085	4.759803	132.4102	1.18341	0.2733442	-1.459706	-3.284785	0.325574	158.3739	0.603147	0.63857	0.6075227	1.103805	1.095714	4.198797	4.054017	4.086531	4.352002	165.9626	167.3189	299.6302	664.9384	43.32537	44.44018	0.1448318	0.2885021	2.351398	7.426355	8.028973	-35.16482	129.8556	110.3613	28.462	33.3299	60.2443	22.8054	1.68634	26.5962	0.08666638	2.22	5.99	0.5625	3.06	58.62454	1.621888	0.004178491	41.351	0.008364935	0.7275	17.82	61.43278	0.7890627	0.1870054	79.58075	2	24.447	13.73834	102.2755	85.904	2.821426e-05
9995	41.75	112.5214	11.29733	-3.416538	6.11601	4.767033	135.1609	1.117338	0.268953	-2.312818	-3.689854	0.3242286	155.2962	0.6139771	0.6196127	0.5890609	1.101179	1.096453	4.108679	4.012197	4.097087	4.360248	164.0471	167.8371	258.7764	665.909	44.19353	47.27835	0.1487404	0.2882393	2.772883	6.272767	8.312679	-36.61512	120.6589	112.2921	25.129	36.8295	59.8819	21.9476	0.54176	22.12326	0.08827895	2.09	5.87	0.6475	3.09	51.49018	0.878421	0.003662001	38.465	0.00799183	0.7875	23.77	64.42471	0.8046394	0.406108	82.69231	2	38.349	8.992685	119.1602	84.465	-0.0002303086
9996	38.25	148.9424	10.73476	-3.51729	5.594991	4.765994	141.6655	1.122702	0.2664677	-2.048922	-4.010991	0.3195752	153.761	0.6139705	0.6306852	0.5849538	1.102664	1.098139	4.101289	4.028469	4.116019	4.337804	162.9857	166.8785	243.7193	673.5169	44.18783	47.22595	0.1482695	0.2892974	2.845796	6.237764	8.390116	-36.6801	126.3306	112.3159	24.382	37.2826	59.6149	22.006	0.60161	21.21573	0.08985671	2.04	5.72	0.6925	3.04	52.38925	0.838715	0.003487972	38.136	0.007731194	0.83	29.14	66.23425	0.7604049	0.4192938	87.30159	2	49.355	7.791099	132.4807	93.906	-0.0001413659
9997	51.5	98.30303	10.22019	-0.4953658	6.833122	4.779112	136.5455	1.136192	0.2706533	-1.895897	-3.441788	0.3251183	155.3379	0.6091622	0.6137328	0.5884498	1.102366	1.096971	4.131082	4.059991	4.086016	4.358539	164.0605	167.4229	278.8861	671.5336	43.99374	46.06639	0.1494746	0.2834757	2.737335	6.403376	8.30908	-36.33941	125.8799	112.0943	25.777	36.0757	58.9992	22.3156	0.89624	23.38578	0.09081354	2.12	5.88	0.6775	3.09	59.29044	1.105528	0.00352268	38.513	0.008061485	0.8025	26.07	68.89736	0.7600288	0.3369478	95.83333	2	37.794	5.694661	97.18364	83.051	-0.0001139068
9998	46.25	129.5397	11.2345	-3.436216	6.181461	4.76187	138.7884	1.10089	0.2668392	-1.89037	-3.735468	0.3254917	154.6859	0.6093708	0.6172381	0.5876318	1.103447	1.096013	4.095803	4.033994	4.117779	4.34795	163.3678	167.0378	248.5843	671.1312	44.16493	46.3697	0.1438934	0.2850233	2.754518	6.238777	8.351497	-36.68133	122.4626	114.299	24.072	37.6991	60.4884	21.9837	0.61773	21.78518	0.09207998	2.08	5.82	0.7175	3.11	54.40286	0.930446	0.003774103	38.418	0.007790114	0.83	22.23	60.78573	0.7649504	0.4551119	90.32258	2	48.225	8.668318	117.7199	85.537	-0.0002220335
9999	54.25	150.015	10.14977	-4.113411	6.267143	4.762064	138.2585	1.125207	0.2683136	-2.120245	-3.984671	0.32319	154.899	0.6181834	0.6261488	0.5816007	1.101952	1.096633	4.079158	4.038659	4.113085	4.343402	162.4725	167.7269	239.5492	672.956	44.10405	46.88944	0.1491374	0.2870362	2.667875	6.020523	8.348295	-36.5748	124.473	111.7238	25.544	37.5224	60.7443	21.831	0.56041	21.47718	0.08892009	2.05	5.7	0.685	3.08	59.0145	0.880661	0.003505869	37.687	0.007743765	0.815	28.12	66.75003	0.7752974	0.3950977	92.23077	4	47.818	6.510316	127.4962	84.914	-0.0002023515
10001	49.5	177.9474	9.850565	-0.1645218	5.590785	4.784578	131.4697	1.225619	0.2695964	-2.291029	-3.199486	0.3209161	152.5445	0.6056041	0.6340898	0.5793594	1.100465	1.095501	4.05751	3.964082	4.074959	4.346702	161.8169	165.3985	242.6127	661.2433	43.34465	46.60306	0.1442997	0.2849382	2.371487	5.604948	7.875747	-36.13716	129.3299	110.8005	26.791	32.2341	56.9684	21.7803	1.01352	22.10818	0.09078017	2.05	5.87	0.6575	3.01	65.34245	0.915489	0.00331455	38.969	0.007670372	0.8025	53.2	34.80892	0.6301334	0.04921254	47.92593	3	46.23	9.201833	132.9257	88.427	-7.151578e-05
10002	42.5	189.69	9.728686	-0.2041095	4.242994	4.781727	134.7201	1.211563	0.2650477	-1.950379	-3.247873	0.3198093	150.1094	0.6076202	0.6383948	0.5757767	1.099859	1.096909	4.070822	3.980301	4.102865	4.339998	160.255	164.7724	239.9482	664.0165	43.72204	46.60883	0.1436967	0.2826906	2.254384	5.26289	7.972986	-36.13071	130.0035	111.4649	25.877	32.608	57.2994	21.8889	1.03495	22.12533	0.09051431	2.08	5.68	0.68	3.02	62.525	0.875502	0.003708072	41.396	0.007678262	0.84	48.51	38.20663	0.6760402	0.1348173	42.46795	2	47.995	3.242152	132.4615	90.481	-4.935933e-05
10004	79	112.4783	10.67511	0.1687442	6.248051	4.786028	131.0236	1.140841	0.2674656	-2.142675	-2.989001	0.3209307	156.9047	0.6082477	0.6281931	0.5848505	1.101504	1.095224	4.109143	3.980834	4.092685	4.360839	163.9301	166.7369	271.3451	681.6953	44.42262	47.36612	0.1464267	0.2811576	2.515885	5.835794	8.0659	-36.22363	128.9918	114.3145	26.292	34.1481	58.0564	22.2851	0.8054	23.18032	0.09285717	2.06	5.75	0.6825	3.03	59.8773	0.993546	0.003803456	40.394	0.007790643	0.8175	37.64	54.32874	0.8286349	0.3033997	62.24943	2.345	27.952	5.193333	136.6624	95.179	-7.614206e-05
10005	67.25	88.61894	9.642148	1.023706	6.333523	4.761549	129.8029	1.16602	0.2704166	-1.676339	-2.74649	0.3227867	156.7	0.6101378	0.6343522	0.5967057	1.101193	1.094763	4.107308	4.031251	4.074859	4.349002	163.4782	167.1054	295.1593	686.1924	44.57976	46.33175	0.1461202	0.2863617	2.510231	6.026164	8.021977	-34.91934	110	121.434	26.831	34.1336	58.33	22.2704	1.0007	24.33885	0.08749492	2.09	5.92	0.62	3.06	60.87759	1.159085	0.003706729	40.886	0.007854124	0.7925	33.21	49.19397	0.8520304	0.2094853	63.47588	2.15	26.235	8.120863	122.5175	94.051	-2.237357e-05
10006	131.5	101.666	2.625395	20.50679	3.569928	4.735983	128.1169	1.340977	0.2712397	-1.907536	-3.436678	0.3275034	152.8258	0.607758	0.6405318	0.6024609	1.104518	1.094413	4.188858	4.006873	4.095982	4.356147	165.8	169.5	295.0252	668.8604	43.03924	43.46993	0.1341642	0.2773162	2.524599	7.49055	7.576484	-34.96647	135.0742	108.9868	28.506	31.7147	59.4336	22.7761	1.89585	25.70454	0.0900968	2.18	6.08	0.5525	3.18	65.0993	1.608154	0.006291543	43.594	0.008489564	0.81	39.4	11.04545	0.5804067	0.2065588	19.11232	2	29.088	26.50752	100.7491	88.995	0.0001471615
10008	73	100.4493	11.12157	0.731309	5.83607	4.780423	130.7259	1.178614	0.2668847	-2.071672	-2.863215	0.3199665	154.4379	0.6097637	0.6386854	0.5954496	1.102873	1.095655	4.137729	4.0234	4.105854	4.371074	163.6561	167.1805	299.4716	712.5265	44.44903	46.78719	0.1462828	0.2854235	2.587128	5.923845	8.009983	-35.94556	123.3611	115.7188	26.19	32.7863	58.746	22.3811	0.82232	24.1805	0.08980147	2.04	5.89	0.66	3.03	63.82117	1.121084	0.003829067	40.189	0.007916101	0.8025	35.19	50.64067	0.8375708	0.3079009	62.39256	2.2	28.642	7.78985	125.2149	150.8	6.279006e-06
10009	77.75	89.88861	10.81273	1.527971	5.547633	4.767446	130.8043	1.171882	0.2723718	-1.538674	-2.27083	0.3238436	156.8397	0.608522	0.6342277	0.6010575	1.101592	1.095257	4.150279	4.029464	4.082417	4.357501	164.0986	167.2333	323.6067	707.0202	43.23429	46.04578	0.1460865	0.2809149	2.386318	5.915818	7.916239	-35.81314	124.8662	115.1827	26.747	33.8498	58.0732	22.4902	1.02869	25.33678	0.08714932	2.08	5.99	0.71	3.03	62.28703	1.242145	0.003871868	40.952	0.008057301	0.82	29.36	48.22372	0.8496708	0.3090506	61.90623	2.26	25.607	8.178019	111.9084	101.055	-6.172872e-06
10010	75.25	106.6039	11.08906	0.9988401	5.793857	4.778646	133.6875	1.152859	0.2720996	-1.154698	-2.267178	0.3222679	157.2537	0.6044728	0.6365723	0.5967839	1.1042	1.096789	4.128419	4.025395	4.103971	4.362735	164.5503	167.2255	392.5837	811.6335	47.5806	48.568	0.1463449	0.2839304	2.664901	6.219126	7.954211	-35.79968	122.6284	115.325	26.697	33.3483	59.3056	22.3457	0.79165	25.07228	0.08987673	2.06	5.85	0.6925	3.03	61.51696	1.195848	0.003718668	40.223	0.007871719	0.8	34.85	53.96791	0.8557989	0.2792732	62.98914	2.205	28.864	9.778788	126.3695	96.679	-2.25349e-05
10011	65.25	126.094	11.35062	-2.093077	7.57446	4.754933	132.551	1.157399	0.2679886	-1.985927	-3.234275	0.323729	157.1545	0.6037463	0.6302169	0.5849883	1.100792	1.097357	4.1186	4.01848	4.091607	4.331911	163.8472	165.678	219.9943	583.1384	50.0968	54.6058	0.1472451	0.2848253	2.631499	6.062621	7.936014	-36.00716	125.4893	114.0208	26.092	34.1072	58.9015	22.4745	0.98738	22.71615	0.08819488	2.08	5.9	0.6725	3.06	57.89557	1.067963	0.003904359	39.181	0.007676163	0.81	34.79	47.15406	0.7567953	0.144966	58.84615	2	34.275	7.668037	111.1549	91.481	1.361315e-05
10012	105.6667	92.17447	7.133548	8.341202	3.969029	4.754127	126.4804	1.257458	0.2708739	-1.473458	-3.397684	0.3234179	156.1334	0.6108668	0.6443306	0.6187031	1.10323	1.094939	4.159928	4.006257	4.104845	4.364225	164.9383	167.2468	290.3432	679.9515	42.78486	43.97577	0.1408891	0.2810255	2.16832	7.123266	7.858223	-35.38361	133.7419	108.741	28.074	32.6297	59.5955	22.6838	1.94518	26.56904	0.08683102	2.18	6.19	0.49	3.08	62.40388	1.612074	0.004402433	40.28	0.008535959	0.75	37.37	21.0326	0.5996785	0.09368798	55.76923	2	30.01	20.50732	97.13265	89.885	0.0001143834
10013	100	145.4182	11.35762	2.062891	7.201901	4.778342	131.9155	1.301933	0.2719172	-1.605717	-2.723564	0.3224673	155.2806	0.6043422	0.6329911	0.5796507	1.103129	1.093954	4.128021	3.967663	4.081757	4.342882	163.2615	166.0814	285.8796	670.6568	42.91206	44.88509	0.1451468	0.2786944	2.316429	6.213341	7.79861	-35.82023	131.279	111.2132	27.811	32.0151	57.402	22.2429	1.45017	26.24617	0.0890977	2.07	6.01	0.62	3.03	64.61333	1.08583	0.004235931	42.787	0.007892896	0.835	54.87	24.27448	0.5614056	0.03744173	9.52381	2	28.242	8.049767	129.7308	91.744	0.0001291177
10014	132	99.27049	11.24084	11.43153	4.36769	4.736197	126.345	1.275649	0.2695066	-1.911442	-3.282609	0.3285825	153.5778	0.6043832	0.6430395	0.6066403	1.106933	1.094845	4.158528	4.006605	4.105973	4.362933	166.2	168	287.7019	664.7182	42.85775	43.73451	0.1403327	0.2829084	2.433013	7.138811	7.666576	-35.55221	132.8735	110.3221	28.078	31.7766	58.5853	22.3205	1.86648	26.57669	0.08897592	2.14	6.1	0.585	3.03	58.7233	1.453527	0.004439737	41.271	0.008640655	0.7575	35.15	16.48706	0.5965279	0.08124536	18.75	2	35.026	18.38878	134.2638	91.542	0.0001616749
10015	51.25	126.4287	9.41169	-1.995235	6.795359	4.748562	138.8869	1.106908	0.2669832	-1.398897	-3.447556	0.3223435	154.9784	0.6103292	0.6155339	0.582478	1.105555	1.097918	4.073349	4.040552	4.108085	4.355313	162.3712	166.9237	186.0996	544.3747	46.9849	46.5275	0.08847707	0.2772487	2.69514	5.872953	8.219094	-36.57548	123.4093	111.1038	25.883	35.184	58.5025	22.0674	0.74297	21.96596	0.09161635	2.08	5.8	0.645	3.08	65.09595	0.961441	0.00390239	42.788	0.00797987	0.7725	26.72	60.85025	0.7669552	0.4068651	100	2	49.099	4.481875	136.1973	45.4	-0.0002421688
10017	76.5	95.21948	10.2476	2.168135	4.72601	4.77091	131.3637	1.209902	0.2749417	-1.40455	-2.869997	0.3240208	157.0373	0.6087483	0.6470229	0.5998353	1.100374	1.094095	4.161477	4.023514	4.085802	4.343937	164.1042	167.1465	319.3354	709.0102	42.27615	45.91575	0.1454669	0.2849921	2.465248	6.241758	7.89618	-34.98396	90	122.918	27.129	32.8752	58.354	22.2814	1.07203	25.61779	0.08955031	2.1	5.96	0.6	3.04	62.44673	1.304544	0.003961901	40.171	0.008088357	0.7925	32.32	49.78132	0.8178775	0.2399371	62.98939	2.28	23.471	8.56054	122.7269	93.79	5.280824e-06
10018	81.33333	90.1434	11.22388	4.017808	6.835548	4.763746	126.9688	1.211183	0.275911	-1.631688	-2.946404	0.3261377	159.1604	0.6060423	0.6489112	0.6024039	1.102126	1.096003	4.174513	4.009325	4.111625	4.351633	165.2281	167.0512	321.2316	684.3848	42.96041	44.57497	0.1426901	0.2824212	2.578591	6.323592	7.919265	-35.40726	125.5109	113.5552	27.734	32.1486	59.4909	22.4281	1.54062	26.48711	0.08768909	2.15	6.05	0.56	3.01	65.23439	1.381807	0.003992762	40.012	0.008194033	0.8025	32.41	42.54685	0.7647446	0.2218568	64.21235	2.198	25.807	17.14015	131.9784	90.964	4.620448e-05
10020	48	136.1097	10.08553	0.5637645	2.922384	4.775668	130.6878	1.23751	0.2639983	-2.617569	-3.299868	0.3243895	154.6833	0.6089581	0.6333996	0.579995	1.100058	1.095626	4.094134	3.978892	4.100959	4.360141	155.5714	162.3333	264.192	670.943	44.1388	45.84806	0.1452014	0.2847373	2.550739	5.320344	7.975918	-36.15595	125.4859	112.9543	26.243	31.6603	57.3353	21.9634	0.97321	21.83224	0.08820078	2.09	5.75	0.685	3.01	62.0492	0.91522	0.003659855	41.474	0.007848135	0.835	43.84	45.6106	0.700599	0.1745999	57.85824	2.094167	45.163	6.377441	132.1831	88.783	-5.062952e-05
10022	45.25	103.6098	10.77055	-1.661392	5.646162	4.797751	133.9426	1.145719	0.2657232	-1.932615	-2.84321	0.3235118	158.5814	0.6138221	0.6397748	0.5921549	1.101144	1.096113	4.114151	3.995632	4.090157	4.358205	163.7322	166.9203	266.3364	677.894	44.72593	47.53169	0.147462	0.2821111	2.597438	5.843826	8.042063	-36.32668	125.1828	115.6116	26.307	33.0424	59.1068	22.1624	0.63822	21.83622	0.09054468	2.06	5.88	0.705	3.04	59.83472	1.014978	0.003889989	39.824	0.007894257	0.8325	33.46	51.37714	0.8327579	0.2758285	62.63847	2.1	31.751	7.726315	119.5766	98.154	-8.225314e-05
10023	90	82.40797	11.57546	2.928496	7.004605	4.763842	128.3609	1.189626	0.274996	-1.721583	-2.761939	0.3266297	158.7835	0.609471	0.6453835	0.6135212	1.101515	1.094975	4.152869	4.020238	4.100858	4.364164	164.5824	166.7243	316.0346	698.1374	42.93465	44.85622	0.1442195	0.2820353	2.361921	6.430353	7.862443	-35.71999	127.569	113.4996	27.542	32.2875	58.3622	22.1859	1.43546	26.20206	0.08686947	2.14	6.03	0.58	3.04	64.88324	1.39293	0.004066978	40.611	0.008187392	0.7975	32.51	46.51117	0.8319122	0.2330606	61.53952	2.12	23.534	9.373548	117.0932	90.763	8.22014e-05
10027	78.38633	99.07453	10.52119	1.718903	5.246351	4.776764	129.2953	1.194579	0.2696871	-1.539698	-2.724254	0.3211509	162.6175	0.6057527	0.6350993	0.6026006	1.101593	1.095475	4.140444	4.02252	4.085668	4.361686	164.062	167.3679	321.5762	728.7632	42.52096	45.51227	0.1471777	0.2824652	2.378523	5.945647	7.843337	-35.9974	123.1233	115.2445	26.795	32.2865	57.9898	22.2716	0.96597	25.50267	0.08906131	2.07	6	0.6375	3.05	62.99844	1.251512	0.003947156	41.271	0.008005809	0.805	33.1	51.38932	0.8665122	0.2547023	62.54738	2.08	27.54	8.804564	122.8565	94.307	5.593286e-06
14312	78.38633	99.07453	10.52119	1.718903	5.246351	4.776764	129.2953	1.194579	0.2696871	-1.539698	-2.724254	0.3211509	162.6175	0.6057527	0.6350993	0.6026006	1.101593	1.095475	4.140444	4.02252	4.085668	4.361686	164.062	167.3679	321.5762	728.7632	42.52096	45.51227	0.1471777	0.2824652	2.378523	5.945647	7.843337	-35.9974	123.1233	115.2445	26.795	32.2865	57.9898	22.2716	0.96597	25.50267	0.08906131	2.07	6	0.6375	3.05	62.99844	1.251512	0.003947156	41.271	0.008005809	0.805	33.1	51.38932	0.8665122	0.2547023	62.54738	2.08	27.54	8.804564	122.8565	94.307	5.593286e-06
14313	78.38633	99.07453	10.52119	1.718903	5.246351	4.776764	129.2953	1.194579	0.2696871	-1.539698	-2.724254	0.3211509	162.6175	0.6057527	0.6350993	0.6026006	1.101593	1.095475	4.140444	4.02252	4.085668	4.361686	164.062	167.3679	321.5762	728.7632	42.52096	45.51227	0.1471777	0.2824652	2.378523	5.945647	7.843337	-35.9974	123.1233	115.2445	26.795	32.2865	57.9898	22.2716	0.96597	25.50267	0.08906131	2.07	6	0.6375	3.05	62.99844	1.251512	0.003947156	41.271	0.008005809	0.805	33.1	51.38932	0.8665122	0.2547023	62.54738	2.08	27.54	8.804564	122.8565	94.307	5.593286e-06
14314	78.38633	99.07453	10.52119	1.718903	5.246351	4.776764	129.2953	1.194579	0.2696871	-1.539698	-2.724254	0.3211509	162.6175	0.6057527	0.6350993	0.6026006	1.101593	1.095475	4.140444	4.02252	4.085668	4.361686	164.062	167.3679	321.5762	728.7632	42.52096	45.51227	0.1471777	0.2824652	2.378523	5.945647	7.843337	-35.9974	123.1233	115.2445	26.795	32.2865	57.9898	22.2716	0.96597	25.50267	0.08906131	2.07	6	0.6375	3.05	62.99844	1.251512	0.003947156	41.271	0.008005809	0.805	33.1	51.38932	0.8665122	0.2547023	62.54738	2.08	27.54	8.804564	122.8565	94.307	5.593286e-06
14315	78.38633	99.07453	10.52119	1.718903	5.246351	4.776764	129.2953	1.194579	0.2696871	-1.539698	-2.724254	0.3211509	162.6175	0.6057527	0.6350993	0.6026006	1.101593	1.095475	4.140444	4.02252	4.085668	4.361686	164.062	167.3679	321.5762	728.7632	42.52096	45.51227	0.1471777	0.2824652	2.378523	5.945647	7.843337	-35.9974	123.1233	115.2445	26.795	32.2865	57.9898	22.2716	0.96597	25.50267	0.08906131	2.07	6	0.6375	3.05	62.99844	1.251512	0.003947156	41.271	0.008005809	0.805	33.1	51.38932	0.8665122	0.2547023	62.54738	2.08	27.54	8.804564	122.8565	94.307	5.593286e-06
14318	78.38633	99.07453	10.52119	1.718903	5.246351	4.776764	129.2953	1.194579	0.2696871	-1.539698	-2.724254	0.3211509	162.6175	0.6057527	0.6350993	0.6026006	1.101593	1.095475	4.140444	4.02252	4.085668	4.361686	164.062	167.3679	321.5762	728.7632	42.52096	45.51227	0.1471777	0.2824652	2.378523	5.945647	7.843337	-35.9974	123.1233	115.2445	26.795	32.2865	57.9898	22.2716	0.96597	25.50267	0.08906131	2.07	6	0.6375	3.05	62.99844	1.251512	0.003947156	41.271	0.008005809	0.805	33.1	51.38932	0.8665122	0.2547023	62.54738	2.08	27.54	8.804564	122.8565	94.307	5.593286e-06
14319	78.38633	99.07453	10.52119	1.718903	5.246351	4.776764	129.2953	1.194579	0.2696871	-1.539698	-2.724254	0.3211509	162.6175	0.6057527	0.6350993	0.6026006	1.101593	1.095475	4.140444	4.02252	4.085668	4.361686	164.062	167.3679	321.5762	728.7632	42.52096	45.51227	0.1471777	0.2824652	2.378523	5.945647	7.843337	-35.9974	123.1233	115.2445	26.795	32.2865	57.9898	22.2716	0.96597	25.50267	0.08906131	2.07	6	0.6375	3.05	62.99844	1.251512	0.003947156	41.271	0.008005809	0.805	33.1	51.38932	0.8665122	0.2547023	62.54738	2.08	27.54	8.804564	122.8565	94.307	5.593286e-06
15560	78.38633	99.07453	10.52119	1.718903	5.246351	4.776764	129.2953	1.194579	0.2696871	-1.539698	-2.724254	0.3211509	162.6175	0.6057527	0.6350993	0.6026006	1.101593	1.095475	4.140444	4.02252	4.085668	4.361686	164.062	167.3679	321.5762	728.7632	42.52096	45.51227	0.1471777	0.2824652	2.378523	5.945647	7.843337	-35.9974	123.1233	115.2445	26.795	32.2865	57.9898	22.2716	0.96597	25.50267	0.08906131	2.07	6	0.6375	3.05	62.99844	1.251512	0.003947156	41.271	0.008005809	0.805	33.1	51.38932	0.8665122	0.2547023	62.54738	2.08	27.54	8.804564	122.8565	94.307	5.593286e-06
15591	78.38633	99.07453	10.52119	1.718903	5.246351	4.776764	129.2953	1.194579	0.2696871	-1.539698	-2.724254	0.3211509	162.6175	0.6057527	0.6350993	0.6026006	1.101593	1.095475	4.140444	4.02252	4.085668	4.361686	164.062	167.3679	321.5762	728.7632	42.52096	45.51227	0.1471777	0.2824652	2.378523	5.945647	7.843337	-35.9974	123.1233	115.2445	26.795	32.2865	57.9898	22.2716	0.96597	25.50267	0.08906131	2.07	6	0.6375	3.05	62.99844	1.251512	0.003947156	41.271	0.008005809	0.805	33.1	51.38932	0.8665122	0.2547023	62.54738	2.08	27.54	8.804564	122.8565	94.307	5.593286e-06
15592	78.38633	99.07453	10.52119	1.718903	5.246351	4.776764	129.2953	1.194579	0.2696871	-1.539698	-2.724254	0.3211509	162.6175	0.6057527	0.6350993	0.6026006	1.101593	1.095475	4.140444	4.02252	4.085668	4.361686	164.062	167.3679	321.5762	728.7632	42.52096	45.51227	0.1471777	0.2824652	2.378523	5.945647	7.843337	-35.9974	123.1233	115.2445	26.795	32.2865	57.9898	22.2716	0.96597	25.50267	0.08906131	2.07	6	0.6375	3.05	62.99844	1.251512	0.003947156	41.271	0.008005809	0.805	33.1	51.38932	0.8665122	0.2547023	62.54738	2.08	27.54	8.804564	122.8565	94.307	5.593286e-06
15593	78.38633	99.07453	10.52119	1.718903	5.246351	4.776764	129.2953	1.194579	0.2696871	-1.539698	-2.724254	0.3211509	162.6175	0.6057527	0.6350993	0.6026006	1.101593	1.095475	4.140444	4.02252	4.085668	4.361686	164.062	167.3679	321.5762	728.7632	42.52096	45.51227	0.1471777	0.2824652	2.378523	5.945647	7.843337	-35.9974	123.1233	115.2445	26.795	32.2865	57.9898	22.2716	0.96597	25.50267	0.08906131	2.07	6	0.6375	3.05	62.99844	1.251512	0.003947156	41.271	0.008005809	0.805	33.1	51.38932	0.8665122	0.2547023	62.54738	2.08	27.54	8.804564	122.8565	94.307	5.593286e-06
18694	78.38633	99.07453	10.52119	1.718903	5.246351	4.776764	129.2953	1.194579	0.2696871	-1.539698	-2.724254	0.3211509	162.6175	0.6057527	0.6350993	0.6026006	1.101593	1.095475	4.140444	4.02252	4.085668	4.361686	164.062	167.3679	321.5762	728.7632	42.52096	45.51227	0.1471777	0.2824652	2.378523	5.945647	7.843337	-35.9974	123.1233	115.2445	26.795	32.2865	57.9898	22.2716	0.96597	25.50267	0.08906131	2.07	6	0.6375	3.05	62.99844	1.251512	0.003947156	41.271	0.008005809	0.805	33.1	51.38932	0.8665122	0.2547023	62.54738	2.08	27.54	8.804564	122.8565	94.307	5.593286e-06
18696	78.38633	99.07453	10.52119	1.718903	5.246351	4.776764	129.2953	1.194579	0.2696871	-1.539698	-2.724254	0.3211509	162.6175	0.6057527	0.6350993	0.6026006	1.101593	1.095475	4.140444	4.02252	4.085668	4.361686	164.062	167.3679	321.5762	728.7632	42.52096	45.51227	0.1471777	0.2824652	2.378523	5.945647	7.843337	-35.9974	123.1233	115.2445	26.795	32.2865	57.9898	22.2716	0.96597	25.50267	0.08906131	2.07	6	0.6375	3.05	62.99844	1.251512	0.003947156	41.271	0.008005809	0.805	33.1	51.38932	0.8665122	0.2547023	62.54738	2.08	27.54	8.804564	122.8565	94.307	5.593286e-06
19949	78.38633	99.07453	10.52119	1.718903	5.246351	4.776764	129.2953	1.194579	0.2696871	-1.539698	-2.724254	0.3211509	162.6175	0.6057527	0.6350993	0.6026006	1.101593	1.095475	4.140444	4.02252	4.085668	4.361686	164.062	167.3679	321.5762	728.7632	42.52096	45.51227	0.1471777	0.2824652	2.378523	5.945647	7.843337	-35.9974	123.1233	115.2445	26.795	32.2865	57.9898	22.2716	0.96597	25.50267	0.08906131	2.07	6	0.6375	3.05	62.99844	1.251512	0.003947156	41.271	0.008005809	0.805	33.1	51.38932	0.8665122	0.2547023	62.54738	2.08	27.54	8.804564	122.8565	94.307	5.593286e-06
19950	78.38633	99.07453	10.52119	1.718903	5.246351	4.776764	129.2953	1.194579	0.2696871	-1.539698	-2.724254	0.3211509	162.6175	0.6057527	0.6350993	0.6026006	1.101593	1.095475	4.140444	4.02252	4.085668	4.361686	164.062	167.3679	321.5762	728.7632	42.52096	45.51227	0.1471777	0.2824652	2.378523	5.945647	7.843337	-35.9974	123.1233	115.2445	26.795	32.2865	57.9898	22.2716	0.96597	25.50267	0.08906131	2.07	6	0.6375	3.05	62.99844	1.251512	0.003947156	41.271	0.008005809	0.805	33.1	51.38932	0.8665122	0.2547023	62.54738	2.08	27.54	8.804564	122.8565	94.307	5.593286e-06
19951	78.38633	99.07453	10.52119	1.718903	5.246351	4.776764	129.2953	1.194579	0.2696871	-1.539698	-2.724254	0.3211509	162.6175	0.6057527	0.6350993	0.6026006	1.101593	1.095475	4.140444	4.02252	4.085668	4.361686	164.062	167.3679	321.5762	728.7632	42.52096	45.51227	0.1471777	0.2824652	2.378523	5.945647	7.843337	-35.9974	123.1233	115.2445	26.795	32.2865	57.9898	22.2716	0.96597	25.50267	0.08906131	2.07	6	0.6375	3.05	62.99844	1.251512	0.003947156	41.271	0.008005809	0.805	33.1	51.38932	0.8665122	0.2547023	62.54738	2.08	27.54	8.804564	122.8565	94.307	5.593286e-06
