h_mean	h_median	h_2.5%	h_97.5%	PVE_mean	PVE_median	PVE_2.5%	PVE_97.5%	rho_mean	rho_median	rho_2.5%	rho_97.5%	PGE_mean	PGE_median	PGE_2.5%	PGE_97.5%	pi_mean	pi_median	pi_2.5%	pi_97.5%	n.gamma_mean	n.gamma_median	n.gamma_2.5%	n.gamma_97.5%	pheno
0.929688532834	0.93048435	0.88242728	0.97206511	0.924978786327	0.9255072	0.90055566	0.9460572225	0.369694942708588	0.36103675	0.04972277	0.7415140975	0.00698884701872286	0.006242968	8.725208925e-05	0.01855414	0.2698280508486	0.16479875	0.031982432	0.9161075825	10.39575	7	1	35	FT10
0.93962150455	0.9405464	0.8983657975	0.9749234925	0.936123630103	0.936742	0.9127934	0.9559410175	0.352026286209372	0.3426229	0.04330746	0.717938867499999	0.00653569321865724	0.0057945905	7.30166775000001e-06	0.01776505	0.3189807355753	0.2349014	0.0311554825	0.9236609	11.72577	9	1	34	FT16
0.99257123276	0.9937381	0.9808585	0.9977025	0.921555399134	0.9217413	0.8514355	0.9669419	0.996793327911	0.9977839	0.987248	0.9997236	0.96555194499	0.9668804	0.9045041	0.9963115	0.001221649411546	0.001157225	0.0009926758	0.001575755	127.94062	123	114	159	DSDS10
0.986988094751	0.9919768	0.934365	0.9984242	0.867108560697	0.8801546	0.6571023	0.9686432	0.991179637716	0.9942567	0.9636945275	0.9990935	0.889403196554	0.9113734	0.7170073	0.9876908	0.000272829708694	0.0002510181	0.0001916023	0.0005199626	31.69344	32	18	54	DSDS50
0.908038280136	0.930757	0.6990646	0.9852052	0.721369760222	0.7323655	0.4839954425	0.8988748	0.86331993735195	0.9043147	0.5068937025	0.9911122	0.550964232033999	0.5426268	0.2191978	0.9066782	0.00027451539010591	0.0001900653	1.815320125e-05	0.0007623452	29.63125	22	2	77	DSDS90
0.968454509292	0.9723829	0.9217863	0.992094	0.819394782233	0.8282181	0.6513605	0.9385771	0.971038222786	0.9782582	0.9053944	0.99889	0.829002616929	0.8418008	0.5784051025	0.9907701	0.000654777485684	0.0006226489	0.000376007	0.001112503	70.39671	66	43	112	FT
0.995491948341	0.9958969	0.9923433	0.998522	0.917230767943	0.9183223	0.8951846	0.93683	0.99853229282	0.9988914	0.9946671	0.9999876	0.970502748977	0.976262	0.9131358	0.9992719	0.000383714365696	0.000371166	0.0003629791	0.0004398749	32.22079	33	28	36	GAS
0.945614608832	0.9573377	0.8350407	0.9816855	0.681825815933	0.6910234	0.4891195	0.8199092	0.969831485697742	0.9865529	0.839170595	0.9993588	0.803549573368095	0.862149	0.2904067	0.993073	0.001146596880625	0.001031946	0.00051670706	0.001842155	119.13232	107	56	179	SS
0.983214489562	0.9948862	0.8826357	0.9998964	0.8865279901855	0.9383519	0.5151768	0.9991607	0.963462988148942	0.9770287	0.84443497	0.996287	0.695338529739235	0.7198993	0.28237437	0.9364458	0.001270246518062	0.001297676	0.0004162541	0.001619239	133.8265	136	47	157	t10
0.8420156992875	0.89881075	0.442652365	0.9912999	0.61659974821717	0.6211597	0.2833353425	0.912678997499999	0.780060844222808	0.8816594	0.11528748	0.9955718025	0.363165719459528	0.3216479	0.00159479015	0.9314727	0.00022997930951256	0.0001427115	1.290355225e-05	0.0008137039	25.51642	16	1	83	t50
0.6579933392745	0.6716495	0.3032628875	0.935241845	0.51130944700954	0.5148314	0.21802916	0.7821980025	0.474268296539169	0.46549645	0.02338723425	0.957600605	0.0936983438967071	0.03713284	0.0006313225	0.561837567499999	0.00164403009095666	0.0018538815	2.717212225e-05	0.002810087	169.53741	192	3	282	U8416
0.796473634635567	0.8859746	0.15751437	0.9960758	0.660838933893263	0.7247539	0.07721645475	0.9894298575	0.754850469154184	0.8573085	0.096553481	0.9968751	0.5825506618541	0.64452255	0.01645856275	0.9874337	0.0024708346572036	0.00295352	4.4257096e-05	0.004150057375	183.92763	221	3	296	HL23_mm_
0.90815054958729	0.9674882	0.480517515	0.9999959	0.857651969211765	0.9371439	0.324182005	0.9999905	0.523018214311427	0.5335036	0.03092484675	0.9709942	0.315279541085018	0.241537	0.001114937	0.906095367499999	0.0006060012825225	0.0003972832	2.08986045e-05	0.002934118	44.99015	30	1	222	HL27_mm_
0.507910406499765	0.5200579	0.03113801925	0.9634249	0.385324809981524	0.3687492	0.012801807	0.9155013	0.658766019295817	0.73370495	0.0587767595	0.9911593	0.485750699382606	0.5197635	0.0002174369775	0.9799851725	0.0002074174480911	0.0001208315	1.63852395e-05	0.000890757	15.65647	9	1	65	SensHL
0.362480577964699	0.29860425	0.01169076975	0.95901687	0.225345806660079	0.1436986	0.0043582638	0.871318419999998	0.609505495423632	0.66563645	0.042592183	0.98820355	0.322586994688199	0.23408395	0	0.9378614	0.0002323308371279	9.38322e-05	1.511255775e-05	0.001064296975	17.17554	7	0	77	VarTemp
0.96827646132	0.9702651	0.9400597	0.9829987	0.8225150249	0.8226768	0.7676308	0.8718196	0.994746815052	0.9964409	0.979829	0.9999079	0.968115948359	0.9753144	0.9011222	0.9992557	0.001518563283118	0.001507849	0.0009042079	0.002237135	96.84544	104	58	140	G2H3B
0.988020930954	0.9882737	0.9793931	0.9943692	0.927281788217	0.9261529	0.9011702	0.9549626	0.997314179905	0.998416	0.9840793	0.9999976	0.984208652153	0.9887796	0.9255242	0.9999842	0.00155538364072	0.001514313	0.00132117	0.00213217	102.56341	101	85	130	G2H4P
0.948610090665	0.9531602	0.8927521	0.9800322	0.840782076592	0.8407726	0.7944034	0.8821931	0.991447769823	0.9936049	0.9697279	0.9997176	0.970436553176	0.9753425	0.910847	0.998782	0.0002395531880111	0.0002450599	0.0001041671	0.0004022982	17.54478	17	10	26	G2P
0.933769219992	0.9408885	0.8536644	0.9735899325	0.797804760087	0.8001968	0.698056785	0.8820322	0.950546149691	0.9608942	0.8400223	0.9983484	0.838695065245	0.8445914	0.6434523	0.991921	0.00053834922536	0.0005319976	0.0001879082	0.0009289509	36.3496	36	15	60	G3B
0.858186587388	0.8853114	0.604053205	0.9645915	0.5425128042722	0.5461328	0.3551524	0.7030729	0.928392799466736	0.9576149	0.6942705	0.9956144	0.679845561278385	0.6993918	0.3086465325	0.9565653	0.0001689885350343	0.0001525688	2.403085e-05	0.0004339016	13.15704	12	3	27	G3BOP
0.992625280167	0.9939284	0.9828005	0.9981905	0.965120632497	0.9668344	0.9306134	0.9887526	0.997784019961	0.9989369	0.9916073	0.9997516	0.989736943479	0.9939059	0.9705388	0.9985448	0.00118357234463	0.001154141	0.001063732	0.00139352	83.40541	81	78	95	G3HP
0.981049775945	0.981618	0.9643093	0.9907406	0.792213590969	0.7931034	0.7278192	0.8553901	0.997043804181	0.9980917	0.9892426	0.999994	0.963017345583	0.9714459	0.8854014	0.9998945	0.000342853760693	0.0003425658	0.0002890718	0.0004072385	24.0456	24	19	29	G3MSP
0.7705924821308	0.8303808	0.328789665	0.9746708	0.4959284803764	0.4865451	0.2167723	0.7593868	0.93451795541195	0.9786382	0.6004446675	0.9995655	0.807984376396569	0.8790761	0.2611569725	0.9965331475	0.000368366366163	0.0003144653	4.20949e-05	0.001063522	26.00176	24	5	68	G3MTP
0.297947885595363	0.27598155	0.02612025325	0.678786145	0.146904900546027	0.13788475	0.011671644	0.33997633	0.649304237949039	0.72264155	0.05522430325	0.99155657	0.350761957754664	0.27698215	0.0003798794325	0.9525275	0.0019561390055082	0.0019768135	1.989579375e-05	0.004546352	126.04804	129	1	288	G4BOB
0.996662931243	0.9971615	0.9884709	0.9998063	0.957529912175	0.9591927	0.8887903	0.9965528	0.997241341357	0.9977185	0.9930641	0.9997617	0.964469096693	0.9653543	0.9245041	0.9958552	0.0022438003095	0.002307567	0.001811652	0.002803381	132.73585	136	116	154	G4HB
0.989383792236	0.9898831	0.9820165	0.9939151	0.915894746269	0.9134169	0.8897521	0.946222	0.998131370444	0.9990173	0.9901106	0.9999042	0.986355693576	0.9915348	0.9387414	0.9991719	0.00138319333947	0.001398557	0.001231768	0.001519578	77.91616	78	70	87	G4MSB
0.989148014112	0.9894115	0.984182	0.9934815	0.944363798102	0.9436282	0.9296989	0.9604296	0.998979541322	0.9993989	0.9956918	0.9999969	0.994851270976	0.9974063	0.9797389	0.9999821	0.00214008479165	0.002123173	0.001870356	0.002403692	137.28187	137	127	147	G4MTB
0.926062933749	0.9366688	0.8132316925	0.9764451725	0.664580565163	0.6671469	0.5183716	0.7882674	0.961158486257	0.9793761	0.7874771	0.9989608	0.794106739485	0.8317918	0.4197583125	0.9918082	0.0002950444929453	0.0002700712	4.439085e-05	0.0005958145	20.92811	19	5	44	G4P
0.988216482263	0.9885929	0.9804178	0.9956988	0.921831912426	0.9224902	0.8891022	0.9610449	0.997934902294	0.9987967	0.9919437	0.9999869	0.98580666536	0.991777	0.9430018	0.9998917	0.00165519893214	0.001689023	0.001307816	0.001870295	105.19505	104	95	120	G5MSP
0.999277010192	0.9997131	0.9967886	0.9999872	0.990902142972	0.9947917	0.9620758	0.9998382	0.997857378269	0.998031	0.9932494	0.9999183	0.974512793481	0.9716143	0.9393603	0.9987054	0.00321788725096	0.003101824	0.002894671	0.003796847	190.03192	190	185	195	G5MTP
0.422879841819977	0.4208599	0.119875	0.738100735	0.296682353961694	0.2977353	0.06888778325	0.5207154175	0.450386780030829	0.4431855	0.023681325	0.9266071975	0.139090380681518	0.073491465	0	0.642208575	0.0013113222292343	0.000300779	1.7590723e-05	0.0046438904	84.15082	19	0	291	G6MSH
0.420408767347978	0.416277	0.09345952975	0.7722727575	0.281573093230801	0.28234755	0.04643628725	0.5187030375	0.461719767239075	0.45784095	0.02447988725	0.9362514	0.118369188115647	0.05324014	0	0.60647142	0.000193646184046	8.5303495e-05	1.6711312e-05	0.001088414775	12.10197	5	0	72	G6MTH
0.56369203059863	0.5673891	0.24437198	0.84958409	0.3925649798976	0.39549115	0.166309275	0.6037260175	0.564116846093678	0.60177895	0.03303858675	0.979212435	0.276140611217985	0.19162785	0	0.8908662175	0.0007946440944367	0.00021289865	1.793142e-05	0.004282600625	51.50057	15	0	276	G7MSH
0.6311562751398	0.63670025	0.3634295	0.866066935	0.5176124623043	0.5220161	0.2996007425	0.71250467	0.443633995426163	0.4421645	0.02422774175	0.89877386	0.131630964845127	0.080551205	0	0.5605509925	0.000576909506065	0.0001917219	1.700698775e-05	0.00225169355	37.30138	12	0	144	G7MTH
0.639614975902189	0.6863193	0.113552205	0.93770988	0.249678933332165	0.243122	0.05606814	0.4783825	0.868776969501391	0.941961	0.211259435	0.9980448275	0.54697624521458	0.55039115	0.04003278075	0.9760752	0.0006469757223496	4.7737105e-05	1.629786e-05	0.004110944075	42.14948	4	1	264	G8MSO
0.52529864214294	0.52537825	0.2338135325	0.820640635	0.38867146944885	0.38852535	0.16754199	0.60652153	0.491562573207886	0.49462485	0.02713074975	0.9648336275	0.196749377097734	0.11030635	0	0.8423025	0.0009111064600367	0.00042968475	1.875336525e-05	0.003854470175	58.85642	28	0	249	G8MTO
0.289048403362535	0.2657066	0.0147731665	0.698557419999999	0.177942384189292	0.15413985	0.005975755325	0.4772357575	0.533705378055536	0.5528542	0.0312774645	0.97698344	0.224908436384589	0.12823915	0	0.8784797025	0.00016328699796788	7.574708e-05	9.229101625e-06	0.001006565675	19.34777	9	0	121	16S_OTU0_1
0.825461517305154	0.9820933	0.100968025	0.9940349	0.718794935968533	0.9016697	0.0544539715	0.9561948	0.879193029642152	0.9961571	0.1566929375	0.9998892	0.785964736897954	0.973887	0.03974574	0.9990753	0.001075998416925	0.0005114106	0.0004453281	0.00248462485	130.82332	63	56	292	16S_OTU10_11
0.326227703774845	0.29637575	0.01533173	0.786960095	0.203590771703931	0.1709966	0.006101803225	0.565253135	0.539505902859224	0.5624533	0.0299643915	0.9784800525	0.22440082268778	0.1296547	0	0.8636394625	0.00017649985910673	6.4802745e-05	9.059885625e-06	0.0008082040325	21.12515	8	0	95.0249999999942	16S_OTU101_102
0.322250204180801	0.2933586	0.0148052505	0.776889887499999	0.194506374712428	0.162306	0.006388736525	0.5538209	0.588976486439049	0.6325207	0.04168016575	0.9851213	0.298667427689645	0.21411165	0	0.92540511	0.0004290748756187	0.00019264155	9.53151845e-06	0.00180619755	51.54035	23	0	214	16S_OTU1026_1027
0.24506614976348	0.203666	0.008791876925	0.6921699975	0.136610927433647	0.1038661	0.00360475955	0.4390142875	0.566581382931286	0.601347	0.0349190505	0.9840874325	0.252812746197251	0.15734155	0	0.9001441375	0.00020640053157258	9.995869e-05	9.40783335e-06	0.0009790054925	24.60414	12	0	116	16S_OTU1037_1038
0.572093018048673	0.60997905	0.043163319	0.9589537675	0.423363832802602	0.4074443	0.01821853175	0.8860406	0.644200524362971	0.7140593	0.0559080135	0.9859418	0.379892793486162	0.3428215	0	0.9365013	0.0001656153002009	9.638186e-05	9.691357475e-06	0.000830883385	20.36102	13	0	101	16S_OTU104_105
0.997866134464	0.9993502	0.9895773	0.9999727	0.990972900925	0.9965685	0.9606806	0.9998479	0.969236843104	0.9741423	0.9066717	0.9925569	0.857187947409	0.8930546	0.6818373	0.9606398	8.7432860306e-05	9.120588e-05	7.107286e-05	9.819914e-05	17.56766	19	11	22	16S_OTU1076_1077
0.28957386321351	0.2537436	0.0122098925	0.7511935825	0.176955605840625	0.1389327	0.0048201425	0.54628922	0.544484981597415	0.5672545	0.032654	0.980050915	0.233360763207098	0.14114445	0	0.8818143225	0.00028566776346839	9.41706e-05	9.2450751e-06	0.001353335	34.16407	11	0	161	16S_OTU11_12
0.34469653747403	0.2907364	0.011047489	0.8661753	0.202536618967462	0.15264	0.004716289275	0.628723435	0.645657710717605	0.71855365	0.0515239885	0.9900217	0.362134902184794	0.3050468	0	0.9465413075	0.00019921869889087	7.078316e-05	9.1281264e-06	0.0009251541875	23.83356	9	0	111	16S_OTU110_111
0.66516642304823	0.7333727	0.06146408	0.9995726	0.458388235013709	0.43691435	0.02966007825	0.9983355	0.823562636912402	0.907919	0.1588156625	0.9969452525	0.627571705015752	0.6871551	0.01773433225	0.9835021	0.00016731809360796	6.91102e-05	9.949077e-06	0.001046643	21.28287	10	1	129	16S_OTU116_117
0.999425821083	0.999885	0.9953333	0.9999957	0.996774839393	0.9995645	0.9712375	0.9999857	0.965419515791	0.9703039	0.9277362	0.9853173	0.822856792674	0.831969	0.6989069	0.8942864	0.000789146744258	0.0007785017	0.0007084572	0.0009100042	92.95954	93	90	98	16S_OTU12_13
0.262175880534557	0.2281373	0.01064962925	0.6898782825	0.149474527753377	0.11843295	0.0040317947	0.4582794825	0.567945821961974	0.6021088	0.0389580575	0.9827758	0.246049058297964	0.14893955	0	0.8958163225	0.00017774601928824	6.0298515e-05	8.945627825e-06	0.00110906235	21.12003	7	0	131	16S_OTU125_126
0.44430002276378	0.4408386	0.028517563	0.87954731	0.299288150093082	0.2791905	0.01160348025	0.7041176	0.630612371728775	0.6965197	0.049261044	0.9898817125	0.370980486479136	0.3048429	0	0.9622952	0.0001241169338399	5.7568225e-05	9.472579375e-06	0.0006293396	15.16127	7	0	75	16S_OTU129_130
0.998101141818	0.9989228	0.991625	0.9999317	0.986029754684	0.9912184	0.9366676	0.999116	0.993327004071	0.9940144	0.9764406	0.999356	0.945962683936	0.9488819	0.8487246	0.9939001	0.000682854437938	0.00068491	0.0005652054	0.0007803716	88.58112	88	84	95	16S_OTU15_16
0.851263893513	0.8802386	0.5844593975	0.974528	0.656036156998	0.6708456	0.4226426	0.8201789	0.946472469711	0.97292385	0.7522954	0.9990223	0.860707789313	0.8917867	0.5815791	0.9944668	5.628058965018e-05	4.242926e-05	9.082193e-06	0.0001571498	7.47092	7	2	16	16S_OTU151_152
0.298383054534081	0.26777205	0.0134560375	0.7395546725	0.178781830890179	0.1469414	0.005603164125	0.5232868725	0.587411271165643	0.62736375	0.0428215755	0.9848449	0.300222510261401	0.214744	0	0.92867652	0.00043256286065124	0.0001434454	1.0242859e-05	0.00205150285	52.14549	17	0	246	16S_OTU154_155
0.355260801757075	0.2422275	0.008509256725	0.950973	0.220639885906917	0.1167025	0.003548198175	0.8057828	0.713778313521932	0.81483515	0.07099144	0.99414724	0.462128738357897	0.4788807	4.50038297500012e-05	0.9723979	0.00047456326957408	7.946591e-05	9.31633015e-06	0.00194298275	57.39667	10	1	229	16S_OTU157_158
0.999000227752	0.9997984	0.9934024	0.9999942	0.996570287827	0.9990868	0.9782066	0.9999846	0.929729232212	0.9489139	0.8213196	0.9805229	0.764833954402	0.7898448	0.5343659	0.9162222	0.001100312121165	0.001107667	0.000958158	0.001256948	131.90482	133	114	140	16S_OTU159_160
0.999629005304	0.9998935	0.9959491	0.9998935	0.997942374598	0.9992139	0.9819307	0.9992798	0.991193757968	0.990724	0.9774508	0.9964635	0.944611829782	0.935856	0.8914502	0.9762958	0.00100728204302	0.001075908	0.0008618557	0.001104196	126.10408	130	117	132	16S_OTU17_18
0.317051468825184	0.29207565	0.01486155425	0.7536967025	0.20084692536988	0.1669207	0.006252922925	0.5671907	0.548175878240419	0.5725306	0.03521526475	0.9795751225	0.25491827626659	0.1647235	0	0.897406955	0.00059024249663303	0.00014262065	9.4951669e-06	0.00245574405	70.97736	17	0	291	16S_OTU1782_1783
0.513584671032123	0.5452688	0.03439915	0.8852476	0.263954015086318	0.26762285	0.01302212525	0.52898	0.828485204717575	0.9105713	0.1660644125	0.9969503325	0.605343068892152	0.6742472	0.0002335195	0.9845406	2.900581387753e-05	1.743071e-05	8.553019e-06	0.0001192026	3.73017	3	1	15	16S_OTU18_19
0.991089283255	0.9982368	0.9673217	0.9999148	0.974904649036	0.9929967	0.8415178	0.9996885	0.973552449123	0.9758251	0.90512	0.9992574	0.866255976502	0.8302148	0.7365991	0.9984499	5.93829913021e-05	5.557144e-05	4.774142e-05	7.350458e-05	16.95423	16	12	22	16S_OTU190_191
0.844616293244055	0.95782	0.10645998	0.9852644	0.650245362734114	0.7339053	0.04884606075	0.8685491	0.909871266234116	0.9862038	0.248927245	0.9994093	0.778393759552574	0.8885969	0.01070778	0.9922659	0.00010585583611139	9.763075e-05	1.068920625e-05	0.0002329297725	14.9257	17	1	27	16S_OTU193_194
0.171360698836061	0.131275	0.005149742	0.5495447725	0.084765060363604	0.062137055	0.002119329975	0.289365675	0.583799268758165	0.624896	0.03999663225	0.986341585	0.267838131945799	0.1760517	0	0.9121414	0.00044403510490456	0.0001131394	9.5566103e-06	0.001747257875	53.20386	14	0	210	16S_OTU197_198
0.92773154293053	0.95643625	0.6867625	0.9927485	0.768791053321729	0.7952374	0.4233246	0.942977	0.94801681359322	0.9760796	0.7237834075	0.9988048	0.818755104195635	0.8602894	0.4483051	0.9916857	8.592960322125e-05	7.097987e-05	1.267814e-05	0.0001978824	11.76929	11	3	26	16S_OTU199_200
0.986390026185	0.9978124	0.9006095	0.9998594	0.962912055545	0.9920902	0.7914533	0.9992794	0.979749277085	0.9867589	0.9241057	0.996114	0.937416839101	0.9459465	0.8554073	0.9844017	5.869146526304e-05	6.472935e-05	2.361642e-05	6.969598e-05	18.94179	20	8	25	16S_OTU200_201
0.228717734250219	0.1921377	0.00876296285	0.6417222925	0.121643453580171	0.095757515	0.00353624675	0.375428715	0.591210424278878	0.63638535	0.0406569115	0.98580847	0.282079441765323	0.18926055	0	0.9211796	0.00026344819855111	0.00012281055	9.518161275e-06	0.001231911375	31.45271	15	0	150	16S_OTU202_203
0.999417617626	0.9998652	0.9978801	0.999996	0.996462276714	0.9992937	0.9866072	0.9999691	0.983717852597	0.9806245	0.9702935	0.9954711	0.903245232035	0.9003874	0.846141	0.9467123	0.000166970071784	0.0001665049	0.0001562709	0.0001785693	22.25493	22	17	26	16S_OTU2052_2053
0.188753769473152	0.1458023	0.0061335321	0.597024789999999	0.0893213547279173	0.06618373	0.00225729785	0.2996144025	0.604148880318573	0.6541048	0.04358158	0.9881710575	0.267866873039937	0.16569915	0	0.921694385	0.00013139533724281	5.2282735e-05	8.9798155e-06	0.000879857784999999	15.6245	6	0	106	16S_OTU219_220
0.999315879245	0.9998993	0.9953081	0.9999277	0.998383776382	0.999742	0.9903161	0.9997975	0.997347239695	0.9986939	0.9867102	0.9996556	0.993508088239	0.9962871	0.9748054	0.9993136	0.00165644769579	0.001654298	0.001563437	0.00180803	207.51623	206	204	216	16S_OTU22_23
0.999892523615	0.9999964	0.9992859	0.9999964	0.999420409986	0.9999784	0.9975108	0.9999784	0.990469696203	0.9908974	0.9870565	0.9930067	0.94724632555	0.9527545	0.8848839	0.9596953	0.00113239757808	0.001097776	0.001097776	0.001206353	128.84834	128	127	131	16S_OTU225_226
0.304733381411955	0.25895705	0.01170366975	0.856170319999999	0.181672511350999	0.1326609	0.004936578825	0.6851940325	0.639262796944246	0.704206	0.05698707125	0.98944468	0.362943592376048	0.3086954	0	0.950641025	0.0003760496570575	0.000167374	1.02712525e-05	0.001755648075	45.32685	20	0	211	16S_OTU2284_2285
0.756602015711963	0.9986581	0.03090172375	0.9999934	0.7167195131542	0.9967875	0.0143443	0.9999832	0.769115104560664	0.8514615	0.1142560025	0.9566186	0.547853410026805	0.6474176	0.008114642075	0.8055969225	0.00018959992631561	4.542135e-05	1.45158515e-05	0.000975857347499999	26.44547	12	2	115	16S_OTU233_234
0.322408045067998	0.296177	0.01590764225	0.77113938	0.208702997722663	0.172838	0.0069850752	0.595164415	0.543133466011311	0.5652959	0.03472836925	0.9780771975	0.2584009631499	0.1739751	0	0.891591995	0.00036324269696596	0.00020811415	1.051692225e-05	0.001321454475	43.55118	25	0	155	16S_OTU2331_2332
0.248661760317501	0.21203115	0.00949580265	0.675233787499999	0.13873848408692	0.10683715	0.0035152735	0.437584384999999	0.553115429988787	0.5789852	0.033219619	0.9819702025	0.212907549795172	0.1110508	0	0.8772686675	9.96065578093e-05	4.335724e-05	8.952281975e-06	0.0004989793	11.72155	5	0	61	16S_OTU243_244
0.4468180016711	0.4477116	0.0366977825	0.86503426	0.309394978361205	0.2899116	0.0174045305	0.7157754825	0.58617506418301	0.62718335	0.04198189775	0.982897	0.331081339856458	0.2640177	0.00149459235	0.9281582125	0.00123052814237609	0.001262526	1.290357425e-05	0.00251553915	148.43818	153	1	295	16S_OTU252_253
0.978828835598	0.9802728	0.9524066	0.9914084	0.883640110405	0.8824109	0.8086845	0.9383834	0.993956445027	0.9956209	0.9752462	0.9999198	0.967626844556	0.9737987	0.9052226	0.9989721	0.000117935260971	0.0001188874	5.841938e-05	0.0001601853	20.78196	21	17	25	16S_OTU254_255
0.448277816907025	0.4548546	0.0465946315	0.83307198	0.330033822862529	0.3215141	0.022059985	0.7034085325	0.496624076212371	0.50146805	0.0290340675	0.96141625	0.223095903042065	0.1434451	0	0.8375237875	0.00032778697866767	0.00018683115	1.05394335e-05	0.00140133575	39.20623	23	0	161	16S_OTU2561_2562
0.225608221464501	0.1847649	0.0075867091	0.6474358925	0.126190322740496	0.09492349	0.003269349175	0.41058983	0.578549536380755	0.6190112	0.037770247	0.9850419	0.290164055912152	0.2022045	0	0.9210994	0.00065196269942243	0.0004017189	9.733809e-06	0.0019467426	78.36733	47	0	231	16S_OTU26_27
0.65331467528867	0.7106614	0.05765247	0.9224263	0.364338561015648	0.3856438	0.02643825675	0.5930527	0.914598391778176	0.9698549	0.3463749725	0.9991345	0.792713082321546	0.87258375	0.0487106975	0.9951774	5.080355224434e-05	2.956992e-05	9.105773e-06	0.00030403941	6.90254	4	1	38	16S_OTU273_274
0.280111586860153	0.2247479	0.0083103415	0.7837024	0.14168275809857	0.10502595	0.003081384475	0.4461148	0.678655882923427	0.7655856	0.0610082715	0.9934383225	0.387582042296228	0.3246634	0	0.968547345	0.00018086180985911	4.194119e-05	9.163847625e-06	0.001307026	21.73569	5	0	158	16S_OTU278_279
0.258862050878381	0.2210643	0.009513626275	0.69697368	0.154996899794863	0.1188046	0.004216503275	0.495159285	0.572363870350016	0.60751	0.03838257425	0.98361118	0.301782894618937	0.22140655	0.000503051965	0.9229590675	0.00071249736498253	0.00041988235	1.197043125e-05	0.002363846	85.60006	51	1	285	16S_OTU28_29
0.29440149411963	0.2468315	0.010564699	0.8113527	0.165936873179286	0.1277064	0.004511897	0.5380402	0.617109143321231	0.67297125	0.04788923675	0.98815776	0.326054861180382	0.2496262	0	0.9347327625	0.00042815058570362	0.00017804865	9.831891225e-06	0.00197503495	51.41824	21	0	233	16S_OTU281_282
0.204768412001362	0.1609013	0.0058870457	0.62887267	0.102200556224923	0.07498978	0.002432781	0.3477834	0.603523493977384	0.6554679	0.04098846	0.9880452	0.288770197024452	0.1952475	0	0.9285486425	0.00038004020947269	9.0363135e-05	9.29250445e-06	0.00162654815	45.55491	11	0	193	16S_OTU29_30
0.179369354742526	0.14134505	0.00553379215	0.555003455	0.0941299240512388	0.069915165	0.0023857374	0.3143038275	0.561091608848955	0.59174595	0.03509752	0.9835198925	0.247008490366843	0.15357255	0	0.89578003	0.00041703140762842	0.0001326827	9.702797825e-06	0.0017757861	49.81788	16	0	210	16S_OTU293_294
0.257494454080484	0.2245459	0.01107559575	0.6807380125	0.145786957305322	0.11740045	0.004163752125	0.4373393925	0.556350418471895	0.5854703	0.03484243075	0.9813869	0.222684237740454	0.1221604	0	0.8807854375	0.00013065749860582	5.1275775e-05	8.959406675e-06	0.0007395786	15.40606	6	0	88	16S_OTU308_309
0.265044992626149	0.21861585	0.009207392	0.7378459725	0.144463480339776	0.1095975	0.003784806325	0.4554045325	0.635215868381587	0.7008738	0.05065998375	0.9902936075	0.350403105546137	0.2744428	0	0.9539269	0.00018679671963312	8.030828e-05	9.8331306e-06	0.0007634639775	22.30551	10	0	90	16S_OTU32_33
0.349308065931968	0.3085982	0.01279996375	0.845489	0.196775955836611	0.1581086	0.0049323037	0.554060585	0.687038309054526	0.7797703	0.0605831685	0.9951198275	0.419390585906411	0.37367335	0	0.9776727475	0.00010115874984812	4.568662e-05	9.006234475e-06	0.000596799737499999	12.37553	6	0	72	16S_OTU320_321
0.960722988507	0.9690352	0.879897	0.9856435	0.878052386352	0.8903566	0.7573878	0.9307397	0.988320995022	0.9947663	0.9265598	0.9997631	0.965721602185	0.9801315	0.8300608275	0.9987614	7.13916544424e-05	7.254579e-05	3.419822e-05	0.0001009902	16.12057	16	9	21	16S_OTU325_326
0.301630641383748	0.2824862	0.01574902775	0.69824842	0.207400670027933	0.1820371	0.0075096953	0.54073057	0.484220885347458	0.47960635	0.02443237375	0.967563435	0.219183985594385	0.1368577	1.82760232500003e-05	0.8494182775	0.00097519477846157	0.0007459266	1.09644835e-05	0.00246969135	117.11446	89	1	293	16S_OTU329_330
0.333486776684249	0.2927402	0.01368424975	0.8464814875	0.20672301649699	0.1608711	0.005542604675	0.64913761	0.57394459236431	0.6114727	0.03624763975	0.9837507575	0.267096070707393	0.1742873	0	0.909141095	0.00014435407096397	7.18107e-05	9.23079455e-06	0.0006604783	17.18175	9	0	79	16S_OTU336_337
0.435995228076737	0.43846625	0.032420557	0.845969325	0.303384682874916	0.2878609	0.0156477175	0.6833261225	0.582439944741928	0.6217963	0.04151077575	0.98463248	0.333878122936767	0.25869945	0.001223594	0.943333355	0.00054151016391485	0.00038680365	1.248779725e-05	0.00191635915	65.31756	47	1	228	16S_OTU349_350
0.214879230084365	0.1710951	0.007136355675	0.64216063	0.113739541425598	0.08329193	0.002805857425	0.387983984999999	0.585238287874526	0.6276408	0.03878135125	0.9855945275	0.273158375570214	0.1802429	0	0.9152400675	0.00025746475893814	0.0001220732	9.3949411e-06	0.001011335	30.63875	14	0	121	16S_OTU358_359
0.987650841955	0.9890685	0.9749895	0.9943964	0.929903405042	0.9324639	0.8679127	0.9624125	0.994363298746	0.9954857	0.9829979	0.99986	0.964080460591	0.9698764	0.901583	0.9993904	0.000193204748581	0.0001881012	0.0001377428	0.0002395328	29.81407	27	17	39	16S_OTU37_38
0.305236607813741	0.27777685	0.01450082025	0.7397062575	0.188390738890797	0.15657735	0.006072027525	0.5390297925	0.567738323232193	0.6012669	0.035997565	0.982721245	0.28139697290396	0.1920044	0	0.916584942499999	0.00073304767224629	0.00019235485	9.6784145e-06	0.0022761809	88.35074	24	0	269	16S_OTU373_374
0.1543747684898	0.1150788	0.004397727	0.5139288475	0.0718336706823448	0.052805315	0.00184463055	0.24385455	0.606289396748855	0.65824975	0.04300429475	0.9884616025	0.295788281460107	0.2068915	0	0.9297680475	0.0003436251766345	0.00017002555	9.473435575e-06	0.001488880125	40.8732	21	0	179	16S_OTU38_39
0.993066219053	0.9934944	0.9874192	0.9990309	0.9585953747	0.959122	0.9282165	0.9931715	0.998490381929	0.9991713	0.9918201	0.9999961	0.99097461704	0.9942932	0.9575879	0.9999815	0.000300475780709	0.0002979243	0.000260869	0.0003349199	39.1432	40	35	43	16S_OTU385_386
0.66400469880006	0.7349114	0.06028126	0.9596544	0.463312968880916	0.4798793	0.0246454165	0.8469542	0.773132836915298	0.8349989	0.1770403375	0.9917467	0.504942208780398	0.50685615	0.00347122155	0.9547687	3.875308751195e-05	2.6413085e-05	8.955953175e-06	0.0001343756475	5.41939	4	1	17	16S_OTU395_396
0.268071892417389	0.23172415	0.010644445	0.7130296425	0.154022345276591	0.1227457	0.004553563	0.4723589025	0.580894668663268	0.6191737	0.04059521025	0.984425625	0.283607945991123	0.1938458	0	0.919711255	0.00025517023298261	0.00015776665	9.93162565e-06	0.00093664266	30.35578	18	0	112	16S_OTU4_5
0.638054752103293	0.740903	0.03550703025	0.9675942	0.459241265530863	0.4661865	0.0167949065	0.8298047	0.838485329645639	0.9515953	0.148710795	0.9985803	0.686530736848281	0.8238491	0.01643128275	0.9941447	0.00024512053845035	8.332532e-05	9.711009025e-06	0.0014073814	31.21374	14	1	171	16S_OTU40_41
0.997696995855	0.9999761	0.9734129	0.9999987	0.98953651172	0.999907	0.8687275	0.9999898	0.985726471198	0.9849123	0.9694649	0.9972699	0.921753912571	0.9207624	0.8803257	0.9843727	0.0001554427633323	0.0001612081	0.0001243729	0.0001673933	25.62911	27	16	28	16S_OTU452_453
0.188709939432358	0.1452075	0.005785498375	0.600235485	0.0880111682502296	0.06462884	0.002199887	0.2976893825	0.616707653454932	0.67478675	0.045723256	0.989280825	0.290362086404951	0.19520585	0	0.93180902	0.00017745770952956	8.069978e-05	9.1463668e-06	0.0007112779	21.07981	10	0	85	16S_OTU478_479
0.229358041126024	0.18960945	0.008151159	0.654437185	0.128073724866062	0.097542805	0.003494074	0.412447355	0.575241817267716	0.61351835	0.036892029	0.9857733275	0.286657788630662	0.19943805	0	0.9228970225	0.00054244092116127	0.0002925005	1.017045525e-05	0.00238697725	64.84663	36	0	286	16S_OTU48_49
0.168915127968218	0.1297437	0.004908309	0.5475935925	0.0811047632106059	0.059828115	0.00218122335	0.273898905	0.600000664212806	0.650206	0.04047355	0.9874324125	0.290538251870944	0.2006398	0	0.9236298825	0.00020931721873749	0.00012036945	1.044420075e-05	0.0008543794	24.66757	14	0	102	16S_OTU488_489
0.225406372642966	0.18285375	0.0071991725	0.66198855	0.118386629085249	0.08834868	0.002920956875	0.39501721	0.590643722751993	0.63635285	0.0398283	0.9869824675	0.27544225018702	0.17784175	0	0.9221879	0.00021199598308548	7.2428605e-05	9.534128475e-06	0.0013803755	25.35037	9	0	167	16S_OTU507_508
0.870888633683	0.9001567	0.6171356675	0.9688979	0.738442665764	0.7507761	0.5541494675	0.8609719	0.957680372346683	0.9810166	0.74775172	0.9994436	0.915215298017315	0.943873	0.63222731	0.9978536	5.334249875827e-05	5.231655e-05	1.0560865e-05	0.0001072034	9.17609	9	4	15	16S_OTU51_52
0.90170288048454	0.9329825	0.6405496	0.9779848	0.684305856094749	0.7081169	0.377404	0.829628294999999	0.964977351890749	0.9841465	0.8252279025	0.9994417	0.875409602254409	0.9070048	0.5569737	0.9954559	9.943491714508e-05	9.751502e-05	1.854659e-05	0.000207146	13.12182	12	4	23	16S_OTU52_53
0.99660348270004	0.9993597	0.9846118	0.9999517	0.99138502529871	0.9978295	0.9537207	0.9998735	0.92511170229994	0.9421825	0.7677303	0.9798056	0.753481906010979	0.7666254	0.5996549	0.8207239	6.960024007468e-05	7.959871e-05	2.34357e-05	9.507415e-05	13.35907	13	8	19	16S_OTU546_547
0.193848920567512	0.1557807	0.00639037205	0.5808577225	0.102649895732403	0.07755444	0.00271524915	0.3346725	0.566545526716117	0.6001822	0.03512568725	0.984155285	0.25496722115514	0.16198845	0	0.90377345	0.00071194627059274	0.00012237205	9.434816775e-06	0.002372393125	85.67248	15	0	282	16S_OTU555_556
0.268962217516521	0.2157586	0.008683840475	0.7787368775	0.153893247918669	0.1127261	0.003918484225	0.520195495	0.598141459737053	0.64672005	0.040793968	0.98770783	0.31814821509094	0.23585235	0	0.93466809	0.00048636631756063	0.00030773415	1.00542655e-05	0.00186131025	58.30828	37	0	224	16S_OTU557_558
0.197664296881511	0.15287905	0.006116841925	0.6198004375	0.0956907242984834	0.069733035	0.002340689825	0.326127405	0.59866265600868	0.6461954	0.04165859	0.9885311	0.261454159569172	0.1537701	0	0.9233761075	0.00016765234519931	4.8538345e-05	8.980526325e-06	0.00103570735	19.89449	6	0	124	16S_OTU561_562
0.824536524305052	0.8571857	0.4373656	0.9999375	0.701855606608195	0.6871943	0.3374396725	0.9998175	0.81422093569948	0.84531975	0.4804286	0.990599095	0.650176312064942	0.6327634	0.3970234	0.9636819	4.656510183624e-05	3.2377075e-05	8.835952e-06	0.0001818493	6.51659	5	2	20	16S_OTU562_563
0.253812511284001	0.220718	0.0103144875	0.669039745	0.147475376042523	0.1193093	0.00434879955	0.433891205	0.553917458693475	0.5807989	0.033583107	0.9817537075	0.245816893887174	0.1506479	0	0.8951593175	0.00022839085234376	0.0001057969	9.495561075e-06	0.000982785135	27.17584	12	0	118	16S_OTU581_582
0.957785425971214	0.9796278	0.6858364	0.9925447	0.864196925396677	0.8920739	0.3967467125	0.9548286	0.97716404815613	0.9946357	0.8110289	0.9995748	0.923320883560223	0.9689855	0.4871576125	0.9978136	0.00011132789437905	0.000120955	1.42951465e-05	0.0001529873	19.0198	20	3	26	16S_OTU59_60
0.255931950034908	0.21796715	0.01015875525	0.7010680175	0.147250284258475	0.1153125	0.0042015968	0.456862905	0.558381811324555	0.5878832	0.03482852175	0.982729795	0.247404415150458	0.1532917	0	0.900464885	0.00022583704305654	0.000102405	9.50685565e-06	0.0009327702	26.7126	12	0	111	16S_OTU592_593
0.976821392182	0.9800721	0.9170008	0.9995367	0.969087907776	0.9735631	0.8777317	0.9987008	0.995974475606	0.9986453	0.980356	0.9997962	0.994889851419	0.998119	0.9827745	0.999772	2.62575297672e-05	2.400274e-05	1.911115e-05	3.438073e-05	17.05474	17	10	21	16S_OTU6_7
0.244088658241451	0.19622385	0.00774379695	0.72102423	0.125249853211043	0.09064425	0.00284356275	0.4338461525	0.600528967722197	0.6496389	0.04194458125	0.9879330325	0.260807505906066	0.1564108	0	0.917278545	7.654328712484e-05	4.440163e-05	8.973538875e-06	0.00030280196	8.99429	5	0	37	16S_OTU61_62
0.325743582323608	0.30010435	0.015407766	0.7761726275	0.213670571299868	0.17621295	0.006294702825	0.6084841475	0.514829923807363	0.52185845	0.02891689625	0.97694132	0.210624329323822	0.1164799	0	0.870084315	0.00026702831830482	8.6667e-05	9.395623575e-06	0.001663666475	31.88218	11	0	200	16S_OTU615_616
0.431008318811203	0.43237315	0.03510757925	0.8377855025	0.290052419108742	0.27369665	0.01623779725	0.657224214999999	0.57673356251657	0.61465395	0.03977876475	0.981710505	0.306085761546317	0.2286355	0.000127901205	0.918615815	0.00030887888607904	0.0002162306	1.04440285e-05	0.001082897	37.22318	26	1	131	16S_OTU63_64
0.991406156941	0.9927085	0.9776891	0.9999239	0.95898384162	0.9680852	0.8876152	0.9996599	0.988673141129	0.999146	0.8875539	0.9997593	0.94840936614	0.9967826	0.5577585	0.9989956	0.000131046073572	0.0001230721	0.0001125975	0.0001998404	27.18958	28	21	30	16S_OTU633_634
0.995791573123	0.9996335	0.9653354	0.9997707	0.983635507947	0.9992	0.865839	0.9993782	0.989735361142	0.9903397	0.9778855	0.9983437	0.970118599523	0.9727326	0.9585857	0.9933358	6.43764306243e-05	6.271521e-05	5.889806e-05	8.228029e-05	24.90811	27	15	27	16S_OTU648_649
0.222507913763907	0.18064055	0.007279991	0.6539163525	0.120985728589798	0.087775265	0.0028925013	0.4122106825	0.569112662642154	0.6046067	0.03610127225	0.9838034	0.244583947707293	0.1466966	0	0.895113605	0.0001693825946667	6.926241e-05	9.083187025e-06	0.0008293905275	20.08208	8	0	97	16S_OTU651_652
0.181063384156152	0.14224125	0.00564479435	0.5547916675	0.0944342201608355	0.07098612	0.00258503645	0.3101162525	0.604642163534671	0.65679305	0.0448763	0.9874984425	0.335743387076874	0.2608046	0.0015669758	0.94070401	0.00124250086483262	0.0015197905	1.30201785e-05	0.002460440975	149.48496	185	1	292	16S_OTU68_69
0.961363812712	0.9728808	0.8780642725	0.9859113	0.842108950996	0.8659725	0.6274028	0.917008	0.995093814782	0.9982227	0.968318	0.9998659	0.977718595411	0.9910375	0.8591851	0.9992131	0.0001021703026825	0.0001138119	4.704931e-05	0.000130698	17.34476	19	8	23	16S_OTU70_71
0.251683811538362	0.2157115	0.010140447	0.685372024999999	0.141390725813637	0.1153758	0.00433805355	0.4121776025	0.567444311784703	0.6013283	0.03570838525	0.9837313075	0.259452781628767	0.166441	0	0.9031886175	0.00029623322295145	0.000115653	9.45712625e-06	0.001186200275	35.43696	14	0	142	16S_OTU723_724
0.221928917371168	0.1883821	0.00842555575	0.606773295	0.12125293407265	0.09985582	0.003911321	0.349235325	0.625879271049409	0.68664685	0.04795593	0.98942204	0.37384455895131	0.3083458	0.00310048505	0.95750215	0.00118091974033387	0.001320814	1.386209525e-05	0.002453834125	142.16392	158	1	290	16S_OTU728_729
0.644464468613211	0.7128191	0.0548868475	0.9526523	0.429000109871571	0.44626625	0.0243482135	0.7890208	0.844771957137824	0.9255447	0.21148556	0.998047625	0.67392090985842	0.7544878	0.013729806	0.989232	9.074341742244e-05	5.773895e-05	9.5625933e-06	0.000319578432499999	11.65971	8	1	38	16S_OTU73_74
0.999519426626	0.9997156	0.9980584	0.9999884	0.998231406606	0.9988848	0.994383	0.9999184	0.978987483862	0.9857712	0.9409434	0.9932751	0.908127716102	0.9131988	0.8335569	0.945898	9.51767094783e-05	9.666637e-05	8.522894e-05	0.0001020799	15.82246	16	13	19	16S_OTU80_81
0.268692473351863	0.2353055	0.011194992	0.69750721	0.146277273824521	0.1215764	0.004261003775	0.4190993625	0.624434174499158	0.68389595	0.04851062625	0.9883339925	0.321891351263955	0.23155105	0	0.9454350175	0.000125617239148	4.7849795e-05	8.958037875e-06	0.000726367282499999	15.17694	6	0	87	16S_OTU835_836
0.171666978804599	0.13314465	0.005313448	0.5436458825	0.089666404884484	0.065994365	0.0022681136	0.300946075	0.564468111806809	0.5962108	0.03485394725	0.98409286	0.259041779004218	0.1668141	0	0.9054433275	0.00072795857860485	0.0002530151	9.51654785e-06	0.002501134	87.27059	30	0	295	16S_OTU836_837
0.994166030869637	0.9996384	0.9709126	0.9999997	0.989778826330951	0.9992428	0.934122	0.9999995	0.79654804212492	0.811899	0.5472943	0.9428876	0.562821952092624	0.5627244	0.3940777	0.6807977	2.745447517534e-05	2.345896e-05	1.175602e-05	5.35207e-05	6.32166	6	3	11	16S_OTU85_86
0.30659975518544	0.2828658	0.01492507125	0.7282811425	0.188259322626662	0.16314065	0.006219785	0.504542535	0.569064562107418	0.6041505	0.03715686	0.9821698725	0.277811738056339	0.1806423	0	0.9195939825	0.00031195599675314	0.0001578755	9.077733625e-06	0.001096696375	37.48486	19	0	132	16S_OTU913_914
0.99068143246141	0.9976212	0.9466023	0.9999966	0.960163855293731	0.9901013	0.7928472	0.9999829	0.935491343719	0.9598969	0.6867304	0.9981914	0.77356569297475	0.8128192	0.4204007	0.9848678	0.0001293782408504	0.0001347342	3.162944e-05	0.0001913034	18.26544	19	7	29	16S_OTU93_94
0.241970183296686	0.20333015	0.00903239755	0.6756107	0.1384018413249	0.1091199	0.00424215285	0.428959	0.598261809855286	0.64490705	0.0443817705	0.986930205	0.341382148381489	0.2702216	0.0051183816	0.939214114999999	0.00092613990322631	0.0008557517	2.29312005e-05	0.002184409375	111.7369	104	2	264	16S_OTU949_950
0.685976402813324	0.7729621	0.0500473005	0.9998706	0.620503382955704	0.67762765	0.02271643525	0.9997843	0.388383437204545	0.3347225	0.01481737	0.945007505	0.141671176153061	0.064234415	0	0.748627	0.000212230255176	0.0001833549	9.975871325e-06	0.000878709689999999	25.57484	22	0	105	ITS_OTU1000_1001
0.346111397504194	0.3040543	0.01294883175	0.8736765775	0.229557622886831	0.16930855	0.005429174675	0.770162634999999	0.59554772916165	0.6406504	0.042424871	0.9875277825	0.319427110934988	0.22813735	0	0.94831548	0.00044301436765385	0.0001339244	9.2911325e-06	0.0020211897	53.29909	16	0	241	ITS_OTU1051_1052
0.459247879217544	0.44152305	0.02236183	0.9684164175	0.355639105687238	0.294111	0.009549488025	0.9456674475	0.489696949795815	0.4838278	0.0239530505	0.9724490175	0.205594676493644	0.10921775	0	0.8631464325	0.00041401747069754	8.4417685e-05	9.248846075e-06	0.00215483785	49.6837	10	0	257	ITS_OTU1054_1055
0.732859758990488	0.8317129	0.087029949	0.9965227	0.671906936649534	0.76245355	0.04438021	0.994512105	0.392082747995857	0.3535456	0.01480672275	0.926079345	0.158869192376223	0.08690819	0	0.7148269175	0.000886567131763	0.00057213225	1.0157104e-05	0.002469096	106.501292307692	69	0	291	ITS_OTU1084_1085
0.371028662931786	0.33068355	0.014634315	0.90639172	0.258889431785857	0.1949257	0.006316552775	0.828304945	0.571481326047921	0.6068365	0.0373281275	0.9839086125	0.298341005349719	0.2071118	0	0.9357187225	0.000527193681309653	0.0001798234	9.7624374e-06	0.002283871	63.4843571428571	22	0	276	ITS_OTU1088_1089
0.818843012466566	0.9280672	0.15502057	0.9988176	0.775459252504406	0.89836595	0.08537769975	0.9981255	0.362160631751079	0.3230982	0.014818126	0.88984004	0.121127199781851	0.0610267	0	0.608263617499999	0.00040786290577271	0.00013658855	9.756379075e-06	0.002290803	48.96504	15	0	277	ITS_OTU1091_1092
0.474926756516379	0.46939225	0.0297467505	0.9590636625	0.377594953051986	0.3401687	0.01376243575	0.935003585	0.470283224533655	0.4569086	0.0226012665	0.9624002825	0.206545818120548	0.11794395	0	0.838798375	0.000686625289236593	0.00035907135	1.01907385e-05	0.002362931225	82.5732962962963	44	0	284	ITS_OTU1107_1108
0.42652510184408	0.4075193	0.02009269475	0.9288123975	0.316374056050521	0.262439	0.00862994275	0.87315755	0.528126157951025	0.54144255	0.02849044325	0.980419505	0.255248061162184	0.15040335	0	0.91630172	0.00035641192609482	0.00011868265	9.67732605e-06	0.0020604724	42.7509	14	0	248	ITS_OTU1136_1137
0.429201390987812	0.4120035	0.02068598525	0.923529935	0.329152992366741	0.27612485	0.009183840875	0.87998374	0.481039773620373	0.47340105	0.023368053	0.9701510875	0.207420127632703	0.11370105	0	0.8593786975	0.00042299663669545	0.0001681128	9.92716705e-06	0.0020650933	50.71326	20	0	254	ITS_OTU1145_1146
0.378200019766507	0.3407467	0.0150249705	0.9162288225	0.275450181735792	0.2081086	0.0064376895	0.8672319625	0.506305562790019	0.5098162	0.02555387425	0.9773932975	0.228050205363403	0.1338618	0	0.88365419	0.000597706106646391	0.000216927	9.78072445e-06	0.0023144371	71.8126956521739	26	0	279	ITS_OTU1152_1153
0.388384594927715	0.35529425	0.0158996155	0.9076194	0.277961675633177	0.2145018	0.006762666625	0.833681282499999	0.538674774579864	0.5574131	0.0319378615	0.9799788825	0.25452245327857	0.15478765	0	0.909068117499999	0.00032057753677116	0.00011926155	9.340120725e-06	0.001553679525	38.38271	14	0	186	ITS_OTU1189_1190
0.436447044829284	0.4230316	0.02265531075	0.9256270675	0.326805967196106	0.28172895	0.0101403375	0.8697937825	0.527561181207235	0.54208435	0.0288686005	0.979203475	0.264223480040813	0.1666598	0	0.9137945375	0.00053637589826032	0.00028678315	9.84490545e-06	0.002088737775	64.47373	35	0	252	ITS_OTU1197_1198
0.366093812515996	0.32861925	0.014712133	0.90465008	0.258218874558874	0.1972171	0.006620405975	0.8220133925	0.539426954642866	0.55882355	0.03170786525	0.9800866175	0.263355432642071	0.1737412	0	0.906559434999999	0.000671294523562725	0.00030560785	9.9726402e-06	0.002355386675	80.7285375	36	0	283	ITS_OTU1198_1199
0.332957400482721	0.28638165	0.0117633265	0.876783645	0.226137556425952	0.1618949	0.005082832	0.7861014525	0.54370127931197	0.5655283	0.030276173	0.98227794	0.260433249207056	0.1644372	0	0.9083792175	0.00044921155330756	0.0001997289	9.934237025e-06	0.002209574725	53.81105	24	0	267	ITS_OTU1202_1203
0.559067089213798	0.5807084	0.03597565125	0.9826194	0.462031053232364	0.43470875	0.0162333465	0.97310234	0.472040555962725	0.4583706	0.02273454475	0.96796305	0.202563056992665	0.10600885	0	0.86094342	0.00033496413419657	9.6586415e-05	9.2930228e-06	0.002020837	40.17457	12	0	245	ITS_OTU1290_1291
0.708938037435038	0.789129	0.0799890575	0.9985418	0.643623517647386	0.7054459	0.03871595425	0.99793051	0.396875248360441	0.3629702	0.01633136225	0.930910475	0.148415912739389	0.06609505	0	0.7661205875	0.00032547220878373	7.188709e-05	9.252883125e-06	0.00220294975	39.09781	8	0	265	ITS_OTU1386_1387
0.833980131306965	0.93763905	0.2218912775	0.9991234	0.792855811339665	0.9120875	0.1325803125	0.9984266125	0.387278799600903	0.3588368	0.01591427475	0.895160135	0.13327339401615	0.069902145	0	0.6278055	0.00015159289573933	7.852898e-05	9.56294715e-06	0.000839327935	18.14457	10	0	101	ITS_OTU1404_1405
0.517407419026378	0.5274829	0.02985249875	0.973951	0.426752707583913	0.3956259	0.01337269475	0.96043785	0.445079755259319	0.4215597	0.01876708825	0.9628416225	0.187662446150178	0.1002711	0	0.827502375	0.000671330801879862	0.00032732495	9.6304503e-06	0.002393873025	80.6082875	39	0	286	ITS_OTU1425_1426
0.630164688693871	0.68228355	0.05678003475	0.9917196	0.548988306744598	0.57475105	0.02651297775	0.987313035	0.4113817966128	0.3789774	0.01736476625	0.94113723	0.140879490572244	0.06294855	0	0.7261490775	0.00020025348379659	6.1504525e-05	8.872869e-06	0.001113991325	23.80496	7	0	133	ITS_OTU1481_1482
0.31188603528516	0.2648118	0.0109046995	0.838763165	0.206218052110123	0.1476162	0.004899465475	0.717055757499999	0.550869846676449	0.57658975	0.03262550075	0.98315203	0.267848447164065	0.17458205	0	0.914518325	0.000738703757293442	0.0003206308	9.682751575e-06	0.002407722125	88.8141948051948	38	0	289	ITS_OTU1492_1493
0.71487006881761	0.80512195	0.085462917	0.996136	0.64480840836693	0.7202601	0.046028989	0.99340661	0.446203421529765	0.42499115	0.02104418875	0.950961	0.205788874024661	0.12154485	0.0007918422075	0.8141090975	0.000830502698151571	0.0006811243	1.1939734e-05	0.002310950825	99.7779714285714	81	1	274	ITS_OTU1502_1503
0.608072883429905	0.65364795	0.04853871125	0.9871162	0.516910880268583	0.5229339	0.0229432885	0.97975441	0.482827193784278	0.4788354	0.024165	0.96378002	0.228185512881267	0.14094705	0	0.866660485	0.000622384336340957	0.00023902105	9.775920725e-06	0.002357677275	74.9535268817204	29	0	283	ITS_OTU1537_1538
0.732820798507513	0.82520395	0.09901590375	0.9968489	0.662773369875596	0.741207	0.0501553935	0.9940112575	0.456392010904694	0.4400414	0.020263853	0.9600831025	0.212894955681215	0.1206786	1.68904080000001e-05	0.861137985	0.00029560039278099	0.0001801571	1.017660675e-05	0.001102625975	35.62218	21	1	133	ITS_OTU1549_1550
0.453622576199423	0.4414462	0.02402979175	0.9481794	0.344191739909749	0.29538155	0.01063076525	0.914545365	0.538687427647607	0.5598366	0.032736981	0.9784147375	0.270626570075678	0.1717892	0	0.91593447	0.00027297052576868	0.00013477695	9.68456755e-06	0.00128036835	32.76278	16	0	154	ITS_OTU1576_1577
0.33318209934749	0.2869956	0.01185908375	0.87126857	0.221936964070812	0.15837465	0.005032570575	0.766720537499999	0.562455605777297	0.5940715	0.0339141475	0.983262275	0.276580918378338	0.1793594	0	0.920638625	0.00043276353663737	0.0001442697	9.45931325e-06	0.00212547085	52.05637	17	0	255	ITS_OTU1584_1585
0.481368320729434	0.47493855	0.02460300975	0.9671149	0.376368590258631	0.3256067	0.01016592175	0.9424958675	0.494771049180712	0.492525	0.0238678565	0.9725659775	0.20903082724585	0.1075586	0	0.8714014575	0.00032065098810236	6.1893415e-05	9.123101475e-06	0.0020715784	38.44247	8	0	250	ITS_OTU1614_1615
0.453688372714605	0.4410047	0.02169004475	0.94407389	0.341962634011777	0.2863023	0.0090704665	0.9099912425	0.526187067201669	0.53976945	0.02896822375	0.9786237	0.244949444329948	0.14217665	0	0.9073641125	0.00015763866925592	7.107974e-05	9.29116965e-06	0.0007339394925	18.83335	9	0	88	ITS_OTU1631_1632
0.780249866670689	0.8810455	0.1309423475	0.9986301	0.726458815266476	0.8306344	0.06828728225	0.9978058075	0.385153647251055	0.3504143	0.01611466	0.9195399075	0.134359913653354	0.057791665	0	0.69907638	0.00015500757055859	5.2813685e-05	9.023558e-06	0.000681579202499999	18.59917	7	0	82	ITS_OTU1644_1645
0.458554882970028	0.44316665	0.0229790015	0.9588429575	0.352142096477689	0.2966832	0.01035356625	0.9282733175	0.519003440655325	0.52901035	0.0288342705	0.9753252475	0.250749057734269	0.16028815	0	0.8941550725	0.000576127312019908	0.00023127845	1.003364325e-05	0.002361865825	69.2246307692308	28	0	284	ITS_OTU1650_1651
0.560088591675728	0.57829235	0.0335857115	0.9857356	0.46503554309373	0.43155865	0.0149314645	0.9786158825	0.478250342713535	0.4694444	0.022725742	0.9674123425	0.207331988872185	0.1110247	0	0.856648415	0.00022971584582503	0.0001047073	9.245167e-06	0.0012031677	27.59664	13	0	145	ITS_OTU1660_1661
0.681213222468547	0.75175125	0.078394415	0.9967163	0.599928554087384	0.64353065	0.04270596425	0.992739035	0.472231254542293	0.4560254	0.02190703125	0.9610550525	0.232023705431624	0.1412841	0.001334049225	0.85056839	0.000986883249012415	0.0007787839	1.38921e-05	0.00247244135	118.607585365854	94	1	294	ITS_OTU1666_1667
0.432549097755211	0.3975942	0.017519854	0.97973977	0.32962602133576	0.2480672	0.007093998175	0.96926428	0.49456321680976	0.4900654	0.023240648	0.975290095	0.203574273621196	0.1039824	0	0.8672941625	0.0001956650844831	7.1352425e-05	9.20481405e-06	0.001038918125	23.37503	9	0	126	ITS_OTU1671_1672
0.494372559761729	0.49862855	0.0320970465	0.9514572	0.394685772483488	0.3630117	0.0151798215	0.92084276	0.479130536886662	0.47243385	0.0227603845	0.96478861	0.215699356011935	0.12796435	0	0.847140145	0.000585138754030763	0.0002765281	1.00087265e-05	0.0022851872	70.3314639175258	33	0	277	ITS_OTU1676_1677
0.361871531704646	0.3240145	0.014299241	0.890359822499999	0.253428767823158	0.1918238	0.00641497125	0.8034796175	0.545466721767394	0.5671903	0.03179486325	0.9828200725	0.27205249185449	0.17830505	0	0.9194958025	0.000664511104100275	0.00041447755	9.699212025e-06	0.002170327575	79.8239120879121	50	0	258	ITS_OTU1713_1714
0.558828222725293	0.57223185	0.032859159	0.9955267	0.467336513311256	0.42702225	0.0145433325	0.992502635	0.476236819949472	0.4634823	0.023635074	0.96741747	0.211707347846761	0.11985115	0	0.853895867499999	0.000451370828625863	0.00018495845	9.857428e-06	0.002041376225	54.4230315789474	22	0	246	ITS_OTU1738_1739
0.472678400686404	0.42418725	0.0193906235	0.998313	0.377869985601301	0.27256875	0.00798223305	0.9974864	0.49987278744967	0.4975063	0.02661174825	0.9752881175	0.216379837919636	0.11139995	0	0.8850555825	0.00034098421965645	6.2039295e-05	9.195049e-06	0.00211739405	40.99444	7	0	255	ITS_OTU1762_1763
0.427374950201704	0.39777985	0.01869519	0.9537610225	0.314531703966585	0.24649025	0.00795623705	0.91358499	0.552922783179038	0.580827	0.03342219975	0.9822267475	0.27864421530688	0.1827086	0	0.92510228	0.00039460682408974	0.00014857645	9.64425315e-06	0.001967112675	47.39215	18	0	235.024999999994	ITS_OTU1772_1773
0.57230867773745	0.5894762	0.03970777975	0.9948178	0.483939531388852	0.4566408	0.0192241475	0.9899766925	0.491415857276044	0.49101855	0.0242345655	0.9681901675	0.24464163102362	0.1602409	0.001507503375	0.8649519625	0.00121137892134184	0.001269549	1.29931835e-05	0.00254545155	146.175027027027	154	1	298	ITS_OTU1786_1787
0.461132574378457	0.4509579	0.02197696675	0.9590878	0.352895034811574	0.29979285	0.009631128425	0.9295197575	0.522294381067211	0.533466	0.0283822025	0.979552555	0.255023805437936	0.159384	0	0.9070702025	0.00059267979403667	0.0002475735	9.642318025e-06	0.002289986225	71.29552	30	0	275	ITS_OTU1800_1801
0.497538051855162	0.49800955	0.0305739305	0.9603018	0.389012314744288	0.35002165	0.01389760825	0.9305376475	0.524737809159412	0.537599	0.0295245905	0.9761851775	0.258419999132365	0.16163725	0	0.9049679025	0.00050798266751866	0.00017526335	9.57155555e-06	0.0021653016	61.18037	21	0	259	ITS_OTU1805_1806
0.403696355969944	0.369023	0.0171817875	0.952290995	0.299177803547577	0.23196775	0.00751044	0.920379595	0.520241681391896	0.52929465	0.028232778	0.97855644	0.246018407901002	0.14646195	0	0.9047078625	0.00047708375116762	0.00017329475	9.602715625e-06	0.0021691636	57.22032	21	0	262	ITS_OTU1808_1809
0.424989831420575	0.3981362	0.0193698175	0.9502873175	0.317349063857906	0.25227825	0.008179650675	0.9142152475	0.518897550639355	0.5301456	0.02761450525	0.976815775	0.238815712068287	0.1421864	0	0.888107039999999	0.00042577354676262	0.0001395537	9.58330835e-06	0.002020442725	51.06746	17	0	242	ITS_OTU1822_1823
0.329104341494863	0.2892379	0.01213632225	0.8316546025	0.216921605848224	0.163825	0.005239362425	0.694503364999999	0.57089055799858	0.6058424	0.038076721	0.9846711075	0.291652579152171	0.19923275	0	0.92906171	0.000624025923834469	0.0002209297	9.82585545e-06	0.002373668725	75.0761975308642	27	0	286	ITS_OTU1827_1828
0.344272519045226	0.3079798	0.01356241125	0.8496985625	0.231335514861325	0.1777854	0.00582007195	0.722132105	0.553664833945925	0.57992725	0.03326650075	0.98192793	0.266755265373645	0.16940855	0	0.91357938	0.00040523599531812	0.00013371425	9.51409145e-06	0.001993480575	48.69055	16	0	240	ITS_OTU1845_1846
0.517552054145259	0.52665805	0.03266166425	0.9635235325	0.423288539274253	0.3937159	0.0153527385	0.9397985125	0.471209781457048	0.46119225	0.02181554225	0.96611737	0.216762846107006	0.12816775	0.0001535305375	0.8583811475	0.00064566318355417	0.00035679025	1.147555275e-05	0.002338088475	77.6184545454545	43	1	282	ITS_OTU1890_1891
0.891889908228574	0.9673908	0.3612088625	0.9997845	0.862621036587569	0.95421825	0.250604485	0.9993144025	0.376778428642161	0.340822	0.01466664	0.8886246	0.122835752786776	0.052633925	0	0.5976867925	0.00016754494342871	5.341555e-05	8.70604395e-06	0.000949001859999996	19.80958	6	0	113	ITS_OTU1941_1942
0.425915482533407	0.384905	0.0172826555	0.9853832	0.318056652639198	0.23632495	0.00743780645	0.978295535	0.535924813372612	0.5519956	0.02990295075	0.9816591975	0.261012497113751	0.16311375	0	0.9129808025	0.00037532594049735	0.0001547437	9.68275325e-06	0.00169107325	45.07132	19	0	204	ITS_OTU1953_1954
0.583178455631827	0.61848605	0.036022042	0.991496	0.500492490154249	0.4915353	0.0162890645	0.9880856	0.443431658945763	0.4226175	0.01909308275	0.9570469	0.188767293304804	0.094961555	0	0.859117614999999	0.00042593452641854	0.0001528359	9.430694525e-06	0.001884822125	51.14751	18	0	225	ITS_OTU2043_2044
0.526212820209975	0.5433656	0.03780542475	0.9603519	0.429870359813594	0.4133982	0.01674512475	0.933889055	0.451909128681949	0.43401265	0.02035205475	0.9573627325	0.179251137616045	0.092721845	0	0.803587439999998	0.00035647164913638	0.0001197544	9.3951806e-06	0.001788181425	42.59427	14	0	216	ITS_OTU2054_2055
0.391047925276522	0.356856	0.015693	0.916111325	0.277451459128674	0.2139203	0.006723762125	0.8448224725	0.537788250537299	0.5565051	0.03053946725	0.98163695	0.253507147707862	0.1539425	0	0.9106366325	0.00031485400345971	0.00014361675	9.5652762e-06	0.0016555133	37.68004	17	0	201	ITS_OTU2081_2082
0.463815949884406	0.4554102	0.02274314475	0.9441936	0.365083442785375	0.3157972	0.00994702025	0.9130912025	0.467361992000771	0.45472615	0.02259273325	0.9671657625	0.189451304276975	0.09917698	0	0.8343772025	0.00029032454733556	0.0001281972	9.4251158e-06	0.0015964921	34.58266	15	0	194	ITS_OTU2082_2083
0.369792479744766	0.3264318	0.01376746275	0.9211128375	0.253633764224654	0.18399985	0.005936039725	0.846951414999999	0.571343141755075	0.60565605	0.03556421925	0.985508645	0.294966041469763	0.2036695	0	0.932592745	0.00041851032745687	0.00019890745	1.002385075e-05	0.001946081175	50.30245	24	0	236	ITS_OTU2103_2104
0.65267146906549	0.70493235	0.06427819325	0.9979159	0.570752364307807	0.5858966	0.0294339225	0.99703641	0.466487014223148	0.4565657	0.01946045	0.96128602	0.209080995589331	0.11501255	0	0.8573953425	0.00036882701711803	0.00010224705	9.67190175e-06	0.001808845	44.38569	13	0	216	ITS_OTU2109_2110
0.519022242858672	0.53131645	0.03338378675	0.96661604	0.415222707658831	0.3848442	0.0150701615	0.9459284475	0.488274277856776	0.48492045	0.02399011225	0.968744975	0.212242492865195	0.1171394	0	0.859573755	0.00045044570259194	0.0001118859	9.399182675e-06	0.0022805241	54.19771	13	0	274	ITS_OTU2128_2129
0.694844720407466	0.79401345	0.054785538	0.9964617	0.594942125967239	0.64499355	0.025608919	0.99521304	0.679379586982772	0.74962755	0.071670795	0.9906847	0.471357549608102	0.4660025	0.0034209018	0.97962783	0.00043661970232363	8.515589e-05	9.496987675e-06	0.002305045075	53.16558	11	1	277	ITS_OTU2129_2130
0.375918978895806	0.34146745	0.01540981525	0.882466535	0.257098606010246	0.1992593	0.00650943255	0.77270622	0.561235007950762	0.5919808	0.0344362745	0.9837072175	0.275470699824435	0.17787945	0	0.9243023625	0.00045359762896231	0.00013215725	9.39606615e-06	0.0022058364	54.58239	16	0	266	ITS_OTU2154_2155
0.574197398695309	0.59730725	0.04029646875	0.99446728	0.479745364576106	0.4552162	0.01786769275	0.99165931	0.476287417872239	0.4670614	0.02260997675	0.968629195	0.206744692088847	0.1065203	0	0.86817499	0.00016987177791836	6.879398e-05	9.345301575e-06	0.0008517216875	20.29348	8	0	102	ITS_OTU2179_2180
0.38939936951861	0.35282905	0.01570604175	0.9218064375	0.281153016409956	0.2126876	0.006859470475	0.8628752325	0.532029822136121	0.5469159	0.0301106365	0.9791570125	0.253149990139532	0.16061255	0	0.9009947225	0.000646419441215959	0.0002255466	9.620815875e-06	0.002306905225	77.7049594594595	27	0	276	ITS_OTU2243_2244
0.748637092362933	0.85025245	0.09337699875	0.9977832	0.685971781454685	0.7824896	0.046955259	0.9967191025	0.412718466995799	0.384033	0.01705966325	0.9392202625	0.165550236900599	0.08266306	0	0.772333485	0.000647910380605938	0.0002333924	9.030285e-06	0.002396224	77.9008518518519	28	0	284	ITS_OTU2349_2350
0.478065318906238	0.45417185	0.02012177575	0.9802321	0.373074090665814	0.2950846	0.008808350775	0.965455685	0.532975887071655	0.54935765	0.02904672675	0.979464205	0.264943423587852	0.1695772	0	0.90998779	0.00040335328009342	0.0001919697	9.85575815e-06	0.001705751225	48.55983	23	0	205	ITS_OTU2419_2420
0.577292080275471	0.60583045	0.03705454675	0.9892552	0.485998477748411	0.4672031	0.0158571285	0.9821965775	0.458722312593749	0.4436583	0.0213212995	0.9608526175	0.184423507009467	0.090410985	0	0.8353393325	0.00021155754747616	6.177075e-05	9.09377755e-06	0.001204897875	25.33448	8	0	143	ITS_OTU2460_2461
0.378395370686351	0.33126445	0.01394285325	0.931844225	0.258874293604945	0.1877171	0.0060377296	0.852500055	0.608967842120671	0.66291305	0.045717996	0.98800612	0.34098398021692	0.2640333	0	0.950622935	0.00043581739946105	0.0001913998	1.007524825e-05	0.002080980775	52.45628	23	0	249	ITS_OTU2678_2679
0.311655167393917	0.26412375	0.0108404485	0.8344827875	0.197565102791953	0.1403138	0.0043767892	0.689889875	0.589048351889437	0.63292475	0.04020107125	0.9866582275	0.296550494621166	0.1998218	0	0.9414163525	0.00036165508610252	9.6405345e-05	9.27350765e-06	0.00215251325	43.43444	12	0	262	ITS_OTU2761_2762
0.501420715241899	0.4963646	0.02725923825	0.9866356	0.398995886365265	0.34496115	0.0118397855	0.977593405	0.515725621913435	0.5259427	0.027111952	0.9751317275	0.248010957509716	0.1435346	0	0.90437717	0.00044468913264752	0.00011390185	9.447353725e-06	0.002138645	53.43278	14	0	256	ITS_OTU2877_2878
0.7347979169971	0.8328132	0.08365006	0.9987468225	0.676449756506814	0.77010155	0.04080144725	0.9985060125	0.389182842651958	0.35483595	0.01540284475	0.91373626	0.146719049864243	0.06897989	0	0.73952195	0.00021628476968932	8.8553105e-05	9.686494e-06	0.001228002475	25.80037	11	0	148	ITS_OTU2911_2912
0.641642943557442	0.70941645	0.02999918875	0.9991489	0.567291745804758	0.55536985	0.01284247525	0.9985316025	0.535211656513029	0.5505293	0.0293320325	0.978967955	0.317438444795831	0.2213769	0	0.9430103525	0.00029244395337371	3.3757065e-05	9.687087e-06	0.00203957815	35.57592	5	0	246	ITS_OTU2934_2935
0.506592654446142	0.50192455	0.02564610875	0.9860518675	0.412195067923944	0.3552115	0.01209467925	0.97937991	0.476849440068303	0.4666088	0.0225377605	0.968748375	0.21454889569949	0.1195392	0	0.86778773	0.000671832636789	0.0002693445	9.38095885e-06	0.0023845529	80.8211162790698	32	0	286	ITS_OTU3025_3026
0.529935144984916	0.54448385	0.03351778975	0.9734272	0.424050327242399	0.39441115	0.0146487675	0.9528277125	0.541736386637782	0.5616919	0.033343583	0.9763146925	0.278428933242362	0.1914664	0	0.9106660825	0.00019592388569179	9.5136775e-05	9.4267606e-06	0.000902928197499999	23.69817	12	0	108	ITS_OTU3029_3030
0.613282632105484	0.65434045	0.046186886	0.9967036	0.530213740329029	0.52593265	0.021531435	0.9950322175	0.458695257561899	0.44774615	0.02173476175	0.9574963375	0.200110992329044	0.1158398	0	0.8219606425	0.00054110061386676	0.00019783165	1.00894095e-05	0.002212491175	64.92607	24	0	268	ITS_OTU3043_3044
0.611946871844927	0.66272695	0.04583234025	0.9835368	0.518081647245996	0.52484965	0.02028265675	0.97159018	0.494246007780769	0.4940036	0.0252314665	0.9701409	0.227569681803846	0.1291593	0	0.879134635	0.00026459853636544	6.617198e-05	9.230914525e-06	0.002017054725	31.95066	8	0	244	ITS_OTU3185_3186
0.498644042818817	0.49272265	0.02485048975	0.9834712	0.395854756691028	0.3437367	0.012177396	0.9748647975	0.520260064796956	0.5294815	0.02802595025	0.9767474675	0.271518420528294	0.18386825	0.002408052025	0.900846945	0.00124634605216467	0.0012917565	1.572296325e-05	0.0025001193	150.2375	156	2	294	ITS_OTU3313_3313
0.352583566351248	0.31855385	0.014842545	0.8579977275	0.248786922896157	0.19248605	0.006449980375	0.762163005	0.509997824402465	0.515173	0.02662461175	0.9755577075	0.222367259902934	0.1274928	0	0.876561865	0.000552517358116979	0.000165591	9.43562355e-06	0.002309291875	66.3387765957447	20	0	277	ITS_OTU3327_3327
0.442845572014612	0.41880935	0.020074804	0.966498145	0.341803144319721	0.2772815	0.009065531225	0.9461323475	0.496838163066814	0.49534615	0.02507239375	0.9737442575	0.227998104830121	0.1356194	0	0.87455242	0.00055816708711471	0.0002640489	1.011291675e-05	0.002126483475	67.0832	32	0	254	ITS_OTU3376_3376
0.812195774133396	0.9012051	0.1961646475	0.9988386	0.762805769163718	0.8617987	0.1113693775	0.99796641	0.385370529098316	0.35596895	0.015965154	0.9121157525	0.133622506223978	0.06321381	0	0.678203144999999	0.00035355183638583	6.843748e-05	9.300067625e-06	0.00197838945	42.39602	8	0	232	ITS_OTU3421_3421
0.567542289544357	0.5987975	0.04193147225	0.9773703	0.466416892656921	0.45617415	0.018623791	0.9590169325	0.489810611656139	0.4863795	0.02462082	0.96695736	0.21743770473019	0.12275255	0	0.85644063	0.0001835679046938	8.380638e-05	9.6149851e-06	0.0008291122625	22.06289	10	0	99	ITS_OTU3455_3455
0.369446117973577	0.33196335	0.01541245775	0.8933717875	0.259645097443962	0.19740425	0.0065762358	0.80974377	0.526890074113419	0.5402404	0.027836654	0.9790723625	0.23638725144699	0.13895995	0	0.89346696	0.00042496593996175	0.0001215081	9.497190375e-06	0.0021914029	50.94302	15	0	264	ITS_OTU3467_3467
0.424126904269693	0.4026163	0.0190188305	0.9312255	0.314424577690128	0.2563382	0.00818826465	0.8827367675	0.507411259727005	0.5106205	0.025508944	0.9766623225	0.220831974011934	0.12211315	0	0.8800338775	0.00037143954334732	0.00010048525	9.3324594e-06	0.00204227705	44.57921	12	0	245	ITS_OTU3507_3507
0.413464538292845	0.3779515	0.016930718	0.960886449999999	0.30729604387422	0.2347254	0.007476102525	0.93241614	0.515571137734214	0.52407835	0.02727424125	0.9762856725	0.232835371131675	0.13703295	0	0.88257964	0.00040219228660076	0.00012904115	9.475927925e-06	0.0020908739	48.35659	15	0	252	ITS_OTU3573_3573
0.389016188322518	0.35292945	0.01602252875	0.9358024475	0.278470914355085	0.2124049	0.0070461686	0.88418698	0.554899378461929	0.582788	0.0333869245	0.982802855	0.276881741922556	0.1798398	0	0.925609505	0.00040025964621218	0.0001472426	9.51011885e-06	0.002201197	48.15249	18	0	268	ITS_OTU3751_3751
0.911150387419507	0.9975484	0.307402855	0.9998732	0.884701244775399	0.9966677	0.1976801775	0.9997998	0.461287795537562	0.4281092	0.02002935325	0.9687769	0.276912459119243	0.1349587	0.0007876322525	0.95311797	0.00029379366980479	0.0001190792	1.162012725e-05	0.001608701075	36.38507	16	1	192	ITS_OTU3804_3804
0.769714667225497	0.8564855	0.13946741	0.9951305075	0.716914128202528	0.80514955	0.0766321595	0.9930942375	0.362377157624244	0.31849805	0.01433965425	0.90381769	0.132400030529013	0.06842806	0	0.652695874999998	0.000579938859077641	0.0002909113	9.527861475e-06	0.0023742922	69.4258586956522	35	0	284	ITS_OTU3820_3820
0.672115037775542	0.73621125	0.0754824435	0.9893066	0.595341043577835	0.63646735	0.037135761	0.9832076175	0.441497328483519	0.4225576	0.02094927425	0.9430127075	0.191026575952631	0.10890695	0	0.79626686	0.00046227521133373	0.0001849226	9.7755409e-06	0.0020645235	55.4685	22	0	251	ITS_OTU3874_3874
0.299105252237538	0.2470512	0.01004943475	0.8271795325	0.190412744008829	0.1358619	0.004675228175	0.6613071825	0.586798416707286	0.6295207	0.03713938325	0.986495385	0.324026538103051	0.24076315	0.001005397625	0.938257785	0.000853340376646034	0.00062361825	1.186813575e-05	0.00234571775	102.776983050847	76	1	281	ITS_OTU3962_3962
0.76731638351408	0.84155725	0.1765222925	0.9965946	0.701157038877407	0.76383745	0.1055147125	0.99396011	0.493112000567316	0.4996221	0.0303767735	0.9494539175	0.241796578209703	0.1742884	0.0031646721	0.8195421525	0.000807188726904887	0.00070668045	1.932440675e-05	0.002262587725	97.1461690140845	85	2	278	ITS_OTU4268_4268
0.294324783534776	0.2473279	0.01013460075	0.8050405475	0.18649685126143	0.1333281	0.00435355835	0.6459522725	0.566770892355453	0.5992993	0.036267579	0.9841290125	0.278614295515334	0.1850114	0	0.922395355	0.00042891920567056	0.0001841657	9.636520625e-06	0.00184670655	51.50287	22	0	222	ITS_OTU600_601
0.620265816156231	0.6751487	0.04656647425	0.9876373775	0.520569449417711	0.5227063	0.020999436	0.979656315	0.54152282391415	0.5618401	0.03240483825	0.980953445	0.294305424170096	0.2048927	7.39171424999998e-06	0.927174115	0.000533859691870587	0.00029845785	1.034345e-05	0.001804909025	64.5590108695652	37	1	216	ITS_OTU621_622
0.313477682886127	0.2690457	0.01143010925	0.8270996	0.201285953736292	0.14500715	0.00464226485	0.688479535	0.552923590378381	0.57925745	0.032831156	0.9830058225	0.243798650272769	0.14126435	0	0.9056833675	0.00022571938233129	7.2296155e-05	9.13740085e-06	0.0012339367	27.01355	9	0	148	ITS_OTU763_764
0.514802365709367	0.51278175	0.02720790325	0.99218196	0.42336283817094	0.3702406	0.01220603425	0.9893912675	0.456817320519214	0.4371253	0.02083477	0.964962135	0.192228300935593	0.10161155	0	0.837325245	0.00037168271573048	0.00017171635	9.72018745e-06	0.0015916015	44.40249	20	0	187.024999999994	ITS_OTU776_777
0.579067525473163	0.60844405	0.04145021925	0.9941392	0.485473049363761	0.47208125	0.0193350355	0.989530095	0.477968843739081	0.46936345	0.0245542155	0.9667858	0.220137630583048	0.13102145	0	0.85823217	0.000761524532109986	0.00040759835	1.024992725e-05	0.0023786745	91.8685945945946	49	0	283	ITS_OTU780_781
0.337692915426266	0.2943683	0.01276046025	0.865238945	0.233494755166534	0.1704058	0.005368796825	0.77604783	0.523234532398696	0.5352227	0.027543386	0.97987988	0.236232840994326	0.13860055	0	0.893106445	0.00053010424974633	0.00018225425	9.57618425e-06	0.002197648775	63.64815	22	0	264	ITS_OTU822_823
0.502195588725002	0.5058233	0.0276184635	0.972908984999999	0.404960168357491	0.3639635	0.01161767	0.9552375775	0.458645603543768	0.4408449	0.020812749	0.9638572825	0.18034730883615	0.09269991	0	0.816811527499999	0.00033383705857155	8.89858e-05	9.3167687e-06	0.0018924909	40.00954	11	0	229	ITS_OTU850_851
0.884579864646846	0.962733	0.332255235	0.9990312	0.851955630642035	0.9463098	0.22232835	0.9985332025	0.362332304514567	0.3267901	0.01366958	0.8739093325	0.119517154909396	0.053746725	0	0.6016093475	0.00018347706611303	5.309793e-05	9.239495325e-06	0.002087284275	22.07959	7	0	249.024999999994	ITS_OTU883_884
0.887869270193124	0.9481029	0.439895535	0.9997625	0.85387961364588	0.92440665	0.32966446	0.9996848	0.368865974646178	0.3348963	0.01685523	0.8890824175	0.131207555018678	0.05815668	0	0.67037277	0.00015340628723383	4.4825255e-05	9.219143e-06	0.0005253524	18.1744	6	0	62	ITS_OTU892_893
0.516328803962996	0.52230845	0.03125863525	0.977461387499999	0.415218624490969	0.375377	0.014176074	0.9636754825	0.485391287369388	0.47874185	0.02346021225	0.970684545	0.21632105198931	0.12115075	0	0.8663808575	0.0004820351507335	0.00013803555	9.5241178e-06	0.0022880692	57.87779	17	0	277	ITS_OTU899_900
0.310058634567109	0.2668412	0.011111649	0.8164161475	0.202178924559519	0.14803465	0.00479081795	0.674926154999999	0.544749100854852	0.56801355	0.03029166325	0.981447935	0.2498862103184	0.1527594	0	0.9047038775	0.00050432909788962	0.0001261482	9.440045e-06	0.00237947255	60.52065	15	0	285	ITS_OTU905_906
0.543011275764577	0.5571694	0.03268642025	0.984075	0.446294424090234	0.41264125	0.01481802075	0.974104575	0.487363352446751	0.48208625	0.02462062775	0.9692296075	0.22092730579585	0.12506895	0	0.8771126825	0.00051792620603643	0.00016236365	9.467694875e-06	0.002285456975	62.35129	20	0	277	ITS_OTU907_908
0.703419390021888	0.7863609	0.08770886225	0.9929151	0.634788786046045	0.7022418	0.04409233925	0.9890010025	0.427891719250427	0.40190355	0.01804929925	0.941278409999999	0.182657425516357	0.099083615	0	0.792819359999999	0.00051708998752453	0.00026222495	1.02058595e-05	0.001889162875	62.02956	32	0	225	ITS_OTU910_911
0.616822299019104	0.6705678	0.05281060525	0.9815416375	0.527211801031601	0.54774495	0.022547091	0.96972857	0.461406522635363	0.445562	0.02097507025	0.9649591025	0.198979429630764	0.0961615	0	0.865156265	0.00017014004415905	6.330214e-05	9.234476475e-06	0.0010212863	20.36302	8	0	122	ITS_OTU917_918
0.696758847214723	0.78633105	0.06778283175	0.9937633	0.624625233684824	0.69568945	0.03184235025	0.98946036	0.43838236218977	0.4192542	0.01944751225	0.94551733	0.188542776967749	0.10496625	0	0.796080625	0.00035382701812292	0.00013219855	9.89005375e-06	0.001631488325	42.42652	16	0	198	ITS_OTU921_922
0.518664095007441	0.5270459	0.029207071	0.9827419	0.418577523214749	0.38006005	0.0125827295	0.974516715	0.498286450900413	0.4972688	0.0243707485	0.9731219125	0.231417752587422	0.12759555	0	0.886440017499999	0.00031633294691854	9.2172575e-05	9.3337342e-06	0.001699671875	37.93014	11	0	202	ITS_OTU998_999
0.712947026961447	0.7560262	0.2637972225	0.9587113	0.562259516904067	0.57506185	0.2483491925	0.8161542	0.822124251180435	0.8737368	0.3782815325	0.9969251	0.722957352695849	0.7362898	0.3711842325	0.9847038	0.00012690056977061	9.065009e-05	1.318439575e-05	0.0003758399	14.96523	11	2	42	elfDC
0.512000518129421	0.52050095	0.07462042325	0.8986046125	0.31485751718998	0.309985	0.0366035785	0.6228010925	0.65443106952537	0.7311899	0.052440587	0.9914577	0.370204643237854	0.3152757	0.00143430365	0.9485303425	0.00019504997816313	0.00012367425	1.148176e-05	0.000726299724999999	21.55743	14	1	79	elfPs
0.577265634569414	0.6410484	0.0447159455	0.93816589	0.352093740977492	0.3584298	0.02168783375	0.69961484	0.720518438870017	0.8216035	0.073314638	0.9927014	0.444261101654748	0.44464615	0.0110324345	0.9483636	0.00077576481561197	8.9213975e-05	1.014747e-05	0.00251336935	86.51199	10	1	276	elfPv
0.88651400678	0.9146314	0.6444649	0.9792018	0.74372205534	0.7610309	0.50466271	0.8957469	0.864243152857	0.9019002	0.5457579	0.9879569	0.666774329542	0.67263165	0.3843067	0.915391192499999	5.076481651229e-05	4.3537555e-05	1.0456e-05	0.0001257008	7.04121	6	1	16	flgPa
0.814458772611	0.8429041	0.5123495	0.963819	0.607764633859	0.616294	0.3702944275	0.795751	0.877038840361	0.9085126	0.596208705	0.9915219	0.668126533566	0.66469395	0.4106227	0.9375295375	4.254109595267e-05	3.4276875e-05	9.571864e-06	0.0001123647	5.45154	5	1	13	flgPsHRm
0.724947352946909	0.8038818	0.1582756	0.9792409	0.572338340514057	0.5987476	0.09106788675	0.9330605	0.723990727579971	0.79166095	0.13242846	0.98027885	0.458152585752536	0.4763938	0.00586187865	0.9002849	0.00011170880250242	6.8640645e-05	1.257692075e-05	0.00046907906	13.32468	9	1	52	flgPsHRp
0.662070235587253	0.7024412	0.16415414	0.9226388	0.39067266024747	0.4011358	0.07685097	0.6059876	0.909599539027605	0.9586408	0.4622578175	0.9984994	0.793211238588947	0.8540008	0.1010572525	0.9933861	5.632563597982e-05	3.8583465e-05	9.763077e-06	0.0001901904	6.99767	5	2	21	flgPv
0.288287594740492	0.2457185	0.01114789	0.7799668575	0.16360641813348	0.12519775	0.0044740524	0.5291322675	0.579982589306989	0.6190106	0.03976758775	0.9850588475	0.280249359888868	0.1856077	0	0.920325695	0.00014601869868287	6.534566e-05	8.74250495e-06	0.000713160245	18.4697	9	0	91	day10_27C_cut
0.999523697858	0.9997726	0.997275	0.9999677	0.998478743889	0.9993486	0.9898183	0.9998823	0.99139429845	0.9905603	0.9864501	0.9964303	0.973088285525	0.9707653	0.9579315	0.9867518	0.000823162647808	0.0008156924	0.000775118	0.0009012201	109.97821	110	108	114	day10_30C_cut
0.999535764098	0.9999429	0.9968285	0.9999637	0.999065104251	0.9998973	0.9928896	0.999914	0.998806263	0.999512	0.9953716	0.9998864	0.998056514008	0.9990666	0.992598	0.9997858	0.00149795330763	0.001503884	0.001439341	0.001745554	198.07772	197	196	205	day10_30C_uncut
0.255029118283413	0.2077019	0.008752999	0.73608593	0.134502743950937	0.098541805	0.003290653675	0.461633335	0.609727138035521	0.6619056	0.044400706	0.9882399825	0.311805874741694	0.22470315	0	0.939579775	0.00013849050298665	7.92351e-05	8.8136315e-06	0.000642138285	17.43033	10	0	82	day11_27C_cut
0.532928460129784	0.556108	0.072971391	0.8898086	0.405620153426761	0.4068245	0.035260119	0.7863225025	0.465903864070513	0.4574089	0.0246441955	0.95548377	0.205393451660893	0.12205375	0	0.8288051225	0.00018821319574688	8.966845e-05	8.8791313e-06	0.001141121	24.68445	12	0	150	day11_27C_uncut
0.251422925013936	0.1930879	0.007679485675	0.80533903	0.130487216938326	0.08947713	0.00291583	0.5135435	0.623719114943216	0.684989	0.0474718105	0.99016667	0.327559469832342	0.23997135	0	0.9478868	0.00016912803337975	6.53529e-05	8.7552985e-06	0.0009872099825	21.37694	8	0	125	day12_27C_cut
0.756556902768332	0.9349047	0.03286958475	0.9890124	0.611527115694787	0.7664776	0.0132375225	0.902749	0.879365587266911	0.97491685	0.19383371	0.9993031	0.752044995496236	0.8854398	0.01250571275	0.994417	0.00010443446037185	8.864098e-05	1.043353e-05	0.0004189339225	13.73118	12	1	53	day13_27C_cut
0.489060876567643	0.5037308	0.0591124205	0.86422939	0.358396525817709	0.35228875	0.02718916775	0.7405175625	0.483403729535366	0.48074155	0.0267036355	0.95994563	0.217072510336445	0.12970875	0	0.8437914	0.00012534990856352	7.444202e-05	8.8467978e-06	0.0005103369	16.44673	10	0	67	day13_27C_uncut
0.90652372227337	0.9313643	0.6917354	0.9866362	0.69933207213295	0.7126027	0.4795319	0.8430853675	0.930386403157548	0.9617106	0.679328985	0.999353	0.772918467986145	0.7856076	0.4239762	0.9934686	6.931127304067e-05	3.074849e-05	8.33517e-06	0.000243260762499998	9.34302	5	2	29	day3_27C_cut
0.983532688232	0.9853212	0.9624955	0.993043	0.854191904429	0.8586551	0.7939967	0.9056523	0.998839547304	0.9992894	0.9951466	0.9999623	0.989264493282	0.9923898	0.9610781	0.9996304	0.00014775588651	0.0001424717	0.0001152099	0.0001804437	13.68187	14	8	18	day3_27C_uncut
0.292882141960685	0.2584488	0.01085768525	0.7426685175	0.166646260686565	0.1307597	0.0041632071	0.50289219	0.595098486676265	0.64187015	0.042836426	0.9875506	0.316522415148657	0.2240459	0	0.94557451	0.00013475487529381	5.581135e-05	8.517449275e-06	0.000851452004999998	17.43205	7	0	111	day3_30C_cut
0.987181607554	0.9904697	0.9659541	0.9929946	0.906546666737	0.9180831	0.8387019	0.9406151	0.997834851388	0.9988025	0.9903869	0.9998362	0.986328155371	0.9927888	0.945292845000001	0.9988926	0.000259295668942	0.0002301228	0.0001947884	0.0004265622	30.12584	24	19	59	day3_30C_uncut
0.27164624656848	0.2343198	0.0099092939	0.7168626	0.149548563013431	0.1183497	0.00418181755	0.45530649	0.587723468510619	0.6314571	0.04054180075	0.987085655	0.311996899527466	0.22901695	0	0.936608695	0.00030440175172532	0.00016871625	9.271536e-06	0.0009497682	37.90576	21	0	117	day4_27C_cut
0.949461445963	0.9550161	0.8821822	0.9867408	0.852776673378	0.8571105	0.7604348	0.9141533	0.986617900873	0.9909147	0.9526309	0.999605	0.954220656455	0.9660111	0.8484789	0.9986081	4.4038444508e-05	4.014415e-05	2.104737e-05	8.380045e-05	10.60043	11	7	14	day4_27C_uncut
0.556525308281977	0.59408165	0.052945158	0.9140336375	0.396995868867316	0.40789795	0.02580535025	0.754199579999999	0.76547003135827	0.8491729	0.1260799775	0.995312	0.623907797406245	0.6923088	0.022714299	0.986506475	0.00031930709560223	0.0001522255	1.03762065e-05	0.001291134725	42.03083	21	1	166	day4_30C_cut
0.563777483441927	0.59811465	0.09095558525	0.8775372725	0.431836272214585	0.4466361	0.04850205525	0.761674015	0.487402525418168	0.4829499	0.024630135	0.9692805	0.261969786711632	0.18146015	0.0053668986	0.8843886575	0.00119218182861643	0.001198263	0.0001278771	0.002204914625	156.70515	157	16	287	day4_30C_uncut
0.498952339094294	0.5053296	0.07176464125	0.90029366	0.38444982314422	0.3677815	0.042483357	0.8046924125	0.478438426464943	0.47851575	0.02570571	0.9507680875	0.22064949466425	0.1522491	0.00014005546	0.79685012	0.00069879145438941	0.00066725125	1.008081e-05	0.001827732	89.18718	85	1	231	day5_27C_cut
0.8946840121495	0.9337242	0.580699225	0.9916992	0.7898618840641	0.8155249	0.4664878	0.973198	0.845470669870363	0.905545	0.3742772	0.9968714	0.689380850652654	0.7349996	0.152874085	0.9873583	0.00021833175070459	0.0001447397	1.8698704e-05	0.000810374482499998	29.82709	21	4	103	day5_27C_uncut
0.897859684026	0.9280483	0.6611855	0.9838599	0.78646669288	0.8156012	0.514892465	0.9233483025	0.871679061953	0.9154199	0.5315675	0.9986007	0.740934851438	0.76942295	0.3710993825	0.991816	5.86937319564e-05	2.420149e-05	8.057495e-06	0.0001861785	9.04546	5	1	26	day5_30C_cut
0.313475188025382	0.2770551	0.011390169	0.7824006275	0.181697373904413	0.1443214	0.00476806465	0.5414456	0.642131463847106	0.71121195	0.05417752525	0.990815925	0.399557046729631	0.3500121	0.000328047745	0.9650554875	0.00062080517842156	0.00023046675	9.544202275e-06	0.001893956225	81.7208	31	1	244	day5_30C_uncut
0.482445826743177	0.4745001	0.049493493	0.9501932975	0.363863062795503	0.32649405	0.02462390325	0.8896381275	0.480666317483452	0.47985535	0.0271309975	0.954693435	0.20027343808644	0.12306245	0	0.789908495	0.00022630155415	9.9633045e-05	8.900846775e-06	0.001123095475	28.62138	13	0	140	day6_27C_cut
0.821502407843163	0.8865728	0.3141928575	0.9895234	0.713893315121682	0.7665552	0.2042557925	0.9727004825	0.673986477930442	0.73608085	0.094014686	0.98441632	0.452606719848402	0.45740145	0.011822564	0.9406539675	0.00049254350614	0.0004688522	1.505298175e-05	0.001204648	64.42886	62	2	157	day6_27C_uncut
0.980014863406	0.9823039	0.9500488	0.9934631	0.932373952785	0.937624	0.8630883	0.9696239	0.988110221699	0.9909845	0.9561687	0.9995368	0.958131762874	0.9685982	0.8452584	0.9970633	0.0002392546087325	0.000177128	9.262203e-05	0.0006955454	32.53536	23	13	94	day6_30C_cut
0.8586221432309	0.8778652	0.6400277	0.971172	0.7221607960682	0.7344009	0.5765231	0.8167395	0.9828668827305	0.9899918	0.9220261	0.9997294	0.9574090287608	0.9770598	0.7748079	0.9988613	4.003301472702e-05	2.372214e-05	8.265749e-06	0.0001532648	7.24572	6	4	21	day6_30C_uncut
0.46951672037877	0.4576047	0.03478061075	0.95585615	0.344230342764326	0.3003727	0.0159537405	0.8927131	0.521313132598427	0.53465745	0.03068674025	0.97045198	0.252736536585334	0.17016985	0	0.873047145	0.00061175281016714	0.000186841	9.137636325e-06	0.002087931375	78.24141	24	0	264	day7_27C_cut
0.786880122995213	0.8622208	0.2299843225	0.97639	0.651106835997275	0.7061819	0.1330396875	0.9276669	0.756998995387135	0.8449163	0.111740245	0.9964743	0.57599769736903	0.60598565	0.02773265725	0.9864663	0.0008830746860058	0.00074892745	0.0001209140275	0.002112299275	115.43755	98	16	272	day7_27C_uncut
0.983979783781	0.9871166	0.9563273	0.994453	0.938802797749	0.9447989	0.8675178	0.9747036	0.990819147558	0.9958223	0.9570998	0.999833	0.967073649839	0.9809989	0.860098	0.9989517	0.000715691916735	0.0006297323	0.0004356306	0.00108975	96.96514	83	61	135	day7_30C_cut
0.976401900795	0.9894956	0.8922809	0.9961331	0.874443222915	0.9172472	0.6868818	0.944134	0.997417483078	0.9995252	0.9827525	0.9998256	0.985984341313	0.9957953	0.9347043	0.9984045	0.000301151282103	0.0002614793	0.0002352169	0.0005937254	40.48764	36	32	76	day7_30C_uncut
0.55812762238219	0.58660605	0.0715720185	0.917322305	0.42280485818272	0.42369345	0.0365294605	0.824293595	0.527755623960554	0.54564825	0.033215969	0.9709249	0.28069149780882	0.2067177	8.38485e-05	0.8884366475	0.00061044975673799	0.0003482819	1.020915175e-05	0.0019506569	79.20775	46	1	256	day8_27C_uncut
0.647986302062747	0.6977746	0.1230449	0.9433186325	0.514459640392706	0.5342233	0.07049697075	0.8768365525	0.53961468643525	0.5645146	0.03496208475	0.9709234775	0.306747339026698	0.24383605	0.00828247035	0.887060695	0.001153678979511	0.0010909035	0.000324491105	0.002234652375	149.76077	143	43	285	day9_27C_uncut
0.365544433677961	0.349906	0.01794722775	0.8048425625	0.248828879922105	0.21401635	0.0082813162	0.65903101	0.503132132635074	0.5044457	0.02582102	0.9751730575	0.275877186143401	0.1873344	0	0.9115541225	9.464265410052e-05	5.6013845e-05	3.328055225e-06	0.0003094254375	33.19429	20	0	109	LB_vs_PR_DhighN_vs_lowN
0.529686788047351	0.5656056	0.0303592805	0.9300821975	0.368735464198383	0.35865025	0.01376939225	0.8071308	0.742548874127703	0.833114	0.097185582	0.994925705	0.574772412206515	0.63782545	0.0018515805	0.9853182	4.010498648719e-05	2.2379765e-05	3.10514295e-06	0.000172542855	14.51665	8	1	60	LB_vs_PR_highN
0.50134774158568	0.52269415	0.042972781	0.8916123425	0.371021775141177	0.3600194	0.01977338225	0.7938307325	0.524586157586142	0.53554565	0.02829163875	0.9803465	0.324145722530047	0.24144045	0	0.942900175	0.0001373101514785	5.008932e-05	3.357006525e-06	0.0005349872	48.56046	18	0	187	LB_vs_PR_lowN
0.441288482933597	0.44294505	0.0319457135	0.866987205	0.318289755913861	0.29313595	0.0148789465	0.753809165	0.520867002104329	0.5326199	0.03052761	0.975620365	0.296612287667907	0.2118468	0	0.9249464875	6.862422116187e-05	3.019888e-05	3.287571e-06	0.00037122999	24.32843	11	0	133	LR_count_DhighN_vs_lowN
0.581617155200019	0.6152559	0.05357879625	0.9847596625	0.463578666489442	0.4470177	0.02605701225	0.9711172625	0.558697781446426	0.5855085	0.036468038	0.9822097275	0.372659310246382	0.32029605	0	0.95185037	0.00011471231121371	5.493681e-05	3.454657025e-06	0.0007282766	40.89531	20	0	261	LR_count_highN
0.367460181190201	0.353852	0.021784486	0.8034715675	0.2179471204803	0.202594	0.009501498	0.518202295	0.669195418349834	0.7520397	0.05562671775	0.9934701	0.472356637392341	0.4791707	0	0.9796155	3.673063028672e-05	1.869899e-05	3.150134775e-06	0.000146474865	13.00965	7	0	52	LR_count_lowN
0.370399780758567	0.35805625	0.02136924775	0.7975387	0.254144163124188	0.22484055	0.010618486	0.6483561	0.515124007312771	0.52335155	0.0276360185	0.9768559	0.300534997599944	0.2199911	0.001206728975	0.923039815	0.00012734938304127	6.7350535e-05	4.600064975e-06	0.0005569604	44.99384	24	1	198	LRdensity_DhighN_vs_lowN
0.619956050208991	0.6585309	0.08647325625	0.97734594	0.498494974475003	0.49744095	0.0439012175	0.9545517	0.577014489308543	0.61186865	0.03895192	0.98625516	0.396225879647724	0.3501569	0	0.9658533	0.00012095836373541	4.660636e-05	3.2367227e-06	0.00045927945	43.09867	17	0	162	LRdensity_highN
0.563743434058493	0.578663	0.1622736525	0.882299165	0.400981691567432	0.4054715	0.097705565	0.6749868775	0.734702665346708	0.8194743	0.09674655025	0.9953408625	0.596787969886441	0.6733729	0.00059484772	0.9887710425	1.46462070752e-05	7.855443e-06	2.957167725e-06	7.3853336e-05	5.50334	3	1	27	LRdensity_lowN
0.939005571602	0.9539534	0.7959787375	0.9940623	0.825875289421	0.8415652	0.6036297	0.9596166	0.880069218494	0.9040681	0.638314175	0.9899655	0.6709189704991	0.6635783	0.4092608	0.9513773	7.65479960347e-06	5.651711e-06	2.896082e-06	2.245106e-05	2.89644	2	1	8	LRlengthave_DhighN_vs_lowN
0.90003171689406	0.9411475	0.5498451925	0.9996756	0.842060149989893	0.88889295	0.4246502725	0.99940334	0.695457821920061	0.7613437	0.111722715	0.9912291	0.580383807185622	0.6176871	0.02723432	0.980361895	0.00018572996212488	0.0001126396	5.612039025e-06	0.00056975726	67.08658	41	2	201	LRlengthave_highN
0.962882519254339	0.975254	0.86348339	0.9940595	0.82366148099015	0.8330233	0.6946248225	0.9169914	0.983284732443271	0.9937089	0.9173122	0.9994219	0.934624087921702	0.9492236	0.8071626	0.997158	3.337218365717e-05	2.347788e-05	3.001658e-06	0.0001567755	8.76265	4	1	58	LRlengthave_lowN
0.8909239852315	0.9136836	0.6613613	0.9878724	0.80614602361416	0.83106445	0.5173548425	0.9617097	0.785417641693284	0.8289771	0.34525612	0.9898091025	0.62156981864214	0.6474553	0.143637475	0.9762424	2.611525116158e-05	1.367794e-05	3.07595e-06	0.0001112146	10.27672	7	1	41	LRtot_DhighN_vs_lowN
0.93273970985184	0.9597495	0.70294485	0.9998771	0.87975186000641	0.9156047	0.55266006	0.99978	0.695639663355978	0.75498825	0.09773193	0.9875155	0.538108006169747	0.55222525	0.033684812	0.9680874925	0.00026977179594249	0.00025942435	4.169328e-06	0.0006581413	96.19496	91	1	232	LRtot_highN
0.993608866673	0.996063	0.9751543	0.9996797	0.937387045438	0.9568544	0.8263838	0.9973314	0.985980128301	0.9882417	0.9567149	0.999816	0.90336677335	0.8969465	0.8346139	0.9975716	2.48254073375e-05	2.47937e-05	1.948092e-05	3.071269e-05	6.37352	6	4	10	LRtot_lowN
0.389516873254824	0.37385315	0.02191966775	0.842627395	0.268491144689248	0.23548925	0.011070815	0.6972525425	0.575316185214353	0.61250655	0.03779141675	0.9846706025	0.372807066413267	0.31419245	0.000688951637500001	0.95331911	0.00016051906545582	0.0001059224	3.820609675e-06	0.00052281363	56.88347	38	1	184	PR_DhighN_vs_lowN
0.80659925885323	0.8321459	0.5054461	0.97043787	0.508465234495579	0.5019273	0.2415541	0.805191	0.916063958912786	0.9454854	0.6719959	0.9982148375	0.75205974709337	0.7740428	0.4044288	0.9874708	6.34195405381e-06	5.265328e-06	2.8967648e-06	1.513810825e-05	2.22226	2	1	6	PR_highN
0.355807477927357	0.3227458	0.01345372775	0.842185425	0.207621074869632	0.1745033	0.005949655325	0.576013395	0.631663073873783	0.699357	0.0464835615	0.9905791075	0.400933306135047	0.36449925	0	0.96038988	7.487656692143e-05	2.556109e-05	3.1203605e-06	0.000392919269999999	26.28494	9	0	141	PR_lowN
0.8159744926401	0.8507822	0.46395834	0.9750142	0.6912953884966	0.7174499	0.3226333875	0.9219207675	0.69514708299628	0.74047695	0.16035941	0.9773619525	0.475384872951267	0.4678155	0.02089876	0.9382677925	1.791339650972e-05	9.792878e-06	3.008090625e-06	7.523819e-05	7.03145	4	1	29	PR_plus_LRtot_DhighN_vs_lowN
0.824878678097315	0.88017265	0.34920125	0.9969444325	0.720381681692648	0.76748405	0.2158876	0.9939781	0.635983998125188	0.6942601	0.0546850105	0.9896089	0.463373600093678	0.44791285	0.01333916925	0.9728437275	0.00012899473826257	7.265239e-05	3.624167975e-06	0.000492775324999999	46.51993	27	1	176	PR_plus_LRtot_highN
0.439892163080066	0.33397375	0.009579244925	0.9644369	0.321316954301107	0.1821819	0.004681045875	0.8674463	0.716994349711703	0.8295139	0.06538775675	0.9954433	0.560417881397704	0.6527542	0.00495515190000002	0.9849869	0.00022416796790301	2.946971e-05	3.00073015e-06	0.0007940960325	79.81493	10	1	282	PR_plus_LRtot_lowN
0.611218886619246	0.6664625	0.05910879325	0.9440840075	0.426537395403687	0.4532271	0.02793542625	0.7500888	0.705875158827708	0.8303786	0.04995728625	0.99647952	0.531377266953379	0.6058006	0.000200455767500001	0.9853859	5.878428033634e-05	1.054981e-05	3.116591425e-06	0.0004058527325	21.30176	5	1	142	SA_DhighN_vs_lowN
0.692064004787845	0.7585728	0.09657547925	0.963756	0.534865223003543	0.5701899	0.05168402675	0.86175081	0.651346808004277	0.77073075	0.0333269435	0.9946651	0.485605954547717	0.5329891	0.004046977775	0.978072	0.00014769641497411	1.824237e-05	3.149545525e-06	0.000794305375	52.82043	7	1	282	SA_highN
0.994808946225	0.9963484	0.9865756	0.9995799	0.94395146698	0.9515394	0.9185619	0.976524	0.997418543576	0.9983425	0.9899877	0.9999168	0.981347791805	0.9869071	0.9471794	0.9980159	1.60202128955e-05	1.616741e-05	1.322101e-05	1.707596e-05	3.52632	3	2	6	SA_lowN
0.370005047102989	0.36022	0.01861763	0.7988836175	0.251721201464117	0.22657095	0.008665030575	0.62095148	0.547908370441644	0.57273225	0.0304874905	0.9822131175	0.341854459980586	0.2593704	0	0.9486715	0.00019495113999105	6.913737e-05	3.275068375e-06	0.0006881102575	69.07117	24	0	242	SA_to_PR_DhighN_vs_lowN
0.998361043643	0.9991037	0.9927823	0.99998	0.998957730271	0.9994412	0.9953327	0.9999895	0.996182029411	0.9983756	0.9833528	0.9999761	0.998074224674	0.9986489	0.9933815	0.9999914	0.000363216223608	0.0003441495	0.0003078752	0.0005659515	122.39226	120	106	188	SA_to_PR_highN
0.923510868774	0.936014	0.7796960325	0.9988339	0.79748913213	0.7841468	0.6349787	0.9962548	0.950706213963	0.9726942	0.7932472	0.9991021	0.895292614609	0.92026535	0.7069584	0.99648797	4.59349265607e-06	4.046257e-06	2.886053e-06	8.321096e-06	2.5801	2	2	5	SA_to_PR_lowN
0.945566051336	0.9592845	0.8152112	0.9950265	0.844109378375	0.8558015	0.63528004	0.9795253	0.85907064234854	0.8977903	0.5072771	0.9926896	0.600979443443295	0.5994963	0.1988825	0.9561334	0.0008854164243173	0.0007430368	0.0001014516	0.00197539	74.50697	62	10	153	DTF_Oct_2010
0.982800275242	0.9856601	0.9460495	0.9984881	0.927107767904	0.9332896	0.8116597	0.9916282	0.977539479027	0.9842947	0.9262607	0.9989548	0.904322297298	0.9197489	0.7374059	0.994643	0.001045855847275	0.001073504	0.0006686405	0.001390126	74.62546	76	51	90	DTF_Oct_2040
0.989604398619	0.9959294	0.9412164425	0.9999818	0.973805296573	0.9886011	0.868181	0.9999635	0.818864255393	0.8284407	0.5392219	0.9767559	0.57396863387	0.5600291	0.3037156	0.8549853	0.000571148314891	0.0005465643	0.0002898330175	0.0009942023	50.99709	49	27	83	DTF_Sep_2010
0.987193987203	0.9927714	0.9426625975	0.9999522	0.965433256102	0.9792271	0.8574992	0.999888	0.905608949799	0.9163812	0.7580313	0.985724217499999	0.760659852064	0.75893605	0.5574979	0.9376587	0.00090365577849	0.0009214987	0.000379137055	0.00131532	78.58905	82	34	108	DTF_Sep_2040
0.9090039043128	0.9301031	0.70709094	0.9843912325	0.740480247344	0.7560585	0.45374734	0.9322522	0.854720940238478	0.8906244	0.4528578	0.99269561	0.552521877908494	0.55360305	0.1036236325	0.9469566	0.002277110671074	0.0021542055	0.000658589425	0.004485992	147.30651	140	46	284	108_Area_sweden_2009_1st_experiment
0.796193890944217	0.8313055	0.40814066	0.9961973375	0.663963181741509	0.67607725	0.25384358	0.9913286	0.558187691538736	0.5969706	0.03880468825	0.96000518	0.217477849571342	0.15420535	3.263059625e-05	0.7696725	0.0005703846137602	0.0003305858	1.8011749e-05	0.002294153	39.04967	23	1	153	109_SizePlantingSummer2009
0.968524331946	0.9833148	0.8525979	0.9999472	0.907731680572	0.94026235	0.6492730125	0.9997848	0.82562762541228	0.868663	0.410278	0.9822556	0.52231448323565	0.5364283	0.10417819	0.8759962275	0.002764188818154	0.0030113755	0.0006529666	0.004240171	193.90419	212	45	287	110_Size_sweden_2009_2nd_experiment
0.429532163871712	0.4209001	0.02182623175	0.889183135	0.244084184911859	0.207772	0.0083630588	0.6711321275	0.644290164412076	0.7123956	0.052618758	0.991166475	0.318599209885594	0.23553455	0.000423880595000001	0.9355866075	0.0016868627454377	0.001362343	1.9336854e-05	0.0042692533	117.22156	93	1	292	111_SizePlantingSummerLocSweden2009
0.61312502364597	0.6278648	0.2429263125	0.89670746	0.45550407795026	0.4601707	0.1479887	0.7330546	0.517113770479304	0.5364404	0.03356910025	0.9504221	0.179179822582296	0.1115435	2.70672565000003e-06	0.706383299999998	0.0005811647083139	0.00030705915	2.070313825e-05	0.0024747176	36.24887	20	1	153	112_Area_sweden_2009_2nd_experiment
0.992205407186	0.9939982	0.9714547	0.9999933	0.975698999902	0.9807573	0.9197929	0.9999769	0.981821911086	0.9827953	0.9570652	0.996867	0.946231646641	0.9480856	0.8951623	0.991482	0.000292807198195	0.0002922887	0.0002296858	0.0003647402	42.72066	42	34	51	113_DTF_sweden_2008_1st_experiment
0.70041827505486	0.7635219	0.06624191975	0.961522105	0.3509498207283	0.33979635	0.03145479075	0.719886915	0.873176796417525	0.9303457	0.29716527	0.99738675	0.563759687694325	0.5684331	0.05475513125	0.9677955025	0.0001231942784309	2.084661e-05	1.111469e-05	0.001246226675	11.76238	3	1	117	114_Yield_sweden_2009_2nd_experiment
0.962116950733	0.9702752	0.8842036375	0.993974	0.905260958811	0.91847765	0.755280405	0.9821411	0.756709953461242	0.7967068	0.3176906	0.95393	0.409706733049621	0.4082332	0.05962884625	0.7803227	0.002514261781849	0.002128096	0.0007598514375	0.004698661	159.83478	133	52	296	115_SizeLocSweden2009
0.984345363398	0.9857778	0.9617872	0.9983479	0.813022233629	0.7871687	0.6389358175	0.983054	0.991830964067	0.9940223	0.9757405	0.9997606	0.896784763455	0.9023806	0.7625058	0.9946512	0.000584784206456	0.0005765047	0.0003638672	0.0009066641	35.67244	36	22	49	116_DTFplantingSummerLocSweden2009
0.992526664386	0.9950399	0.9697082	0.9999688	0.970969990745	0.976595	0.909894	0.9998991	0.984481281324	0.9888054	0.9362297	0.9989498	0.942994597662	0.9497182	0.8391321	0.9950156	0.000546230358597	0.00050573	0.0003578335	0.0008021478	69.48168	67	55	93	117_DTFlocSweden2008
0.994341327305	0.9952945	0.983316	0.9994708	0.974752844873	0.9780499	0.9323985	0.9976351	0.980320350782	0.9820794	0.9560624	0.9925034	0.914526894434	0.9212181	0.8170151	0.9597736	0.00135814460798	0.001371619	0.001107854	0.001569566	81.97267	83	69	94	118_DTFlocSweden2009
0.997589844163	0.9988776	0.9883969	0.9999992	0.990609479473	0.995435	0.9527263	0.9999968	0.950119111954	0.9509148	0.9116926	0.9742072	0.801391345026	0.8009915	0.7279627	0.880929	0.00140854099392	0.001422325	0.00114279	0.001742173	88.41637	92	71	104	119_DTF_spain_2009_1st_experiment
0.993547851198	0.9940916	0.9842034	0.9996914	0.948100425265	0.952722	0.8633343	0.9980235	0.995524905285	0.9965101	0.9847241	0.999846	0.964258097615	0.9685983	0.8897511	0.9986607	0.001101244657001	0.001113474	0.0009908653	0.0011948	132.70863	133	121	139	120_DTFplantingLoc2008
0.996804172989	0.9982359	0.9871799	0.9999396	0.989377041729	0.9936303	0.9588405	0.9996708	0.971487096685	0.9726431	0.9510399	0.9869992	0.894663876586	0.8976799	0.8341145	0.9461823	0.000890141774806	0.0009089843	0.0006365516	0.001068268	59.36529	59	52	67	121_DTF_spain_2009_2nd_experiment
0.908957635186624	0.9594695	0.466228875	0.999908	0.811049977493219	0.8702381	0.288399095	0.9997134	0.854973505355296	0.909362	0.28489553	0.9954399	0.674928627671337	0.7197755	0.04385278675	0.9826966225	0.000749722730164	0.00070246	4.810654825e-05	0.001477314	69.35103	65	5	135	122_Yield_spain_2009_2nd_experiment
0.977695132755	0.9817288	0.9352803	0.9950947	0.929322747864	0.9394063	0.8175498	0.9830643975	0.898105484281	0.9184993	0.7051198	0.9779528	0.6813844253582	0.6991758	0.3656889	0.8859382	0.001684086915343	0.001548583	0.0009530799	0.002845396	107.79212	99	70	174.024999999994	123_Size_sweden_2009_1st_experiment
0.977183656495	0.9858774	0.905667715	0.9994197	0.9099855150416	0.9334076	0.7022999	0.9972443	0.968161396199	0.9768529	0.8867657	0.9976203	0.868730804635	0.8859338	0.64648459	0.9881909	0.00185666491789	0.00176716	0.001357354	0.002627166	160.44942	152	124	228	124_Yield_spain_2009_1st_experiment
0.990912465358	0.991559	0.9734457	0.9999063	0.965655718412	0.9673132	0.909972	0.9995383	0.980149516074	0.9821149	0.9531189	0.9989257	0.927967655042	0.9295327	0.8492656	0.9952258	0.001297073996303	0.001281953	0.001017056	0.001619897	82.4122	83	73	91	125_DTFmainEffect2009
0.973696578655	0.9770734	0.9228716	0.9998836	0.928903410582	0.9294962	0.8395169	0.9995742	0.960794390723	0.9674374	0.8855704	0.9974034	0.898183773223	0.9028075	0.7639766	0.9926581	0.0001837043743576	0.0001739579	7.637891e-05	0.0003371406	23.94103	23	14	38	126_DTFmainEffect2008
0.82531409148743	0.8631531	0.4435922625	0.9976152	0.739210265540149	0.7637845	0.32337382	0.9956294025	0.443878682484061	0.43321115	0.0224968065	0.9198223325	0.14702648075673	0.076805005	0	0.6255325	0.0008316974163277	0.00040631915	1.701049e-05	0.00337773455	56.32521	28	0	230	127_Size_spain_2009_2nd_experiment
0.8618290833018	0.8853252	0.6011549775	0.9935399	0.7901295253008	0.80866865	0.4827854025	0.9865254	0.436965892265216	0.4380402	0.027135233	0.875742315	0.123887635513753	0.08835359	0.000257300495	0.4702407425	0.0006486646283224	0.00033477665	2.250877025e-05	0.002720654075	39.84651	20	1	166	128_Size_spain_2009_1st_experiment
0.97680166489	0.9789395	0.945309	0.9931412	0.916617574107	0.9208049	0.8521532	0.9745534	0.995074753224	0.996341	0.9822283	0.9998475	0.98185481849	0.9861717	0.9411134	0.9994325	0.001153103292903	0.00112484	0.0008620882	0.001493739	75.29531	76	65	87	129_DTFplantingSummer2009
0.99132760805	0.9919239	0.9800736	0.9996886	0.96528208876	0.9632794	0.9248621	0.9988534	0.994424050137	0.9962501	0.9786439	0.9999188	0.979071594663	0.9876968	0.9310362	0.9997047	0.000708156280505	0.000715239	0.0005710608	0.000870409	82.59296	81	71	105	130_DTFplantingSummer2008
0.9033652333162	0.9277988	0.6684400475	0.9987562875	0.8046341415459	0.8232689	0.4973834175	0.9957914	0.649546917433418	0.71980125	0.06809525725	0.9710459675	0.300810180639032	0.2626212	0.0087771308	0.8262111	0.003445705179337	0.003544015	0.001439041	0.005002256	212.93198	219	90	298	131_SizeMainEffect2009
0.989585787423	0.9947128	0.9532453	0.9999742	0.968711593564	0.9823356	0.8687382	0.9999159	0.966507506595	0.9701551	0.925249	0.9969488	0.892167537381	0.8907035	0.7886366	0.9900289	0.000736364176477	0.0007341845	0.0005756826	0.0009240464	91.61755	91	70	110	132_DTF_spain_2008_1st_experiment
0.37947857914593	0.36150885	0.02015406725	0.8339646375	0.203113612196718	0.1763115	0.0072287436	0.5568392825	0.637540055878482	0.704992	0.0533637785	0.989116	0.29462203066619	0.2101979	0	0.9198276825	0.0002576250041398	0.00011972155	1.406614725e-05	0.001335228425	20.82753	10	0	105	133_YieldPlantingSummer2009
0.996429068685	0.9980612	0.9838399	0.999998	0.988693227408	0.9936569	0.9491818	0.9999944	0.97122067537	0.9735836	0.9419575	0.9879665	0.907497312306	0.9122665	0.8366332	0.9569827	0.00138574717301	0.001377414	0.001135952	0.001692473	87.96324	87	75	104	134_DTF_sweden_2009_1st_experiment
0.618423169580348	0.66803525	0.0611365845	0.9703523825	0.424093223460177	0.4080078	0.0264525975	0.8920496	0.674365754568881	0.7550112	0.0623526305	0.9918548	0.368028809607021	0.3104548	0.00757147565	0.9459352	0.001811560577128	0.001844479	0.0001385824125	0.003435792075	134.38232	138	10	249	135_YieldLocSweden2009
0.99614738956	0.998553	0.9812074	0.999976	0.988996090024	0.9954937	0.9523993	0.9999548	0.986634893466	0.9864018	0.9749537	0.9988582	0.964007853763	0.9619791	0.9414556	0.9957987	0.000697019528872	0.0007002396	0.000566138	0.0008568132	85.9412	86	76	100	136_DTF_spain_2008_2nd_experiment
0.8109409762729	0.85494395	0.41041377	0.9771595	0.589135069389	0.5831357	0.322737125	0.8629956	0.9388309940836	0.96793795	0.702904605	0.9989221	0.8333747665002	0.8718488	0.473670705	0.9948168	0.0007781586071897	0.0006998851	4.412475e-05	0.001725037	51.02751	47	4	106	137_YieldMainEffect2009
0.453123637364022	0.44328665	0.022039305	0.9379433825	0.297565967022188	0.24605645	0.007627440375	0.836052275	0.571748058441378	0.60783905	0.0379002815	0.982905145	0.230677687180307	0.13363785	0	0.8759057025	0.0002775055244668	0.00011090665	1.27583565e-05	0.00156289625	24.43009	10	0	138	138_YieldPlantingSummerLocSweden2009
0.718431026123611	0.7787435	0.17904737	0.9678925	0.575801887288354	0.6084893	0.093887425	0.9139193025	0.546862860420651	0.5730664	0.034730649	0.9708102	0.230407957267361	0.14915	9.13643317500004e-05	0.823044475	0.0007908004587714	0.000415431	1.486253925e-05	0.002790873	68.46947	37	1	239	139_Yield_sweden_2009_1st_experiment
0.998691590074	0.9993839	0.9935534	0.9999792	0.995222723507	0.9974854	0.9784267	0.9999308	0.971254142876	0.9741536	0.9490378	0.9866943	0.887984926471	0.8886075	0.846484	0.9365601	0.00139577337147	0.001411951	0.0009871604	0.001810981	76.00036	77	65	86	140_DTF_sweden_2009_2nd_experiment
0.992377136031	0.9942844	0.9735873	0.999901	0.983803919959	0.9871698	0.9550563	0.9997087	0.984173642693	0.9870605	0.9551017	0.9982503	0.9667318504	0.9673024	0.9323438	0.9965401	0.000392424419081	0.000387272	0.0002992181	0.0005054154	48.96242	49	39	56	141_DTF_sweden_2008_2nd_experiment
0.495321913248461	0.51528125	0.037281323	0.896704015	0.407972263612879	0.40550255	0.01993441175	0.8353758475	0.501947584523755	0.50514765	0.0258488585	0.9725854725	0.308413199073153	0.2250372	0	0.93012308	0.00011288266336244	5.9689285e-05	3.479290825e-06	0.00053634824	40.19543	22	0	192	D2_entrance_per
0.447491884595465	0.4480378	0.02490691	0.885505105	0.358125956417087	0.3348341	0.014821315	0.8136269675	0.546101343289794	0.56853915	0.032206603	0.9808044	0.380361096900973	0.3245274	0.006228201325	0.9535491075	0.00042647231303216	0.00048058535	6.359804275e-06	0.0008474063675	153.20768	175	2	295	GEMINATION_4D_per
0.842761487385038	0.9557523	0.1686413575	0.9999612	0.815277965033645	0.940916	0.105645235	0.9999262	0.537432480549296	0.5525512	0.035336764	0.9696447	0.416624406655652	0.41233225	0.001141276	0.9458914	6.969418583174e-05	2.870371e-05	3.487598825e-06	0.0003073194	25.40956	11	1	108	GERMINATION_1D_per
0.494209130924947	0.4868643	0.08976757625	0.920496285	0.36328213618202	0.33784865	0.05634761925	0.8008625625	0.513900826784221	0.5312724	0.03111097675	0.95186706	0.192448398613596	0.12867285	0	0.730345672499999	0.00073527054756341	0.00030061765	1.0027059e-05	0.002617859075	82.81851	35	0	294	Direction_index
0.494719814878119	0.49579765	0.1000525525	0.881568975	0.361676766648734	0.3466339	0.063190054	0.7346231675	0.507397264081429	0.52031695	0.02963147875	0.953234225	0.190632961136174	0.1188466	0	0.747185557499999	0.00051099143282235	0.00028108315	1.0818649e-05	0.002001405275	57.36033	31	0	224	Root_angle
0.8803902068504	0.9097546	0.6071033775	0.9920682	0.7384319874814	0.7588357	0.4002852075	0.969256967499999	0.92544032102447	0.9615949	0.643343605	0.9985832	0.830757690894497	0.8848174	0.401879515	0.9949425	0.0005937348727949	0.0003247774	4.21306175e-05	0.001826753925	100.03742	57	8	297	NC_0557
0.381950846832346	0.3328883	0.00870507395	0.89967105	0.164959338410304	0.12759605	0.003210491525	0.53818156	0.731764927527763	0.83473415	0.078636572	0.99638222	0.409180849180944	0.3826471	0	0.9643787125	0.00011115540197996	2.211734e-05	6.400306625e-06	0.0006362243	18.2769	4	0	104	NC_0570
0.921883852476	0.9541188	0.6780936	0.9991915	0.772343548138	0.77012395	0.5465728	0.9949934	0.964000737359	0.9782706	0.8398211	0.9991979	0.876429049307	0.8927361	0.6739281	0.9948104	8.871769016366e-05	9.713363e-05	5.96816e-06	0.0002538597	18.52404	18	3	52	NC_0596
0.800191552037278	0.8415883	0.352200655	0.9991441	0.573081742352195	0.5527003	0.1583573825	0.9949268	0.883445218493464	0.935617	0.4811709	0.9976378625	0.676560690296534	0.7194205	0.1764459375	0.9849935	6.223901025729e-05	2.785079e-05	6.595213575e-06	0.0001966533125	11.07763	6	1	32	NC_0662
0.880069632966	0.901617	0.64362371	0.9971877	0.6265816789567	0.6151513	0.3441148	0.9861702	0.924294459217	0.946108	0.7329926	0.9974317	0.70407156004131	0.7078419	0.37182351	0.9820816	4.646928801407e-05	2.575847e-05	6.458683e-06	0.0001903244	9.22612	5	2	37	NC_0674
0.823862568763	0.864247	0.4491562175	0.9960586	0.752045330526	0.7608206	0.4561753	0.9912968	0.8119496114616	0.85075995	0.4279136	0.9928816	0.745643094004	0.7488161	0.4673564	0.9810961375	6.033487095946e-05	4.7750615e-05	7.8453243e-06	0.0001795756	11.27181	9	2	31	NC_0704
0.436165543450031	0.4194209	0.0187836635	0.93069872	0.249808564651841	0.21058935	0.0071806479	0.7190327	0.716846554331506	0.8079253	0.084700163	0.99407671	0.446295020874993	0.4452943	0	0.9688629	7.254656354475e-05	4.582885e-05	6.3622879e-06	0.0003091495025	13.0633	8	0	56	NC_0705
0.436462070780729	0.44082875	0.021419468	0.869311774999999	0.278123632374563	0.2709853	0.0081856286	0.6624398125	0.747179367862662	0.8272348	0.119626225	0.9941402225	0.549870513045858	0.61212445	0.000311208365	0.9800984	8.901718789875e-05	5.1774195e-05	7.1481045e-06	0.000385731215	14.90157	9	1	64	NC_0734
0.857272775047271	0.92492495	0.3646156425	0.9990538	0.771904582535278	0.8284116	0.2528970675	0.9980393	0.763826359532763	0.8503749	0.1700125775	0.9878471725	0.574177929909934	0.661016	0.0188436975	0.948150915	0.00013152964754815	7.543458e-05	1.479187875e-05	0.0005095393	23.94252	15	2	86	NC_0790
0.65268863152749	0.72234905	0.04754476025	0.998603925	0.534918554950301	0.54527035	0.01885259375	0.9972975025	0.500918379614982	0.5051083	0.02587133325	0.971731085	0.228558054556988	0.14836025	0	0.8549156	7.600425334809e-05	3.145457e-05	5.94896875e-06	0.0005491439	13.94717	6	0	102	NC_0928
0.437255411084508	0.44792235	0.020688151	0.8527601	0.232082911345567	0.22949475	0.007862022075	0.53136293	0.828450994515984	0.9138761	0.1800199775	0.9978316	0.649272163288317	0.7475256	0.00622726815	0.9907508	8.238168372089e-05	4.707987e-05	6.6880797e-06	0.000383296264999999	13.8346	8	1	63	NC_1008
0.878468664153352	0.9247822	0.3463808125	0.9969635	0.684586935490687	0.7009952	0.1833756	0.9859879	0.94184803525453	0.9698901	0.6728990975	0.9991744	0.824474847540544	0.8569432	0.350062525	0.9937846	0.00023294428283128	0.0001193259	1.916038e-05	0.001097897025	46.25778	27	4	217	NC_1036
0.965799858554	0.9838868	0.8275059825	0.9999858	0.906923987498	0.9449217	0.6307558	0.999929	0.883408793328	0.9016231	0.681657	0.983091	0.698211034934	0.6839272	0.5505761	0.9212426	3.202444005967e-05	2.695838e-05	8.946992e-06	8.113418e-05	7.25679	6	3	17	NC_1057
0.317030263520474	0.2574396	0.0085592264	0.8642407	0.158082115425983	0.1116951	0.003321990625	0.5603502275	0.679710749244923	0.7650382	0.0605745885	0.994552665	0.383704166506382	0.32484875	0	0.9645563975	0.00020629705914707	8.782251e-05	7.004228e-06	0.000994900927499999	33.94097	15	0	169	NC_1092
0.88694362518078	0.929949	0.52471493	0.9965612	0.80534949416495	0.8435772	0.42945961	0.9889061	0.8643826175759	0.9305062	0.397888835	0.9976548	0.779513128052093	0.8371138	0.2952956625	0.9926476	7.470101192788e-05	7.2123e-05	5.871827325e-06	0.0001606218	21.08431	21	2	44	NC_1111
0.690733354531366	0.76147825	0.0849526275	0.9966689	0.515902882085058	0.50966765	0.0386316	0.9878468	0.736834075197548	0.8284856	0.09566922	0.992541995	0.480972544836399	0.5014623	0.004018001275	0.959475425	0.00023361002751824	8.5022075e-05	7.80317825e-06	0.001185943125	38.98385	16	1	193	NC_1125
0.924343760836972	0.9584737	0.669616275	0.9998293	0.860969570336778	0.876887	0.6193048	0.9991108	0.92457052602715	0.9580359	0.6541808	0.9978727	0.863928492262454	0.89396565	0.526339375	0.993670125	4.886938340301e-05	3.555316e-05	4.94004e-06	0.0001206162	12.67669	10	3	29	NC_1142
0.908172270600758	0.9667781	0.33979575	0.999962	0.794366930649559	0.8702942	0.1654424875	0.9998895	0.906659158495712	0.9415995	0.56595173	0.9956678	0.737919675924037	0.7744491	0.247507235	0.9774394	0.00030035008319984	0.0002560929	2.8356524e-05	0.000702152	55.34665	48	7	122	NC_1201
0.875520997444	0.9227845	0.532879775	0.9978077	0.738384902116	0.75560005	0.4208075	0.9894087	0.896266993744	0.9329896	0.590592455	0.9968979	0.767645999014	0.7773406	0.482108635	0.9846458125	7.186004589899e-05	6.270509e-05	7.817124325e-06	0.0001870661	13.32714	12	2	31	NC_1213
0.989049858964	0.9938484	0.9487271	0.9999351	0.965134823311	0.97814	0.8624872	0.9998224	0.962267605787	0.9676216	0.8984689	0.9958082	0.885868195904	0.8868038	0.7706557	0.9843093	0.000244234696757	0.0002291949	0.0001416027	0.0003944166	46.28831	43	28	75	NC_1260
0.865643312432133	0.9297796	0.220777395	0.9995292	0.826435064816267	0.88066505	0.1274307525	0.99924422	0.837073550118013	0.8821818	0.374586505	0.9943949	0.78075275895965	0.8156161	0.106490485	0.9872809625	1.267135886089e-05	9.403039e-06	2.642484e-06	4.36324129999996e-05	6.40283	5	2	18	NC_1295
0.9297488161472	0.9641782	0.6462425	0.9994038	0.8242816633953	0.8537812	0.4799037	0.997926455	0.90942711413386	0.9465926	0.6015366	0.9974548	0.768658825580439	0.7969417	0.4088838	0.9850031	8.986970429258e-05	9.477313e-05	8.24780505e-06	0.0001621185	18.18895	20	3	32	NC_1334
0.267039274664387	0.2260088	0.01005125225	0.730134284999999	0.14393802562466	0.10917115	0.003870767375	0.4660800075	0.583563226411574	0.62482915	0.03959274075	0.9856160525	0.259262228484769	0.1644009	0	0.907640045	0.00038264667198122	9.0402245e-05	6.7517155e-06	0.001541210375	62.75677	15	0	247	NC_1379
0.9051650244957	0.9443023	0.5919750875	0.9998056	0.8265113769654	0.87249875	0.4320057275	0.9995742	0.702841084704862	0.7754387	0.103998375	0.9841656	0.475737588473403	0.4887358	0.005710407325	0.9338017	0.00031798673203137	0.0001408137	1.0818382e-05	0.00114828115	53.80013	25	2	184	NC_1383
0.74747868718265	0.79169815	0.3008876	0.98133742	0.62536336628705	0.62638975	0.28389426	0.9537196	0.81706663270903	0.8645856	0.3895822	0.9925639225	0.711028994252782	0.72343455	0.362185195	0.9772286	0.00012790005767422	9.362683e-05	7.5121182e-06	0.0003969612125	21.91905	16	2	65	NC_1393
0.295034882433379	0.2454941	0.01132327	0.8121073	0.170872079245522	0.12803455	0.005451293375	0.574586325	0.614134811277822	0.67145755	0.04627326225	0.9877055075	0.350600870512166	0.283742	0.00860735395	0.9387506575	0.0008692786085791	0.00081992135	0.0001333625	0.001676522825	157.56658	150	24	296	NC_1422
0.754126196888169	0.8431608	0.1074928725	0.9983557	0.630306669241673	0.6797756	0.05965618725	0.9949647	0.804911615918031	0.8657257	0.2192306275	0.9918448	0.610507907746784	0.6591181	0.002714656	0.9731018	9.09245524381e-06	6.6528335e-06	2.550009725e-06	3.016762e-05	4.7946	4	1	14	NC_1427
0.972651967924	0.9858219	0.872164705	0.9999735	0.935261965532	0.9628176	0.7260615275	0.9999454	0.86425513508556	0.8815467	0.6401087	0.9845426	0.69551808420178	0.6992697	0.407215405	0.9388948	0.000511714181859	0.0004330432	0.0001986801825	0.001065624	85.46692	74	34	166	NC_1433
0.93131664304	0.9560138	0.7157895175	0.9997992	0.886343819229	0.8995696	0.6900761	0.9994588	0.872388036335	0.900892	0.5840202	0.9929943825	0.804108986848	0.8021941	0.5808231	0.9809384	5.098228923502e-05	3.996876e-05	8.060249e-06	0.0001678837	10.12603	8	3	29	NC_1474
0.883208893756634	0.9426315	0.42714291	0.9998205	0.905062993571977	0.9571349	0.4208571775	0.9998772	0.708078336999025	0.76306595	0.11501827	0.9839179	0.757890436890318	0.84757345	0.03187669375	0.988296	1.579414769728e-05	3.94429e-06	1.889366e-06	0.000148792695	9.1296	3	1	82	NC_1542
0.756160459378996	0.8445748	0.10840373	0.9993039	0.675938773288161	0.7509644	0.0543773275	0.9985785	0.730620107017013	0.8009475	0.131828215	0.9931527	0.643144505037362	0.71842145	0.0194422405	0.9879475	4.821864970951e-05	1.994564e-05	2.460385025e-06	0.000203530965	23.20883	10	1	94	NC_1548
0.982622039418	0.9898921	0.926347	0.9999722	0.959536217516	0.9714832	0.8565388	0.9999583	0.964811205959	0.9710417	0.8865924	0.9975792	0.921268885407	0.9225735	0.8212866	0.993202	2.93645312129e-05	2.950419e-05	1.747076e-05	4.104588e-05	10.35836	10	7	15	NC_1971
0.292189608277025	0.25083685	0.01327490275	0.7666318	0.15502906907263	0.1231918	0.00475089385	0.4754685925	0.59136844397378	0.63737185	0.0424280575	0.9849758875	0.239105238472859	0.13700125	0	0.8926879725	9.587161049096e-05	2.72208e-05	6.4170225e-06	0.0006365743575	16.01833	5	0	108	NC_2426
0.546243417547646	0.57036285	0.038181081	0.978346	0.39088989596287	0.36023905	0.01468352625	0.9422327	0.640103842134231	0.70399275	0.0598822485	0.9884746775	0.374437709443852	0.3346887	0	0.9501843025	0.00027252987447289	9.065095e-05	7.15864945e-06	0.0013791494	45.10108	16	0	225	PC_0435
0.70587639668502	0.7411192	0.233577595	0.9407602	0.404812162873657	0.3970479	0.1061074775	0.6958271	0.902124216400352	0.9436574	0.5670354975	0.99819421	0.732798162685813	0.768329	0.237915995	0.988176	3.050906848241e-05	1.6834395e-05	6.321187e-06	0.0001237164	5.07779	3	1	22	PC_0441
0.885630577443851	0.9753148	0.2750876075	0.9999009	0.814677093166679	0.922347	0.16595231	0.9996977	0.728184629007639	0.8323808	0.08152233	0.9858714	0.476100436655676	0.507096	0.0031339123	0.9128295	0.00016272051963542	0.00014206935	9.440236775e-06	0.0003723339	27.84939	25	1	66	PC_0446
0.903120523937	0.928577	0.6444948	0.9993855	0.795662580197	0.8034204	0.50235126	0.998202	0.8511305539393	0.8911384	0.4848393075	0.9932998	0.677438533348	0.68101645	0.3441683	0.972060225	0.00013577389079708	0.0001091846	1.110762e-05	0.0003890295	23.08939	19	3	64	PC_0448
0.810530842523465	0.9079291	0.1667964275	0.9998713	0.754452149427318	0.8606177	0.08307719425	0.9998	0.317286862197794	0.27404885	0.0120160215	0.8418069275	0.0769342443724689	0.036395015	0	0.4008626725	0.00019540779529454	5.222775e-05	6.701449575e-06	0.0009813610075	31.80527	9	0	158	PC_0451
0.996484363803	0.9978333	0.9882179	0.9999782	0.962620572197	0.969845	0.8852369	0.9998319	0.988436386299	0.9903067	0.9685376	0.9986754	0.884193239195	0.8814602	0.8133924	0.9833186	9.65777681538e-05	9.815724e-05	6.607868e-05	0.0001197711	12.95488	12	9	19	PC_0454
0.423109709720146	0.40075745	0.016992823	0.9426613425	0.301298761002735	0.24373385	0.007547295575	0.879882299999999	0.53239909685396	0.5487436	0.02997679425	0.9796468	0.297894479302685	0.21368335	0	0.9259894	4.871382889886e-05	2.572699e-05	2.53451985e-06	0.0002003361	21.72811	11	0	87	PC_0455
0.750892447552691	0.8094862	0.1817306475	0.9978989	0.59314208739819	0.59662465	0.09009375475	0.9937888025	0.767080995606852	0.8213932	0.271304935	0.9902753	0.54634378791897	0.54904275	0.05737637125	0.9622903475	0.00012225000338681	3.6020155e-05	6.521394e-06	0.000701281695	20.91877	7	1	116	PC_0490
0.391503809636586	0.3693405	0.025313236	0.866271605	0.260139440406931	0.21893645	0.00987881255	0.72122523	0.523349263766265	0.53679035	0.0295053525	0.9720067575	0.201250064098265	0.1074617	0	0.83410786	0.00013205205739242	4.244279e-05	6.63916e-06	0.000692730045	21.47174	7	0	112	PC_0499
0.409695753358436	0.38558645	0.023377083	0.911320825	0.280054892403917	0.227653	0.008810381775	0.82369511	0.509945588190925	0.518437	0.0273352715	0.9722528	0.185163667016669	0.092591135	0	0.818615315	6.635724571285e-05	3.4619155e-05	6.71532655e-06	0.0003302865425	10.72454	6	0	53	PC_0500
0.451622292576262	0.43260865	0.01922296225	0.9682568775	0.322354909705991	0.2531831	0.007837887	0.9346886175	0.53178838693232	0.54671865	0.0301013035	0.9806653	0.245092507484509	0.1527449	0	0.8918383875	0.00033820065825602	0.00018856785	7.4212313e-06	0.001654165525	55.7218	31	0	275	PC_0506
0.7212871212504	0.7402396	0.366328285	0.978365595	0.687891556241	0.6893004	0.4033715375	0.9604158325	0.467835449509113	0.47542065	0.03011455225	0.9024298075	0.134066620666152	0.08890491	5.068119e-05	0.507960737499999	0.00023333851120047	0.0001401906	7.747577375e-06	0.00076118	38.57386	23	1	124	PC_0512
0.984877411409	0.986716	0.95843	0.9956965	0.856821984361	0.8617134	0.7584215	0.9388736	0.99547578592	0.9968485	0.9808871	0.9998263	0.956598711535	0.9693584	0.8654284	0.9984269	0.0001239813331585	0.0001314658	3.848625e-05	0.0001730401	17.65809	19	7	22	PC_0526
0.940910208737179	0.9715099	0.24921777	0.9917314	0.70603643130346	0.727052	0.1208040725	0.9090651	0.978435498119833	0.9952884	0.8314699025	0.9997114	0.905395942815304	0.9383248	0.46668603	0.9957064	6.92753008488e-05	5.032686e-05	2.272389e-05	0.000468344935	13.52981	10	6	79	PC_0544
0.614143942715095	0.6571349	0.06220442375	0.9904887175	0.459860065099524	0.4442877	0.02666856125	0.9741967025	0.631820710373051	0.6928824	0.05497052425	0.9868881775	0.368204963102634	0.3207698	0.000576629297500001	0.9423032	0.00054543349215601	0.0004607423	8.197926825e-06	0.001760067	90.06319	78	1	284	PC_0546
0.66004890918665	0.7136822	0.09062993925	0.9892403	0.468062861857368	0.45986685	0.040453896	0.9570828975	0.798998647207826	0.8834879	0.17075877	0.99634776	0.60131943235025	0.6603239	0.02295480175	0.9851487	0.00042228279250565	0.00031158875	2.070579e-05	0.001185737	69.98598	53	4	190	PC_0552
0.72112244278467	0.74202225	0.36632314	0.965248235	0.479556075756702	0.45511335	0.2341574375	0.8710018	0.891336642596147	0.9332008	0.5596218775	0.9981294	0.757519483376066	0.7931564	0.3553388	0.9920406	1.918738758403e-05	1.39003e-05	6.2749096e-06	5.746124775e-05	3.87391	3	1	11	PC_0558
0.26824411759371	0.21790845	0.008072368975	0.766974427499999	0.138469960827787	0.09811401	0.003160865275	0.4937556	0.622320395033617	0.6809249	0.047580114	0.989701975	0.31260895513868	0.2250088	0	0.93955516	0.00034826346499214	0.0001798236	6.924151025e-06	0.001337387	57.06921	30	0	216	PC_0570
0.701119405323755	0.7775597	0.09168044675	0.9801443775	0.540494842041354	0.57316295	0.0396942245	0.9460695	0.755987629593204	0.83943365	0.1104547625	0.9921448	0.547803174300276	0.61017925	0.00310521185	0.9684860525	9.5272547811e-05	5.133208e-05	7.078751875e-06	0.000576126359999998	16.47119	10	1	95	PC_0601
0.976035863603	0.9829242	0.9111038	0.9999947	0.898445392949	0.9179854	0.6886403	0.9999647	0.967770341641	0.9743079	0.891648	0.9981826	0.8673233238168	0.8656708	0.677092	0.9914735	0.0001436454152072	0.0001492739	4.832791e-05	0.000296867	25.54122	26	13	44	PC_0615
0.676625459541306	0.7345552	0.08330346525	0.9991836	0.526988938376619	0.52132085	0.0378779335	0.996565675	0.683639732164077	0.76643845	0.0706156215	0.98956	0.434195543493934	0.42599	0.0059675559	0.9497809	0.00063504469038675	0.0005068442	1.3593264e-05	0.001752905875	105.11397	82	2	286	PC_0626
0.548360580139442	0.5575909	0.0638111015	0.9837873	0.419182237629153	0.3804018	0.0318622795	0.9673812	0.520960597043205	0.52942995	0.0274929575	0.978953675	0.247943379961916	0.1421464	0	0.90542713	0.00030836227923459	6.830019e-05	6.7452699e-06	0.0012667967	51.38098	12	0	210	PC_0631
0.466332935970737	0.4416441	0.031327674	0.9978008	0.334637688928675	0.2752224	0.01294430825	0.9933502	0.571750656566228	0.60639165	0.0369535365	0.975941225	0.27890436153046	0.18255815	9.31006e-05	0.8722768925	0.00025121309430064	0.0001467655	8.1358653e-06	0.000949630109999999	41.26765	24	1	157	PC_0633
0.372551455828634	0.3385515	0.01869473975	0.8711906	0.223557518878828	0.18308175	0.0078466492	0.6508766325	0.588365958576355	0.6356284	0.0386455735	0.9843469	0.27206655111899	0.1849826	0	0.8965287	0.00018468032708969	9.7492935e-05	7.2150964e-06	0.000673912435	30.0768	16	0	107	PC_0635
0.423082077185866	0.40652425	0.01222756125	0.90552529	0.210505514691516	0.17246075	0.0044474336	0.5988251975	0.731683985369618	0.83626195	0.079063545	0.9961815	0.431803956986237	0.4312172	0	0.9706925	4.89309477136e-05	2.076414e-05	6.280604625e-06	0.0002531498775	8.48559	4	0	44	PC_0638
0.576229524786085	0.6020966	0.03367306825	0.9978488	0.518620634473664	0.51090515	0.019947979	0.99706662	0.550529769219751	0.57426975	0.03534656825	0.9816760875	0.431467406587688	0.40357795	0	0.9716662	0.00016220748545927	0.00010191415	3.23360175e-06	0.0006060443875	62.07021	40	0	231	PC_0642
0.410120730103582	0.3965235	0.01794209225	0.887228815	0.283882900946091	0.2354645	0.006899362125	0.7903572025	0.514757647669305	0.5203722	0.02842650525	0.9765655625	0.222186591667744	0.1221994	0	0.88002237	0.00018623997662023	8.918456e-05	6.9168422e-06	0.00085613528	30.25991	14	0	141	PC_0658
0.441739876406236	0.41763085	0.026239098	0.969255335	0.282295147686491	0.22650175	0.01131724825	0.9043403	0.640476771024518	0.70781315	0.0534051015	0.9892826	0.344100316018566	0.2764234	1.66586277500003e-05	0.9388748625	0.00044136318341677	0.000220723	7.343623325e-06	0.001410227425	72.6794	36	1	229	PC_0673
0.649789059940034	0.69375355	0.10915072	0.9775386575	0.458336323865173	0.44464395	0.0487284205	0.9387524525	0.73204609553288	0.80616595	0.1197808875	0.9917631575	0.487842792113827	0.49255105	0.01634680625	0.962302705	0.00041103475850606	0.0002580615	1.6587671e-05	0.00163579235	68.1874	43	3	267	PC_0684
0.6092697329546	0.6233587	0.2345976025	0.91445892	0.4840152024857	0.4717426	0.2698471675	0.76515616	0.8425917643442	0.8877238	0.4543095575	0.9961713	0.786355342201	0.8077888	0.4689453775	0.9910429	3.805267445775e-05	2.3063405e-05	6.7807404e-06	0.0001574762	6.8517	5	1	25	PC_0688
0.607844644330037	0.65485455	0.0477175285	0.9928479475	0.472332941247056	0.4585135	0.0201240665	0.984705375	0.575113600187569	0.611701	0.0404762925	0.98382914	0.318088660623272	0.2457142	0.000566736727500001	0.92951048	0.00036560654629493	0.000306585	8.271916875e-06	0.00105246905	60.2425	51	1	170	PC_0709
0.238935432047989	0.1862962	0.006929645775	0.730534145	0.12901186228417	0.089069565	0.0031379064	0.4759562025	0.59978519511548	0.6491039	0.04161661	0.98826806	0.322939043477269	0.24618245	0.003294484	0.9345833625	0.00107581843537737	0.0012872215	1.100788925e-05	0.001877932425	176.8693	213	1	297	PC_0712
0.668997201373029	0.7433259	0.05653655675	0.9989316	0.560847911083381	0.58676975	0.02357329275	0.997781385	0.506667124703833	0.5180032	0.02957266125	0.9628562525	0.225048010569678	0.1550953	0	0.812957955	0.00011027077308561	6.3819885e-05	7.0319172e-06	0.000504322415	18.31831	11	0	82	PC_0785
0.663955799126479	0.72905945	0.06113160225	0.9969325	0.547162404278448	0.56985815	0.024616713	0.99413814	0.458501655800228	0.44029405	0.022115989	0.9640013375	0.167792003862813	0.087863595	0	0.7661964425	8.471430908032e-05	4.1141005e-05	6.7552976e-06	0.0004142725075	13.83677	7	0	69	PC_0846
0.877959049796867	0.94415995	0.3987026425	0.9998449475	0.839037749390427	0.9167375	0.2871896675	0.9997573	0.320028494580455	0.28054995	0.01261421	0.81865229	0.0968500067425929	0.05481339	4.90134992500012e-06	0.445190919999992	0.00035714208820896	0.0002657943	7.797106e-06	0.001183664125	58.61708	44	1	202	PC_0858
0.971299756851	0.9824806	0.883099	0.9997922	0.904744649067	0.908027	0.7766074	0.9990721	0.956460753318	0.9681502	0.8503495	0.9994874	0.87315972807	0.8631097	0.7603895	0.9914167	3.133573131935e-05	2.139594e-05	9.888383e-06	8.744679e-05	6.5661	6	4	12	PC_0866
0.930679761777	0.9494391	0.7662437	0.996588	0.838828793856	0.841416	0.6863504	0.9839713	0.913955387613	0.9396146	0.706507175	0.9931615	0.775791644337	0.7801136	0.5636652425	0.9646636	4.199575139884e-05	3.18035e-05	8.119177e-06	0.0001064277	9.33906	8	3	22	PC_0932
0.202540170263961	0.1488839	0.005503085	0.6740806075	0.084090581206898	0.058393485	0.00189336185	0.3072795275	0.63713305215876	0.7043453	0.05044263225	0.9920325925	0.27283042320904	0.1605836	0	0.933873	4.786533229897e-05	2.822802e-05	6.666802e-06	0.000184154185	7.61244	5	0	29	PC_1145
0.886201292656555	0.9193021	0.5699510675	0.9994322	0.806716493035329	0.8333188	0.44036889	0.9987137	0.805964882436357	0.8597757	0.3333929	0.9930795	0.682788595154943	0.7140283	0.2131236875	0.9803114	0.00022018676446875	0.0001886507	1.657155e-05	0.0005894778	39.2152	34	4	102	PC_1181
0.763195721958859	0.8248213	0.23189598	0.9992863375	0.68631041262759	0.72415895	0.1707054	0.99855	0.535227063153952	0.55502605	0.03352498025	0.9630354	0.309214765104398	0.23924315	0	0.882652457499998	0.00014640405775837	7.188307e-05	3.156992875e-06	0.000514364864999999	57.74318	29	0	196	PC_1237
0.659931860275857	0.71432675	0.0731956955	0.9981489675	0.551447824361438	0.56419435	0.0321733845	0.9963608	0.489413691723166	0.4895368	0.02519313475	0.9616862975	0.225101491344957	0.13497005	0	0.843148249999999	0.00025789554548608	0.00011414735	7.155168275e-06	0.001098042025	42.46753	18	0	181	PC_1246
0.91426716807899	0.9534419	0.6166499675	0.99974611	0.89831822237229	0.9334209	0.61525	0.9996611	0.8318196591278	0.8589121	0.5187521	0.98821458	0.813163574824498	0.820303	0.5761605	0.9816053	6.96376646078e-06	5.769727e-06	3.07637e-06	1.651008e-05	3.30647	3	1	7	PC_1248
0.32013002541214	0.2818206	0.01492143575	0.8171438525	0.190283176833473	0.1529909	0.0068064753	0.580776837499999	0.59318964463931	0.63823255	0.0405387425000001	0.98553705	0.312725561872514	0.2337627	0.0024510132	0.9261392	0.00085055958581832	0.0009526661	1.0315598e-05	0.0016467968	139.93072	157	1	265	PC_1265
0.835742985929234	0.9151221	0.2676313425	0.9997205	0.845872493613509	0.9266316	0.2236932075	0.9997484	0.711537120804619	0.7678192	0.1537600725	0.9889829	0.737591038167528	0.82396355	0.04383619625	0.9933661	1.50599238421e-05	7.704469e-06	1.948051e-06	0.0001066838875	9.40973	5	1	62	PC_1274
0.63789430114676	0.6832607	0.070190976	0.997116	0.500441178530976	0.48348175	0.028074636	0.9944279325	0.538351527683425	0.5606994	0.03578394675	0.9758763925	0.236436715943122	0.15534605	0	0.860438474999999	7.826444117481e-05	2.803797e-05	6.474166e-06	0.0004455342325	13.09821	5	0	76	PC_1322
0.559143454709674	0.5837361	0.0595206895	0.959523235	0.394786340591923	0.3740224	0.02541031325	0.882081132499999	0.644127437805132	0.710844	0.054154765	0.99152868	0.393982034759394	0.34524315	0.001079686	0.964695605	0.00030411951592746	0.0002501295	8.329905725e-06	0.000939527839999999	50.39915	42	1	152	PC_1401
0.995312338934	0.9968817	0.9822431	0.9998192	0.97529320236	0.9834661	0.9215495	0.9989464	0.98885607409	0.9889973	0.9761627	0.9982164	0.940449539357	0.9428779	0.8641179	0.9906166	6.52790009687e-05	6.419402e-05	5.966919e-05	7.851958e-05	14.60158	14	12	20	PC_1410
0.521463942418716	0.51610415	0.0405812875	0.98301004	0.379087608414908	0.32090025	0.017742911	0.9600610125	0.601578047783779	0.6465651	0.0418959685	0.990405275	0.322974948599825	0.2282546	0	0.9599519525	0.00033362964168711	0.0001203619	7.1387075e-06	0.001457424725	55.22779	21	0	236	PC_1435
0.909655924490214	0.96076865	0.5325290125	0.9999506	0.848750388565199	0.9113605	0.39053833	0.999857	0.698842645832744	0.77483645	0.1067112	0.9751855	0.480730132307007	0.5106163	0.006684788325	0.903957962499999	0.0002355630196089	0.0001931169	9.279128e-06	0.0006635092	43.08063	35	2	118	PC_1465
0.600377494529421	0.63291325	0.076879432	0.980868	0.465103411296976	0.4625519	0.03454714875	0.9554608	0.549778561076979	0.58061245	0.03999677475	0.9657798275	0.267195834545021	0.20204185	0	0.850260529999999	0.00016270155554255	8.057385e-05	7.24450765e-06	0.000825997529999999	27.16119	14	0	137	PC_1490
0.565905457792723	0.582665	0.155233105	0.8890192925	0.399629899146316	0.3918629	0.1520205925	0.6791003	0.86350524023179	0.9170418	0.4319854575	0.997611405	0.787474552631702	0.8310559	0.32256777	0.99323735	9.088609515664e-05	7.500824e-05	7.493034e-06	0.0002770011875	15.54031	13	1	45	PC_1491
0.842736655786133	0.91040925	0.321667055	0.9994052	0.729227748802762	0.77693515	0.20136428	0.9980981825	0.806853518640397	0.86705025	0.27737309	0.9921779	0.621180257003822	0.6554782	0.060419089	0.9696876	0.00023224337261136	0.0001247902	1.064086225e-05	0.0008842492	43.50543	24	2	163	PC_1493
0.803198307437291	0.8585807	0.3056284775	0.9985559	0.691352567450414	0.725441	0.187691915	0.996293	0.610278043940653	0.66304875	0.05649216525	0.972808545	0.334121862352538	0.2938623	0.0027297273	0.8802663625	0.00037486460975258	0.00028514115	1.039296e-05	0.001087181725	62.26508	47	1	176	PC_1528
0.6210498987349	0.63729775	0.23144437	0.93201469	0.542031934157	0.52818625	0.31818581	0.83200127	0.8003343139424	0.8473025	0.3721416925	0.9940633	0.7668735959	0.7857934	0.4389471	0.9895329	6.467944388426e-05	4.1129055e-05	6.843607275e-06	0.000270299454999999	11.03257	7	1	44	PC_1533
0.496499762133428	0.50709355	0.04119071025	0.922480275	0.345019823316173	0.31942645	0.01669011175	0.8251216	0.586849254600049	0.62628085	0.0415449485	0.9859907075	0.314753731093609	0.22835935	0	0.940969565	0.00014010142504893	7.3053765e-05	6.983412e-06	0.000551306462499999	23.08688	12	0	86	PC_1732
0.261528554508429	0.2164042	0.0084938735	0.7350089	0.136050910092843	0.09855272	0.00319425615	0.468279835	0.596047245214715	0.6438743	0.04136893625	0.9874384625	0.267673433501148	0.1725869	0	0.912893404999999	0.00017286904869913	6.250133e-05	7.02783725e-06	0.0008237919375	27.80764	10	0	133	PC_1734
0.479186593857852	0.4792275	0.02836336775	0.96225002	0.347941392903521	0.3056488	0.0106183625	0.920764105	0.504772544937002	0.50648785	0.02555711	0.9757833025	0.202854805432208	0.10155935	0	0.8755534825	0.00010990103316603	4.737292e-05	6.640078125e-06	0.0004636727	17.85231	8	0	76	PC_1755
0.403512657493862	0.3752092	0.016021808	0.929090044999999	0.263564424600184	0.2073689	0.0064181402	0.8262519	0.582228957287983	0.6229257	0.0373211445	0.98600931	0.292655186548585	0.1992228	0	0.927157385	0.0002452127718879	0.0001277489	7.17093595e-06	0.0008730509825	40.23656	21	0	142	PC_1782
0.803346573694078	0.83667	0.4603438	0.9716619	0.473118884060752	0.4567166	0.237415065	0.7943834575	0.91234253263925	0.95240005	0.5934194925	0.99889362	0.711769118899434	0.7296616	0.3214535125	0.9857051975	1.819758607835e-05	1.400884e-05	6.376692e-06	5.178613e-05	3.89023	3	1	10	PC_1857
0.987982586869	0.9892144	0.9719798	0.9977054	0.924811479949	0.9247276	0.862603	0.985361	0.992462148871	0.9937864	0.9759195	0.9998745	0.953335349258	0.9612001	0.8730905	0.9985518	0.000499042761502	0.0004839711	0.0004187145	0.0006622549	76.53392	74	64	104	PC_1976
0.601202230015627	0.6656839	0.04053257	0.93677635	0.279720670545857	0.2619888	0.01524990475	0.65939537	0.81782519771802	0.8967851	0.1763091	0.9966059	0.478631062744226	0.4738562	0.002067366825	0.95970535	2.699758458706e-05	1.344417e-05	6.26519815e-06	0.0001453331325	4.56008	3	1	24	PC_1998
0.8040461537458	0.8238925	0.529283175	0.9653505	0.3738197735233	0.366331	0.198167	0.5961361	0.96159244535467	0.9797858	0.82060516	0.9995157	0.804229983505855	0.8380714	0.4417362	0.9930992	1.476192720702e-05	9.697779e-06	6.168572975e-06	3.556533e-05	2.52717	2	1	7	PC_2045
0.795855567659031	0.8530313	0.2799337175	0.9972999	0.687115268998156	0.724861	0.1660480075	0.994046335	0.719202259547648	0.7735033	0.157587055	0.98021338	0.508770979780321	0.5284068	0.0152204245	0.931060935	0.00012404969583728	8.3286955e-05	8.8214537e-06	0.000442447747499998	20.53151	14	1	74	PC_2372
0.584822625918023	0.6197146	0.04348839025	0.9814662075	0.419530784438302	0.39894595	0.01797556975	0.9411466	0.594994794520251	0.64386925	0.038068976	0.988346105	0.288144763996392	0.20129745	1.58540307500002e-05	0.9162096	7.974277100052e-05	5.9622475e-05	7.220224225e-06	0.0002744024825	13.18891	10	1	45	PC_2395
0.690144552702561	0.74020255	0.1384771025	0.9905654	0.575832921450758	0.59972195	0.0761254245	0.9738509425	0.540892003512252	0.5606172	0.032221758	0.9817537	0.255710728961104	0.1751067	0	0.8754840325	0.00018650569348253	9.352826e-05	7.70471415e-06	0.0007591462025	29.49426	15	0	118	PC_2413
0.395320473991836	0.37663435	0.01952530825	0.884744925	0.260702117701357	0.2184721	0.00816153575	0.7370722325	0.5480573262634	0.57214395	0.03488232075	0.980188115	0.24958373638083	0.1585814	0	0.8903069	0.00040845478172429	0.00012916145	7.271458e-06	0.001740866975	68.33185	22	0	289	met01
0.748905804012645	0.81595175	0.17606362	0.9968879275	0.612822603060866	0.6390914	0.09357057875	0.9921228	0.642596734608316	0.7116549	0.05602930675	0.9875398	0.382440691297746	0.3431193	0.002591256425	0.94539878	0.000633397929163	0.00053616205	8.25271615e-06	0.001629721475	107.36001	91	1	273	met02
0.306397894568165	0.2773179	0.01403401	0.757450455	0.184867296730826	0.1497787	0.00544557655	0.5428773	0.535026975562304	0.5535518	0.03086057775	0.9771963275	0.212201569540191	0.1213404	0	0.8514530825	0.00019082333602025	8.250808e-05	6.92511525e-06	0.000899293344999999	31.67521	13	0	149	met03
0.286177405280826	0.24264225	0.0103678005	0.759167965	0.151772932326215	0.1140343	0.0040511173	0.4989555125	0.613402717605121	0.6683126	0.0464165215	0.988875435	0.302688224737998	0.21558125	0	0.9328456775	0.00024323239330082	0.0001541543	7.09244935e-06	0.001121210775	40.62109	25	0	188	met04
0.28008143458468	0.23324885	0.0092969253	0.769661935	0.153529216164933	0.10906445	0.00351181	0.54181561	0.5904810530563	0.63419685	0.0404967785	0.98639245	0.265890913114347	0.17143175	0	0.909707705	0.0001196337411581	6.80816e-05	6.922053e-06	0.00045286686	19.94701	11	0	75	met05
0.306511260355713	0.27397215	0.019801411	0.755694665	0.175175318865026	0.14789895	0.00775677475	0.49513602	0.557034106880908	0.58754455	0.03570037025	0.97777483	0.200902666763448	0.1027895	0	0.843215767499999	7.183004334864e-05	2.921175e-05	6.391138e-06	0.00034473259	11.79302	5	0	57	met06
0.541595978975676	0.55333815	0.133811365	0.89324102	0.414455767162919	0.4082562	0.0872565	0.7779299025	0.507976421718354	0.5253146	0.032495996	0.9410627375	0.202550380873295	0.14019905	0	0.70724808	0.00038873296017051	0.00020833845	7.008951975e-06	0.0015897082	64.99847	35	0	265	met07
0.291875746488501	0.25560425	0.01170825275	0.754319257499999	0.173066523175894	0.13227175	0.004771413	0.553804465	0.560269146085797	0.58999495	0.0358016945	0.981607395	0.261117447472023	0.17127615	8.41554415000027e-06	0.89721337	0.00048937534060043	0.00027540465	7.7263947e-06	0.001711115525	81.9697	47	1	288	met08
0.306541374883033	0.2749497	0.01505988	0.756019925	0.174258291559275	0.14269845	0.00592548805	0.508967	0.563589952944023	0.5962586	0.035444171	0.98158677	0.227684938380896	0.1308028	0	0.8771820575	9.616822387332e-05	5.9145415e-05	6.590912575e-06	0.0003685930925	16.00689	10	0	63	met09
0.547149371483886	0.569437	0.056814436	0.9579348	0.405482489060102	0.38668815	0.02647923775	0.8998404625	0.539115928402388	0.56095635	0.03317236375	0.9741541	0.255250575410972	0.17478105	0.0013003318	0.8687861425	0.00070104504193967	0.00041102795	9.52972175e-06	0.0017866136	117.61594	68	1	294	met10
0.898404075249	0.9188804	0.6870929275	0.9985666	0.6597520409456	0.6593489	0.3217956	0.9935994	0.866607744946	0.8919725	0.6076374	0.9885605	0.4613380224564	0.4377059	0.21823554	0.83832221	1.422736067879e-05	9.7011705e-06	6.088973e-06	5.403684e-05	2.63144	2	1	8	met11
0.990392429857	0.9953941	0.9519325	0.999932	0.950995206129	0.9736713	0.79281	0.9996995	0.909472829985	0.928375	0.7182534	0.9799494	0.573703828898	0.578391	0.3654678	0.7527633	5.863685643512e-05	6.047618e-05	1.569869e-05	9.484879e-05	10.62686	10	5	18	met12
0.635614248342815	0.6917942	0.062136712	0.9956479	0.489105648977351	0.47904285	0.03094681525	0.9878072575	0.632059746586007	0.69886245	0.047296606	0.9909214875	0.370524275414301	0.31116235	0.00541649485	0.947601575	0.0009504966630499	0.0012255785	1.53341535e-05	0.001800576	160.27555	208	2	295	met13
0.561147397450285	0.5954123	0.060626211	0.9210881	0.383868949107875	0.37724255	0.02769511125	0.7942776175	0.629601173657977	0.69713645	0.047559282	0.98918181	0.367908494157966	0.3149047	0.005498143	0.9439811225	0.00047903378317676	0.0004143677	8.2461181e-06	0.001217979925	80.35965	70	1	201	met14
0.678887678404106	0.7200909	0.1711571725	0.991178	0.538815296367111	0.5358452	0.1059601125	0.976886885	0.613134248396925	0.6727593	0.0494769915	0.98161826	0.337102328756284	0.2888474	0.0016806901	0.91120563	0.00035102358762659	0.0003271966	9.67664565e-06	0.000874358382499999	59.43594	56	1	143	met15
0.732024953073255	0.78202635	0.20447867	0.995771345	0.615607693029319	0.6377029	0.114227775	0.99095983	0.526295734326365	0.54252005	0.034670436	0.9648443275	0.245717214245626	0.16848565	0.00019191456	0.8509324	0.00021583689902322	0.0001170843	7.7884273e-06	0.000698963035	36.62107	20	1	116	met16
0.365082794731678	0.34015275	0.0403970435	0.8089660075	0.254575938047671	0.23035855	0.02294945425	0.6188047	0.505025301461649	0.514841	0.0283962	0.9588256925	0.22406638455831	0.150512	0.0045781644	0.794822725	0.0009958340064863	0.0010628075	0.00012219097	0.001756351625	167.02851	180	20	291	met17
0.510192327427148	0.51938155	0.051400622	0.94618324	0.379030681817605	0.3504989	0.02267544225	0.897365705	0.503653343663604	0.5068229	0.02791850525	0.9694800825	0.220594969531462	0.13171465	0	0.85560897	0.00019044628820086	0.0001063809	7.0560235e-06	0.0007144481525	31.82698	18	0	118	met18
0.329443838145933	0.3010291	0.013631825	0.79220551	0.196034734909036	0.1606014	0.0058867362	0.562509277499999	0.582213478410559	0.62131625	0.03759432075	0.9855831075	0.300200074184868	0.2159737	0.00139520005	0.923878675	0.00067723651478933	0.0006156418	8.4774331e-06	0.001730589175	113.68522	103	1	290	met19
0.338427328820595	0.31627665	0.01740912	0.7850543825	0.216208568362656	0.1805343	0.006956489175	0.6069024775	0.511072318651743	0.51881085	0.028559692	0.971682175	0.19186204442951	0.1077796	0	0.81553366	0.00013900230141571	7.724037e-05	7.1914747e-06	0.000667939035	23.03088	13	0	111	met20
0.510966959396513	0.5127478	0.09001268175	0.9224700075	0.372914334919806	0.34929165	0.0516455105	0.8255899575	0.511944869662601	0.5262829	0.0300832985	0.957548925	0.181386751627595	0.103964	0	0.738740445	8.340853435081e-05	4.3500965e-05	6.5852614e-06	0.0003721136	13.93857	7	0	62	met21
0.94578103746102	0.9689313	0.7459254625	0.9998183	0.852164155227421	0.8833391	0.50358516	0.9992284	0.84307675536934	0.8795651	0.48917435	0.9771091775	0.527189083746965	0.5362729	0.16043893	0.8133038	3.073854036565e-05	2.524418e-05	7.7142657e-06	8.548543e-05	7.60625	7	2	15	met22
0.507445544104769	0.5214826	0.04284202925	0.92594432	0.339893402469205	0.32413745	0.0172335425	0.7784527425	0.595585573575763	0.6501832	0.03710775625	0.9860886	0.289143537695244	0.18539635	0	0.9198412	6.496432895608e-05	3.203686e-05	6.542498325e-06	0.0003124756	11.02301	6	0	53	met23
0.67144750673873	0.70848275	0.16579568	0.9951249275	0.563338802231783	0.56389505	0.10608286	0.9901878875	0.485018194082093	0.49096525	0.026868445	0.9440597	0.213390738490847	0.1469914	0.00243685435	0.7592248275	0.00066617775178292	0.00060678815	1.762976825e-05	0.00169460065	112.09606	103	3	283	met24
0.746537656265507	0.79143	0.25327019	0.97994835	0.572591408235568	0.58549885	0.1361508875	0.9480616	0.585095781994933	0.64013885	0.0367270715	0.9765223	0.245989043136294	0.199821	0.0003021390875	0.7854054	9.982990946269e-05	3.145163e-05	6.428987775e-06	0.0005967576	16.92043	6	1	100	met25
0.321166264202458	0.28630395	0.0128808935	0.8046836575	0.196421761107156	0.1475385	0.004775445175	0.6353581525	0.540772976580821	0.5610702	0.0307850265	0.9811956175	0.21987806120329	0.1196466	0	0.8809456125	0.00016203533621098	6.6373875e-05	6.633600375e-06	0.000758528755	26.80663	11	0	126	met26
0.332880535642402	0.2923444	0.01208072	0.840792185	0.192112505285101	0.1419891	0.0048207349	0.64889931	0.605253551882084	0.65667295	0.04370432	0.9887773475	0.304539150481941	0.21815475	0	0.9327262	0.00037084733467503	0.00017028575	7.365927e-06	0.00168431795	62.08899	28	0	283	met27
0.440192610526733	0.4373995	0.04011614375	0.86723433	0.315448153950463	0.2925115	0.01911789375	0.73622408	0.467158376342096	0.4579647	0.02271399225	0.9574943025	0.164721670209624	0.08743092	0	0.74555803	0.00032954552385372	9.9022375e-05	6.908195325e-06	0.0015840793	54.85202	17	0	266	met28
0.24456911247135	0.2032366	0.009404613625	0.6808602875	0.130110625567217	0.10000555	0.0037311717	0.420070165	0.580218409639602	0.61994865	0.03981832625	0.9849462125	0.258594200772703	0.1630836	0	0.904679435	0.0001893831330909	0.00011003065	7.23169745e-06	0.000732475495	31.50605	19	0	122	met29
0.272755605696543	0.2193481	0.008337775	0.7860117	0.151338603162602	0.10362595	0.00344009775	0.56611027	0.601886323862886	0.6521029	0.0429873745	0.9875253	0.30522371903356	0.2227111	0.000738420712500001	0.92654712	0.00041097091515625	0.0002745545	8.9349591e-06	0.001626725625	68.79037	47	1	274.024999999994	met30
0.469332118099447	0.46626675	0.02888295175	0.9250516475	0.316171270707355	0.2839478	0.01086681175	0.7874422	0.569070977329557	0.60468125	0.0371144625	0.982322155	0.252723253399822	0.16004945	0	0.8930507	8.744697500575e-05	3.815092e-05	6.532708075e-06	0.000409960017499999	14.80433	7	0	68	met31
0.736587697355757	0.77086335	0.321212355	0.955660015	0.497572896658146	0.5002773	0.1717472025	0.812571995	0.722105576117493	0.7984294	0.0891223595	0.9837306	0.35464648874229	0.3380749	0.003851704	0.8405725025	5.439753461798e-05	1.4629675e-05	6.19517275e-06	0.000435344	9.29041	3	1	74	met32
0.97711798766887	0.9947352	0.8207891925	0.9999658	0.94306951715379	0.977535	0.654105125	0.999885	0.845419737898422	0.8857148	0.3559969425	0.966935835	0.492057195911661	0.5132794	0.06005751775	0.7209927	4.546685657693e-05	4.079252e-05	1.185234e-05	9.800798e-05	10.8606	10	3	21	met33
0.735826167417099	0.78206345	0.2453425175	0.9991351	0.674324318990902	0.6947158	0.20630666	0.9985309	0.396427754032502	0.3792085	0.019204981	0.8611468375	0.133526489703542	0.091389805	0.00191203265	0.4847015	0.00094639010865303	0.00100639	1.77960845e-05	0.0017579472	158.58513	169.5	3	291	met34
0.515347048088305	0.52361775	0.05715572	0.9414433125	0.374735650799883	0.34790395	0.0274409725	0.864773105	0.548603839546214	0.574985	0.03729152	0.9729902975	0.256465883723855	0.1780348	0	0.8685301875	0.00028512946908931	0.00021221995	7.2021867e-06	0.000901839789999999	48.13836	37	0	152	met35
0.73694500127341	0.80527255	0.155002275	0.99888	0.650556527749299	0.6979567	0.083232274	0.9981243	0.409965240703208	0.3865584	0.0179728295	0.9205822	0.146257911519495	0.084740965	1.27757845000009e-07	0.6402371	0.00017723410566662	0.00012308065	7.56733625e-06	0.00059132184	29.6836	21	1	98	met36
0.567303233450277	0.599957	0.0692794665	0.93202919	0.43731474814183	0.43971455	0.0292347795	0.8646017475	0.454188342445848	0.43899	0.02115499575	0.955486965	0.155097782450891	0.074446675	0	0.75391445	0.00018124174317955	3.790691e-05	6.464556775e-06	0.0008905443825	30.21814	6	0	148	met37
0.9358019304747	0.9506515	0.791747855	0.9957722	0.71123936517233	0.7095856	0.45938491	0.9713503	0.9479075410956	0.9626526	0.8067924425	0.9973307	0.7314018313713	0.7340417	0.4746037	0.9639345	3.955889662882e-05	3.510079e-05	9.507838e-06	8.101688e-05	7.64758	7	3	15	met38
0.206298064849864	0.1600633	0.0059998914	0.63894106	0.0977037483127083	0.066825405	0.0020882768	0.359806317499999	0.594992725142507	0.6422827	0.04017556025	0.98826071	0.243431989029674	0.1406714	0	0.9046553975	9.832435536795e-05	4.6228325e-05	6.537205075e-06	0.000454283944999998	16.22657	8	0	76	met39
0.353140269239014	0.3266166	0.02233401875	0.812444275	0.216065250297546	0.1849651	0.009561505825	0.5888501	0.57631220118085	0.61588185	0.038500795	0.9809080025	0.269538779595301	0.18398815	0	0.8946213	0.00043397065737298	0.0001437086	7.2584587e-06	0.00170714935	72.63242	24	0	285	met40
0.331629335337652	0.29058005	0.0113646295	0.84321498	0.209691769169796	0.15054995	0.0045716776	0.7054964	0.539282620188304	0.5584809	0.0317380525	0.9802860875	0.232933662621102	0.14215955	0	0.8794756325	0.00027991019725729	0.0001508739	7.187083775e-06	0.001047632675	46.71779	25	0	173	met41
0.478737867559463	0.4675293	0.01855562125	0.9818460775	0.335422710216402	0.2586057	0.006603046	0.95964802	0.584871438794085	0.6258384	0.040545736	0.98529904	0.278158599747616	0.19564135	0	0.91301229	9.281176557246e-05	5.3851335e-05	6.862094525e-06	0.0003979298325	15.60164	9	0	66	met42
0.99269070758	0.9931316	0.9825613	0.9994906	0.917195593567	0.919648	0.8600164	0.9902243	0.993917190681	0.9956289	0.9794694	0.9996674	0.930476639752	0.9510265	0.8208584	0.996748	8.23367191085e-05	8.351325e-05	7.219329e-05	9.131326e-05	14.19179	14	11	17	met43
0.573713466841713	0.5993931	0.03394684125	0.9976989	0.436023913926985	0.39070895	0.0152726315	0.993401105	0.604257250626136	0.6589564	0.04136634925	0.9844116	0.330333985182415	0.2600056	0.00401684175	0.916602799999999	0.00095779627145842	0.00098719985	1.037532275e-05	0.00180850415	161.23601	167	2	295	met44
0.496307964750401	0.5017464	0.02535331175	0.97349603	0.378188496873704	0.33549885	0.010377316	0.9495256	0.481554530477917	0.47671875	0.02516433675	0.9665531475	0.197161534848639	0.11657595	0	0.814299994999999	0.00050818392948599	0.00030922725	7.190896875e-06	0.001687010275	85.2259	53	0	282	met45
0.376655945651728	0.35542135	0.020320596	0.847799915	0.254461408985354	0.2129887	0.008740279325	0.7056932	0.502954144196428	0.5047437	0.02616213475	0.973805805	0.207988740948581	0.12113755	0	0.840217767499999	0.00044233647334907	0.00020900245	6.95109965e-06	0.0015996777	74.16727	35	0	268	met46
0.990281365084	0.9922092	0.9649772	0.9999453	0.945869057482	0.9573697	0.8323282	0.9997093	0.979336755	0.981266	0.9428882	0.998925	0.894472566652	0.9004846	0.752096	0.9925337	0.000630599675073	0.0006469275	0.000380566	0.0008318138	111.11727	118	70	127	met47
0.331012013395809	0.28634435	0.012391099	0.857621579999999	0.194744549859852	0.14159275	0.004592551925	0.67150216	0.59206627800166	0.63736585	0.04132375425	0.9871125725	0.278801067768683	0.18422955	0	0.9208650475	0.00033090254311504	9.1005515e-05	6.827371525e-06	0.00160833715	55.5196	15	0	270	met48
0.960889785988	0.9682342	0.8756174875	0.9987294	0.816016436558	0.8131277	0.636985	0.9905991	0.960129165381	0.9709994	0.8547204	0.9982707	0.821512129898	0.8226517	0.6301588	0.984767	7.753603799751e-05	3.793857e-05	9.674412e-06	0.000439262	15.83397	9	4	76	met49
0.520987850722653	0.5384061	0.0320042805	0.9497342425	0.355789144037494	0.32756215	0.01443333525	0.8376743	0.650810682857976	0.7259649	0.053006122	0.9916187	0.395789410334983	0.34546575	0.00673557395	0.961164415	0.00069368919657155	0.0005839972	1.66964775e-05	0.001735090625	116.89956	99	3	290	met50
0.485030989370679	0.4844659	0.058093074	0.930949015	0.340122121179312	0.31751955	0.0270066285	0.8170587025	0.566978714104015	0.59932855	0.04320526325	0.97280925	0.259652676610076	0.1837715	0	0.8711008	0.00019064537646178	6.1265545e-05	6.9200597e-06	0.001051126425	31.91407	10	0	174	met51
0.638292950565376	0.6695647	0.1285635875	0.98914132	0.515053653339799	0.5070951	0.0688630155	0.9786353525	0.497593173114806	0.50548455	0.0304688335	0.952216375	0.204246872279179	0.1307422	0	0.7748271575	0.00013502041272918	4.821801e-05	6.7237685e-06	0.0007094959	22.67038	9	0	117	met52
0.340157459865906	0.315217	0.014198076	0.79848919	0.22067280891738	0.17709555	0.005774538475	0.653171165	0.513722562945581	0.5207124	0.0273948145	0.9765853725	0.214922026006765	0.1255929	0	0.8616096775	0.00058441776975944	0.0004065452	7.077062425e-06	0.0016807464	97.83488	69	0	282	met53
0.234930361451926	0.18455065	0.006804931725	0.708045965	0.116463366609201	0.077237055	0.002387695	0.4426502175	0.594070039581723	0.63866565	0.04072663	0.9882711725	0.239123035110495	0.1321461	0	0.904074294999999	8.072346183044e-05	3.3256995e-05	6.50568405e-06	0.0003430139375	13.2301	6	0	57	met54
0.612598723059491	0.641758	0.07447146375	0.99407078	0.497974187107921	0.49064775	0.03531299725	0.9853834925	0.480084661770797	0.47558705	0.02453408075	0.956530885	0.201403450939325	0.1246691	0	0.7762324	0.00053662421583851	0.0003482094	7.161530225e-06	0.0016459895	90.02633	59	0	275	met55
0.406956431990654	0.40172385	0.038573614	0.8143874	0.282928876843227	0.26268595	0.0168388675	0.662936635	0.476490664873949	0.4721865	0.024053252	0.9556282275	0.165248570648063	0.087588225	0	0.749084374999999	0.0002766603467818	0.0001123962	6.685859775e-06	0.001387638	46.11093	18	0	230	met56
0.6114151799959	0.6198193	0.2988854	0.89130863	0.500752855265	0.4968296	0.3541904	0.67118864	0.925888281616	0.955301	0.6865876	0.9987591	0.906970729522	0.9289379	0.701644705	0.9975387	1.32630134226e-05	1.0091845e-05	6.100953e-06	3.693642e-05	2.67926	2	1	7	met57
0.439095486509774	0.41848065	0.02800337975	0.951465185	0.297170868777455	0.24072005	0.01122429	0.896151529999999	0.547663048567704	0.5704288	0.0328164365	0.980917835	0.228440752910858	0.1274526	0	0.883693717499999	0.00013479041465681	4.9666145e-05	6.500751275e-06	0.0008084963	22.62451	9	0	136	met58
0.441983270204608	0.42842265	0.058692498	0.8878315975	0.318400688617525	0.2885064	0.03227406625	0.7699202	0.506430628568643	0.51744185	0.0277875955	0.9606682825	0.209010801888485	0.13149755	0	0.7999998	0.00069061523184043	0.0006855495	7.4291772e-06	0.00172396135	115.91787	117	0	288	met59
0.286427587440422	0.23911555	0.0107328675	0.7899739075	0.156805657177856	0.1174709	0.004052032275	0.519946405	0.581345691653895	0.6225062	0.03952325725	0.9850555275	0.246001396132905	0.15113925	0	0.892974474999999	0.00020051680465517	5.930224e-05	6.53674545e-06	0.000832151977499999	33.40433	10	0	137	met60
0.84840909812459	0.9047767	0.3973951425	0.9997315	0.773545788524344	0.82739465	0.275177095	0.999366	0.523340479358961	0.54024345	0.04003731875	0.94993375	0.273401588582082	0.2195046	0.0009068277675	0.8369863	0.00018861387436333	0.0001320995	8.956273675e-06	0.0005616866625	32.1345	23	1	96	met61
0.71797385994493	0.75893055	0.2219472275	0.9954306825	0.630841330254418	0.6508002	0.144453305	0.9916461	0.408986519325207	0.3911571	0.01973376625	0.8885696	0.138631903052159	0.07522288	0	0.5942157375	0.00013694400484921	7.336066e-05	6.74935425e-06	0.000576497645	22.91611	12	0	96	met62
0.519150603794771	0.56387675	0.02305906375	0.9380436	0.276124617550486	0.25620685	0.01017425	0.681468	0.718180507418219	0.82814445	0.06578776225	0.9949999	0.419992629469147	0.3993683	0.01060259525	0.9498717875	0.0006093913036372	0.0001969105	6.401473e-06	0.00173567425	102.29702	33	1	287	met63
0.377497575366084	0.34333585	0.01470793375	0.9077134725	0.239772916407926	0.178943	0.006072757525	0.8004901725	0.588727842414261	0.63290185	0.0402043975	0.9877321	0.304762940955538	0.21734235	0	0.93402491	0.00066368103521702	0.0004376764	7.352929175e-06	0.0017958228	111.30275	74	0	294	met64
0.90159821867704	0.9414511	0.55010938	0.9992651075	0.776060055234661	0.8134455	0.3454464825	0.9979693	0.685066266563735	0.7816081	0.05605635	0.9799443	0.328822429244744	0.3201638	0.002612163175	0.8145277	6.604584171679e-05	3.316994e-05	7.026677875e-06	0.000317305917499999	11.91549	7	1	54	met65
0.58427757355439	0.6296964	0.06740902175	0.9303840625	0.357566901580856	0.34692865	0.03040653425	0.75652714	0.744042949238514	0.8260128	0.1082942	0.99245515	0.455952783110931	0.4497448	0.004457566125	0.958261815	0.00018934589202118	6.801394e-05	6.666280025e-06	0.00103190825	32.31113	12	1	175	met66
0.682590861269128	0.71584875	0.2389814175	0.960189	0.492577193424092	0.4815123	0.1557086875	0.8923241425	0.814983108432513	0.8742475	0.2873463825	0.9952102	0.644233613122935	0.67990865	0.07290263025	0.983304015	0.00024988821444237	0.00020533355	1.261141e-05	0.0006705346575	43.16557	35	2	111	met67
0.514162108726381	0.5239868	0.0844628465	0.9024928	0.402102748627675	0.3965201	0.04398951025	0.81393971	0.417612157184544	0.3977835	0.01971291	0.9157562575	0.124469618973605	0.0682223	0	0.57460967	0.0002915065461005	0.00011822475	7.0794769e-06	0.00119358305	48.74157	20	0	196	met68
0.567349778711326	0.5734813	0.08542190025	0.9936153275	0.444626264422139	0.4135321	0.0457464435	0.98197231	0.509975335427422	0.52354	0.03118178	0.9527623675	0.201925511050167	0.1285464	0	0.7493772975	0.00013707647216079	8.014277e-05	7.008076375e-06	0.000529949565	23.06803	14	0	87	met69
0.393124999657578	0.3584208	0.021468604	0.927690425	0.244112917388775	0.19995255	0.009113652325	0.736464685	0.607301548527223	0.6589993	0.04412389775	0.9865413	0.305406968627065	0.22324535	0	0.9174914	0.00033311594725874	0.0001775639	6.96297065e-06	0.00106592235	55.87051	30	0	176	met70
0.692845678856783	0.74109825	0.17000538	0.989194	0.546310696515732	0.55132175	0.097394004	0.96721035	0.659966906741199	0.7224266	0.08231844225	0.98067406	0.395526707133105	0.381241	0.000500415005	0.917261	0.00013334738980498	8.419816e-05	7.2023912e-06	0.0005341171025	23.0572	15	1	91	met71
0.425201452742018	0.4091962	0.0339328065	0.8936123525	0.280510917193581	0.24896825	0.01525405925	0.7183874875	0.549654516821101	0.5765396	0.0329836785	0.978105835	0.239042152288164	0.14737375	0	0.8673131	0.00018920688404691	8.500139e-05	7.035743e-06	0.0007431144	31.74444	14	0	125	met72
0.740103793141239	0.80808375	0.1580254425	0.9996589	0.663141597019399	0.7145771	0.0899858395	0.999485445	0.35703769697372	0.31496845	0.01401957825	0.8811689475	0.0951787575635789	0.04576297	0	0.485808379999999	0.00015819555597126	6.34692e-05	6.549224475e-06	0.0008260537	26.19011	11	0	138	met73
0.495712009916377	0.5170168	0.03311879975	0.90609854	0.267137386866108	0.2531727	0.0127140615	0.61966617	0.675691958506424	0.7732629	0.05234048	0.99324502	0.336148033963174	0.27493835	0	0.9399295	3.250865680922e-05	1.8730655e-05	6.292274775e-06	0.000147682	5.62744	3	0	25	met74
0.326046807855986	0.2634866	0.010360161	0.859933	0.151179501634981	0.1155051	0.003785783575	0.4847052625	0.671006568697042	0.75685475	0.0582311105	0.9937497125	0.328719318026612	0.2490945	0	0.944962955	9.796745718977e-05	2.7429375e-05	6.417680625e-06	0.000841149157499999	16.44161	5	0	143	met75
0.342804329570387	0.31365285	0.02032257175	0.8181263125	0.211788073902521	0.1770135	0.00792447705	0.607575985	0.539723614604164	0.5599239	0.03224005	0.976313245	0.207313278664989	0.1134398	0	0.8519101	0.00024843593217446	5.5120355e-05	6.4709402e-06	0.00124858875	41.48202	9	0	211	met76
0.8538538679686	0.91904385	0.379433965	0.9997447	0.771475407851218	0.82905605	0.264472775	0.9993128	0.61389585329526	0.6850533	0.04623287975	0.9656995	0.354932430271159	0.33509795	0.003481998	0.8580039	0.000570509005329	0.0005214976	8.8506007e-06	0.001615094125	96.75208	91	1	268	met77
0.330198257677755	0.297893	0.0209911975	0.79934322	0.196974414664648	0.1653335	0.008893854575	0.5609753925	0.574823194014079	0.61370525	0.03650630825	0.9828061	0.260478253357664	0.16760805	0	0.9030780525	0.00034436265419592	0.0001110558	7.216791175e-06	0.0016930512	57.61467	19	0	284	met78
0.36140654903453	0.3268696	0.0142254605	0.8699043	0.208094891294621	0.1623266	0.00539664415	0.655204474999999	0.65013871734515	0.72063895	0.0544290845	0.991753	0.36498936591429	0.29334025	0	0.960350175	0.00042171576192658	0.00015308545	6.913802975e-06	0.0013606189	70.94048	26	0	227	met79
0.499084040901493	0.5158449	0.03012963325	0.93126339	0.361002037240923	0.3350885	0.012835592	0.85061954	0.51998529090681	0.53210885	0.02670784125	0.97719041	0.235861653416214	0.1435844	0	0.8733031225	0.00032955790505665	0.0001642247	6.914528575e-06	0.001151016625	55.18374	28	0	191	met80
0.38522003946756	0.3670451	0.014604529	0.86563245	0.217072572167344	0.1972228	0.005763682075	0.6017712575	0.693780067895412	0.7890163	0.0609080705	0.9950367	0.44375037723267	0.4295499	0.0001709420025	0.9757393	0.00015784831000289	5.492874e-05	6.601989925e-06	0.00069168503	26.53222	9	1	113	met81
0.93998315901	0.9678278	0.724314165	0.9999834	0.904833950606	0.94047905	0.642791145	0.9999613	0.6953511075535	0.7195494	0.3049074	0.9447768525	0.535518968143	0.5220059	0.3202968	0.850349852499999	4.429786339351e-05	3.574634e-05	7.06771155e-06	0.000141566725	8.28246	7	1	24	met82
0.76065051654739	0.8101322	0.256165635	0.99877333	0.68035702494556	0.7117411	0.1704365425	0.9977508	0.41165693333848	0.39592925	0.019683863	0.89088986	0.142438181103705	0.08625954	0	0.584831645	0.00020615115162614	0.0001451434	7.127474925e-06	0.000661992802499999	34.45328	25	0	109	met83
0.597317878608522	0.6324605	0.085862581	0.9430845	0.461044377663592	0.46735025	0.0421162115	0.8767399425	0.521052024245524	0.53614595	0.0308584655	0.9697013	0.254808766416363	0.1807012	0.0038569732	0.858240187499999	0.00077252197627319	0.000774436	1.85580265e-05	0.001709316	129.75442	132	3	284	met84
0.364145460897945	0.32053385	0.024108306	0.8836296	0.208685513865093	0.17350505	0.01015016825	0.598828619999999	0.601505461138868	0.65303175	0.04050487925	0.9854572075	0.260199526335746	0.16915265	0	0.8888512125	0.00011976479641125	5.341553e-05	6.571927e-06	0.000509220345	20.04186	9	0	84	met85
0.426011406334095	0.41395385	0.0288093	0.9005716	0.304198648925416	0.2661033	0.01226889	0.809333485	0.491057519854964	0.4912063	0.0255548695	0.963647515	0.199071415133887	0.12006035	0	0.8008696	0.00085293915025109	0.00096002295	7.015053275e-06	0.00181847965	143.10497	163	0	295	met86
0.530283748402799	0.5408384	0.04088771375	0.9822586	0.396812606301403	0.35861175	0.01828862675	0.963805335	0.548008055237049	0.57219685	0.03434058075	0.9822805	0.281566193500337	0.1929669	0.0003670244	0.916927055	0.00038843066502631	0.00023724775	8.369407375e-06	0.00128037705	65.14187	40	1	214	met87
0.8675174196022	0.8873849	0.64662506	0.9801329	0.50019021512378	0.4867903	0.27690974	0.792404562499998	0.9486939370506	0.96852055	0.7849306	0.9991212	0.73181563837291	0.7478731	0.395494	0.9843169	2.216297371014e-05	1.308489e-05	6.187521e-06	9.144977e-05	4.05066	3	2	13	met88
0.8828075382584	0.9365013	0.4846383075	0.99988631	0.841174192842115	0.9022839	0.3710179175	0.999824	0.318093373821576	0.2801945	0.012618955	0.8097748	0.0748975227856258	0.038115565	0	0.35833957	0.0001049878927218	5.3453075e-05	6.636206e-06	0.000430180117499999	17.42435	9	0	72	met89
0.633392403620028	0.6797623	0.04760362875	0.9968743	0.471332314443832	0.44679455	0.018886398	0.9838662	0.680157604641366	0.77786425	0.05477477675	0.9911803675	0.379887622179886	0.3711021	0	0.9329154525	8.065366278919e-05	4.3625615e-05	6.6866311e-06	0.000426757639999999	14.23481	8	0	72	met90
0.660577915474872	0.69533495	0.1366562925	0.9898570575	0.56232419572618	0.57829095	0.0710923	0.98191503	0.375994751582068	0.34458065	0.01607131125	0.888832084999999	0.0957855823784343	0.04748705	0	0.480081062499999	0.00015312256607474	5.2449895e-05	6.617574025e-06	0.0009875572425	25.36266	9	0	168	met91
0.990535032759	0.9926244	0.9698095	0.9999543	0.94110234793	0.9482298	0.8440121	0.9996598	0.978068732053	0.9807911	0.941486	0.9964393	0.862551564302	0.8548025	0.7763377	0.9679093	4.12994910356e-05	4.030913e-05	3.195319e-05	5.332312e-05	9.8632	10	7	14	met92
0.471661203658678	0.4728369	0.03946637125	0.9099922	0.297988595854297	0.2740804	0.0173148735	0.71273415	0.601264056124056	0.6512073	0.04248706525	0.9884684	0.291005388062271	0.20675385	0	0.917539229999999	0.00019755842161143	8.4767705e-05	6.80787635e-06	0.000766025165	33.1666	14	0	127	met93
0.93854352987428	0.95607165	0.772335825	0.9948677	0.71641487414979	0.7176163	0.4390548975	0.9578485	0.9617542871232	0.9738078	0.8495179	0.9989573	0.79366124851642	0.7999095	0.5303864	0.9904971	6.028253097977e-05	5.614827e-05	1.474171e-05	0.0001352645	11.18378	10	4	21	met94
0.446108825090423	0.43234235	0.0220448405	0.9327827	0.309527396947744	0.26410325	0.01002352625	0.827671304999999	0.575984813354952	0.6134402	0.03792447375	0.985729805	0.323614064788351	0.2456275	0.003159417675	0.936255335	0.00065576880791844	0.00049972645	1.14811525e-05	0.0016450027	120.00596	91	2	295	142_Mature_cell_length
0.372858242423782	0.3468029	0.01581901	0.8648224225	0.245788924573582	0.199013	0.007096045	0.7318435675	0.553146063622627	0.57923735	0.03445643975	0.9821272	0.289118265192735	0.20105015	0.001426449125	0.9196553	0.00027331717152391	0.00022980545	8.4131808e-06	0.0007559474825	49.69759	43	1	138	143_Meristem_zone_length
0.981607930782	0.9831427	0.9514687	0.9975696	0.934637214115	0.9349755	0.8632701	0.9888555	0.987318138558	0.9907387	0.9532433	0.9994866	0.956733017734	0.9637089	0.8746537	0.9974331	5.59681117381e-05	5.499372e-05	3.266415e-05	8.854951e-05	14.04196	14	10	18	LR.no_ABA
0.460717575152523	0.47023835	0.0409598925	0.8559508075	0.342997121269244	0.33431945	0.0200732375	0.7293142	0.589859407480082	0.6319434	0.044059306	0.9825507	0.370597648227557	0.31659025	0	0.950409605	0.0002329898730068	0.0001270162	5.613474825e-06	0.0008571159	48.67752	27	0	178	LR.no_C
0.763246145217208	0.8762196	0.09847790475	0.9997952	0.683581166162655	0.77481555	0.0501239875	0.9996231	0.629517282989005	0.67710985	0.0763423085	0.97168684	0.408468786651281	0.4008871	0.0005948734475	0.9098195075	7.069303161025e-05	3.301113e-05	5.728971e-06	0.0003365289575	15.13032	8	1	68	LR.no_CK
0.679040837100803	0.7613992	0.062254468	0.9994718	0.595677660719812	0.6319256	0.035703331	0.9989193	0.593177244498982	0.64271245	0.042428289	0.9826739	0.398716272685589	0.36084995	0.0103953145	0.9443364	0.00051592144289465	0.0005002701	3.7962098e-05	0.001181905425	125.91369	123	9	285	LR.no_IAA
0.9899686444117	0.9953592	0.9400961475	0.9990248	0.9689244174112	0.9770949	0.895833525	0.9969711175	0.930741180244544	0.9951016	0.1128295	0.9998177	0.893353697912134	0.9750579	0.03299613	0.9988092	0.000350026111367	0.0002957048	0.0001957661	0.0007306808025	76.20048	69	53	143	LRD_P_ABA
0.80502965981384	0.827746	0.520432335	0.9676260475	0.52823940304032	0.525127	0.264227285	0.8069116	0.90274253439011	0.9330668	0.64328562	0.9973370025	0.690538236232953	0.6985636	0.3161934	0.981663094999999	1.054464229358e-05	8.575643e-06	4.90587395e-06	2.550937e-05	2.48741	2	1	6	LRD_P_C
0.853608591892027	0.9108552	0.3754765875	0.9968684	0.752111494711235	0.8031722	0.2493382725	0.9924568	0.775947821633797	0.83118945	0.24951187	0.9887779875	0.595728406518661	0.6152068	0.071626802	0.955223	6.285957092251e-05	4.516927e-05	6.898988175e-06	0.0002212351	13.77874	10	2	46	LRD_P_CK
0.8092959850461	0.8559065	0.3389640775	0.998317745	0.627288135997287	0.6206929	0.19133179	0.9955716075	0.834818806755925	0.89843465	0.27035519	0.9967708	0.642300492014322	0.6722486	0.0709718985	0.9823928	3.971228228724e-05	1.590098e-05	4.44842865e-06	0.000234483115	10.56076	5	1	60	LRD_P_IAA
0.987062961526	0.9915078	0.9475309	0.9999611	0.967684879723	0.9807607	0.889595	0.9999037	0.976826047067	0.9828539	0.9203453	0.9983501	0.939375418908	0.9464723	0.8269242	0.9953927	8.99862140294e-05	6.894609e-05	2.655661e-05	0.0002337315	20.81144	18	7	54	LRD_R_ABA
0.654274520460446	0.7498916	0.04619097	0.9849384	0.526076529733251	0.557727	0.02208676875	0.9551943	0.765026416289774	0.8751115	0.1024102	0.9954319	0.593929073228512	0.68646615	0.007561555625	0.98309118	0.00019196120867721	6.357133e-05	6.884645375e-06	0.0010685499	40.6731	15	1	220	LRD_R_C
0.736662358714137	0.7955599	0.119641985	0.9992844	0.545825622801657	0.5104568	0.061590217	0.9967523	0.81060993010607	0.8939595	0.1684085525	0.9962101	0.608136865533482	0.6601401	0.02142155575	0.978929295	6.456884208959e-05	2.0378625e-05	5.251536e-06	0.000338774215	13.6828	5	1	68	LRD_R_CK
0.81143228902469	0.8321737	0.52882516	0.975084	0.56380683011464	0.5579057	0.3065969125	0.8749895	0.9208094977472	0.9503923	0.677428745	0.9981128	0.777112780353742	0.8083748	0.397262875	0.9895042	9.75452332838e-06	7.978304e-06	4.20855905e-06	2.38343744999999e-05	3.28749	3	1	7	LRD_R_IAA
0.898395383499	0.9263469	0.6523703025	0.9903284	0.849365656711	0.8711166	0.6126588675	0.9761269175	0.8271832422991	0.85722465	0.5040764675	0.9864266	0.741062188829	0.7453364	0.479412935	0.9634665	2.298013446451e-05	1.719743e-05	5.250367e-06	7.290638e-05	5.87494	5	2	15	LRL_ABA
0.49987113062542	0.50856205	0.04792829925	0.9178356	0.383761227317048	0.36711985	0.02342061425	0.8420163	0.634029262927758	0.6891804	0.06543070525	0.9872671	0.43369450320655	0.4195467	1.53095902500004e-06	0.965078485	0.0001277884582407	7.5858605e-05	5.890869825e-06	0.0004897596	26.89835	17	1	101	LRL_C
0.766309796227944	0.8513825	0.151971845	0.9995023	0.689022352982504	0.7536486	0.089810649	0.998753	0.642240476319189	0.6981084	0.0724330465	0.9837715775	0.452961258014899	0.45162535	0.00720789185	0.951719535	0.0003880689276889	0.0003088709	8.434468e-06	0.00109507	79.73085	64	2	224	LRL_CK
0.740293936223229	0.8204031	0.12261896	0.9994202	0.677791480375282	0.7450605	0.07209307625	0.99916091	0.436010030995999	0.41719555	0.02000752975	0.9464144	0.226921711112526	0.1493318	0.0002049662425	0.8372536975	0.00042691919436297	0.00045456455	5.5725566e-06	0.00116532295	104.00456	115	1	283	LRL_IAA
0.997885863212	0.9987044	0.9888755	0.999989	0.992923614956	0.9953559	0.9687068	0.9999551	0.98892952629	0.9903086	0.9758917	0.9979029	0.964964627144	0.9664754	0.9284411	0.9912858	0.000419753008436	0.0004233779	0.0003391995	0.0005308949	84.89565	84	80	91	LRR_ABA
0.952448224229	0.967023	0.8254426	0.9964171	0.829742439055	0.8431242	0.6034051775	0.9799191	0.933116298214	0.9532302	0.760764	0.9968136	0.751201436958	0.7501535	0.5096706	0.9732041	1.87648559616e-05	1.377282e-05	4.95811e-06	7.683355e-05	3.82099	3	1	13	LRR_C
0.923380409593569	0.9801381	0.4693269425	0.9999317	0.894648037385411	0.9646488	0.3637540125	0.9998516	0.557895396391817	0.5769209	0.028007736	0.981699	0.380400660257006	0.2866709	0.007929674725	0.9421825	0.0008322550054138	0.000893307	9.266638e-05	0.00144225695	169.59594	180	19	289	LRR_CK
0.650300716763501	0.70587185	0.063075538	0.9986705	0.528313527999372	0.51613805	0.0299504485	0.9973074	0.614145281928213	0.6697275	0.04642448725	0.98555416	0.373788372268085	0.3417075	0	0.937229385	5.926078037731e-05	3.0567115e-05	4.501752325e-06	0.0002837611	14.65721	8	0	70	LRR_IAA
0.92935073486546	0.97617995	0.5849755875	0.999939005	0.912938509964407	0.9684478	0.51360656	0.9999207	0.357148495366608	0.32978725	0.014439659	0.8425882575	0.165680694274341	0.1132021	0.002335091	0.594176	0.0004686082876175	0.0003424596	2.490531e-05	0.001444422	95.01124	70	4	292	P_ABA
0.634482114928328	0.678933	0.106179415	0.948741575	0.533577535058764	0.5566946	0.05929335975	0.9077335275	0.521794071440032	0.53597605	0.0325452	0.9699731	0.296467059727587	0.225164	0	0.906417727499999	0.00014233546517849	7.2148e-05	5.585221e-06	0.0005372832875	29.96339	16	0	111	P_C
0.883891499708487	0.9258583	0.52422567	0.99630458	0.84681881732332	0.8944596	0.425135445	0.9946468	0.438753186537253	0.42105895	0.02007714625	0.9339177175	0.24271576038152	0.1655463	0.00301667195	0.8181841	0.0002447249980876	0.0002388237	2.123836e-05	0.000548180665	49.82817	50	3	108	P_CK
0.91930158263949	0.96338645	0.592617	0.9999003	0.89196789319742	0.9465109	0.49760785	0.9998352	0.4477996372249	0.4382827	0.02527097475	0.9227214	0.23468451240728	0.1633048	0	0.80189124	5.615571358626e-05	3.4017025e-05	4.761964375e-06	0.0002001887	14.08598	9	0	50	P_IAA
0.91142147960106	0.9545513	0.571317575	0.9997039	0.886005257395943	0.9370962	0.48273674	0.9996229	0.395045929547013	0.371218	0.01719376	0.9026216925	0.200384177488832	0.1379008	0.001436237875	0.743970259999999	0.00052325444673792	0.0003940645	9.815981e-06	0.00130937655	106.69982	81	1	263	P2_ABA
0.737096105922654	0.8158638	0.126465895	0.9863383	0.613281288508192	0.6569951	0.07252272625	0.9638344	0.700275363913834	0.7528768	0.1320248375	0.9839798	0.456791808696647	0.4430467	0.02000332	0.9450132	0.00015763161419621	3.0815505e-05	5.1021745e-06	0.000841188327499999	33.38604	7	1	176	P2_C
0.940921113845034	0.9881312	0.56931067	0.9998954	0.914250681354017	0.9754909	0.4527993875	0.9998124	0.677899900634519	0.773243	0.05683471575	0.9876762	0.519878425419137	0.5546351	0.01054145	0.9643659	0.00039121468937823	0.0003908781	1.617541475e-05	0.001110428	80.18513	84	3	225	P2_CK
0.636715733006604	0.6960972	0.05255278125	0.9970831	0.525228703997784	0.528437	0.02568789925	0.993070515	0.651843892386966	0.70999575	0.06603816075	0.987912	0.445751458730011	0.43538635	0.000586130647500001	0.958281325	0.00020011580718445	3.937448e-05	4.47645e-06	0.00107194165	49.01062	10	1	263	P2_IAA
0.994799757215	0.9965732	0.9839001	0.9999979	0.975917245413	0.9754778	0.9298179	0.9999885	0.991940427025	0.9950144	0.970428	0.9993228	0.96803058713	0.9767224	0.9002664	0.9968038	7.19016489842e-05	7.334264e-05	5.540514e-05	8.235684e-05	17.5127	17	14	22	R_ABA
0.423590579330368	0.4287384	0.03183905975	0.8203937	0.307568332489463	0.2997582	0.016139229	0.6688764075	0.64642055915927	0.71183035	0.05866776875	0.9888751025	0.457595450689921	0.457386	0.000688868257500001	0.971166595	0.00022279358268635	8.4539165e-05	5.84985e-06	0.001048225	46.77446	19	1	220	R_C
0.721958947674859	0.81202965	0.092170434	0.9957245	0.625856112196378	0.6797956	0.051753862	0.9911196	0.671126375948656	0.74545315	0.06920293425	0.9907638	0.483537196309208	0.48793855	0.00955228135	0.9722324	0.00073894709899754	0.0007984547	1.062519625e-05	0.001477794	151.10844	167	2	295	R_CK
0.91636568749212	0.9663275	0.55117703	0.9998568	0.890289897084245	0.9499255	0.4656322525	0.9997893	0.619107550707626	0.67894935	0.05256014	0.972554	0.479802252871826	0.485722	0.001576616	0.9437496	7.846436433102e-05	7.224607e-05	5.427517525e-06	0.0001954006	19.52755	19	1	48	R_IAA
0.997461304447	0.9985765	0.9912114	0.9996702	0.985577384008	0.9871139	0.9633205	0.9974456	0.995590526829	0.9962506	0.9840174	0.9991774	0.975578864105	0.9777853	0.9473798	0.9957536	0.000316905984125	0.0003205313	0.0002568902	0.00035887	61.97437	62	58	67	TLRL_ABA
0.825351599252555	0.8641447	0.45256125	0.9798537125	0.776694528861511	0.8165751	0.3665934925	0.9676903625	0.447042103104131	0.43896665	0.02445268625	0.93168872	0.240958652343438	0.1750753	0.001773824025	0.809201192499999	0.00066336446684889	0.0006761487	7.4145182e-06	0.001398850775	138.60663	140	1	287	TLRL_C
0.97068346006541	0.9923519	0.807648445	0.999999	0.95338197885077	0.9856941	0.7159104	0.9999979	0.78772842544875	0.8333971	0.38520877	0.9700357	0.658292624216768	0.6742924	0.31449553	0.9259191	9.925113272935e-05	7.45995e-05	8.917705975e-06	0.0002554081	21.16877	16	3	52	TLRL_CK
0.752904637518979	0.84357325	0.123046515	0.9995363325	0.689199352921908	0.76794805	0.07087555775	0.999223	0.503168749774935	0.510805	0.02776140375	0.961932605	0.298222457964166	0.22947385	0.00095654979	0.8850422	0.00023604582154542	0.0001761705	5.840202e-06	0.0006775993475	57.64755	43	1	166	TLRL_IAA
0.92530365896496	0.9730204	0.57711132	0.9999784	0.906658982488076	0.96299125	0.49674791	0.999969	0.351580619117612	0.3148513	0.01573051	0.856022157499999	0.138600811003242	0.070317495	0	0.639715029999999	0.00021242278884349	4.351849e-05	5.383082e-06	0.0008482168	42.96848	9	0	169	TRL_ABA
0.672831081482993	0.7131219	0.193644055	0.9399003125	0.581581531867663	0.6103674	0.1232112575	0.89356432	0.521071642479513	0.536181	0.03431524	0.9669485	0.310029215758569	0.24223385	0	0.9135588	0.00019241949605576	0.000126013	5.689844e-06	0.000661428335	40.52761	27	0	137	TRL_C
0.93653252141323	0.9716092	0.6524189	0.9997694	0.90374156743728	0.9490542	0.540616305	0.9996233	0.66163445419415	0.7275604	0.0710469705	0.985236	0.485986682628211	0.49161805	0.01813513	0.9646905	0.00038425156845854	0.000357103	4.116340575e-05	0.0008629436	79.37535	76	8	175	TRL_CK
0.922187621361508	0.9679644	0.5753903325	0.9998982	0.899692252169355	0.95458615	0.490733375	0.9998444	0.443367825516265	0.4300063	0.02080233	0.9327737175	0.254155954698435	0.17389085	0.000290953085	0.8431941	0.00022471744027849	0.0001549857	5.665162e-06	0.0009213134	54.73614	37	1	222	TRL_IAA
0.77428384985112	0.8339275	0.2685912575	0.9994442375	0.73082779008675	0.77929725	0.2249979175	0.9991735	0.395687253141928	0.36729085	0.0195838185	0.91512732	0.235933331097969	0.1588235	0	0.8490057	4.052351054706e-05	2.5015265e-05	3.3813762e-06	0.00014898155	14.21494	9	0	52	289_Root_length_Day_1
0.380333523487407	0.36803075	0.06578040975	0.7641507675	0.281466640458451	0.269059	0.0448585215	0.5909203	0.622083019439413	0.67771455	0.0503006875	0.9876979	0.457020933046726	0.4557458	5.95699885000003e-05	0.9735487925	0.00014551363745638	7.717955e-05	3.410252275e-06	0.00043338479	50.84336	27	1	151	290_Root_length_Day_2
0.413350032932523	0.4013738	0.08167108375	0.80643258	0.311058021944121	0.29921695	0.0580194595	0.6394289	0.680955652862119	0.758015	0.0702778	0.993589	0.542489965578083	0.5889695	0.0032838876	0.9869711	0.00018898207490943	7.050843e-05	3.516929e-06	0.000730535625	67.27796	25	1	258	291_Root_length_Day_3
0.297442194424713	0.273838	0.02361056525	0.7008429475	0.204170153517523	0.18791925	0.01300321725	0.491161137499999	0.610956583249418	0.66667165	0.04621587275	0.98710143	0.42192572856231	0.3872567	0	0.9695524275	8.22104880585e-05	3.9261515e-05	3.5056953e-06	0.000369091834999999	28.5763	14	0	126	292_Root_length_Day_4
0.339146935173557	0.32138715	0.042391931	0.7320824325	0.241419869768642	0.23069985	0.02443898275	0.5257578675	0.614502870295267	0.66840375	0.0466048425	0.9879225425	0.429798909253781	0.3992174	0	0.9740004025	7.227160059175e-05	3.5918175e-05	3.31021735e-06	0.0003187828275	25.07841	12	0	110	293_Root_length_Day_5
0.873640047814552	0.92493665	0.4635660875	0.991685915	0.772461813851746	0.8311799	0.291802085	0.9774010825	0.724333770198651	0.78301145	0.1606411225	0.9877638525	0.51366563635101	0.52175775	0.03577700025	0.957820105	0.00031770091169265	0.00022363065	6.930178725e-06	0.001154054025	58.83098	43	1	211	Average_root_width_avg
0.534193448008402	0.559863	0.03777385525	0.9423659725	0.365030282908822	0.3373745	0.016104673	0.8448337775	0.698105945976156	0.77574115	0.084342211	0.9922144	0.478245105018179	0.4865443	0.00127832415	0.96970447	0.00017586095059917	9.619068e-05	6.85264085e-06	0.0007020978275	32.61833	18	1	131	Average_root_width_day001
0.602670573991151	0.64921945	0.0721167125	0.93602384	0.425575105627687	0.4307134	0.0342831415	0.8126980725	0.700805675907203	0.7838445	0.080229037	0.9932567	0.486473913346223	0.49425775	0.0063724	0.9731038	0.00030604283159912	0.00015107025	7.259701825e-06	0.001298435	56.02323	28	1	236	Average_root_width_day002
0.85694120968595	0.90681815	0.450166225	0.9913602175	0.7719783020644	0.8258405	0.3130632325	0.9801535	0.581982825805866	0.605284	0.1001748	0.9472558475	0.340479561208001	0.3180232	0.0055134676	0.8265779325	7.224725222737e-05	2.9882875e-05	6.03975935e-06	0.000326153429999999	13.70091	6	1	60	Average_root_width_day003
0.78864719359938	0.84980305	0.284111035	0.9831269025	0.657364613603015	0.70344425	0.15582598	0.9524556	0.619292279820926	0.65627105	0.08476314425	0.9718205	0.341294647819184	0.29591505	0.007090277075	0.8988475125	0.00010532946637928	5.523158e-05	6.195997725e-06	0.0004650388	19.51929	10	1	87	Average_root_width_day004
0.82989240574086	0.8859777	0.3857415325	0.9849869	0.75169677347844	0.8040369	0.29085959	0.966491055	0.512193686194174	0.52950235	0.03405846875	0.9478592	0.249627658394482	0.19799885	0.003188291775	0.7903316	0.00029961497405738	0.0002244482	7.93566325e-06	0.0010469914	54.46915	41	1	195	Average_root_width_day005
0.787658068362259	0.8414911	0.296336405	0.9675183	0.673392052083198	0.722196	0.1737679	0.91924563	0.590864522169528	0.6328479	0.04802958	0.9810804	0.375924166347273	0.336513	0.004464768	0.936214612499999	0.00066967014933829	0.0007107919	9.244255575e-06	0.001565758575	122.58971	131	2	285	Euclidian_length_day001
0.806727869329141	0.873019	0.2671251325	0.9796802	0.698665723822455	0.76069085	0.1503670625	0.9480264825	0.606902940646465	0.65528785	0.05457734725	0.9771861	0.381603368121589	0.35022665	0.003752804	0.9167475675	0.00033199242387407	0.0002537766	7.274304625e-06	0.0009633671	61.14521	47	1	174	Euclidian_length_day002
0.737069034592625	0.8009877	0.1762840575	0.968167065	0.614253716978427	0.6614512	0.09318007125	0.91974332	0.58347040458111	0.62317405	0.0452507835	0.9775054	0.357593667945382	0.3140899	0.00026928756	0.9233168425	0.00019230493828982	0.0001411275	6.6831499e-06	0.0006349150275	35.21366	27	1	114	Euclidian_length_day003
0.772406339508491	0.845962	0.190360485	0.9764127	0.643675492718156	0.6995769	0.1005778975	0.9361258925	0.662012967071638	0.7260046	0.0754779385	0.9895334	0.448010212965432	0.4336933	0.007050225	0.9622657625	0.00059868685465276	0.0002515873	8.01449005e-06	0.001626196	109.45388	46	1	290	Euclidian_length_day004
0.803478162022165	0.8790292	0.224608565	0.9796138	0.671113136022485	0.732052	0.12015519	0.9394212	0.721002732555318	0.79773815	0.1084415675	0.9921494825	0.516170513644915	0.5261171	0.01539681475	0.96886962	0.00044218923152273	0.0003332808	8.0188311e-06	0.001430847	81.0688	62	2	259	Euclidian_length_day005
0.990292095994	0.9925606	0.9714628	0.9979788	0.962048813994	0.9677423	0.9029107	0.9888401	0.975065695099	0.9809902	0.9176221	0.9967143	0.914994702412	0.9270188	0.7804626	0.987552	0.0001149929771622	0.000109467	6.57194e-05	0.0002110519	21.34562	20	13	39	Relative_root_growth_rate_avg
0.99244911502	0.9941369	0.9788136	0.9979674	0.968614023286	0.9743075	0.9266261	0.987441	0.990178939484	0.9912916	0.9689855	0.9990462	0.957903763622	0.9614698	0.902409	0.996694	0.000371163767409	0.0003687571	0.0002983296	0.0004640465	63.94814	63	55	84	Relative_root_growth_rate_day001.day002
0.984438547552	0.9859389	0.9662797	0.9941524	0.935933053475	0.9400936	0.8715956	0.9726557	0.991430540844	0.9943112	0.9691837	0.9996986	0.96397697736	0.9739399	0.8853426	0.999202	0.000448491494374	0.0004417082	0.0003441663	0.0005593551	82.24851	82	66	98	Relative_root_growth_rate_day002.day003
0.962600503901	0.9777077	0.8411774	0.9968127	0.891259396766	0.9127861	0.6866816	0.9784885	0.939249002889	0.9558953	0.7820568	0.9961882	0.832645016872	0.8312176	0.6649045	0.9839876	6.676460293087e-05	6.079154e-05	1.372662225e-05	0.0002222667	14.61199	13	5	39	Relative_root_growth_rate_day003.day004
0.965165605305	0.9758054	0.869363445	0.9972099	0.86450703252	0.8734286	0.6597873	0.983162	0.932965933572291	0.9693894	0.568348380000001	0.9994233	0.813548679848727	0.8527486	0.2757069	0.9952772	0.00010197193496	5.60466e-05	8.369586e-06	0.0005365855	18.88646	10	2	95	Relative_root_growth_rate_day004.day005
0.719619141656151	0.80090725	0.1257759625	0.9995909	0.635396220469012	0.68351265	0.07308017925	0.9992473	0.44096084671803	0.42939005	0.025402962	0.9264805	0.193620642713396	0.1343452	0	0.714639799999999	8.613352676175e-05	5.9849415e-05	6.501032925e-06	0.0002996165	15.59904	11	0	54	Root_angle_avg
0.244292979820393	0.20115035	0.007708988675	0.697588875	0.12631572782961	0.09472869	0.002989890075	0.41120741	0.60391753959281	0.65321235	0.04545828125	0.9884872175	0.303727914470921	0.21250195	0	0.938233055	0.0001415368769834	5.0330855e-05	6.109809775e-06	0.0006012338225	25.51011	9	0	106	Root_angle_day001
0.519724130441972	0.5371253	0.05714183925	0.9191112675	0.377724936181434	0.36230095	0.031209105	0.7998324175	0.566388236500223	0.598603	0.03746661475	0.9817105	0.318501689274023	0.2494048	0.003082269775	0.918328215	0.00041783602688523	0.0003197436	8.77705855e-06	0.0014579516	76.13194	59	1	266	Root_angle_day002
0.745793497777551	0.7897521	0.2585829925	0.96270674	0.526759956985816	0.52522565	0.1516556	0.8659717775	0.793508506524557	0.86105165	0.1945925375	0.99201896	0.541018010987538	0.5608141	0.0130087725	0.9509588925	2.998016487802e-05	1.608593e-05	5.83042155e-06	0.000189373509999999	6.07333	4	1	33	Root_angle_day003
0.553312809840689	0.56612895	0.100348625	0.94065811	0.439713717708893	0.42187755	0.066738494	0.8646179	0.494984236708268	0.50025775	0.02900881	0.95771348	0.21260131312323	0.13998555	0	0.8056865	0.00019508919851597	8.5171435e-05	6.373635275e-06	0.0009748475	35.26117	16	0	175	Root_angle_day004
0.633964538800505	0.672706	0.1414982025	0.9629424325	0.526828643533391	0.5279215	0.102202745	0.9141249575	0.529322518400762	0.55063595	0.03487641975	0.9620557	0.260028426543405	0.1927219	0.00012020834	0.8413659	0.00031780224085299	0.0001877606	7.18390945e-06	0.001129032	58.13114	34	1	205	Root_angle_day005
0.513700005908933	0.5165723	0.0804718445	0.922887	0.396261527488012	0.3755716	0.04935980175	0.8304614625	0.494157844978943	0.5034481	0.027374917	0.95103621	0.212363072279847	0.1450183	1.97758457500006e-05	0.774762774999999	0.0003062884740542	0.0001339331	6.805057125e-06	0.001029262275	55.54569	24	1	184	Root_directional_equivalent_avg
0.411748286600255	0.37825075	0.0375876035	0.96637591	0.265561986942563	0.23117415	0.01759711125	0.8457132	0.584691514742374	0.63033415	0.0365878735	0.9800017325	0.255138109223062	0.1633731	0	0.873836414999999	4.504503185261e-05	2.721557e-05	5.9075732e-06	0.00018384503	8.1131	5	0	33	Root_directional_equivalent_day001
0.605448757387639	0.6362647	0.1002078175	0.967248935	0.488261074914282	0.4823863	0.0602680305	0.916714	0.49637387485651	0.5071082	0.0277947115	0.947877295	0.201467081863662	0.130279	0	0.7454788	8.98215642794e-05	3.7604925e-05	6.08899895e-06	0.000502514115	16.29424	7	0	91	Root_directional_equivalent_day002
0.540868075055975	0.5391972	0.0874814815	0.96457632	0.425342346087897	0.3924396	0.0546857905	0.913525015	0.499053486277787	0.5062303	0.02753158925	0.9563664325	0.205636332834319	0.1260284	0	0.808559765	0.00016438654714097	4.2645245e-05	6.230721425e-06	0.000805827724999999	29.70086	8	0	143	Root_directional_equivalent_day003
0.572217091084993	0.5812175	0.1158951625	0.967041155	0.468825285701091	0.44754485	0.0810635825	0.929378055	0.465752588350467	0.46549155	0.025433897	0.9304819475	0.175114228272277	0.11275235	0	0.6898612825	0.00019454581892924	5.9612105e-05	6.2850385e-06	0.001052218	35.14746	11	0	189	Root_directional_equivalent_day004
0.791953916199715	0.8954238	0.1950907	0.9994412	0.716023061521719	0.8007958	0.144640515	0.9985903	0.532915070432163	0.5593852	0.0400661295	0.9462433225	0.250477425680389	0.22119905	0.001650786775	0.743946775	0.00018934664449334	7.850404e-05	6.523657e-06	0.0008677127	34.4993	15	1	156	Root_directional_equivalent_day005
0.800099567454329	0.87088555	0.22872141	0.9859871	0.659637035380875	0.71056535	0.1206132575	0.9521315	0.747703422070047	0.7916123	0.26995583	0.9877501	0.505375503038896	0.4955461	0.05789681025	0.96038291	5.249392805831e-05	2.6334305e-05	6.08418705e-06	0.0002565649	10.40583	6	1	47	Root_growth_rate_avg
0.651544519533598	0.71022495	0.088531693	0.9495040475	0.508617224344531	0.53469685	0.04413633425	0.8766233225	0.613113708186864	0.6689584	0.04758815	0.9865917	0.39905637221261	0.36442175	0.00527760055	0.9528736325	0.00033251140761344	0.0003030308	9.76515625e-06	0.0009216732925	61.02982	56	2	169	Root_growth_rate_day001.day002
0.811847271546804	0.8797592	0.2294946575	0.987008655	0.641849687883119	0.6911446	0.11010182	0.94689	0.779216749039496	0.8167772	0.3581864	0.9842532925	0.488638244398886	0.4862111	0.08778018175	0.9256205325	2.671158776093e-05	1.7651515e-05	5.923693e-06	0.0001073576	5.52191	4	1	21	Root_growth_rate_day002.day003
0.8462847257344	0.890505	0.4618358	0.97782	0.700664428719144	0.7379161	0.2949043125	0.9282372	0.855831675540872	0.897172	0.4956018125	0.9944019	0.70448385152239	0.7345905	0.270161755	0.9815714	0.00015244270556071	0.0001087555	1.096138075e-05	0.0004828692	29.04231	22	3	86	Root_growth_rate_day003.day004
0.824645912911391	0.8773718	0.3713409675	0.980771075	0.706297167255963	0.7492041	0.25874224	0.940986	0.756534561030888	0.7942009	0.324895895	0.9802866	0.55183806722287	0.5450943	0.1467370425	0.9356775575	5.25185090506e-05	3.034107e-05	6.592038e-06	0.0002169157725	10.62045	7	2	40	Root_growth_rate_day004.day005
0.8328198862551	0.8760601	0.4677806475	0.98039803	0.7382769488146	0.76036305	0.4217161	0.9346000675	0.80663668545315	0.8631519	0.329776215	0.9930383	0.658265896864055	0.6788686	0.2144316425	0.9729339	8.057377360556e-05	5.674995e-05	6.685555825e-06	0.000380273532499997	15.82261	11	2	70	Root_horizontal_index_avg
0.667426669254069	0.7017856	0.23254371	0.9172985975	0.564913711568344	0.592233	0.1559878075	0.8372447	0.428625227355587	0.4169611	0.02180659	0.9083324475	0.171575554233103	0.10721645	0	0.68126398	0.0001038784761957	5.6714765e-05	6.40119325e-06	0.0005299681	18.79272	10	0	97	Root_horizontal_index_day001
0.8837523901294	0.9204239	0.561522015	0.9880043	0.80595935334846	0.8373476	0.46920793	0.9688312	0.80428838285853	0.8469636	0.3750262	0.9889533	0.678266038499429	0.69440595	0.28735502	0.9673781	0.00012423928880265	9.762473e-05	8.831232175e-06	0.0003679202	23.56681	19	2	68	Root_horizontal_index_day002
0.7966681559758	0.83485885	0.42744	0.9763399	0.6570895702798	0.6636679	0.363646185	0.9056462225	0.89651538284511	0.93344555	0.58950449	0.9972226	0.807068576936203	0.8335971	0.47265789	0.9906678	4.108965756282e-05	3.136755e-05	6.69126825e-06	0.0001260957	8.74158	7	2	23	Root_horizontal_index_day003
0.7770091237976	0.81816335	0.38282048	0.9676681	0.64646201918859	0.65537205	0.32983114	0.9053415	0.817018079384929	0.878048	0.3019086925	0.9950777325	0.66266340337537	0.701174	0.079635906	0.9831349525	4.771169598816e-05	3.334953e-05	6.621522225e-06	0.000184717	10.09589	7	1	39	Root_horizontal_index_day004
0.8323358183757	0.8750876	0.4512742075	0.9809923375	0.7502578459361	0.7754635	0.409541385	0.9484377425	0.705432580783202	0.7706712	0.1205181275	0.9825633	0.470262725704249	0.4811711	0.01554058	0.9274373	0.00016663664878921	7.586679e-05	8.068801e-06	0.0007624593525	30.98855	15	2	138	Root_horizontal_index_day005
0.343412092128234	0.3141867	0.016483501	0.8106767	0.211348437581734	0.175708	0.00750604525000001	0.607605067499999	0.598785207084327	0.64805615	0.0437907035	0.9855179025	0.341777139181108	0.2726158	0	0.9397762	0.00051808416981015	0.00040637595	6.669127e-06	0.001572123025	94.29781	75	0	283	Root_linearity_avg
0.387746914857507	0.37262535	0.0189964655	0.8391084125	0.260186142897214	0.22058585	0.00777167275	0.698352285	0.514061834825788	0.52223875	0.0283748615	0.974902105	0.232614374115425	0.1396969	0	0.8759230375	0.00021405670610658	6.465372e-05	6.1389187e-06	0.0009168581675	38.6573	12	0	164	Root_linearity_day001
0.847681841138914	0.9840995	0.1238603675	0.9999714	0.792450174136463	0.9649449	0.05933187425	0.9999336	0.604841923914657	0.6647446	0.04818730625	0.9807095	0.386179600915621	0.3742187	0.00129057325	0.9275838	0.0002719469115126	0.00018049605	7.1878841e-06	0.000745292159999999	50.30738	35	1	135	Root_linearity_day002
0.332521572034365	0.29478605	0.01343238425	0.8279726075	0.197997897849078	0.1537273	0.005813248925	0.6203951625	0.63229381974215	0.6964205	0.05055855	0.9901959925	0.381194119769625	0.32406925	2.18832817500007e-05	0.9614213	0.00025480812547633	0.0001328482	7.147261225e-06	0.001036377075	46.2787	25	1	186	Root_linearity_day003
0.320151116734059	0.28568595	0.01349784675	0.78990727	0.194297812569635	0.1557939	0.00627584485	0.57991044	0.593929511367284	0.63910655	0.04168826325	0.986951055	0.343526923239651	0.2717411	0.0009425841725	0.945905695	0.0007223340484239	0.0008378174	8.3436835e-06	0.001639930125	131.56906	152	1	292	Root_linearity_day004
0.432397181896378	0.4270076	0.02988014775	0.8693235	0.302835217662882	0.26868085	0.01387260675	0.753104125	0.535763185014561	0.5548894	0.0324640125	0.9762916	0.279694900151675	0.2002336	4.28303842500001e-05	0.9008867	0.000240762744737	0.0001568404	7.393738475e-06	0.000996043092499999	43.69948	29	1	180	Root_linearity_day005
0.708361788490492	0.78611705	0.09391266375	0.9635005	0.54944751578603	0.59757835	0.04640961625	0.8642226	0.728535187344995	0.81480315	0.0849208245	0.9933831	0.526835179776537	0.5703757	0.007866439075	0.9728714	0.00013491840718798	4.822133e-05	6.3852861e-06	0.000749094875	25.03968	9	1	135	Root_tortuosity_avg
0.580935877501762	0.63789	0.03815853325	0.9418349	0.396264710976659	0.4117499	0.01445543075	0.7794714	0.707753921951279	0.8079681	0.06572728025	0.994936	0.480797782897327	0.5062959	0	0.9770834	4.975258996349e-05	3.1141915e-05	6.10438555e-06	0.000207421365	9.47534	6	0	38	Root_tortuosity_day001
0.84235389477593	0.870891	0.5557823425	0.9724287	0.618392251765615	0.6284409	0.3373923	0.8420611	0.88108320719746	0.9148463	0.5790504	0.9953133025	0.682004069372516	0.6911623	0.31663463	0.97215323	2.1738102238e-05	1.6387155e-05	5.823939e-06	5.85425e-05	4.67484	4	2	12	Root_tortuosity_day002
0.648967337925705	0.69768595	0.1166294975	0.9394613	0.530090416470207	0.5584712	0.05894640825	0.8707653	0.51077899625956	0.516556	0.02512916125	0.9762085475	0.289596450106827	0.1893577	0	0.9225923475	0.00015578707363067	5.8927295e-05	6.259284875e-06	0.0007959831325	28.24029	11	0	142	Root_tortuosity_day003
0.972844576928	0.9779428	0.920005485	0.9944583	0.88745029908	0.8977555	0.7698326	0.959723	0.978262326298	0.9839875	0.922336415	0.9987486	0.910729692981	0.9181505	0.7772032	0.9921049	7.77736998954e-05	4.694558e-05	1.53131e-05	0.0002657513	15.08594	9	4	45	Root_tortuosity_day004
0.910271419455	0.9299145	0.7196465	0.986594	0.782343474114	0.7934979	0.5621481525	0.931803	0.9027655894838	0.9304691	0.6578493	0.9970302	0.760496477372857	0.7681656	0.47186401	0.9847083	2.665163670655e-05	2.173666e-05	6.46429e-06	8.38737359999993e-05	6.51473	6	2	15	Root_tortuosity_day005
0.805173202319514	0.8638605	0.3035924075	0.9794103	0.69331660751357	0.7448159	0.1784198475	0.95053121	0.600781229384193	0.6454658	0.0551252645	0.978657135	0.375227436546875	0.3357958	0.002700861125	0.9320085	0.00021727055427343	0.0001459972	7.0660069e-06	0.000685634	39.87188	27	1	123	Root_vertical_index_avg
0.762828880576824	0.81925315	0.2460269925	0.9632013775	0.658872381548528	0.7098343	0.140594125	0.91701767	0.509941992304576	0.52056215	0.03438329425	0.9584147	0.283872531347587	0.2258229	0	0.866477687499999	0.00020922108247655	8.062226e-05	6.378121675e-06	0.0009897591325	38.34653	15	0	177	Root_vertical_index_day001
0.79329041036291	0.85811325	0.250741155	0.9759431	0.681382739248298	0.7385549	0.143309515	0.939827225	0.590378956484088	0.632994	0.04858391575	0.9788351	0.35859752623277	0.3216969	0.001442685475	0.9224774	0.00028346855220184	0.0001606029	7.505098875e-06	0.001045751175	51.96559	30	1	187	Root_vertical_index_day002
0.720547223514174	0.7871122	0.1527726	0.964547485	0.59752880919418	0.6446974	0.07686640975	0.91341488	0.562758336518526	0.59154105	0.0410671545	0.9768388	0.333850564499366	0.2775124	0.000115956	0.91965368	0.0002240155324615	0.0001068461	6.844423325e-06	0.001038634	41.04295	20	1	190	Root_vertical_index_day003
0.744635352018515	0.81835205	0.15547214	0.973032925	0.612734808927366	0.6629153	0.078868494	0.9311528975	0.63871375678547	0.6948897	0.068507315	0.98251287	0.413402219578657	0.3953983	0.004570770525	0.9387637	0.00014834732450878	0.0001011285	8.167831275e-06	0.0004782196	27.40176	19	1	85	Root_vertical_index_day004
0.76970536233668	0.85178395	0.1495317125	0.9779131	0.633280389620286	0.6924429	0.07709098	0.933736115	0.698030738312943	0.77589585	0.08420304175	0.9916613175	0.491341194112568	0.4933847	0.01328784	0.9691669	0.00058658244093855	0.000559254	8.2586911e-06	0.001532188075	107.54228	104	2	280	Root_vertical_index_day005
0.9154847826424	0.9458546	0.666779905	0.990245665	0.8251507887162	0.8644896	0.47089053	0.9732035	0.835254475853465	0.8913396	0.346476	0.995485115	0.677866751054223	0.7265853	0.1315385	0.9839081375	0.001002954931841	0.001017262	0.0005500556	0.00144816825	183.89875	189	106	261	Root_width_100_avg
0.725672933835056	0.760095	0.331799545	0.9291593	0.588153770669369	0.61099355	0.2118050825	0.8404031	0.609312938835653	0.6574399	0.05925503375	0.9809249	0.394756887168633	0.3660406	0.002255908525	0.93947849	0.00019269002587754	0.0001394497	7.319041e-06	0.000562167765	35.47785	26	1	100	Root_width_100_day001
0.846819014244011	0.91438685	0.3325934975	0.9921324	0.758103409970646	0.8301297	0.2037010875	0.9809281525	0.604491874814255	0.6528472	0.05316943875	0.979942	0.381181506405822	0.34592035	0.01178942525	0.924062	0.00074855731358076	0.0007729412	4.311651575e-05	0.001379901	136.76996	142	8	246	Root_width_100_day002
0.8670165836098	0.9006787	0.5599745	0.9834243	0.7853124593111	0.81758455	0.441184755	0.965115795	0.646719894086285	0.68940325	0.12021089	0.9672216	0.419353175121324	0.409285	0.02243923	0.8971205	0.00027070327844847	0.00020218395	9.720951325e-06	0.000845221359999999	49.82277	38	2	153	Root_width_100_day003
0.68007656703461	0.72773705	0.16611302	0.9544681725	0.541732023247335	0.5605972	0.09228973325	0.897125835	0.615032417831138	0.6642295	0.056969518	0.9835291	0.398832415301639	0.3688858	0.00437031857500001	0.94612319	0.00038762867360878	0.00024437455	9.659064625e-06	0.001280554	70.6819	44	1	230	Root_width_100_day004
0.6624018839905	0.70101945	0.1830582225	0.95589521	0.517999558933839	0.52135135	0.1212116	0.8854504225	0.64425022403444	0.7025125	0.07254059875	0.97841525	0.387496312644036	0.3654228	0.004127921175	0.9122681575	0.00019467854313041	0.00014569995	7.628396825e-06	0.000744905007499999	35.58503	27	1	133	Root_width_100_day005
0.566451405122069	0.6060153	0.0439020365	0.949718065	0.434949448522459	0.43495895	0.01970184675	0.881052765	0.541396848655781	0.5609894	0.03063801525	0.9822338	0.307209690426388	0.21617925	0.0003951121	0.9364227	0.00023430478462538	0.0001364304	7.4035407e-06	0.0010260933	42.47235	25	1	188	Root_width_20_avg
0.328747123851797	0.2990358	0.0129306595	0.7982681925	0.203215656880682	0.16102235	0.0053263787	0.605715149999999	0.554756345568555	0.582149	0.03408317025	0.9822158075	0.276656260117357	0.18442465	0	0.9167307225	0.00013427434650243	7.0574655e-05	6.5388794e-06	0.00058080105	24.18879	13	0	103	Root_width_20_day001
0.437427641496315	0.4398075	0.02684426425	0.8625221225	0.30046726737037	0.2749492	0.011009316	0.7250624	0.538527662290642	0.55761695	0.031831398	0.9799514075	0.272067009443553	0.1784412	0	0.9155064825	0.00020661988001695	6.6286465e-05	6.296959875e-06	0.0012365835	37.27203	12	0	226	Root_width_20_day002
0.523608424258045	0.5477346	0.03507904275	0.939597425	0.398979938983093	0.3781923	0.014922348	0.88083353	0.483454185595757	0.4758895	0.025143997	0.968556205	0.223159477018436	0.13252545	0	0.8664695925	0.00014194876224187	6.108128e-05	6.48480435e-06	0.0006617532875	25.59598	11	0	116	Root_width_20_day003
0.706048780622156	0.8019782	0.07088046875	0.990082785	0.593210955736281	0.65121785	0.032942416	0.9762638	0.544942695747383	0.5664831	0.03273351725	0.9817354	0.30844312306914	0.23191165	0.00102883955	0.923484	0.0004099294812051	0.0002969571	7.465497425e-06	0.001267462	74.85107	54	1	225	Root_width_20_day004
0.94280767033078	0.9872097	0.51938499	0.9999284	0.908508259261172	0.9680058	0.3810564175	0.9998532	0.631334051479984	0.7024713	0.04031672525	0.9908601	0.449223594185016	0.4084099	0.004156382	0.9668099	0.00035121323053454	0.0003890004	1.62306e-05	0.000690559875	64.74462	74	3	122	Root_width_20_day005
0.795638261037999	0.8430169	0.3685027675	0.9771452475	0.638809490707481	0.66510655	0.22821418	0.9251846025	0.769872878067782	0.816211	0.3018871325	0.9903409	0.567902258024918	0.5666032	0.1054770425	0.9632037	4.797841905658e-05	2.436612e-05	6.061565e-06	0.0001959434	9.57126	6	1	36	Root_width_40_avg
0.321189364285876	0.2771735	0.0103005085	0.83575174	0.182664671150707	0.1334297	0.004027472775	0.6146046	0.623204423121709	0.680365	0.047551852	0.9903543	0.341909799811304	0.2645872	0	0.9524700225	9.012889634204e-05	5.338974e-05	6.110045175e-06	0.0003553042025	16.18774	10	0	64	Root_width_40_day001
0.628741009167739	0.67718165	0.10155677	0.9344085975	0.433606689864475	0.441299	0.04817382425	0.7848297	0.759098260502905	0.83946295	0.131622835	0.9938902	0.560888270582806	0.60106715	0.009786860775	0.9770233075	0.00011851713660937	5.327052e-05	6.649437525e-06	0.000524246305	22.08172	10	1	94	Root_width_40_day002
0.9493665737087	0.9749454	0.73456635	0.9980467	0.8949955152789	0.937278	0.54911085	0.994864	0.728924930958495	0.7812447	0.2317386	0.9679664	0.498081235260038	0.5067803	0.073047	0.8867611	0.00014339266882742	0.0001261402	9.853367e-06	0.000470464772499999	27.17787	24	2	89	Root_width_40_day003
0.84472323985828	0.89023205	0.45873572	0.9819359	0.71341838937188	0.75233145	0.2945389	0.9412905	0.744653452767976	0.7860378	0.285744365	0.9837110075	0.501907078987577	0.49085305	0.0912256275	0.9428454075	0.00010203077829736	3.928077e-05	6.33799785e-06	0.0004338588	19.49785	8	1	78	Root_width_40_day004
0.832028161234261	0.8863843	0.3733196375	0.98318469	0.728310796831398	0.78125865	0.23696552	0.955867565	0.591333765100406	0.6326595	0.054879661	0.9676786	0.334533560462175	0.28885795	0.00730222657500001	0.880206	0.00053724058134016	0.00034428355	6.379985875e-06	0.001597996375	97.94125	63	1	288	Root_width_40_day005
0.846499843072298	0.89252515	0.45650077	0.980844455	0.725788784079522	0.76902765	0.2955586	0.9460127275	0.711178192804795	0.7679884	0.1523002	0.9891506775	0.490101419354852	0.48655065	0.03285836725	0.9616744225	0.0005864787928776	0.00053562125	6.980486525e-06	0.001610449	107.52817	99	1	289	Root_width_60_avg
0.612658771931136	0.6549047	0.09191227175	0.9401016475	0.427888713266937	0.42297715	0.04375745375	0.8313798375	0.7335372791782	0.8057886	0.129025205	0.9934048	0.524774481858836	0.5405396	0.0144087615	0.974931525	0.00018893904204481	0.00015041595	6.856733325e-06	0.000555463552499999	34.88751	27	1	101	Root_width_60_day001
0.795851459545429	0.8370224	0.4157429	0.9790101175	0.653953356142704	0.6665712	0.3147986125	0.930247	0.806682929590587	0.84923415	0.4076320625	0.9928678	0.661244729449801	0.67035705	0.2636776825	0.9784131	3.400161167908e-05	1.882017e-05	5.82333045e-06	0.0001244747	7.03683	5	1	24	Root_width_60_day002
0.84773054996936	0.88679725	0.4979067325	0.97961014	0.76114424580608	0.802493	0.36150819	0.95376641	0.565029873057844	0.5902074	0.07081459475	0.948922925	0.329958576363553	0.2968545	0.003211945	0.853918505	0.00015547940543597	6.5802035e-05	6.258748775e-06	0.0008187594	28.92452	13	1	149	Root_width_60_day003
0.815350455041959	0.8713481	0.3389268075	0.9840461	0.685791263035277	0.73113645	0.19560101	0.9545793	0.705995484590094	0.7683623	0.1212961175	0.9848333	0.480815370902256	0.48217395	0.02967452975	0.945827097499999	0.00057915182216495	0.0005714009	1.015763475e-05	0.00142461505	106.03804	106	2	260	Root_width_60_day004
0.81818246234155	0.8677738	0.3972181125	0.98034134	0.734762510637536	0.776406	0.30649966	0.95224853	0.508677054493236	0.52575795	0.036008236	0.9390115825	0.218091933154261	0.1678917	0.0001598513	0.7190222	0.00018573813352643	5.750422e-05	6.329715575e-06	0.0009746430875	34.10045	11	1	179	Root_width_60_day005
0.9472167817983	0.983048	0.6771213875	0.9999313	0.8967360676212	0.958444	0.49317228	0.9997938	0.74240083876486	0.7813603	0.3229268425	0.9702854	0.506407106056888	0.5217459	0.09808494	0.9070007	0.00020980495419716	0.000174858	6.3070639e-06	0.0006083667	39.42411	34	1	108	Root_width_80_avg
0.924444023153	0.9476234	0.716091395	0.9904652	0.8357342977737	0.86694025	0.5355041	0.9701985	0.8454619015353	0.8877217	0.4831830575	0.993423	0.688258614875187	0.7249869	0.25849758	0.978757	0.00012427719479271	0.0001203847	9.0939394e-06	0.0003037753325	23.97872	24	2	55	Root_width_80_day001
0.82620364813358	0.88695835	0.3419408725	0.9896352175	0.714373634858883	0.77164205	0.2022777675	0.9703594675	0.607552989751019	0.64549615	0.0775934725	0.9667155	0.327284816290555	0.2782854	0.004191538875	0.8744275	0.0001026703205269	4.953096e-05	6.496747e-06	0.0004479033	19.04173	10	1	82	Root_width_80_day002
0.8316152241151	0.8683163	0.4861180825	0.9739707	0.7065576864285	0.7301599	0.36331571	0.9267162	0.79144086954171	0.8358796	0.3507493825	0.99245452	0.614669679045982	0.6297593	0.146073415	0.9769384	0.00013843247630804	8.444617e-05	7.140557e-06	0.0006415396	26.79687	16	1	119	Root_width_80_day003
0.826067840040126	0.88613835	0.3462454525	0.98968009	0.727019141081388	0.7814889	0.2166626925	0.974824055	0.617380452795849	0.6662208	0.071829844	0.9669691	0.38209809715981	0.3625778	0.00921400315	0.8906431975	0.00041910529054719	0.00038601905	1.107129925e-05	0.0009464317975	76.95044	70	2	171	Root_width_80_day004
0.76013652136798	0.80563145	0.3226907525	0.966224635	0.60656094338054	0.62168905	0.24594747	0.8838728625	0.678011197551291	0.73419715	0.102504005	0.9721622	0.317686442534318	0.2810215	0.00510318905	0.8489569625	6.70505521466e-05	2.6441565e-05	5.997545e-06	0.0003666198	12.70173	5	1	68	Root_width_80_day005
0.7695983712689	0.82051395	0.2846771025	0.9597559725	0.666736960093738	0.7143131	0.169251045	0.9100976625	0.51592571142882	0.5301895	0.03299359	0.9608846375	0.298359423871998	0.2425905	5.06182182500001e-05	0.8826153325	0.00022355814591242	0.0001389478	6.827239775e-06	0.0007923304875	40.99311	26	1	140	Total_length_day001
0.788555135427593	0.8480841	0.270602485	0.971483995	0.667430001288722	0.7176536	0.151532	0.92721851	0.619098784629217	0.6722373	0.059089423	0.98161322	0.395165706664678	0.36632345	0.003704762825	0.9361694525	0.00063275335921299	0.0004590757	7.89316855e-06	0.00159851	115.55477	85	1	284	Total_length_day002
0.704388107921764	0.76364225	0.16130047	0.956695805	0.576534114069249	0.61650375	0.082381778	0.89486964	0.565219943792476	0.59523135	0.04246772825	0.9786093	0.334371184729375	0.27950935	9.08851355000009e-06	0.9235064225	0.00019175523006811	8.755616e-05	6.703299375e-06	0.0008042037	35.20023	16	1	146	Total_length_day003
0.750411758096497	0.8208877	0.180407205	0.9714982	0.616819725061041	0.6653881	0.09342192875	0.9208605	0.646156300993992	0.70480595	0.06747714775	0.9883899	0.428046830227357	0.4070039	0.003290594975	0.9566598	0.00037844129074538	0.000188963	6.997577625e-06	0.00159008555	69.32503	35	1	288	Total_length_day004
0.744424547385057	0.81454615	0.17397354	0.9712296725	0.613464004958244	0.66180175	0.092354979	0.9202246375	0.654047767841388	0.7064269	0.079304256	0.9895792	0.434673963988025	0.41122625	0.003304411425	0.9631228	0.00014628170598597	8.0271415e-05	6.358844675e-06	0.000544144092499999	27.16022	15	1	99	Total_length_day005
0.949209978262	0.967149	0.79475195	0.9993249	0.840407458422	0.8644431	0.55254361	0.9972296	0.885597254416	0.9118454	0.6317515	0.9866099075	0.6292700083065	0.6259074	0.3660653	0.9119702	7.141979425257e-05	5.702885e-05	1.190167e-05	0.0001930044	10.29966	9	3	24	286_Mo98
0.988084702068	0.9896733	0.9738859	0.9962581	0.904069697701	0.9089272	0.8170689	0.9713444	0.991418387945	0.9922693	0.9769824	0.9996829	0.930423155335	0.9303897	0.8395576	0.9966084	0.000718654916168	0.0007241922	0.0004158279	0.0009997851	83.13872	88	44	116	282_Zn66
0.999070157986	0.99979	0.9944389	0.9999939	0.997109156846	0.9990022	0.9757536	0.9999795	0.954137875851	0.9589185	0.8471612	0.9956149	0.873686173207	0.8818169	0.7076146	0.9834749	5.41431877291e-05	5.243732e-05	4.390462e-05	8.072225e-05	22.59333	22	18	26	Xyloside_percentage
0.281184157924988	0.2512707	0.012170873	0.70648961	0.196563903489555	0.1663185	0.00638259075	0.544305917499999	0.559147234082248	0.587734	0.03438448275	0.9832186	0.362675985293025	0.29788485	0	0.956961325	4.249856582289e-05	2.509465e-05	2.788435125e-06	0.0001816747625	17.19617	10	0	75	PC1
0.348249682806881	0.33025695	0.01858870075	0.77766313	0.270437636548762	0.2429835	0.010506911	0.6724745875	0.521179616159452	0.5320667	0.02795809825	0.977406725	0.354127008922843	0.2874552	0	0.949491255	0.00013101947530917	6.448252e-05	3.113988925e-06	0.000487197285	53.5897	26	0	197	PC2
0.275395639079417	0.23668055	0.01039128	0.7327682775	0.173934468322305	0.13836365	0.004880887025	0.5156607775	0.569060796865066	0.6052762	0.03580068325	0.9840430225	0.337155504978226	0.26038905	0	0.94783758	4.650832166814e-05	1.585383e-05	2.03991395e-06	0.00019378932	24.81668	8	0	103	LD12_peak
0.380173295748789	0.36834335	0.02093966325	0.8147697	0.282742605115675	0.2554546	0.01031067575	0.69475656	0.512143340418139	0.5199067	0.02734835325	0.9747019125	0.296207042786309	0.2102174	0	0.9278512225	5.351450089464e-05	2.248029e-05	2.06010185e-06	0.00025122916	28.68067	12	0	137	LD12_period
0.29532166869669	0.25909875	0.01120243025	0.74907915	0.204117629969706	0.1666769	0.006334474675	0.590298195	0.574338878891923	0.6114213	0.03712199525	0.98444393	0.407403536876705	0.3638512	0.007233470725	0.9597151625	0.00030280145465265	0.0003378982	3.8937844e-06	0.00055898963	163.67479	182	2	294	LD14_peak
0.849451425786609	0.9696504	0.129320505	0.9999565	0.812359468324058	0.9504943	0.0713265265	0.9999374	0.738088984811692	0.80192615	0.160631685	0.9927987	0.651371285914195	0.7174537	0.026217145	0.987115665	3.377739197987e-05	1.591092e-05	2.2371199e-06	0.00014693001	18.75062	10	1	81	LD14_period
0.314157089678112	0.27636885	0.01192116775	0.7898553	0.207986287110323	0.1625748	0.005385191225	0.6298799775	0.571337989050687	0.6074432	0.036883834	0.9843342625	0.339229084267078	0.26226515	0	0.9503631	5.078646724749e-05	1.2360265e-05	1.984014125e-06	0.0002672788625	27.23462	7	0	145	LD16_peak
0.366918904397944	0.3508105	0.01886761475	0.8088446	0.264502309645163	0.23367175	0.009271249425	0.673753	0.558832857850431	0.58762885	0.03553287225	0.9831294	0.360994482993642	0.29288015	0	0.957228535	5.269395722581e-05	2.3924175e-05	2.161995925e-06	0.00031307411	28.3088	13	0	173	LD16_period
0.165030531990956	0.12553825	0.004800364	0.532526309999999	0.0911184015955125	0.067414995	0.0022943342	0.3047441	0.572363888150397	0.61084285	0.03696505	0.9855598475	0.338978389805052	0.26250025	0	0.94757725	0.00010872652803061	2.5584175e-05	2.17030265e-06	0.0005094177	58.38661	13	0	275	SD10_peak
0.483728118287984	0.4939787	0.026948686	0.9169414625	0.379809679151565	0.35825575	0.01328038475	0.8494156	0.580428373409798	0.6194899	0.03836746275	0.9854403525	0.401584162665876	0.3550569	0	0.9667036	4.169423151373e-05	2.0172075e-05	2.14461195e-06	0.0001916177	22.59662	11	0	105	SD10_period
0.874443133948816	0.9796161	0.0648195545	0.9999521	0.8225446859162	0.9443274	0.0358301205	0.9998099	0.849028272814648	0.892893	0.3193125075	0.9883778	0.707565579581165	0.7269786	0.1064671225	0.96184	1.297016152359e-05	3.766296e-06	1.894179e-06	0.0001659010725	7.28987	2	1	92	SD8_peak
0.424605640498678	0.4278149	0.027978041	0.8337978425	0.321124118964731	0.3073546	0.0157819485	0.71429961	0.565585843309539	0.59967785	0.03479978475	0.982631115	0.387212178331312	0.3348844	0.0004606054425	0.9568111875	0.00015702689546491	8.853127e-05	2.288264275e-06	0.0005338712	84.77767	48	1	286	SD8_period
0.716031807445846	0.80869305	0.08112360425	0.9994542	0.776536994521028	0.91764055	0.03493945125	0.9998557	0.54122541908335	0.5600681	0.0338483965	0.9802141	0.694768869350664	0.9016027	0	0.9999269	8.367517547364e-05	2.7700565e-05	2.86568245e-06	0.0003566428	33.19166	11	0	142	Agro_PPV_infection
0.988955115669	0.9907312	0.9734531	0.9962791	0.952862570535	0.9571659	0.9120697	0.983892	0.993965541167	0.9956883	0.9740592	0.9998689	0.974054870013	0.978505	0.9114525	0.9992721	9.09568206404e-05	8.823985e-05	6.507852e-05	0.0001177042	23.17577	24	17	27	Mechnical_PPV_infection_Hampes_Rosettes
0.458839319603525	0.4376919	0.01920267025	0.9713356075	0.317919287529127	0.25101725	0.00783576355	0.9252529775	0.592902343073749	0.6395339	0.04111878725	0.98606211	0.304798990127407	0.22446325	0	0.9261443175	0.00019899803455431	0.0001249187	7.47147825e-06	0.0006302559375	33.16468	21	0	102	ile_ileleuval
0.624127979458932	0.6645615	0.056847828	0.997486835	0.495589417546183	0.47738945	0.02502211025	0.9919624775	0.588942594499091	0.633803	0.03987823075	0.97999295	0.319843130383383	0.2464816	1.81426425e-05	0.9155211	0.00040276530173148	0.00027895235	7.341309375e-06	0.001527808	68.23997	47	1	263	ile_t
0.643902373081519	0.6838216	0.10080254	0.9919895	0.514876807460795	0.51327065	0.0508694075	0.9806107425	0.556990129820226	0.58942025	0.0354431895	0.9698945	0.28314209383937	0.2178227	3.12431507500059e-08	0.8654471425	0.00020419010809144	0.00014340355	7.343761025e-06	0.000810427475	34.57902	25	1	140	ile
0.402344627270758	0.37559225	0.024737511	0.92844332	0.272899527979495	0.22622755	0.01037743775	0.8213668025	0.535108972444125	0.55557905	0.03134205925	0.974200065	0.228218925370667	0.14104765	0	0.855084224999999	0.00030292409616471	0.0001806857	7.13348035e-06	0.0011661124	50.59868	30	0	194	leu_ileleuval
0.80165079777904	0.9437877	0.1329903675	0.9997774	0.686929708113801	0.8032853	0.0738406455	0.9984438	0.816026856719523	0.9343973	0.1194124	0.9987173	0.632975293196964	0.74588165	0.02430762775	0.9919835	0.001335027679802	0.001341273	0.00075754065	0.00177178215	224.29301	218	129	292	leu_t
0.583553970750853	0.6056809	0.0747856945	0.9841866625	0.436005291337588	0.41469395	0.03607029375	0.955923984999999	0.598344325856895	0.6512635	0.04158445675	0.9832989225	0.322293496919327	0.25261535	0	0.9234289	0.00041760410343846	0.00016580325	7.321207075e-06	0.001497976	70.70828	28	0	249	leu
0.450491622751484	0.43400815	0.027250379	0.9523122	0.306606918871108	0.25625015	0.0115277965	0.8759697575	0.580586997220471	0.62067685	0.0400116635	0.983986445	0.290136545508012	0.2081145	0.00011452378	0.914881705	0.00039765384893787	0.0003285931	7.741721e-06	0.0011965941	66.28712	54	1	197	val_ileleuval
0.896497563336572	0.9505785	0.497759595	0.9999392	0.858407025398631	0.92248655	0.381459715	0.9999129	0.322499041568571	0.285943	0.01342469	0.8015364	0.0638877660401193	0.027213695	0	0.333493002499999	5.330847804698e-05	2.41652e-05	6.364155075e-06	0.000367733077499999	8.84664	4	0	64	val_t
0.81397583624392	0.85813945	0.38489198	0.9992088	0.75294096485905	0.787017	0.300793035	0.9986114	0.408688608478639	0.3898868	0.0191780895	0.887792015	0.151538296511549	0.09372337	0.00053331292	0.591212224999999	0.00061930375143944	0.00046984725	9.62769735e-06	0.001776116075	104.42672	80	1	294	val
0.87475756051882	0.9214718	0.501617415	0.9997904	0.829343580516876	0.8797921	0.3950460975	0.9996714	0.355794262275211	0.3275102	0.015100898	0.8481466975	0.107203121326966	0.05809459	0	0.4824057225	0.00016595897071281	8.8267635e-05	8.426489e-06	0.000664810647499999	23.72539	13	0	96	beta_carotene
0.8541540119419	0.9007676	0.4914765725	0.9938755	0.670142127228	0.66824225	0.37982306	0.9411081	0.802978965575239	0.8961921	0.1503777	0.9927198	0.405336157071008	0.4052296	0.0114330915	0.888399554999999	0.0066105427618042	0.004461512	0.0002453937	0.024098369	75.24372	51	4	270	Seed_size
0.72908699342871	0.7810512	0.180224835	0.9991828	0.664920061490044	0.70104415	0.1072686725	0.9987439275	0.342656928030437	0.3064049	0.013535896	0.8431135325	0.0786815853817094	0.039198275	0	0.370189095	0.00023147678403184	8.435746e-05	1.0383983e-05	0.001085277	24.06522	9	0	113	Aphid_reproduction
0.627045974389106	0.6657546	0.09353566525	0.9805604775	0.500334642801863	0.50213275	0.04398993375	0.95842862	0.522338867800711	0.54148425	0.03023865625	0.9637668775	0.212846292200064	0.13850675	0	0.8178644	0.0003051250931595	0.00010045685	1.09970655e-05	0.0019666099	32.03075	11	0	207	Thrips
0.943289765479	0.9587884	0.7856569	0.9995899	0.79146667406	0.8008812	0.500473	0.9977507	0.928228302442	0.9458197	0.7496573	0.9963507	0.720284191407	0.7166222	0.4562005075	0.971142885	0.0001551244304461	0.00015729655	3.58356715e-05	0.0002992148	18.65215	18	6	34	Botrytis_and_Pieris
0.380707199866908	0.3583312	0.0252619055	0.8398985	0.207768908486632	0.1811325	0.0106312415	0.54956463	0.645797847326956	0.7141893	0.05572000125	0.9902461125	0.334519602335872	0.26417795	0.003648667	0.936282805	0.00157419349514011	0.001821585	1.7466648e-05	0.0028947492	165.69798	192	2	295	Drought_and_Pieris
0.521530564746447	0.54407315	0.04489606825	0.91445893	0.343548974311337	0.3265225	0.0176769385	0.7789322075	0.596235986212398	0.6444017	0.0426882065	0.98589974	0.285373409239333	0.20425225	0.000106901415	0.9119584	0.00022803149909154	0.0001241706	1.165257575e-05	0.000893105965	24.01261	13	1	93	Drought
0.663215231047574	0.701923	0.18526902	0.9537245	0.444801101857683	0.4366039	0.09911545925	0.8176422125	0.744234894694526	0.8210527	0.1256686025	0.99305644	0.472910996116959	0.4805742	0.0046726417	0.9621323	0.00020276330654457	0.000127023	1.14440815e-05	0.0008379341	22.15987	14	1	88	P_rapae
0.971074089928	0.9734405	0.9340546	0.9932643	0.759391034902	0.7582562	0.599557	0.9257613	0.991323431758	0.9940782	0.9657014	0.9998024	0.917678625551	0.9328193	0.7695485	0.997912	0.0001917475202174	0.0001959432	9.415953e-05	0.0002930672	23.15878	23	12	35	P_xyllostella
0.984223674354	0.9874724	0.9508955875	0.9973027	0.897021516186	0.8990298	0.8018325	0.9775159	0.8805044559724	0.9128026	0.61376617	0.9688976	0.231426539015	0.2214204	0.06917423525	0.4249058	0.003466882364378	0.003554297	0.0003451057	0.007507604	97.78635	104	12	208	FT_mhi
0.981845790932	0.9899557	0.89661965	0.9979696	0.877678199848	0.88075335	0.7707636875	0.969236	0.892227172310715	0.9530112	0.2863341875	0.9789975	0.319669549270998	0.3469079	0.009549801575	0.5319966	0.0062300865192329	0.007005944	6.1195527e-05	0.008844195	174.26727	200	2	229	FT_mhp
0.911869683973	0.9336786	0.734837065	0.9835457	0.686594088098	0.68792095	0.555323005	0.8087614	0.812777247038422	0.8791184	0.294330215	0.984461405	0.279152299174751	0.22641485	0.00972840475	0.6521291	0.0017214783001174	0.001041376	5.788383825e-05	0.004429462	54.74352	34	2	137	FT_mli
0.882302732059	0.9093872	0.64840896	0.9878192	0.681798446324	0.68438285	0.492177625	0.8609951	0.750435169716221	0.82656685	0.15945281	0.9845578	0.242069826742264	0.2177796	0.002244053675	0.6410987	0.0006346295857718	0.0003250629	1.645883e-05	0.00190478495	46.38521	25	1	131	FT_mlp
0.999329417332	0.999493	0.9978375	0.9999963	0.981108466421	0.9843641	0.9402242	0.9998617	0.981184946657	0.981774	0.9643534	0.99095	0.471641274013	0.4818214	0.3721511	0.5493696	0.001122596916715	0.001125107	0.0009446584	0.00127341	33.11934	33	26	41	FT_thi
0.998406989979	0.9986193	0.9963604	0.9994391	0.953702464318	0.9588489	0.9151092	0.9869578	0.987387592847	0.9884671	0.9736538	0.9944081	0.620189590741	0.6198811	0.5376637	0.6912371	0.001718418933308	0.001793613	0.001036757	0.002230734	46.85206	47	35	55	FT_thp
0.998115862447	0.9982408	0.9959856	0.9992892	0.923580929088	0.9246753	0.8705149	0.9695802	0.991639916359	0.9920804	0.9845425	0.9953636	0.62547813415	0.6296056	0.547685	0.7205528	0.00338432628239	0.003442198	0.002633296	0.004027877	86.57647	87	78	92	FT_tli
0.990553655314	0.9909962	0.9842877	0.994528	0.640045397623	0.6358886	0.5248298	0.7423484	0.997823779626	0.9983936	0.9928774	0.9999542	0.884533631601	0.9013037	0.7099879	0.9965559	0.001251928423814	0.001251774	0.001040233	0.001431339	57.96019	58	53	67	FT_tlp
0.363458012189151	0.32657765	0.05840562775	0.8215041575	0.159116074858287	0.1531039	0.0214630405	0.33359223	0.576572893064895	0.617097	0.03894258325	0.9760105775	0.058981192945361	0.020048355	8.48187180000001e-06	0.3654947375	0.0036846873149168	0.002249087	4.43232545e-05	0.010585	103.03245	63	1	292	rFitness_mhi
0.185854937193837	0.12479535	0.00427092415	0.672095634999999	0.0425662195939482	0.029788425	0.0009101287	0.153296145	0.689064749587121	0.7780211	0.06432441025	0.99478183	0.117385968264577	0.032904345	0	0.7331435525	0.0012103257923172	0.0004235548	4.124578325e-05	0.00834608974999999	33.69806	12	0	239	rFitness_mhp
0.988998293427	0.9908057	0.9781195	0.9937784	0.399630458279	0.4070836	0.2950646	0.4804172	0.999636515888	0.9996665	0.9982089	0.9999987	0.951744561488	0.9528821	0.836866	0.9998603	0.00140038599166	0.001333773	0.00106999	0.001791144	29.90042	28	24	37	rFitness_mli
0.991524735042	0.9917161	0.9872399	0.9954446	0.575562984678	0.5676249	0.5191306	0.6437346	0.999722521913	0.9997744	0.9990523	0.9999983	0.975152604927	0.9823377	0.9104493	0.9998602	0.00308870499801	0.00301204	0.002580579	0.003773898	82.44967	80	77	92	rFitness_mlp
0.435332501399905	0.40744515	0.1200653725	0.85315872	0.21069613392871	0.20876845	0.05791544275	0.37583271	0.568055716237131	0.60409075	0.03864870425	0.974121605	0.0649905595625417	0.017529055	0	0.4219491	0.000944583556321	0.0004970362	4.035048875e-05	0.004022419325	26.43985	14	0	116	rFitness_thi
0.71672652183536	0.7720273	0.2680730325	0.9486684	0.27602102250229	0.2740629	0.112629285	0.45036977	0.841014561873443	0.9300972	0.1757402175	0.9970152	0.369018314075051	0.3526031	0.001076736875	0.8991088	0.0012275726545653	0.0007682831	6.08757625e-05	0.00427712895	35.93404	23	2	126	rFitness_thp
0.5526351653709	0.5432011	0.1958730475	0.90699284	0.2504322078717	0.2478447	0.098928223	0.4166445575	0.653740808635935	0.73465615	0.0500014875	0.9908456	0.162118706263905	0.05430213	0.0001505738075	0.7343018	0.0025344286343194	0.0014346595	4.5190792e-05	0.00974417987499999	71.20317	41	1	274	rFitness_tli
0.448611944917807	0.3784924	0.0170041055	0.9561451	0.0960584536253153	0.08713934	0.004252672375	0.23941161	0.780955634967875	0.9141429	0.09171088475	0.9993794	0.317318855858958	0.17560825	0.0002797193125	0.9612298	0.001186768021571	0.0005275711	4.649293375e-05	0.00488385425	33.63977	15	1	135	rFitness_tlp
0.372102628015809	0.33487215	0.06031426675	0.8220279775	0.156883124836708	0.15212695	0.02195363	0.3197334	0.593352004139065	0.64018195	0.041904799	0.979866785	0.0719181108837945	0.02453107	0.000185021105	0.453104394999999	0.0046623377017609	0.004627049	6.04615955e-05	0.01021330925	130.35128	129	1	281	rSeeds_mhi
0.5026732412103	0.53149145	0.038414404	0.8906245	0.112204490240793	0.1070311	0.009678913075	0.2454049375	0.846542453616988	0.944162	0.16690972	0.99864408	0.405377021025977	0.3936152	0.001268384225	0.9559524	0.0017188380849694	0.00072876065	5.3237015e-05	0.006633880175	48.91912	22	1	185	rSeeds_mhp
0.995818564533	0.9961138	0.9922536	0.9976994	0.663651588674	0.6570287	0.5366102	0.7687	0.999586118228	0.9997251	0.9978991	0.9999866	0.958250508587	0.9636618	0.8662046	0.9966704	0.00590546746418	0.005777588	0.004554463	0.007553438	258.07842	255	242	275	rSeeds_mli
0.97559193193326	0.9881295	0.8894703	0.993483	0.653892440369934	0.67569	0.2939215	0.7832895	0.99458375264875	0.9982553	0.9827954	0.9999532	0.903494912257866	0.9277026	0.6439904	0.9982777	0.000265167203539	0.0002612355	0.0001837536	0.0004681988	48.91324	46	40	81	rSeeds_mlp
0.6428555053096	0.64368235	0.3496788475	0.9105811	0.41450938896	0.4153644	0.2267093425	0.597580835	0.547248377400054	0.57817	0.03737242525	0.953185345	0.0710791235999293	0.029782525	0	0.3495678575	0.0008944156450674	0.0004340456	4.167019375e-05	0.004519361375	25.38836	13	0	128	rSeeds_thi
0.942912728824	0.9625199	0.7712984	0.9864789	0.4907270415303	0.4940072	0.3164882	0.6491801	0.96090984336993	0.9803707	0.7948738	0.9968100325	0.484301235112447	0.4841526	0.157528495	0.8476969	0.0013768147056	0.001288803	0.000135968245	0.003329038	39.9947	40	6	89	rSeeds_thp
0.86342886116444	0.9110412	0.33756402	0.9807931	0.286318597578384	0.2851532	0.14019588	0.43248007	0.934072877465775	0.9739561	0.4076847975	0.9961764	0.31460983298915	0.310935	0.0044537902	0.6330154	0.0001255407695665	9.857127e-05	2.887111e-05	0.0003487917	5.48627	5	1	15	rSeeds_tli
0.969841653682	0.9777505	0.8944888	0.9921707	0.314362881923	0.3128893	0.2029116	0.4417238	0.997320810552	0.9983694	0.9867918	0.9999563	0.834590225564	0.8529745	0.575898425	0.9949878	0.0003278777719494	0.0003025194	2.989908e-05	0.0006623295	12.20603	12	4	22	rSeeds_tlp
0.974087533222	0.9776835	0.9365497	0.9916162	0.2829552584537	0.2781019	0.1489882	0.4247105	0.998692425311	0.9992148	0.9945561	0.9999674	0.881078981477	0.9001132	0.6428035	0.994608	0.00106373955125	0.001063145	0.0006191454	0.001597031	28.77208	30	14	42	rSurvival_fruit_mhi
0.217730941344925	0.10347815	0.003006908	0.9191227	0.0357025393271719	0.019849065	0.000590069795	0.1741194	0.747634250773339	0.8575361	0.08089774875	0.9989797	0.194342718292569	0.04567043	0	0.9352148	0.0003875429952454	0.00020313775	3.872673125e-05	0.002001668025	10.92994	6	0	56	rSurvival_fruit_mhp
0.589367387277	0.5747241	0.2856405275	0.9136428775	0.3525158473865	0.35238715	0.1983631625	0.507375115	0.559005632358102	0.59192295	0.034194389	0.97256504	0.0726701217622174	0.021512505	0.00013986029	0.429093705	0.0037076513456412	0.0020251935	6.24257995e-05	0.01061787125	103.97417	58	1	291	rSurvival_fruit_mli
0.981735635603	0.981941	0.9670436	0.9920134	0.455066855669	0.4574721	0.3461599	0.5384264	0.998780562946	0.9991943	0.9950139	0.9999747	0.925545829777	0.9444786	0.7639522	0.997188	0.001073296297858	0.001084941	0.0007680037	0.001446531	36.75798	37	29	45	rSurvival_fruit_mlp
0.129496712660045	0.071438325	0.002132199	0.575654819999998	0.0208585132095344	0.014076075	0.0004631029	0.07829857	0.7168740108691	0.81502725	0.07335595	0.996771805	0.132298995148086	0.042750015	0	0.7787652	0.0011597573990924	0.0007412077	4.154930425e-05	0.0042444655	32.20385	20	0	119	rSurvival_fruit_thi
0.208958018794226	0.1585283	0.007557440425	0.67168627	0.0611052908067533	0.048801665	0.001694517125	0.18699961	0.64390766962636	0.7115252	0.053218364	0.9909086725	0.077849679829806	0.020268055	0	0.55734487	0.0005709542502464	0.000288555	3.97135445e-05	0.002517650475	15.73455	8	0	69	rSurvival_fruit_thp
0.369604399385614	0.336059	0.05965568675	0.8125038	0.161840029512491	0.1581034	0.020848544	0.32781209	0.583759897908398	0.6275696	0.04207256675	0.9772288675	0.0740961915007526	0.01667674	0	0.4932314775	0.0005884557102549	0.00027338825	3.917875975e-05	0.0025022706	16.37999	8	0	69	rSurvival_fruit_tli
0.188787792367203	0.1379928	0.0059911006	0.637463395	0.0515626126509086	0.039638365	0.00132288625	0.1641605025	0.654232626203776	0.7289538	0.052929314	0.9918621475	0.0922350468967867	0.02898197	0	0.610328652499999	0.00327634593824	0.0027709545	4.20729755e-05	0.009620661375	91.64094	78	0	270	rSurvival_fruit_tlp
0.497109785687765	0.4915035	0.0177510535	0.99326847	0.350174443792581	0.27238385	0.00687293500000001	0.9795696	0.673527459978484	0.7525636	0.063056017	0.99327001	0.477141111921439	0.49593365	0	0.9791168525	1.294764500956e-05	5.399242e-06	1.358689725e-06	6.041717e-05	10.29263	5	0	46	Flavonol.glycoside01
0.732539883406852	0.7971195	0.1624474575	0.9992019	0.666481484421032	0.70909855	0.10332934	0.99851	0.410255165020208	0.3830103	0.018269211	0.92728709	0.184845685760894	0.102922	0	0.795037887499999	2.938477564547e-05	1.243791e-05	1.400536475e-06	0.00015111487	22.73299	9	0	118	Flavonol.glycoside02
0.685393141975742	0.8500523	0.03329816925	0.9999801	0.596249713890654	0.7041489	0.01330144825	0.9998785	0.768436986363621	0.8573842	0.1144970475	0.993341	0.644151680269626	0.78066285	0.000355242255	0.9849219	1.149850872772e-05	5.7892695e-06	1.365699e-06	6.48138247499999e-05	9.73016	6	1	51	GLS.1
0.906788197820472	0.9593584	0.4452180325	0.9999101	0.896750102655695	0.94953285	0.3042120275	0.9998268	0.826663524756308	0.8644892	0.45359	0.9929872	0.84751482480417	0.8711182	0.418339245	0.9902757	6.33430263743e-06	3.518273e-06	1.3695418e-06	3.063344e-05	5.75634	4	1	24	GLS.2
0.336581847580465	0.27154595	0.009909098	0.944544819999999	0.206585235946903	0.1302482	0.00402953805	0.8624646	0.589702713439327	0.6355221	0.03940609725	0.988188025	0.36976127817143	0.30490685	0	0.9590925	3.200929427567e-05	1.3415975e-05	1.487784e-06	0.0001530497725	24.96125	11	0	114	I3M
0.495303100551743	0.47598585	0.02088716825	0.9964805	0.374009830267654	0.28944105	0.009459633925	0.99140536	0.537096893633321	0.5560222	0.0300007455	0.98174307	0.349497268678686	0.28268565	0.000913939875000001	0.946131925	0.00018677929083887	0.00019077075	1.681953125e-06	0.00038769282	146.41246	150	1	295	Is3A7R
0.488665906859965	0.4658237	0.01800051575	0.9960355025	0.362775725708144	0.2705299	0.0080700141	0.9905051475	0.57287824966662	0.6088351	0.03614283825	0.98611347	0.394246357761977	0.33963905	0.002261103925	0.9621869275	8.010188752154e-05	3.486181e-05	1.849594e-06	0.00029354634	62.6282	27	1	227	Is3G
0.554498878269738	0.5685565	0.0285058895	0.9987135	0.440948415122335	0.3794231	0.01287304025	0.9971717	0.499896562391042	0.49958075	0.02574298425	0.973304989999999	0.300665325165191	0.21954755	0	0.922697	9.622549186065e-05	3.827944e-05	1.583634e-06	0.0003628520575	75.28971	30	0	281	Is3G7R
0.562186631987564	0.5807478	0.03263996	0.9970891	0.444205122346216	0.39304	0.014703027	0.9937817	0.639614794169402	0.7088477	0.05294190075	0.9880985375	0.463797518025131	0.4540404	0.003219827425	0.9714758	9.907050769836e-05	3.530335e-05	1.467927125e-06	0.0003534152775	77.85572	28	1	277	Is3R7R
0.977480828965	0.9891765	0.8893659	0.9999078	0.969963339507	0.9819821	0.8789163	0.9997779	0.928484455428	0.9463217	0.7704236	0.9947482	0.877462529469	0.9044461	0.6753276	0.98811869	3.44478016211e-06	2.464167e-06	1.308386e-06	1.261206e-05	4.08726	4	2	9	K3A7R
0.462882303016493	0.42665835	0.017305801	0.992759155	0.33405894717325	0.2426631	0.007176221475	0.9818514625	0.580833041217116	0.6219303	0.038342728	0.9849190175	0.376145746480193	0.3189667	0	0.9538363275	5.502757845623e-05	2.2405515e-05	1.5107477e-06	0.0003042321075	43.07889	18	0	237	K3G
0.516075815623988	0.50003885	0.030318909	0.9950143375	0.40098679332378	0.33204455	0.0139138175	0.9879488175	0.584270600355973	0.6258124	0.0404715735	0.9815677525	0.380163085272322	0.32513645	0.000171901867500001	0.950378229999999	9.020469360348e-05	2.9649855e-05	1.5734137e-06	0.0003722659675	70.75773	23	1	289	K3G7G
0.551430796140781	0.56928625	0.02212833	0.9984898175	0.430505111734105	0.35848725	0.00929415695	0.9962618	0.521348715823324	0.5302505	0.02781179275	0.9817404775	0.326928131372042	0.2434156	0	0.946118875	3.953092474524e-05	1.7005625e-05	1.51692465e-06	0.0001676432725	30.9929	14	0	128	K3G7R
0.348843402310757	0.2797853	0.0102930115	0.9587197	0.219609305850953	0.1288409	0.003936901375	0.9085453	0.628007835330397	0.6908937	0.04756595675	0.990307	0.413106315577452	0.3642669	0	0.973357515	2.162929711976e-05	1.174159e-05	1.427943725e-06	9.527284e-05	16.73075	9	0	74.0249999999942	K3GG7R
0.44999850615168	0.4148588	0.01919047175	0.98986182	0.3238035422778	0.24359685	0.008120066	0.97549191	0.546861485160424	0.5685319	0.03284740325	0.981016585	0.329349485797404	0.2534145	0	0.9405985	5.831399394136e-05	2.503429e-05	1.4884089e-06	0.000237003145	45.60138	20	0	190	K3GH
0.987858922938	0.9934419	0.9441855	0.9999054	0.955373380245	0.9563988	0.8842549	0.9997351	0.980764923582	0.9894913	0.9072439	0.9997043	0.954598672803	0.9605724	0.8606668	0.9987757	6.17755471735e-06	3.799452e-06	1.298926e-06	2.035268e-05	3.14392	2	1	14	K3GR7R
0.427790610848636	0.38140755	0.01368024	0.9850615	0.292220759548967	0.1934909	0.004863266025	0.9638961575	0.627455203494934	0.68825485	0.04768337075	0.99089568	0.413239317608423	0.37211095	0	0.97512935	1.435864090018e-05	5.63267e-06	1.379629825e-06	9.4037924e-05	11.35622	5	0	73	K3R
0.523716229482049	0.51849285	0.022701784	0.9978691125	0.401328828484961	0.3204404	0.01105347575	0.9946346	0.566982180690017	0.59894715	0.035658102	0.9842719	0.393452710334976	0.34173145	0.008378837825	0.956526925	0.00015381873169763	0.00016217765	3.560238175e-06	0.0003399394	120.4079	129	3	269	K3R7R
0.395214689188057	0.34247145	0.012785128	0.9764194	0.264006105819254	0.17861405	0.0054725387	0.940082292499999	0.593550105505957	0.63997765	0.04004979	0.9870779125	0.402183128381567	0.3573196	0.000538003250000001	0.9620843225	7.563163344138e-05	4.705884e-05	1.6931287e-06	0.0002884021	59.07721	37	1	228	Polyamine01
0.460955099336438	0.42740565	0.01573398925	0.992377345	0.332555010523668	0.2352299	0.00615180005	0.98140309	0.57106337342715	0.60560945	0.03647232825	0.9862605	0.368005491045871	0.293336	0	0.9624032	2.959597570246e-05	1.1153065e-05	1.4005733e-06	0.0001393665	23.10991	9	0	109	Polyamine02
0.455110508769167	0.41940315	0.01685319175	0.9922818	0.326195310051411	0.2294611	0.00664241875	0.9813921	0.565118399988779	0.59752165	0.03428607525	0.985135185	0.360969252698002	0.2877402	0	0.955451935	3.672394473876e-05	1.273808e-05	1.4908292e-06	0.00024298554	28.7158	10	0	187	Polyamine03
0.643985450217612	0.71794985	0.0408541045	0.9991509	0.54161600103122	0.55738365	0.0163266465	0.9983187	0.449269587530766	0.42105145	0.01901954525	0.9656558	0.236376323276943	0.116113	0	0.9075395	1.199870806852e-05	4.989905e-06	1.365755375e-06	6.844954375e-05	9.3275	4	0	52	Polyamine04
0.485605358199194	0.4674052	0.01965557275	0.9947948	0.356194328338301	0.2708219	0.007662460675	0.988611455	0.501726245016734	0.5009591	0.02618320825	0.9767517325	0.275473680983947	0.1813664	0	0.9218207	3.580773316458e-05	1.1299215e-05	1.390861e-06	0.00020851516	27.89355	9	0	163	Polyamine05
0.535259239684743	0.5421939	0.02452007375	0.9974279	0.413382710785759	0.34664545	0.009957545975	0.9940487	0.477176824443384	0.46545085	0.02204521475	0.971925605	0.26450881268287	0.1731561	0	0.9091810925	6.552444357245e-05	1.660298e-05	1.417515e-06	0.00028163544	51.1625	13	0	218	Polyamine06
0.768106249543012	0.8597432	0.14321494	0.9996314	0.69073101032063	0.7654525	0.07755538875	0.999254	0.471582795351176	0.4672745	0.02334424925	0.948738	0.260727302596186	0.179283	0	0.8733383	2.373761135455e-05	1.060371e-05	1.395583525e-06	0.0001319153	18.68882	8	0	104	Polyamine07
0.373392747789346	0.3013551	0.0107038475	0.9927927	0.246241613548797	0.1465256	0.00432038565	0.9762781	0.607160941861592	0.66043685	0.041422687	0.9880276	0.397094679286079	0.34188365	0	0.9631711	3.51325897807e-05	1.366598e-05	1.504286725e-06	0.0001754978075	27.34804	11	0	134	putative.HDX
0.98090867907586	0.9939948	0.8924064	0.9999322	0.98003166289199	0.9920637	0.9189995	0.9999269	0.91063288302941	0.9384976	0.6839069	0.988868	0.879943744003275	0.8852727	0.7430402	0.9821549	6.34887933814e-06	6.369178e-06	1.412322e-06	1.152616e-05	6.05289	6	3	11	Q3A7R
0.545227557604995	0.5507753	0.032845707	0.9973103875	0.433625076080926	0.3765761	0.014803652	0.9941944825	0.504276082329127	0.5082483	0.026943576	0.973470785	0.300554056580891	0.21873755	0	0.923013642499999	5.768352665067e-05	2.5526295e-05	1.55658445e-06	0.00027315389	45.10369	21	0	215	Q3G
0.402663572190372	0.3529753	0.01561194325	0.979538835	0.27384602327315	0.18901655	0.005480358325	0.952696	0.578186657870511	0.616456	0.037625405	0.9848506	0.340786041922132	0.2638502	0	0.9507958	2.224486917194e-05	7.1667315e-06	1.3797892e-06	0.0001440111675	17.36459	6	0	113	Q3G7G
0.474503418888722	0.43714455	0.01826358	0.99648171	0.354878347661149	0.2508493	0.007495239675	0.9925567	0.574898682485379	0.61112175	0.03770564625	0.9842331325	0.374194652516374	0.3175794	0	0.9552145	6.319011740186e-05	1.414771e-05	1.43891445e-06	0.00029724339	49.41401	12	0	234	Q3G7R
0.349266178617862	0.2908618	0.0111902895	0.943577622499999	0.217394761702272	0.14154785	0.004407299525	0.8606697525	0.570322115940622	0.60491275	0.03546906925	0.985133425	0.343598724352987	0.2702602	0	0.94823638	2.765978802264e-05	1.088575e-05	1.443613475e-06	0.000152143275	21.53377	9	0	120	Q3GG7R
0.577562890681396	0.5988166	0.04836504475	0.9969546475	0.469826281325742	0.4375429	0.02147816425	0.99308756	0.519679793251967	0.53255465	0.02966381	0.97282108	0.304816679771506	0.2150324	0	0.9368919	1.840725139345e-05	8.560115e-06	1.3954104e-06	9.048933525e-05	14.47389	7	0	72	Q3GH
0.9360957025809	0.9574479	0.748363085	0.9997147	0.84171385807901	0.8625692	0.564298	0.9987217	0.92913204202543	0.95647575	0.711393775	0.9989081	0.87782733310882	0.9030882	0.637242875	0.995304	2.87313244808e-06	2.417656e-06	1.31677e-06	8.110938e-06	2.6095	2	1	7	Q3GR7R
0.518009588126032	0.50912855	0.02933735875	0.9964797525	0.402434956325229	0.3354062	0.01351986	0.9912365	0.570876386117013	0.60723635	0.03599701	0.9825402	0.375328334400965	0.31969775	4.50562020000012e-06	0.95152493	9.287389598616e-05	6.1973985e-05	1.511974525e-06	0.0002902811	72.86421	49	1	226	Q3R
0.464255154607001	0.42890215	0.018253228	0.9933428225	0.336602816928956	0.24609065	0.008105598	0.98387	0.599304834984385	0.64835645	0.04086718375	0.9880697425	0.407799118067896	0.3647431	0.00151441825	0.9638823925	3.904976066495e-05	2.6856535e-05	1.6942112e-06	0.000146233505	30.55862	21	1	114	Q3R7R
0.998500619757	0.9986599	0.9958025	0.999416	0.996778615954	0.9970656	0.9908967	0.9982715	0.997531330685	0.998656	0.9932653	0.9995137	0.995933217266	0.996821	0.9868975	0.9984207	4.32859757118e-06	4.28735e-06	4.236117e-06	4.559676e-06	4.70798	5	4	6	saiginol.A
0.998973924681	0.9993204	0.9976367	0.9999496	0.995487032419	0.9981329	0.9869523	0.9998448	0.996328243724	0.9963992	0.9917285	0.9991871	0.992399841609	0.9930508	0.9802344	0.998551	1.41264743783e-05	1.4272e-05	1.349584e-05	1.460968e-05	4.49907	4	4	6	saiginol.B
0.99833432818	0.9998395	0.9890756	0.9998715	0.997482376324	0.9992149	0.9853675	0.9998336	0.992549436133	0.9990059	0.9510641	0.9996935	0.986028364365	0.9994494	0.896831	0.99981	4.61906284182e-06	4.415961e-06	4.138906e-06	5.558744e-06	7.35957	8	4	10	saiginol.C
0.998291477583	0.9991021	0.9905611	0.9999956	0.994025782909	0.9965601	0.976139	0.9999792	0.994681053789	0.9970981	0.9806875	0.9999739	0.98475149799	0.9915164	0.9653407	0.9999418	1.010326518515e-05	9.008864e-06	7.923114e-06	1.291627e-05	7.58578	8	4	13	saiginol.D
0.998715626772	0.9988003	0.9982213	0.9998849	0.993845696494	0.994304	0.9923963	0.9993414	0.999607860616	0.9998784	0.9962417	0.9998784	0.998627537898	0.9995661	0.9924994	0.9995661	1.2112735481e-05	1.183551e-05	1.183551e-05	1.324468e-05	6.24066	7	4	7	saiginol.E
0.999141423953	0.9999722	0.9960774	0.9999722	0.997580972525	0.9999313	0.988662	0.9999313	0.995685558009	0.9957882	0.9909588	0.9991808	0.984833513441	0.9903676	0.8395638	0.9988477	1.12560029465e-05	1.120033e-05	1.086125e-05	1.18899e-05	5.42033	5	5	8	saiginol.F
0.998425000984	0.9990572	0.9921013	0.9996276	0.997292623768	0.998064	0.9866697	0.999805	0.996412580735	0.998226	0.9853544	0.9998364	0.995376753501	0.9988969	0.9705958	0.9997724	5.37349228428e-06	5.37873e-06	5.123231e-06	6.50218e-06	5.63911	6	4	7	saiginol.G
0.999472285967	0.9996696	0.9992214	0.9996696	0.997591190669	0.9986321	0.9959039	0.998638194999999	0.999086002562	0.9997785	0.994818	0.9997785	0.998123832995	0.9995393	0.993554012500001	0.9995393	3.02249286139e-05	3.053619e-05	2.939479e-05	3.053619e-05	8.81999	9	8	10.0249999999942	saiginol.H
0.999210725134	0.999397	0.9987303	0.9999903	0.998555682299	0.9985505	0.9977459	0.9999887	0.995486528482	0.9975816	0.9856268	0.9992748	0.993144598827	0.995579	0.9702445	0.9989434	8.11404940585e-06	8.047297e-06	7.813059e-06	9.024374e-06	5.53405	5	4	11	saiginol.I
0.998587810675	0.9983883	0.9944971	0.9999087	0.996643314818	0.9963824	0.9926544	0.9995599	0.996602312924	0.9974614	0.9855964	0.9992366	0.994647413161	0.9967039	0.9765586	0.9980455	9.69567993157e-06	9.84041e-06	8.998929e-06	1.010964e-05	5.57173	6	4	8	saiginol.J
0.998763721224	0.9993336	0.9955677	0.9999317	0.993364363025	0.9969234	0.9804608	0.9984546	0.998405105956	0.9995256	0.9906474	0.9999008	0.98908784778	0.995144	0.9115975	0.9993902	1.58458368959e-05	1.601562e-05	1.454276e-05	1.674018e-05	6.71685	7	5	8	saiginol.K
0.998482474677	0.999324	0.9961846	0.999324	0.985107808843	0.9823122	0.9823122	0.9952423	0.999277226577	0.9999181	0.9960404	0.9999181	0.997677428388	0.9985561	0.9930442	0.9992897	9.95719680147e-06	1.017735e-05	9.493965e-06	1.017735e-05	6.41926	6	6	8	saiginol.L
0.998715858484	0.9999839	0.9937849	0.9999839	0.997237769711	0.9999546	0.9881956	0.9999546	0.995160362424	0.9977091	0.9817702	0.9999961	0.992715188009	0.9968068	0.9532232	0.9999972	8.6972810038e-06	8.292359e-06	8.004988e-06	1.064481e-05	7.77399	8	5	9	saiginol.M
0.999704408984	0.999857	0.9971065	0.999857	0.999282407644	0.9996113	0.9916297	0.9996113	0.998807430969	0.9991535	0.9943459	0.9991535	0.997972833788	0.9990715	0.9821087	0.9990715	8.11251922722e-06	8.087794e-06	8.087794e-06	8.516264e-06	6.96558	7	6	7	saiginol.N
0.999622304112	0.9998182	0.9980623	0.9999408	0.999386783927	0.999796	0.9967802	0.9999188	0.99678138548	0.9970862	0.9933536	0.9999911	0.996745630893	0.9966348	0.9950546	0.9999924	1.23789187978e-05	1.218162e-05	1.19207e-05	1.276907e-05	9.36579	9	8	12	saiginol.O
0.996720148724	0.9973629	0.9892575	0.9995333	0.991998422843	0.9910612	0.979377	0.9985293	0.992938034763	0.9947652	0.9746646	0.999177	0.9852980152	0.9882817	0.9603566	0.9984607	5.02332682314e-06	4.835123e-06	4.711707e-06	5.839304e-06	5.50759	6	4	7	saiginol.P
0.998861829967	0.9996341	0.9961734	0.9998244	0.99628156192	0.9969484	0.9912875	0.999212	0.993745967151	0.9954014	0.9816132	0.9992547	0.978947823095	0.9887197	0.930272	0.9958762	8.69055067751e-06	8.699843e-06	7.428641e-06	9.330119e-06	4.56623	5	4	6	saiginol.Q
0.998393333364	0.9995185	0.9899603	0.9998452	0.997220658516	0.998224	0.98774	0.999871	0.995016795426	0.9957394	0.988907	0.9997905	0.994980435051	0.9945567	0.9916536	0.9997264	6.44429900565e-06	6.39834e-06	6.111573e-06	6.801142e-06	4.14612	4	3	6	saiginol.R
0.44498947913686	0.4050947	0.01824789175	0.988945245	0.319547729627689	0.23466345	0.008138169975	0.973278255	0.570119697903092	0.60556305	0.03554848375	0.9841146275	0.372290292200773	0.31295655	0.0004635169375	0.9526443	8.384029339013e-05	6.268262e-05	1.636342e-06	0.00024816378	65.43389	49	1	191	SinG1
0.933910820887327	0.9927253	0.2706558375	0.9999998	0.897985539519616	0.9823109	0.1231456	0.9999997	0.935412521662786	0.9818133	0.55028818	0.9990842	0.899197012244179	0.9664986	0.2649074725	0.9984783	7.82596194755e-06	8.326842e-06	1.490344975e-06	1.277414e-05	8.14219	9	1	13	sinigrin
0.381455660797615	0.3275296	0.01349561	0.971647405	0.251638992004932	0.1737057	0.0054021168	0.9266524675	0.588195368196569	0.6309329	0.04110600375	0.9868637	0.364539520046574	0.2966971	0	0.9579325425	2.682663522002e-05	1.5714e-05	1.43852245e-06	0.0001022926725	20.67589	12	0	80	SinM
0.544738530325559	0.5529897	0.03003709675	0.9967954	0.424943085383287	0.3689212	0.014224962	0.9928303	0.540235267898634	0.5602204	0.031618727	0.9804696325	0.35363250942618	0.28725	0.003599368175	0.9452979	0.0001155810394656	8.1547035e-05	2.118549775e-06	0.00037888556	90.37424	65	1	293	X1MOI3M
0.499950634040119	0.4729489	0.01580217025	0.9970975	0.385414564291449	0.26841595	0.00642209	0.995278	0.669672649383136	0.7507802	0.0585925925	0.991974	0.519766878041928	0.54620935	0.000682195997500003	0.98249	4.516347921303e-05	2.443451e-05	1.510457525e-06	0.0001659781725	35.74736	19	1	130	X3MSOP
0.50651498409063	0.49731605	0.0192166135	0.9964296	0.376287793625591	0.28840585	0.00770950745	0.991443395	0.586505920538142	0.62738855	0.0395254295	0.98688226	0.395963926855674	0.3474881	0	0.962898197499999	3.949025752664e-05	1.4509415e-05	1.4583414e-06	0.0001741905475	31.02128	12	0	136	X4MOI3M
0.675475715508151	0.82014905	0.0303715935	0.9994711	0.596272233928347	0.7041035	0.01255317625	0.9989439	0.74428116328918	0.8559827	0.0851443787500001	0.9946957	0.639820779588308	0.7864883	0.002508738125	0.989708	2.310764322231e-05	1.039796e-05	1.524996e-06	0.000149253	18.51874	8	1	121	X4MSOB
0.517013723634343	0.50829695	0.02317714	0.9978497	0.396535097599713	0.3156455	0.008839238175	0.9953834	0.569735453075659	0.60376435	0.03811971475	0.9795482725	0.36168487870618	0.3111883	0	0.9451870625	1.430010920059e-05	6.817705e-06	1.384008925e-06	6.66719492499998e-05	11.2805	6	0	51	X4MTB
0.963128909765181	0.9960094	0.5945184775	0.9999575	0.956315234028478	0.99494645	0.4802559	0.9999562	0.920866080925657	0.9602762	0.6119469	0.9935644	0.918339124631901	0.9435921	0.605284565	0.9906571	8.80737953527e-06	7.88443e-06	1.743428e-06	1.646892e-05	6.44025	6	2	12	X5MSOP
0.52984333827785	0.5279381	0.027475601	0.9972898725	0.409228695095194	0.33789425	0.01238433925	0.99353993	0.562793763770454	0.5930038	0.03314112025	0.9843214	0.376262911362799	0.3148406	0.001770834725	0.95738586	5.58688386135e-05	4.283167e-05	1.728529375e-06	0.0001867913725	43.65918	34	1	146	X6MSOH
0.319916852933693	0.2565342	0.0092899291	0.920978865	0.19050614648436	0.1199616	0.003580224075	0.81112359	0.593472533249206	0.63949735	0.040630405	0.9874783	0.363022941365541	0.2943471	0	0.957541175	2.858051880914e-05	1.0688765e-05	1.4362794e-06	0.0001281459225	22.18518	9	0	98	X6MTH
0.479057344928455	0.4547531	0.02391161425	0.99253884	0.354111719861279	0.27929045	0.009154285125	0.9829750025	0.512707176786382	0.51837225	0.0271214775	0.9767747325	0.278977921455342	0.18254085	0	0.9255217	3.078596093857e-05	7.711647e-06	1.390722975e-06	0.0002452083925	24.00127	6	0	189	X7MSOH
0.573308273924945	0.5918347	0.040549975	0.9974257	0.463051143167907	0.4230251	0.018117645	0.9943985	0.514412723504085	0.5250592	0.02826273675	0.971174095	0.309506022545356	0.23711505	0	0.91761338	0.00010595033167035	4.887439e-05	1.582253525e-06	0.0003535664775	83.17108	39	0	273	X7MTH
0.429562364849236	0.38789645	0.01731823425	0.983953145	0.305904905310909	0.228316	0.008040225925	0.961613295	0.542725042624663	0.56502125	0.03147847125	0.9796544425	0.338230884544395	0.26937895	0.0008074356525	0.9369107	0.00012857031639559	8.330212e-05	1.806840375e-06	0.0003788667	100.65348	66	1	293	X8MSOO
0.528613803913544	0.51900475	0.02363970225	0.9988259525	0.414632959058821	0.3322495	0.0111353425	0.9969332225	0.570813265878483	0.6075339	0.03539827475	0.9828088	0.390377155144616	0.33919465	0.0058890091	0.9520727725	0.0001431766569519	0.0001287061	2.11805535e-06	0.0003626788125	112.11714	102	2	279	X8MTO
0.435881542326562	0.4298979	0.01676691	0.90233757	0.275976936535763	0.23826905	0.006386502575	0.722219335	0.650738170992817	0.7242819	0.051837891	0.992173995	0.419175620471144	0.3894421	0	0.9695184625	2.997018109789e-05	1.5385975e-05	3.129850925e-06	0.00011919318	10.69886	6	0	42	HopAM1-cell_death
0.558146194242735	0.5849225	0.0276616735	0.9944554	0.457127769595349	0.423317	0.011951312	0.9910049125	0.529553396006035	0.5444328	0.02917344	0.9790093225	0.297618230200427	0.20331115	0	0.9315950675	0.00010374202368268	3.263167e-05	2.83876385e-06	0.000537365735	42.03082	13	0	215	HopAM1-rosette_chlorosisis
0.755696066455085	0.85671105	0.1140235325	0.9947245825	0.657755180687396	0.73309315	0.06270478275	0.9870106	0.648244699053979	0.71725315	0.05779118625	0.9904932425	0.495357607630472	0.5041703	0.01357641	0.9731711325	0.00057057391814318	0.00060823555	6.415760025e-06	0.0008926761	194.00886	208	2	295	Pollen_Tube_OG_S
0.395899861443196	0.3473962	0.0140479435	0.9603322	0.26062755536414	0.18048595	0.005137792475	0.8957398	0.637103384035853	0.70117835	0.054986772	0.988021945	0.354098978749938	0.2938267	0	0.9468985	3.851483756445e-05	2.151533e-05	3.91833955e-06	0.000185374497499999	11.31412	7	0	53	AZL
0.694291058159135	0.7631694	0.0949084095	0.9990754	0.59179620826567	0.6146934	0.0488248795	0.9982508	0.486484578554734	0.48096835	0.022597666	0.9689807	0.243700159501536	0.1585551	0.0009219737025	0.8537762075	0.00019060475928457	0.0001370018	4.6376764e-06	0.000675682515	55.05742	40	1	195	BsZL
0.434821359152277	0.37591075	0.01258125525	0.9994334	0.289260040126706	0.1915223	0.005016761075	0.9980429	0.687544193846635	0.78662875	0.06328284025	0.9921841275	0.412331068273948	0.4208914	0	0.9576337125	9.509381619247e-05	3.497323e-05	3.974895775e-06	0.0004153773075	27.55256	10	0	118	BZL
0.292252304291389	0.25362135	0.01194086575	0.77390594	0.181817487594375	0.14143685	0.005489997	0.571379625	0.544868967751205	0.569083	0.0339081365	0.9793023725	0.268681055501644	0.1862239	0.00164947775	0.8971505025	0.00029221070183256	0.0002071765	5.50046515e-06	0.00090189956	84.2735	61	1	263	LRA
0.610869102134679	0.6294031	0.1165213025	0.9922721075	0.501428204314221	0.48437675	0.06958893675	0.9837678375	0.474741796228825	0.475835	0.026377569	0.93881686	0.178122595804093	0.10507635	0	0.7112128	4.753035245807e-05	2.827514e-05	3.8412055e-06	0.000216197855	13.69854	8	0	63	LRD.BZ
0.516494159451142	0.51429615	0.0524245555	0.9824427925	0.389819831855962	0.3464981	0.02563783475	0.9615357475	0.539790590208294	0.56441315	0.03602011525	0.9679207	0.254763444866071	0.18100935	0	0.85463343	0.00010153396244364	6.1606975e-05	4.06569355e-06	0.0004174815	29.4128	18	0	120	LRD.MR
0.322863134502034	0.2926563	0.0132429115	0.791274975	0.192945086699567	0.15342055	0.005060147025	0.58728834	0.575204585775185	0.6123563	0.0383426805	0.98484838	0.279532725559969	0.1831305	0	0.92637267	0.00010343648347321	4.3208605e-05	3.808945e-06	0.00039854024	29.83167	12	0	112	LRL_0_25
0.622300678498192	0.6632026	0.070698465	0.99225081	0.488707239385201	0.48449805	0.03331392225	0.9795689	0.581017087376232	0.62342065	0.03837703175	0.9822189	0.336109386295064	0.269653	0.000222165055	0.93071165	0.00041123756693769	0.0003889018	4.474723e-06	0.001029578125	119.11107	113	1	294	LRL
0.427965177576291	0.41574815	0.022807514	0.9089236	0.282194519506604	0.24209455	0.008797344525	0.7868389775	0.620166686684754	0.6777448	0.050803117	0.9867618	0.345684698449431	0.28150615	0	0.94455421	4.587821933692e-05	2.105889e-05	3.921013775e-06	0.0002085531775	13.36211	6	0	61	LRN
0.374825375693768	0.33777615	0.01501756	0.9261560375	0.243682401661375	0.18851955	0.007277553775	0.807719442499999	0.606389366040557	0.65742695	0.04376108	0.9894155	0.365959434687935	0.298641	0.0094304703	0.9528301125	0.0003700647981859	0.00033333445	6.123929e-05	0.0009106191975	107.1212	97	17	263	LRS_0_25
0.444013836584629	0.4281871	0.022415181	0.9499882625	0.301674197579545	0.2546518	0.0102573745	0.850346437499999	0.613163447917528	0.66878645	0.044821047	0.988714	0.363955788502378	0.2993944	0.002918481525	0.9510221475	0.00031620671495651	0.00031089815	5.083146825e-06	0.0008456793125	91.46547	90	1	245	LRS
0.674086268774023	0.7215802	0.11329757	0.99792	0.558217562450493	0.5640489	0.0580072905	0.9953721	0.564429713945992	0.5997478	0.03923908	0.974734	0.323704636448106	0.2716364	0.001862479	0.9022998	0.00034303334558594	0.0001986425	5.557107775e-06	0.0009770163	99.72587	58	1	281	MRA
0.302296713494981	0.24916115	0.0094219444	0.8253766	0.173791161157658	0.12201525	0.0037149469	0.59818651	0.62821203947877	0.68987515	0.048025	0.9888444325	0.345394225949294	0.27549485	0	0.94678865	8.814926598685e-05	4.0873785e-05	3.958346975e-06	0.0004215222425	25.40827	12	0	122	MRL
0.302301745860756	0.25057565	0.008842343525	0.8240282	0.172599525806853	0.12038695	0.0033148798	0.5940467025	0.640318669937022	0.70605655	0.051096904	0.989962055	0.351954086071833	0.2803606	0	0.95373863	6.290950279243e-05	2.144143e-05	3.726825525e-06	0.0003267379375	18.00421	6	0	94	MRV
0.301617255240374	0.24866805	0.008957479325	0.8316620725	0.17720262386763	0.1238603	0.003947318	0.6163026375	0.619161427165501	0.6791139	0.04625470425	0.9885327675	0.358769672484973	0.29325985	0.0009254422225	0.949318	0.00027224592143805	0.000205013	4.787649525e-06	0.00075209348	78.78728	60	1	215	OAD
0.332187318854635	0.2900073	0.0118887215	0.8646851	0.202311836936078	0.14832045	0.00474670935	0.68789343	0.587484977363072	0.63241605	0.03892267875	0.9847558	0.290493014637872	0.19948975	0	0.9232788	6.604968483779e-05	3.027992e-05	3.936406625e-06	0.0003139349425	18.99838	9	0	90	TRS
0.483864433484246	0.4906786	0.086663543	0.8432855	0.318010144571155	0.3264672	0.04311921675	0.5677661425	0.858874939487288	0.9294616	0.2873415425	0.9981659	0.752011581462471	0.8509771	0.0269862085	0.9952383	8.499622239351e-05	5.920361e-05	9.847350925e-06	0.0003183664	10.65654	8	1	37	alpha_bacterial_richness_1_tn2_ranef
0.59814288373305	0.6459952	0.07762578275	0.9226316	0.408662261434619	0.416055	0.03720412025	0.7555210275	0.68584017099489	0.7496091	0.08633093	0.9854227075	0.391573576639246	0.3667825	0.0033194217	0.92766298	0.00015860445357201	4.5638855e-05	9.1575943e-06	0.00097170923	19.08032	6	1	117	alpha_fungal_richness_1_tn2_ranef
0.544928754886281	0.57247075	0.079033875	0.890724635	0.423945765817145	0.43292885	0.03857401875	0.7849182275	0.475535303582599	0.47069915	0.02385783325	0.957280105	0.199715451676344	0.1182296	0	0.8169783225	0.00053116646198465	0.0001293701	9.670028825e-06	0.002087134	62.90475	16	0	248	alpha_slant_1_tn2_ranef_diff_exps
0.6627920311952	0.6862962	0.3131509225	0.9016433	0.53619275645319	0.5390075	0.341928815	0.7102476575	0.91510950392	0.9488752	0.6404334	0.9983754	0.877463841850384	0.9040205	0.618219	0.9961273	7.413069300828e-05	4.677918e-05	9.660974e-06	0.0003944861	10.05376	7	2	47	alpha_total_1_tn2_ranef_glmer
0.691174793052861	0.771694	0.0435292725	0.95041363	0.406061960669617	0.451952	0.01991049	0.6168723	0.938319192893348	0.988948	0.3814061	0.99956	0.862609244890518	0.944755	0.084399664	0.997615	0.00010774537972865	4.056322e-05	1.10001305e-05	0.000980452164999999	13.73216	6	2	116	beta_root_1_combined_pca_tn2_bac_n100_glmer_fun_n100_glmerPC1
0.209573513045045	0.1692012	0.0074235313	0.616262355	0.104935666863874	0.07990638	0.0028558916	0.33989479	0.592149831107542	0.6364339	0.04267719125	0.9863551175	0.259944455306196	0.16106785	0	0.90847196	0.00013681039808777	6.1772e-05	9.28620085e-06	0.000772541172499999	15.84612	7	0	92	beta_root_1_combined_pca_tn2_bac_n100_glmer_fun_n100_glmerPC2
0.372815454321995	0.35690885	0.02003777725	0.818647235	0.25046059183805	0.2186377	0.008217315175	0.6546652225	0.520155026756483	0.5321438	0.0298269945	0.97317932	0.212849407502991	0.1202646	0	0.853692855	0.00018136521537083	5.6877705e-05	9.2006945e-06	0.00085305231	21.33344	7	0	100	beta_root_1_combined_pca_tn2_bac_n100_glmer_fun_n100_glmerPC3
0.17500319914853	0.1367899	0.0055951962	0.5384819925	0.0915500132871362	0.06880938	0.002686226	0.2997506125	0.601321205090749	0.6488686	0.0440969765	0.98748514	0.338377634012199	0.26549215	0.004307057	0.9389954875	0.0008132921573189	0.0008555479	2.0988576e-05	0.001657556625	95.98955	102	2	194	beta_root_16S_1_raw_tn2_glmer_pca_n100_PC1
0.175728384446757	0.1222102	0.004178682	0.6278529	0.0713504263626293	0.049095375	0.0015315021	0.25722058	0.639292551397173	0.70861365	0.05039738375	0.992229635	0.285052364072056	0.1768523	0	0.9387406725	7.1209893374e-05	4.0507845e-05	8.933081475e-06	0.000297986725	8.11197	5	0	35	beta_root_16S_1_raw_tn2_glmer_pca_n100_PC2
0.420355577387687	0.4183104	0.0311272295	0.8420073325	0.296207388567047	0.2786763	0.012878209	0.68449007	0.515987302427921	0.52919845	0.028837855	0.970642045	0.223846112608461	0.13071755	0	0.8593039975	0.00015124266963266	7.411366e-05	9.227126925e-06	0.0006464406	17.79958	9	0	75	beta_root_16S_1_raw_tn2_glmer_pca_n100_PC3
0.75671982042389	0.810012	0.2072693	0.954728	0.460987326937922	0.4834759	0.11173213	0.6289471	0.97030754223315	0.9914307	0.78467785	0.9998878	0.919623639749197	0.9585644	0.51753512	0.998487	3.914071328381e-05	3.977153e-05	9.861270075e-06	8.309648e-05	5.71397	5	2	11	beta_root_ITS_1_raw_tn2_glmer_pca_n100_PC1
0.367553459461195	0.35251565	0.0219381	0.7988280025	0.248662695836776	0.2193283	0.009483670225	0.6467268525	0.526739023851973	0.54077155	0.0324937685	0.974644915	0.238816421032475	0.14788205	0	0.8800184225	0.00018829648472213	0.0001124086	9.946511425e-06	0.00071240141	22.16982	13	0	85	beta_root_ITS_1_raw_tn2_glmer_pca_n100_PC2
0.405901297685529	0.38143685	0.019694611	0.8950921	0.254244725659406	0.2105193	0.0091962283	0.7269929	0.672517092031555	0.7529348	0.06058621625	0.992780055	0.435077735856121	0.4054113	0.0065674828	0.9687224	0.0012092836625699	0.0012982495	2.0856262e-05	0.002454263125	143.779	155	2	287	beta_root_ITS_1_raw_tn2_glmer_pca_n100_PC3
0.271413253386035	0.21781775	0.008724852675	0.793437272499999	0.122349338485607	0.090240715	0.002843648325	0.4087505675	0.624644794554749	0.68702805	0.0475102865	0.9913713175	0.236932553896489	0.13011665	0	0.90736886	0.0001306255210634	6.7613895e-05	1.268815675e-05	0.0005497867075	11.14273	6	0	47	Relative_leaf_temperature
0.400338418703966	0.3866152	0.02645390025	0.856769355	0.274589574155658	0.2422986	0.01167810025	0.7156853975	0.512440547215594	0.5186261	0.0286203025	0.9728887	0.2545462122919	0.15841515	0	0.9000612525	5.772248695156e-05	2.480628e-05	4.070348875e-06	0.00033792548	16.10255	7	0	94	LeafAreaMaturity_mild_drought
0.599781775717139	0.6419469	0.06019594825	0.9682636825	0.463596245752392	0.45810925	0.02911611825	0.9229221775	0.617136542310436	0.6693293	0.052466852	0.9885924	0.434796302970642	0.4086427	0.00253997525	0.9659775125	0.00036367588737846	0.0001960855	4.994828625e-06	0.001036840975	103.71636	57	1	291	LeafAreaMaturity_well_watered
0.370199759226789	0.3362071	0.01420302425	0.9010029125	0.241216685175291	0.18467565	0.0056079476	0.785491565	0.558794167707136	0.5874526	0.03384886	0.9828291675	0.310281680153855	0.2238334	0	0.93558009	7.419780166438e-05	3.6602835e-05	3.8391535e-06	0.000297756425	20.95939	10	0	84	LeafAreaMaturityCell_mild_drought
0.622125263807313	0.6643605	0.08645526775	0.9665141	0.507723155232935	0.51796745	0.043990376	0.930911385	0.551188986978386	0.57520975	0.03801742925	0.9771921075	0.360423567154454	0.3103717	0	0.9399965825	0.00010520355938562	4.9958565e-05	4.181498e-06	0.000439028885	30.04751	15	0	124	LeafAreaMaturityCell_well_watered
0.981227679614	0.988789	0.9153222	0.9998997	0.957373296665	0.9690453	0.8578398	0.9996386	0.958198482338	0.967468	0.8503746	0.997094622499999	0.915790000351	0.9185356	0.8141502	0.9888357	1.570322248678e-05	1.535631e-05	6.115758e-06	2.708488e-05	8.17486	8	5	13	LeafAreaProliferation_mild_drought
0.994938928467	0.9958197	0.9795233	0.9999307	0.99086838146	0.9927599	0.9712999	0.9999111	0.986513001002	0.9911456	0.9509197125	0.9985918	0.981724002555	0.9846607	0.9476086	0.9966565	3.48037871624e-05	3.541781e-05	1.962902e-05	4.367874e-05	15.30345	16	7	20	LeafAreaProliferation_well_watered
0.775125807693193	0.8578965	0.1673160025	0.9934592	0.677954334648731	0.7404825	0.0939462845	0.98385411	0.652877708637239	0.7161073	0.0706051325	0.9856979825	0.487658991513161	0.5115127	0.00134110875	0.9605426625	7.791844194009e-05	5.075246e-05	4.304842625e-06	0.0002920289	23.05687	16	1	84	PavementCellArea_mild_drought
0.888411104965321	0.9268035	0.539697855	0.9894442025	0.779003890321086	0.81168635	0.3629984075	0.9581445	0.833001687292245	0.8703927	0.4719565875	0.9920694	0.681356451360159	0.6898728	0.3043564	0.969232379999999	1.785353290394e-05	1.2423975e-05	3.879391475e-06	5.411298e-05	5.53065	4	2	16	PavementCellArea_well_watered
0.805410764710093	0.8773898	0.251672895	0.9999496	0.733630509250024	0.79595265	0.158485235	0.9998623975	0.495948191104732	0.5159046	0.0311442295	0.9483160375	0.297536117271273	0.2552064	0.005696710875	0.84768215	0.00069129834487793	0.0007486968	9.17715495e-06	0.0010886831	197.45387	212	2	298	PavementCellNumber_mild_drought
0.9938486206765	0.9969079	0.9692337	0.99985	0.9832569205982	0.9906356	0.923290985	0.9995851	0.978491120783	0.9842177	0.9132988	0.9988284	0.950467916919	0.9612895	0.8412561	0.9964261	0.000283618451204	0.0002881087	0.0001716972	0.0003642492	84.10706	86	50	103	PavementCellNumber_well_watered
0.45578732122028	0.4328159	0.02906698075	0.9820671275	0.338654943190481	0.28629785	0.016117422	0.9508504625	0.563085271821457	0.5954579	0.0352035585	0.981988125	0.358792799090315	0.29659815	0.009277066675	0.9394234575	0.00074411676687261	0.0007890528	0.0001794466975	0.00107947195	211.47085	226	52	296	RosetteArea_mild_drought
0.540330357419859	0.54404385	0.04959404175	0.98738237	0.432125505894218	0.3877658	0.0262735725	0.9735466	0.500229932616628	0.5040952	0.02849645975	0.967484275	0.273745478019472	0.2009392	0.000355679097500001	0.8824281225	0.00023998457684415	0.000161057	4.74091295e-06	0.000772637095	67.89162	45	1	217	RosetteArea_well_watered
0.477307152902908	0.4771762	0.02335484	0.9470375	0.325822400558296	0.28007345	0.010934234	0.8599491	0.685268363546178	0.7698026	0.06678525425	0.99333821	0.510305525641668	0.5340646	0.005639269925	0.979234565	0.00038863031047205	0.0003995149	5.17724605e-06	0.0009496144925	111.03625	116	1	269	StomatalIndex_mild_drought
0.565106668993134	0.6246291	0.025846373	0.9736427	0.404352073312483	0.38871	0.011186374	0.9128774	0.764402258403961	0.8673993	0.098741454	0.996847325	0.602574129243648	0.68910175	0.005882333425	0.9898257	8.792688368871e-05	4.1482385e-05	4.19415575e-06	0.000359675835	25.42496	12	1	100	StomatalIndex_well_watered
0.987280599596	0.9884153	0.976694	0.9927693	0.967274119689	0.9691885	0.9550392	0.9785968	0.998590729045	0.9991739	0.994824	0.9996726	0.997182450016	0.9987163	0.9918754	0.999596	3.07093235743e-05	3.16919e-05	2.57982e-05	3.329273e-05	13.67643	13	12	17	Emco5
0.678219690279323	0.8089198	0.03523569175	0.9999867	0.608955677702152	0.66907735	0.017356386	0.9999468	0.697432411070479	0.80173635	0.05683336	0.9946916	0.564445584301689	0.5952311	0.002476249225	0.9897098	0.00020279193773724	3.7673295e-05	3.768148475e-06	0.00075826584	77.8035	14	1	285	Emoy2
0.45266985456381	0.45918665	0.03672560825	0.8535497675	0.342910411876896	0.3403723	0.01808392675	0.72083337	0.626454263157674	0.68752325	0.0486363395	0.9899967	0.471453596728813	0.46311025	0.000206014552500001	0.9820300175	8.203047851484e-05	4.385332e-05	2.961264775e-06	0.0003010904675	35.27934	19	1	128	Emwa1
0.998821294725	0.9996118	0.9932536	0.9999548	0.998319893238	0.9994244	0.9888465	0.9999281	0.975723366353	0.9900787	0.9003085	0.9923962	0.96212199377	0.972818	0.8771846	0.985384	3.04066438329e-05	3.000192e-05	2.675152e-05	3.232148e-05	18.59524	18	12	23	Hiks1
0.327561537429184	0.30364745	0.016117767	0.7661841	0.213249110004331	0.1804011	0.00703372675	0.5882318925	0.556581077365715	0.5859585	0.035611726	0.98119424	0.32406790553436	0.24202865	0	0.94339352	5.082499032905e-05	2.895526e-05	3.426218275e-06	0.0001787933175	16.60459	10	0	57	Noco2
0.24585417024753	0.20674635	0.0095834438	0.6875309625	0.124776363124701	0.0948104	0.00345392885	0.406912972499999	0.564635849907566	0.59746345	0.03684763525	0.98299922	0.191475713465327	0.096650445	0	0.834230772499999	0.00020669370189024	7.748298e-05	1.0504394e-05	0.0009783065	21.52225	8	0	103	aphids_making_long_probes
0.290865740569093	0.2564121	0.01065369475	0.744517495	0.162051462456173	0.1209613	0.003642483925	0.526597825	0.552173985876171	0.5763411	0.03349887775	0.9832182075	0.198358577550638	0.1002703	0	0.8578130975	0.00022357970358232	0.0001005721	1.05559225e-05	0.000975077565	23.10503	11	0	102	time_aphids_spent
0.631489637725123	0.6971298	0.06786885225	0.9418373	0.423381189315929	0.4349823	0.03276396125	0.781776145	0.72461258856887	0.7923798	0.106291505	0.9900917	0.397281600626539	0.3527585	0.008098901	0.9492314	0.0003699280398537	8.0555075e-05	1.23285e-05	0.00218181	32.3719	7	1	188	ABA
0.802046342926327	0.8897303	0.16008125	0.99895221	0.723941103787531	0.80560285	0.089884993	0.9979973	0.574332373268508	0.6075207	0.03990602925	0.9870290925	0.455948119521877	0.4412563	0.007544303775	0.9726021225	0.00013652251493166	0.00011910245	4.65573375e-06	0.000414184195	55.10781	49	2	165	Normalized_disease_index
0.951304840358	0.9568797	0.8792976	0.9893039	0.742561619482	0.7419642	0.562117	0.9252207	0.978808164203	0.9859513	0.9143947775	0.9996293	0.879805507137	0.9004397	0.6518503175	0.9970074	0.000115013784199	0.0001073889	5.973834e-05	0.00022012	14.69351	14	8	23	A0_Expo2
0.9360168397608	0.9570479	0.7465935625	0.9997124	0.8453605946516	0.87452745	0.5227852475	0.999165	0.716306451950914	0.751771	0.2947132	0.9639708	0.359518120270787	0.34207235	0.1145459	0.7257322	6.114567898765e-05	4.810474e-05	1.294043e-05	0.0001727868675	7.62966	6	2	20	FW_rosette
0.333231957099568	0.2983148	0.0129801375	0.8223269	0.184324099038209	0.14518995	0.004531993	0.568239444999999	0.613455490583617	0.66929425	0.0454864155	0.988413835	0.287422958221083	0.1888551	0	0.9271658525	0.00031349869766531	0.0001193401	1.0777764e-05	0.001552702975	32.42713	12	0	159	PLA11
0.611505905349835	0.66193775	0.06786852275	0.9682061025	0.438028615517642	0.42938525	0.02910666725	0.9044791825	0.617948293140037	0.663328	0.065500231	0.970297995	0.264704793807411	0.2289405	2.23241622500001e-05	0.8073225	0.00014649870982445	5.4190025e-05	1.0403016e-05	0.000685079232499999	15.42793	6	1	71	PLA14
0.46020631338763	0.46379025	0.03019398975	0.9061541	0.283059579272294	0.25298715	0.01171765475	0.736628162499999	0.641078068647043	0.70703185	0.05494341125	0.98883959	0.339348579328641	0.2810999	0	0.9363901625	0.00027910214517795	9.201764e-05	1.072598e-05	0.001172867875	29.0167	10	0	119	PLA16
0.375521486970249	0.34976425	0.01882628325	0.872329265	0.230846911869726	0.1899897	0.006891072475	0.6668900175	0.554476658193901	0.5850229	0.03584596725	0.9786032325	0.211631161776582	0.12648675	0	0.8481450275	0.00051797954691021	0.00015717035	1.103270925e-05	0.0026185122	53.61195	16	0	272	PLA18
0.794530558515015	0.86631855	0.217933895	0.999506	0.669420617187654	0.7081318	0.11307248	0.998755815	0.556771791716643	0.59579975	0.033431694	0.9715278	0.228616250685286	0.1658149	0.001753847475	0.801087425	0.00069685052530999	0.0001880987	1.120466925e-05	0.00243111175	72.69752	21	1	249.024999999994	PLA20
0.412513104331541	0.40216445	0.0247058755	0.86817273	0.245711799538669	0.21470555	0.00982626275	0.6542458125	0.623054323783715	0.68327075	0.049647856	0.9886559375	0.321876264462942	0.241493	0.000424527215000001	0.933952185	0.00069309725222678	0.0004073662	1.3472374e-05	0.002728408025	71.96451	43	1	285	PLA22
0.585562682151083	0.6159972	0.1023312125	0.9176386	0.453517145333341	0.4640354	0.0450978535	0.8336769025	0.441504078107226	0.42729375	0.02165382525	0.9390464825	0.140727390424002	0.06780712	0	0.695163159999998	0.00045688723813982	0.0001144028	1.0638924e-05	0.0026327088	47.295	12	0	271	PLA24
0.676831209383519	0.73023295	0.1355856225	0.971084699999999	0.457408775036149	0.4469616	0.0651619345	0.9015255575	0.794463023890155	0.86747355	0.1924123225	0.99486845	0.561665386901945	0.589636	0.01729391575	0.9742651	0.00027234307048767	0.00017770995	1.197779225e-05	0.001062178	28.98344	20	1	113	PLA25
0.613413437682102	0.64681735	0.1281772925	0.93238907	0.465324122876168	0.4748252	0.062941539	0.83714433	0.492869752076664	0.499204	0.028286115	0.95238163	0.1745216301574	0.10954945	0	0.726790415	0.0005567464120327	0.0002793789	1.08967675e-05	0.001862143175	57.53681	29	0	191	PLA26
0.597220710833497	0.62107325	0.09864233375	0.97661685	0.444453099487016	0.4330367	0.04548404525	0.92863516	0.549889884772649	0.5786063	0.0383059475	0.9707242475	0.24100287442977	0.16679105	8.68290397500001e-05	0.8469132	0.00024567887412657	0.0001700895	1.252477825e-05	0.0008816126775	25.57276	18	1	91	PLA27
0.62640746390506	0.677244	0.08277135175	0.941065	0.366651287400849	0.3576496	0.03274621675	0.74148548	0.705022161646077	0.7989928	0.0664763655	0.9928856	0.352999651471259	0.3112304	0.000391911225	0.9327949175	8.260560605931e-05	3.254592e-05	1.010579875e-05	0.00044137765	8.75281	4	1	46	PLA28
0.615864946499549	0.6566914	0.05860994625	0.99753925	0.47705318375804	0.4514345	0.02630550275	0.9942917	0.556824399038915	0.59069635	0.03608153275	0.97515259	0.263352814374072	0.1936006	0.00433223475	0.8618031	0.00157454221665877	0.001585265	4.684471075e-05	0.002905521575	163.77092	167	5	295	PLA8
0.31509360195406	0.27438115	0.01073479	0.804154292499999	0.171525230494566	0.12611875	0.00398355915	0.57053884	0.601545017392051	0.6509049	0.0422241815	0.98878977	0.272486904878055	0.1770408	0	0.919717542499999	0.00038564144704689	0.0002192931	1.143267675e-05	0.001359655575	39.89832	23	0	139	r_Expo2
0.824680427620329	0.89744375	0.22649545	0.9978353	0.627897443832985	0.65296015	0.10718922	0.9891534	0.863298468042888	0.9336303	0.2572353725	0.997124	0.65669347267974	0.72477195	0.02790192525	0.9824224	0.00047133764687824	0.00039491355	1.815482075e-05	0.001115517	49.80424	44	2	111	WC
0.993806133156	0.994886	0.9815566	0.9976236	0.957907834772	0.9648555	0.8830889	0.9808174	0.996671578486	0.9977173	0.9876061	0.9996746	0.978262472919	0.9820086	0.9296912	0.9973617	0.000614076562583	0.0006188347	0.0005412539	0.0007140529	92.20203	92	87	99	control_aantalSkld5m10t20_c
0.861911646207814	0.89874155	0.5300461	0.9992482	0.627756866626175	0.6157706	0.2568059	0.99678056	0.89358381548398	0.9314946	0.5681714	0.997693335	0.659522007909971	0.6725207	0.204844135	0.9837842	4.471643134571e-05	3.327459e-05	7.231802e-06	0.0001255904	8.27433	7	2	21	control_avgSL0t10_c
0.758442484619605	0.9465926	0.03993228975	0.9998266	0.631538837916394	0.7582137	0.0149700005	0.9986735	0.829177892538022	0.9201181	0.1393880675	0.9927227	0.551230594163273	0.6189309	4.92720495000006e-05	0.9434093	0.00010348621984862	8.837919e-05	8.082171925e-06	0.0002840433	16.35607	14	1	46	control_avgSL10t20_c
0.909056785773781	0.9805712	0.2374373225	0.999959	0.822489197150827	0.9144774	0.1279981375	0.9998337	0.879678212382326	0.9327027	0.341370435	0.992811855	0.652924410776203	0.697911	0.02565635125	0.9511764	7.537634647377e-05	8.014889e-05	1.049216e-05	0.0001412246	15.25533	14	2	29	control_avgSL20t30_c
0.80295750283032	0.8256389	0.5267005825	0.9636803	0.49642263692904	0.485223	0.2789013825	0.7773852725	0.91435776365129	0.9431905	0.6698419	0.9972561	0.713387996246751	0.72671745	0.3454933	0.9800555	1.760554854814e-05	1.39058e-05	6.778546275e-06	5.06006e-05	3.68095	3	2	9	control_avgSLm10t0_c
0.494816648077801	0.49150735	0.0265879945	0.9768726	0.340614997809006	0.28983605	0.010342085	0.931587745	0.5874172938146	0.63014495	0.0403212865	0.9843603925	0.277129702068876	0.1996177	0	0.9022388	0.00011097149572184	4.822855e-05	6.519853875e-06	0.000465245515	19.4943	9	0	81	control_avgSLm10t20
0.579570738104425	0.6091747	0.044338908	0.9940921	0.418434749092108	0.37680915	0.01811238125	0.9841147425	0.656352062767922	0.72041845	0.06981775025	0.9890693275	0.390515691128842	0.3582208	0.000908170305000001	0.947754	0.00049372483663774	0.0002654345	8.493407675e-06	0.001851969425	75.89411	41	1	283	treatment_aantalSkld5m10t20_t
0.745847288672843	0.8013427	0.20436932	0.9927236	0.546943681082272	0.54866415	0.0959503685	0.9765534	0.816258830362022	0.88995855	0.2154622775	0.9958284025	0.613442814372914	0.6613231	0.044011888	0.9817484725	0.0007048744030255	0.00062875985	6.384363825e-05	0.001622402	108.76723	97	10	245	treatment_avgSL0t10_t
0.611245999959882	0.6557251	0.0543594075	0.99422835	0.46465337121938	0.44270685	0.024393547	0.9862390475	0.586175253953245	0.6336767	0.038824758	0.980916275	0.311267839877349	0.24532635	0.0042943731	0.9038021	0.00120496455791011	0.0013346685	2.209190025e-05	0.001974636025	184.86755	206	3	295	treatment_avgSL10t20_t
0.611390978610318	0.65178705	0.05146104775	0.996306115	0.520428198829878	0.5267142	0.02421089425	0.9930427	0.447180348527726	0.43395785	0.02191012375	0.9376766	0.187862308221092	0.11962315	0.0002165724675	0.7312572	0.00051667144443337	0.00041364455	9.222011025e-06	0.001310330925	78.43376	64	1	194	treatment_avgSL20t30_t
0.790883056708561	0.84925675	0.26318521	0.99913311	0.708538215195232	0.75563725	0.157254	0.9983846	0.407503718842405	0.38931415	0.02024581	0.8976236675	0.139362669397925	0.079488825	0	0.621968344999999	0.00015068832948982	7.734563e-05	7.5343323e-06	0.0006068553275	23.02362	12	0	91	treatment_avgSLm10t0_t
0.849620618266014	0.8997033	0.4025696575	0.9995766075	0.7548510054362	0.8021495	0.24735903	0.9990844	0.556119959754004	0.58840705	0.0368830335	0.9785179075	0.318259074343191	0.25278375	0.00205784945	0.9203372	0.00030200934300847	0.000278635	9.795668925e-06	0.0008390048	64.13434	59	2	175	treatment_avgSLm10t20
0.87639338996357	0.9393843	0.4612556625	0.9928118	0.57672935396922	0.56649195	0.2734972575	0.9182004	0.9716007906375	0.9866639	0.838254945	0.9996302	0.85657510526415	0.8816579	0.573225	0.9948645	0.0001393805567302	0.0001446625	2.333501e-05	0.000258221459999999	13.93029	14	3	23	Redness_control
0.541946571465601	0.5607693	0.0382630025	0.9882490025	0.354955385581376	0.31415805	0.016064285	0.9471228225	0.694525813216595	0.7795587	0.0722608	0.9927073	0.39658273753524	0.3539057	0.001057517	0.9559383	0.0010514642192264	0.0006796843	1.514161375e-05	0.003197049725	89.2066	57	1	273	Redness_PEG
0.774791390873168	0.8103714	0.3960245825	0.9610917	0.598321486106902	0.6058633	0.2819138575	0.885685082499999	0.90616503473634	0.94356605	0.5888535725	0.9981058	0.812341493028692	0.8535793	0.3962967	0.9945648825	0.00032714584619812	0.00028560365	2.625494e-05	0.0008259471	47.14266	41	5	111	AA_1
0.754185603945757	0.8057293	0.2393935325	0.9960492	0.622379351036054	0.6435185	0.137308505	0.9872532025	0.589556837222243	0.6262948	0.043313696	0.9894839	0.30397579389351	0.22158795	2.67956525000001e-05	0.9325862	0.000218067957473	0.00011652205	9.730255725e-06	0.0008244736	27.14107	15	1	96	AA_2
0.488261192660943	0.49187265	0.0262143455	0.9668432575	0.348352923695831	0.2961041	0.01012906525	0.9344807725	0.53213788535099	0.54835395	0.0286899855	0.9799344	0.229870358116681	0.13582495	0	0.8804615425	0.00021467616324983	9.125077e-05	8.23267015e-06	0.000921901372499999	29.79695	13	0	128	AGP_1
0.335406458576755	0.3116138	0.0217551365	0.777040517499999	0.218044458510332	0.184911	0.008968475925	0.60223676	0.495456286291898	0.4984492	0.0268090035	0.9673416425	0.175255860701427	0.095004455	0	0.7831581975	0.00063509413223049	0.00020452845	8.6679182e-06	0.002042888475	84.60438	27	0	271	AGP_2
0.471849555671256	0.46745035	0.08757721	0.8800395	0.337834860709512	0.31677445	0.048586297	0.74759009	0.502815802225785	0.50989125	0.02982796925	0.95929267	0.178099685727581	0.092342995	0	0.7668117	0.00011296413694173	4.800096e-05	8.002656575e-06	0.00070652822	15.53902	7	0	98	aINV_1
0.726991743155847	0.8455208	0.0586888027500001	0.9969385	0.51105269747913	0.5187684	0.02393332575	0.9858356	0.83098802368894	0.9144669	0.17796171	0.9972662	0.588450598680824	0.6351528	0.01571484125	0.9784405	0.0001970129208292	0.0001128895	1.3416516e-05	0.0006242683225	27.27354	16	2	82	aINV_2
0.89154090805247	0.9435384	0.4777595175	0.9998943	0.801135526891627	0.85628575	0.3269714675	0.9996802	0.67611254745394	0.7454347	0.09774726925	0.9704355	0.361066064198744	0.34867825	0.006820041875	0.8399884	0.00060573189501367	0.0003504099	1.1293443e-05	0.002097944	85.45454	50	2	292	ChlA_1
0.9303179100279	0.9655911	0.6617538675	0.9998933	0.8631643188591	0.9086712	0.500028925	0.9997234	0.724908986417128	0.7944604	0.145560365	0.9691873	0.418863005314571	0.4130886	0.0214471285	0.8609203	0.00069859140838952	0.0006627521	4.93387e-05	0.001644824175	86.64728	83	7	205	ChlA_2
0.454493958512799	0.43004645	0.0408522015	0.9760152125	0.319363794756491	0.2665445	0.01897484725	0.9327969	0.549979620908831	0.57756145	0.03376021575	0.9759635075	0.239768480016832	0.1497046	0	0.8610140475	0.00091801756767399	0.001086944	8.2181871e-06	0.0020027839	127.87081	152	0	275	ChlB_1
0.592656707583015	0.62503625	0.0847722975	0.955779	0.451430347986357	0.45515075	0.0389243	0.8728403	0.514762095361721	0.52471125	0.0304946835	0.974750175	0.214605671006278	0.1288308	0	0.863476667499999	0.00031221890593857	0.00019861985	9.67206805e-06	0.00123154835	38.27341	24	0	147	ChlB_2
0.444724887549954	0.43983345	0.033618154	0.8947793575	0.289164155452623	0.2548877	0.01503431875	0.748289172499999	0.610329458343554	0.66376085	0.046598857	0.9846378025	0.324547673025268	0.25668885	0.0024712889	0.91871528	0.00069394965032858	0.0005413367	1.305908e-05	0.001909323	96.60934	74	1	270	cPGI_1
0.517989752759579	0.5119331	0.033609596	0.9790214	0.335730977629199	0.2727099	0.01372979125	0.916411794999998	0.744349054880496	0.84377195	0.0948326085	0.9964586175	0.491588620306769	0.5075141	0.000242891605	0.9820272	0.00027056724347579	0.00015354275	8.83316095e-06	0.000966501715	35.998	21	1	130	cPGI_2
0.815957395128187	0.8554408	0.4177304	0.9917865375	0.553615748083156	0.5417183	0.196016435	0.9720896	0.872295896326599	0.9229217	0.4345054725	0.9977498	0.641782606901228	0.6631247	0.125003105	0.9815405	5.400484121362e-05	3.191138e-05	8.245121e-06	0.0002072623	8.49605	6	2	30	FBP_1
0.422978178383788	0.4141781	0.0229895825	0.8789953825	0.282574552769463	0.24801485	0.008937229	0.7460736175	0.572103739903555	0.6083961	0.03961729475	0.98116007	0.278241820878255	0.19154315	0	0.911507474999999	8.51561680863e-05	5.089247e-05	7.595721975e-06	0.0003417189975	12.55284	8	0	52	FBP_2
0.871795994567046	0.9223382	0.44111934	0.9878118	0.622120300625392	0.6451587	0.180373625	0.9137548	0.939468488187952	0.965181	0.7133817	0.9985441	0.768225326053488	0.794601	0.34643122	0.9871928275	5.459941503401e-05	5.1858925e-05	9.3470687e-06	0.0001222855	9.23333	9	2	21	FK_1
0.487265260539794	0.48920815	0.03596453725	0.9570223	0.345380652425168	0.3188389	0.01626585975	0.8706943	0.581287756386234	0.62172785	0.0391078315	0.9832640675	0.293062729097998	0.2173016	0	0.90870403	0.00032554483232652	0.0001305042	6.6509502e-06	0.001337141025	57.01296	24	0	234	FK_2
0.609404593294019	0.6339863	0.1701433375	0.90740996	0.358954218458663	0.35148545	0.08631660625	0.654002	0.875731393453965	0.9250887	0.4610875	0.9975159	0.722526087237817	0.7643755	0.1481493	0.9883153	5.985155060982e-05	3.097705e-05	7.736599375e-06	0.0002720738	9.10623	5	1	39	Fru_1
0.78239109355505	0.8286425	0.33966642	0.9878921	0.605614821554913	0.6122966	0.2191580425	0.9588726725	0.735516237007843	0.8063174	0.134231555	0.9864081	0.433575342682938	0.4277148	0.00638379985	0.9094450825	0.00025437523341728	0.0001009266	9.72029e-06	0.001215363	32.20164	14	1	148	Fru_2
0.476687937064789	0.47867195	0.0433631665	0.9116411725	0.329615618196393	0.30761645	0.019182607	0.7727295	0.552982851767734	0.57981485	0.03385764675	0.9809268	0.261244871657389	0.1685132	2.48144302500001e-06	0.9013566625	0.00047845074052074	0.00018985365	9.34820255e-06	0.001735922875	66.73248	27	1	238	Fum_1
0.285730206009497	0.24925725	0.01449541775	0.744435449999999	0.150617944701267	0.1243606	0.005298995775	0.436313945	0.582805476553732	0.625892	0.0396013935	0.9830967125	0.227134161310442	0.13565175	0	0.86882627	0.00021980907916224	7.995787e-05	9.202093075e-06	0.001050079	26.72279	10	0	127	Fum_2
0.38477738189158	0.3723924	0.01811590475	0.8314265775	0.217686315065521	0.1932221	0.007066049225	0.5801164925	0.689844092303913	0.77391065	0.07073939125	0.9934918325	0.430103081792983	0.4098497	0.0001101837575	0.97193241	0.00021699546249408	0.00012655865	8.705802975e-06	0.00098105147	30.42067	18	1	139	FUMARASE_1
0.491413211319107	0.5026628	0.0402061945	0.9070902825	0.321060098099903	0.3060671	0.01609530475	0.7279924325	0.568032028526893	0.6035415	0.03658686075	0.9804541425	0.23568726875649	0.1565065	0	0.861692007499999	0.00019924637965141	5.253851e-05	8.04273285e-06	0.0009930753525	27.41712	8	0	135	FUMARASE_2
0.604724897972336	0.64059785	0.103214615	0.9446423	0.420032073551805	0.41303965	0.0500819575	0.8487268	0.715589089287982	0.8088455	0.08084623925	0.9947164525	0.499610710756262	0.52176215	0.00544647305	0.9802926	0.00053712361221388	0.00039517295	1.159719e-05	0.00149305795	75.3883	57	1	205	FW_1
0.644790605523741	0.6972435	0.071711731	0.9964076975	0.498018239304346	0.49051555	0.03389539525	0.9879842	0.624252999566584	0.68775095	0.04359203975	0.9902907625	0.370497842574712	0.2991833	0.00805778992500001	0.9474472	0.001600416528302	0.0016634155	0.0006661854175	0.002193395	223.58494	234	93	295	G6P_1
0.566451980618438	0.59127005	0.0649504355	0.96469929	0.447067754723512	0.44204245	0.02677868	0.93638286	0.424849770176737	0.40091685	0.01980450625	0.9405063625	0.126273462619648	0.05608699	0	0.684479989999999	0.00016237472559066	6.3195885e-05	8.933895125e-06	0.000984775107499999	19.74716	8	0	121	G6P_2
0.830288774728271	0.8596407	0.5312283	0.971445605	0.510950961835701	0.5077658	0.26018331	0.7683589175	0.95529042353493	0.9743605	0.8029902	0.9992029	0.826550834742863	0.8527498	0.5253917	0.9930144	3.205042898657e-05	2.390907e-05	8.359460725e-06	9.026778e-05	5.77574	5	2	13	G6PDH_1
0.843835971466627	0.8743527	0.550858025	0.9802075	0.56597027978174	0.5630498	0.3274076	0.879753	0.96069868831092	0.9811304	0.8043427425	0.9992355	0.869753927876739	0.9055536	0.56166667	0.996564	3.177623896052e-05	1.563464e-05	5.4513749e-06	0.0001463445	7.34742	4	2	29	G6PDH_2
0.548487556723441	0.57381135	0.08216054375	0.91668861	0.331925593513828	0.3169131	0.0421108	0.7083313675	0.720115527212101	0.8017369	0.094320597	0.9899222	0.409889482450814	0.3844501	0.00271545395	0.9414544675	0.00027367310737163	0.000134666	8.70803545e-06	0.001082876475	36.68044	18	1	142	GDH_2
0.752283937201208	0.8330276	0.09370992825	0.97424641	0.479172105300823	0.4917583	0.0386168085	0.83506307	0.907506472619838	0.9582556	0.46209388	0.9989459	0.731020765640862	0.7931711	0.074151269	0.9926925	7.003493744575e-05	3.679271e-05	7.674984e-06	0.0002366315	11.49547	7	1	37	GK_1
0.196718198464917	0.14342845	0.004981285	0.653607587499999	0.084238797561808	0.05676485	0.001872277275	0.3171344	0.634090218821838	0.6989066	0.05005511	0.991415825	0.293403287380512	0.19981815	0	0.93289919	0.00025684375520108	0.00011262595	9.8100308e-06	0.001191566275	31.46205	14	0	147	GK_2
0.972442083102	0.9770254	0.9154997	0.9971188	0.84407954171	0.8432862	0.7088727	0.9812481	0.974959789356	0.9828896	0.898363	0.9987607	0.86835418556	0.8763474	0.6797174	0.9901325	7.28671496165e-05	7.179991e-05	3.153431e-05	0.0001204774	13.67155	14	8	19	Glc_1
0.821549458281979	0.8548729	0.496771505	0.972040795	0.56689085250229	0.5732542	0.27409292	0.8243227	0.87225824997146	0.91459545	0.5059668	0.99448797	0.623583377022238	0.6334974	0.1992704875	0.9594234	5.013793862063e-05	2.992973e-05	8.794226e-06	0.0002623119	7.52121	5	1	37	Glc_2
0.39910166576406	0.37626645	0.02015817725	0.888819149999999	0.253590346567013	0.20562955	0.00830817065	0.7563742775	0.586402210759618	0.62875995	0.04044092425	0.985838705	0.290613173818793	0.20197455	2.062068e-06	0.9229569875	0.00047029679588352	0.0003638721	9.199361925e-06	0.001589756125	65.50343	50	1	222	iRub_1
0.31464830124623	0.26171235	0.00996609435	0.8432476	0.167640443357796	0.1217706	0.004056838825	0.5680151	0.625588807923675	0.6851876	0.0462146805	0.99274426	0.326686808066748	0.24187735	0.0009067074	0.947479	0.00070327697865411	0.0006066793	9.90365895e-06	0.00222313915	86.12914	75	1	272	iRub_2
0.681418165134274	0.72762175	0.150092285	0.9858131675	0.523116167490866	0.52431415	0.0814412145	0.96288765	0.617817044632279	0.6764054	0.0518978795	0.97742627	0.319670594943947	0.27486705	0.0019960409	0.8816505375	0.00030050013614134	0.00018134515	8.48581985e-06	0.001189763575	42.3103	26	1	165	Mal_1
0.934007116404	0.9524967	0.7566657675	0.9997729	0.853763514108	0.8706821	0.59318605	0.9991393425	0.77412898531089	0.8243344	0.3080576975	0.9752248	0.488149055414771	0.48604965	0.09817633125	0.88098419	0.00026439845721059	0.00020529405	1.543241825e-05	0.0008022414	33.58922	27	3	96	Mal_2
0.696921593823191	0.7419787	0.185256195	0.9753447	0.536328741216931	0.5455011	0.0992527385	0.9336549	0.614436783392421	0.67075755	0.04580578025	0.9836176	0.330135528777964	0.26320785	0.002126197825	0.90850331	0.00054196761473035	0.0003513695	1.2204259e-05	0.00170809355	72.18917	46	1	225	MDH_2
0.341878360095781	0.30447135	0.01329451275	0.856151305	0.211383173757336	0.1556292	0.004922715	0.7159567025	0.558972853751281	0.58728355	0.0348063605	0.9835472725	0.24029028893538	0.141867	0	0.89622269	0.00019862402513502	9.969147e-05	8.24402145e-06	0.0008568498725	27.56182	14	0	118	mRub_1
0.726714744326465	0.7508133	0.3889378	0.943528	0.348467146100159	0.3369383	0.1604308025	0.5986127	0.916194185914512	0.95439125	0.5983793775	0.9986082	0.6981352818814	0.72669165	0.1922251925	0.9854021	2.325335945753e-05	1.594667e-05	8.361259e-06	8.118151e-05	2.93796	2	1	10	mRub_2
0.558578705516851	0.640587	0.02357296175	0.9420234	0.27473872880379	0.2737661	0.010516681	0.644902122499999	0.779495615892702	0.9156238	0.0844920155	0.998563	0.550387165420868	0.6096925	0.01596202	0.9831765	0.00080479207260683	0.0006054322	7.538249e-06	0.00215039395	112.29077	88	1	292	nINV_1
0.303329396734463	0.2565946	0.010734291	0.8146707	0.168945479480239	0.1250905	0.0045264974	0.5690101975	0.634057931883772	0.6988914	0.050716412	0.989988925	0.35255795931643	0.2846697	0.0006524254625	0.9481361625	0.00045774247454682	0.00026485575	7.878499175e-06	0.001460359	78.60954	46	1	247	nINV_2
0.373699837691768	0.3501256	0.01652373275	0.85778342	0.226763710727975	0.17721745	0.006220770775	0.7104833025	0.593338653102829	0.6372904	0.04278792425	0.9870101175	0.287305066857389	0.197398	0	0.924832235	0.00022279765168373	0.0001310976	8.1988258e-06	0.0008560881875	31.1094	19	0	118	NO3_1
0.255349660825899	0.2168313	0.00914792615	0.701714367499999	0.128922521890772	0.098227745	0.003103488375	0.4131802175	0.577884810042622	0.61676355	0.0386783775	0.9854502225	0.211184151953193	0.1066751	0	0.875034305	9.168430649457e-05	4.386907e-05	8.999699825e-06	0.000478449295	11.00215	5	0	59	NO3_2
0.510113159043228	0.5148527	0.0420034045	0.9546611	0.339320654931629	0.3059096	0.01998244125	0.8487278	0.670956612647951	0.75719435	0.05793876025	0.9921421	0.414998801505064	0.372972	0.00660802445	0.963326	0.00098818520674147	0.001003458	1.7254166e-05	0.002111959	137.88696	140	3	292	NRVm_1
0.265382315869339	0.2192437	0.008883633375	0.757251399999999	0.136986210912623	0.097880995	0.002980962	0.481071765	0.601923249557353	0.6501987	0.04461311675	0.9876434	0.252425069753125	0.145858	0	0.914988235	9.540054628914e-05	4.9035945e-05	8.23721355e-06	0.00040984729	12.5979	7	0	54	NRVm_2
0.624365316794609	0.65791175	0.1513903075	0.937817915	0.452254966932054	0.4486995	0.08375149725	0.843899545	0.677427719150622	0.7554835	0.06912279	0.9916599	0.449722310687317	0.44794695	0.00076623318	0.9678473	0.00034946463262356	0.00017679695	8.889622e-06	0.0014157748	49.19715	26	1	199	NRVs_1
0.325485488013476	0.2939745	0.01445849275	0.7954459	0.179787314753245	0.1446108	0.00514895035	0.54655116	0.600043488530584	0.65009195	0.043362381	0.986579835	0.262523298566902	0.1624809	0	0.913217685	0.00014615180303007	5.0611645e-05	8.309501775e-06	0.0009395162	19.42746	7	0	125	NRVs_2
0.30022904323015	0.26330125	0.0103799855	0.766143475	0.161630924474698	0.12564555	0.003802466775	0.504201404999999	0.589478396301995	0.6341859	0.03796801425	0.988500325	0.260085750296119	0.15627835	0	0.9171426625	0.00022961677474652	6.921859e-05	8.33471475e-06	0.001080644	30.57859	9	0	142	PEPC_2
0.359302384992828	0.3275402	0.0223444855	0.85343203	0.225481281314142	0.18193635	0.0085663812	0.677169185	0.537373057241128	0.55668565	0.03102448825	0.97538653	0.190593536958719	0.09760746	0	0.8216147	0.00011948300528307	4.793994e-05	7.83927645e-06	0.000584381314999999	16.33665	7	0	80	PGM_1
0.819053823304967	0.9088103	0.1560893725	0.9974582	0.660881192685293	0.713765	0.091851794	0.9898674	0.839683717899099	0.9064012	0.2345993	0.9949664	0.602456534286315	0.64129345	0.04129043025	0.9694636	0.0004897288336507	0.0003043324	3.844330525e-05	0.00213417875	66.81056	44	6	283	PGM_2
0.759761952435266	0.84448765	0.1027211475	0.996113	0.586895573473497	0.61513085	0.04295884325	0.9855335	0.763071266577693	0.8182261	0.2458353175	0.9916808	0.477421702154388	0.4625972	0.026816914	0.9572836	9.825055957967e-05	5.378895e-05	8.149895e-06	0.0004116566	14.33377	9	1	58	pPGI_1
0.391208255839107	0.36522115	0.01842567275	0.8856212475	0.225616838864265	0.1847045	0.007660181775	0.6716699625	0.67696503555369	0.7575422	0.06318118725	0.9924834	0.405776043262795	0.37072105	0.002028935875	0.9614671225	0.00046282897170158	0.00026188215	1.070127775e-05	0.001795273525	61.41649	36	1	236	pPGI_2
0.339229582366254	0.297652	0.01070566925	0.8501445875	0.170872337322476	0.1344522	0.004271200625	0.5373044	0.720719232370263	0.8183004	0.0794263425	0.9959014	0.460033322083188	0.448898	0.00146426225	0.9792484	0.00052264038487306	0.0002415749	8.826041925e-06	0.001656373	72.95452	34	1	227	Prot_1
0.722891340603359	0.79667385	0.1513189125	0.9940851	0.529795572037378	0.53316945	0.07700760775	0.9734481	0.799609326124058	0.8975123	0.1344942675	0.995508815	0.569634807397866	0.63771875	0.01548142925	0.9759901	0.00111776271331716	0.0010942075	3.166505375e-05	0.002379078075	138.16343	135	4	290	Prot_2
0.313651268319191	0.2789901	0.01699593925	0.7762269075	0.176377874126104	0.145141	0.0065355214	0.5182630525	0.571121155011183	0.60778365	0.03856517825	0.9811386325	0.220475732028479	0.12696905	0	0.8571179	0.00015691108396474	6.3923945e-05	8.3607646e-06	0.0009635808475	20.56029	8	0	132	SKDH_2
0.962117763397	0.9740255	0.85125441	0.9997758	0.838266331123	0.8568013	0.5976474	0.9990047	0.971324881132	0.9812697	0.881236	0.9995445	0.8831543617766	0.9023608	0.6602018	0.9962393	0.00015799698522184	0.0001410858	5.116271e-06	0.0004993361	33.16558	25	1	105	SPS_1
0.509625163950972	0.47753755	0.024845395	0.9982323	0.372773703666687	0.2759556	0.01047785225	0.99208	0.660311105535769	0.73572205	0.0544674915	0.9935334	0.390153101999193	0.31911135	0.001048967075	0.9648110525	0.00095362097312719	0.001159714	1.05705855e-05	0.002109846025	126.48039	160	1	276	SPS_2
0.9214460552038	0.9584366	0.635035525	0.9998574	0.85615028955529	0.90695855	0.4388433625	0.9996458	0.582024162148403	0.6264523	0.058052935	0.9335960325	0.24690445796908	0.2328712	0.000558035655	0.6207426	7.443201854112e-05	3.216558e-05	7.780423e-06	0.0005533328	10.93036	5	1	76	starch_1
0.839293865587632	0.8739078	0.5127206775	0.9765814	0.54622805760733	0.5494004	0.2239048025	0.8566563	0.878372874548032	0.9237279	0.4925089	0.9969388	0.571859573920299	0.5781245	0.1144999675	0.9700742675	8.617594632447e-05	3.036902e-05	8.864107175e-06	0.0007190993	11.79724	5	1	91	starch_2
0.261239054879306	0.21676825	0.008892982275	0.72242555	0.131701495278392	0.09833227	0.003347965725	0.4366366	0.624716483881654	0.68671665	0.04829998075	0.9890166	0.303435616385446	0.21645495	0	0.930958215	0.00037687220824577	0.00012381765	8.4330423e-06	0.00172439675	52.41483	17	0	241	Suc_1
0.708621020080067	0.7511976	0.2366347275	0.94631433	0.449267457638031	0.4461328	0.12690819	0.7746575175	0.85004088030174	0.90566895	0.3581256325	0.9970898	0.638376001125716	0.6717909	0.0497163735	0.9836084	4.852421160864e-05	2.8848725e-05	8.822937e-06	0.0002062736	6.99424	5	1	27	Suc_2
0.468181751666479	0.4312164	0.0180318575	0.98018369	0.281638603997768	0.20904155	0.006885346075	0.83158	0.731838394750412	0.8342041	0.0789855585	0.9969244	0.45093737402043	0.4505529	0	0.9692261	0.00021462731555183	0.0001355925	9.0325084e-06	0.00092113551	28.96861	19	0	122	TK_2
0.524267913181916	0.5413451	0.0542037525	0.9436203125	0.387288984951527	0.36404225	0.02479066625	0.889594125	0.528889839135958	0.5478387	0.0314253625	0.97244356	0.249214407378952	0.1639101	5.66736805000001e-05	0.87235254	0.00036743051362727	0.00022379725	9.171373675e-06	0.001320586175	50.99832	31	1	182	tPGI_1
0.69543143444948	0.74377605	0.13633909	0.9980007	0.557643164119956	0.5561295	0.06697729075	0.9939145	0.619824998816096	0.6755316	0.0537511975	0.9812932	0.353338303139061	0.3080667	0.000365001975000001	0.91852276	0.00029688608374791	0.0002106551	9.995938925e-06	0.00096932118	39.58118	28	1	128	tPGI_2
0.358055747495165	0.3340149	0.02088085	0.816385	0.198333330832123	0.17506195	0.008197456075	0.5225601675	0.638752971022527	0.7021263	0.0546164855	0.989667855	0.326583844920907	0.24665835	0	0.9426017	0.00036346573770095	0.00012192125	8.946789325e-06	0.001942698025	48.37576	16	0	259	TPI_2
0.598813209656682	0.6321303	0.08610139025	0.964670685	0.449054684850808	0.43687115	0.03541729	0.9287500475	0.577848639379033	0.6145062	0.04355497275	0.9802706	0.31108132237788	0.2570731	0	0.9166752975	0.0001170524138773	4.5146225e-05	7.753098875e-06	0.0006339822	16.52606	7	0	89	UGP_1
0.381477138824676	0.3400662	0.014263172	0.9048079	0.208668247103975	0.16336355	0.00612849165	0.6496145	0.696198241647097	0.78785245	0.06651588825	0.9962476	0.4326702279444	0.38672845	0.006237166275	0.9787358	0.00080773580004816	0.0006942842	1.960179425e-05	0.001968088925	108.2296	94	2	262	UGP_2
0.973514372371	0.980833	0.9019981	0.9997942	0.91060620333	0.9236626	0.7436878	0.9993228	0.928326628183	0.9417568	0.7739933	0.9933413	0.770376128741	0.7753906	0.5063333	0.9637595	0.0003951165423566	0.0004068332	0.0001369484	0.0007024542	36.08534	36	14	63	FT
0.78855677853328	0.83827805	0.3298774975	0.9979351	0.622993087693765	0.6183575	0.225984335	0.9938621	0.767098756710157	0.8489956	0.16852181	0.995601365	0.558342074299197	0.57907365	0.02816947525	0.9812906	0.000602688613548	0.0003916432	1.4766323e-05	0.001945121475	53.7884	35	1	167	LL
0.673905862179986	0.7283244	0.105154935	0.9950044	0.533521507171943	0.53761775	0.0491065065	0.988863835	0.549713521804676	0.5737659	0.0339593365	0.977201915	0.253270374123552	0.16111645	0	0.8753085825	0.0006134561083818	0.00036885155	1.35320965e-05	0.002394868	54.12257	33	0	209	MSB
0.883226540591279	0.9476511	0.4029297675	0.9998455	0.757639120757497	0.8269299	0.2155368975	0.9994338	0.796367198046866	0.86096125	0.2251833775	0.9912595325	0.523171220038983	0.5358576	0.03772335525	0.9481001425	0.0012829547847204	0.001253628	2.33231265e-05	0.003248614175	113.54612	113	2	285	PH1S
0.463297566697377	0.455732	0.0271706755	0.9529895875	0.260907772540053	0.2186076	0.009981523125	0.7670913	0.716892321865967	0.81216605	0.07607605475	0.9955388	0.421131564763536	0.3928378	0	0.97134461	0.0003684318870482	0.0001774025	1.305363275e-05	0.001711135575	32.51223	16	0	144	PL_div_LL
0.77562877882056	0.8476556	0.2018315075	0.9967126	0.582402129072583	0.5934808	0.103487515	0.9854287375	0.810923813083285	0.9021815	0.1764827725	0.9966441825	0.580069874123917	0.6327573	0.01928007925	0.9818108	0.0016445895049059	0.0016330855	1.576145875e-05	0.0033592087	145.61381	143	2	285	PL
0.65287591006008	0.6662394	0.2966005	0.9360961	0.534396772338819	0.53339445	0.23562462	0.8400014	0.500177136250136	0.51664505	0.03130858425	0.9300133625	0.17288052166562	0.1135596	0.00039057737	0.6451487	0.0007648201808448	0.00069279745	1.597205575e-05	0.0022137413	67.45837	61	1	193	RB
0.448599377117028	0.4524152	0.03424411525	0.8669370975	0.29262918690694	0.2683465	0.01314221525	0.70690561	0.551500375178074	0.57769085	0.0349514885	0.9812792	0.237046089030063	0.1400734	0	0.89042286	0.0004127568831218	0.00026444485	1.326256775e-05	0.0017370389	36.27318	24	0	152	RGRav
0.731836735045782	0.8457578	0.05229657725	0.9820656	0.411265799347967	0.4083156	0.01755396525	0.7954431	0.905468345962459	0.97563735	0.285128735	0.9992402	0.702119232491871	0.8028258	0.00479341665	0.9891907	0.0001019098487654	8.6081965e-05	1.245730325e-05	0.0002714313	10.00513	9	1	25	RGRbv
0.887308966695855	0.9249302	0.5533193	0.9931989725	0.663345566320243	0.66870205	0.3278068	0.9588134	0.9084499474214	0.937236	0.6359121	0.9951568125	0.635117974926982	0.631446	0.28677343	0.9565372325	0.000182691416901	0.0001470993	1.362348875e-05	0.0005301067675	17.61525	14	2	48	TPH
0.94731036167031	0.9750996	0.7202632	0.9990287	0.838012073334956	0.8646151	0.4693587	0.9944671	0.950398394015126	0.9759473	0.7515164675	0.9988691	0.838922160681779	0.8689253	0.4885458	0.9919828	8.321671711593e-05	9.175328e-05	8.823529e-06	0.0001874931	22.14349	27	4	41	days_after_dark_treatment_2
0.912925618391988	0.9872715	0.3178017	0.9999186	0.819875270379787	0.9361854	0.153709385	0.9995221	0.897039327276576	0.9504787	0.3576873	0.9919898	0.681307787886353	0.7542932	0.0345954	0.9329956	4.251672771909e-05	4.078202e-05	5.577581825e-06	8.893788e-05	12.39365	13	1	23	days_after_dark_treatment_3
0.485420124114743	0.470443	0.02799847675	0.9803509	0.331671338943044	0.2728843	0.01101855	0.9337985	0.624890841177068	0.6863092	0.04624372725	0.9883157	0.32798692168677	0.2527419	0	0.9377566775	6.008907920623e-05	2.929691e-05	4.858835425e-06	0.0002710543575	13.94088	7	0	63	days_after_dark_treatment_4
0.446179572228366	0.43244485	0.025189156	0.9563742025	0.303424498717467	0.25486015	0.0108567025	0.88416896	0.589559660320344	0.63459795	0.03979673875	0.985323065	0.316090414889075	0.23781105	0	0.931389425	0.00042536528901178	0.0002183666	5.366456575e-06	0.0012547568	97.59475	51	0	285	days_after_dark_treatment_5
0.576710160550849	0.60086985	0.05879607875	0.98968723	0.435478907287123	0.40956385	0.0268529545	0.9767978525	0.584990673249207	0.6287258	0.04224181575	0.983550775	0.331628307483705	0.2661676	0.00177205345	0.9313785375	0.00047225962500748	0.0003422352	6.631699575e-06	0.001266807225	108.37399	79	1	289	days_after_dark_treatment_6
0.615363938265403	0.65215515	0.0741111235	0.9894901675	0.447094863229934	0.4261702	0.03341522825	0.9717254	0.703338979139348	0.77017925	0.1053982725	0.9913722	0.466398296165283	0.4587533	0.00317636770000001	0.96780667	9.163480532601e-05	5.123974e-05	5.184216325e-06	0.0003321718	21.60588	12	1	76	days_after_dark_treatment_7
0.7683437606107	0.7986705	0.4212459175	0.9497843325	0.7264733188794	0.7462857	0.4327244775	0.9132694875	0.79190038289565	0.85831465	0.241689425	0.9957515	0.742155316958877	0.8168865	0.121253155	0.9938693	0.00014893854277398	8.271764e-05	4.911325325e-06	0.000542989825	46.84	26	2	166	Alllyl_2008
0.99484952223	0.9990029	0.9645165	0.9999975	0.992912483469	0.995001	0.9674423	0.9999944	0.732186452865113	0.9882299	0.01808442	0.9998191	0.693770087368891	0.9838964	0.003761463	0.9993719	0.0001228151538588	9.049951e-05	8.083907e-05	0.000278473	35.32318	23	20	83	But_3_enyl_2008
0.910278147448	0.9546501	0.57547631	0.999941	0.8943892218803	0.9431095	0.52611799	0.9999294	0.361973668370366	0.3355891	0.0184138305	0.861298847499999	0.212329496513027	0.16025075	0.005435299	0.7198948	0.00023384151242768	0.0002204925	1.910891e-05	0.0004726528	72.03326	68	6	144	Indol_3_ylmethyl_2008
0.84930568337029	0.88451445	0.4947143225	0.9991614	0.81704675789445	0.8498671	0.44339992	0.998906665	0.470973561988682	0.4651679	0.02974369	0.9412437	0.324297644172259	0.2813613	0.0007169053	0.8826276075	0.00013067475264644	7.20307e-05	4.0766773e-06	0.0005370261	40.57907	23	1	165	N_methoxy_indol_3_ylmethyl_2008
0.999123654344	0.9998883	0.9958278	0.9999456	0.997918313555	0.9996204	0.9897241	0.9998748	0.997260108812	0.9983179	0.9886476	0.9994898	0.993857573401	0.9946155	0.9816096	0.9987719	0.000300425389945	0.0002949642	0.0002844474	0.000323955	74.37427	73	72	80	Pent_4_enyl_2008
0.999267585464	0.999898	0.9941272	0.999898	0.999777758808	0.9999588	0.998375	0.9999588	0.997105613976	0.9985662	0.9839947	0.9985662	0.999175619729	0.9995127	0.9957612	0.9996271	0.000565171523362	0.0005708313	0.0005179981	0.0005831189	157.90353	155	155	176	Ratio_of_C3_methylthio_to_total_C3_2008
0.998374843635	0.9982138	0.9973313	0.9998724	0.994121609171	0.9927442	0.9922832	0.9995332	0.997113737957	0.999858	0.9746794	0.9999316	0.989505275399	0.9991799	0.8899969	0.9998251	6.73911553221e-05	6.733388e-05	6.540985e-05	7.570509e-05	21.85739	21	20	26	Ratio_of_C3_to_SC_Aliphatic_2008
0.999154624172	0.9999666	0.9927272	0.9999928	0.999051172142	0.9999541	0.9922474	0.9999912	0.992912618353	0.9942699	0.9678314	0.9989642	0.9918487581	0.9930233	0.9697607	0.999217	0.000337335449055	0.0003266551	0.0002945449	0.0003814136	109.02581	104	101	125	Ratio_of_C4_methylthio_to_total_C4_2008
0.331817352841861	0.3155928	0.019266942	0.7402036	0.242790357669597	0.2207021	0.0101575355	0.5968404775	0.556106241909919	0.58261335	0.034458793	0.9824082425	0.366763149963197	0.3019002	0	0.958827385	0.00022108110141118	5.693731e-05	3.950994425e-06	0.000965387675	68.11272	18	0	295	Ratio_of_C7_methylthio_to_total_C7_2008
0.977111209555	0.98207	0.9282068	0.9956793	0.971736885451	0.9766102	0.9272735	0.9925302	0.973752813489	0.9834326	0.8923853	0.9988669	0.971397923227	0.9806842	0.9004921	0.9984846	6.88380397366e-05	4.064407e-05	2.020826e-05	0.0002843725	22.53355	14	7	86	Ratio_of_C7_to_LC_Aliphatic_2008
0.720346333446625	0.76487715	0.248121485	0.95261822	0.651491625075447	0.6884109	0.18862946	0.917070845	0.482531404931994	0.48566025	0.0265627495	0.9505016	0.285656752039871	0.2265915	0.00100830135	0.8685151725	0.00024907110466596	0.0001129184	3.9407609e-06	0.00085818499	77.08749	36	1	263	Ratio_of_C8_methylthio_to_total_C8_2008
0.822405553350337	0.90054725	0.28484919	0.9984678	0.771100443693864	0.8492022	0.2179996175	0.9977068	0.599532542196236	0.6417192	0.04786083	0.9863699825	0.477492894637005	0.4716632	0.00771338412500001	0.9728537	0.00028500841686913	0.00029885015	5.78593185e-06	0.0006884507175	88.69635	93	1	211	Ratio_of_NMOI3M_to_TIND_2008
0.79460613619149	0.86030605	0.275045295	0.9980229	0.738377702157181	0.7945484	0.2190449625	0.9968817	0.609910544207644	0.659627	0.05169336	0.98575438	0.492810612542748	0.49954295	0.01144644975	0.9739829	0.00025142215859164	0.0002308269	5.366822375e-06	0.0006717047	78.20397	74	2	202	Ratio_of_TOH4_to_TIND_2008
0.8261661021143	0.851113	0.527094985	0.9866887425	0.79515695937407	0.8153204	0.4898262875	0.9823159675	0.493311932020323	0.4998606	0.03020466	0.9537538425	0.344600528370486	0.29020685	0.001410485	0.918584267499999	0.00011581110942255	8.144356e-05	4.2496267e-06	0.00033737327	35.88225	26	1	101	Total_Alkenyl_Aliphatic_2008
0.7564983744669	0.7813874	0.4348176025	0.9466904	0.7122273030335	0.7283782	0.42922292	0.90758202	0.747573906345393	0.80212155	0.2206101125	0.99131379	0.681070966090434	0.73591805	0.093943639	0.9877971	5.216902942425e-05	3.310316e-05	4.91225485e-06	0.000197020855	16.93207	11	2	61	Total_C3_Aliphatic_2008
0.76243421160736	0.78812835	0.42928482	0.9563380625	0.71070314190958	0.7301126	0.3834551	0.93471089	0.53998908942696	0.5648767	0.038679361	0.960815025	0.386907173987358	0.3600141	0.006964181975	0.921193405	0.00037072889068334	0.0002807999	3.8908213e-06	0.0009492892325	114.47657	88	1	287	Total_C3_and_C4_Aliphatic_2008
0.99704181271	0.9984204	0.9886699	0.9999934	0.991904373628	0.9939903	0.9682746	0.9999829	0.993947209508	0.9940796	0.9875805	0.9998264	0.988051221694	0.9865283	0.9782113	0.9995219	6.11735123267e-05	6.187416e-05	5.478335e-05	6.619324e-05	14.05514	14	12	16	Total_C4_Aliphatic_2008
0.999433319741	0.9999628	0.9965268	0.9999628	0.999253172666	0.9999553	0.9957037	0.9999553	0.990173861855	0.9988642	0.9486064	0.9988642	0.987933497505	0.9989596	0.9310163	0.9989596	0.000264403254244	0.0002527827	0.0002527827	0.0003223112	103.80933	105	96	105	Total_C5_Aliphatic_2008
0.995260602389	0.9971034	0.9812193	0.999252	0.992001471568	0.9942437	0.9705295	0.9987391	0.991151226098	0.9964035	0.9510853	0.9998059	0.987354475761	0.9940954	0.9423513	0.999584	0.000210258213788	0.0001879702	0.0001637915	0.0002937632	66.89591	62	55	89	Total_C7_Aliphatic_2008
0.913531392436564	0.9496052	0.61133555	0.9940843	0.885584062920548	0.9243945	0.55143399	0.9897212	0.648402447003694	0.6962786	0.1050643775	0.973326	0.532558846734307	0.5534843	0.0205761965	0.9414478	7.035869544906e-05	4.646224e-05	4.305152775e-06	0.0002753936475	22.15293	15	2	87	Total_C7_and_C8_Aliphatic_2008
0.886906724264856	0.93226255	0.5078852725	0.9913306775	0.847731712834883	0.89862925	0.4109737875	0.98597881	0.593450619643557	0.6386782	0.05053970025	0.9760991	0.459147169369393	0.4564425	0.02017241	0.947891	0.0005627240509979	0.0006156155	6.14374515e-05	0.000988629625	174.26636	191	20	296	Total_C8_Aliphatic_2008
0.999313958182	0.9997395	0.9970609	0.9999955	0.999276283765	0.9996855	0.9972972	0.9999954	0.99559477434	0.9976423	0.985206	0.9981498	0.995823162757	0.9978041	0.985303	0.9978659	0.000269138985502	0.0002575109	0.0002488756	0.0003083631	71.24735	68	67	84	Total_Hydroxyalkenyl_Aliphatic_2008
0.999411822169	0.9997075	0.996735	0.9999417	0.999192462709	0.9996749	0.9941364	0.9999299	0.99635556765	0.9992712	0.9819014	0.9999587	0.994767952426	0.9993554	0.9802819	0.9999356	0.000255173333731	0.0002238099	0.0002151557	0.0003255174	82.49173	80	78	89	Total_Hydroxyalkyl_Aliphatic_2008
0.91206181583607	0.9539084	0.5946063	0.999899	0.89460116047986	0.9410824	0.5283385775	0.9998683	0.35042794619943	0.31928	0.0158551995	0.84551626	0.177486853172211	0.1270731	0	0.6311613425	7.308422343676e-05	5.5789965e-05	4.117384275e-06	0.0002485481	22.29091	17	0	77	Total_Indolic_Glucosinolate_2008
0.9470896360124	0.9791019	0.6958727875	0.9998636	0.922760130268	0.9663494	0.594442495	0.9997807	0.64479433147867	0.6620274	0.258636165	0.93467528	0.49443158106094	0.4934739	0.1885835	0.826237	1.425252836577e-05	1.062749e-05	3.466663e-06	4.135491e-05	4.9372	4	1	15	Total_Indolic_Glucosinolate_with_4_hydroxylation_2008
0.951660703490809	0.9752623	0.7537448425	0.9982097	0.929385873578902	0.9587426	0.676915015	0.9968884	0.681814952377884	0.7710741	0.05879882225	0.9811836	0.566743182289653	0.6296221	0.01723412	0.955123	0.00013140917723912	4.357218e-05	4.385171e-06	0.0005715891	41.23573	14	2	177	Total_Methylsulfinyl_Aliphatic_2008
0.998659787613	0.9994216	0.9924511	0.9999828	0.998286744843	0.9992239	0.9892575	0.9999716	0.985930211899	0.9932993	0.9186517	0.9996237	0.980416086906	0.9934116	0.9129209	0.9995546	0.000209285072074	0.0002009629	0.0001825863	0.0002566213	67.39439	64	61	83	Unknown_Alkenyl_2008
0.999049650451	0.9999932	0.9918972	0.9999932	0.999098635793	0.9999905	0.9922784	0.9999905	0.990977931295	0.999829	0.9270915	0.999829	0.991357720561	0.9997132	0.932389	0.9997132	0.000334277946331	0.0003339883	0.0002907122	0.0004049843	110.7306	112	100	113	X_R_2_hydroxy_but_3_enyl_2008
0.999661945735	0.999952	0.9983836	0.9999681	0.999559035127	0.9999182	0.9982984	0.999932	0.993328696731	0.9967141	0.9549066	0.9994377	0.990885179672	0.9964037	0.9511118	0.9980811	0.000286265856714	0.0002936613	0.0002423686	0.0002982109	73.26346	73	70	76	X_S_2_hydroxy_but_3_enyl_2008
0.999290383849	0.9998053	0.9965391	0.9999654	0.998898886298	0.9996895	0.9935328	0.9999266	0.991827366521	0.9927386	0.9747455	0.9999173	0.986124991243	0.9840744	0.9559962	0.9997835	0.000240007466306	0.0002400295	0.0002104249	0.0003246063	74.32021	75	68	87	X3_hydroxypropyl_2008
0.999028666736	0.9996865	0.9946604	0.9999892	0.998235887997	0.9994017	0.9904038	0.9999788	0.991179418519	0.9930495	0.9770506	0.9983956	0.985775745439	0.9887389	0.964517	0.9972815	0.000226289887649	0.000221872	0.0002042794	0.0002822768	65.54027	61	59	79	X3_methylsulfinylpropyl_2008
0.988484808653	0.9904354	0.9699763	0.9965626	0.977253143702	0.979896	0.9419178	0.991567	0.9967179897	0.9984921	0.9833729	0.9999714	0.99381303023	0.9954394	0.9701161	0.9999641	0.000201465301412	0.0001963034	0.0001594942	0.0002796618	63.3203	62	54	87	X3_methylthiopropyl_2008
0.990743017126	0.9900677	0.9839801	0.9962401	0.97582130435	0.976968	0.9641731	0.9827825	0.999105528784	0.9992087	0.9975787	0.9999804	0.997686228822	0.9971713	0.9942719	0.9999611	6.94458905542e-05	6.985503e-05	6.401456e-05	7.600495e-05	20.52468	19	17	25	X4_hydroxy_indol_3_ylmethyl_2008
0.9419920997506	0.9757121	0.6744844875	0.999737	0.9124853577017	0.9581373	0.565955435	0.9994856	0.674396804223768	0.7032371	0.2647349	0.9457003	0.51927012112451	0.5232358	0.16782653	0.851706157499998	2.232343056684e-05	1.6216115e-05	3.733561e-06	7.015637e-05	7.32419	5	1	22	X4_methoxy_indol_3_ylmethyl_2008
0.999237740168	0.999937	0.9909906	0.9999897	0.998702888728	0.9998695	0.986204	0.9999838	0.995345751322	0.9984244	0.9731668	0.9988312	0.992508352086	0.997173	0.9682438	0.99744	0.000435848715488	0.0004462881	0.0003525641	0.0004695289	122.08428	119	109	144	X4_methylsulfinylbutyl_2008
0.999103447591	0.999639	0.9940872	0.9999947	0.999449544742	0.9997878	0.9961405	0.9999977	0.993991103809	0.9963666	0.9852262	0.9994156	0.99733641579	0.9980177	0.9920721	0.9996191	0.00033577878799	0.0003287772	0.0003073131	0.000391788	111.81476	111	104	126	X4_methylthiobutyl_2008
0.999691970267	0.9999179	0.9986803	0.9999892	0.999694856308	0.9999289	0.9989925	0.9999867	0.997625940437	0.9986905	0.9901914	0.9992252	0.997248426962	0.9986398	0.98522	0.9989391	0.000417910290396	0.0004122566	0.0003963775	0.0004417553	118.96869	119	118	121	X5_methylsulfinylpentyl_2008
0.998392373872	0.9991936	0.9920976	0.9999042	0.997263086071	0.9984733	0.9875206	0.9998185	0.989507668432	0.9904717	0.9638053	0.999942	0.983969370787	0.9901619	0.952593	0.9998935	0.000136856147038	0.000128057	0.0001119283	0.0001809651	41.10879	40	36	51	X7_methylsulfinylheptyl_2008
0.988469239099	0.9908955	0.9654096	0.9985113	0.983314165025	0.9866074	0.9496185	0.9971103	0.98445664175	0.9896395	0.9376546	0.9997231	0.977687697744	0.9850484	0.9130517	0.9994574	0.0001285212339426	9.323074e-05	5.789001e-05	0.0002964112	39.83335	26	17	84	X7_methylthioheptyl_2008
0.861405032130656	0.9138216	0.42376896	0.9897846175	0.816579929357902	0.8701926	0.344356105	0.9820729	0.618955735223536	0.6679669	0.065145211	0.98161944	0.486365875798731	0.4967707	0.0170610815	0.9591082	0.00023561381524105	0.00010687405	4.49749265e-06	0.000900820225	73.25758	34	2	283	X8_methylsulfinyloctyl_2008
0.890012126097	0.9281853	0.569243255	0.9940585	0.862953778086	0.89429935	0.5743442	0.9896507375	0.735670433645002	0.77795745	0.273608445	0.9826678	0.664825584272584	0.6961051	0.1906079	0.9704417	4.54621193612e-05	2.667351e-05	3.7893669e-06	0.0001796684	15.01888	9	1	57	X8_methylthiooctyl_2008
0.792564236371908	0.8399566	0.3572173625	0.9795835	0.625553601307908	0.6434173	0.217772835	0.921722725	0.815068715270928	0.85368395	0.4334357	0.993446	0.651616165198654	0.6583244	0.2534573625	0.973992215	8.23544753783e-06	6.173243e-06	3.1709355e-06	2.3209165e-05	3.27464	3	1	9	AgNO3_Camalexin_1
0.632218827738066	0.69338165	0.054650675	0.977713295	0.522973004763472	0.5430939	0.02659284975	0.9552029	0.462490341299892	0.44845045	0.02219064	0.9611318775	0.254154631399147	0.17534445	0	0.8776108075	0.00016774259210723	5.609303e-05	3.547709325e-06	0.000793289204999999	55.0741	18	0	263	AgNO3_Camalexin
0.912769034332	0.9367952	0.688000065	0.980275	0.884178787102	0.9011238	0.7054866	0.9533081	0.947375756892112	0.9808474	0.63062652	0.9991955	0.937163106021054	0.9715085	0.6168826	0.9986892	3.749900620162e-05	3.568235e-05	9.10902e-06	7.098418e-05	13.46271	13	4	23	Alllyl_1
0.963813505059	0.9739691	0.8745653775	0.9909124	0.93432943935	0.950573	0.7882262	0.9789858	0.972073880618791	0.9928403	0.7985294	0.9998775	0.956711239688221	0.9863544	0.6973244	0.9998668	0.0001471137099867	9.12115e-05	4.95427e-05	0.0004033015	49.40687	30	19	132	Alllyl
0.903309140734957	0.93166675	0.6543750825	0.9852655	0.831234655102922	0.8645163	0.5060100525	0.9620749475	0.798250708146832	0.85622735	0.260218985	0.9934393	0.682679384291156	0.7315092	0.1194728575	0.9843315	0.0003268128111044	0.0002827373	4.99319225e-05	0.0008317999	107.37865	93	17	270	Benzyl
0.999216644328	0.9995513	0.9954632	0.9998088	0.99819505006	0.9990059	0.990937	0.9995084	0.996463190375	0.9980714	0.9840784	0.9998015	0.9929960488705	0.9964145	0.9578539	0.9994827	9.58962048125e-05	9.399046e-05	9.247827e-05	0.0001017702	40.72477	41	36	44	But_3_enyl_1
0.991145963682	0.9970401	0.9462602	0.9999879	0.995166447983	0.9984246	0.9703236	0.9999941	0.115622982991272	0.08877201	0.00378946137500001	0.3802945	0.0190170497321749	0.01254683	0.0005458492	0.07496504	0.000525253749561	0.0004924455	0.0003139749	0.0007739496	169.65866	151	103	244	But_3_enyl
0.988552172993	0.9893822	0.9750814	0.993957	0.92531136536	0.9318032	0.8698144	0.9522635	0.997479031819	0.9982596	0.9898303	0.9997838	0.984632823071	0.9878787	0.9441137	0.9983314	0.0001167976336426	0.0001192078	8.047379e-05	0.0001308864	29.17637	30	22	39	Control_Camalexin_1
0.902205217811001	0.984193	0.2804581525	0.9958848	0.831547293976558	0.917573	0.1779899275	0.9642659	0.830163313254979	0.9964134	0.051238575	0.9998285	0.770939322605885	0.9790265	0.01857224625	0.9974346	0.0001796515006241	0.0001047868	5.598858e-05	0.000639059005	56.00067	27	16	207	Control_Camalexin
0.996630865527	0.9991077	0.9847432	0.9999986	0.996160742738	0.9995469	0.9713075	0.999999	0.990228497854	0.9984726	0.8854274	0.9996722	0.992578361307	0.9998989	0.9075427	0.9999232	2.12115663166e-05	2.093394e-05	2.048513e-05	2.359259e-05	13.68941	14	12	15	Fresh_Weight
0.720547208945123	0.7665395	0.245750545	0.9608838975	0.662976326473112	0.7033481	0.1846467025	0.941157515	0.517965879515463	0.5317242	0.03864658275	0.9569295	0.374313112220733	0.34316015	0.004570804175	0.916913655	0.00014221604104198	0.0001179339	5.6763558e-06	0.0003902169525	44.59075	38	1	118	Indol_3_ylmethyl
0.9413556965549	0.9794683	0.6771953775	0.9995953	0.9097193619898	0.9607345	0.5822651925	0.9992573	0.750865318551154	0.8028603	0.2132108	0.9954631	0.640954894851689	0.6673428	0.09469101	0.9915453	0.00016216410070518	0.000127335	6.936033125e-06	0.0003701923	53.65265	41	3	116	Leaf_Area
0.975582025573	0.9932512	0.843957165	0.9999779	0.972969289247	0.9921142	0.8421504225	0.9999761	0.7492957097381	0.7851096	0.3288563	0.9688693	0.7402679754509	0.7587369	0.4268085	0.9401993	3.297745293139e-05	3.0640105e-05	8.752336e-06	7.59387624999998e-05	11.87217	10	3	28	N_methoxy_indol_3_ylmethyl
0.998768391878	0.999578	0.9931019	0.9999458	0.997719899065	0.9990817	0.9872046	0.9998915	0.989827024562	0.9937457	0.9725373	0.9987408	0.980940418699	0.9873405	0.950448	0.9982153	0.000183514330308	0.0001841792	0.0001433015	0.0002249926	58.72104	60	50	65	Pent_4_enyl
0.999207062193	0.9997452	0.9946572	0.9999802	0.998949978443	0.9996628	0.9924424	0.99997	0.992041556995	0.991833	0.9838609	0.9996638	0.990121704003	0.9891513	0.9755563	0.9992584	0.000277112350196	0.0002775732	0.0002552627	0.0002910922	66.04944	66	65	73	R_2_hydroxy_but_3_enyl_1
0.999372030636	0.99949	0.9986782	0.99995	0.997947208465	0.9978596	0.9961098	0.9998401	0.99745310317	0.9981808	0.9838927	0.9995393	0.993411715581	0.9966401	0.9551597	0.9977142	0.000147786858788	0.000149397	0.0001310866	0.0001595054	56.39625	57	53	60	R_2_hydroxy_but_3_enyl
0.998424144693	0.9995163	0.9884836	0.9999406	0.99830289605	0.9995109	0.9886787	0.9999296	0.988000543312	0.9903414	0.9604911	0.9993865	0.987568070361	0.9907845	0.9615531	0.9995081	0.000248259031826	0.0002422583	0.0002244088	0.0002907841	84.64578	84	78	91	S_2_hydroxy_but_3_enyl_1
0.998954574408	0.9995231	0.9926551	0.9999294	0.998139772638	0.9992791	0.9850112	0.9998696	0.995630111138	0.9970381	0.9723584	0.9995764	0.99322074008	0.9963522	0.972395	0.9993476	0.000249698860688	0.0002440521	0.0002273337	0.000351348	86.48273	85	84	98	S_2_hydroxy_but_3_enyl
0.9999835	0.9999835	0.9999835	0.9999835	0.999996	0.999996	0.999996	0.999996	1	1	1	1	1	1	1	1	0.0009551615	0.0009551615	0.0009551615	0.0009551615	300	300	300	300	Unknown_Alkenyl_1
0.970406731346	0.9755546	0.9191449	0.9875317	0.9311178153	0.9356131	0.8740031	0.959644	0.989883732641	0.9946131	0.9542122	0.9998061	0.974653210391	0.9875109	0.8966883	0.999541	1.88324722283e-05	1.920368e-05	1.257975e-05	2.299704e-05	10.3602	10	7	14	Unknown_Glucosinolate_Like_1
0.819243245565612	0.88245215	0.29640563	0.9885471	0.717473926235247	0.7705072	0.18614473	0.9678508	0.768166359154201	0.8190614	0.26591946	0.990332185	0.628521627601917	0.6531449	0.078711583	0.9759601	2.784235239477e-05	1.950626e-05	3.528639e-06	0.0001032921	10.10832	7	1	34	Unknown_Glucosinolate_Like_2
0.999389343139	0.9998025	0.9968764	0.9999902	0.997562788491	0.9995475	0.9889297	0.9999703	0.989814587512	0.9891162	0.973233	0.9976227	0.974305686171	0.9788173	0.9227647	0.9909549	8.26662336861e-05	8.184066e-05	7.831428e-05	9.519707e-05	20.12061	19	17	29	X3_benzoyloxypropyl
0.9999834	0.9999834	0.9999834	0.9999834	0.9999933	0.9999933	0.9999933	0.9999933	1	1	1	1	1	1	1	1	0.00069388	0.00069388	0.00069388	0.00069388	216	216	216	216	X3_hydroxypropyl_1
0.946291964141	0.9632186	0.79548274	0.9941848	0.92058131016	0.9398541	0.744297495	0.987258845	0.7126951177595	0.737445	0.3252419	0.9675964	0.63047277369453	0.6232199	0.3380362	0.935082389999999	2.506331468211e-05	2.1018085e-05	3.86787915e-06	6.355257e-05	8.39097	7	1	20	X3_hydroxypropyl
0.998975074974	0.9995599	0.9932224	0.9999225	0.998065120649	0.9992024	0.9883748	0.9998627	0.991157401499	0.9963064	0.9573811	0.9996403	0.98354882931	0.9893235	0.9240804	0.9994525	0.000268291933324	0.0002539424	0.000244352	0.0004087273	91.2765	89	82	116	X3_methylsulfinylpropyl_1
0.985758183411	0.9907317	0.9470181	0.9967302	0.957258803218	0.967521	0.8759686	0.9884967	0.982411673118	0.9943697	0.8764581	0.9995927	0.9606517475904	0.9829524	0.764609	0.9984898	0.000188099834833	0.0001667863	0.0001115438	0.0003608263	60.0925	51	38	121	X3_methylsulfinylpropyl
0.998902380796	0.9997511	0.9928693	0.9999945	0.997708823098	0.999467	0.9851628	0.9999882	0.991721296411	0.9945053	0.9736169	0.9983562	0.980490990402	0.9838099	0.9523654	0.9970987	0.0003494479099	0.0003347097	0.0003081523	0.0004834034	104.93084	102	98	115	X3_methylthiopropyl_1
0.988034191024	0.9891481	0.9700394	0.9954201	0.94022556586	0.9484664	0.8834486	0.9644209	0.996907898144	0.9982431	0.9886128	0.9996515	0.985659526493	0.9903526	0.9489494	0.9984946	0.0001130844501493	0.0001049589	8.811341e-05	0.000177666	35.2925	37	19	52	X3_methylthiopropyl
0.84998162919199	0.8765763	0.5819893725	0.96700851	0.78287495673583	0.8077615	0.4896727625	0.931606095	0.812509319434637	0.8785647	0.2654577775	0.9960225375	0.753308629169662	0.828079	0.1232414475	0.9928477	0.00012099455402358	8.179545e-05	1.190211975e-05	0.0004056015	40.64814	28	5	132	X4_benzoyloxybutyl_plus_2_benzoyloxy_but_3_enyl
0.94461162989	0.9577775	0.8134463	0.9899211	0.901000675136	0.9142362	0.7349352	0.9590024325	0.975774556	0.9885284	0.8570504	0.9995903	0.960080467134	0.9789602	0.7799436	0.9989564	1.159092155675e-05	1.005358e-05	4.433720575e-06	2.092805e-05	7.92255	8	3	12	X4_hydroxy_indol_3_ylmethyl
0.997497172961	0.9987031	0.9856101	0.9998599	0.993946426086	0.9960581	0.9769982	0.9995846	0.996226996816	0.9986523	0.9891969	0.9999618	0.991334725705	0.9956392	0.9803335	0.9998391	3.9405763777e-05	3.93208e-05	3.532688e-05	4.459302e-05	16.60045	17	14	18	X4_hydroxybutyl
0.420261608881487	0.36174785	0.01140781675	0.933706095	0.335936098424705	0.2366796	0.00639588015	0.8648526	0.674199236903961	0.7599615	0.060871571	0.99069364	0.529346129296896	0.57719505	0.00467544745	0.9780749	0.0001129858179744	4.308644e-05	3.727523e-06	0.000510512445	35.34392	14	1	159	X4_methoxy_indol_3_ylmethyl
0.9999834	0.9999834	0.9999834	0.9999834	0.9999679	0.9999679	0.9999679	0.9999679	0.9999816	0.9999816	0.9999816	0.9999816	0.9999745	0.9999745	0.9999745	0.9999745	0.0009637223	0.0009637223	0.0009637223	0.0009637223	300	300	300	300	X4_methylsulfinylbutyl_1
0.996689767589	0.9994102	0.9652179	0.9998877	0.995434931694	0.999412	0.954748	0.9998858	0.987260055569	0.9941635	0.9410316	0.9995111	0.988705190742	0.993755	0.9422082	0.9978694	3.51967038226e-05	3.638336e-05	3.264304e-05	4.096972e-05	15.98074	16	11	18	X4_methylsulfinylbutyl
0.999136197068	0.9992386	0.9968812	0.9999632	0.999432055271	0.9994285	0.9978239	0.9999668	0.996602251247	0.998504	0.9822888	0.9994517	0.99790552286	0.9992091	0.9877405	0.9995606	0.000393029039114	0.0003937032	0.0003455089	0.0004440794	120.22055	117	112	146	X4_methylthiobutyl
0.9999834	0.9999834	0.9999834	0.9999834	0.9999799	0.9999799	0.9999799	0.9999799	1	1	1	1	1	1	1	1	0.0005461093	0.0005461093	0.0005461093	0.0005461093	170	170	170	170	X5_methylsulfinylpentyl_1
0.998536926139	0.9991	0.9936765	0.9999698	0.997749338072	0.9984301	0.9897427	0.9999582	0.991374881821	0.9947587	0.9542186	0.9991417	0.988882609661	0.9938613	0.9290669	0.9980928	6.44563724843e-05	6.114495e-05	5.881234e-05	0.0001036273	26.44444	26	23	33	X5_methylsulfinylpentyl
0.99872412632	0.9997118	0.989129	0.9998634	0.996994631577	0.998905	0.9782542	0.9995769	0.993394380049	0.9966231	0.967012	0.9981837	0.985219546469	0.9901637	0.9572949	0.9954909	0.0001166220391194	0.0001169189	0.0001038323475	0.0001428945	30.66219	30	28	38	X5_methylthiolpentyl
0.78161924469468	0.81662635	0.4121267	0.965884085	0.69887148229061	0.7187877	0.369603475	0.9213907275	0.74989591423462	0.7917854	0.29754044	0.9859929175	0.651700352345512	0.6723509	0.1978715125	0.968031985	3.693595841846e-05	1.3708415e-05	3.4337442e-06	0.00022571329	12.60913	6	1	74	X7_methylsulfinylheptyl
0.995502811268	0.9985818	0.9699703	0.9999418	0.9890204752	0.9954578	0.943916	0.9995804	0.978020974453	0.9839722	0.9267844	0.9963407	0.93065022836	0.9252899	0.8924603	0.9832283	5.65582404415e-05	5.560233e-05	4.481689e-05	9.404442e-05	14.40798	12	10	29	X7_methylthioheptyl
0.784295838796527	0.8356432	0.3185616925	0.9885079525	0.728769881217472	0.7582388	0.280280175	0.9784414775	0.807787615659202	0.8553013	0.3707926	0.9942063	0.759522106169819	0.7884453	0.294201925	0.9896953	2.484674969424e-05	1.9205755e-05	3.765319e-06	7.638404e-05	8.67343	7	2	24	X8_methylsulfinyloctyl
0.9051478850482	0.9651127	0.4854182625	0.9998646	0.875040857374257	0.9493553	0.3896196225	0.999803	0.440458538033211	0.4200786	0.02066335	0.9369660425	0.257862952922103	0.1745124	0	0.8644618975	4.113330832643e-05	1.65022e-05	3.47172775e-06	0.0002045043775	12.98362	6	0	67	X8_methylthiooctyl
0.471460549839723	0.4749815	0.047458586	0.88647546	0.36538503263995	0.3410923	0.024664826	0.7948829975	0.553002610696483	0.5852297	0.0377771635	0.965867455	0.32754799817701	0.296014	0	0.8836632325	5.465478119085e-05	2.504852e-05	3.422317675e-06	0.0002549117625	17.75023	8	0	81	aconitic_acid_exp2
0.204681690807953	0.15382265	0.005825511025	0.6681863	0.10894349771434	0.07736965	0.00254755385	0.3906553325	0.585264225464558	0.6275945	0.03926290275	0.9875168	0.333777608310606	0.2531647	0	0.949033537499999	8.663676384014e-05	3.5316775e-05	3.523883325e-06	0.00040784003	27.94664	11	0	131	adipic_acid_exp2
0.341272259496053	0.3194601	0.01562497	0.7871739275	0.226552554229622	0.1930381	0.007743307	0.618480715	0.546105954453482	0.5683549	0.03028312225	0.982190275	0.348040905957743	0.27766735	0.0011766058	0.9456847275	0.00021051737106247	0.00015683515	4.4650353e-06	0.0005925424	68.26464	51	1	189	alanine_exp1
0.43992417466691	0.4283766	0.029815122	0.9051353975	0.327389137160613	0.2901068	0.01463076225	0.8162738	0.513742320655496	0.52231665	0.027742229	0.9724591875	0.293045405563758	0.2072393	0	0.9168175725	0.00018657596797908	5.048692e-05	3.546952175e-06	0.000780521755	60.67144	16	0	253	alanine_exp2
0.274803429690527	0.2311349	0.00866230455	0.75007919	0.168625874377468	0.1242493	0.004051738425	0.55981014	0.553891271175258	0.5807633	0.03336338225	0.9826997475	0.329529376819761	0.2554597	0	0.93818942	0.0002160405917037	8.006647e-05	3.770193525e-06	0.00079927852	70.04289	26	0	255	alpha_ketoglutaric_acid_exp2
0.361231186482389	0.3443138	0.01954101925	0.7978211	0.239212686178184	0.208369	0.00832889515	0.6197347475	0.52612888137739	0.5386585	0.02899256725	0.97771901	0.280895178250338	0.18764485	0	0.9219077	5.209905403943e-05	2.029985e-05	3.408664225e-06	0.0003257882625	16.82295	6	0	104	arabinose_exp1
0.788791322797833	0.8388731	0.32911692	0.9674918275	0.717262532394587	0.7669964	0.2261156675	0.9412131275	0.377329319620344	0.3472858	0.01599467	0.8873943825	0.194988574729173	0.12289195	0	0.742766775	9.22364245984e-05	5.6326645e-05	3.693819475e-06	0.000355742215	29.81012	18	0	116	arabinose_exp2
0.9771041073002	0.9911524	0.8697817675	0.9999685	0.966003842616	0.985404	0.820414945	0.9999636	0.505693643015139	0.5151414	0.05354312	0.8938412	0.291856592087415	0.2820519	0.0008443534	0.6987918	2.28606407481e-05	1.420368e-05	3.516681775e-06	0.0001153402	7.38882	5	1	34	arachidic_acid_exp1
0.389379603565879	0.36421615	0.01516287925	0.8773681275	0.265908175482704	0.21224595	0.007068140825	0.760155732499999	0.55509451662764	0.58270925	0.03271186575	0.9833603475	0.34395394868923	0.27250705	0	0.9472526425	0.00012288309958439	6.691101e-05	3.65931565e-06	0.0004637666575	39.76161	22	0	153	arachidic_acid_exp2
0.545040271240375	0.57451985	0.081090929	0.875055305	0.410568868338771	0.41741195	0.0452006645	0.76089976	0.611814437047004	0.6617988	0.0518890305	0.985912805	0.451142369498525	0.43948895	0.005188346	0.9659769	0.00025003382017093	0.00011872385	5.34372555e-06	0.0009169219875	81.61698	39	1	295	ascorbic_acid_exp2
0.35014507870676	0.3297159	0.01530510475	0.7943410475	0.21797551735779	0.18804445	0.0081118229	0.587161462499999	0.689566500752209	0.77166345	0.072368514	0.9929973	0.535129421246068	0.5624256	0.01966083	0.980675055	0.00056882367356671	0.000618366	8.973486075e-06	0.0009453341525	185.16837	203	3	297	asparagine_exp1
0.320984582679714	0.2810047	0.01139530875	0.8243402925	0.207330196488389	0.1555234	0.0050488662	0.6744478075	0.537106276019503	0.5559583	0.0317414425	0.98107556	0.308346831817746	0.2257929	0	0.931169575	0.00013799211425716	5.838028e-05	3.542566175e-06	0.0006056522725	44.60265	19	0	194	asparagine_exp2
0.762532221357286	0.7933984	0.3820809	0.9519554	0.545218992427437	0.5627908	0.2051454	0.7606897	0.937429612166274	0.9687965	0.6840615075	0.9992571	0.869745334923036	0.9142536	0.4184082	0.9973223	7.25244789015e-06	6.547608e-06	3.233387e-06	1.463626675e-05	3.60068	3	1	7	aspartic_acid_exp1
0.936154651707	0.9504053	0.8178927	0.9859992	0.800604396082	0.8050569	0.6973214	0.8677237	0.99151364108	0.9960507	0.9559364	0.9999779	0.976119199379	0.9843027	0.9101596	0.9998169	1.799148987614e-05	1.784519e-05	6.073269e-06	3.395011e-05	5.25625	5	2	10	aspartic_acid_exp2
0.805424757524313	0.8495352	0.3806552	0.9717061	0.732165426694913	0.7748828	0.272643575	0.947582215	0.429789951658127	0.4165024	0.02084153	0.9253381975	0.248441375216401	0.18581585	0.002228667375	0.817230979999998	0.0004927344265734	0.00061127255	4.28764755e-06	0.0009465856	160.6532	200	1	297	behenic_acid_exp1
0.57690219164186	0.6103515	0.095874857	0.9029601	0.461560638354223	0.47618635	0.0522186355	0.81703467	0.504310746715372	0.51185875	0.030350622	0.96372615	0.306133340956381	0.24055935	0	0.9102167625	0.00012657309840851	5.1744265e-05	3.5549786e-06	0.0007127980175	41.17411	17	0	230	benzoic_acid_exp1
0.518788586423477	0.5461724	0.0594630205	0.8745571025	0.382899117360177	0.3849475	0.0293875775	0.75609804	0.628223601862389	0.6896117	0.048704545	0.9910064125	0.478631920583596	0.4807325	0.001882410125	0.9790167	0.00025640003686336	0.0001070295	4.05270315e-06	0.00084022385	83.65288	35	1	272	benzoic_acid_exp2
0.639358378961556	0.6752374	0.17574073	0.91018967	0.528000396214552	0.55307425	0.103035335	0.825797735	0.459197349124109	0.4442092	0.02269766	0.96269053	0.26545476774911	0.1772163	9.348985e-07	0.9035027275	7.765545045993e-05	5.569902e-05	3.8944461e-06	0.000245358	25.12649	18	1	79	beta_alanine_exp1
0.429134384840237	0.4315391	0.03284492425	0.8365834775	0.295710710539429	0.2762924	0.01692992275	0.6857560025	0.623615538460815	0.68387705	0.049623011	0.9896168	0.45940531032945	0.44484665	0.00663748000000001	0.97358798	0.00032496002643902	0.0002899548	5.7235597e-06	0.0008865706075	105.95144	95	1	288	beta_alanine_exp2
0.358823211540532	0.33793665	0.01564182275	0.8067575	0.241385242475801	0.2041982	0.00724197845	0.648816435	0.504847541366622	0.50734765	0.02494351275	0.975605705	0.271170916024438	0.18004125	0	0.91009255	0.00012660551555867	4.578388e-05	3.484862775e-06	0.00053884117	40.8546	14	0	176	beta_sitosterol_exp1
0.295535066159659	0.25518045	0.0123335565	0.776690465	0.177714737850662	0.1363759	0.00491785285	0.5700779425	0.536222569811371	0.5554136	0.02930730275	0.9799366775	0.256171843910162	0.15898105	0	0.9068603175	3.14870280894e-05	1.6518455e-05	3.3223539e-06	0.00013850243	9.96029	5	0	44	beta_sitosterol_exp2
0.407342609586963	0.3764408	0.018347336	0.9275376	0.289792229552957	0.2288302	0.00875696765	0.8526324	0.53855943276624	0.5574074	0.03186496675	0.9787929425	0.317522398658517	0.24346485	0	0.9256655925	0.0001481459177334	9.897311e-05	3.628679225e-06	0.0005126542	48.25054	32	0	160	caffeic_acid_exp2
0.59061672302625	0.6320252	0.06613631925	0.9455199	0.482125093307383	0.49658005	0.0318048705	0.89933836	0.416380713115791	0.38459845	0.017110582	0.9481758	0.210024046064073	0.1182064	0	0.851719594999999	7.863663434803e-05	3.818802e-05	3.49305235e-06	0.0003208645875	25.3236	13	0	100	capric_acid_exp1
0.444071771762405	0.4378445	0.036450717	0.8922795625	0.330030875431983	0.30012485	0.0180985	0.794235255	0.490422868105191	0.4911901	0.0263193775	0.96303545	0.24877183534105	0.1639677	0	0.8733579575	0.00014524474498558	3.2087075e-05	3.42991515e-06	0.000676960484999999	47.1757	11	0	219	capric_acid_exp2
0.325984030427484	0.28893035	0.0141137335	0.8638794825	0.216054196885037	0.17182135	0.006525022	0.7218949	0.536635119325781	0.55157285	0.029007638	0.9881218075	0.308262559759738	0.21310955	0	0.95936828	7.727553010486e-05	4.618503e-05	3.59889125e-06	0.000306961955	24.69752	15	0	97	cellobiose_exp2
0.256239731378041	0.2188933	0.009418776425	0.6881022175	0.155398674031688	0.1187296	0.00427664005	0.4921799175	0.531565747285163	0.5479012	0.02867091	0.97992727	0.294324447563882	0.20965225	0	0.9231345	0.00024690758326784	5.468873e-05	3.692250725e-06	0.0009349712325	80.00815	18	0	296	cellobiotol_exp1
0.311366873167996	0.2874717	0.0230736435	0.72247596	0.201469547062771	0.1803297	0.010365505	0.50729573	0.528744763316283	0.5442567	0.030102709	0.9737827225	0.256794884432983	0.1643794	0	0.89891662	5.818046087271e-05	2.242464e-05	3.38194315e-06	0.000348333935	18.68098	7	0	115	cellobiotol_exp2
0.744674873861082	0.81936255	0.1493781125	0.9785644	0.654690665234092	0.71893915	0.0792178635	0.9514209	0.536199742496246	0.5614893	0.03817412525	0.9452204	0.335190053559229	0.32067105	0	0.849965075	2.42911831546e-05	1.312757e-05	3.293672275e-06	0.00010103189	8.22608	5	0	34	cerotic_acid_exp1
0.853417783703784	0.9134668	0.3512427275	0.9954904875	0.792215709356535	0.8586434	0.227043015	0.9916226	0.411432211552968	0.3864831	0.0176258145	0.92677612	0.241233247950701	0.1739957	0.0002859842	0.818422287499999	0.00036410939594226	0.0003220018	3.8662383e-06	0.00094087445	118.52001	105	1	297	cholesterol_exp1
0.373318858363821	0.34196385	0.01749803875	0.868028	0.246800236919319	0.2009727	0.007790793325	0.7125298675	0.551888804927963	0.5790147	0.03317845375	0.9806085	0.298615402814219	0.2128218	0	0.924473895	4.298699598745e-05	2.080959e-05	3.369789625e-06	0.0001939172	13.75616	7	0	63	cholesterol_exp2
0.331658520583334	0.3104336	0.0149301695	0.7650553075	0.212042449088567	0.1801412	0.006377985	0.581833855	0.528685378256229	0.54453585	0.030064326	0.9799300525	0.288778482480068	0.19692225	0	0.9295743	6.767663488613e-05	3.234445e-05	3.43811005e-06	0.0003074564475	21.71413	11	0	97.0249999999942	cis_sinapinic_acid_exp1
0.233548369107534	0.1928741	0.00727983675	0.6629004225	0.127099769975828	0.094170415	0.003120084675	0.4180870125	0.571893562352053	0.60721955	0.03541628325	0.98593063	0.314867713378914	0.22783175	0	0.9412673925	6.400027729207e-05	2.4497105e-05	3.5401016e-06	0.0003916244	20.34746	8	0	124	cis_sinapinic_acid_exp2
0.393208599624871	0.3725273	0.016071315	0.87132277	0.272389352889138	0.2244263	0.007151659625	0.75807309	0.527897217878825	0.5406703	0.029212225	0.9798767625	0.307274871243544	0.2181801	0	0.936690725	6.195410611818e-05	3.291027e-05	3.4651619e-06	0.000261747005	20.00645	11	0	86	citramalate_exp2
0.86032159716317	0.8977771	0.5172176675	0.9828470325	0.735470849100193	0.7619514	0.3894014	0.9358686625	0.78642077142383	0.9095367	0.0539906485	0.9946075	0.649707852583555	0.75008445	0.0180819025	0.9796416075	7.228746472461e-05	6.932805e-06	3.17577e-06	0.0004449484125	24.31295	4	1	145	citric_acid_exp1
0.334583349455768	0.3132613	0.026089044	0.7535746	0.227652648846771	0.2049287	0.01298682675	0.5637111675	0.498947219826864	0.5028672	0.02566838625	0.9687617025	0.238820327471166	0.1481732	0	0.880281	8.603223461244e-05	3.3337395e-05	3.42902785e-06	0.0004355953175	27.73838	11	0	143	citric_acid_exp2
0.710385147246927	0.76584755	0.173597	0.9542045025	0.601921465718695	0.6464176	0.0990707895	0.892562525	0.453896263497323	0.4509218	0.02167455975	0.9308816875	0.222854048642606	0.1645136	0	0.7714282	7.115166961496e-05	2.2200035e-05	3.315462975e-06	0.0003478650225	22.95683	8	0	113	citrulline_exp1
0.506514817589961	0.515636	0.02448722525	0.9705098	0.391105915960171	0.3557818	0.0100119445	0.9406636	0.634816468045723	0.69012255	0.06334286125	0.9875812925	0.461931469837798	0.48418365	0	0.9689843775	3.985697527009e-05	1.537049e-05	3.347045875e-06	0.00025468511	13.4028	6	0	84	coniferin__ref_Tree_Physiol__exp1
0.665085980337486	0.70613375	0.176964705	0.9377264	0.559373713200762	0.5856938	0.10892844	0.87511	0.521355614322018	0.5357519	0.03532472425	0.9642562675	0.341150834820337	0.2900587	0	0.9206145575	5.849731689644e-05	1.885665e-05	3.388973e-06	0.00042392525	19.20369	7	0	137	coniferin__ref_Tree_Physiol__exp2
0.8781058650647	0.898625	0.6697619	0.983112687499999	0.6726606419979	0.6755952	0.4902864	0.8369045	0.950606307317	0.9700744	0.79127567	0.9992163	0.8701293057492	0.8874424	0.6462307	0.9950216	8.51690700315e-06	5.8602e-06	3.154209e-06	2.600677e-05	3.32816	3	2	7	dehydroascorbate_1_exp1
0.546864393149892	0.5569928	0.145990545	0.8729011	0.405187766212154	0.4172514	0.08385474325	0.6386436	0.862343908795138	0.9179431	0.40331569	0.9975165	0.801796221721857	0.8617777	0.15018909	0.9942016975	1.284425432866e-05	6.9855675e-06	3.196645e-06	5.451733e-05	4.5213	3	1	18	dehydroascorbate_1_exp2
0.257411388393075	0.21460815	0.008389208	0.708601715	0.145611299494216	0.1077621	0.00352447935	0.476692295	0.582052932252763	0.6222733	0.03711109425	0.9865971325	0.337126538859962	0.25909575	0	0.9496342275	0.00011295206947551	3.102989e-05	3.443663525e-06	0.0005234290625	36.53152	10	0	167	epsilon_caprolactam_2_exp2
0.438051374810062	0.44284235	0.03503755075	0.8455423625	0.313953650847276	0.30271515	0.015791742	0.6914183	0.547925294052734	0.57355905	0.03550258525	0.9778291675	0.33051647344995	0.2583922	0	0.9378023575	7.450555013158e-05	3.033076e-05	3.472970925e-06	0.000348389814999999	24.13944	10	0	110	erythritol_exp1
0.297615036259742	0.24760485	0.009687593875	0.817280422499999	0.180847002387494	0.12541675	0.003765681125	0.6467056525	0.575676198078227	0.612618	0.0361651575	0.9859504275	0.323101432194271	0.23766275	0	0.94669705	4.053055746152e-05	2.048339e-05	3.3616006e-06	0.0001787125375	12.93611	7	0	59	erythronic_acid_exp2
0.448846179695377	0.44803615	0.030435814	0.89006935	0.324356933234513	0.2962825	0.01422499625	0.7783284475	0.493328399337445	0.49176005	0.02568928975	0.9694288125	0.248718141353186	0.16211575	0	0.8831865525	0.00011150691843063	2.5733195e-05	3.3919043e-06	0.00048617337	36.07716	9	0	158	erythronic_acid_lactone_exp1
0.952132415056	0.9601455	0.8541984	0.9858806	0.861824424044	0.8685311	0.7554505	0.9122539	0.99189149673	0.9959197	0.9576923	0.9999741	0.981026122151	0.9873816	0.9304313	0.9998786	2.446200523857e-05	2.33552e-05	1.215741e-05	4.038922e-05	10.43853	10	6	14	erythronic_acid_lactone_exp2
0.201638618472207	0.1581825	0.005759117	0.61897997	0.107553311264041	0.07778321	0.0025101084	0.370432895	0.56616597051008	0.5982754	0.03528314775	0.9851602	0.311182682883795	0.2272697	0	0.9353593925	7.205083778302e-05	3.870877e-05	3.706989425e-06	0.000291649925	22.92096	12	0	92	ethanolamine_exp1
0.566226418797696	0.6050439	0.051824575	0.93590138	0.449540176151762	0.4566294	0.02597564175	0.8769982425	0.491587425594099	0.4865876	0.0235213985	0.97258724	0.305771579093334	0.2275699	0.000203383	0.923240685	0.00028757190359808	0.0002248013	4.16128815e-06	0.000842419175	93.43123	76	1	271	ethanolamine_exp2
0.61002360839278	0.6470433	0.1436293375	0.907570632499999	0.494333249465223	0.5089051	0.0926293385	0.8246855	0.545026676432548	0.56867005	0.03695302775	0.972504585	0.341860583754686	0.2859269	0.0006654710225	0.92450357	0.00014441765857688	9.651474e-05	4.143795725e-06	0.0004721116	46.97575	31	1	153	fructose_1_exp2
0.449542235436537	0.448497	0.027973365	0.892354	0.330553178435354	0.30038485	0.0123945565	0.795661655	0.45355427282288	0.43480605	0.02045639575	0.9608266625	0.200799947121023	0.1113685	0	0.8416093825	5.396284581049e-05	1.8716275e-05	3.349752e-06	0.0002597754025	17.36148	6	0	83	fucose_1___rhamnose_2_exp1
0.248187432091859	0.20666855	0.008394295125	0.68971155	0.147933580224897	0.11150385	0.004195418	0.47609607	0.571453107027035	0.60643875	0.036173991	0.98464333	0.361398203770497	0.2984192	0.00119101735	0.948593	0.0002635839147613	0.00019360785	4.531490625e-06	0.0009141479425	85.36977	63	1	294	fucose_1___rhamnose_2_exp2
0.993768446625	0.995247	0.9836414	0.9986022	0.974765642203	0.9762792	0.9355426	0.9943187	0.991915047677	0.9931514	0.9782138	0.9996466	0.974787242586	0.9745913	0.9467386	0.9989465	2.80707260017e-05	2.826567e-05	2.36797e-05	3.084447e-05	13.35226	13	12	15	fumaric_acid_exp2
0.625253808501625	0.6758723	0.06961276625	0.9706226925	0.516801083452333	0.5308955	0.03772857625	0.9466091975	0.450791637984894	0.42615575	0.018492673	0.9692096	0.27354277098451	0.1891948	0.002299584575	0.9067461	0.00033364585191621	0.0003254189	5.455062075e-06	0.0008549652575	108.64442	107	1	278	GABA_exp1
0.281001534235446	0.2414574	0.0096486357	0.7447981	0.171174528564431	0.1297656	0.004334079	0.5442513425	0.533260799151825	0.5481262	0.02807764625	0.9811880025	0.293223788393748	0.2054327	0	0.9272609525	9.510104604069e-05	5.3818655e-05	3.51777595e-06	0.0004395835	30.47873	17	0	144	GABA_exp2
0.541922686039583	0.58513905	0.03456385925	0.914237	0.31842946622485	0.3229389	0.014846945	0.6419737075	0.779232082036991	0.891551	0.09227723125	0.9975505	0.607410554860378	0.70733315	0.0006913066625	0.9889648725	1.899855274618e-05	8.872454e-06	3.217629e-06	0.0001011316225	6.25575	3	1	34	galactinol_major_2_exp1
0.65278564266492	0.72038765	0.06978143325	0.960061635	0.548782398083397	0.5903149	0.0349463445	0.925132395	0.430857938586687	0.4047859	0.01957297	0.9549032875	0.241180989888614	0.16814035	2.7643928e-05	0.857157769999999	0.00025954898350298	0.00014542765	3.7078991e-06	0.00087461642	84.49585	47	1	286	galactinol_major_2_exp2
0.415280587584489	0.41000225	0.0266915995	0.8401184925	0.293508503526506	0.26760355	0.012277219	0.7037769275	0.510771572702528	0.51899355	0.029157864	0.9713741825	0.274037051681243	0.1895462	0	0.9056557	7.264558949715e-05	3.221464e-05	3.469348225e-06	0.0002882269275	23.39119	10	0	94	galactose_exp1
0.342611134530522	0.32512955	0.01589193625	0.7729288675	0.218394848877	0.18724885	0.00690479935	0.5825542675	0.55966881148041	0.58837665	0.03602016075	0.98310154	0.333348162629473	0.2558664	0	0.9446195	0.00019544551041528	4.074013e-05	3.4359197e-06	0.00087263734	63.48119	14	0	282	galactose_exp2
0.320051457789757	0.27938415	0.0126281315	0.815202497499999	0.201826598567623	0.15563775	0.005715121325	0.633119405	0.60095604554484	0.6505694	0.04245688375	0.9879979	0.382255144616449	0.3231234	0	0.9608952175	0.0001227315004603	9.1145605e-05	3.727402225e-06	0.000407268364999999	39.86431	30	0	133	glucose_1_phosphate_exp1
0.305951252767429	0.2772424	0.014386509	0.7440982	0.210573398333211	0.1763185	0.0075959912	0.58979427	0.499767885922442	0.50172365	0.02562723125	0.9717756775	0.298617067762819	0.2254746	0.002635535075	0.9099677325	0.00035348937598452	0.00035320985	4.750531975e-06	0.0008244879	114.73821	116	1	268	glucose_1_phosphate_exp2
0.703148560015432	0.76557645	0.1359995975	0.9615043	0.600243743467751	0.6454654	0.07263515425	0.9242397025	0.472011040816758	0.4595915	0.02220423	0.969532	0.288718224296973	0.194512	0	0.921496205	9.122990800487e-05	4.998403e-05	3.608991525e-06	0.0003342001075	29.78206	16	0	108	glucose_2_exp1
0.280049445619425	0.2413379	0.01444923025	0.736157925	0.167855960209617	0.1406842	0.006423754925	0.480895195	0.582440167638805	0.62272265	0.041291059	0.983345975	0.318538681577347	0.23937275	0	0.9352681525	6.244641949294e-05	3.0561965e-05	3.4603966e-06	0.0003169906025	20.00098	10	0	101	glucose_2_exp2
0.36523762493102	0.34394945	0.0221497555	0.8158275	0.252225804238979	0.21858385	0.011002551	0.66484293	0.541550022367762	0.564191	0.03332929125	0.976929685	0.321514319101676	0.25009995	0	0.9274070975	0.00025929791940267	0.0001024615	3.939e-06	0.0008897924075	84.10219	33	0	287	glucuronic_acid_exp2
0.936530459691	0.9583334	0.7579626	0.9980258	0.842903683916	0.8645066	0.5993685525	0.9902644	0.8980472117022	0.92691515	0.6592023	0.9966852	0.78474586980206	0.7850625	0.5617605	0.987756535	1.46134023929e-05	5.367717e-06	3.149195e-06	7.536528e-05	5.13991	3	2	22	glutamic_acid_exp1
0.8634892047644	0.8845531	0.6386885575	0.976867275	0.6916646709995	0.6934425	0.476374	0.89678788	0.9192184192071	0.9445933	0.7024247275	0.9982122025	0.82953779972488	0.8458107	0.5716522825	0.993231	7.50597372117e-06	6.873954e-06	3.17918815e-06	1.58829e-05	3.56702	3	2	7	glutamic_acid_exp2
0.810173817059923	0.84411245	0.4694604525	0.9687202	0.633643926918203	0.65381755	0.286818415	0.8787370575	0.83387932616571	0.87394165	0.453431885	0.9946789	0.668284910775038	0.6822238	0.2412187175	0.9790345	1.050088430993e-05	8.007233e-06	3.240626775e-06	3.142941e-05	4.2165	3	1	12	glutamine_exp2
0.402162375824872	0.4034396	0.021023157	0.818246675	0.278836164344017	0.255835	0.009497647225	0.6664652725	0.499531852034246	0.49900415	0.0255840005	0.974413705	0.27386749803769	0.18332265	0	0.9132354325	9.913945542739e-05	4.476843e-05	3.610393675e-06	0.000532990687499999	31.87101	14	0	169	glyceric_acid_exp1
0.735862065735553	0.82654185	0.0710561985	0.969783847499999	0.581198075313754	0.6416546	0.03582062	0.87489365	0.852824745306426	0.9446829	0.1538605625	0.9987723	0.764008638403178	0.8720787	0.0318492195	0.9959755	7.277345709879e-05	1.221399e-05	3.489346675e-06	0.000580858815	24.70573	5	2	189	glyceric_acid_exp2
0.399804285952559	0.38913255	0.0336107255	0.821606815	0.278921553574991	0.2577845	0.0179286895	0.6527448175	0.565492491444042	0.6006579	0.03633059775	0.9797329	0.344004102787467	0.2850929	0	0.934805145	0.00029002648857597	0.00027205525	3.746862775e-06	0.000797979089999999	94.33019	90	0	257	glycerol_alpha_phosphate_exp2
0.399538596806214	0.38968755	0.07285652125	0.774619945	0.319681099339949	0.3101641	0.05306548725	0.63748555	0.452706017509608	0.44577375	0.0219515385	0.9347496075	0.19519997902452	0.124178	0	0.76175854	0.00023596818450182	9.8834385e-05	3.51746375e-06	0.00073056984	76.63794	32	0	237	glycerol_exp2
0.533442224821454	0.5590845	0.03783175625	0.94299908	0.42306855797187	0.41372405	0.01872012625	0.8930238	0.448938221107976	0.4284355	0.021120996	0.95893494	0.249600232188075	0.1671724	0	0.8731881175	0.0001172019786383	7.837366e-05	3.823339375e-06	0.00036364241	37.88689	25	0	115	glycine_exp1
0.433809370933972	0.35855895	0.01476991275	0.9690629	0.315529776620511	0.20532515	0.007506554	0.882499	0.738065686980943	0.8485556	0.07715002	0.9991361	0.605293284233401	0.67234835	0.0183267855	0.996557	0.00028747950746151	0.0001395777	7.359934e-06	0.0009015532625	94.3833	45	3	289	glycine_exp2
0.335592494759648	0.3155084	0.01658572775	0.7723630825	0.224127923059998	0.1940679	0.00850420535	0.601123602499999	0.536050560717677	0.55413145	0.0302849775	0.98206033	0.345988438745182	0.2744484	0.003625772675	0.9455491025	0.00030534855702674	0.000214767	5.3362037e-06	0.000895928085	99.20813	70	1	289	glycolic_acid_exp1
0.612201621958157	0.6674679	0.0645412865	0.9427732375	0.484863352178023	0.5055658	0.0318379275	0.8770569	0.573187217802863	0.6091044	0.0380516	0.9815422	0.398127799017468	0.36396225	0.002573744025	0.95122491	0.00017264097918251	6.782464e-05	4.097309875e-06	0.000613514555	56.34331	22	1	199	heptadecanoic_acid_exp1
0.69045403786195	0.7545939	0.1112386575	0.975310695	0.559783269345603	0.5847955	0.06185760625	0.9436787	0.622768136430022	0.66967125	0.063374268	0.9820292	0.415973473255652	0.3948084	0.004531085	0.9442134525	6.344751775909e-05	3.255268e-05	3.6216572e-06	0.0003172000075	20.74699	11	1	103	hexonic_acid_exp2
0.233980410810733	0.1879687	0.007406951	0.6867802225	0.124612794971148	0.08906562	0.002917632575	0.42999814	0.574656499504022	0.61209745	0.03568279225	0.9857842925	0.283318898634265	0.18334505	0	0.9353496525	4.135774949075e-05	1.5777095e-05	3.2918e-06	0.000269902399999999	13.10298	5	0	90	hydroxylamine_exp1
0.404772797245563	0.39478295	0.01817333375	0.8611837	0.272820941876115	0.2397318	0.008254984	0.706402172499999	0.656461648100773	0.72771045	0.0597217355	0.992148975	0.480233105440936	0.4878749	0	0.98020645	0.00014856313200137	0.00011030235	3.6832034e-06	0.0004785593	48.27138	36	0	152	hydroxylamine_exp2
0.89496147794216	0.9196966	0.6563434	0.9811883	0.7786609538819	0.7952309	0.5801876	0.8781831	0.96804256889202	0.9880708	0.8087006875	0.9996737	0.922347411301728	0.9612816	0.5984757	0.9989972	1.694890513945e-05	1.77872e-05	3.738044e-06	3.218933e-05	7.21812	7	3	12	inositol_myo__exp2
0.557689537190422	0.58830525	0.06479214875	0.9248431025	0.434820342276489	0.4340065	0.03487941375	0.8478656875	0.531913343153112	0.5525835	0.030421825	0.9726637675	0.322852348590317	0.2599976	0	0.91630953	0.00013718065563068	3.349014e-05	3.668472e-06	0.0007460859475	44.61035	11	0	241	inulobiose_2_exp2
0.634190564991852	0.6931025	0.05735313	0.9606639	0.47141345965571	0.4746199	0.028960247	0.9010763075	0.662304479131985	0.7547545	0.04347951975	0.9945929575	0.49800576184548	0.5270384	0.0037272962	0.9805101475	0.00013917862920466	1.355328e-05	3.206019e-06	0.000638340355	45.58163	5	1	208	isoleucine_exp1
0.89815194506765	0.9190513	0.6852634325	0.9871672	0.804182947458155	0.8081735	0.6132777	0.950225365	0.93928873063584	0.96389	0.7316611	0.9991719	0.896354113957684	0.9211212	0.664832765	0.997551	1.504365027414e-05	9.882422e-06	3.847302e-06	6.568967e-05	7.75239	6	3	25	isoleucine_exp2
0.34872453367208	0.3213361	0.0137030235	0.818142599999999	0.237849411006165	0.1919051	0.00656525115	0.683621245	0.501188547121781	0.5017205	0.023736089	0.97631761	0.288934640713387	0.2036676	0	0.9203787075	0.0002465257072523	0.00018541375	3.634542375e-06	0.0008275459875	79.85522	60	0	267	lactic_acid_exp1
0.680116463275488	0.74220515	0.097363716	0.9845935825	0.58920840510498	0.6293454	0.04968123	0.9723665	0.377936213907742	0.3380449	0.01520607375	0.9230156	0.188434981393435	0.1134216	0	0.791926289999999	0.00015913887582107	6.9732015e-05	3.656111475e-06	0.000751372327499999	51.52106	23	0	246	lactic_acid_exp2
0.765934353797658	0.80493765	0.3534346675	0.9580728925	0.689993335360822	0.7277568	0.248380175	0.9219997425	0.331755333933701	0.28108725	0.01180454975	0.88566852	0.128890000028217	0.06533177	0	0.64323999	6.755007131479e-05	3.0822935e-05	3.528180475e-06	0.0002694011825	21.51584	9	0	84	lactobionic_acid_exp1
0.494551165595465	0.50318305	0.03772353475	0.9258275	0.374687775576104	0.3517415	0.0187354215	0.8468448825	0.542941404537993	0.56263635	0.03302868675	0.9812771975	0.35866534758803	0.2921162	0.000855995625	0.95004224	0.00028485924581346	0.000265363	4.18662085e-06	0.00079461204	92.71308	87	1	256	lactobionic_acid_exp2
0.443515781741189	0.4096882	0.0126891655	0.9535814	0.317321636772937	0.2380924	0.0053059	0.838251754999999	0.692781675679929	0.77739005	0.06438952425	0.9960234625	0.499747616378431	0.53004865	0	0.98757074	3.31513807573e-05	1.5835475e-05	3.333332275e-06	0.0001735055575	11.10355	6	0	54	lauric_acid_exp1
0.95766799680276	0.9684935	0.8671049	0.9869297	0.90126847776333	0.9185381	0.7567275	0.9570037	0.975356998728347	0.9940018	0.833317125	0.9997927	0.954347728803698	0.9821847	0.7019577	0.9995033	3.151462321333e-05	3.039168e-05	1.873675e-05	5.440084e-05	13.92014	14	7	22	leucine_1_exp2
0.471359348115465	0.48128085	0.04091305075	0.8809794525	0.349630299141603	0.3366359	0.01741626075	0.7726269875	0.438601002492602	0.41474055	0.020043345	0.9543915975	0.184383087765091	0.090354365	0	0.83803448	2.569263431332e-05	1.434528e-05	3.309885e-06	0.0001083219075	8.20354	5	0	35	leucine_exp1
0.265446029437385	0.2305215	0.01218119625	0.693081155	0.169443335505018	0.1388675	0.006002952975	0.496231197499999	0.526943535694817	0.54271425	0.029510012	0.9767284	0.292397070578875	0.2126669	0	0.91498951	0.00022096514234354	0.0001552547	3.801945e-06	0.00080993579	71.65334	51	0	267	leucine_exp2
0.231070142617486	0.1862567	0.007153484525	0.6739610575	0.132349577749579	0.09498634	0.003280121225	0.45649982	0.548339372669389	0.57305825	0.03305812625	0.9827819	0.304520363812935	0.2234635	0	0.92644233	0.00015930348666603	6.4458545e-05	3.69018115e-06	0.000661797375	51.48917	21	0	214	leucrose_exp1
0.332478650361585	0.29857955	0.01410303775	0.8047746475	0.220379721047579	0.1748651	0.006883975375	0.6560096075	0.539323947742586	0.5589935	0.0311339355	0.97978305	0.322287164578205	0.2479708	0	0.932300912499999	0.0001798686583028	0.0001671755	3.8681856e-06	0.000508608905	58.34609	55	0	163	leucrose_exp2
0.38452905067678	0.3631087	0.0154037635	0.8559196375	0.243561713847816	0.21456905	0.0077504358	0.623754735	0.633720958895461	0.70301225	0.04775517675	0.9901817175	0.439216456158115	0.4253034	0.00240451975	0.96398262	0.00023715877292543	0.0001561034	3.3652338e-06	0.000885407185	77.24121	51	1	287	levoglucosan_exp1
0.434237784424646	0.43689905	0.02557311575	0.8646090375	0.310965419579717	0.287595	0.011801594	0.741756205	0.510067763680197	0.5144278	0.0275962515	0.97544626	0.293483732525634	0.2101845	0	0.9234885825	9.252667970602e-05	5.9525405e-05	3.54501835e-06	0.000354437235	30.05493	19	0	116	lignoceric_acid_exp1
0.269200528306455	0.22342	0.00879517195	0.7482835	0.162037832998739	0.1178406	0.0041236154	0.5521295825	0.570258070960874	0.60600895	0.035367393	0.98503	0.338724773354503	0.2663225	0	0.944577365	0.00015325454375811	4.985048e-05	3.84156725e-06	0.0006463551625	49.56853	17	0	206	lignoceric_acid_exp2
0.683860723476279	0.76871975	0.07142504775	0.967223855	0.52979172292643	0.57356775	0.031277323	0.8851869575	0.72789462814684	0.8190999	0.08718801675	0.9943305	0.550214492066043	0.6137659	0.000166109592500001	0.9781438	2.101730788542e-05	1.248948e-05	3.383171e-06	0.000104984155	7.43305	5	1	33	lyxitol_exp1
0.462614505031778	0.46492035	0.0468647885	0.87872794	0.346355353193266	0.3281061	0.02431426725	0.7660237525	0.490454558984553	0.49128695	0.0258845775	0.9605064375	0.249419478642982	0.16867395	0	0.8605363	7.823071515675e-05	3.638769e-05	3.508694975e-06	0.0003372701625	25.22664	12	0	109	malate_exp1
0.319771806203808	0.2804747	0.01173490375	0.805712495	0.201194514819822	0.15009815	0.0046869968	0.6450711075	0.545150344671296	0.5666352	0.03205707575	0.9820353	0.289907449129217	0.1947554	0	0.9313376925	6.456687735524e-05	1.8981545e-05	3.364531725e-06	0.0004883918025	20.81969	6	0	156	malate_exp2
0.460134609852161	0.4560429	0.02305927725	0.9359805	0.335447093295732	0.28997995	0.009258452775	0.8679304475	0.490653310076525	0.48617515	0.025031344	0.9714414675	0.242015213728492	0.14187505	0	0.894002279999999	2.804197901719e-05	1.4247525e-05	3.307358825e-06	0.0001323198	9.04528	5	0	43	maleic_acid_exp1
0.82835003616024	0.8725408	0.42709232	0.9794498	0.743691127937775	0.7708645	0.319070455	0.9370972	0.861256894823109	0.9114488	0.4211302475	0.996645	0.807889856482469	0.8540186	0.235341435	0.9928936	1.792395306006e-05	1.262727e-05	3.372599475e-06	6.456359e-05	6.92351	6	2	21	maleic_acid_exp2
0.323824153293773	0.28902215	0.012022746	0.8018371	0.20358031648494	0.15837475	0.005138874025	0.623983635	0.545782174290196	0.567633	0.0328294785	0.98151282	0.303072385515552	0.2175229	0	0.9293128	6.625950374415e-05	2.9997765e-05	3.507305175e-06	0.0003416309775	21.32396	10	0	111	maltose_1_exp1
0.289041370421303	0.25043865	0.01021723725	0.754811605	0.17734140296085	0.1350841	0.00446063165	0.56420038	0.565660965815069	0.5977907	0.03503563525	0.9847884525	0.332717308493812	0.251691	0	0.9478283	6.452944729027e-05	3.893043e-05	3.5120212e-06	0.0002222697975	20.75299	13	0	72	maltose_1_exp2
0.263279433845903	0.2034796	0.007061625425	0.77435419	0.148768216978188	0.10251525	0.003156237	0.5022349	0.627242920146063	0.69315795	0.04488618325	0.9921046175	0.409111956516746	0.35590695	0	0.9718290375	0.00012903383561401	4.0915465e-05	3.44151645e-06	0.0005523568	41.72259	13	0	177	mannitol_exp1
0.346686735049243	0.30309185	0.01236272775	0.87716468	0.23415186271535	0.1769457	0.006297403975	0.753340845	0.554755769834873	0.58173705	0.03373865225	0.98164669	0.354239978970433	0.2932326	0.000602104357500001	0.942016355	0.00035457502665498	0.0003413639	4.121887025e-06	0.000909216375	115.38707	113	1	291	mannitol_exp2
0.897855174306067	0.9844374	0.2507794575	0.9999971	0.854497000437798	0.9681385	0.147191125	0.9999923	0.74513436459907	0.8155789	0.1337991075	0.9962706	0.635586087965961	0.69367	0.02017678875	0.9930891	0.00010728605227659	8.973997e-05	4.97860385e-06	0.0003014932	36.84742	30	2	98	monopalmitin_1_glyceride_exp1
0.396684705382759	0.3955058	0.023393572	0.804224475	0.263195878237601	0.24329165	0.0108545345	0.6270992025	0.601005938153556	0.650116	0.04360604625	0.987562585	0.406180245164336	0.3639025	0	0.9650369725	0.00021040307156594	0.0001245191	3.700958925e-06	0.000729188894999999	68.34333	40	0	232	monopalmitin_1_glyceride_exp2
0.379018542368618	0.3605682	0.0221539665	0.84170863	0.268268955272589	0.23394495	0.0119841675	0.7083956225	0.527569638529692	0.54272735	0.030082926	0.97796737	0.336076314545163	0.2678464	0.005780922	0.9317511325	0.00037303681567986	0.000310269	9.731951425e-06	0.0009013922425	121.54474	101	3	288	myristic_acid_exp1
0.407639629278239	0.3721238	0.01518275225	0.936525305	0.293785459328276	0.22086355	0.00619492625	0.8631611	0.611640695571216	0.6656539	0.04383521	0.9882119	0.408788086204936	0.3714262	0	0.96731524	4.421134593753e-05	2.4412e-05	3.5663078e-06	0.0002232696125	14.33227	8	0	71	myristic_acid_exp2
0.455884266862352	0.46778005	0.0350822495	0.849179595	0.337588778844019	0.34130835	0.0162322995	0.6961542925	0.635514478538226	0.6953224	0.055135102	0.9873735875	0.471652680182173	0.4895405	0	0.972231165	5.34250746461e-05	2.5997175e-05	3.589734e-06	0.000231051505	17.47167	9	0	74	N_acetyl_D_hexosamine_exp2
0.607158945366053	0.6357661	0.1535630225	0.90251831	0.483528918028137	0.5019793	0.08586492125	0.776977615	0.592172625453742	0.6482576	0.03641295775	0.9865986	0.426317053428846	0.4216784	0	0.9699585925	2.502471712951e-05	1.019222e-05	3.273142e-06	0.00014363226	8.22625	4	0	46	N_acetyl_D_mannosamine_exp2
0.390420036182536	0.36479055	0.01910261075	0.8842219	0.270629166212904	0.22738545	0.0097038142	0.75563836	0.573375818709939	0.6090905	0.038600863	0.983731605	0.371267059953265	0.31607365	0.000463485822500001	0.9510866975	0.00021207598248781	0.00019702275	3.9793336e-06	0.0005614176325	68.95127	65	1	179	oleic_acid_exp1
0.379679027530597	0.34760165	0.013660986	0.8810410225	0.253908082899355	0.19675075	0.005755675	0.760649227499999	0.543716694760324	0.5651239	0.030382146	0.9820651	0.307396080678537	0.22132685	0	0.9351451	0.00010376852934073	2.4722905e-05	3.399169325e-06	0.0005868744125	33.64401	8	0	193	oleic_acid_exp2
0.311579091000245	0.279121	0.01137941875	0.7711226675	0.208923430580572	0.16662385	0.005948091575	0.6178776625	0.522064062072464	0.5322982	0.02777859625	0.9797423025	0.336676007208482	0.26818265	0.005807626725	0.937110935	0.0004164301842131	0.0004112584	9.68461455000001e-06	0.000853536994999999	135.14664	133	3	276	ornithine_4TMS_exp2
0.221216154406687	0.1771382	0.0070407868	0.654358369999999	0.120707471901596	0.08764322	0.003042704	0.4091543025	0.588893361234701	0.6330977	0.0406600305	0.9875121625	0.345759991710382	0.27286335	0	0.951239275	9.018750381456e-05	4.555394e-05	3.529740075e-06	0.00038511828	29.16479	15	0	126	oxoproline_1_exp2
0.9871287888864	0.9977111	0.903330715	0.9999827	0.97766707542153	0.9957187	0.8347272	0.9999658	0.68338289834429	0.7292409	0.1686376	0.9466675	0.549982656021273	0.5925266	0.04985618	0.8763561	4.334996816756e-05	4.037011e-05	1.126262e-05	8.852126e-05	15.45158	14	3	31	oxoproline_exp1
0.9719669653121	0.9926062	0.8217185475	0.9999899	0.94938422900494	0.981311	0.7002253925	0.9999811	0.856086073405277	0.9257167	0.221128	0.9961734	0.774791397855713	0.8568475	0.08981309	0.9906906	0.0001015767088003	6.066878e-05	2.861272e-05	0.0003324241	35.36498	23	11	110	oxoproline_exp2
0.363043447400782	0.35090035	0.0421878225	0.754026065	0.264228020418401	0.2512474	0.02343136875	0.57854242	0.467436932538	0.4619496	0.024315822	0.9493730725	0.194065406619651	0.1142375	0	0.788174	4.93901358705e-05	2.6491805e-05	3.490844575e-06	0.00019917551	15.61953	8	0	62	palatinose_exp2
0.428696870969762	0.4183482	0.02426177475	0.893589755	0.303588001754869	0.2659988	0.012691628	0.7852975725	0.582661324522854	0.62243935	0.0393790275	0.9853530025	0.391108963039218	0.34211295	0.00304253685	0.95605036	0.00027806824240294	0.00014989045	4.682794275e-06	0.00090936361	90.37453	49	1	290	palmitic_acid_exp2
0.346291154271476	0.3240583	0.01794197575	0.7959504175	0.220221788633892	0.1872513	0.007328675175	0.6033714225	0.526633885684449	0.5410505	0.0288429535	0.9771194575	0.250987149478313	0.15037545	0	0.9074027075	3.170819377652e-05	1.5446985e-05	3.27614685e-06	0.0001583091825	10.0328	5	0	50	pelargonic_acid_exp1
0.703256327303675	0.75672015	0.1822291025	0.9829654075	0.630136409219178	0.6619657	0.1431882525	0.970931895	0.392809683721526	0.36235635	0.01689408175	0.90409848	0.180725677912603	0.11263645	0	0.715838997499999	0.00024368230563072	8.0506665e-05	3.5799866e-06	0.00086664419	79.13294	26	0	280	pelargonic_acid_exp2
0.515745277563383	0.53875055	0.03430081425	0.92285544	0.399574758752065	0.38985515	0.01735045175	0.8532844925	0.520475328199833	0.5328986	0.02859999525	0.9758318325	0.33747297972459	0.268574	0.00101105755	0.9334675875	0.00013652393829441	7.688741e-05	4.257070875e-06	0.0004536928	44.23681	25	1	144	pentadecanoic_acid_exp1
0.947857898788	0.9619006	0.808770465	0.9936591	0.871179171691	0.874717	0.7534466	0.95680472	0.9364423518637	0.9682643	0.6875337	0.9987388	0.836808414931916	0.8824752	0.4871221	0.9950056	2.2929117782e-05	1.874286e-05	3.560339e-06	5.159133e-05	8.56109	8	3	17	phenylalanine_exp2
0.932023237019	0.9580572	0.719180085	0.9985365	0.8536603216565	0.8858942	0.5475465	0.99490991	0.77932260977	0.80753545	0.4416812	0.9719891675	0.561617463983207	0.5546659	0.2853895	0.8681268675	1.075675737179e-05	7.787335e-06	3.227089e-06	3.106783e-05	3.8578	3	1	12	phosphoric_acid_exp1
0.337761977661092	0.30693045	0.012384649	0.8112140825	0.223978036825352	0.178135	0.005987351175	0.6544605575	0.525018184014842	0.53647495	0.02785107375	0.9817131025	0.316195870572777	0.23489665	0	0.9368108	0.00025961956172229	0.00017105045	3.804065875e-06	0.000885216395	84.27493	56	0	285	phosphoric_acid_exp2
0.530116370711606	0.54690655	0.032715434	0.96662612	0.419956501181877	0.3887274	0.01548803575	0.936285805	0.451974865641831	0.43435865	0.021430191	0.9569027325	0.23141149043977	0.15042345	0	0.8493585925	9.79356016375e-05	4.027788e-05	3.6604156e-06	0.000523057775	31.49958	13	0	168	phytol_exp1
0.282484179634387	0.2398969	0.01000960975	0.753636	0.168360777107507	0.1252376	0.00415645535	0.5500947225	0.550483442019896	0.5763959	0.03205551025	0.9830185575	0.297581641555599	0.2088829	0	0.9316873	9.273268959084e-05	2.8080085e-05	3.45887555e-06	0.0006589660425	29.95849	9	0	212	phytol_exp2
0.667281147024416	0.7399277	0.075775544	0.9586010875	0.535034775705782	0.5808262	0.0352428965	0.8881391	0.708442043516204	0.7914282	0.08436371575	0.99404207	0.565025199515398	0.62580925	0.002668582	0.9821868	3.85841798984e-05	2.1885515e-05	3.596885e-06	0.00017097103	13.14189	8	1	57	pipecolic_acid_exp2
0.382030499068573	0.36911315	0.01795898425	0.8237116325	0.250978066846079	0.2257555	0.007892573525	0.618739895	0.668084968005283	0.74438435	0.0597059355	0.9928210025	0.486849276599738	0.5019381	0	0.98132293	7.472623272821e-05	2.7822375e-05	3.511201625e-06	0.0004694637	24.3839	9	0	151	proline_exp1
0.334966187568369	0.313687	0.01208558	0.774328607499999	0.203923226265809	0.17643045	0.005799601	0.549090705	0.707612563043571	0.7936422	0.08243805875	0.994234	0.546118317352138	0.59247255	0.00563227115	0.98464232	0.00016894866209197	8.816338e-05	3.7770018e-06	0.0006904921825	55.03491	29	1	220	proline_exp2
0.436253263753993	0.4261115	0.02389365625	0.9043423575	0.319894263838737	0.28128305	0.01250539	0.811292	0.524345669169734	0.53815625	0.028669	0.97780171	0.32914638282989	0.2598566	0.001676134525	0.93008216	0.0004148127260244	0.0004006604	4.6531851e-06	0.00092326426	135.16553	130	1	294	putrescine_exp1
0.406176995345107	0.3868984	0.0178966635	0.9033956275	0.289654720398768	0.2394757	0.0088591902	0.8162521	0.525684834732385	0.5369599	0.02979675525	0.9804113	0.331667209827711	0.2585745	0.001289078325	0.938683225	0.00026950540118415	0.00015311205	4.69807115e-06	0.0008316300925	87.42677	49	1	265	putrescine_exp2
0.887580566596193	0.9897398	0.2189402575	0.9999988	0.839623989306541	0.9756125	0.1272332675	0.999996	0.778009654939238	0.8530003	0.2206149	0.9864349	0.641670068199429	0.69825335	0.05793311	0.9636974	6.624708881957e-05	5.200551e-05	4.1412999e-06	0.0002453498	22.44437	21	1	81	pyrrole_2_carboxylic_acid_exp1
0.284881964089129	0.24154415	0.008851173075	0.7577525025	0.166202728016937	0.1231277	0.0038397016	0.5406621425	0.587558058831314	0.6298638	0.04063718925	0.9873783425	0.346320701169827	0.27387335	0	0.9517053575	8.930208674618e-05	3.523224e-05	3.507957625e-06	0.000429170467499999	28.86646	12	0	137	rhamnose_1_exp1
0.337360210268007	0.31980415	0.0210009825	0.756168115	0.226461962767984	0.2014011	0.01051490075	0.5798268875	0.538537618886142	0.5586268	0.03267485525	0.977929065	0.324119594960921	0.25119775	0	0.9317069275	0.00023600368105188	0.0001376616	3.79638745e-06	0.00089581343	76.56526	45	0	288	rhamnose_1_exp2
0.282336235439723	0.25036585	0.01160364275	0.7121455475	0.180095372027749	0.14591015	0.005725901025	0.5279643	0.533969329452869	0.5518416	0.03081557475	0.9786285775	0.312508814128526	0.2328665	3.30441175000002e-05	0.9277411	0.00017600546202234	0.00010423995	4.062268325e-06	0.000602309155	56.75056	33	1	195	ribitol_1_exp2
0.248812945320493	0.2123548	0.009688412875	0.6696490725	0.149404971623642	0.1190081	0.0046096873	0.4515679475	0.554342232600071	0.58252095	0.03387123	0.98168134	0.325055962650908	0.2499748	0	0.9343212825	0.00020662634981262	9.4631835e-05	3.7675879e-06	0.0008372844325	66.95235	31	0	271	ribitol_exp2
0.429365681776545	0.4359845	0.03040955825	0.8276214075	0.311625183467931	0.2976318	0.01416460975	0.700242695	0.478496366852751	0.4703055	0.022569864	0.97009342	0.266139858133769	0.1710139	0	0.9139365225	8.318462669651e-05	3.544877e-05	3.677156275e-06	0.0003554515925	26.97671	12	0	115	ribose_exp1
0.355629827804121	0.3348565	0.020655188	0.80520892	0.238523978918924	0.2071995	0.009382989925	0.6372629375	0.49722444951256	0.49790805	0.02575882275	0.9705387725	0.238425417370007	0.14743185	0	0.8832707	7.422066136481e-05	2.705168e-05	3.426199975e-06	0.000377199525	23.8824	9	0	123	ribose_exp2
0.479042012523449	0.49072925	0.04148479	0.888154245	0.362234915084335	0.34435075	0.020344065	0.79237337	0.483095340038801	0.477871	0.024738125	0.9651903	0.252292837084033	0.16464735	0	0.886674882499999	8.47281030572e-05	3.435028e-05	3.541526925e-06	0.00038081854	27.39815	11	0	121	serine_1_exp1
0.327939957709549	0.3011953	0.014376641	0.7789090675	0.205491446431101	0.17189615	0.006382773125	0.5770502	0.592477498336632	0.63700415	0.04076119175	0.9865254	0.370933427994573	0.3080658	0	0.9590249	0.00011034572257883	3.6563915e-05	3.551989075e-06	0.0005179234	35.92716	12	0	168	serine_1_exp2
0.374267262520838	0.35686055	0.0485707275	0.787106875	0.276488711656089	0.25955805	0.02838879525	0.6213733	0.471312209947891	0.4679125	0.02326613625	0.948101807499999	0.177478363689004	0.094303005	0	0.7627479	4.518136903755e-05	1.653913e-05	3.361480525e-06	0.0002831040125	14.31904	5	0	90	serine_exp1
0.421911291316639	0.3901587	0.01611409	0.941728945	0.305071519569561	0.2378871	0.007864235125	0.873848945	0.566922624722686	0.59975835	0.03376764075	0.9850239	0.380956295272663	0.3254098	0.0017429337	0.9540142175	0.00030897037396993	0.00027197025	4.507767325e-06	0.000872922525	100.54825	88	1	287	serine_exp2
0.195731565054996	0.151768	0.005615907975	0.609778587499999	0.100742261948635	0.07414341	0.0024185821	0.3376771	0.623511530535374	0.68312565	0.04790383	0.9907556	0.393421998748711	0.3419647	0	0.96673296	0.00010772864170312	6.3093915e-05	3.6117463e-06	0.0004650224625	34.7909	20	0	149	shikimic_acid_exp2
0.801368288455947	0.8893002	0.1915497325	0.9955873	0.725972520067714	0.81100155	0.110852105	0.9911563075	0.5004824413022	0.50699705	0.02855078	0.961158869999999	0.31850936647108	0.25474985	0.000230039330000001	0.9028452625	0.00011485845185338	8.168709e-05	3.84772825e-06	0.000426434805	37.59514	27	1	138	stearic_acid_exp1
0.615666627864071	0.6608011	0.08922974175	0.9373285	0.475848893405151	0.49056615	0.04968459875	0.8323776	0.54630574804395	0.56201935	0.02523943375	0.98912396	0.367640649075357	0.2920108	0.005503637825	0.957332167499999	0.00031810807517746	0.0002602173	3.791981e-06	0.00089691353	103.6152	85	1	288	succinic_acid_exp1
0.811425112321	0.8400696	0.5037099425	0.97068269	0.674877139643	0.68543615	0.4162266	0.8975194	0.9107234508	0.94294525	0.6475657	0.9982595	0.862673021158	0.8879923	0.601451525	0.9948203	1.018101297862e-05	7.725831e-06	3.269661e-06	2.689834e-05	3.76428	3	1	10	succinic_acid_exp2
0.249012121781363	0.19753925	0.006982376575	0.7393841125	0.137366039993124	0.09524891	0.00294959595	0.4935650525	0.597186008443169	0.64577815	0.039733016	0.98864281	0.349403305236506	0.2768845	0	0.9548388	8.84207427531e-05	3.400929e-05	3.37137235e-06	0.000488866017499999	28.45417	11	0	166	talose_exp1
0.17514881926408	0.1305032	0.004854960375	0.5773282125	0.0837703833007645	0.06028346	0.002001292825	0.2914464275	0.602338827927552	0.6524276	0.04075316	0.988180935	0.324026939620275	0.2405988	0	0.9458323025	8.467064883529e-05	2.183908e-05	3.438726e-06	0.00055010664	27.43005	7	0	181	talose_exp2
0.363473989131416	0.3463439	0.02240603875	0.793373485	0.226364185814067	0.20562195	0.010442789	0.5563676775	0.592747977730157	0.63753465	0.04034339325	0.9859642775	0.346208429502713	0.27721005	0	0.94800659	5.312193928557e-05	2.393361e-05	3.397912875e-06	0.0002593737575	17.11667	8	0	82	threitol_exp1
0.733175173258452	0.7920018	0.2087407675	0.9714065025	0.65328460020545	0.701309	0.1409791075	0.9489006375	0.37891616118517	0.3445194	0.0155491575	0.9011580775	0.175812722989702	0.10281815	0	0.730960269999999	9.449213388574e-05	4.6669485e-05	3.495644325e-06	0.0004681161325	30.55418	15	0	153	threitol_exp2
0.475815416538968	0.4894302	0.03478420025	0.881911815	0.350745624516988	0.3343478	0.01602372525	0.777287415	0.515236134532206	0.5239964	0.0315990065	0.9740978275	0.304362091172006	0.2252496	0	0.9259635875	8.679883251836e-05	4.5864575e-05	3.52487545e-06	0.0003576884175	28.12978	15	0	116	threonic_acid_exp1
0.432143197383849	0.38602255	0.014001454	0.9320314	0.325787090083629	0.22230685	0.006360985975	0.869153662499999	0.687723571779888	0.7881789	0.05955237675	0.9942724	0.522473893437329	0.55042555	0.0002254503075	0.9857056	9.190686427867e-05	2.270326e-05	3.576117e-06	0.0004098315575	30.47517	9	1	130	threonic_acid_exp2
0.87115544235547	0.89935995	0.5932621425	0.9863805	0.77809606703549	0.78958675	0.531127795	0.9496837	0.8803419736577	0.9141189	0.5727760875	0.9959837	0.78397787250039	0.7976758	0.4789932	0.989315	1.036723686599e-05	8.15342e-06	3.361614e-06	2.917551e-05	4.87621	4	2	10	threonine_exp1
0.987764480357	0.9895557	0.9676486	0.9972412	0.933799695277	0.9376874	0.8521237	0.9801083	0.985214038257	0.9872014	0.9533734	0.9987526	0.919484208405	0.9335521	0.7655648	0.9955944	6.03012154972e-05	5.815113e-05	3.914296e-05	9.090253e-05	20.30128	20	11	30	threonine_exp2
0.537488988560422	0.5668036	0.049815078	0.9259889	0.41920561856147	0.4117768	0.0256825075	0.8556664	0.509597480489836	0.5160701	0.02813543575	0.9714049275	0.30112439837284	0.2232515	0	0.919877985	0.00012078686904635	7.433738e-05	3.611624275e-06	0.00042077847	39.19772	25	0	133	tocopherol_exp2
0.302074431254591	0.26068175	0.0104036555	0.786699772499999	0.187208171020517	0.13893575	0.00439051115	0.6080547775	0.548938774341373	0.5738573	0.03220883025	0.98215298	0.306951749946657	0.2203975	0	0.9354387475	0.00010117409334252	3.2484685e-05	3.429604825e-06	0.0004580333575	32.77694	11	0	145	trans_sinapinic_acid_exp1
0.793872764996188	0.8453878	0.2544682	0.9652549	0.67576857577701	0.7268629	0.14357402	0.8456361	0.920190115886748	0.9683471	0.4945946775	0.9990812	0.870348326067107	0.9350474	0.14696689	0.9978424	1.48535816026e-05	1.132238e-05	3.486331925e-06	3.590061e-05	6.53036	6	2	13	trans_sinapinic_acid_exp2
0.436134891834606	0.4426814	0.03260796	0.83276738	0.300592682992689	0.2892438	0.0164765065	0.66440297	0.684160218699102	0.76501465	0.07036946675	0.9926365	0.534111174457523	0.57380425	0.00569682525	0.9820286725	0.00020127840626691	0.0001494384	3.952836e-06	0.000721886	65.64942	50	1	240	trehalose_exp2
0.492478670966139	0.50716265	0.03985021275	0.9032828525	0.365319637745643	0.3504446	0.0204361385	0.8038529375	0.56403233883006	0.59481095	0.0361577	0.983883915	0.386569004991266	0.3349023	0.00479237685	0.9553028775	0.00046428493294781	0.00051693035	5.11009045e-06	0.00092295481	151.45531	168	1	293	tyrosine_exp1
0.692589745038258	0.7311315	0.237773835	0.942462895	0.562380015311204	0.5789023	0.1622176	0.8501772475	0.799264092849829	0.8541218	0.3180973	0.9947321	0.712175461074746	0.757222	0.1518476025	0.9894075	2.841416006781e-05	1.3221565e-05	3.343882575e-06	0.000166462	10.04018	5	1	50	tyrosine_exp2
0.288826769033384	0.21704075	0.0071104002	0.844430465	0.162295827227308	0.1095786	0.003414351875	0.5753384	0.634883067226049	0.70370015	0.04675448125	0.992567	0.42437624210741	0.39033585	0.000221685012500001	0.9696944	0.00015583983821249	7.6885215e-05	3.47097955e-06	0.0005666082175	50.56101	25	1	184	urea_exp1
0.473772149708924	0.499823	0.01899552075	0.9132312	0.265640978911867	0.24506815	0.008120645625	0.6479985	0.738902655855671	0.84906905	0.076714687	0.995888785	0.509163941772409	0.55569865	0	0.9784632625	3.689084545628e-05	8.991739e-06	3.199958e-06	0.0002600087225	12.05705	3	0	85	urea_exp2
0.479702859485532	0.4973585	0.04402534225	0.857128245	0.356475430848345	0.35185845	0.0217587035	0.7402112	0.493721738496391	0.49041905	0.02440492225	0.9744617025	0.296670380843787	0.2107842	0	0.9246260475	0.00037718502862021	0.00029931005	3.607088725e-06	0.000938356705	122.84191	100	0	296	valine_exp1
0.252387487687448	0.2057574	0.0075774333	0.7203203	0.140606885354308	0.103216	0.0033420379	0.45619341	0.596187008417674	0.6428603	0.03859704	0.989319925	0.360344107858559	0.2902281	0	0.9600169675	0.00012155481172312	3.5726935e-05	3.40719835e-06	0.00056209189	39.58816	12	0	182	valine_exp2
0.302266990998123	0.2643972	0.011341303	0.7780760975	0.18810003164064	0.14254755	0.0047743288	0.5950731525	0.558504751531907	0.58634635	0.034847175	0.9830466475	0.317822041800953	0.23125265	0	0.9425517	9.060280718777e-05	3.4361645e-05	3.37017385e-06	0.0005300903	29.05988	11	0	177	X1_2_4_benzenetriol_exp1
0.287518030419168	0.24038855	0.008890522	0.7771575	0.174764001364338	0.13015765	0.00440651675	0.571432215	0.619047221353865	0.6752883	0.04831172475	0.9893558	0.419876474402813	0.3836708	0.000602536297500002	0.967129445	0.00040557633936347	0.0002380766	4.015681425e-06	0.0009541179525	132.02637	79	1	298	X1_2_4_benzenetriol_exp2
0.545913749430283	0.57963575	0.05343337025	0.910824335	0.421026287763642	0.4270851	0.02490361175	0.81776412	0.491892700462923	0.49176915	0.02514224025	0.9674770025	0.267155490507094	0.1833921	0	0.89716503	5.422608567998e-05	1.9914055e-05	3.35125285e-06	0.000243376105	17.57447	7	0	78	X1_hexadecanol_exp1
0.234845310573438	0.1951858	0.0087885563	0.6572570325	0.136050373346297	0.10609465	0.004107008425	0.42486999	0.579234439226048	0.6182964	0.03895529975	0.9845438375	0.34437329872032	0.27710095	0	0.94574814	0.00018704226750696	0.00013441095	3.58818725e-06	0.0005914911925	60.68217	43	0	191	X1_monostearin_exp2
0.62477220479164	0.6702673	0.1007386075	0.920978	0.479567421690387	0.5033478	0.052180717	0.7931651225	0.695830155802548	0.78934525	0.0598660565	0.994076	0.55819617397833	0.6266375	0.004958296775	0.984253905	4.99711037998e-05	1.741826e-05	3.376642e-06	0.000268595335	16.4901	6	1	87	X2_palmitoleic_acid_exp1
0.438509748006687	0.40962045	0.01700405	0.9686290025	0.315332084247001	0.24706685	0.00781057135	0.9304201	0.609942574805145	0.66539865	0.04469602	0.9885910325	0.418981072073622	0.389638	0	0.9659857	0.00010640335980423	5.940127e-05	3.65727e-06	0.000395416385	34.5909	19	0	126	X2_palmitoleic_acid_exp2
0.360515457132874	0.32887915	0.018368185	0.8509762425	0.244452598627594	0.2078974	0.0096200907	0.6654990825	0.555684891007662	0.58364235	0.03260928675	0.98346632	0.355635276127738	0.2935037	0.003144292	0.94387264	0.00048439769193545	0.00059141965	3.88914955e-06	0.000945300265	157.47367	195	1	297	X4_hydroxybenzoate_exp2
0.483076403028773	0.4780462	0.02108068225	0.9750481975	0.36405441622055	0.30554625	0.00880454890000001	0.9497532075	0.546626047715261	0.56637865	0.03703193875	0.9793365575	0.338189685812529	0.2874883	0	0.9344214425	5.195227271293e-05	2.648225e-05	3.388273e-06	0.000247495965	16.95517	8	0	82	X4_hydroxyproline_exp1
0.432439805585427	0.4351176	0.0244434005	0.8599116975	0.309003843102834	0.28264555	0.0117723335	0.7421226225	0.528223591413533	0.54126915	0.02985255975	0.9800766375	0.333975461030047	0.2593551	1.153196e-05	0.9423955975	0.00020444126952222	0.0001046802	3.970352875e-06	0.000811167975	66.50914	34	1	265	X4_hydroxyproline_exp2
0.731081789407739	0.8206905	0.10228977	0.9903863425	0.647686479043631	0.72070095	0.0525503475	0.98156825	0.430006298390199	0.4111475	0.02132103125	0.935506	0.24224740124023	0.1768428	0	0.82144536	0.00016523246721418	9.309656e-05	3.883437775e-06	0.0006800669725	53.8448	30	0	221	X5_aminovaleric_acid_exp1
0.239073759186179	0.18662725	0.007391527	0.7455321775	0.130388404562315	0.09540079	0.003324877225	0.4559064	0.616889769225741	0.6739112	0.0453633965	0.98941902	0.375638436385922	0.3177404	0	0.9569373625	0.00010604972433329	4.870624e-05	3.506393175e-06	0.0004895751475	34.33182	16	0	160	xylonic_acid_exp2
0.597652307793796	0.64558825	0.0525898	0.954322185	0.473307523232642	0.4870014	0.0245972775	0.8995218275	0.573937349590014	0.61346285	0.03992218	0.97934548	0.38572384504066	0.3601959	0	0.9455655	5.183498533339e-05	2.458525e-05	3.4208276e-06	0.0002451666	16.95243	8	0	77	xylose_1_exp1
0.832771113177	0.8552085	0.5784492	0.9676732	0.786176480802	0.7912612	0.6329649	0.90311853	0.91724441502	0.9455575	0.6859707	0.9979613	0.91274522127	0.9290335	0.7412651	0.996742895	9.65814165523e-06	7.701417e-06	3.244324e-06	2.66051869999996e-05	4.43996	4	2	10	xylose_1_exp2
0.452829093360486	0.43241	0.02102781725	0.9751357	0.343144462768463	0.2841181	0.009474829	0.9518888375	0.514941693078021	0.52234315	0.02750113825	0.976823555	0.270665534088281	0.18039505	0	0.909992139999999	0.00017149531806349	4.435155e-05	4.626812225e-06	0.000963400205	42.22334	11	0	237	Lesion_0_m_cx_Apple517
0.411790225896361	0.3992771	0.03214814975	0.8660374125	0.305117382456584	0.2772468	0.0145968465	0.757619747499999	0.464622486072305	0.45616615	0.023192772	0.95482031	0.179154795132641	0.093845965	0	0.791350775	5.387707897885e-05	2.1349595e-05	4.4558949e-06	0.0002905707675	12.96166	5	0	69	Lesion_0_m_cy_Apple517
0.620469915819847	0.65064495	0.1383340175	0.9384640075	0.536829094431342	0.5581951	0.083120784	0.895271535	0.405730553575911	0.3809149	0.01881333325	0.916239525	0.176738300564515	0.1116061	0	0.7237808175	0.00017213815744035	8.3377205e-05	4.9544852e-06	0.0007724033	42.10373	21	0	199	Lesion_0_m_eccentricity_Apple517
0.509859761848117	0.52397105	0.03935799875	0.9357945475	0.383484261093148	0.3646359	0.01808590575	0.8563807975	0.606956995563886	0.6568785	0.04754870675	0.985399355	0.392344599316582	0.35345625	0	0.957314	0.0001215228476161	4.9993395e-05	4.69263e-06	0.000504204715	30.07598	13	0	124	Lesion_0_m_eccentricity_B05_10
0.243616968620898	0.18905985	0.00672042175	0.75080959	0.136038486285584	0.08992189	0.002676815425	0.529723852499999	0.576895790074999	0.61377615	0.03679635	0.98627587	0.274249793952222	0.17435815	0	0.92463062	4.937487961462e-05	1.985554e-05	4.4177519e-06	0.00025855797	11.92686	5	0	64	Lesion_0_m_eccentricity_Ctrl
0.530628075343774	0.54635755	0.07566292	0.918433185	0.432590567066606	0.4299634	0.039853028	0.8542821	0.416296482700207	0.389028	0.01716742	0.932955025	0.145606447792791	0.07168885	0	0.693564019999999	8.96097250661e-05	2.197835e-05	4.3674305e-06	0.000574362939999998	21.86213	5	0	145	Lesion_0_m_eccentricity_Supersteak
0.54153272921877	0.553627	0.03507061625	0.9901531	0.44007404141499	0.4057228	0.017327094	0.9822874	0.497843605945477	0.49776305	0.027288793	0.968262895	0.267714170175373	0.1906305	2.13691252500001e-06	0.889321837499999	0.00031451152915794	0.000115582	5.213109275e-06	0.001179551075	77.63416	29	1	289	Lesion_0_m_eccentricity_UKRazz
0.372829162846996	0.3131901	0.012424414	0.989311	0.262662507828449	0.17523765	0.00534495795	0.9741079	0.578423047792791	0.61636645	0.0359041555	0.9844581175	0.32906312745342	0.2405386	0	0.937870869999999	7.372160021647e-05	4.9095825e-05	4.599352775e-06	0.00026520312	18.11586	12	0	65	Lesion_0_m_theta_Apple517
0.489094342955042	0.48643955	0.02354939225	0.96085198	0.357090405101052	0.3049724	0.01153019825	0.9038485	0.668477369832355	0.74590255	0.062147847	0.9927550575	0.478378486667133	0.4768534	0.0050419719	0.977301	0.00030585960878654	0.00021597605	5.866848925e-06	0.00106549	75.52076	53	1	262	Lesion_0_m_theta_B05_10
0.406956005892699	0.3853351	0.01933713275	0.90985318	0.304794681089911	0.25680325	0.009563865	0.83886998	0.490633379089465	0.4873096	0.02564046675	0.971297	0.256668207081115	0.17118565	9.93320827500001e-05	0.8926143	0.00014465987353697	9.1283705e-05	5.447904125e-06	0.0005221364375	35.58541	23	1	128	Lesion_0_m_theta_Ctrl
0.390346660014402	0.3512606	0.01428832575	0.9280306825	0.273303540148014	0.20699475	0.0064611175	0.8595766525	0.567756941929476	0.60079285	0.0360955905	0.9836774	0.32425845950771	0.24777215	0	0.9357148325	0.00010875053660101	6.197567e-05	4.813163225e-06	0.000416315285	26.67375	15	0	98	Lesion_0_m_theta_Supersteak
0.548965880025913	0.5625141	0.0927601575	0.9418727	0.456453235339657	0.4512584	0.0542277315	0.896165414999999	0.441916455747586	0.42833855	0.02187015	0.9358032	0.185694601987391	0.10599005	0	0.7680375	8.541927201399e-05	3.003781e-05	4.585289675e-06	0.000521591465	21.09353	8	0	128	Lesion_0_m_theta_UKRazz
0.32303645981218	0.2642942	0.0102166925	0.9188007	0.214296283649082	0.14589475	0.00487067505	0.813692475	0.586515982454089	0.6285417	0.0406435	0.9852230175	0.344506484734653	0.27684705	0	0.9418717675	0.00016342146648483	0.0001099809	4.865161125e-06	0.000684356	40.2187	28	0	170	Lesion_Bblu_m_eccentricity_Apple517
0.302382334570042	0.2635774	0.01028323875	0.77758703	0.188417540348168	0.1441676	0.0045252659	0.596478959999999	0.565065955417663	0.59603415	0.03652870575	0.9836663	0.29744469853828	0.20732955	0	0.9325034	7.429915290975e-05	3.5332325e-05	4.563229775e-06	0.0003041622225	18.11678	9	0	74	Lesion_Bblu_m_eccentricity_B05_10
0.374573442684194	0.3528714	0.0171640205	0.8493535125	0.256610894842586	0.2156133	0.007212099275	0.7184210625	0.549508854473973	0.5740271	0.03244959275	0.9820695575	0.28886849888297	0.19152495	0	0.9357658275	5.470336170819e-05	2.604495e-05	4.4468939e-06	0.0002368821825	13.37569	6	0	57	Lesion_Bblu_m_eccentricity_Ctrl
0.227555255137471	0.17680635	0.006566395125	0.694620935	0.124577746665974	0.08784851	0.0028956626	0.437442614999999	0.609854756992521	0.6633509	0.04399400875	0.989233015	0.35040025819544	0.2768248	0	0.9554655375	0.00018326706921019	5.368611e-05	4.93164355e-06	0.0009286950525	45.01913	13	0	225	Lesion_Bblu_m_eccentricity_Supersteak
0.383324009589282	0.3486204	0.01687327675	0.917442005	0.272580948694296	0.2122423	0.00712181585	0.84966487	0.503949690892757	0.5050487	0.02608367425	0.974303625	0.228644206772947	0.13088455	0	0.886552817499999	5.765111724933e-05	2.5875775e-05	4.4653728e-06	0.000297059895	13.95698	6	0	73	Lesion_Bblu_m_eccentricity_UKRazz
0.406703155915935	0.39282155	0.03941707	0.841725575	0.304196906925205	0.28072965	0.0200611165	0.720644235	0.487677250830901	0.48866755	0.0268063515	0.9606312925	0.218116132558909	0.13658255	0	0.837298347499999	0.00016102080411496	4.780854e-05	4.69941e-06	0.0008156734	39.61434	12	0	201	Lesion_Bblu_m_majoraxis_Ctrl
0.330828388275834	0.28888265	0.013228799	0.845679664999999	0.217469383183402	0.1684094	0.00601	0.6888358625	0.579055745435239	0.61939985	0.03805048775	0.9849136025	0.331616767073258	0.2550318	0	0.9433443875	0.00028807475615959	8.137837e-05	4.718224e-06	0.000963581755	70.97655	20	0	234	Lesion_Bblu_m_theta_B05_10
0.401497586483656	0.3752468	0.01828513575	0.9266238	0.292329873653412	0.23897865	0.00845360835	0.859262575	0.526180512327533	0.54042805	0.028647803	0.97794018	0.285180623320664	0.19714635	0	0.916738764999999	0.00016546117764257	9.5818025e-05	4.6672197e-06	0.0005673327125	40.56412	24	0	136	Lesion_Bblu_m_theta_Ctrl
0.266099391783874	0.21414015	0.0081607487	0.7686379875	0.159418153044968	0.11151715	0.003735125	0.5736573	0.582138858755466	0.62255055	0.03825861	0.9863135	0.326012631720227	0.24656405	0	0.9434844125	0.00032470040852672	9.894887e-05	4.7105178e-06	0.001217433625	80.05165	24	0	295	Lesion_Bblu_m_theta_Supersteak
0.335774059032276	0.30193425	0.01918679025	0.83187951	0.23448472140858	0.1954673	0.009292245075	0.685766194999999	0.516313589872783	0.52818315	0.028213386	0.97225228	0.254502567282038	0.17154825	0	0.8834018425	0.00014845251772711	8.183924e-05	4.9488625e-06	0.000547071265	36.11204	20	0	133	Lesion_Bblu_m_theta_UKRazz
0.403226976315094	0.3508445	0.015819172	0.9922472	0.297639771515522	0.21886795	0.008251678225	0.9782422	0.581690672210435	0.6232603	0.0372716275	0.98585302	0.364276747264487	0.29893735	0.00209879205	0.9497367	0.0005215799391729	0.0004835511	5.9870309e-06	0.001156243	128.50326	118	1	279	Lesion_Bgrn_m_eccentricity_Ctrl
0.452886719149532	0.42117565	0.01733098	0.981735955	0.338980935807638	0.2594299	0.008137925675	0.9620643125	0.579285648611402	0.6169916	0.038080137	0.9865837025	0.355290270500074	0.2872827	0.0001792762625	0.9517431675	0.00017603861461404	8.836064e-05	5.481135925e-06	0.000736895614999999	43.54955	23	1	179	Lesion_Bgrn_m_theta_B05_10
0.384680811538253	0.3529268	0.0186879405	0.909749259999999	0.278720308935331	0.226755	0.0087572024	0.827343735	0.510415684706004	0.51610805	0.02694001875	0.9737497675	0.258488749973296	0.17029675	0	0.8967854125	0.00018600889892171	7.043216e-05	4.740148175e-06	0.000873978345	45.85043	17	0	213	Lesion_Bgrn_m_theta_Ctrl
0.532980530005845	0.55102065	0.07627504275	0.9113700575	0.428998308533357	0.4262613	0.04297293575	0.8400882725	0.500217442923044	0.5071601	0.0291374615	0.96263479	0.259029442781838	0.1745892	0	0.87874704	0.00013234668948383	6.303926e-05	4.708531575e-06	0.000591661024999999	32.58203	16	0	143	Lesion_Bgrn_m_theta_UKRazz
0.724711888082156	0.81325055	0.09385255175	0.9995359	0.65612542533597	0.727306	0.04652090875	0.9992347	0.380094801881864	0.34510595	0.0162862605	0.900465835	0.132061056224634	0.06635955	0	0.6191623	4.836113531556e-05	1.935236e-05	4.366493175e-06	0.000262532615	11.71864	5	0	64	Lesion_Bgrnblu_m_eccentricity_Ctrl
0.678758531802711	0.734509	0.12744268	0.9624430225	0.575050438739725	0.61053525	0.07098100025	0.9347407075	0.543383883020315	0.56351465	0.03611448225	0.980461485	0.350917130578981	0.28772475	0.0007763061925	0.94442891	0.0001601984667242	0.0001274424	5.34465395e-06	0.0005404429	39.60814	31	1	132	Lesion_Bgrnblu_m_eccentricity_UKRazz
0.716345293337657	0.80606235	0.078303986	0.9994746	0.618821141849186	0.6649236	0.03920962975	0.9988619	0.644806380656295	0.708565	0.063145113	0.9840139	0.449034374058737	0.4461214	0.00623892725	0.9482258	0.00028803219172607	0.0001276753	6.297128e-06	0.001042406125	71.79724	33	1	252	Lesion_Bgrnblu_m_majoraxis_Apple517
0.328770465059584	0.2790417	0.0111445885	0.8606983	0.173942654282278	0.1477089	0.005070610625	0.47928113	0.663079531433358	0.74745665	0.0500032755	0.9955486	0.426525720469875	0.3855408	0	0.975083625	0.00013233416752203	3.259852e-05	4.42608485e-06	0.000686790875	32.38438	8	0	168	Lesion_Bgrnblu_m_majoraxis_B05_10
0.7971254523967	0.8252132	0.45536568	0.992243655	0.612925900302061	0.588756	0.3065871	0.9769701	0.883242492230797	0.9260784	0.5352665	0.9976996	0.755694372528977	0.79240695	0.30072849	0.9903647	1.42728917039e-05	8.412183e-06	4.174101e-06	4.90004497499998e-05	3.882	3	1	14	Lesion_Bgrnblu_m_majoraxis_Ctrl
0.622205201269327	0.7535843	0.025432035	0.9764651	0.470942430290218	0.54253015	0.01334508425	0.8856753	0.764378824389785	0.8885622	0.07818361275	0.9972547	0.609364277434538	0.7072614	0.01857523525	0.9873279	0.00018178166445764	3.894054e-05	4.771038475e-06	0.000819785179999999	45.18337	9	2	201	Lesion_Bgrnblu_m_majoraxis_Supersteak
0.270848075237612	0.2259154	0.009467233575	0.7477659	0.162396728813689	0.12265975	0.004349899775	0.52749828	0.602818141322247	0.6524117	0.04440716	0.9870027425	0.357662445065498	0.2941626	0	0.9495457	0.00034372760598403	0.0003041904	4.831790325e-06	0.000992795927499999	84.67193	76	0	240	Lesion_Bgrnblu_m_majoraxis_UKRazz
0.308108463195253	0.2740244	0.014582156	0.7691965	0.204699015973671	0.16943075	0.0074273544	0.589244779999999	0.560947758262008	0.5909468	0.03534680575	0.9816860575	0.328334622064641	0.2546126	0.000930460915000001	0.934711145	0.00060440414434069	0.00069971425	5.770028e-06	0.0012351433	149.14448	174	1	296	Lesion_Bgrnblu_m_theta_Ctrl
0.28426762048094	0.24457765	0.01185656625	0.7555901	0.182554758281408	0.14575385	0.00611470515	0.5586744575	0.581398293295806	0.6210782	0.03747781475	0.9851882	0.361751364731783	0.2990489	0.004217632675	0.9481546725	0.00056444806168272	0.000586727	7.979026975e-06	0.0011408108	139.40284	146	1	278	Lesion_Bgrnblu_m_theta_UKRazz
0.26083307520764	0.2123357	0.008739860175	0.7528407075	0.154535769147796	0.1086687	0.00364689345	0.5549735	0.563665989835529	0.5967787	0.03501690925	0.98390664	0.279602470019259	0.18507525	0	0.9225910675	7.526370798883e-05	3.0595735e-05	4.425739775e-06	0.000387362432499999	18.31984	8	0	96	Lesion_blu_m_eccentricity_Ctrl
0.419281597373481	0.39016995	0.0183786035	0.9491537475	0.294913299370099	0.23758765	0.009032782	0.882945199999999	0.643913526897654	0.7123287	0.055778986	0.9901034925	0.441402360848365	0.4196734	0.003656606325	0.9695077	0.00044476939647907	0.0002972064	5.85356295e-06	0.001228780125	109.86817	74	1	296	Lesion_blu_m_majoraxis_Ctrl
0.293847366542334	0.24336325	0.009432018225	0.81786117	0.182121443691101	0.12749545	0.0039263996	0.6607529575	0.569816050261497	0.6028642	0.0372257615	0.9850149	0.296942027774988	0.20695405	0	0.93043412	0.00010268481202374	3.681489e-05	4.506554575e-06	0.00052170171	25.13497	9	0	127	Lesion_blu_m_theta_Apple517
0.417603378084054	0.3595624	0.01496291	0.9931861875	0.306232274715068	0.2080211	0.006353509525	0.9863789	0.600489766459706	0.6493811	0.04486984825	0.98479022	0.355458135267148	0.29425655	0	0.94568997	6.194961003079e-05	3.787065e-05	4.623897775e-06	0.0002117842725	15.33209	9	0	52	Lesion_blu_m_theta_B05_10
0.333676210075062	0.2813584	0.01154824	0.906236652499999	0.224426730988666	0.1585342	0.005156280525	0.8161956	0.556549147184847	0.58575685	0.034210647	0.983160265	0.301576661984131	0.2152446	0	0.932215032499999	0.00016862421888154	6.5215865e-05	4.54616475e-06	0.000752104732499999	41.41143	16	0	184	Lesion_blu_m_theta_Ctrl
0.351256164495011	0.2869283	0.0108097405	0.9575848	0.246067713715744	0.16555195	0.0054559398	0.9033502425	0.586224256985753	0.62949175	0.03850511525	0.9862955025	0.371325787391815	0.31230035	0.003098318425	0.9508562	0.00050926658258632	0.00044719545	7.4553037e-06	0.001175076025	125.69183	111	1	285	Lesion_blu_m_theta_Supersteak
0.488395312219243	0.48554015	0.05108536775	0.9391731	0.390857427010212	0.3670871	0.02634888625	0.89103723	0.457470831447495	0.4486256	0.0233964515	0.9434058975	0.19657335381651	0.1211051	0	0.7795465675	0.00010480769811158	5.085442e-05	4.5474411e-06	0.0004510601225	25.55498	12	0	112	Lesion_blu_m_theta_UKRazz
0.353341987886113	0.31498065	0.01458801875	0.868398514999999	0.228008439927108	0.1767099	0.0055536389	0.7140583475	0.569902706592294	0.60396965	0.03602291375	0.98555789	0.278425765317086	0.1671849	0	0.9365074625	3.117370400974e-05	1.5955015e-05	4.335373875e-06	0.0001585279275	7.64963	4	0	39	Lesion_Bred_m_eccentricity_Ctrl
0.57325265662822	0.5968481	0.02892111475	0.9984886	0.481044597770723	0.44628795	0.01350297525	0.9973774275	0.504261132977281	0.5119117	0.02750277475	0.9685205825	0.280795218390278	0.20492	8.78137300000055e-07	0.8896213	0.00022181296470358	0.00011999	5.264446075e-06	0.0006944321825	54.73061	30	1	169	Lesion_Bred_m_majoraxis_Ctrl
0.303482289915973	0.2491483	0.0094798676	0.848430735	0.188427003643279	0.12889565	0.003853381825	0.702231025	0.561338037515954	0.5906771	0.0341172615	0.98420683	0.272703113684409	0.17716215	0	0.9208727	6.870631858952e-05	2.7095115e-05	4.384820125e-06	0.00036939003	16.82944	7	0	91	Lesion_Bred_m_theta_Ctrl
0.279544766425047	0.2294177	0.009261243975	0.789327685	0.163875791558423	0.11554665	0.003577104275	0.584433175	0.61494602209579	0.67013895	0.04517046625	0.9887384775	0.338433681621056	0.25724985	0	0.952966587499999	0.0001467612049809	2.239823e-05	4.3622314e-06	0.0008018429725	36.13351	6	0	195	Lesion_Bred_m_theta_Supersteak
0.4044170737355	0.389267	0.048248797	0.8324793	0.29961572258431	0.2802166	0.02489373925	0.6949700925	0.523252098520158	0.53899215	0.0345443195	0.964706015	0.24778505021203	0.1665861	0	0.8591458125	6.216919144681e-05	3.5828615e-05	4.586249625e-06	0.000272907649999999	15.1545	9	0	68	Lesion_Bredblu_m_eccentricity_Apple517
0.457547730907309	0.4549803	0.08576517375	0.84008407	0.385921376112853	0.3795644	0.05885650525	0.752034495	0.416296174893625	0.3946845	0.01900705625	0.919208925	0.182082460642676	0.11637555	0.000477513475000001	0.720784315	0.00042124188687803	0.0003329471	5.546850325e-06	0.001102809	103.65702	82	1	270	Lesion_Bredblu_m_eccentricity_B05_10
0.719609729892259	0.7814268	0.1474516575	0.99693981	0.642535688258985	0.6837213	0.095558044	0.994782935	0.477223863727894	0.47736495	0.02518620325	0.9506634325	0.263206498444964	0.1984337	0.00147524135	0.8445829575	0.00063567577538959	0.00075074285	6.288441375e-06	0.00121873875	157.03523	188	1	295	Lesion_Bredblu_m_eccentricity_Ctrl
0.52899628781641	0.5309592	0.05152052325	0.98089719	0.428490535939941	0.3930502	0.0240229385	0.9670157375	0.462487130842712	0.451841	0.02340264	0.9549370275	0.198227013474362	0.10224865	0	0.825998067499999	3.244646702175e-05	1.749209e-05	4.3699934e-06	0.0001373673175	7.88387	4	0	34	Lesion_Bredblu_m_eccentricity_Supersteak
0.510918689849718	0.52757465	0.03353823	0.9447880775	0.401826173812327	0.3794893	0.01677307975	0.90084193	0.507689266207332	0.511567	0.02686376925	0.97497352	0.288218249662006	0.2043513	9.23886470000005e-05	0.91943288	0.00029095683435506	0.0001590924	5.318167975e-06	0.0009810692925	71.63142	40	1	240	Lesion_Bredblu_m_eccentricity_UKRazz
0.90048334136871	0.95235485	0.52346354	0.9999165	0.85739070473982	0.92105965	0.4188516	0.9998729	0.541293323334251	0.5730852	0.04480934	0.93362055	0.341058920021509	0.3339034	0.00178252845	0.8206988	5.776833770406e-05	3.052896e-05	4.525186e-06	0.0003073964	14.63443	8	1	76	Lesion_Bredblu_m_majoraxis_Apple517
0.692982487599946	0.7873343	0.057268144	0.999221205	0.60430384308242	0.6585601	0.02916237525	0.998639065	0.519169330181408	0.528543	0.026844455	0.97780151	0.316462476477168	0.239643	0.001695493425	0.9328322525	0.00018045109894083	8.1094655e-05	5.47781805e-06	0.0008203907725	44.65257	21	1	203	Lesion_Bredblu_m_majoraxis_B05_10
0.982819589348	0.9847303	0.9602182	0.9947557	0.937847371203	0.9419436	0.8719979	0.9751307	0.99399936893	0.9962876	0.9761171	0.9998256	0.979262419376	0.9849925	0.9274121	0.9994895	0.000241994375021	0.0002339776	0.000108751	0.0003792055	57.6062	62	31	90	Lesion_Bredblu_m_majoraxis_Ctrl
0.698537166677343	0.8271141	0.03066426875	0.9737036	0.493936602334522	0.5518031	0.0166404125	0.8370821	0.837377572786068	0.9218543	0.1574792925	0.9975352	0.666984539539198	0.7227794	0.050698957	0.9849154	0.00018102088273153	7.7808605e-06	4.162965475e-06	0.001066279525	44.74697	3	1	260	Lesion_Bredblu_m_majoraxis_Supersteak
0.24808891881777	0.20697895	0.00812170405	0.69016333	0.143115813104225	0.10946045	0.003798962175	0.4598047625	0.608284768306797	0.66209	0.0430514085	0.98832892	0.373837950255789	0.31518155	0	0.95668553	0.0003698231098673	0.0001864435	5.054040825e-06	0.001145621975	91.19984	47	0	278	Lesion_Bredblu_m_majoraxis_UKRazz
0.386222648932489	0.3450893	0.01536583	0.9478893075	0.278074307092795	0.2107184	0.007075340175	0.8989780625	0.52453722478757	0.5363305	0.028750811	0.97732321	0.272058919195948	0.18677765	0	0.9067919275	0.00011313035184195	6.904466e-05	4.72862545e-06	0.0003930979025	27.7801	17	0	96	Lesion_Bredblu_m_theta_Apple517
0.425004498233437	0.4153806	0.02539789575	0.887636105	0.316780019225411	0.282162	0.011452419	0.7996945125	0.470748813874342	0.4586323	0.022360194	0.965503	0.211947097896249	0.1226075	0	0.8493021125	8.567212281783e-05	3.9706815e-05	4.592384825e-06	0.0003860580925	20.75835	10	0	94	Lesion_Bredblu_m_theta_B05_10
0.282358238688491	0.23382075	0.009184709	0.78466371	0.169040533027894	0.1195025	0.00366412445	0.598914695	0.570576448106919	0.60540225	0.03564054075	0.985838085	0.283827606551753	0.18805845	0	0.9329226	5.90924716764e-05	2.408534e-05	4.397223125e-06	0.000292387905	14.3301	6	0	72	Lesion_Bredblu_m_theta_Ctrl
0.30493524795599	0.26473205	0.01096201725	0.7858594	0.188514008636609	0.1442582	0.004598362	0.5940961125	0.577109304334885	0.6142379	0.0394649335	0.984707715	0.308246340789406	0.22050505	0	0.937975435	0.00010686813470854	3.3166945e-05	4.483868725e-06	0.0004640791125	26.27062	8	0	116	Lesion_Bredblu_m_theta_Supersteak
0.680340327939267	0.7593717	0.06601208975	0.9902351	0.578269909294655	0.61611165	0.03232942225	0.97809547	0.766429372608714	0.835569	0.17163256	0.9932615025	0.641179186637089	0.6995536	0.017501351	0.9846016	7.881921513959e-05	3.968521e-05	5.148535825e-06	0.0003690953	20.07706	11	1	91	Lesion_Bredblu_m_theta_UKRazz
0.510378101752963	0.5148432	0.03777646	0.968752545	0.406099399067106	0.37146165	0.01908809525	0.9470121	0.466672732116833	0.4532078	0.02133882925	0.961719355	0.2220652664759	0.1359629	0	0.84849288	0.00011306564120356	6.2113295e-05	4.71846785e-06	0.00047709061	27.72256	15	0	116	Lesion_Bredgrn_m_eccentricity_Apple517
0.754851765615053	0.8484363	0.127094	0.9996535	0.686372956875037	0.7679086	0.0705455345	0.999426	0.450951994571571	0.4372291	0.023814074	0.9449871	0.230446956639463	0.1527292	0	0.843390245	5.983063114411e-05	3.08891e-05	4.533324125e-06	0.0002859386575	15.02513	8	0	72	Lesion_Bredgrn_m_eccentricity_B05_10
0.679610599238796	0.7447733	0.09093500425	0.99665161	0.589933789842393	0.6235389	0.049247754	0.994408155	0.503164707112224	0.5116561	0.02849356	0.9623918625	0.285524636979027	0.21481955	0	0.888452575	0.00012129681970658	6.851098e-05	4.849383625e-06	0.000467746305	29.94534	18	0	114	Lesion_Bredgrn_m_eccentricity_Ctrl
0.405180976118617	0.36035485	0.01630642925	0.97153628	0.289898210176987	0.2176048	0.007904207	0.93301696	0.606377537257305	0.6608911	0.04381001125	0.9868501	0.38444159766936	0.331782	0.001135386275	0.954198645	0.00017782642252935	0.0001462321	5.76815415e-06	0.0005202528025	43.92989	37	1	128	Lesion_Bredgrn_m_eccentricity_Supersteak
0.396977814448475	0.3616881	0.01775175025	0.932177664999999	0.28501812220628	0.22119795	0.007508626025	0.877192052499999	0.506726240736753	0.5116895	0.027058772	0.973485345	0.230275322038159	0.14027405	0	0.875988695	5.903615014956e-05	3.119439e-05	4.4276821e-06	0.0002452750875	14.27906	7	0	60	Lesion_Bredgrn_m_eccentricity_UKRazz
0.418954325325418	0.3780486	0.0152102895	0.9771590575	0.311638883412408	0.2281044	0.00668937205	0.958076665	0.50823299254282	0.51068195	0.0266796545	0.9776873	0.251237259213778	0.152858	0	0.9091246	0.00017756892415598	4.1114665e-05	4.452408775e-06	0.0009024713725	43.57675	10	0	220	Lesion_Bredgrn_m_majoraxis_B05_10
0.641333454481256	0.6883375	0.1002118675	0.9472594775	0.416711390474706	0.41445945	0.0474918755	0.7663903725	0.80967832850205	0.9175022	0.1069341275	0.9979393	0.63136257173409	0.7397717	0.0002501301625	0.9898538	1.712077395913e-05	1.105691e-05	4.27120975e-06	7.23687044999998e-05	4.68863	3	1	17	Lesion_Bredgrn_m_majoraxis_Ctrl
0.516410923459868	0.5220132	0.02641335875	0.985909325	0.415712108555451	0.37323985	0.011595599	0.97601031	0.45933050209305	0.442164	0.021933945	0.9638546575	0.211849393931456	0.1248947	0	0.851221495	0.00010030823573616	3.7140075e-05	4.5723583e-06	0.0005101111975	24.57527	9	0	126	Lesion_Bredgrn_m_majoraxis_Supersteak
0.9528127896122	0.98209845	0.7347884425	0.999983	0.9245766914151	0.9655831	0.6223744	0.9999592	0.540052921932548	0.58420855	0.03130588	0.9306433	0.242332358064006	0.2264229	0.0006347398	0.6225691	2.789391430764e-05	1.72462e-05	4.533919e-06	0.00011891578	6.87868	4	1	29	Lesion_Bredgrn_m_majoraxis_UKRazz
0.463083295112737	0.44593455	0.0260800295	0.9756094725	0.355512593006566	0.3017048	0.011555648	0.9550995	0.491789383367008	0.49101745	0.02551119425	0.9677744375	0.230272527616546	0.14108815	0	0.86741525	8.473004304104e-05	3.407573e-05	4.5402112e-06	0.0005186363	20.77345	8	0	129	Lesion_Bredgrn_m_theta_Apple517
0.449977309452891	0.4187647	0.01800568775	0.9834272525	0.33159455762995	0.2576733	0.008214093525	0.9637907	0.62234327414965	0.6789598	0.04779251575	0.988601885	0.400357289998153	0.3594456	2.84281395e-05	0.9628421675	0.00014199906105011	4.682695e-05	5.0287158e-06	0.000609987882499999	35.12884	12	1	150	Lesion_Bredgrn_m_theta_B05_10
0.318228096789083	0.27659085	0.01092141625	0.8242942	0.209819415158734	0.15448335	0.005009917125	0.69177406	0.548564258441665	0.5732403	0.0321836545	0.981716425	0.297793699063564	0.2123685	0	0.92671214	0.00014241830542698	8.70406e-05	4.5572239e-06	0.000512198725	34.92624	22	0	127	Lesion_Bredgrn_m_theta_Ctrl
0.550605724664072	0.5639219	0.03753580225	0.9921163325	0.453629240054652	0.42174725	0.01910662825	0.9854729	0.500364685571872	0.5062787	0.02754501875	0.9642967	0.277500271999209	0.20792095	0.0014218642	0.87875693	0.00032301562982011	0.00021195455	6.364936275e-06	0.00114363745	79.41024	52	1	281	Lesion_Bredgrn_m_theta_Supersteak
0.306644523213686	0.26461245	0.01155248775	0.7992398	0.189372496683143	0.1457755	0.00498541955	0.6041074275	0.586200466136705	0.62922735	0.040344331	0.9858742625	0.323250987659344	0.24191705	0	0.940054	9.363387728249e-05	5.3129725e-05	4.74295925e-06	0.000458078245	22.80361	13	0	109	Lesion_Bredgrn_m_theta_UKRazz
0.814169365980867	0.86385015	0.362685135	0.9937277675	0.679406365475168	0.7004856	0.2384671	0.9851182	0.755111139422931	0.8334927	0.1279092225	0.9939071	0.561761566418892	0.59800575	0.01186387	0.9768841	3.428301278527e-05	2.189154e-05	4.572308e-06	0.0001493885775	9.19058	6	1	37	Lesion_Grn_Apple517
0.454125227694514	0.4205307	0.01680923075	0.993891105	0.35264884626131	0.27209385	0.0081138069	0.9873507	0.522995887180202	0.5331256	0.0288935705	0.9777416025	0.29463561373308	0.21476025	4.32503200000001e-05	0.9159517025	0.00025722792219085	0.0001569436	5.03342615e-06	0.00084327087	63.23172	38	1	206	Lesion_Grn_B05_10
0.96901101716	0.9871632	0.8323318475	0.9999769	0.942844976913	0.97156075	0.7313641325	0.9999304	0.779418893180581	0.8048578	0.451069385	0.9603669	0.606953969991001	0.6150232	0.3778344	0.8323976	9.00351638025e-06	7.611038e-06	4.220489e-06	2.030451e-05	3.42161	3	2	7	Lesion_Grn_Ctrl
0.874819682273477	0.97254935	0.15414733	0.9999084	0.819922174523919	0.9378661	0.090142147	0.9998137	0.792472426971835	0.8953024	0.1160294475	0.9937487	0.662393237997678	0.78010685	0.037394934	0.9823545	0.0003933571011728	0.0001342471	2.20297475e-05	0.001179847825	98.92489	37	5	290	Lesion_Grn_Supersteak
0.93847583869151	0.96200225	0.7644955775	0.9988578	0.838394157151207	0.8533816	0.593678785	0.9956139	0.962211666408469	0.9804219	0.8239950925	0.9995916	0.905213917540758	0.9298634	0.68577264	0.9974932	5.008887217765e-05	4.92418e-05	9.800194e-06	0.0001065546	13.52094	12	4	29	Lesion_Grn_UKRazz
0.529898093686375	0.5375704	0.0290339625	0.9939505	0.422510348953832	0.37984855	0.01463768075	0.98823221	0.554199677631212	0.58448875	0.03536185825	0.978978655	0.342698030588249	0.28125525	0.002761539875	0.9306145825	0.00030905767662279	0.0001714536	6.33843655e-06	0.0009716460475	76.09211	43	1	236	Lesion_grnblu_m_eccentricity_Ctrl
0.650621878662997	0.7021412	0.0747411535	0.9977608625	0.549794054302356	0.5566949	0.0388310305	0.9957318475	0.572340172068307	0.6090878	0.0367934885	0.98259	0.377952850541648	0.3224325	0.001704929	0.9541689025	0.00020254459891028	0.00016303435	5.86733155e-06	0.0006126069875	50.16218	40	1	152	Lesion_grnblu_m_majoraxis_Apple517
0.712721524714107	0.87795505	0.02782861725	0.9980477	0.589608080436631	0.6901409	0.01547567825	0.9896764	0.822316189892322	0.93132335	0.1152761225	0.9977173	0.687328877933582	0.77625705	0.03781504	0.9893057	0.00032200662474996	3.14786e-05	4.217819e-06	0.001223580625	79.63116	7	1	294	Lesion_grnblu_m_majoraxis_B05_10
0.810776076744133	0.8444814	0.46655398	0.9729158	0.616519384506081	0.6301715	0.270782115	0.8839145625	0.829961676928303	0.88556515	0.2686368375	0.9926274	0.617725945252804	0.6464164	0.03531478525	0.9586835	1.185505752029e-05	8.044253e-06	4.178527e-06	4.65527097499999e-05	3.56085	3	1	11	Lesion_grnblu_m_majoraxis_Ctrl
0.4286016983609	0.3950061	0.01367260575	0.9685345	0.285787445312016	0.22377055	0.006157965125	0.8929107	0.67368177346525	0.76154315	0.05764591325	0.9931033	0.450091954373	0.44649845	0	0.9708376	0.00015362354602438	4.281352e-05	4.432359e-06	0.00077352194	37.77336	10	0	191	Lesion_grnblu_m_majoraxis_Supersteak
0.744331814271037	0.79552245	0.17252759	0.9857062	0.566983000464864	0.5672257	0.08775983525	0.9601079	0.812119670292449	0.87071885	0.28513203	0.9951830025	0.633189390302866	0.6668887	0.05828781325	0.9826144	3.162396563538e-05	1.016087e-05	4.21833575e-06	0.0002765253	8.39978	3	1	69	Lesion_grnblu_m_majoraxis_UKRazz
0.599624330376727	0.6691816	0.025204683	0.9979814	0.503941515163879	0.51304925	0.0110427765	0.9956772725	0.748240894766246	0.83936155	0.1037544025	0.9929928	0.59858305329239	0.69664575	0.0026425226	0.9825936	8.476684117958e-05	6.821988e-05	5.45182825e-06	0.0002436826525	21.79339	18	1	60	Lesion_grnblu_m_theta_Ctrl
0.826852918961268	0.8733698	0.3973485	0.9990168	0.783372342088449	0.82696995	0.3250200575	0.9985434	0.353122910828262	0.3135991	0.01322915	0.8685635	0.116578987287629	0.063681295	0	0.5211789	8.431381446224e-05	2.8205645e-05	4.531422375e-06	0.000500115085	20.61356	7	0	124	Lesion_Prop_Apple517
0.96446769219	0.98288315	0.8293178	0.9999262	0.971538006256	0.98633425	0.862187815	0.9999465	0.170803976189661	0.1340484	0.005737299	0.5149092	0.0417083987591372	0.02746075	0.001023573	0.1631579	0.000802899578254	0.0008150661	0.0002697247	0.001267475	197.99253	200	68	299	Lesion_Prop_UKRazz
0.581380377455909	0.60087125	0.0866412405	0.9795743675	0.494754622336031	0.48747795	0.04953461725	0.9649789825	0.447302991605345	0.43593955	0.02336915025	0.9349572725	0.207815142906703	0.1379018	0	0.7742354	0.00017519879249588	7.564352e-05	4.947784025e-06	0.00074099211	43.01956	19	0	184	Lesion_redblu_m_eccentricity_Apple517
0.402341304364546	0.3778145	0.03449795825	0.8956210525	0.302676164291625	0.2669129	0.017382914	0.808946385	0.487353078802304	0.48917375	0.02517711125	0.9597853	0.215537694755604	0.1298202	0	0.8360126575	0.00010501855473763	3.981935e-05	4.53705025e-06	0.000675774334999999	25.70035	10	0	169	Lesion_redblu_m_eccentricity_B05_10
0.284606032318242	0.2408801	0.01013066075	0.7702711	0.182898056852722	0.13571125	0.004677099125	0.601202305	0.546509451263082	0.56899535	0.03335261175	0.9819671425	0.298878293795622	0.213639	0	0.92648515	0.00014056964407149	9.555147e-05	5.101759925e-06	0.000459284535	34.36337	23	0	111	Lesion_redblu_m_eccentricity_Ctrl
0.323944038772463	0.29749975	0.01575721125	0.7656929475	0.220296653885403	0.1860965	0.00786673245	0.6081417	0.528048171601998	0.5437042	0.0296211395	0.9778696075	0.283955563877623	0.198584	0	0.9168897	0.00033663933700978	0.00034467575	4.7037958e-06	0.0009481158525	83.03007	87	0	233	Lesion_redblu_m_eccentricity_Supersteak
0.78925765667733	0.8560021	0.237825125	0.9991085	0.719576866519956	0.77591155	0.1570492	0.998541	0.497347003193528	0.5037215	0.02929860425	0.96348389	0.290999875638348	0.22177055	0.002103832125	0.8952343	0.00025732422818866	0.0002551917	6.8822644e-06	0.0006542679475	63.68574	64	1	162	Lesion_redblu_m_eccentricity_UKRazz
0.746045420171161	0.83340675	0.11179542	0.9993878	0.641607681292839	0.6801734	0.0574853515	0.9986197	0.686980436973219	0.755187	0.087750144	0.9890912	0.500490034687662	0.5240296	0.00482091675	0.9644834	8.841974025273e-05	3.2305025e-05	4.744147575e-06	0.0005305027975	22.51563	9	1	133	Lesion_redblu_m_majoraxis_Apple517
0.477465505438696	0.49143025	0.01973909825	0.9269855275	0.299269954860626	0.27915275	0.008792024675	0.7477898	0.676570293492522	0.7689623	0.05170004825	0.9951439	0.434581916461067	0.40860225	0	0.9754436025	5.87437150446e-05	1.91491e-05	4.3550379e-06	0.0003640767	14.57018	5	0	90	Lesion_redblu_m_majoraxis_B05_10
0.91824243443002	0.938758	0.7101661	0.9996304	0.78982389585384	0.7893598	0.5157575	0.999032	0.823500911821207	0.925095	0.09737855625	0.9966938	0.655312039703601	0.7273585	0.02486714	0.9820834	0.00010152069442427	9.367149e-06	4.193665925e-06	0.0004878329	25.31152	3	1	116	Lesion_redblu_m_majoraxis_Ctrl
0.822566399541	0.8429926	0.5571093	0.9716485	0.4989590022804	0.5009772	0.3039781	0.6926266	0.968265632568	0.9833911	0.849357065	0.99942521	0.883937476849	0.9110136	0.635020455	0.9958294	9.04812518706e-06	6.470499e-06	4.141752e-06	2.758395e-05	2.11099	2	1	6	Lesion_redblu_m_majoraxis_Supersteak
0.994604136299	0.9948155	0.9859201	0.9995393	0.983517937304	0.9839877	0.9627644	0.9984024	0.993988193607	0.9948023	0.9816327	0.9999601	0.983107600453	0.9854242	0.9482684	0.9998881	0.000238258920639	0.0002279927	0.0001771564	0.000316066	50.27911	49	37	73	Lesion_redblu_m_majoraxis_UKRazz
0.649462344825054	0.6959682	0.104117685	0.988591045	0.563014669536106	0.5841752	0.06006230275	0.9799056525	0.43379955182041	0.41558665	0.0196784545	0.9366787	0.190433960291029	0.11990915	0	0.7576849825	0.00021918592903333	8.570477e-05	4.62840995e-06	0.00108736555	53.70218	21	0	276	Lesion_redblu_m_theta_Apple517
0.407641371690967	0.3735202	0.0179260945	0.95738731	0.298439300225043	0.23885425	0.008774214875	0.89877473	0.564826823982404	0.597296	0.03456769775	0.984834595	0.344103424121586	0.27409055	0.00191401255	0.9462926625	0.00024635441944286	0.0001579727	6.732410025e-06	0.0007952647	60.6144	39	1	195	Lesion_redblu_m_theta_B05_10
0.378974373141315	0.3187564	0.012824858	0.9764916525	0.273135475432759	0.18651065	0.006101545	0.95163227	0.559733437489157	0.58829675	0.03475493	0.9839936	0.334634513417366	0.2660946	0.001255986875	0.9373521	0.00033692039886072	0.00019910525	5.52576435e-06	0.001174409	83.12943	50	1	289	Lesion_redblu_m_theta_Ctrl
0.379604946653532	0.36845385	0.0233024265	0.808533802499999	0.259761601295897	0.23316615	0.009546177075	0.64870203	0.552842076410264	0.57813175	0.03515235925	0.981153665	0.296420893021478	0.20029015	0	0.937656952499999	4.654856837974e-05	2.146085e-05	4.422926775e-06	0.0002104449475	11.47067	5	0	52	Lesion_redblu_m_theta_Supersteak
0.392694193875505	0.3775022	0.0221850405	0.851072675	0.287606107550977	0.2530952	0.01016909525	0.7419096475	0.472717889147342	0.46191665	0.0225711665	0.9659969	0.216134418666837	0.129481	0	0.8534960875	0.00011275621248683	4.9599495e-05	4.645163275e-06	0.000445216852499999	27.5098	12	0	108	Lesion_redblu_m_theta_UKRazz
0.431148150988135	0.426384	0.02587296275	0.8777562	0.305760617403167	0.2803977	0.01171557775	0.74726117	0.620032266045258	0.6770022	0.049290526	0.9886946	0.407342967851353	0.3677126	0	0.9693211175	0.00012360070086459	4.251182e-05	4.829758525e-06	0.000655684	30.61303	11	0	162	Lesion_redgrn_m_eccentricity_B05_10
0.331140009434775	0.28562215	0.01130264	0.8617523325	0.220207757092686	0.1598348	0.00473291745	0.744630504999999	0.559062241668905	0.5894453	0.03356144575	0.9833856275	0.299856129303566	0.2080041	0	0.93379999	8.596605308578e-05	3.199329e-05	4.4751346e-06	0.0005456059825	21.03469	8	0	135	Lesion_redgrn_m_eccentricity_Ctrl
0.591298274310026	0.61866495	0.054513097	0.9957935725	0.499605128984383	0.4920437	0.0279307355	0.9918647	0.465960484818985	0.45266455	0.02252849725	0.9614462575	0.250410511124179	0.166686	2.62670137500001e-05	0.874394772499999	0.00052675010907833	0.00050486465	5.34944905e-06	0.001231320825	129.98007	126	1	296	Lesion_redgrn_m_eccentricity_UKRazz
0.418078655024865	0.3960986	0.0190844555	0.92160462	0.300628370915159	0.2506941	0.008581456025	0.83570139	0.559327197485997	0.5891555	0.0349440445	0.9826700575	0.32023741659368	0.2389812	0	0.9379173925	0.00019488712242499	7.0686695e-05	4.686447275e-06	0.0008275814775	48.30782	18	0	201	Lesion_redgrn_m_majoraxis_Ctrl
0.475417121223124	0.4599449	0.02022452575	0.9814594	0.372736090479805	0.30962085	0.00887806125	0.96702521	0.501936913698637	0.50333675	0.0258228865	0.9733407825	0.266865239546966	0.17827095	0	0.9021136475	0.00016441886351116	7.4612035e-05	4.602379775e-06	0.0006195029325	40.40689	18	0	151	Lesion_redgrn_m_theta_Ctrl
0.366781692388541	0.3359292	0.01563531575	0.857421437499999	0.244993355937932	0.20061105	0.007003560475	0.7054162	0.600234829119518	0.6488948	0.0447698225	0.9853735	0.361278808007218	0.2999635	0	0.9478752	0.00010340516162953	6.131488e-05	4.835292225e-06	0.0004203154	25.40499	15	0	103	Lesion_redgrn_m_theta_Supersteak
0.37259299178489	0.31474825	0.0185362895	0.9780022	0.273363565393364	0.2008561	0.0088239958	0.947726379999998	0.568452991995913	0.59243845	0.0336931565	0.9950341	0.326746164127908	0.22095345	0	0.984780372499999	0.00014816057193513	0.00010241	4.992394475e-06	0.0005036834175	36.47645	25	0	121	Lesion_redgrn_m_theta_UKRazz
0.582352902609221	0.6140501	0.04048240775	0.9956191025	0.460010618578618	0.4313124	0.02054948125	0.9904593	0.678390498248267	0.7533192	0.0712657065	0.9911988225	0.496528813032203	0.5130622	0.0086275877	0.9739606	0.00034921843340519	0.00019858385	6.954144e-06	0.001108647125	86.81607	52	2	276	Lesion_Size_Apple517
0.555061582683208	0.57689705	0.038005303	0.9894569025	0.458464520110116	0.43530025	0.01896419375	0.983099675	0.476733563939152	0.46635655	0.023389749	0.9677859075	0.263159871809997	0.1743735	0	0.90026624	0.0002583180693655	0.0001485583	5.0093678e-06	0.000843538672499999	63.73751	37	0	207	Lesion_Size_B05_10
0.679300324764343	0.7318936	0.1340792475	0.9796010425	0.582217114233003	0.6099165	0.081414024	0.9620790475	0.533847355537021	0.5521115	0.033625895	0.9713141775	0.31907785985519	0.25194775	0.0028453363	0.9130002	0.00048305657620768	0.0004041538	6.35064085e-06	0.001177105	119.47881	99	1	288	Lesion_Size_Ctrl
0.790733102435465	0.87621505	0.180000535	0.9995849	0.73776960234865	0.82397825	0.1074230125	0.9993763	0.333395257927833	0.2890269	0.012971958	0.866915005	0.109191677116873	0.053820805	0	0.5491926725	6.132793628191e-05	2.8201295e-05	4.428785025e-06	0.0002734042	14.86117	7	0	68	Lesion_Size_Supersteak
0.655730175714391	0.6891475	0.1787651025	0.9706582	0.564970933643198	0.57835765	0.12541487	0.9387425975	0.481062367587829	0.4893754	0.02603054	0.93545126	0.208325178912339	0.14881655	0	0.74213031	6.153443892619e-05	3.3032455e-05	4.44517965e-06	0.0002518475	15.09401	8	0	61	Lesion_Size_UKRazz
0.489984104340668	0.48836495	0.0476897585	0.9395084925	0.38388412914121	0.3543204	0.023999215	0.8876211725	0.492035626512797	0.493852	0.025843903	0.9643350375	0.240826260056122	0.1546066	0	0.86966553	0.0002083401023568	5.660636e-05	4.585144075e-06	0.001094222175	51.27725	14	0	270	Lesion_Ylw_B05_10
0.453286725241314	0.44487345	0.05373969775	0.8871558025	0.346684373130433	0.32447795	0.02896941875	0.77797976	0.515177525426022	0.52668245	0.0302641525	0.966296845	0.256898174959935	0.1755614	0	0.874981515	0.00019985172428514	9.976486e-05	4.6274085e-06	0.00092233831	49.36408	25	0	229	Lesion_Ylw_Ctrl
0.453193774856843	0.43147885	0.01887022	0.9773902075	0.327692370371592	0.2670414	0.007997752	0.951128665	0.559793731064957	0.59105165	0.033471847	0.98403476	0.293614823056287	0.20692235	0	0.9304652125	5.550304433777e-05	2.366773e-05	4.383253975e-06	0.00034787523	13.47907	6	0	86	Lesion_Ylw_Supersteak
0.9490163323895	0.9833722	0.6678272	0.9999576	0.9300691470629	0.9711191	0.62014318	0.9999253	0.636648778750754	0.6668228	0.175425295	0.9192104	0.3264589171785	0.3208784	0.0249092475	0.6580701	2.33799814591e-05	1.311458e-05	4.388671e-06	0.0001205571	6.26192	4	1	31	Remaining_Leaf_Apple517
0.950589586431	0.9751966	0.7787263625	0.9999198	0.914876790485	0.9549378	0.6792808	0.9998838	0.8541645361316	0.8779703	0.5832241	0.9909025	0.71301952423873	0.7053313	0.3825178	0.9705632	1.017537643176e-05	8.811079e-06	4.283676e-06	2.273559e-05	4.47994	4	2	9	Ylw_Lesion_Proportion_Apple517
0.773708413576686	0.8450333	0.2274546225	0.988839675	0.683200622083455	0.743415	0.1734764675	0.9695719	0.755326154216046	0.8382268	0.1119136	0.9951353	0.586040330758105	0.6656364	0.00244047010000001	0.9836892375	3.862238311248e-05	2.017297e-05	4.4301937e-06	0.000320844357499999	10.63025	6	1	77	Ylw_Lesion_Proportion_Ctrl
0.962786246314	0.9744395	0.8585417	0.9983961	0.888937558293	0.896675	0.7312972	0.9885724	0.94463416571	0.9623805	0.788169625	0.9974587	0.801723629646	0.8284539	0.5418307	0.9862348	2.152771745498e-05	1.999266e-05	4.709667e-06	5.038658e-05	6.29875	6	3	11	Ylw_Lesion_Proportion_Supersteak
0.974058501696	0.9800947	0.9154119	0.996021	0.848723611961	0.8534492	0.6989161	0.9660134	0.988402669148	0.992392	0.955247055	0.9996715	0.931457015916	0.9419153	0.8247691	0.9973192	3.09751568844e-05	2.830025e-05	1.542938e-05	5.480049e-05	6.95611	7	3	13	Allyl_MS_and_allyl
0.86996915106196	0.9315803	0.378341885	0.9888454	0.779297300585081	0.8668366	0.2154725875	0.9710107	0.95774473506637	0.9815128	0.7458954825	0.9993794	0.92520771116213	0.9588069	0.528517265	0.9985613	0.00010778753199684	1.036988e-05	6.061267e-06	0.00077291713	28.05089	6	3	183	Allyl_MS
0.456028504048449	0.4551815	0.03409078	0.8876218	0.336302093536412	0.3144487	0.018699267	0.7692303175	0.583429355550814	0.6250279	0.04023689575	0.9847448	0.381118369871606	0.3247939	0.007311287075	0.9533237125	0.00039085950464261	0.00036165865	1.11105045e-05	0.000955122165	93.07089	86	3	227	I3M_MS_and_allyl
0.752399756213237	0.85418635	0.094842282	0.9954893475	0.681699533715011	0.7762045	0.0498963275	0.9922518375	0.446621326420269	0.4287524	0.020950558	0.9544789	0.243361376805265	0.1630592	0	0.8730412	0.00012589440448796	7.2674405e-05	5.03779865e-06	0.0005617137675	30.1642	18	0	133	I3M_MS
0.752117861939698	0.79145705	0.3318558825	0.9546546325	0.643809182596691	0.67460015	0.248396945	0.864369355	0.736767801289143	0.833523	0.0933188535	0.9962421	0.601795496261963	0.68517025	0.0053019605	0.9914801	5.374239862184e-05	3.781688e-05	4.99411805e-06	0.0001898572425	13.7433	10	1	45	Long_chain_GLS_MS_and_allyl
0.764915836296439	0.7913183	0.420099595	0.9748706	0.588316186208659	0.5786993	0.3021968	0.8999754	0.87093230387443	0.9124344	0.5213996	0.9969604	0.75661015788119	0.7816084	0.3698167	0.9897198	1.217037923342e-05	7.820905e-06	4.326382e-06	4.86236012499999e-05	3.3679	3	1	12	Long_chain_GLS_MS
0.758291919435038	0.82898855	0.1798920375	0.9993513025	0.690702522554144	0.74559235	0.1121255225	0.9989772675	0.439010221987528	0.4219314	0.02139236	0.9339209525	0.220276337567624	0.1413365	0	0.8058417	0.00017404597345291	6.7971775e-05	5.10260975e-06	0.0009637405375	41.53749	17	0	238	NMOI3M_MS_and_allyl
0.548854100507084	0.5802166	0.0480151455	0.9355684475	0.435017416782796	0.4298831	0.025465492	0.879675015	0.556797274111471	0.58544945	0.03779474	0.9796329375	0.354791927260763	0.2982292	0.00154628255	0.9388181625	0.00048489688731527	0.000381748	6.006977725e-06	0.00124507935	115.48833	91	1	291	NMOI3M_MS
0.965226387374	0.969743	0.9049642	0.9930539	0.836676976705	0.8416991	0.7078244	0.9481178	0.984995655523	0.9897613	0.9381596	0.9996286	0.929671156184	0.9469124	0.7790766	0.9978032	2.291106741325e-05	2.312267e-05	1.072635e-05	3.218896e-05	5.7208	5	3	10	Short_chain_GLS_MS_and_allyl
0.911146312502	0.9224793	0.7632219	0.9813206	0.758942714948	0.757866	0.5767475	0.9376452	0.975858496753	0.9893524	0.868721	0.9996592	0.947644235181	0.9636549	0.8100769	0.9981311	1.192863428382e-05	8.154596e-06	4.291991e-06	5.112414e-05	4.09817	4	2	10	Short_chain_GLS_MS
0.383492914654316	0.36532785	0.01951163075	0.916079802499999	0.265841851271278	0.2483697	0.01019084375	0.7037149	0.747920900959555	0.8430608	0.0988299395	0.9958392	0.604375775358584	0.6874468	0.01776325325	0.9892835	0.00020107521587887	8.329261e-05	5.474373e-06	0.000686004685	47.93999	19	1	161	total_Aliphatics_MS_and_allyl
0.8348309400114	0.85255475	0.5843988	0.9829853	0.5615346623343	0.5593128	0.3415051	0.8391587	0.9554426598419	0.9740359	0.8073702775	0.9994184	0.8518532974025	0.8827279	0.55692777	0.99413978	1.092737606895e-05	7.189567e-06	4.27867e-06	5.340463e-05	2.65032	2	1	10	total_Aliphatics_MS
0.329040933402738	0.2644529	0.01116306275	0.9638655	0.212806619217772	0.1464252	0.005714494525	0.8534851	0.70776074514478	0.8015202	0.0734237405	0.994323	0.523644827193152	0.55822005	0.01398053325	0.979635185	0.00038982425687182	0.00026141395	6.905263325e-06	0.001072397525	92.89581	62	2	249	total_alkyl_MS_and_allyl
0.7963961037523	0.8184381	0.5097325	0.9661032	0.546718303698787	0.5521181	0.3116107	0.7877015	0.9511774810637	0.9723652	0.7813738725	0.9993679	0.8621673265858	0.896152	0.5540891	0.9959844	8.73986613387e-06	6.785011e-06	4.291244e-06	2.193405e-05	2.70829	2	1	6	total_alkyl_MS
0.997740059151	0.9991593	0.9865145	0.9999879	0.995111467413	0.9979429	0.9729216	0.9999793	0.988324992498	0.9930031	0.9555309	0.9996883	0.976645045152	0.9826948	0.923637	0.9993543	0.00039486924853	0.0003797853	0.0003367377	0.0005169038	100.84998	99	95	116	total_C3_GLS_MS_and_allyl
0.987657175	0.9888497	0.9689644	0.9968072	0.97115251333	0.9732851	0.9436501	0.9879479	0.993151279592	0.9949233	0.9762553	0.9996476	0.985777249945	0.9892209	0.9538321	0.9987583	0.0001270214375338	0.0001385875	7.416366e-05	0.0001764931	27.99963	29	19	35	total_C3_GLS_MS
0.978859059119	0.9815318	0.9510143	0.9938017	0.926145073795	0.9290576	0.8658277	0.9585391	0.996527406878	0.9977273	0.9857038	0.9999745	0.987953807014	0.9920074	0.9541084	0.999863	7.71509437809e-05	5.862734e-05	4.387158e-05	0.0001258061	15.48481	15	11	22	total_C4_GLS_MS_and_allyl
0.97400418057	0.9762551	0.942898	0.993728	0.904190408868	0.9118038	0.8276193	0.9467467	0.99724887256	0.9984979	0.9879364	0.9998768	0.990207248896	0.9936496	0.95928	0.999485	8.84493087128e-05	8.436414e-05	5.553339e-05	0.0001256482	17.07023	17	11	24	total_C4_GLS_MS
0.96697964934	0.9757701	0.8836989	0.9956687	0.914110060205	0.9226562	0.791111	0.9806366	0.91476357539	0.9336027	0.746036	0.9887906	0.776559241002	0.7782052	0.602374	0.9359609	1.618706734334e-05	8.83733e-06	4.372486e-06	7.294413e-05	4.9909	4	2	16	total_C7_GLS_MS_and_allyl
0.88717484726243	0.945715	0.5071479	0.9998325	0.816910188684671	0.8865505	0.384222515	0.9996756	0.75900434323226	0.7941855	0.3522568825	0.98436222	0.597458400696659	0.5885805	0.234321165	0.9572955725	2.337358583936e-05	1.69129e-05	4.766193075e-06	7.273679e-05	6.44405	5	1	18	total_C7_GLS_MS
0.691400880657927	0.74163255	0.1761054125	0.9334644	0.539778684474826	0.5749687	0.1042498925	0.8154006575	0.837155719755863	0.9151719	0.2230330275	0.99760831	0.727304670171727	0.8160132	0.07157047525	0.99438498	0.00037594259829052	0.0001871399	9.368004475e-06	0.001192797	90.58928	46	3	281	Total_C8_GLS_MS_and_allyl
0.741862019280567	0.7638886	0.41499417	0.9529919	0.564557792034947	0.56278775	0.3151166	0.8261723	0.89103902981602	0.93066585	0.57396539	0.9982591	0.806343080528275	0.8409858	0.4439073	0.9941191125	1.010042728435e-05	7.579953e-06	4.311058e-06	3.7009623e-05	2.9444	2	1	8	Total_C8_GLS_MS
0.50910363045267	0.4882821	0.04237468325	0.9816335	0.385543984631574	0.3594106	0.01953290425	0.9250236	0.802999715306336	0.8831065	0.16795983	0.99583342	0.665061994781691	0.7470582	0.00616976205	0.9905713	3.142858831679e-05	1.542895e-05	4.5386029e-06	0.0001753348	7.89715	4	1	42	total_GLS_MS_and_allyl
0.8235456556876	0.8426029	0.5677149625	0.9703632	0.5350570064822	0.5350272	0.3322913	0.7379466	0.95137064041	0.9703167	0.7918774625	0.9995814	0.840302556338	0.8647628	0.5505732	0.9948536	9.150505496e-06	6.162764e-06	4.265982e-06	3.622146e-05	2.24822	2	1	8	total_GLS_MS
0.603551657771953	0.6419559	0.087974107	0.9494876975	0.489116243227427	0.4972539	0.05199537625	0.890199005	0.57996143078614	0.6189821	0.0404330765	0.98146261	0.378699582212432	0.3253038	0.0072524501	0.9431680925	0.00038746569007835	0.00034449365	1.53426185e-05	0.001151434825	92.2323	83	4	272	total_Indolics_MS_and_allyl
0.657769682196135	0.7227966	0.082681456	0.96791073	0.547778578197503	0.57892945	0.04436163825	0.932232565	0.575058958531579	0.6128852	0.040140591	0.9804304175	0.373004519213396	0.32850225	0.0016983203	0.9420585325	0.00025675762602988	9.045821e-05	5.2084753e-06	0.0008638972225	61.77324	22	1	204	total_Indolics_MS
0.927074406122	0.9456693	0.7519712	0.9990726	0.802093629627	0.7931358	0.57554	0.9971981	0.944420499636	0.961323	0.7950194	0.9986705	0.862246620089	0.8732952	0.6525883	0.993674535	2.789225954039e-05	1.295759e-05	4.637785e-06	0.0001535233	8.14246	5	2	39	total_methylsulphinyl_MS_and_allyl
0.8503876751937	0.8719961	0.6111632	0.9738886	0.60783489517771	0.6142136	0.3810035	0.806039519999999	0.949671630933	0.9697001	0.787669895	0.9990598	0.84182177257	0.8708986	0.55220572	0.9954191	1.028918952e-05	7.387845e-06	4.307032e-06	3.241854e-05	2.71928	2	1	8	total_methylsulphinyl_MS
0.916173258847	0.94087865	0.7036635275	0.994547475	0.839539104411	0.86453005	0.5785643	0.9832607725	0.831100942328	0.8549434	0.5521155	0.9830594	0.6830235732652	0.6723764	0.4744846	0.92928454	1.147221430424e-05	8.8764225e-06	4.3793e-06	3.70194219999997e-05	3.4896	3	2	9	Weight_MS_and_allyl
0.80359671019463	0.8310587	0.4868186375	0.970255015	0.56374196533692	0.5676321	0.2574432	0.8396260025	0.86431630365182	0.8976947	0.556606525	0.9944048275	0.620271175256898	0.6141278	0.2601991725	0.9667364	9.95074291309e-06	7.524203e-06	4.305966825e-06	2.910618e-05	2.71911	2	1	9	Weight_MS
0.998276661661	0.9988112	0.9930013	0.999736	0.994736627928	0.9966946	0.9779694	0.9989342	0.995327936018	0.9984093	0.9641597	0.9996903	0.986533906629	0.993607	0.9136666	0.9989578	0.00031546718184	0.0003163679	0.0002829549	0.0003410854	67.81635	68	64	70	X2OH_Butenyl_MS_and_allyl
0.996520888502	0.9976166	0.9879895	0.9995427	0.992564873247	0.99353	0.9752161	0.9987262	0.995549758295	0.9964575	0.982916	0.9995021	0.989368746186	0.9911482	0.955697	0.9990796	0.000313644990196	0.0003118878	0.0002672957	0.0003841118	81.27729	81	73	88	X2OH_Butenyl_MS
0.997095415956	0.997154	0.9945884	0.9995627	0.990374395672	0.9905797	0.978672	0.998645	0.994962128776	0.9971207	0.9783259	0.999309	0.979201133317	0.9877974	0.8971545	0.9973496	8.0765644456e-05	8.105468e-05	7.517466e-05	8.947723e-05	20.15919	20	17	22	X3_butenyl_MS_and_allyl
0.997801019635	0.9982643	0.9929434	0.9998249	0.979711417732	0.9838512	0.940396	0.9976086	0.995175571947	0.9946862	0.9898011	0.9997529	0.956673316349	0.9563895	0.9194587	0.9967631	0.000135137049008	0.00013822	0.0001104811	0.0001539115	13.68534	14	10	19	X3_butenyl_MS
0.964895522111	0.974006	0.9005887	0.9920986	0.882495510382	0.8877947	0.7979253	0.937476	0.986760551618	0.9918182	0.9467038	0.9995289	0.955019209425	0.9643427	0.8704674	0.9962111	4.28875130758e-05	3.974697e-05	1.332532e-05	7.989337e-05	11.85494	12	7	18	X3MSP_MS_and_allyl
0.983330611554	0.9860269	0.9583404	0.9963655	0.915137811089	0.9152982	0.8516121	0.9625883	0.994469504006	0.9950957	0.9823473	0.9997586	0.972262231605	0.9749681	0.9327035	0.9985182	5.20579165827e-05	5.267177e-05	3.205596e-05	8.859017e-05	13.42226	13	9	17	X3MSP_MS
0.96204585782	0.9666818	0.910223	0.9888448	0.858640270065	0.8656496	0.7730282	0.9094388	0.995750495277	0.9972708	0.9806298	0.9999595	0.984177501817	0.9894676	0.9393912	0.9996917	7.09109868006e-05	6.43237e-05	2.488051e-05	0.0001191674	12.23003	12	5	22	X3MTP_MS_and_allyl
0.9741695028051	0.9813299	0.9224156	0.9930188	0.89850773302134	0.9053473	0.7911936	0.9609027	0.9892736010789	0.9918844	0.958473	0.9996237	0.9610607686799	0.9621676	0.8933941	0.9975038	3.73593453095e-05	3.248309e-05	1.999647e-05	6.796863e-05	9.71344	10	6	14	X3MTP_MS
0.998695665841	0.9998002	0.9920716	0.9999597	0.996584973209	0.9990917	0.9796223	0.9998857	0.989785926733	0.9919401	0.9713859	0.9987674	0.972486226483	0.9750095	0.9366902	0.9971458	0.00039970892176	0.0003931885	0.0003420301	0.0005054572	97.91792	95	84	117	X3OHP_MS_and_allyl
0.998392728959	0.9991307	0.989889	0.9999413	0.995809990924	0.9974664	0.9750237	0.9998882	0.988081642553	0.9910147	0.9548104	0.9980872	0.974367339191	0.9774112	0.9258444	0.9961443	0.00023307027713	0.0002275546	0.0002147436	0.0002574548	46.47153	45	41	59	X3OHP_MS
0.85297013938153	0.8775074	0.5923180825	0.972669027499999	0.70833043546772	0.7202938	0.48849001	0.8526031	0.9505248386334	0.9732548	0.7591279	0.9990932	0.901109506280481	0.92762835	0.6394662975	0.9965594	1.400833299759e-05	1.230212e-05	5.084468e-06	3.325861e-05	5.00158	5	2	10	X4MOI3M_MS_and_allyl
0.918010812458	0.9390227	0.7220200025	0.9911163	0.830593646786	0.8473923	0.6234405	0.9600671	0.889104140359	0.9133591	0.6520927	0.9944937	0.7680431846016	0.7757007	0.4967181	0.9786652875	1.37053830269e-05	1.015556e-05	4.429687e-06	4.074647e-05	4.75722	4	2	10	X4MOI3M_MS
0.9665551393256	0.9762557	0.9037268	0.9931304	0.90738873422766	0.9220296	0.7473575	0.9766345	0.99182652443579	0.99658	0.9620804	0.9998348	0.97853145186715	0.9891431	0.9051582	0.9994124	0.000406306585646	0.0004216584	0.0002758083	0.0005610126	97.65352	99	74	127	X4MSB_MS_and_allyl
0.979155021723	0.9862356	0.9374871	0.9943035	0.926025906418	0.9427392	0.8402042	0.9699258	0.997635413601	0.9992469	0.9849794	0.9998243	0.991975599628	0.9969451	0.9567224	0.9994628	0.000161162305528	0.0001213898	0.0001128592	0.0003111277	32.62212	25	17	65	X4MSB_MS
0.979907612952	0.9842196	0.9401352	0.9934595	0.924010164764	0.9290756	0.8310617	0.9589438	0.997508998261	0.9991186	0.985238	0.9998416	0.991049063637	0.995611	0.9605096	0.998913	0.000194675606452	0.0001843887	0.0001512608	0.0003230644	44.16319	43	31	78	X4MTB_MS_and_allyl
0.986808176668	0.9888738	0.967819	0.9940135	0.954257849716	0.9599983	0.907642	0.9696021	0.99870047168	0.9995096	0.9929289	0.9999348	0.996013173272	0.9977788	0.9778617	0.999697	0.000141321183525	0.0001399085	0.0001229631	0.0001740091	31.03451	29	26	41	X4MTB_MS
0.998748593105	0.9997322	0.9923747	0.9999654	0.996361473393	0.9990649	0.9801554	0.9998741	0.993559416228	0.9950455	0.970999	0.9998311	0.983957686237	0.9884134	0.937831	0.9993026	0.000379118513506	0.0003729662	0.0003569246	0.0004698595	84.37	82	80	102	X4OHB_MS_and_allyl
0.999035071524	0.9993254	0.997809	0.9998281	0.997639112189	0.9982679	0.9958531	0.9996033	0.997904474819	0.9978716	0.9901219	0.999497	0.996169051151	0.9962201	0.9881851	0.9993675	0.000368271348637	0.0003598094	0.0003449645	0.0003909544	79.00315	77	74	85	X4OHB_MS
0.997849396608	0.9995402	0.982681	0.9999945	0.993336852172	0.9985038	0.9458548	0.9999791	0.985634761733	0.9891485	0.9342681	0.9996463	0.959434823842	0.964217	0.8629149	0.9990513	0.000445549165907	0.0004457424	0.0004035309	0.0005269308	107.13732	107	103	113	X5MSP_MS_and_allyl
0.997289672594	0.9988745	0.9866578	0.9999895	0.991975086288	0.9972951	0.9623087	0.9999524	0.989830140799	0.9919112	0.9681873	0.9979333	0.973079786715	0.9782451	0.9335537	0.9935678	0.000181765830683	0.0001839761	0.000145632	0.0002162079	44.8762	46	36	55	X5MSP_MS
0.932004898979	0.9477206	0.7783065	0.9912383	0.830466218797	0.8514921	0.6047721725	0.9492136	0.924910050895254	0.9585278	0.6727899775	0.9987315	0.79590524688983	0.838557	0.397049	0.9946609	1.708814224294e-05	1.461633e-05	4.4863218e-06	4.171969e-05	5.44844	5	1	13	X7MSH_MS_and_allyl
0.819218217836962	0.8485262	0.50804919	0.9727531	0.637825682185561	0.6465137	0.3388994475	0.8827740525	0.853908191289021	0.8882034	0.5281354	0.9958067	0.677851405538122	0.6744415	0.3473785925	0.9816402	1.145585595588e-05	8.449016e-06	4.3134674e-06	3.406408e-05	2.89555	2	1	8	X7MSH_MS
0.959315001965	0.9692703	0.869851	0.9925873	0.911409213534	0.923108	0.7979129	0.9648004	0.964253845221	0.9844081	0.8148776	0.9995492	0.918541756249	0.9564615	0.634211	0.998687	5.118208273586e-05	4.737818e-05	7.7676818e-06	0.0001069462	12.16992	11	3	25	X7MTH_MS_and_allyl
0.88880651036	0.91718855	0.6520526	0.981711	0.779447185888	0.7950681	0.54091797	0.9324994	0.911124748142	0.9408635	0.6674412	0.9978856	0.817721231733	0.8293454	0.5461965825	0.9942562	3.685711631814e-05	1.360307e-05	4.558328e-06	0.0001838723	9.75307	5	2	41	X7MTH_MS
0.916997642902	0.9376959	0.719976545	0.992736	0.845422626011	0.8559703	0.6506575075	0.9755621	0.906803648322	0.9341202	0.6517576	0.9966925	0.833559951317	0.8482782	0.5976642	0.9914521	2.658241075306e-05	1.634016e-05	5.001797325e-06	0.0001099745625	7.81771	6	3	27	X8MSO_MS_and_allyl
0.82127715695663	0.8453065	0.549982635	0.9662104	0.632286835382578	0.6375148	0.3996749275	0.829811515	0.92138975481502	0.9463741	0.7097828	0.9973212	0.81560297845332	0.8297953	0.5551116525	0.9890584325	4.426794471601e-05	1.000391e-05	4.385168325e-06	0.0003599379	10.58044	3	1	84	X8MSO_MS
0.350167328395915	0.32473045	0.01778006	0.8078822	0.224594445571425	0.1956864	0.00818428405	0.5918842	0.629353628457172	0.6905607	0.05090865075	0.9901484	0.399396291369957	0.35028995	0	0.967774725	9.34978661247e-05	6.0585305e-05	4.938986525e-06	0.000389020419999999	22.16474	14	0	92	X8MTO_MS_and_allyl
0.855345137054477	0.8939444	0.5051727	0.9979961	0.68198353020269	0.6918689	0.29538463	0.9941369	0.911591572628596	0.957206	0.5647889725	0.9986448	0.807028793007519	0.8595927	0.3341986	0.9937337	1.734139289769e-05	1.457598e-05	4.589223225e-06	4.517316e-05	5.34593	5	1	13	X8MTO_MS
0.992214203361	0.9972047	0.9547701	0.9999862	0.981562001992	0.9906619	0.9116542	0.9999551	0.936807552410556	0.9696598	0.6655186975	0.9949619	0.842396472724776	0.9255636	0.3738013	0.977828	2.77042163409e-05	2.931573e-05	1.375954e-05	4.011476e-05	11.34151	11	7	18	ozone_sensetivity
0.456947807602726	0.46557255	0.030069094	0.8726422975	0.370490575548134	0.36001825	0.015419112	0.7982489275	0.485053763149994	0.478881	0.0236292	0.97039963	0.284728016420746	0.18994485	0	0.9270586625	5.590447097997e-05	2.680841e-05	2.475671575e-06	0.000220056045	24.88837	12	0	99	Relative_NIP1_expression
0.656082561748095	0.732102	0.0652526325	0.9580255	0.536600807912559	0.582426	0.031525902	0.9099538875	0.610128770618527	0.6579783	0.05348815	0.9852261	0.443659341091679	0.4329952	0.00344306635	0.961973185	0.00014309317294039	6.986845e-05	3.54889845e-06	0.0005165169675	53.54368	27	1	191	Relative_root_length
0.8943211243306	0.9109007	0.7130788	0.9786137	0.7959262453989	0.7989674	0.6514418	0.906447669999999	0.974192872422	0.9866188	0.8705886	0.9997378	0.956971754988158	0.9694794	0.8427178	0.9987589	1.134450575473e-05	9.332586e-06	3.705212e-06	2.755641e-05	6.20015	6	4	10	Average_leaf_surface_area_eaten_cm2
0.954610952117	0.9604085	0.8923123	0.9855299	0.846450822651	0.8495627	0.7394629	0.9264607	0.986140844871	0.990646	0.9424888	0.9999043	0.95962113875	0.965533	0.8678783	0.999576	2.65866745599e-05	2.51746e-05	1.617664e-05	4.621199e-05	8.14817	8	5	15	Average_weight_gain_by_larvae_mg
0.654229653377438	0.6986688	0.1531798075	0.9206924475	0.476198813345372	0.49268385	0.079534936	0.78919736	0.723795023291947	0.7864863	0.1386072175	0.9905353075	0.508408126237749	0.51306495	0.024284877	0.9650983475	0.00026184047966957	0.0001726774	8.99036635e-06	0.000848121039999999	46.19541	31	2	145	Proline_mmol_g
0.718325764577124	0.8329658	0.072476662	0.9998848	0.627594483233597	0.69656315	0.0355205695	0.9997804	0.537457167443562	0.5549787	0.03504866575	0.9756993	0.328216074461554	0.26667655	0.000278411835	0.917270195	0.0003585598107125	0.0002517478	1.849097925e-05	0.001255429	25.23472	18	1	87	As_V_tolerance
0.996382216649	0.9980318	0.9822806	0.9998802	0.958648130812	0.9722635	0.8339782	0.9984107	0.979799969725	0.9839715	0.9469547	0.9954655	0.792468266586	0.8076858	0.6146779	0.9204609	0.01155411975411	0.01196753	0.007657703	0.01362081	51.24551	53	28	59	144_M216T665
0.9675032112459	0.9935639	0.72728026	0.999951	0.8799995505673	0.93709335	0.416383985	0.9993734	0.861838667198725	0.9806177	0.12427784	0.9988712	0.643387843526041	0.7763709	0.009320204	0.9803387	0.015524239823391	0.008804437	0.0009834606	0.06629312675	65.73029	37	4	268	145_M130T666
0.994783017037	0.9963293	0.9798419	0.9998406	0.928927093093	0.9403055	0.7779473	0.9977305	0.989382784178	0.9926067	0.9623162	0.999382	0.874845905743	0.8785658	0.7302038	0.9840472	0.00980488169148	0.01012301	0.005840232	0.01396401	45.72139	47	28	54	146_M172T666
0.7743692337251	0.7940951	0.4995822925	0.9414005275	0.6772473178746	0.69413905	0.392756775	0.86915655	0.46060755397772	0.4556863	0.02437196	0.9296022425	0.177500399625096	0.10660445	0.0009699946575	0.7008212	0.0011881769611288	0.00083730565	1.742160675e-05	0.0031178765	112.34898	79	1	291	BC160
0.7650497582877	0.80064295	0.3792592475	0.9660854	0.57125514742401	0.57502985	0.2411425575	0.867459	0.747821256293686	0.83101405	0.1147170275	0.9924094475	0.472455341120561	0.471321	0.007280363725	0.9584292	0.0009336943232536	0.0003283418	1.52386765e-05	0.003031324	89.02503	32	2	288	BC180
0.403973855526885	0.39814085	0.02043796275	0.8419251675	0.242440298312079	0.2118727	0.0075898429	0.62695934	0.593163544213408	0.63755675	0.043661102	0.985339605	0.265374229782913	0.17776705	0	0.9029034	0.0002614175584221	0.00013176475	1.2738262e-05	0.001121792375	24.62203	13	0	101	BC181
0.969035917331	0.9919464	0.78143486	0.999941	0.9376680540228	0.9782431	0.6421936275	0.9998320675	0.654695514908717	0.73072895	0.061670739	0.9691621	0.3485296981761	0.31495705	0.00950564	0.8043835	0.001415278856772	0.0014120175	0.0005157939	0.002140903	134.00176	132	48	198	BC182
0.620164321154506	0.65153105	0.1679878525	0.9188062	0.462812544278604	0.4708164	0.103070255	0.784893115	0.574737999080485	0.6182246	0.04257916625	0.9680614425	0.26111024386767	0.20531775	0.00012482773	0.825621085	0.0005763309633616	0.0003472439	1.2905029e-05	0.001971640375	54.54599	33	1	182	BC183
0.7744227009904	0.8139424	0.3957359075	0.9551560975	0.54534816329982	0.5523261	0.2403871175	0.8042353	0.893398282926204	0.94336925	0.4788640725	0.9979885	0.747078703728216	0.80351535	0.176818805	0.9903527	0.0008596715119707	0.0004040551	1.510244e-05	0.00263876395	82.24832	36	2	245	BC200
0.921609577252	0.9460365	0.7086742625	0.989444025	0.7810709313574	0.8078442	0.457315885	0.9564052	0.855904366747797	0.9210024	0.2920093	0.9965792	0.627775326856479	0.6771953	0.06090306825	0.9795527	0.0012937115406414	0.001423221	0.0001452132	0.0025277547	124.25984	139	15	237	BC201
0.54013128268055	0.55548765	0.117590705	0.8786052575	0.384694728546891	0.3887186	0.062056867	0.6910263	0.533343316778007	0.55434135	0.03362511225	0.9686781825	0.215889031150675	0.1297898	0	0.8333222	0.0004008417067814	0.00019928575	1.263221e-05	0.00164456195	37.86584	19	0	154	BC202
0.489931249240845	0.4969431	0.02591269775	0.942224	0.300303964591923	0.2512575	0.010085841	0.8226705025	0.667049631402392	0.74112085	0.065799186	0.9910826	0.346395261551462	0.28541145	0.00096815005	0.9403465	0.0003367538594093	0.000241164	1.418465075e-05	0.0011326846	31.97813	23	1	106	BC221
0.628727445946918	0.66411675	0.15221598	0.9253016175	0.472978744577632	0.48923645	0.07775922825	0.7935816875	0.538118782799399	0.56307455	0.03609153025	0.963407265	0.223594254102869	0.15160665	0	0.80159636	0.0003544046562021	0.000133335	1.258761e-05	0.001866102425	33.68845	13	0	174	BCpl
0.8357087850622	0.86177135	0.572270325	0.9549139	0.6773114412595	0.69268165	0.4128995625	0.8565682	0.741240983850143	0.82728865	0.1005416175	0.9923829175	0.495407325577287	0.5101956	0.01071564	0.967622805	0.0013245393376312	0.001293083	2.170363825e-05	0.002874892	126.10466	121	3	271	BCpufa
0.8701469351381	0.8978507	0.600864	0.989980695	0.8096398663458	0.83635195	0.4924160825	0.98082611	0.431233460207666	0.4270256	0.02474020075	0.878387342499999	0.1310464134982	0.085181895	0	0.501452965	0.0001881264468982	6.593709e-05	1.18383075e-05	0.0008107654325	17.84283	7	0	75	BCsat
0.947592575789	0.9757058	0.72828197	0.9999219	0.8517053464001	0.91104085	0.4439	0.999742395	0.746312752256335	0.7961286	0.2411474	0.981094455	0.348253790019204	0.3175095	0.02698941	0.8406338	9.04768565032e-05	5.976995e-05	1.218758875e-05	0.0003389524	9.91334	7	1	31	BCvlcfa
0.861953447886	0.87966265	0.652103395	0.9720305875	0.776256848544	0.79190705	0.5444118225	0.9222693075	0.579668540085892	0.6133176	0.06074196675	0.9510417	0.274334146670682	0.2299742	0.000679922357500001	0.7823820825	0.0002587139422851	0.0001158638	1.243018e-05	0.00167755835	25.10123	12	1	161	MPboxcox
0.361448314555234	0.3083689	0.0117330835	0.9438864	0.237377382035492	0.1593136	0.0045275934	0.88423279	0.570253298551521	0.6049258	0.03467853275	0.985543735	0.301234304702251	0.2054262	0	0.9381146275	3.954997863848e-05	2.018816e-05	3.554899375e-06	0.000191961045	12.25526	6	0	59	k_light_0_nutrient_0
0.356210897642805	0.3177192	0.0168221705	0.87633252	0.247375912747047	0.1928298	0.007876308025	0.7731696175	0.511589492015671	0.51809905	0.026819478	0.9749940825	0.262074751497897	0.17718455	0	0.89419828	0.00033237608700775	0.00034351735	3.987282925e-06	0.0008788212575	100.61053	105	0	268	k_light_0_nutrient_1
0.998974597266	0.9999979	0.9947854	0.9999979	0.997230407724	0.9999955	0.9866186	0.9999955	0.986531419385	0.9832501	0.9832501	0.9976274	0.95896032536	0.946768	0.946768	0.9912994	2.51276232574e-05	2.49744e-05	2.38866e-05	2.719071e-05	12.14017	12	11	14	k_light_1_nutrient_0
0.98352574309	0.9832765	0.9665876	0.9945063	0.920648034903	0.9280293	0.8559568	0.9672043	0.996474275677	0.9979938	0.9836421	0.9998653	0.9855606878	0.9911718	0.9371691	0.9993449	3.9516228085e-05	3.930294e-05	3.253963e-05	4.580108e-05	11.78014	12	9	16	k_light_1_nutrient_1
0.484924128678566	0.46461625	0.02180174825	0.9949949	0.376803623137444	0.30125345	0.01132346475	0.9888399925	0.535839657504029	0.55301615	0.0312498755	0.979107135	0.325953436517386	0.25290365	0.006774577125	0.9274393275	0.00058961347575307	0.0006734694	1.624345e-05	0.0009704888375	183.53214	213	5	293	tmax_light_0_nutrient_0
0.371544146895981	0.3308026	0.0142820275	0.9227614275	0.258073918107479	0.18959	0.00608083555	0.8554932925	0.513916942046635	0.5190218	0.0282116675	0.9767541975	0.256797581351922	0.16728835	0	0.90193868	0.00020518523017549	8.246458e-05	3.812959e-06	0.0009024626175	61.74207	24	0	274	tmax_light_0_nutrient_1
0.888296216602809	0.9764943	0.24864139	0.9998779	0.82072842365252	0.9320903	0.1422698975	0.9993452	0.795918538736956	0.9350801	0.07544198	0.9983252	0.674199600059866	0.8227148	0.0218229665	0.9935322	0.000648512290058	0.00068430525	0.0003003869	0.001007591	196.45503	210	96	296	tmax_light_1_nutrient_0
0.350806731122288	0.3111499	0.01426648525	0.882400785	0.237152644963911	0.177115	0.0059224333	0.7792960975	0.513367019439305	0.5206825	0.02728498	0.9766856675	0.242605121582933	0.14765	0	0.8950086575	8.404064759615e-05	4.4569145e-05	3.669403675e-06	0.000319476985	25.2301	13	0	95.0249999999942	tmax_light_1_nutrient_1
0.442973802145381	0.3803277	0.01324022	0.9937274	0.357895624090708	0.25260695	0.00677655105	0.9860301	0.66667257988743	0.74306015	0.05888799325	0.9929706	0.512082913984245	0.53700695	0	0.9833635	3.021776633083e-05	1.6257805e-05	2.065112325e-06	0.0001423667025	16.61883	9	0	79	Fe_minus
0.335157217638349	0.28234135	0.012372243	0.9053020625	0.221387632583964	0.1608482	0.0058605879	0.78513807	0.591783349388586	0.6371934	0.0413998005	0.98502185	0.387403659604116	0.338706	0	0.9543959025	0.00024158309463331	0.000272492	2.190179275e-06	0.0005378364275	134.32564	154	0	293	Fe_plus
0.645211089420686	0.80470965	0.0211691905	0.9991068	0.596975392971868	0.77434395	0.0137570455	0.9989433	0.826484191062711	0.91460625	0.1583902	0.9976101	0.778429837517832	0.8950815	0.0781589425	0.996147075	0.00023908073757652	0.00024540555	1.917434e-06	0.0005136399	144.21418	146	2	298	Fe_response
0.356942333823828	0.28882055	0.0118096585	0.9708607625	0.265999764235486	0.18542255	0.006211673175	0.9407167	0.613629721830007	0.66767925	0.0480456095	0.9858927	0.427549650489185	0.4127643	0	0.961640695	4.747716358908e-05	2.40012e-05	2.018790325e-06	0.0001881362175	26.25913	13	0	102	Mn_minus
0.614901960282333	0.650992	0.06636497825	0.9984923	0.521711968600185	0.50980555	0.03515946	0.9969503	0.430785758725705	0.40554955	0.01969225475	0.9452671	0.207209840855494	0.12493005	0	0.8206761	4.852551667308e-05	2.0613055e-05	2.035337725e-06	0.0002290277475	26.865	11	0	126	Mn_plus
0.55601535087718	0.56807835	0.02492724375	0.9981647	0.476672344318374	0.43433295	0.01282158075	0.9970769	0.629715708070889	0.676639	0.067935488	0.9816439275	0.449246683186612	0.4382463	0	0.962265095	2.706219230749e-05	8.618765e-06	1.81620165e-06	0.000148944445	16.43843	6	0	88	Mn_response
0.497685456697214	0.4802028	0.02262888	0.995610685	0.417133847448445	0.359682	0.014912345	0.9912769275	0.651186171048251	0.72146745	0.0567833645	0.9896753225	0.533307659164487	0.55709495	0.025623828	0.9788627	0.0003317798710998	0.0003456774	5.672463025e-05	0.0005345359	189.18329	197	33	296	Zn_minus
0.697766820857613	0.8255683	0.04725474675	0.9996999	0.600717100222456	0.67453505	0.02272546625	0.9991647	0.671099966062433	0.7334783	0.08199922525	0.9824632875	0.47515865134524	0.49678885	0.003443626625	0.947548685	2.104713188272e-05	1.08568e-05	2.0079925e-06	0.0001110819	11.76695	6	1	61	Zn_plus
0.496555174659921	0.4845714	0.02817842825	0.9924191	0.415981063041322	0.3697251	0.0150717085	0.9875162	0.619961199196037	0.6713813	0.05525419475	0.987147175	0.474936468937222	0.4800296	0	0.9745521	5.768800894181e-05	2.3016195e-05	1.97854985e-06	0.0002788086675	34.9851	15	0	167	Zn_response
0.50400354167472	0.50514675	0.0624610855	0.9571473	0.349427071292732	0.32334015	0.027573311	0.8359021	0.52867095969744	0.5429518	0.03106584475	0.9808151	0.204563292786524	0.1079176	0	0.866172602499999	0.0029505807900547	0.0006654422	7.72635235e-05	0.01847118225	43.46203	10	0	272	density_deficiency
0.479379642331762	0.47140575	0.061315812	0.93079369	0.344294452495042	0.3135605	0.0306722405	0.8467958425	0.484636601830861	0.48397945	0.02620377325	0.95575865	0.16632051650984	0.087767445	0	0.738450585	0.0037071106227736	0.001313966	8.08459355e-05	0.018914902	54.1021	19	0	280	denstiy_control
0.27729144736285	0.23860675	0.014475433	0.735062365	0.151511813017277	0.1207199	0.005226446525	0.47184169	0.541155551986916	0.56428175	0.032441715	0.97652591	0.169254094069374	0.083191655	0	0.7831534825	0.0017730500499876	0.0004675186	7.46181055e-05	0.009163418075	25.72968	7	0	133	length_control
0.249061439075918	0.1963016	0.008366780725	0.74043543	0.114378615857109	0.08463779	0.00312172385	0.392473285	0.625666978012041	0.6858676	0.047710244	0.9888987	0.278647308525479	0.18767315	0	0.9114556975	0.004814832722656	0.0014959115	8.148449e-05	0.0179202335	70.50672	22	0	260	length_deficiency
0.9227742639188	0.9472032	0.6921168575	0.987888125	0.77763625337848	0.8053014	0.4560802525	0.9417372	0.910686146888838	0.9439797	0.6009326	0.9959768	0.734641703946203	0.76464575	0.284428205	0.978113	0.00024778473583533	0.0002379239	4.9135371e-05	0.0005491495	28.92331	29	7	59	high_RFR
0.602525453278647	0.63125745	0.1565237225	0.9019217925	0.421029260613633	0.42578215	0.085901363	0.7342837825	0.682786938813772	0.7580485	0.07657060675	0.9924119525	0.464504593214539	0.46449925	0.0014559117	0.9699252	0.00051797725362683	0.0003536996	1.246194e-05	0.001702748	57.41838	40	1	185	low_RFR_response
0.983579324311	0.989516	0.9315231	0.9999442	0.919000402269	0.9385812	0.715459205	0.9997495	0.919637940624	0.9334226	0.76087897	0.9926489	0.67672027855	0.6619995	0.4050125	0.9433883	0.0001856942779267	0.0001789401	6.829417e-05	0.0003219349	21.05639	21	8	35	low_RFR
0.454096002255526	0.4579872	0.048185709	0.8409603	0.280024824043757	0.27000445	0.0201591975	0.6106788375	0.709908775620917	0.78716745	0.09206111	0.9927096	0.49259077623571	0.515603	0.000457494912500003	0.9748844	0.00010957658192265	5.932908e-05	1.059372e-05	0.00047104621	12.36458	7	1	53	resid
0.74670228964222	0.7843054	0.33804632	0.9476065	0.609250625943185	0.6301179	0.2210388775	0.880314915	0.587184239240273	0.6259515	0.0497598085	0.98015965	0.350677860788848	0.30213675	0.000719499222500003	0.926086205	0.00034236814918553	0.0002631385	1.2735422e-05	0.001293158375	38.08675	30	1	145	slope
0.488178689621539	0.4725729	0.0273240925	0.99239424	0.367703354945858	0.30971525	0.01145005225	0.9819399975	0.533983037830217	0.55506725	0.0306669665	0.9742474125	0.307126145061108	0.220584	0	0.920795837499999	2.975094440123e-05	1.2332035e-05	1.376338725e-06	0.0001130619	24.41316	10	0	93	AA_NH4_fed
0.319068786292044	0.2615508	0.010347937	0.909968455	0.188980137943125	0.1268981	0.004173190775	0.7714268	0.603048766869977	0.6557528	0.04175142975	0.9880570125	0.379639458591967	0.3182271	0	0.960991165	4.268426407107e-05	2.253706e-05	1.44101325e-06	0.000175911935	35.16484	18	0	147	AA_NO3_fed
0.476013991975706	0.45329045	0.018140346	0.9934384275	0.338267553813254	0.2487522	0.007342678925	0.9822935525	0.584502594263675	0.6289895	0.036440678	0.9869878	0.403555287753494	0.3523911	0	0.965561325	0.00011107502076959	5.1580595e-05	1.438543125e-06	0.0003600845625	91.96924	43	0	292	GDH_animating_NH4_fed
0.466665666119506	0.43598505	0.01800725175	0.99243087	0.334638826631645	0.24463065	0.006927129375	0.9807296425	0.519446711904003	0.5291921	0.028100264	0.9785276125	0.300058959374714	0.21176375	0	0.9301193275	2.694595397148e-05	1.345309e-05	1.4061507e-06	0.0001035896625	22.11052	11	0	85	GDH_animating_NO3_fed
0.361108541760392	0.299144	0.011129025	0.9496783775	0.225230556777921	0.1392354	0.004008772	0.88609623	0.601197994259316	0.65124025	0.04174995	0.987893195	0.385117181594892	0.31974705	0	0.96378017	2.336739054607e-05	1.088745e-05	1.360173375e-06	0.000134916722499999	19.10321	9	0	114	GDH_deaminating_NH4_fed
0.540613620589925	0.5538027	0.02654946425	0.995877	0.409866038021662	0.34930605	0.010306735	0.9900981575	0.544833864146584	0.56709035	0.03423633	0.979908295	0.33575522335406	0.26198275	0	0.9437554875	1.966286174074e-05	1.0671955e-05	1.380229825e-06	8.040663575e-05	16.2029	9	0	65	GDH_deaminating_NO3_fed
0.496440705931553	0.48087955	0.0197606805	0.9948433	0.364464282462419	0.27514215	0.00796093012500001	0.9881431	0.560536996476707	0.5899962	0.03317956	0.984138405	0.368908234987436	0.2983318	0	0.9608397125	4.756278717751e-05	3.0170355e-05	1.39859735e-06	0.0001676486675	39.46527	25	0	137	GS_activity_NH4_fed
0.533175270428318	0.5352128	0.0270658385	0.9962571375	0.406216576084321	0.34163165	0.010601535	0.9909411175	0.554297921264413	0.5786079	0.03460290025	0.9831381	0.350968138672987	0.27408305	0	0.9590107	2.960410227949e-05	1.32073e-05	1.360182125e-06	0.0001576962175	24.5289	11	0	130	GS_activity_NO3_fed
0.616471899309944	0.67495885	0.03566910925	0.9989271	0.496262785831052	0.4715109	0.01521223875	0.9968389	0.592511174275075	0.6432867	0.04203523575	0.97928202	0.38143426668967	0.3611305	0	0.9345112225	3.473361719919e-05	1.0305765e-05	1.306572675e-06	0.0001627893325	28.68129	9	0	130	NH4_content_NH4_fed
0.360345294105245	0.30619725	0.01245226075	0.9385447	0.225164848234299	0.15226685	0.005005165125	0.8540178	0.581553003638742	0.6228088	0.0353519605	0.98745066	0.379868072176615	0.3165266	0.001602635	0.9651882125	8.9657735613e-05	3.04569e-05	1.8111537e-06	0.000359692905	74.21271	26	1	294	NH4_content_NO3_fed
0.605974268943451	0.65834455	0.03342472275	0.9988286425	0.489155115968928	0.4621162	0.01324968925	0.9972964	0.487405896038026	0.47858755	0.02457194875	0.97655848	0.284810422184017	0.19083075	0	0.9294591	4.346551777333e-05	1.3669775e-05	1.365703025e-06	0.0002621428125	35.85631	11	0	214	NR_activity_NH4_fed
0.602069506737379	0.6401105	0.04405977225	0.9984986	0.491328285468898	0.46674905	0.02011480975	0.9964257575	0.492474297123871	0.4920884	0.02508600875	0.96961739	0.294775899594917	0.215578	0.00238684365	0.911320899999999	0.00013270293842781	0.0001184904	1.8543059e-06	0.00031887729	109.88377	98	1	259	NR_activity_NO3_fed
0.682073964796517	0.75131125	0.07185486925	0.99880602	0.559508507217761	0.57355855	0.03101181575	0.9968754	0.579867660362542	0.6212461	0.042297544	0.976590615	0.319252956569804	0.2710301	1.98840340000012e-06	0.90133803	0.00013369797087035	3.902981e-05	5.21063e-06	0.00063719476	30.13915	9	1	141	root_hydraulic_conductivity
0.807850927409	0.8334204	0.53737382	0.93315503	0.497835760166	0.4960451	0.33530568	0.671115305	0.9473193936695	0.965747	0.7827034775	0.9985533	0.8046461634696	0.8247954	0.5029373825	0.990857	0.0010687474760702	0.001173856	0.0001465137	0.00208228192499999	59.9283	66	10	111	Delta_13C
0.962381730632	0.9671274	0.9111353	0.9877599	0.541491444925	0.5380216	0.3985171	0.6981056	0.992712110581	0.9949579	0.9724854	0.9999263	0.852407830318	0.878284	0.5996265	0.996723145	0.000486820782014	0.0004435356	0.0002418967	0.0007877658	20.41317	20	13	31	leafsize
0.383686482015781	0.37040195	0.05789413025	0.7725227175	0.225103591917272	0.2194142	0.022922989	0.4658188	0.50729473277339	0.51895975	0.02787258425	0.958506375	0.100221913087495	0.043598295	0	0.5509139575	0.0018909708180187	0.00070628675	3.251607075e-05	0.007515825075	70.14987	26	0	278	stomata_density
0.424870680509878	0.41221225	0.06855406125	0.812066655	0.197446882353003	0.19153295	0.02762736275	0.3995687325	0.661244362129969	0.73826205	0.0581039455	0.9904000875	0.262240181235296	0.1720909	0.000672773267500001	0.89649437	0.002966348174691	0.001713468	3.7561127e-05	0.0079459873	110.77924	63	1	291	stomatasize
0.427686376752906	0.3846464	0.0162487665	0.98525373	0.291965850788121	0.20672585	0.00648770435	0.9650210975	0.579248877182793	0.61665845	0.03995464375	0.9859799	0.36327651543529	0.29851005	0	0.96186603	2.946377305923e-05	1.7111315e-05	1.403898e-06	0.0001028536	24.14139	14	0	83	Cotyledon_area
0.401355462451869	0.34571025	0.01259668575	0.980545695	0.262720506295987	0.16871025	0.00501734425	0.948996735	0.567935710444452	0.60211625	0.03443985725	0.9859778225	0.354060335756298	0.2823597	0	0.9560546125	3.918667149772e-05	1.833673e-05	1.3725528e-06	0.000175019005	32.02726	15	0	144	First_leaf_area
0.546718081440814	0.55774955	0.025443514	0.9976865025	0.42155044662441	0.3468022	0.01045698925	0.9943181925	0.514700323787977	0.5201143	0.026314355	0.9785477425	0.316905147611078	0.2346965	0.000197600245	0.9370422975	3.195953418206e-05	2.1136455e-05	1.537264e-06	0.00011307644	26.13006	17	1	93	LA_vs_CA
0.42397117561258	0.408578	0.02752382325	0.889849945	0.29934770429096	0.26420715	0.0126746055	0.758090617499999	0.538662886964886	0.5587123	0.03315324225	0.9756799525	0.303291697556942	0.2232858	0	0.9227092225	9.920176795078e-05	4.5720425e-05	2.119458e-06	0.00038987552	54.535	26	0	216	Pavement_cell_density_in_cotyledon
0.329943523207832	0.2868175	0.011638194	0.8400435	0.198364749633699	0.14617405	0.004702388425	0.653064135	0.55494676356188	0.58180035	0.033607867	0.983236215	0.312221268823829	0.2293897	0	0.939602335	5.804610629721e-05	1.840342e-05	2.014964725e-06	0.00024618094	31.85775	10	0	132	Pavement_cell_density_in_first_leaf
0.204956308752673	0.16449355	0.006773095525	0.60275301	0.113928429846995	0.08704814	0.0034081224	0.365434265	0.583376358889027	0.6240465	0.0381009035	0.9854840775	0.388776147044671	0.33507765	0.01132564725	0.9555582325	0.0004082083991369	0.00042738775	0.000174871925	0.0005621737575	224.04062	236	98	296	PDL_vs_PDC
0.223452265789507	0.1825476	0.0079832612	0.6489323	0.114410034175909	0.08726233	0.003044171575	0.3659703025	0.578197951958937	0.61632675	0.03790864075	0.9854493225	0.296654906201411	0.20266875	0	0.93630356	2.263145346249e-05	1.2062015e-05	1.992973725e-06	0.0001005441775	12.12194	6	0	56	SDL_vs_SDC
0.234036777994112	0.1905308	0.0071203513	0.6721981075	0.128630697739412	0.094825815	0.00332262585	0.4308911525	0.568471840985168	0.6027555	0.0360169035	0.9856551425	0.365727511941167	0.30369725	0.0037560029	0.95196545	0.00021963701375044	0.00022565485	3.131607925e-06	0.0005109557125	120.47327	125	1	276	SIL_vs_SIC
0.485959028838798	0.48125085	0.02937353675	0.94074415	0.343606739581573	0.3075061	0.01359196625	0.8223818	0.588719629277426	0.6370722	0.038205714	0.98164071	0.355321846852686	0.29967115	0	0.9303194275	3.721027934765e-05	2.052727e-05	1.997762e-06	0.0001460365325	20.37053	11	0	79	Stomatal_density_in_cotyledon
0.353338303189095	0.32172575	0.01616161175	0.8296544575	0.221863960360125	0.17776315	0.00616555545	0.6554969825	0.554527342320181	0.58275135	0.0316892955	0.982430635	0.304517656636402	0.20894425	0	0.9390972325	2.850310553264e-05	1.0764985e-05	1.990636725e-06	0.00019451816	15.49517	6	0	103	Stomatal_density_in_first_leaf
0.556827098676909	0.57392885	0.0315411085	0.9963721	0.435286055818546	0.3815828	0.01292144	0.9912684025	0.570642715777882	0.607451	0.03820497225	0.98151718	0.357578594825721	0.30353415	0	0.9431410475	2.569159953816e-05	1.097406e-05	1.9461786e-06	0.0001176331125	14.14365	6	0	63	Stomatal_index_in_cotyledon
0.473911581641107	0.4784299	0.03567289475	0.89869942	0.344714878683582	0.32446965	0.015890337	0.77979998	0.521858571144656	0.53645235	0.02930508075	0.9732100375	0.298217372534007	0.2184517	0	0.917342004999999	6.672893746078e-05	3.1507285e-05	2.094428875e-06	0.0003039903725	36.60609	17	0	167	Stomatal_index_in_first_leaf
0.822662222452654	0.8938494	0.2574552775	0.9965064	0.803063539931861	0.8755687	0.1694437475	0.99600696	0.696335550450593	0.76222365	0.08885286	0.9923742175	0.647630027588154	0.74333705	0.00460643645	0.9912965275	1.659621624603e-05	8.6102725e-06	2.503677675e-06	8.21139255e-05	7.70281	5	1	35	avrB
0.940900380458	0.97338625	0.7028851	0.9992251	0.962991028523	0.981583	0.8278388175	0.9991992025	0.8136543404601	0.85572925	0.4251692	0.994506665	0.873682076888	0.90368735	0.6025821625	0.997183485	7.77715511976e-06	6.248236e-06	2.508508e-06	1.941266e-05	4.02528	4	1	9	avrPph3
0.774893189626875	0.8774519	0.11968828	0.9985007	0.728317767655354	0.8342893	0.068300612	0.9982093025	0.525803915629279	0.54281385	0.0295676305	0.9773749975	0.375935591086628	0.3029352	0.001693046125	0.9641028325	0.00015720497786451	5.029136e-05	2.493109e-06	0.0006337813	73.48236	25	1	291	avrRpm1
0.897780777714303	0.95490345	0.4811983325	0.9997263	0.886265779080428	0.9454958	0.46717876	0.999300015	0.795290737803185	0.84676055	0.3011156	0.9929335	0.767285053384692	0.8202032	0.1716002975	0.99269102	1.382077859766e-05	7.31827e-06	2.547948e-06	5.136911e-05	6.58181	4	1	22	avrRpt2
0.997075486864	0.9981283	0.9905058	0.9992229	0.996314123606	0.9971384	0.988091	0.9987524	0.992981420678	0.9951778	0.9704304	0.999439	0.990921218973	0.9953923	0.9534786	0.9992036	0.000288328719973	0.0002822323	0.0002490965	0.0003328773	94.85348	95	86	103	FT
0.7098362984184	0.7349805	0.38123079	0.898920415	0.5383981369193	0.5499379	0.2688642025	0.7466226	0.779720325227229	0.8594867	0.1699319925	0.9962601425	0.629816534700067	0.6907675	0.03221314375	0.9888200525	0.00070609633419245	0.00069376325	3.4250095e-05	0.00164356	78.76702	79	4	181	1_FT_Diameter_Field
0.263661624151413	0.22674235	0.009528645775	0.7037768375	0.139881457208228	0.10807585	0.003463835775	0.4437723975	0.599407196773228	0.64826405	0.04268989	0.987641685	0.283938734130908	0.1822785	0	0.9327947675	0.00013321698819902	5.705559e-05	9.185449125e-06	0.0005949791075	15.48419	7	0	69	10_Bs
0.988805020338	0.989515	0.9797195	0.9963628	0.97226596144	0.9718311	0.9544726	0.9837005	0.997659071514	0.9985125	0.9907725	0.9998579	0.994821158932	0.9970738	0.9810854	0.9994849	0.000170555514248	0.0001597544	0.0001336337	0.000227049	23.6769	22	18	33	100_4W
0.486940707805049	0.4997431	0.098654998	0.8121946	0.369078217768813	0.3751383	0.05711760875	0.6557003	0.718479029761215	0.79898065	0.09606509	0.9938384	0.627679982787228	0.70792335	0.0171996985	0.98988833	0.00013311300634234	4.981053e-05	3.269477175e-06	0.0005673913	51.9121	20	1	217	101_Li7
0.990680009314	0.9915669	0.976837	0.9965329	0.975149200515	0.9761019	0.950992	0.9891586	0.995773951011	0.9975833	0.9807997	0.9999857	0.988844844171	0.9915566	0.9513617	0.9999511	0.001194576464024	0.001210813	0.0008686527	0.001417583	109.32741	110	97	122	102_FT22
0.798535603124683	0.8332506	0.4028958	0.9566002675	0.471820983383259	0.4815614	0.2067964475	0.6675074	0.938466407152735	0.9708486	0.6707961	0.9990007	0.794919942489376	0.8366931	0.3080234225	0.9915378	5.295412276943e-05	3.298536e-05	9.843984e-06	0.000395054605	7.13406	5	2	46	103_As2
0.984445840056	0.9854965	0.9695519	0.9940953	0.925026658049	0.924556	0.8810063	0.9562744	0.994020975125	0.995443	0.9812822	0.9997163	0.97110883825	0.9757065	0.9161554	0.99805	0.000189044767406	0.0001845004	0.0001306825	0.0002695283	25.97988	26	18	34	104_SDV
0.882488023301	0.913153	0.5952144075	0.9929702	0.8235481619988	0.8556084	0.483197585	0.9878002	0.711829831349857	0.77558375	0.13363473	0.990715	0.613904796188879	0.6577747	0.0554407945	0.9836478925	0.00017411351220849	0.00016658815	2.885773375e-05	0.000399648177499999	68.05507	66	12	150	105_Mg25
0.9193239801	0.9376422	0.7469523	0.9857593	0.925035081622	0.9317802	0.833776315	0.9772263	0.92563853397	0.9543243	0.694307895	0.9986033	0.944351443461	0.959347	0.8146452375	0.9985323	1.945586426917e-05	1.8052045e-05	4.159169e-06	4.755044e-05	9.32782	8	3	21	106_Secondary_Dormancy
0.455355816639244	0.4631707	0.02018042	0.89721255	0.247442330643569	0.2264395	0.008608499275	0.6087977	0.675486986157822	0.7602147	0.058458424	0.99146165	0.370127911006572	0.3299412	0.0008245702775	0.938580535	0.00022959623685973	6.009594e-05	9.194194275e-06	0.001382711475	27.13354	7	1	161	107_As
0.987035468865	0.9889512	0.963891	0.9965956	0.972524068217	0.9758481	0.9334877	0.987717	0.991834656261	0.9942628	0.9697198	0.9993899	0.984017916265	0.9884045	0.9418622	0.998575	0.000783284195368	0.0007520656	0.0006417296	0.001039456	93.02325	91	79	120	11_2W
0.527408829565717	0.54646875	0.0993200025	0.8615576	0.380951140767993	0.38542125	0.049596619	0.701245055	0.552886857477787	0.574832	0.03475319275	0.98342492	0.311982429960148	0.21661805	0	0.946535815	0.00024624323704316	0.0001326819	9.776743925e-06	0.00111843915	30.32214	17	0	138	12_Rosette_Erect_22
0.690416802385893	0.76567935	0.09637481125	0.9612056	0.582784294047251	0.6386143	0.0493194085	0.920105	0.544749861180001	0.56184345	0.03453630925	0.9847691	0.395187114693621	0.3470962	0	0.9662711	0.00011238115262744	5.5713735e-05	3.18369145e-06	0.00049358787	43.83823	22	0	191	13_Cd114
0.81257922543128	0.8499808	0.441246105	0.9620747175	0.724154058245045	0.76174	0.3079088025	0.921844545	0.426131948974758	0.41149285	0.02266190125	0.909552005	0.186159895528434	0.1213752	4.30461357500016e-07	0.702563035	0.00018094714260223	0.000112895	9.377817e-06	0.0007823858	25.07837	16	1	108	14_Width_16
0.978076751513	0.9856056	0.914769	0.9967763	0.957939756119	0.966774	0.8787555	0.9912585	0.961000270484	0.9843512	0.7790946	0.9996452	0.9422138263164	0.9694221	0.735143	0.9984795	7.6524922976e-05	4.820745e-05	2.394365e-05	0.0002055618	28.25794	19	8	73	15_Storage_28_days
0.9352011414808	0.9739079	0.6428351175	0.9996727	0.9188292218586	0.96437045	0.583717265	0.9994233	0.526784595157526	0.5372011	0.03556337775	0.9677173825	0.367159801697075	0.3088229	1.408446175e-05	0.9555732325	8.747609903395e-05	4.000991e-05	3.198804e-06	0.0002751148	31.99023	16	1	104	16_LY
0.730482928532328	0.8326442	0.08209559675	0.9976305	0.676316857066007	0.7745476	0.04156056625	0.9964502125	0.513806616815786	0.52796295	0.028777184	0.9673926875	0.343531559361994	0.25893805	0	0.9512561475	4.973507284674e-05	1.848304e-05	2.559278975e-06	0.0002261526	22.28474	8	0	100	17_avrRpm1
0.917627814337	0.93161475	0.76842683	0.9868757	0.864589653444	0.8839658	0.6529924225	0.96270818	0.487402865472606	0.4888289	0.025388361	0.949566035	0.200584966395621	0.13903285	0.000624411	0.722199002499997	0.00028382104789252	0.00010598685	9.05612705e-06	0.001203406	34.88254	13	1	147	18_Width_10
0.829633028444051	0.8929482	0.3052064975	0.9966007	0.764661122129708	0.833135	0.187785825	0.9945286525	0.470149282350157	0.4634164	0.02446243325	0.95611372	0.231985201661546	0.1485064	0.002381684725	0.843814545000001	0.000954866588081932	0.0008673698	1.6212852e-05	0.0023886248	117.253305084746	108	2	293	19_Chlorosis_22
0.377057667274964	0.37281545	0.0313996085	0.766508139999999	0.249736796432898	0.2347828	0.01414551575	0.574115915	0.494332324723162	0.495168	0.02728121325	0.96595382	0.197634005351642	0.11137915	0	0.826010427499999	0.0002101071512235	0.0001116491	9.6368775e-06	0.0007899104925	24.63718	13	0	94	2_At2_CFU2
0.970462883153	0.9780843	0.9036174	0.9966765	0.951838375737	0.9602974	0.86020888	0.9935247	0.9492717048932	0.9843846	0.6825165	0.9997549	0.92981814735527	0.9753155	0.5693052	0.9992969	0.00032168962742	0.0002549056	0.0001502079	0.0006506173	118.32712	98	54	235	20_Storage_7_days
0.280558259381941	0.25259245	0.01337823775	0.699129944999999	0.158547033219847	0.13503845	0.0061967917	0.4370822625	0.59374835955083	0.63986845	0.041041777	0.987191055	0.331058377502307	0.25351755	0.000893056105000001	0.9410107	0.00081317558824635	0.0007717221	1.215522775e-05	0.002263409225	95.63679	91	1	266	21_As2_CFU2
0.72663837889055	0.76794035	0.28574009	0.94343372	0.610987111039854	0.63806415	0.1912241425	0.87862891	0.655301177169002	0.7298972	0.0557519775	0.991074825	0.536843306149338	0.5710384	0.017953127	0.98116911	0.00029417573088739	0.0002199035	3.80626445e-06	0.000752803225	114.23773	86	2	287	22_Co59
0.723354517724814	0.76932265	0.2556752	0.950398	0.612627053053455	0.6463477	0.173197975	0.8843706075	0.627679941211056	0.68300885	0.058059557	0.9872023	0.491721990449546	0.50268195	0.00425706735	0.9760451375	6.110747467999e-05	4.7779985e-05	3.34086835e-06	0.0001928456775	23.22115	18	1	73	23_FW
0.438404498861848	0.43273865	0.02787254025	0.89084071	0.330659783095592	0.30023415	0.0146476645	0.7974980575	0.468499443970183	0.45659455	0.0219267705	0.965576255	0.276967958138402	0.19778565	0	0.9002163825	0.00022169239550777	0.0001603578	3.23549585e-06	0.0007015944325	85.4008	63	0	268	24_Cu65
0.75901923923248	0.7999317	0.3579321	0.9531624	0.687874024096286	0.71237565	0.34677888	0.9105137625	0.730805073270744	0.79449975	0.16144946	0.9930217	0.67915970128137	0.7419453	0.05397272	0.9890074	9.614854598556e-05	3.727765e-05	3.17251225e-06	0.000455659144999999	36.61179	16	1	172.024999999994	25_Bacterial_titer
0.745297944807881	0.7810132	0.3403837925	0.93709255	0.639272398536197	0.6739554	0.220214675	0.860516515	0.409778637933197	0.3850011	0.01787126425	0.917560482499999	0.160506059176497	0.08496184	0	0.720260869999999	0.00015179577407166	7.8517905e-05	9.08117865e-06	0.0005811779	18.62833	10	0	71	26_Width_22
0.979330829865	0.9903244	0.8886428	0.9996787	0.968212383541	0.9828456	0.8446115	0.9992977	0.718895982150052	0.7808488	0.1735908	0.9715615	0.61066363610896	0.6631389	0.06153627	0.9228699	8.859409876191e-05	6.726164e-05	1.077524e-05	0.0002060042	34.2221	26	4	79	27_Storage_56_days
0.90722063086218	0.9597736	0.53094381	0.9981451	0.8815836751646	0.9433135	0.4497433675	0.997350005	0.543123658861007	0.5647071	0.02833676375	0.9784588825	0.400028426731299	0.3443121	0.000669904765000001	0.9682172375	6.928342764876e-05	2.150488e-05	2.960694575e-06	0.0002816470675	26.28521	9	1	103	28_YEL
0.973680023702	0.9803284	0.9144461	0.9988854	0.914297498112	0.9247303	0.7823854	0.9962084	0.908233501436	0.9328638	0.6870569	0.9922032	0.724756612129	0.7171033	0.4732039	0.9616312	5.78108792165e-05	4.348066e-05	1.184307e-05	0.0001533847	8.51265	8	3	19	29_FLC
0.586046051290705	0.6108445	0.1188247925	0.9296883	0.42397349571544	0.4203824	0.06531929675	0.7989098175	0.593356394345297	0.6395999	0.04241732525	0.9859189	0.330342588374937	0.2591768	2.44826172500001e-05	0.9308459	0.00024044510085174	0.0001273999	9.058236575e-06	0.000977967262499999	33.40803	18	1	136	3_Leaf_serr_16
0.982816581359	0.984763	0.9619158	0.9925352	0.947887313509	0.9481714	0.9138089	0.9723127	0.993126405471	0.9950352	0.9715396	0.9999151	0.980601820805	0.9841471	0.9427798	0.9994321	0.000477968444633	0.000441718	0.0002992165	0.0008414368	44.9093	38	26	81	30_FT16
0.928528610205	0.9383683	0.8244501	0.977164	0.842959208022	0.8470582	0.7466372	0.9163319	0.961245714467	0.9757584	0.8340981	0.9987829	0.916699471758	0.9298232	0.7593188	0.9968784	0.0002274675325483	0.0002203884	7.554572175e-05	0.0004100917	22.09806	22	9	36	31_FT10
0.621739126884676	0.6724413	0.09179677975	0.919132514999999	0.441353481572569	0.471206	0.04296167325	0.7270634	0.794508133202187	0.88662875	0.1454935025	0.99735772	0.642872521815739	0.7325916	0.00862300455	0.9922963	0.00010061366633235	4.85197e-05	7.356495725e-06	0.0004584943	17.77511	9	1	75	32_FT_Duration_GH
0.521725427374151	0.54604055	0.04307152075	0.9122150825	0.39737637194401	0.3900709	0.02122609225	0.830053945	0.562015375543926	0.59088285	0.0361827695	0.9839196275	0.402158845168057	0.355374	0.0001073823275	0.9651540525	0.00012363961417348	4.664986e-05	3.286298875e-06	0.0005365839625	47.97443	18	1	206	33_Se82
0.92162597984	0.9307809	0.8079286	0.9772193	0.855951666628	0.8605063	0.7659225	0.92464264	0.978208423554	0.9884232	0.885788815	0.9998726	0.962176386121	0.9746016	0.8377067	0.9995974	0.0002427377118747	0.0002151568	5.781124e-05	0.0004920973	28.98007	27	8	50	34_LDV
0.55623548222576	0.5785561	0.035557422	0.9907831	0.475081271476329	0.45736885	0.0179449245	0.986577515	0.481792318862652	0.4721482	0.024106943	0.970722795	0.28695787476967	0.19314065	0	0.9298662725	0.00014737350625997	7.194645e-05	3.175042475e-06	0.000620904752499999	54.10795	27	0	229	35_Noco2
0.921734316028	0.9386452	0.76891998	0.9790132	0.720798043208	0.7257663	0.5830534	0.8254477	0.990814101663	0.9949562	0.9537949	0.9999029	0.962014635535	0.9754343	0.8486103	0.9994708	0.000143899310176	7.656959e-05	3.18059e-05	0.0005533882	19.07479	11	4	68	36_8W_GH_LN
0.985120413857	0.9869447	0.9644799	0.9961643	0.928736919186	0.9306994	0.8700336	0.9717786	0.991600700956	0.9944193	0.9668781	0.9996842	0.964228090793	0.9712271	0.8929795	0.9980361	0.0001130425140102	0.0001134887	8.488608e-05	0.0001518724	15.09278	16	8	21	37_0W
0.9094910703169	0.935528	0.67690485	0.9863579	0.80986339839458	0.8388321	0.5055600275	0.9529983	0.8373684918743	0.8899397	0.4142711	0.9948826	0.690331138436345	0.72409055	0.2477507425	0.981565	7.723203029488e-05	6.725792e-05	8.468922e-06	0.0002620978	14.14551	13	2	40	38_MT_GH
0.221046987726783	0.174708	0.006378281425	0.6676751825	0.128192088222808	0.09121496	0.003114153	0.451206259999999	0.586220517554986	0.62827835	0.04029774775	0.9870188775	0.38748887483204	0.33520905	0.001561593	0.95805585	0.00033253708223806	0.000309895	3.8531832e-06	0.0007876146275	122.25457	116	1	285	39_After_Vern_Growth
0.99849268126	0.9994777	0.9918153	0.9999542	0.995686984898	0.9979349	0.9735816	0.9998531	0.968024868658	0.9720468	0.9302398	0.9859832	0.910541037172	0.9174991	0.8237461	0.9545572	2.29581468774e-05	2.262479e-05	1.939134e-05	2.808374e-05	11.74439	12	9	17	4_Seed_bank_133_91
0.468291069679497	0.46445835	0.114385335	0.8437126725	0.402391236619182	0.3962492	0.1008959275	0.73607167	0.443091830138836	0.4341539	0.02240408275	0.9203583175	0.177118529096505	0.1104461	0	0.696908222499999	7.030884689308e-05	2.2441715e-05	2.82643015e-06	0.000331223105	27.17176	9	0	127	40_Aphid_number
0.985981291226	0.987349	0.9740234	0.993817	0.91244687271	0.9151068	0.889155	0.9405976	0.997623174474	0.9983595	0.9915361	0.9995709	0.987053788663	0.9905192	0.9610538	0.9986707	0.000149481644668	0.0001460628	0.0001254086	0.0001946038	16.75912	17	13	21	41_LN22
0.548633283103123	0.5689415	0.1312354825	0.8620968	0.405466795719977	0.4147554	0.0701937305	0.70066257	0.504547426204361	0.51187235	0.0289823	0.96567627	0.250064346041533	0.1735487	0.000326146555000001	0.866934487499999	0.000417292667589	0.0002968977	1.076701575e-05	0.0013254419	49.168	34	1	154	42_Bs_CFU2
0.887575960000388	0.9457533	0.4617009325	0.9990884	0.882272069822886	0.93900365	0.46857416	0.9983517025	0.791412532674153	0.8477832	0.3068636	0.9930338525	0.783216292411435	0.84460645	0.188713725	0.9920485	1.308788944383e-05	6.851831e-06	2.7849529e-06	7.544519e-05	5.64478	4	1	26	43_avrRpt2
0.898363942367567	0.9633699	0.4413279	0.9999947	0.859853591610869	0.9386143	0.3526825575	0.9999888	0.429327115276926	0.4095262	0.02251840625	0.9416137025	0.277952486691578	0.2004512	0	0.902250365	3.510704368474e-05	2.1059245e-05	2.82299765e-06	0.000149231775	14.17539	9	0	59	44_Hypocotyl_length
0.974987423671	0.9744255	0.9521754	0.9877561	0.924351336885	0.927205	0.8766726	0.9410854	0.999227730567	0.9993611	0.9974435	0.9999439	0.997747994338	0.9982553	0.9930359	0.9998033	5.03025719707e-05	4.992418e-05	4.736452e-05	5.875841e-05	17.05255	17	14	19	45_Germ_22
0.371418858805479	0.3347891	0.01527560975	0.889351335	0.254246013404908	0.19123655	0.006078742375	0.7943917975	0.53232254761755	0.5481974	0.02916678	0.9814084775	0.235534962392947	0.13331705	0	0.8990842575	0.00028373486568629	9.125196e-05	9.21607325e-06	0.0015475877	34.65214	11	0	188	46_Leaf_roll_22
0.999224434406	0.9998974	0.9950528	0.9999981	0.996965040373	0.9994393	0.9808341	0.999993	0.970407690865	0.9717389	0.9246257	0.9885188	0.860634194484	0.8486146	0.8092719	0.9347886	0.00019597528257	0.0001964957	0.0001598645	0.0002412389	26.66563	27	23	32	47_SD
0.95916670902	0.9651458	0.895752	0.9852796	0.873538777662	0.8824856	0.7640649	0.9323142	0.994991417275	0.9968883	0.9785212	0.9999422	0.983555848943	0.9893224	0.9338888	0.9998277	0.0001394995509935	0.0001281522	7.437523e-05	0.0002175116	18.24111	18	11	26	48_8W
0.991735607041	0.9962672	0.9589741	0.9994638	0.979305038928	0.9888247	0.9093855	0.9980628	0.988451964519	0.9923275	0.9569583	0.9988744	0.971546898343	0.9771904	0.907814	0.9965873	0.00115685397719	0.001126954	0.00101926	0.001436078	136.195	129	120	162	49_FT_GH
0.591280413515973	0.6353417	0.065855313	0.942080375	0.458799326247826	0.4631431	0.038376854	0.853203055	0.699254359400524	0.7798499	0.078863181	0.9949346	0.57418522480942	0.6105058	0.03184197725	0.9875615	0.00047757869794956	0.00049789385	1.540453975e-05	0.00080639747	184.96842	191	6	299	5_Na23
0.997160282324	0.9992597	0.9799164	0.9999946	0.993356630694	0.9977933	0.9592438	0.9999718	0.894065300198	0.9181617	0.6558063	0.9729769	0.755200511059	0.7908596	0.4734232	0.9049419	2.392687795206e-05	2.776415e-05	8.330436e-06	3.620992e-05	9.57651	10	3	15	50_DSDS50
0.734016924674131	0.7925115	0.22278052	0.9674069275	0.640024758258707	0.6810725	0.1506768225	0.935304225	0.573079516356071	0.60831505	0.042265094	0.9801776	0.430207916697066	0.41724195	0	0.9585259675	0.00012751940422623	4.0037685e-05	2.98520175e-06	0.0004660473725	49.83445	17	0	179	51_Ca43
0.9515565262896	0.9673518	0.8125339125	0.9925528	0.8839218447509	0.8960819	0.7176942	0.9580097	0.89808987784149	0.9548336	0.4985762	0.9973362	0.784961054068803	0.8327485	0.3275968075	0.9878412	5.538874878429e-05	6.133179e-05	9.636371e-06	9.616248e-05	12.32544	13	3	20	52_LC_Duration_GH
0.977626669771	0.9807722	0.9532694	0.9890368	0.953366109579	0.9562254	0.9237993	0.9698719	0.994811579381	0.996968	0.9762315	0.9998956	0.989192553417	0.9937743	0.9525383	0.9996311	0.000360463515998	0.0003685758	0.0002554632	0.0004401795	54.87849	52	41	68	53_0W_GH_FT
0.6288126542552	0.6457621	0.2930158	0.8771645	0.5668139187848	0.5760119	0.2780147525	0.79988232	0.5524226513504	0.5845131	0.04402666075	0.952304125	0.350237706703999	0.3259615	0.003038753075	0.874090475	7.93864407229e-05	4.2686815e-05	3.238978875e-06	0.00033455515	30.74988	17	1	129	54_B11
0.369449424162601	0.3290174	0.0134224145	0.90071434	0.250780842247098	0.1855006	0.0056770696	0.8010565025	0.561443597786713	0.5906258	0.0351466715	0.9841964025	0.280848659688956	0.18754455	0	0.922838505	0.000681216343168423	0.0002553579	9.633043725e-06	0.002385046325	83.4591025641026	31	0	290	55_Chlorosis_10
0.849883818622969	0.8793559	0.5762269	0.9704378	0.643885092558444	0.65491425	0.3989425	0.8204679	0.90145481815114	0.9494224	0.5235176	0.9987423	0.764970193506674	0.8220733	0.2329596	0.9928689	3.673841270195e-05	3.132148e-05	6.974258725e-06	8.86249207499998e-05	7.49938	7	2	17	56_RP_GH
0.394631553637154	0.36723405	0.017198367	0.897548305	0.289527166793979	0.2309984	0.007553619525	0.837862537499999	0.496742610208609	0.4951109	0.024592362	0.9746820775	0.217040669735307	0.1216201	0	0.87346421	0.00049044313016829	0.00019902595	8.437945875e-06	0.002019504275	67.25961	27	0	277	57_Chlorosis_16
0.962963794171	0.9757221	0.8558086	0.9953367	0.9177070734	0.9302815	0.7826233	0.9780209	0.8573279731878	0.8966095	0.5256064025	0.9804885	0.6821909170496	0.6905228	0.4185874	0.9150905	5.849064667199e-05	5.987417e-05	8.054251e-06	0.000130664429999999	11.16954	11	2	24	58_LFS_GH
0.467065317839082	0.4808614	0.039500802	0.856899315	0.341140277273107	0.3279513	0.01740855325	0.738069085	0.484074925177968	0.47776675	0.025037487	0.96827276	0.228363245768918	0.12249435	0	0.891578135	0.00015250671941032	8.9570535e-05	9.326925475e-06	0.000593523842499999	18.48151	11	0	71	59_Germ_10
0.75271401607617	0.7793534	0.425617235	0.9333015	0.65399820232135	0.6752938	0.3240062675	0.8669440175	0.450295287364256	0.4415644	0.02479940675	0.9271821975	0.204577919103542	0.1283059	0	0.770843375	0.00027260433022248	0.0001346181	9.87512325e-06	0.001329038625	33.7394	17	0	167	6_Leaf_serr_10
0.986760418284	0.9871731	0.9659025	0.9972643	0.914361804998	0.9437556	0.806729	0.9613424	0.999063597471	0.999678	0.9950885	0.9999896	0.994715496066	0.9975521	0.9753684	0.9999014	8.41801596201e-05	8.253345e-05	7.008841e-05	0.0001010207	18.94521	20	13	22	60_Germ_16
0.720591695268143	0.83070805	0.06448184825	0.9977151	0.6463763776043	0.7388512	0.027994539	0.995838905	0.465937699734655	0.4563892	0.020354214	0.9638481125	0.216678396130165	0.11207675	0	0.87749136	0.00027897078719363	6.22309e-05	7.8401842e-06	0.001765855	38.19255	8	0	246	61_Anthocyanin_16
0.654040167112064	0.7056952	0.08731444675	0.9926026	0.550956582568929	0.55994915	0.04657391975	0.9862554525	0.534041146474541	0.54865265	0.02827525225	0.9818043275	0.288306987534095	0.1891769	0.0011252655	0.9320095625	0.00065617298533149	0.0004717201	1.229464425e-05	0.002178118125	80.65083	58	1	267	62_Anthocyanin_10
0.297183572383634	0.27608465	0.01756842	0.696010095	0.180095700189193	0.15707695	0.007541168175	0.4756709125	0.531847095525734	0.54978815	0.031961841	0.976204125	0.235312703885289	0.14580195	0	0.8737472	0.00038008373260028	0.000163867	9.816751625e-06	0.00190956225	44.64974	19	0	226	63_At1_CFU2
0.451335942443385	0.4582629	0.03391885275	0.8610558175	0.323913359299879	0.3081963	0.017103557	0.7234764	0.604677549434067	0.6540033	0.04382547425	0.9878984	0.448750706940776	0.43091985	0.003760247625	0.9733625	7.204913364547e-05	5.267493e-05	3.657684425e-06	0.000263226077499999	27.86127	21	1	100	64_Ni60
0.597507291962986	0.6267117	0.158807045	0.8908935975	0.476191283024246	0.4872746	0.1004328225	0.7911469225	0.618019801706247	0.66807365	0.05576259475	0.9871648	0.492592056306486	0.50839045	0.00187467425000001	0.97621723	9.999241797071e-05	5.057708e-05	3.227488e-06	0.0004121808	39.01847	20	1	162	65_P31
0.714663510107945	0.78678505	0.1066192775	0.9956416	0.662122661107223	0.7314259	0.05980265875	0.9939778775	0.497767091364362	0.501572	0.02544054375	0.9706335875	0.335492156212766	0.2382693	0	0.95884088	0.00014690231036865	2.778452e-05	2.911895325e-06	0.000743577255	56.88982	11	0	285	66_Emwa1
0.304638572611259	0.2793061	0.01267798	0.7348414825	0.192281369322583	0.1617892	0.00659249	0.53845689	0.623346836704817	0.68172605	0.05046314625	0.989120705	0.462195212802422	0.44992305	0.00490524665	0.97163797	0.00026705876268352	0.00024847295	4.015911175e-06	0.000648926	103.38667	97	1	247	67_As75
0.80562639084035	0.8631252	0.364218	0.9860393	0.78739149741948	0.8175337	0.4768869	0.9643304	0.860845770564646	0.9233488	0.41520866	0.998731	0.878442764802462	0.9158918	0.5729631525	0.9982955	2.289032365963e-05	2.146404e-05	2.994234e-06	6.56447872499997e-05	10.46685	11	1	26	68_Germ_in_dark
0.639096356539944	0.6586251	0.2749196675	0.8982498775	0.458148045101311	0.4622666	0.20771661	0.67680217	0.867518227922804	0.9182193	0.4476781775	0.9975623	0.767447853529273	0.8162901	0.24329307	0.9924933375	9.414590618924e-05	6.900969e-05	1.137975e-05	0.0003172525875	11.68797	9	1	38	69_FRI
0.690198530168636	0.7762631	0.062473001	0.9946562	0.62235190955206	0.6914987	0.0318987155	0.992322705	0.48121373154703	0.4709867	0.02216951	0.9699350175	0.30493394278178	0.20808215	0	0.94154851	0.00013995214312897	4.024512e-05	2.77065055e-06	0.0006304945425	60.1213	19	0	269	7_Emco5
0.18885487800073	0.14728055	0.005835262	0.5884715	0.0908888576032765	0.069554925	0.002438129325	0.2910724125	0.604836990954032	0.6577293	0.042735436	0.98829705	0.314715614091049	0.2332629	0	0.9331414	0.00080947338256773	0.0006965695	1.023193175e-05	0.002238487	95.37109	81	0	266	70_As_CFU2
0.76561132064069	0.79523395	0.422657685	0.9518676525	0.72665001711191	0.74948285	0.4033787325	0.9241536625	0.463066667962073	0.4644347	0.02636375275	0.9198593	0.269890386505348	0.2223793	0	0.7894853	0.00011841912383815	3.004796e-05	3.22085345e-06	0.000440107387499999	43.92258	11	0	160	71_Trichome_avg_C
0.484111376477702	0.5118773	0.0249685505	0.8793566	0.334116722207402	0.33485575	0.01162919	0.7132287	0.770396999888106	0.85930985	0.1211880325	0.99588924	0.645275369298667	0.7371744	0.01449331275	0.9894802175	5.981604323583e-05	1.5045865e-05	3.0861598e-06	0.0003564833475	22.30799	6	1	129	72_Vern_Growth
0.94135315948172	0.9683613	0.727339865	0.9997862	0.89134404080502	0.9270424	0.5962963325	0.9995898	0.8190270530888	0.84168655	0.5403525	0.975002615	0.66335960255031	0.65966055	0.4545349	0.8874529	6.46959188778e-06	5.0752425e-06	2.66208e-06	1.75643555e-05	3.85846	4	1	8	73_Mo98
0.831607867921965	0.9242759	0.2055568675	0.9994837	0.806280503227378	0.90524975	0.1542417	0.9993962025	0.524337131168723	0.53427765	0.03375393	0.9788189975	0.426621433053185	0.3873911	0.005374099225	0.9717045675	0.00021859492745455	0.0001417434	4.586477775e-06	0.00069242351	79.90739	52	1	249	74_Hiks1
0.87520311927272	0.9282209	0.4556916325	0.9948735	0.80433620109262	0.8637624	0.3148115175	0.989673215	0.626405935665661	0.6935015	0.041448198	0.9933684	0.424956913219925	0.38712165	0.00266653145	0.9776052625	0.00060981882673597	0.0003484031	1.2102006e-05	0.002326944	75.28916	44	1	285	75_Anthocyanin_22
0.78560304552207	0.9363888	0.0635381	0.9998363	0.7155905862414	0.87708005	0.028764805	0.99965121	0.519188152250714	0.5265706	0.03366294175	0.9706744175	0.347855553493705	0.3012934	0	0.9200420275	0.00011003548846485	3.447479e-05	2.99452425e-06	0.0004713393	43.18541	14	0	179	76_Zn66
0.8727775637456	0.8987649	0.6151601075	0.9831845725	0.7967141933339	0.8163332	0.531617965	0.9539926	0.649932879271349	0.7282579	0.04739866	0.972000275	0.454350633886017	0.4946978	0.00248575365	0.911610852499999	3.087415399281e-05	9.244281e-06	2.84584105e-06	0.0002639007775	11.79842	4	1	103	77_Trichome_avg_JA
0.92986609601906	0.974663	0.5975776325	0.9998787	0.91409114995242	0.96576825	0.55045401	0.9998332	0.583590982629965	0.6231371	0.0639881	0.981003	0.472950848945828	0.4922198	0.00507452	0.9742691625	8.568425306859e-05	3.227333e-05	3.27692565e-06	0.00062881504	32.25873	12	1	231	78_LES
0.7846256608495	0.81770455	0.4350920175	0.956269975	0.7583094856897	0.78578495	0.4415633425	0.927935275	0.37107811985758	0.3415044	0.0152261	0.860522975	0.136685472321655	0.085359115	0	0.54255409	5.875730254158e-05	3.406112e-05	3.3391743e-06	0.0002985636575	21.83118	13	0	115	79_Silique_16
0.6255808833342	0.68135025	0.04049386775	0.9968104	0.524134306167691	0.51608265	0.01801567275	0.9934479075	0.538881342891823	0.5575333	0.03113580775	0.9792498625	0.288364075338697	0.19608505	4.07771135000003e-05	0.91938836	0.00047122658366211	0.0003022165	9.17806975e-06	0.0017510506	65.06481	42	1	244	8_Leaf_roll_16
0.685648921435343	0.77518585	0.05966416825	0.9979625	0.620489901293947	0.69044385	0.031723714	0.9969116275	0.476715668709326	0.46889755	0.02306537125	0.9673174	0.295983754846493	0.21018435	0.000192216402500001	0.92794153	0.00014668520864963	5.6798815e-05	2.773789e-06	0.000612391725	68.93852	26	1	287	80_Emoy
0.441208879254928	0.4374836	0.0193431895	0.89749793	0.313565329491954	0.27314375	0.008483301775	0.793903565	0.554715267249596	0.57981475	0.033278426	0.9844606675	0.356852075265472	0.28871275	0	0.95590427	4.568750343411e-05	2.117831e-05	2.94148515e-06	0.000207285835	17.65662	8	0	81	81_K39
0.952597976992	0.9596125	0.8868181	0.9869241	0.823966224055	0.8275004	0.7317275	0.8936606	0.993631851375	0.9963323	0.9699027	0.99977096	0.976997134072	0.9832314	0.9111239	0.9990297	3.87425158652e-05	3.730292e-05	2.459535e-05	5.732599e-05	8.95658	8	6	15	82_0W_GH_LN
0.883613732786377	0.9151093	0.5984676375	0.9811199	0.671178191242355	0.6940827	0.401740005	0.8360417	0.935493360763055	0.9640846	0.710917865	0.9992396	0.810106666702906	0.8324251	0.5035785625	0.9881735325	8.478787474161e-05	6.898595e-05	1.265733875e-05	0.0002066265	10.59854	10	3	22	83_At2
0.434313940791584	0.4161089	0.018379801	0.9084736925	0.268270716642168	0.2275291	0.008002102975	0.7195139	0.647855216616407	0.72079195	0.05505711	0.9910223	0.379315644680869	0.3288252	0.00016424556	0.950305995	0.00035410962591974	0.00011936175	1.038907025e-05	0.001831087925	41.97574	15	1	216	84_At1
0.963233552501	0.9728322	0.894700675	0.9908875	0.888885636138	0.9010867	0.765054	0.9658087	0.987833786575	0.9928031	0.9459146	0.999636	0.9627020277	0.9707832	0.8697789	0.9986351	0.000465502483299	0.0004065006	0.000304483	0.0007916281	56.92514	54	40	92	85_LN10
0.978803810741	0.9822715	0.94263387	0.9944513	0.954547273204	0.9603893	0.8891961	0.9862514	0.89209354332373	0.9102036	0.6858132	0.9908964	0.71781776452192	0.7310146	0.3835566	0.9772387	0.001233321760985	0.001336903	0.0003853467	0.001966924	138.55643	154	46	220	86_FT_Field
0.996991599931	0.9984802	0.9829124	0.9999754	0.990297667161	0.9949627	0.949347	0.9999059	0.945816982138	0.9549035	0.856505	0.9845698	0.852810079565	0.8619201	0.7300177	0.937895	0.00044352705543	0.0004278609	0.000372543	0.0005905219	61.05702	61	52	69	87_LN16
0.788460559641242	0.8889104	0.1278704525	0.9981888	0.753017519419881	0.8605437	0.071392962	0.9972589475	0.586418459751365	0.6329186	0.03915650575	0.9817	0.472678464955453	0.4857425	0.00048003735	0.97958967	3.948693049022e-05	1.354985e-05	2.635211e-06	0.0002019002675	16.37819	6	1	81	88_avrB
0.99828336307	0.9989053	0.9925045	0.9996618	0.991665173101	0.9945906	0.9698825	0.9984966	0.987979384388	0.9881591	0.9773814	0.9968375	0.947617422799	0.9486008	0.9159758	0.9850729	0.000562959715727	0.0005628889	0.0004722808	0.0006697817	62.67728	63	56	68	89_LD
0.9482842578014	0.9784435	0.713744345	0.9988913	0.92437357400617	0.96507585	0.614129475	0.99824691	0.49709093091139	0.4998571	0.0306595525	0.9650875	0.271744726683587	0.2006853	0.00118572775	0.888660655	0.00036289273993508	0.0002951183	1.470595e-05	0.001111135	45.00287	37	1	137	9_Leaf_roll_10
0.44278719850036	0.4387793	0.032162553	0.8879468475	0.326237740286765	0.29577665	0.01566396575	0.7896773625	0.495486859186905	0.49536045	0.0263217185	0.9685941525	0.27371556428044	0.19432595	0	0.8981862575	5.658785044803e-05	2.987514e-05	2.666986225e-06	0.0002099238575	24.98207	13	0	93	90_Seedling_Growth
0.402861732458942	0.3805499	0.01680930025	0.8953012075	0.281026507447821	0.2314127	0.00778977095	0.7867014975	0.565349721293991	0.5956744	0.03347976	0.985650745	0.381378759547615	0.3242	0	0.9610260125	0.00015897418151739	8.4989805e-05	3.157268525e-06	0.0005141698875	61.45157	33	0	195	91_S34
0.79619110124597	0.83696755	0.397499125	0.9665634925	0.710942431825274	0.74919855	0.2885520675	0.9277501825	0.402487795120117	0.3842767	0.0202777855	0.878197529999999	0.14613198643801	0.093714005	0	0.565295824999999	0.00027354516353369	0.0001045765	9.6334601e-06	0.001296714325	33.53438	13	0	157	92_Leaf_serr_22
0.710170694484771	0.7663136	0.19405209	0.9529800225	0.605819551728171	0.6450984	0.121333335	0.9053758	0.589642397173194	0.6275788	0.04280225	0.9893191125	0.448193259436951	0.43078395	0	0.9811381	0.00010748104993061	4.274293e-05	3.060205725e-06	0.0003843605625	40.8156	18	0	143	93_DW
0.987430220866	0.9967528	0.9169461	0.9999996	0.986472687343	0.9958156	0.9172474875	0.9999989	0.76710233592823	0.795806	0.4385761	0.95124	0.686975628246256	0.6938055	0.4606273	0.8733838	6.67416129e-06	6.11828e-06	2.504722e-06	1.524667e-05	4.33245	4	2	9	94_Seed_Dormancy
0.452177648547849	0.45898855	0.04045473275	0.8498321975	0.327528232765296	0.31760455	0.0198362015	0.7054984	0.612108877297603	0.66556675	0.04420166875	0.9887863525	0.456865156877885	0.44544075	0	0.9771056225	6.108716754111e-05	4.004932e-05	3.046151775e-06	0.0002308561125	23.58996	15	0	91	95_Mn55
0.99197055524	0.9989624	0.9345144	0.9999846	0.989794522579	0.9979772	0.9247894	0.9999754	0.630561007332777	0.7467091	0.04411232	0.9599521	0.371612107177811	0.3555528	0	0.795515	2.92339480313e-05	3.585308e-05	3.254314e-06	5.958263e-05	12.03977	15	0	23	96_Silique_22
0.919161060452	0.95623025	0.634863725	0.9986669	0.943331376591	0.96492035	0.7733292975	0.998809315	0.7781678977039	0.8182351	0.37335799	0.9910909	0.845320594783	0.8734117	0.54132877	0.993773765	1.076929875037e-05	8.522308e-06	2.79507135e-06	3.3058917e-05	4.84025	4	1	14	97_avrPphB
0.36411780938615	0.3504604	0.0200653035	0.788542935	0.249120308569361	0.22003095	0.00951684005	0.6329145	0.524541324323477	0.53656845	0.02983107425	0.9780994325	0.323068360080662	0.24405775	0	0.93799551	0.0002379626966278	6.1815825e-05	3.08809645e-06	0.0007502695475	92.05401	23	0	285	98_Fe56
0.924995088338	0.9346274	0.818376	0.9787453	0.790583940208	0.7943566	0.6854482	0.8756708	0.981440487875	0.9884362	0.9257677	0.9993472	0.945475101425	0.9588865	0.8182451	0.9977701	7.83093440694e-05	5.160288e-05	1.784546e-05	0.0001940495	9.58266	7	3	24	99_8W_GH_FT
0.841799544889	0.8590114	0.6463079025	0.9413693775	0.641577816802	0.64561865	0.4797700475	0.7830276	0.756030522422309	0.8207726	0.1677603	0.985311475	0.39478858515097	0.3751258	0.02015122075	0.8994219	0.005037913764101	0.0054908175	0.0013342889	0.008646241	176.9749	196	47	295	freezing_survival
0.985443778367	0.9868198	0.9671407	0.9963189	0.955841964483	0.9569249	0.9185551	0.9838715	0.976722446764	0.981166	0.9347163	0.9974596	0.927564704323	0.9345967	0.8094388	0.9875836	0.0001201576050654	0.0001212435	7.326172e-05	0.0001715377	38.85983	37	27	53	294_Germination_rate_21C
0.992859912128	0.998332	0.9474197	0.9999133	0.988223543686	0.9964649	0.9215457	0.9997119	0.950505361135	0.9675889	0.8187146	0.9894372	0.905272824513	0.9247626	0.7618311	0.965727	2.672134717686e-05	2.710504e-05	9.035314e-06	4.132977e-05	13.7672	14	7	18	315_GR21_warm
0.999247343726	0.9996822	0.9966277	0.9999968	0.998448300788	0.9993164	0.9895118	0.9999955	0.994179518625	0.9964665	0.9767508	0.9972156	0.988760630368	0.9919262	0.9585815	0.9958597	0.000201070412082	0.0002010991	0.0001802482	0.0002370031	87.02427	86	85	91	316_GR21_cold
0.994957526094	0.9984943	0.968784	0.9999768	0.989131378472	0.9963315	0.9373201	0.9999032	0.96035606912	0.9648072	0.9139336	0.9899164	0.918550700094	0.9222058	0.8626267	0.9681425	2.70842824878e-05	2.789614e-05	1.634062e-05	3.855972e-05	13.56123	13	10	22	320_GR63_warm
0.996360708434	0.9971544	0.9908225	0.9997783	0.989897562039	0.9909212	0.9765563	0.9989614	0.994364948521	0.9962301	0.9828365	0.9999899	0.982859441233	0.9886489	0.9501594	0.9999759	8.5529063982e-05	8.294535e-05	7.455931e-05	9.785688e-05	29.77354	30	28	32	325_GR105_cold
0.999005326919	0.9992907	0.996268	0.9998974	0.997466204208	0.9979362	0.9915977	0.9997719	0.99233630899	0.9939246	0.9759959	0.9983296	0.982479633567	0.982609	0.9679044	0.9959583	9.2930676464e-05	9.145754e-05	8.776803e-05	9.969193e-05	34.61888	35	31	41	326_GR63_cold
0.75264010234	0.7735486	0.4543515	0.9335002	0.698708045181	0.702211	0.4996263775	0.87384666	0.78886013104118	0.8282139	0.3735017425	0.9897938	0.732070984391915	0.75412455	0.356074535	0.9843547	2.752233190502e-05	2.0151195e-05	3.036013775e-06	0.00010407364	11.16179	9	2	37	DNA_content_mean
0.788186154340571	0.82001385	0.4129809725	0.961813	0.339457627589761	0.3299215	0.1092977	0.6078121	0.94472018607015	0.9684643	0.7628722775	0.9990714	0.692557929190413	0.7067002	0.3077562925	0.9849948	2.498116198722e-05	1.882446e-05	9.526807e-06	7.576099e-05	3.42683	3	1	8	BiomassUV
0.734826649431772	0.7872766	0.0993713772500001	0.9498211	0.290980965225694	0.2871388	0.03118852	0.5542261	0.941583966124812	0.9748425	0.6450477975	0.999365	0.723298474350428	0.7683484	0.0920591137500002	0.991689	2.814096560882e-05	2.178613e-05	9.6062607e-06	7.907875175e-05	3.72259	3	1	9	LeafareaUV
0.217123895075816	0.1708771	0.00727159295	0.65871311	0.0964047435776849	0.07159313	0.002727344325	0.32328315	0.631610377664719	0.6948159	0.050825951	0.9894642125	0.283003934513785	0.19111145	0	0.918228779999999	0.00041325117156117	0.0002028476	1.104476375e-05	0.00242034085	44.41213	21	0	259	LeaflengthUV
0.954078390509	0.9635959	0.86282124	0.9904334	0.637289021447	0.6392318	0.4595969	0.7953077	0.972756868438	0.9800535	0.8982107	0.9985002	0.697986086303	0.6897496	0.4622315025	0.9615998	4.78267726834e-05	5.082557e-05	1.242629925e-05	7.986395e-05	6.86587	7	3	13	Fitness
0.972487103875	0.9799361	0.89787488	0.9933029	0.832878917063	0.839551	0.6914350175	0.9366117	0.9593489154803	0.9815337	0.7498902425	0.9989004	0.786369084858127	0.8152749	0.365799255	0.9841651	0.0003932611062606	0.0004228167	0.0001017176	0.000608684	39.5965	43	11	57	Flowering_time
0.810356592072038	0.952761	0.1331321025	0.9871101	0.516740304944746	0.6169834	0.05451089475	0.7931628	0.897923252905879	0.987729	0.1840062	0.9992393	0.687152895029264	0.8324064	0.00989645100000001	0.9862714	0.000834089825141	0.0001159641	3.988981e-05	0.003055796725	79.02111	14	7	281	Fruit_production
0.587860422084614	0.59847885	0.217721165	0.9023448225	0.452540485448606	0.4581153	0.1381166225	0.744135995	0.414664321234921	0.3958887	0.02032928225	0.9088793025	0.0464785236584327	0.01527947	0	0.2792463875	0.0001838616198385	9.232092e-05	1.211672075e-05	0.0007979970275	16.50718	8	0	72	Germination_10C
0.510037186490901	0.5124756	0.12961714	0.867046505	0.349541803020165	0.3463728	0.06518398375	0.655217315	0.477225869617465	0.4791508	0.02512991525	0.9424764225	0.0803044727452252	0.03293572	2.8825919e-05	0.451497914999999	0.0007847860715758	0.0004810064	1.464320925e-05	0.00280249	71.91334	45	1	256	Germination_22C
0.992985945586	0.9934962	0.9840001	0.9983695	0.795914878494	0.7933246	0.6944773	0.9222573	0.9985047168	0.9987206	0.9958448	0.9999676	0.95256249711	0.9621457	0.868906	0.9986409	0.000341389816167	0.0003432218	0.0002570975	0.0004471214	25.57853	26	23	29	Germination_30C
0.81480022097005	0.8647713	0.3867131875	0.9991155	0.68203693451067	0.6973182	0.25827724	0.994709805	0.551052569180448	0.56942245	0.028069767	0.9841746025	0.162284340822878	0.06271602	4.7591587e-05	0.7472285	0.0011459943720734	0.0011090015	1.4410678e-05	0.0030742902	105.57384	105	1	285	Number_of_adults
0.7939710787113	0.82928375	0.42170774	0.979532285	0.65122893767604	0.6671201	0.2896542025	0.92617104	0.515287900399334	0.5259989	0.0271426665	0.9636786	0.120505511920363	0.05337408	0.000958586735	0.5880923	0.0019336476033898	0.002200334	5.6283276e-05	0.00333458685	177.74954	204	5	296	Number_of_rosettes
0.959906632346	0.9786426	0.8064839825	0.9999579	0.88754428788	0.9104472	0.6407331	0.9998165	0.747460970341911	0.8363535	0.1256002325	0.9829154	0.322628713602593	0.2809997	0.002690841	0.8183013	0.0005939472155185	0.0002712003	2.238964e-05	0.001736908975	55.47046	26	2	153	Seed_Weight
0.617479105835788	0.6376756	0.1520805125	0.9789292775	0.480728797407652	0.46700405	0.083332583	0.9540022325	0.503889831883765	0.51735595	0.03178563425	0.94893116	0.19041975322095	0.1223633	8.12222425e-05	0.737092847499999	0.00054173596923	0.00035261725	1.569962775e-05	0.00195682735	47.83265	31	1	172	Bc
0.275073119059968	0.2260891	0.008296862525	0.772020025	0.150076953743835	0.1016588	0.003150620675	0.552085865	0.580829444932522	0.62059965	0.03775383375	0.9868247325	0.250301777072008	0.15459405	0	0.90079853	0.0008744235594255	0.0003884352	1.4340197e-05	0.003209875075	76.77636	34	0	282	Dr_plus_Bc_residuals
0.518030306371393	0.5319964	0.05882616825	0.926049125	0.353153159013745	0.3294681	0.02600321	0.8218603875	0.566389674521402	0.6008916	0.03759120775	0.9792642675	0.253098180687731	0.16841935	0.0005087703175	0.876163345	0.0010042430714267	0.00058248795	1.6267171e-05	0.0032546447	88.32031	52	1	285	Dr_plus_Bc
0.428944417700461	0.4104356	0.06542092575	0.8682853925	0.288993967492601	0.2647418	0.03277230475	0.6879957875	0.495799728096472	0.50296615	0.02611599175	0.9542508975	0.13987613283446	0.064747645	0	0.675469927499999	0.0001897392682866	7.4208645e-05	1.226539275e-05	0.000925563294999999	16.38739	6	0	79	Pr_plus_Bc_residuals
0.645861060339099	0.66761205	0.200342425	0.9788369025	0.517637805375789	0.50708875	0.131361885	0.9547854	0.467234067008033	0.4690849	0.02352990325	0.9264711325	0.129542558928079	0.076560025	0	0.528850432499999	0.0003915527592424	8.774968e-05	1.24447165e-05	0.001757534025	34.46406	8	0	153	Pr_plus_Bc
0.579935387738832	0.62480205	0.042035608	0.9699517	0.394257562367783	0.36721155	0.01596157425	0.9125576	0.580756396943355	0.63082055	0.03372085325	0.9853354325	0.228366168483034	0.1532805	0	0.8518658	0.0002864711804424	7.592499e-05	1.221703975e-05	0.001741562425	25.71526	7	0	153	log2_PDF1_2_MeJA_and_ABA_vs_PDF1_2_MeJA
0.732116400626756	0.7731815	0.2230163	0.9673678	0.362052647306611	0.33046915	0.07002099	0.7986480225	0.862881042477202	0.90416455	0.5034721	0.9969443	0.461467626189907	0.4176606	0.10115964	0.9517732025	2.88405522978e-05	1.935763e-05	1.132232e-05	0.0001005785925	2.79941	2	1	10	log2_PDF1_2_MeJA_and_SA_vs_PDF1_2_MeJA
0.650480988363216	0.68037185	0.161161525	0.978986955	0.504865244230419	0.5012762	0.08093133	0.950359735	0.516987155341819	0.5348123	0.03274990125	0.9558597925	0.195305461312847	0.12792095	0	0.745823282499999	0.0002635794076895	0.00013568715	1.32456425e-05	0.0013598819	23.60941	12	0	122	log2_PDF1_2_vs_PPA2_MeJA_and_ABA
0.376940930091541	0.3607437	0.02158154625	0.81690562	0.228456051613425	0.19704345	0.00926160575	0.614711332499999	0.593923860191059	0.6394408	0.04248831	0.9846374275	0.29851822173385	0.2207205	0.00034613203	0.9152275325	0.00051704657149912	0.00038565815	1.096057825e-05	0.001617116975	60.61702	45	1	189	delta_Lateral_root_formation
0.287999342434745	0.23696385	0.0094055773	0.8001339	0.147164315411487	0.1054741	0.003371323	0.514511869999999	0.615561537878423	0.6716534	0.04545167775	0.989880425	0.275783025080597	0.1743211	0	0.9244606625	0.00010032627578482	5.8305885e-05	8.9085487e-06	0.000412006745	12.60702	7	0	53	delta_Primary_root_length
0.783605360220627	0.912225	0.0560702755	0.9986529	0.62849922944219	0.7016195	0.02588147325	0.9937929	0.830118447928888	0.8972693	0.186686	0.9935496	0.597948162150716	0.6303871	0.041715276	0.9583224	0.00046049907141533	3.580581e-05	9.314224e-06	0.0022693542	59.72493	7	2	289	delta_Shoot_fresh_weight
0.744936751722396	0.84442995	0.09450542475	0.99961901	0.71018888931286	0.8120799	0.059880432	0.9995405	0.458390335267376	0.44041365	0.01899234975	0.9619982	0.31536535837607	0.22378245	0	0.9366599725	5.375634820867e-05	2.667843e-05	2.241030425e-06	0.0002143913875	26.75132	13	0	106	post_S_sclerotiorum_infection
0.98425436451	0.9875919	0.9480379	0.9995273	0.90880769834	0.916431	0.7666571	0.997091	0.957154302237	0.9638388	0.8782973	0.9914712	0.754000883912	0.7540612	0.5783655	0.9221325	0.0001000102941215	8.90354e-05	3.714907e-05	0.0002571826	20.85636	18	9	49	Telomere_Terminal_restriction_fragments
0.87929972652747	0.9133607	0.58305906	0.988159	0.77274439903003	0.80303995	0.4290209175	0.9622113	0.79423056979321	0.8346251	0.3681297	0.984233035	0.613133736389438	0.6206953	0.2419994	0.9409718	0.000427975463457	0.0003926318	5.54946e-05	0.001034521	39.11038	36	6	93	Xcc12824
0.343929345048516	0.31773115	0.01714894075	0.8012878	0.211255671339583	0.1790532	0.0072415777	0.588384205	0.56679635369013	0.60036025	0.03568243925	0.982780875	0.286089970323476	0.20069865	0	0.9186875	0.00092334281257563	0.00042454385	1.003375425e-05	0.002570865325	106.71443	48	0	293	Xcc6943
0.7239909158641	0.746521	0.397885065	0.9265979875	0.629051172352	0.6442593	0.3385730175	0.83620116	0.501091977805067	0.51732455	0.03513187075	0.9239517	0.226910556509293	0.1831148	0	0.706971	0.0002147734643328	0.0001223714	1.254907675e-05	0.0007893915275	19.62998	12	0	70	Xanthomonas_campestris_10dpi
0.984160581917	0.987796	0.9651788	0.9950297	0.906538402332	0.9135796	0.8397444	0.9386077	0.99172471713442	0.9987461	0.9868792	0.9999933	0.970210033497907	0.9881391	0.8682603	0.9999375	0.000215436239053	0.0002197122	0.0001685884	0.0002377956525	20.85746	21	16	24	Xanthomonas_campestris_5dpi
0.910329092644	0.9283005	0.7363773	0.9841315	0.845012913862	0.8563092	0.6908130775	0.9340784125	0.753991752065646	0.8058845	0.2709952125	0.9860999	0.438946412298695	0.4044211	0.07510019	0.9111228	9.37719279752e-05	6.5793025e-05	1.351181e-05	0.0002793332	10.00919	8	1	26	Xanthomonas_campestris_7dpi
0.476775394317828	0.4868778	0.04166597675	0.848656485	0.302667252129622	0.3130013	0.01681605175	0.5590308	0.819619789868418	0.89076515	0.228002	0.9965035	0.687609586225643	0.765777	0.00627421355	0.9897997925	3.397878820678e-05	1.444994e-05	5.730141425e-06	0.00016901962	6.61915	3	1	31	grown_on_zinc_deficiency_mean_Total_length_day001
0.481037650888741	0.50010725	0.029168224	0.8841976625	0.291874881398823	0.2825891	0.0117867975	0.6521461675	0.750023946200598	0.8392502	0.10664732	0.9959455	0.533690093249364	0.5747734	0.001676647675	0.982598875	0.00023137737663069	6.7592075e-05	7.00820485e-06	0.001008818575	38.21778	12	1	164	grown_on_zinc_deficiency_mean_Total_length_day002
0.412707237273596	0.41359655	0.031493718	0.812167275	0.254642570171096	0.23731355	0.01423077025	0.5922100825	0.609698672507525	0.6619144	0.04770758	0.9870453	0.333853776719241	0.261995	0.00107789245	0.938130825	0.00070067753303122	0.000634447	8.27303595e-06	0.0016572817	123.39935	110	1	289	grown_on_zinc_deficiency_mean_Total_length_day003
0.843729797038	0.8632992	0.613183925	0.9735717825	0.469057025603	0.4613638	0.2578949	0.7118092	0.94146564405	0.96038465	0.7782320325	0.9985784	0.705685598683	0.7075323	0.3981588	0.9799564	1.780552240879e-05	9.044158e-06	6.196711375e-06	0.00011541597	3.00005	2	1	19	grown_on_zinc_deficiency_mean_Total_length_day004
0.365700084322117	0.35146045	0.02308430875	0.7956865125	0.215489832446917	0.19107815	0.008513667	0.5510276	0.581973934749117	0.62027195	0.03891674225	0.9861430325	0.270213359732258	0.17306675	0	0.9194146375	0.00010086359612524	4.426265e-05	6.159202025e-06	0.00049279304	18.14472	8	0	88	grown_on_zinc_deficiency_mean_Total_length_day005
0.599171991911672	0.65385705	0.0570493495	0.9168055	0.348313821139706	0.3596872	0.02227174525	0.6546434425	0.825941596074524	0.89982725	0.220650845	0.9966407	0.604698185679489	0.6577406	0.004326433075	0.9800501	3.776488341126e-05	2.541956e-05	6.549763825e-06	0.00012770844	6.94848	5	1	22	grown_on_zinc_deficiency_mean_Total_length_day006
0.349070444718438	0.3081383	0.016983942	0.85228501	0.193254633113174	0.16244525	0.00752785135	0.5345447	0.628756096824322	0.69139155	0.0463884275	0.9911250475	0.339989835457518	0.26957875	0.002664788225	0.9381217	0.00030904233502546	0.0002430026	8.83493075e-06	0.000895702297499999	50.44878	39	1	143	grown_on_zinc_deficiency_mean_Total_length_day007
0.793374243188123	0.87808615	0.2021794675	0.9717923	0.593395232517023	0.638576	0.1017729275	0.8904884	0.88796013766971	0.96399785	0.2889918025	0.9989626	0.751853542575211	0.8589723	0.0374507275	0.994782	0.00037485080276661	0.0002930981	8.981147525e-06	0.000851287	63.0943	50	2	141	mean_Total_length_day001
0.709549740700719	0.7873021	0.1212675675	0.9719699	0.502784475240177	0.5210616	0.05528442525	0.88513964	0.833000611861775	0.92169665	0.19725862	0.9972629	0.653493106481278	0.7386317	0.01992177	0.9870511375	0.00064314445239046	0.000702784	1.155910175e-05	0.001310518	108.58372	118	2	214	mean_Total_length_day002
0.708526150690052	0.7452209	0.2366010175	0.9768871	0.519922234848889	0.51663025	0.13581939	0.8776685	0.810167055207044	0.8813	0.2522292325	0.9961293	0.636473983235469	0.6864993	0.05120798	0.9851709625	0.00017939326956121	0.0001429158	9.449677075e-06	0.0005242587975	30.44021	24	2	87	mean_Total_length_day003
0.79607187422029	0.8468298	0.356972795	0.9798315	0.620877137927487	0.6413293	0.2157648075	0.937043755	0.852492580977579	0.9058576	0.4031423925	0.9964281	0.69366959752462	0.7305052	0.187858155	0.9865154	0.0004425500412036	0.0003255462	2.017465e-05	0.001313308	74.24017	53	3	214	mean_Total_length_day004
0.903897419352546	0.94676235	0.55128655	0.999555905	0.808880344209803	0.855799	0.35961126	0.9987958075	0.766868344923757	0.8340178	0.1963357875	0.9899221	0.555425160780934	0.57959695	0.04669288	0.957368345	0.00070806365773844	0.0007639016	3.081445025e-05	0.001495716	116.95473	128	5	249	mean_Total_length_day005
0.646342686279781	0.69662965	0.09618682025	0.9627744	0.473164316747931	0.4747169	0.0438243865	0.8840278	0.701860048460123	0.7892386	0.076243333	0.9938222575	0.47488122197621	0.480074	0.0006426908225	0.974292735	0.0003235676310146	0.0002667199	7.93465845e-06	0.0008696294	54.11751	45	1	139	mean_Total_length_day006
0.552351985976514	0.5811219	0.059232082	0.92575041	0.383827927203808	0.3758533	0.025959	0.80011859	0.632002430360579	0.69352935	0.0532259795	0.9892528525	0.375243533764068	0.32479065	0.000942101530000001	0.9520241	0.00026968178839982	0.0002024362	8.448953e-06	0.00074805061	44.7002	34	1	120	mean_Total_length_day007
0.987963328149	0.9897087	0.9741701	0.9964079	0.908871717432	0.9126383	0.8471459	0.966793	0.996433657236	0.9979488	0.9849244	0.9998752	0.972292945089	0.9785569	0.8918458	0.9993119	0.000778798689609	0.0007713212	0.0006545067	0.0009744666	97.12417	95	91	112	271_Na23
0.240426759776446	0.19017225	0.007324860275	0.719325107499999	0.116232653884262	0.082721855	0.002770369875	0.40937762	0.614887705256757	0.6716204	0.04579266975	0.98878593	0.276562006812853	0.1835614	0	0.918250639999999	0.0003119898276303	0.00014356135	9.70391635e-06	0.0012491494	36.48358	17	0	145	269_Li7
0.62849221093281	0.64632495	0.18540501	0.97863725	0.524056798014459	0.5144416	0.1289550525	0.9616709275	0.41589338500955	0.3936983	0.01963105425	0.91106075	0.103011668416775	0.048350125	0	0.5114316975	0.00017456476174645	5.309033e-05	9.44358e-06	0.00089498638	20.49029	6	0	106	270_B11
0.363140387498792	0.33647585	0.031955447	0.8187917475	0.210633359697416	0.18633235	0.01345329425	0.5482511675	0.582693632186143	0.62547165	0.04151822375	0.9777851575	0.228185825423576	0.143872	0	0.84027331	0.00018426077526966	7.6277725e-05	9.587130675e-06	0.0009433554	21.68974	9	0	111	272_Mg25
0.226889035170473	0.16178675	0.005868411075	0.7463322775	0.094068898237803	0.06374468	0.0021205748	0.35384876	0.668250144362034	0.75020335	0.05609004325	0.9932823	0.331110850398833	0.24506325	0	0.9471540475	0.00020560103400899	0.0001100716	9.904998e-06	0.00082882352	23.92502	13	0	96	273_P31
0.91917276831491	0.9584426	0.610429845	0.9998482025	0.80433495014689	0.85775015	0.3610776	0.9995098	0.712346750279235	0.8098588	0.07480173425	0.9924818	0.396821048572005	0.4066144	0.013439194	0.9103152	0.00100977617790659	0.00099903315	1.597471e-05	0.00259528895	119.02169	121	3	297	274_S34
0.239374362690228	0.20057435	0.014657652	0.6683204125	0.121639799761172	0.1039397	0.005693975275	0.338780125	0.574885893225095	0.61404765	0.04007195875	0.9811847775	0.200878138535176	0.1072254	0	0.8399567675	0.00018557196886649	5.642645e-05	9.483177575e-06	0.000984981877499999	21.56408	7	0	117	276_Ca43
0.740932536744256	0.76966385	0.3458183175	0.9695994	0.624822878201975	0.64310045	0.2455624475	0.9108211675	0.443958600123489	0.3755722	0.01528951	0.9787823	0.211156291444127	0.09080087	0.002483635125	0.8439495	0.00103406410330117	0.00120024	9.236907e-06	0.0021695929	121.75135	144	1	248	277_Mn55
0.255802954790024	0.2193426	0.01422811475	0.68929212	0.130713758296112	0.1100184	0.005143209925	0.3717156325	0.576285950260668	0.61561055	0.0384028135	0.981513855	0.203315544242176	0.1055131	0	0.847999749999999	0.00012362437792756	5.018937e-05	9.250851825e-06	0.0006317893	14.29121	6	0	74	278_Fe57
0.98765300764	0.9931369	0.9456347	0.9999719	0.930540462844	0.956695	0.7440881	0.9998471	0.951305868574	0.955188	0.8833363	0.9950114075	0.745313694912	0.7350458	0.5752908	0.9549134	0.0001146717497673	8.83682e-05	4.98588e-05	0.0003194044	15.13617	13	6	41	279_Co59
0.423366365296938	0.408958	0.06333813375	0.85390895	0.305717866815107	0.27862505	0.034801605	0.72398527	0.474482658746697	0.4739029	0.0251948545	0.9440350575	0.158089194335492	0.0897392	0	0.6851260575	0.00038473844504991	0.0002283846	1.0428853e-05	0.001357473025	45.14009	27	0	159	280_Ni60
0.794278865627	0.8307798	0.3722633425	0.995569515	0.495067056856522	0.4578042	0.1342323825	0.9834513	0.820659646415402	0.8889249	0.19904729	0.9955909325	0.447544165494085	0.4221587	0.018586022	0.9451731925	6.720913701827e-05	1.987522e-05	8.80526125e-06	0.0005696174875	8.38728	3	1	70	281_Cu65
0.742770194810421	0.7856071	0.2747332525	0.9722922	0.482831323593495	0.4753444	0.134624285	0.8837985	0.849889329161618	0.90897035	0.33349865	0.9960576	0.61801784653671	0.6486058	0.04023608075	0.9723217	7.651571654042e-05	4.041619e-05	9.287327525e-06	0.000504299005	10.00728	6	1	60	284_Se82
0.560380553632329	0.57371	0.0731330725	0.9793575325	0.447900947021758	0.430446	0.03357140625	0.96395813	0.416653403029463	0.39185925	0.0196336555	0.929707535	0.117167013167256	0.057126945	0	0.5929556075	0.00032439639760318	9.7739485e-05	9.54138105e-06	0.002061286	37.92013	12	0	244	285_Rb85
0.666538895141	0.6579441	0.496467935	0.87478051	0.549532962063	0.55089585	0.44455074	0.647126675	0.336908547635044	0.30715345	0.013747915	0.8096288	0.00483923049651423	0.0023829735	0	0.023895949	0.2085277439029	0.1055993	0.01843301	0.86092515	12.34296	6	0	52	Sodium
0.994302757749	0.9962006	0.9786138	0.9999579	0.971598932734	0.9809032	0.8950421	0.9997979	0.981307584051	0.9828683	0.9606004	0.9966823	0.913428010394	0.9148833	0.8409049	0.9816803	0.000987962687987	0.0009823689	0.0008053403	0.001188266	113.51585	112	105	126	283_As75
0.399235923496752	0.37646985	0.02088325025	0.8983223	0.269430620920261	0.2173153	0.0076683712	0.79926442	0.498450230229935	0.49955155	0.02578499	0.9714312	0.159580978407528	0.07220884	0	0.783516559999999	0.00029525302607546	4.7740245e-05	9.175746825e-06	0.002112129875	34.52233	6	0	252	275_K39
0.571871294925537	0.6041017	0.07279758	0.9430146525	0.462156653686325	0.47573175	0.04225622125	0.8659758525	0.637307475289581	0.6940739	0.06057508575	0.9848549	0.484449122125327	0.51194495	0.0071213225	0.9656143	0.00019242882722626	7.510568e-05	2.785669525e-06	0.0006632128725	79.7909	31	1	272	Weib_all_LT50control
0.647846346945139	0.67790825	0.1501327825	0.996582425	0.568884157077054	0.5620457	0.1186418575	0.9931707925	0.447910633172941	0.4427631	0.022988016	0.9197656575	0.195941410915894	0.12379305	0	0.7119481375	3.934947922984e-05	1.693919e-05	2.701322275e-06	0.000178643705	16.15337	7	0	73	Weib_all_LT50submerged
0.495367231166099	0.4904628	0.0319638445	0.98359628	0.378768904860963	0.32755955	0.01453256075	0.96805299	0.527000660079699	0.5422331	0.031656015	0.97459171	0.289643097238138	0.212373	0	0.9093166125	0.00018861776961594	7.78139e-05	4.42021375e-06	0.001032656275	50.81732	21	0	280	germination_3days
0.596647525438462	0.6293567	0.05234374125	0.9962087	0.481875017577322	0.4596256	0.0261803245	0.9914816	0.568200807447407	0.60055725	0.04045652325	0.9781895	0.342360709568905	0.2840677	0.001382432325	0.925567467499999	0.0003687736413605	0.00020897445	5.533750475e-06	0.001052663	99.75817	57	1	284	germination_7days
0.835986012668	0.8586308	0.5782994825	0.9782703	0.5432859169458	0.53367665	0.301808835	0.8524200575	0.941502877082	0.9650836	0.748523	0.9991676	0.7918492019014	0.81870025	0.4449135675	0.9933754	7.40661397908e-06	5.798813e-06	3.605186e-06	2.433715e-05	2.4039	2	1	7	sex_ratio
0.357716980562653	0.34063995	0.0433759	0.77389058	0.219299394655937	0.20666805	0.01844424825	0.4935903325	0.511381673733052	0.5235657	0.02929615175	0.9659493	0.146415432413552	0.062306895	0	0.7323065575	0.0001221065858531	5.068251e-05	1.141921275e-05	0.000722454207499999	11.35119	5	0	69	number_of_egg_masses
0.828372380411439	0.9772662	0.10613593	0.9999968	0.777255743680185	0.953847	0.05863313125	0.999995	0.699498700173958	0.80057425	0.074524298	0.990476	0.573793584189894	0.6291571	0.01241573725	0.9808613	0.00013543775594709	9.272592e-05	5.1954245e-06	0.0004736525	52.21379	35	2	179	Cala2_cotyledons
0.802567183457142	0.9824314	0.064900846	0.9999997	0.751694230147033	0.9551276	0.03136418225	0.9999994	0.790259993591619	0.9535163	0.09228578675	0.9974097	0.688838905300495	0.9151905	0.001933047	0.9943405	3.367368584166e-05	1.540774e-05	3.570414975e-06	0.0001584256	14.82948	10	1	61	Cala2_true_leaves
0.731444606790843	0.8887464	0.053203631	0.9999997	0.658933019319809	0.7904474	0.028120353	0.9999994	0.602232428209356	0.6506751	0.0506106785	0.981280755	0.438810981478447	0.41675325	0.01008416	0.9444598	0.00045420607229571	0.00049676675	7.96737e-06	0.000827380085	165.50377	183	3	293	Emco5_cotyledons
0.711426371358264	0.8566652	0.04503272725	0.9999537	0.634340000992813	0.7379617	0.02487139825	0.9999009	0.565176121891243	0.5955219	0.0398722625	0.9807652825	0.412447822098904	0.3796528	0.01562819525	0.9466785	0.00034713308205173	0.0003399925	5.627004e-05	0.0006837878025	136.14456	134	22	266	Emco5_true_leaves
0.501365854031993	0.4668005	0.019705868	0.999972	0.400477368794717	0.2997849	0.008472223025	0.999947	0.588048996886422	0.62483825	0.04413539425	0.9837886025	0.400126142853559	0.3777695	0	0.956915765	6.931072786909e-05	2.543628e-05	3.1938685e-06	0.0003224354525	25.59887	10	0	117	Emoy2_cotyledons
0.394012458384112	0.3649302	0.015208477	0.8949266025	0.27859437821183	0.21704935	0.006860706	0.807713875	0.572456920364171	0.6067468	0.0373024745	0.9857836625	0.393917193442229	0.3375725	0.000115121825000001	0.9629185	0.00012432669989842	7.101336e-05	3.206716875e-06	0.0004110732375	50.80422	29	1	162	Emoy2_true_leaves
0.671378377902576	0.7523649	0.0498545995	0.9999395	0.58353769474404	0.59951455	0.02719562675	0.9998831	0.551026999201851	0.5777222	0.0429080625	0.974135335	0.381949989525142	0.3458902	0.0130546925	0.9224577	0.00023651261347563	0.0001803341	2.249078e-05	0.0006432258	87.00134	67	7	232	Emwa1_cotyledons
0.745369322552043	0.89746785	0.06603217	0.9999965	0.678912325229554	0.8241628	0.03291463575	0.999994	0.556564239317745	0.5841397	0.053214069	0.97120291	0.393823830466257	0.38780765	0.0018481248	0.9015767	8.023963093809e-05	5.095007e-05	3.66449415e-06	0.000282987595	29.59878	19	1	102	Emwa1_true_leaves
0.510361671440319	0.48890735	0.02591628875	0.999783	0.403697721864713	0.3235774	0.0110652465	0.9994484625	0.582222699897508	0.6185731	0.04343386025	0.982379815	0.389387746493582	0.3506083	0	0.9545550575	7.681309268722e-05	3.455619e-05	3.069247525e-06	0.0003910766	28.36133	13	0	144	Maks9_cotyledons
0.976897392070029	0.9984749	0.7297020775	0.9999441	0.973974028627298	0.9976312	0.670728815	0.9999605	0.908765055871828	0.9416052	0.4867175025	0.9936996	0.8961835429476	0.9231798	0.3574651	0.9880885	1.705457934595e-05	1.731829e-05	6.554723e-06	2.542879e-05	9.32957	9	4	15	Maks9_true_leaves
0.94376180516783	0.9866067	0.6570510825	0.9998546	0.94753596780691	0.985874	0.7018553225	0.9998875	0.701264051798355	0.7353268	0.2733082	0.9773022	0.716621126723571	0.72940715	0.39749756	0.9668099425	1.366780304605e-05	7.9987125e-06	2.967172e-06	5.48744069999999e-05	6.1196	4	1	24	F3GG7R
0.9235905365746	0.9431904	0.75399848	0.9807832	0.6330807408932	0.6423438	0.4111742	0.8053534	0.9768934607361	0.9863474	0.8914739275	0.9994434	0.86024077512396	0.8814871	0.6094664	0.9946081	5.206856706226e-05	5.507823e-05	1.025223e-05	9.115923e-05	11.33042	11	3	21	salt_survival_days
0.605297538721589	0.64719875	0.042248227	0.9976954	0.492265548337764	0.4733119	0.0196984295	0.9951712	0.499610083868149	0.50496245	0.02691857975	0.96897535	0.265011349937157	0.1867673	0.000199936535	0.8795536675	0.00014667083295468	9.713741e-05	4.4158293e-06	0.000487321	41.31693	27	1	138	ANGc_2013
0.997197697343	0.9981852	0.9894294	0.9999401	0.993292108321	0.9950764	0.9733163	0.9998372	0.994636975846	0.9954613	0.9815459	0.9997256	0.98857572188	0.9915881	0.9604322	0.9989318	0.00021023708569	0.0001942498	0.0001784353	0.0002938328	60.94721	56	48	88	ANGLEr_2013
0.441307715245459	0.4145747	0.021707602	0.976382905	0.322684893700049	0.2591227	0.009974078	0.949155885	0.507805158287709	0.5123923	0.026456224	0.974191365	0.26304862140324	0.18126135	0.0015014318	0.88887301	0.00022535929381842	0.0001739463	6.0783549e-06	0.0007524963	63.09308	49	1	209	ANGs_2013
0.50301943607183	0.5040711	0.020797506	0.9909109375	0.382492771128532	0.3249413	0.00865162345	0.9811835	0.521006468806738	0.5319986	0.028727846	0.9783924575	0.279238582570244	0.1828637	0	0.9208620075	0.00010869100251972	4.443988e-05	4.103365e-06	0.000523251135	30.24728	12	0	148	AREAc_2013
0.367439734046663	0.3249475	0.01568477825	0.925536359999999	0.239864790144732	0.1809596	0.006511378025	0.822277772499999	0.569428097992608	0.60465575	0.0381630455	0.9832626125	0.305568946040965	0.2260145	0	0.925807895	0.00031151279765733	0.00011554865	4.2630471e-06	0.001007636	87.29395	32	0	278	AREAr_2013
0.486053266587339	0.46394585	0.01980377875	0.9932843	0.356247935415338	0.2691464	0.007389472325	0.98526298	0.549588611474432	0.5711297	0.0356472105	0.9813643275	0.27412666181787	0.1802211	0	0.9173031775	3.90217059134e-05	1.690024e-05	3.9354561e-06	0.000226341047499999	11.07866	5	0	63	AREAs_2013
0.52568969928588	0.53524675	0.02325328725	0.9908859	0.392077271556275	0.3452261	0.0099366361	0.975601845	0.702194830136025	0.7808233	0.08487511625	0.9938468	0.51897901916214	0.54781835	0.0020336305	0.9811492	0.00016079803545316	6.0373445e-05	4.056491425e-06	0.0006334232175	48.47059	18	1	188	CHLc_2013
0.624707188478104	0.73483435	0.02342417775	0.9969727	0.466442604150447	0.4782924	0.01004430875	0.9897036	0.792898405746171	0.8945188	0.1096997925	0.9978243	0.619902351883714	0.7170464	0.00775322797500001	0.9898273	5.169224760947e-05	3.245244e-05	3.734311325e-06	0.00022592884	15.97037	10	1	68	CHLr_2013
0.281369098169813	0.22848305	0.009051758	0.798816074999999	0.160378042414797	0.1090365	0.003520140525	0.593427999999999	0.579858694768326	0.61869185	0.0375024745	0.98659391	0.294382140674651	0.20317995	0	0.93288952	9.998379538058e-05	3.007371e-05	3.739433625e-06	0.0004888486975	29.53807	9	0	147	CHLs_2013
0.362411221315352	0.32840305	0.014961502	0.871141419999999	0.217129902297015	0.16877825	0.00551847145	0.6930411225	0.60907565367455	0.66235385	0.0463420325	0.9875398	0.321966992502629	0.24306935	0	0.9399086625	0.00010238205346973	5.5465035e-05	3.812433875e-06	0.000358285	30.0048	17	0	103	Dry0_2012
0.80293981889008	0.8262305	0.5028142	0.9730082	0.440072572119885	0.421096	0.2024068	0.8061035	0.9337313500341	0.9631852	0.7061441325	0.9988833	0.752207816323758	0.78307775	0.3567134	0.9905556	7.55286410156e-06	5.633129e-06	3.478487225e-06	2.40137354999998e-05	2.32918	2	1	8	Dry500_2012
0.9010847268181	0.9264305	0.6651242375	0.9971578	0.7069893339884	0.7033318	0.4079394	0.9866272	0.916093403969788	0.9462405	0.662523665	0.998675	0.752177452918938	0.7659983	0.4237431525	0.9897229	1.547897002182e-05	1.0819675e-05	3.651422e-06	4.600501e-05	5.11806	4	1	16	Dry500p0_2012
0.563692952112807	0.5920089	0.02978513075	0.9964221	0.458078218749656	0.42810665	0.01221174325	0.9935623425	0.421288614448899	0.38790395	0.017528861	0.95497338	0.175433861631721	0.09060641	0	0.801111807499999	8.747548288175e-05	4.229697e-05	4.007405725e-06	0.000489395162499999	24.1891	12	0	142	DWc_2013
0.785132412313146	0.8392057	0.20237781	0.993406	0.610464391371691	0.6233405	0.105242785	0.9795015	0.834221613390555	0.8962712	0.26854693	0.9952278	0.675098081521302	0.7221496	0.04860685	0.9788972	2.065199378716e-05	1.1962445e-05	3.742885e-06	9.28577709999997e-05	6.47773	4	1	27	DWr_2013
0.610906131293758	0.6616286	0.04095091525	0.9986952	0.498063573492489	0.4747833	0.01956505725	0.9972478975	0.497004837795427	0.49936025	0.02591747	0.9717203	0.255629641434575	0.174749	7.45686010000002e-05	0.87825491	0.00026075843477726	0.00012616905	4.341762375e-06	0.000940841329999999	73.19343	35	1	267	DWs_2013
0.998168997013	0.9992183	0.9908675	0.9999592	0.995737980802	0.9979068	0.9773665	0.9999045	0.981335391591	0.9834487	0.9641173	0.9931069	0.967329704025	0.969703	0.9425264	0.9830752	2.4909056794e-05	2.551836e-05	2.014571e-05	2.807438e-05	11.48695	11	9	14	Elc_2013
0.447545356626689	0.4249299	0.03779098875	0.9592601	0.322866317837092	0.2769724	0.01729146525	0.9012437	0.529646756281566	0.5489568	0.03123293625	0.9720833525	0.249329314298628	0.16005895	0	0.881811264999999	7.021038477394e-05	2.8314225e-05	2.953402775e-06	0.00029529186	26.1338	10	0	110	Elr_2013
0.541730645263451	0.55367915	0.036452908	0.9922233625	0.42594640085722	0.38616185	0.01576143675	0.984463785	0.533021380297489	0.5534643	0.0312718945	0.973577455	0.303260551333105	0.2182632	0	0.9211816	7.027917238218e-05	2.34444e-05	2.967668375e-06	0.00039353488	26.13819	9	0	145	Els_2013
0.335963783313519	0.28944845	0.01162146175	0.87262326	0.19749227202537	0.14304275	0.004539909325	0.6812276	0.631529140467782	0.69513705	0.05013517025	0.9905159	0.362585498642639	0.2918128	0	0.95715207	9.475973274426e-05	7.182942e-05	4.06149985e-06	0.000313110995	27.66167	21	0	93	Fresh_min_Dry0_2012
0.410039804343252	0.37980975	0.015684782	0.9528761425	0.280885987568802	0.2150636	0.006457502575	0.8990998725	0.529706747394585	0.54295625	0.02939505	0.9815588	0.26024942234252	0.1663631	0	0.9102750575	0.00017855102187003	8.0078735e-05	4.054444525e-06	0.00062627681	52.31676	23	0	181	Fresh_min_Dry500_2012
0.770594293356177	0.9105304	0.04556628925	0.9992306	0.622943140821403	0.69492185	0.01681604875	0.9967758	0.826250619134088	0.8920134	0.2216684025	0.995800315	0.607283433962113	0.634103	0.00987743245	0.9769089	2.550921973058e-05	1.85921e-05	4.039321875e-06	8.29544057499998e-05	8.20048	6	1	26	Fresh_per_Dry0_2012
0.994500897823	0.9958245	0.9827451	0.9998141	0.975769569015	0.9795094	0.9340427	0.999226	0.992661640939	0.9941655	0.9790422	0.9992845	0.971131888348	0.9762964	0.9312115	0.9976318	0.000251652938799	0.0002559392	0.0001816955	0.0002947414	76.70123	76	67	90	Fresh_per_dry500_2012
0.357311562945378	0.31165045	0.01267345	0.9067727875	0.214845395071124	0.1569106	0.005389240025	0.7343734	0.643993153960917	0.71195355	0.05305644725	0.99135521	0.391759533565801	0.3355881	0.00190846335	0.9628044175	0.00044152827254242	0.00049491505	4.896316e-06	0.0010179158	129.47703	147	1	294	Fresh0_2012
0.358896133963641	0.3139049	0.0125031885	0.92659108	0.237427750778847	0.16612605	0.005220964125	0.8504486575	0.526990381967053	0.539906	0.0290767975	0.9795158325	0.252346951818887	0.1629482	0	0.893172305	0.00019746960953837	0.0001139522	4.16584215e-06	0.000879877555	57.61532	34	0	261	Fresh500_2012
0.39243775827671	0.3375662	0.0120317925	0.9570615	0.248325860773344	0.1672611	0.004633952325	0.87955258	0.605412199133768	0.6595111	0.04279739825	0.98913574	0.318499223002711	0.2332279	0	0.939882014999999	8.098443925412e-05	3.7692315e-05	3.9295223e-06	0.00034460818	23.71873	11	0	100	Fresh500p0_2012
0.539201247421919	0.54964515	0.023249524	0.9971912075	0.432794615558099	0.3744418	0.009522184875	0.9948274	0.45565648915423	0.4365575	0.02067400825	0.9640211725	0.210585957282165	0.123307	0	0.8447253	8.849989521258e-05	5.498505e-05	4.0598896e-06	0.0003735444	24.78693	15	0	105	FWc_2013
0.408410703203941	0.3747507	0.01127505875	0.9652925	0.251796796749676	0.18430865	0.00434382545	0.904035974999999	0.724525211447531	0.8190793	0.082156223	0.9955082575	0.505946615553829	0.5432077	0	0.9824611	8.223707495232e-05	2.4453095e-05	3.92132675e-06	0.0004892867025	23.19828	7	0	139	FWr_2013
0.607378594878061	0.6680341	0.027755098	0.9991864	0.502368362812669	0.4822363	0.0117162695	0.9983597075	0.480053736787391	0.4710177	0.0221814375	0.9703951875	0.238306316668812	0.1501587	0	0.876840827499999	0.00012499849952119	5.478229e-05	4.30804555e-06	0.0006194658125	35.00315	15	0	175	FWs_2013
0.57006028898023	0.6068576	0.02951443	0.9962666	0.46010780904392	0.45062305	0.01101633425	0.9924505125	0.546873643107166	0.57011675	0.03207632	0.9829607125	0.313147757238658	0.19566535	0	0.9574008325	5.688004776169e-05	1.835909e-05	3.73754945e-06	0.0003474651775	16.79253	6	0	102	Surf0_2012
0.438810081036893	0.40137285	0.01944517775	0.9873071075	0.319157603687598	0.23494945	0.00823851725	0.9750069	0.523182528672711	0.53571115	0.02809136	0.977403305	0.263105121287024	0.1754875	0.000177037070000002	0.8970891825	0.00027950872125172	0.00018762935	4.547033875e-06	0.000865704835	81.89403	56	1	250	Surf500_2012
0.744884615372577	0.8225417	0.06405261	0.9775898	0.495495588085386	0.5177833	0.02803141625	0.8834698	0.882749039267858	0.9434614	0.325913755	0.9982701	0.721902562023628	0.7853362	0.05684541575	0.9893945	4.152024367692e-05	9.556069e-06	3.535919e-06	0.0005431163375	12.95178	4	1	160	Surf500p0_2012
0.398449813191009	0.34431905	0.0128466725	0.9905113	0.261610703408946	0.17314405	0.00474155505	0.9789721	0.619319782627352	0.6846041	0.04545400825	0.98956498	0.339058129956892	0.23646455	0	0.9512386975	6.512223358212e-05	1.9178875e-05	3.75106535e-06	0.0003839554375	19.23092	7	0	115	WC500p0_2012
0.404535492463646	0.3519048	0.01377675175	0.988722995	0.287172162092331	0.19062865	0.005365379875	0.97860336	0.506009121734939	0.5062451	0.02653081	0.97738098	0.228870810483361	0.12944045	0	0.885588467499999	6.075163950053e-05	2.602401e-05	3.974199375e-06	0.00028299603	16.86204	7	0	80	WCc_2013
0.483711747513859	0.45056155	0.01185264825	0.9924801	0.334685860641797	0.23800035	0.00565424885	0.9722658	0.71656191260287	0.81587195	0.07336882	0.9959498	0.520582740529261	0.5491827	0.01439784275	0.982103	0.00037799230434145	0.0003489431	4.816996e-06	0.001008175375	106.45272	98	2	280	WCr_2013
0.587390655356816	0.62708285	0.03015417825	0.998649725	0.467291228807546	0.41957125	0.01333244	0.9968639	0.52187053105587	0.5352055	0.0268147055	0.9777301675	0.26632919773406	0.1856429	0	0.8942881	0.00020294896017151	6.6564835e-05	4.0916141e-06	0.001006259375	56.82699	19	0	284	WCs_2013
0.988935303328	0.9899375	0.9768452	0.9976453	0.890437526305	0.888819	0.8143288	0.9637284	0.993983854853	0.9952504	0.9795286	0.9998495	0.941062421261	0.9505696	0.8573967	0.9972459	0.000784785367217	0.0007311797	0.0005795576	0.001118006	64.8993	61	46	93	salt_0_mM_NaCl_aLRL_vs_MRL
0.387306595779992	0.3728648	0.01766324125	0.8478436	0.242233090721152	0.2075405	0.00687058325	0.65153085	0.548891061332536	0.57313525	0.0319588105	0.9812077975	0.231797144030998	0.1388512	4.9495848e-05	0.873010219999999	0.0007503876751507	0.0004285255	1.38974785e-05	0.0027283088	66.58052	38	1	241	salt_0_mM_NaCl_Apical
0.602189548423916	0.6320084	0.13116937	0.9213258	0.376292280029098	0.3719	0.06330521725	0.6907666525	0.853074063907099	0.91015885	0.39657667	0.997417	0.698545790527806	0.7424026	0.0708891637500001	0.9885358	8.02170677146e-05	5.235891e-05	1.246664e-05	0.0003283363	8.23493	6	1	29	salt_0_mM_NaCl_Basal
0.293477567634058	0.25630905	0.01024917225	0.7527118	0.149036268115745	0.1149601	0.003720635725	0.4671711925	0.623590671247866	0.68404335	0.04758369675	0.989439	0.288397761013037	0.19542965	0	0.9260438375	0.0005149694621066	0.00017179895	1.30219945e-05	0.002168115225	45.57941	15	0	190	salt_0_mM_NaCl_Branched
0.296649023529142	0.26109025	0.0119355365	0.754682925	0.168636536233537	0.1290958	0.00455032675	0.533767914999999	0.563490313094005	0.59444945	0.035360201	0.9837267675	0.236748355387855	0.14274125	0	0.88508381	0.0007709564789731	0.0004473184	1.370132025e-05	0.00310870505	68.46476	40	0	278	salt_0_mM_NaCl_Depth
0.968503001543536	0.9832013	0.8725411	0.9987849	0.797135838112932	0.8107066	0.5146838	0.9877215	0.98792158820755	0.9934381	0.9485891	0.9997929	0.913023465272835	0.9362991	0.7406369	0.9970985	0.001180064602296	0.001090882	0.000844992	0.001897605	102.41905	92	78	165	salt_0_mM_NaCl_LRD_vs_BZ
0.839866899949	0.8620153	0.5784505	0.9863047	0.4116819360874	0.3873073	0.1861692	0.8248629	0.956998508103	0.9755957	0.805775215	0.9993557	0.7387214902982	0.7649566	0.357599	0.9897071	4.15342583338e-05	2.313415e-05	1.151278925e-05	0.0002033494	4.08337	3	1	15	salt_0_mM_NaCl_LRD_vs_MR
0.86274910320286	0.896102	0.5401507525	0.9927676	0.673585311398534	0.6952239	0.2656965375	0.974135	0.726441465727064	0.79007225	0.1326757325	0.9825125	0.329659513830847	0.298869	0.0100638695	0.845557	0.0001504930307208	6.687958e-05	1.254706e-05	0.000719313	14.10414	7	1	66	salt_0_mM_NaCl_LRL_vs_MRL
0.73848183817259	0.78285885	0.2770074475	0.971335355	0.572227693621086	0.5882175	0.16082014	0.9134812	0.695214839850427	0.7516391	0.1292394075	0.98328934	0.435113834328207	0.4318552	0.006844428575	0.920931575	0.0002890154264423	0.00022809965	2.05055865e-05	0.0009493486125	26.4632	21	2	89	salt_0_mM_NaCl_LRL_vs_noLR
0.636281814905334	0.67803075	0.1076363125	0.9604671225	0.48372367087097	0.49659245	0.0476677915	0.895084915	0.548822570818247	0.5771559	0.036695906	0.969705015	0.244347954228491	0.16914045	0	0.843898	0.0003188493670316	0.0002190762	1.322166225e-05	0.001409326825	28.65165	20	0	129	salt_0_mM_NaCl_LRL
0.627271308608446	0.67404265	0.0843068895	0.9554749	0.441471858238424	0.446957	0.034863603	0.8547056	0.64131532303561	0.70545475	0.06133792825	0.9871582	0.337745890897959	0.2824237	0.001181296925	0.9246105	0.0014946644146694	0.0016096835	1.56387245e-05	0.003342653175	133.62013	145	1	294	salt_0_mM_NaCl_MRL_vs_TRS
0.366201030466314	0.34663535	0.01777364975	0.8193948225	0.231686600248731	0.19113555	0.0064002894	0.65774937	0.517594674663438	0.5274826	0.028541239	0.97615909	0.180836454855243	0.09062902	0	0.8244526025	0.0002760831767649	0.00015804165	1.2706805e-05	0.0009210384	24.28582	14	0	80	salt_0_mM_NaCl_MRL
0.300738041513853	0.2646592	0.01246086	0.768226825	0.153749277178814	0.12124205	0.004536700825	0.4735276125	0.6152116274758	0.67198035	0.04614153275	0.9886389425	0.276165871804018	0.1808778	0	0.91984304	0.0010708463991725	0.0003019801	1.361019e-05	0.0032471487	95.26379	27	0	286	salt_0_mM_NaCl_MRVA
0.339046835322434	0.31285625	0.0147308605	0.7982326675	0.205375794205589	0.16326275	0.0051770351	0.6146357625	0.534870788365929	0.55284325	0.0313031825	0.97849029	0.192721291940577	0.1007521	0	0.8371513	0.0003375903106735	0.00017394925	1.2620851e-05	0.00146385275	29.76358	15	0	131	salt_0_mM_NaCl_MRVL
0.28915085396767	0.24834815	0.009520467925	0.7636991	0.147418615552435	0.10923285	0.00334506645	0.4858378	0.61246073254763	0.6664902	0.04683892575	0.9890107125	0.266291459965208	0.16675665	0	0.9169693425	0.0004044954121992	0.0001598417	1.2463002e-05	0.001999676075	35.87569	15	0	178	salt_0_mM_NaCl_noLRpMR
0.494451208475831	0.5167346	0.04280312575	0.87733425	0.319158806812833	0.3068482	0.01713907975	0.707006255	0.607351462830762	0.65824685	0.048603509	0.9853917125	0.307491823225268	0.23816175	0.001509541775	0.9166583025	0.0007506771960287	0.0004953317	1.83228805e-05	0.002436371	67.64507	45	1	215	salt_0_mM_NaCl_PC1
0.758813811207011	0.7913572	0.35443376	0.9676712	0.370857486817446	0.340459	0.1020152275	0.792734655	0.86966182798315	0.9183188	0.43240812	0.9973407	0.48443550592849	0.4571223	0.0599421055	0.9565621	2.76681316388e-05	1.997523e-05	1.136981e-05	8.828101e-05	2.72171	2	1	9	salt_0_mM_NaCl_PC2
0.94408657671971	0.9622593	0.7840886	0.9984845	0.699168096110145	0.7016574	0.3494916	0.9879005	0.9464909230603	0.9669932	0.7791778175	0.9989057	0.693481525947052	0.7021875	0.323359185	0.9833059	9.76680432891e-05	8.09316e-05	1.882837e-05	0.0002140154	10.53146	10	3	21	salt_0_mM_NaCl_PC3
0.486761272661988	0.5113435	0.017104165	0.93869896	0.248999718079898	0.2168378	0.006009732	0.7047596	0.728729261208441	0.8259598	0.08048330275	0.99587916	0.384875514399714	0.33794105	0	0.961673	0.0001380043657387	4.63292e-05	1.2050544e-05	0.00083905733	12.5032	5	0	74	salt_0_mM_NaCl_Straightness
0.502067145505253	0.5223947	0.04372443	0.8974637	0.352748686271953	0.34096415	0.0186923455	0.7743030975	0.532280813381788	0.55278055	0.03072847625	0.9738409075	0.24168181507932	0.16047795	0.003005316	0.858302465	0.0017933181793959	0.002053868	4.01486515e-05	0.003438175	159.53366	186	3	297	salt_0_mM_NaCl_TRS
0.997412310038	0.9982142	0.9918401	0.9998828	0.980914504943	0.984539	0.9509033	0.9992904	0.992913460449	0.9936936	0.9804154	0.998804	0.95375658332	0.960339	0.902233	0.9916418	0.00149782645387	0.00150551	0.001289602	0.001867526	126.20931	125	115	149	salt_125_mM_NaCl_aLRL_vs_MRL
0.183217331810414	0.13873745	0.006111131975	0.6004755325	0.0755587046362039	0.056866665	0.0020656187	0.249920085	0.612431114431006	0.66756035	0.04562268625	0.98912062	0.227088994988739	0.1236903	0	0.8890694	0.0003256222915717	9.5941495e-05	1.2471794e-05	0.001628916325	28.65005	8	0	144	salt_125_mM_NaCl_Apical
0.437716130855424	0.40814325	0.023661024	0.946341	0.246858594247919	0.21250335	0.00910457985	0.661142	0.652611292851268	0.72816015	0.04880096	0.993025365	0.330086350425224	0.2389903	1.36565815000002e-06	0.942959625	0.0003858391147518	0.0001896012	1.33914935e-05	0.001967708925	34.21459	17	1	175	salt_125_mM_NaCl_Basal
0.376045991752385	0.34119525	0.01286116275	0.8633877	0.195048945129592	0.154851	0.0049115259	0.5794107625	0.734139854688025	0.8312891	0.087647979	0.9958247325	0.466530103481852	0.4719771	0.00135732535	0.9774029	0.0007942680023173	0.00031636065	1.734529775e-05	0.003176547	71.04753	28	1	280	salt_125_mM_NaCl_Branched
0.322079297111596	0.27896685	0.01309391225	0.81959574	0.162470405893121	0.1262494	0.004711527975	0.5151740675	0.659838362704005	0.7367075	0.05726625775	0.9926439	0.342816823234462	0.2621368	0	0.9516144975	0.0011606887286315	0.0004118791	1.366686775e-05	0.0033568871	103.59839	37	0	294	salt_125_mM_NaCl_Depth
0.301057343767994	0.2533044	0.009271210775	0.80449693	0.139911941711913	0.10350245	0.003107149	0.463682315	0.663631829329583	0.74050095	0.058615275	0.99324292	0.317927646262113	0.22372905	0	0.9496497	0.0002275345638822	0.00010357715	1.2796613e-05	0.000991478437499999	20.22903	10	0	88	salt_125_mM_NaCl_LRD_vs_BZ
0.261215818231279	0.217956	0.00853885332500001	0.7208602	0.127832743087642	0.093315785	0.003023467825	0.432135614999999	0.613805509472827	0.66736935	0.04462889275	0.989202085	0.265678710419509	0.1637849	0	0.9220098875	0.0004708418697098	0.00018533865	1.27649365e-05	0.002432790925	41.72575	16	0	216	salt_125_mM_NaCl_LRD_vs_MR
0.969404862012	0.9814756	0.8624035	0.9993422	0.79989707708	0.7951134	0.5734966	0.9977577	0.885201922146836	0.9780649	0.09195056	0.9995131	0.684789109982631	0.7450964	0.01409243	0.9872941	0.0002697745751249	0.00010714475	1.458343e-05	0.001683673	23.08841	9	4	149	salt_125_mM_NaCl_LRL_vs_MRL
0.989468652917	0.9902647	0.9741491	0.9999729	0.916065414912	0.9155653	0.8176294	0.9996946	0.984429200855	0.9877885	0.9539140475	0.9991972	0.885394635793	0.8971807	0.7311782	0.9901124	0.000869114743949	0.0007878088	0.0005965851	0.001282717	77.91874	66	47	112	salt_125_mM_NaCl_LRL_vs_noLR
0.971083701322	0.9835078	0.85351646	0.9997859	0.84056642257	0.8712493	0.5103279	0.9987449	0.950530743212	0.9712442	0.7782872	0.9976033	0.728909307252	0.7495385	0.36434681	0.9710049	0.0003667478945482	0.000221503	1.264839e-05	0.0009730913	33.00181	18	2	83	salt_125_mM_NaCl_LRL
0.643617476394857	0.6891764	0.09348858775	0.9802556375	0.514349391501295	0.52877155	0.0403801715	0.9555806	0.471604024893784	0.46544225	0.0253896225	0.954173975	0.174363047318064	0.09804477	4.59181015000006e-06	0.7575232475	0.0006320247533639	0.0002339965	1.443672025e-05	0.00238918485	56.30163	21	1	210	salt_125_mM_NaCl_MRL_vs_TRS
0.334500404125792	0.2897172	0.0126687885	0.8329113775	0.167284066930181	0.1295334	0.0050666188	0.52065176	0.675640208757696	0.7593674	0.06109575625	0.9933910125	0.372124433409285	0.30546815	0.0015632367	0.9582204	0.0011617100549628	0.00076754025	1.792661425e-05	0.0032099798	103.47201	68	1	287	salt_125_mM_NaCl_MRL
0.447940875923172	0.45276565	0.01880524875	0.89295779	0.234235696219176	0.20816865	0.006498010625	0.6297402	0.723370821557057	0.8200405	0.078315071	0.9958076	0.424804399272895	0.4053572	0	0.972032	0.0001383807303947	7.751886e-05	1.241097875e-05	0.0005779282	12.36094	7	0	50	salt_125_mM_NaCl_MRVA
0.264726009403396	0.22507095	0.01065178	0.7187378125	0.12934555670193	0.098427855	0.003305363125	0.42244221	0.615251530324039	0.67011895	0.04728505575	0.9881013225	0.25054704420775	0.14199975	0	0.9109099875	0.000146622317279	6.263312e-05	1.235671325e-05	0.00065575483	12.96151	6	0	58	salt_125_mM_NaCl_MRVL
0.296169731845036	0.2377771	0.008122741125	0.8195708	0.133877851932675	0.095317185	0.003253633475	0.4703783	0.712095187830926	0.8090287	0.07148750875	0.9954058	0.426868630963808	0.387921	0.004458532025	0.971942745	0.0015465531059014	0.001645125	2.147632675e-05	0.0032245854	137.9539	148	2	284	salt_125_mM_NaCl_noLRpMR
0.660834391236078	0.7321638	0.06913352625	0.9844938	0.458109532751657	0.4542156	0.02910478075	0.9375007	0.770560839588199	0.8622274	0.1216962725	0.9955190875	0.525716502455418	0.55721175	0.0127337585	0.97426006	0.0009722106128439	0.0008919171	4.09124245e-05	0.002570284	88.37525	82	4	234	salt_125_mM_NaCl_PC1
0.779299218822115	0.83761065	0.2223392125	0.99868553	0.669176193284462	0.71512335	0.1079568425	0.997681345	0.420967913680438	0.3883109	0.01752604125	0.9500927775	0.111638397623881	0.050531705	0	0.611467832499999	0.0001589383969825	6.0607885e-05	1.200182e-05	0.000849195509999999	14.07685	6	0	77	salt_125_mM_NaCl_PC2
0.995104463011	0.998091	0.9739314	0.9999428	0.971025521213	0.9851954	0.8587694	0.9995099	0.96957608095469	0.9830368	0.8997318	0.9959505	0.861349732166451	0.882324	0.57283246	0.9687975	0.00139530905821	0.001385146	0.001102687	0.001613238	124.1965	123	117	137	salt_125_mM_NaCl_PC3
0.85776437764376	0.8913925	0.5517068625	0.9781851	0.568781648981931	0.5728864	0.2720595	0.845169	0.943339566251422	0.9679452	0.7394563875	0.9986468	0.78224500712485	0.8115274	0.3957764925	0.9903751	0.0001522392467103	0.0001079234	2.431629e-05	0.000472559347499999	15.02988	12	3	42	salt_125_mM_NaCl_Straightness
0.88905356011376	0.9416191	0.5470923525	0.9900771	0.668981634302327	0.7337867	0.2365865	0.9374247	0.942960928448	0.9778156	0.6782041	0.999248	0.79317534739238	0.8745903	0.2971103	0.9948577	0.0002906269035309	0.0002763186	1.31929415e-05	0.0006345458	27.38409	27	1	58	salt_125_mM_NaCl_TRS
0.996657034926	0.9977354	0.9879539	0.9999853	0.971457147386	0.9800921	0.901607	0.9998456	0.990536104744	0.9916602	0.9795468	0.998505	0.920179607578	0.9208275	0.8498554	0.987393	0.001222590602882	0.001213084	0.0009715778	0.001440645	103.13313	103	97	112	salt_75_mM_NaCl_aLRL_vs_MRL
0.207013158595517	0.15375585	0.005836482825	0.6738269425	0.0863310609584893	0.05905246	0.00204917215	0.318967995	0.634034233694267	0.69847705	0.04940373825	0.9915627775	0.273074693514619	0.1734715	0	0.9219436425	0.0002846554377057	0.0001385575	1.33145505e-05	0.00143409	25.00115	12	0	128	salt_75_mM_NaCl_Apical
0.988329647427	0.9916333	0.952139	0.9991018	0.905820883372	0.9273088	0.7213697	0.9908799	0.995884766383	0.9968324	0.9860245	0.9997486	0.960307127711	0.9667609	0.8717544	0.9980771	0.00133892350161	0.001325405	0.00110634	0.001621567	118.84385	117	111	129	salt_75_mM_NaCl_Basal
0.274914111796143	0.2389667	0.0113043845	0.71551035	0.145451699769668	0.11317845	0.0044671509	0.455561922499999	0.589199561510899	0.63312055	0.04101662925	0.9863927375	0.264436978723838	0.1736548	2.10122530000001e-05	0.9057357	0.0010510628103423	0.001180561	1.468571725e-05	0.0026889177	93.43088	107	1	236	salt_75_mM_NaCl_Branched
0.623814588406768	0.6757206	0.05005588125	0.9967074425	0.498915064041287	0.4935364	0.02092636	0.9930542	0.499609504899074	0.5009559	0.0262271005	0.9719305925	0.210587749892904	0.12990145	0.0009921839475	0.83220739	0.0015204950574426	0.00159826	1.6878073e-05	0.003319725425	135.62975	145	1	290	salt_75_mM_NaCl_Depth
0.989658821569	0.991376	0.9649417	0.9990646	0.885507722489	0.8936357	0.7156453	0.987807	0.992341938845	0.992572	0.9787609	0.9996711	0.901579126393	0.8967381	0.7972958	0.9956698	0.000523930621217	0.0005226341	0.0004254343	0.0006088651	45.96312	46	39	53	salt_75_mM_NaCl_LRD_vs_BZ
0.209244615646586	0.14193235	0.004584233	0.7547179	0.0809583812678622	0.055419435	0.00172187455	0.2947715425	0.658184918805409	0.734968	0.05186671	0.9946933425	0.329955133490131	0.24264605	0.0007310539475	0.9498484	0.0008540970423894	0.0003090631	1.4643764e-05	0.003065434	75.66563	27	1	271	salt_75_mM_NaCl_LRD_vs_MR
0.287499871702661	0.2426313	0.009264204975	0.76664972	0.146657244411622	0.1046497	0.0034413983	0.5092375	0.625255600867375	0.68480325	0.047172381	0.99036804	0.29682737610643	0.2077702	0	0.931121525	0.0009413930291849	0.00056745205	1.422126375e-05	0.003249874625	83.59994	50	0	288	salt_75_mM_NaCl_LRL_vs_MRL
0.96276779177987	0.9809473	0.8190682	0.9999461	0.854044731560314	0.8921135	0.4830119	0.9997273	0.943174582923204	0.9670225	0.7329645375	0.9984606	0.774914643329886	0.8140431	0.3201220675	0.9871674	0.00281330522099	0.003040524	0.001608087	0.003533418	253.2587	280	150	300	salt_75_mM_NaCl_LRL_vs_noLR
0.247725256692749	0.19847815	0.00720769460000001	0.718988295	0.114258824119474	0.07896568	0.002344624375	0.416838207499999	0.637238114426871	0.7011929	0.05328295075	0.9909992025	0.279837842130419	0.1770278	0	0.929561975	0.0002490907137893	9.1765165e-05	1.245229025e-05	0.00137983	22.11939	8	0	124	salt_75_mM_NaCl_LRL
0.358963219474403	0.3238893	0.01116768575	0.846246675	0.171874498254374	0.1321047	0.004573535775	0.542915492499999	0.727652126125297	0.8249291	0.0823006845	0.995504305	0.450999644641098	0.42969935	0.0109082395	0.97259873	0.0018220401132687	0.002060692	6.995583925e-05	0.003214443	162.38079	186	7	283	salt_75_mM_NaCl_MRL_vs_TRS
0.531413183258863	0.5365078	0.027256659	0.996304	0.395489883460296	0.3327665	0.01101876675	0.9872372	0.564738488434693	0.5896845	0.031344253	0.9881169	0.269726637332759	0.15910945	0.000374777145	0.9272728	0.0014410225814252	0.0012036825	1.544142425e-05	0.003357397375	128.1406	107	1	292	salt_75_mM_NaCl_MRL
0.344646352021791	0.3145297	0.013727131	0.8350523625	0.206395888150793	0.1578526	0.0052551077	0.6660630675	0.556232058453815	0.5842157	0.03313471	0.9837633825	0.225173251137987	0.12895105	0	0.8829414	0.0006370295527593	0.00027138615	1.3211145e-05	0.00257434885	56.52693	24	0	227	salt_75_mM_NaCl_MRVA
0.554800766146343	0.57897455	0.0331528055	0.9932263475	0.419792555626869	0.37899945	0.01167747175	0.98550743	0.503898253606114	0.50527955	0.025936242	0.974197815	0.175226004386758	0.085623135	0	0.8116402275	0.000337364833442	9.6060815e-05	1.235841575e-05	0.001614481275	30.01468	9	0	142	salt_75_mM_NaCl_MRVL
0.168192443108558	0.1195654	0.004272352775	0.579654942499999	0.0648882352191614	0.044449455	0.001435509	0.2406493975	0.643292946081682	0.71224825	0.0509386745	0.99177784	0.28229974437294	0.18433095	0	0.92609023	0.0006929146514178	0.00037711245	1.270892425e-05	0.002645732675	61.29186	34	0	232	salt_75_mM_NaCl_noLRpMR
0.22621909994351	0.1750311	0.0060030724	0.702273375	0.0991983179560526	0.069193195	0.0021726071	0.364746565	0.647022913795327	0.71641475	0.055437309	0.991640795	0.301393771871635	0.20199425	0	0.940423725	0.0002921052631632	0.0001317199	1.326367075e-05	0.001205589525	26.08725	12	0	109	salt_75_mM_NaCl_PC1
0.462054183234488	0.45954935	0.020420684	0.9376661225	0.291261704929626	0.2494963	0.008632294725	0.7688455	0.625793012392222	0.68868215	0.04339133925	0.991649055	0.33389545440939	0.25173955	0.003248993925	0.947394925	0.0021445011820075	0.0024062875	1.611273825e-05	0.00342088545	193.03559	217	1	296	salt_75_mM_NaCl_PC2
0.897601854479	0.9245991	0.6728812	0.9855868	0.61570133001	0.6196595	0.3492867	0.8702232	0.949767922203	0.9704108	0.7800646	0.9986256575	0.771761984668	0.7914107	0.46810403	0.9853994	0.0001251307977076	4.8891655e-05	1.26546e-05	0.0005676174	12.24426	6	2	50	salt_75_mM_NaCl_PC3
0.954066811995	0.961374	0.875854	0.9889344	0.7037632484898	0.7029078	0.5111688	0.8972515	0.97761322549	0.9842807	0.9143785	0.999422	0.836499314507	0.8494958	0.5935929	0.9941454	0.000312940064805	0.0002432151	6.867071e-05	0.0007256746	27.91298	22	8	59	salt_75_mM_NaCl_Straightness
0.275758064830677	0.22678445	0.00815371145	0.767888149999999	0.1342443302204	0.094600875	0.002811958875	0.4769632075	0.640972336747687	0.7064972	0.05058981975	0.99154698	0.298775073050638	0.19959035	0	0.9403465	0.0003363797890083	0.00014214895	1.2473915e-05	0.001333580225	29.73538	12	0	119	salt_75_mM_NaCl_TRS
0.93425215105036	0.9752518	0.6234386375	0.9999411	0.88487161479538	0.940317	0.486909845	0.9998796	0.730695936756429	0.7940426	0.2283389075	0.9704507	0.525354213707045	0.5451029	0.126593	0.891366	0.00012885690164683	5.087949e-05	5.425611e-06	0.0008326948	30.75384	14	1	193	RR_stained_mucilage_area
0.946441747636	0.95408065	0.86389248	0.9819844125	0.608369867463	0.6108806	0.4211217	0.7831225	0.9542852310422	0.9691077	0.8219116275	0.9970482	0.597899363406785	0.6043372	0.225070685	0.9380765	0.0443464870578	0.04448334	0.01452067125	0.06576395	206.50914	210	68	296	Fruit_number
0.983841573028	0.9859954	0.9602474975	0.9952547	0.841086409301	0.8453306	0.7444955	0.9177357	0.942118527142	0.9509943	0.85009336	0.9835584	0.3536714848076	0.35870905	0.1676205	0.5170935	0.00592000172478	0.005810188	0.0023191789	0.009695736	24.87587	25	11	41	Growth_rate
0.936300983337	0.9549394	0.7776132	0.9874055	0.527388914228	0.5270715	0.3608002	0.6897839	0.948786884218405	0.970412	0.7695266	0.9958367	0.425557535360595	0.4006266	0.1347015	0.827128	0.003569107718327	0.003047878	0.0003185371	0.008993926	16.34093	15	3	41	RGR
0.995128209116	0.9957503	0.9890179	0.9977449	0.891506298082	0.8900704	0.8410583	0.9406365	0.986065206524	0.9891251	0.9633851	0.9942434	0.670482111595	0.6865238	0.521121	0.7743541	0.00484477200707	0.005342885	0.002580443	0.00605005	27.70093	28	18	34	rosette_DM
0.6639816651198	0.7290853	0.100464135	0.9470272875	0.443678466843529	0.4576331	0.04920571	0.78600164	0.734719508100123	0.80199375	0.12161943	0.98935545	0.389294283482794	0.3433067	0.01017063475	0.935473625	0.0002161547679457	8.840578e-05	1.313326925e-05	0.000964795642499999	17.96726	8	1	79	ABA_96h_low_water_potential
0.261762802385124	0.20760375	0.00764382	0.7631974575	0.130563540125295	0.087967825	0.0027805439	0.4798295925	0.59465726164456	0.64003835	0.0406045275	0.9889246325	0.238894123661265	0.1394734	0	0.8973948275	0.0004402080693044	0.0001405799	1.251067125e-05	0.0025661284	40.23822	13	0	235	Oviposition_rate_eggs_female
0.99900969237	0.9995288	0.9957739	0.9999511	0.990059594694	0.9958767	0.9637012	0.9993611	0.983676383573	0.9833432	0.967473	0.9911262	0.838525126812	0.8356202	0.7858462	0.8884401	0.000113608424612	0.000110564	0.0001014826	0.000126829	20.75209	20	17	24	Survival
0.925367463269	0.9464077	0.7435559	0.9909769	0.693499599343	0.69548285	0.4497142	0.9327865	0.970312136893	0.9832585	0.858987345	0.9995969	0.85828583361	0.8855742	0.581098	0.9969439	6.274138202387e-05	6.651721e-05	1.443957e-05	0.0001142014	9.74816	10	3	17	A0
0.610437101409449	0.6530775	0.08002786625	0.9455046	0.425167430030403	0.4282135	0.033984366	0.82397442	0.645608743615854	0.7143983	0.0557329645	0.9913533	0.366576037263752	0.3080846	0.000773194915000001	0.9518751325	0.00062932934853465	0.00044680815	1.247699375e-05	0.001976463	65.77778	47	1	201	drought_A0
0.677380741964274	0.7243524	0.1436816175	0.9773308	0.481869537165222	0.48174545	0.0685004145	0.8850942	0.745485062452813	0.82697275	0.12004088	0.9925388	0.48898104436666	0.5026287	0.006855237725	0.9658021	0.00032930730792866	0.00016683985	1.46437055e-05	0.0014151053	35.03505	19	1	146	drought_Fresh_Weight_28
0.282719300232681	0.2406507	0.009808677225	0.760452845	0.156592274486181	0.11223875	0.0037183242	0.53563362	0.564148588109648	0.5957164	0.03614491125	0.98410069	0.223891860831016	0.129527	0	0.87784973	0.00042275759370537	0.00020724785	1.07045275e-05	0.001501958075	43.67369	21	0	156	drought_projected_leaf_area_day_11
0.589729863163263	0.6261506	0.06315942175	0.96528733	0.435835003603689	0.4241125	0.0263336365	0.922898775	0.537776670446476	0.5553775	0.0297003295	0.98057028	0.243712814235749	0.1442106	0	0.8938504	0.00037237030145835	0.00020618815	1.1298762e-05	0.00129819	38.72617	22	0	133	drought_projected_leaf_area_day_14
0.838546496293717	0.8957337	0.35893114	0.9984674	0.717218927721861	0.7613762	0.1954544325	0.996145715	0.596463277676914	0.6407621	0.055008985	0.96689747	0.267047133971302	0.21652575	0.000553770747500001	0.8089888475	0.00022703978630128	8.4787455e-05	1.1148587e-05	0.001075108875	23.98798	10	1	110	drought_projected_leaf_area_day_16
0.561072069139019	0.5943013	0.05876781475	0.927851629999999	0.357354627852641	0.35169265	0.0256398775	0.7403801975	0.676237423202169	0.7576111	0.06179682875	0.992898985	0.390508260600135	0.3362698	0.002572951325	0.960338675	0.00046273524081843	0.00035165835	1.13140815e-05	0.001443493	48.04797	37	1	149	drought_projected_leaf_area_day_18
0.852610266169741	0.90661145	0.3978352525	0.9996044	0.79540762291863	0.85434435	0.2670326125	0.99932153	0.334886356349211	0.2982179	0.014036991	0.8359279	0.0818793772289558	0.03957078	0	0.4076982	0.00039591097100836	0.0001210412	1.10524865e-05	0.001850700525	40.84637	13	0	190	drought_projected_leaf_area_day_20
0.82567692475647	0.88224495	0.330893435	0.9962556	0.651168495839139	0.6759399	0.168384995	0.9868106	0.793909083815936	0.884872	0.137326165	0.9964347	0.56411545066682	0.6078624	0.02584522425	0.9818151	0.002241731394218	0.002286852	0.0006986963925	0.003037198	233.25058	237	73	299	drought_projected_leaf_area_day_22
0.862129906125278	0.90344285	0.49037177	0.9991627	0.779225274854128	0.8183791	0.32613639	0.9974549	0.519765014638632	0.5270331	0.0258090175	0.9666398	0.253484938026915	0.1521378	6.44191360000002e-05	0.8483315625	0.00086466283252463	0.00075916985	1.2920261e-05	0.002254259	89.66804	77	1	234	drought_projected_leaf_area_day_24
0.85891747854879	0.90417855	0.46561873	0.9996474	0.780789057342285	0.82795485	0.3092587275	0.999374	0.450950066870145	0.4463062	0.02257758275	0.923247	0.169834248224614	0.10400485	0	0.6855854725	0.00051474693444209	0.00034712965	1.1495544e-05	0.001681450825	53.4452	36	0	174	drought_projected_leaf_area_day_25
0.8398081836335	0.87475325	0.4816267275	0.9977743	0.75467358775642	0.7841104	0.34016617	0.9954085	0.472149557784525	0.472425	0.02836682625	0.9358345	0.196615576492843	0.13543685	9.65607075000003e-05	0.723535034999999	0.00026462679562932	0.00018131165	1.329415775e-05	0.0008977407	27.71523	19	1	96	drought_projected_leaf_area_day_26
0.810940596630183	0.84272905	0.447120995	0.9936429425	0.73168343071457	0.7601958	0.31904179	0.987852045	0.391434376729741	0.3689552	0.01875398625	0.87605715	0.122546325099246	0.06605712	0	0.5575594	0.00033106469460297	0.00017670805	1.127673125e-05	0.00124602355	34.17968	19	0	129	drought_projected_leaf_area_day_27
0.79399179652071	0.8362418	0.357805055	0.99656093	0.687918594579531	0.7165935	0.2218481975	0.9914468	0.484426385709342	0.48558345	0.02563749575	0.955472	0.197652840718269	0.12044325	0.000315006735	0.787710642499999	0.00040618435043957	0.00025819535	1.271944075e-05	0.001428266225	42.25479	27	1	149	drought_projected_leaf_area_day_28
0.412404958123015	0.4119411	0.02883063075	0.82375791	0.269500637426346	0.24846135	0.0111654	0.64809042	0.521688866511207	0.5332862	0.02954803525	0.97601739	0.210083851320068	0.11479765	0	0.8571463	0.00024958535913994	0.00016664745	1.12915805e-05	0.0008959886	25.55331	17	0	91	drought_projected_leaf_area_day_8
0.356442655307351	0.3231303	0.01714560175	0.8505873	0.210218131659852	0.1672249	0.006873224475	0.6546510725	0.590297968559002	0.63526885	0.0409984885	0.9855342925	0.271160812855413	0.1769954	0	0.9114680825	0.00064140825714203	0.00030510325	1.174192175e-05	0.002362938325	66.3332	31	0	245	drought_r
0.414699871663848	0.40154235	0.01964331975	0.881839392499999	0.219786726655072	0.18695825	0.007306030525	0.6279092	0.632751058516939	0.7009338	0.04716750475	0.99098956	0.284022237699643	0.1973698	0	0.9138763525	0.00021802426350067	7.6392575e-05	1.041225125e-05	0.001516853125	22.52341	8	0	155	drought_Relative_Water_Content_24
0.940538364096	0.9573917	0.7927411	0.9935788	0.670821643164	0.674281	0.416002	0.925905205	0.969574030607	0.9824606	0.86099966	0.9991897	0.801520514237	0.8175514	0.5236854	0.9868137	7.159102320207e-05	3.107287e-05	1.004734e-05	0.0003333061	8.05423	4	1	36	drought_Water_Content_24
0.90012049532497	0.9419923	0.5812637075	0.9995982	0.82891381589855	0.86384915	0.460973325	0.998934455	0.566777553857811	0.61672675	0.03196609075	0.9561022	0.267132758538435	0.2352426	0.004958077	0.7113059	0.00106336405625678	0.00088332045	2.00080545e-05	0.002789865	110.79289	96	3	285	Fresh_Weight_28
0.361567906775221	0.32773005	0.01455944825	0.8639565	0.203023806048298	0.16069045	0.00561999795	0.6242717	0.636007188559851	0.70172375	0.05001778425	0.99067782	0.330620796655893	0.24917725	0	0.94403536	0.00083941387710725	0.00059400345	1.146760875e-05	0.0023400597	87.17353	62	0	239	projected_leaf_area_day_11
0.581503176065413	0.61679555	0.06269884825	0.957025045	0.404687410643087	0.3870241	0.02814991625	0.87373716	0.621644627774655	0.67246845	0.0602440925	0.98022488	0.292197119857137	0.2402738	0.0021845826	0.877373695	0.00058524834203922	0.00024375085	1.091702e-05	0.002172883475	60.8919	26	1	223	projected_leaf_area_day_14
0.456687805142309	0.46154855	0.030852939	0.88992601	0.278212571794687	0.25210485	0.011258497	0.7105277	0.640049765004524	0.7048076	0.052370128	0.9884379	0.332525248642028	0.27550475	0	0.936673595	0.0001855701965806	5.811138e-05	1.0502636e-05	0.0009556419	19.25339	7	0	97	projected_leaf_area_day_16
0.382266120663935	0.3558572	0.0189491375	0.877460835	0.234654214475369	0.1942455	0.0070538325	0.674316742499999	0.554112569068619	0.5832091	0.03488256375	0.9787663	0.20413729536902	0.11851125	0	0.840148425	0.00033206709742251	0.0001003529	1.070637425e-05	0.001938541725	34.12458	10	0	196	projected_leaf_area_day_18
0.814111866216836	0.8752086	0.2786894475	0.9989956	0.666568440427639	0.69684525	0.14007238	0.997398525	0.608566262106484	0.66359555	0.050135237	0.9712887675	0.232757316501929	0.1841704	0.0003017519725	0.7765833	0.0001276591699646	4.456457e-05	1.054168e-05	0.000738942824999999	13.56705	5	1	76	projected_leaf_area_day_20
0.378461534652705	0.3629835	0.0221167705	0.82507283	0.223875272363817	0.1921743	0.00830380042500001	0.6094796975	0.590893586435157	0.6347055	0.0441200875	0.985168	0.267150313676341	0.17180485	0	0.91291093	0.00029873747209424	0.000123515	1.08361045e-05	0.001555389075	30.86746	13	0	159	projected_leaf_area_day_22
0.614692471824221	0.64706625	0.122964745	0.9381197325	0.477139597774045	0.4882601	0.05794675	0.8587040425	0.481300059120292	0.4823042	0.025599866	0.9570190275	0.191207027425706	0.1164544	1.87677105000001e-05	0.785609032499999	0.00122524110249701	0.001071173	1.266794525e-05	0.002892764	127.21603	112	1	294	projected_leaf_area_day_24
0.656877072169058	0.69456185	0.1461851575	0.973060745	0.448153148149704	0.43104665	0.0717222065	0.8971262	0.782519516768881	0.852415	0.21340546	0.9941860275	0.555474129073182	0.576583	0.01126789625	0.9718378	0.00015778266133181	6.948809e-05	1.116260175e-05	0.000695455	17.15216	8	1	72	projected_leaf_area_day_25
0.617565558538215	0.6503515	0.1293317225	0.9362008525	0.468749192648535	0.4780491	0.06349927425	0.839809615	0.49489093338496	0.5012795	0.026438632	0.95625857	0.179091604936366	0.11196095	2.31998947500002e-05	0.7405448875	0.00052020510644299	0.00022492155	1.14805175e-05	0.001917943	53.85188	23	1	196	projected_leaf_area_day_26
0.610443621361921	0.63962915	0.103771625	0.9702792075	0.449692443404234	0.44239345	0.0485555565	0.916104665	0.578952673185724	0.61892955	0.04062418975	0.980054685	0.280430698213076	0.2043044	0.000828002912500001	0.89555385	0.00050922859455661	0.00043100495	1.363058425e-05	0.0013551151	52.64306	44	1	139	projected_leaf_area_day_27
0.609550293698075	0.6582939	0.072836342	0.9359603425	0.36401928047325	0.3552272	0.03020492425	0.744409885	0.683733565369303	0.77414695	0.0589571685	0.9927017575	0.343320458529679	0.2941388	0.00085474522	0.93151076	0.00017876514982377	4.091696e-05	1.029580775e-05	0.000970588285	18.7715	5	1	99	projected_leaf_area_day_28
0.564889514301045	0.58628045	0.0458677385	0.9932114125	0.427719768097224	0.3891107	0.018497369	0.98670289	0.511661047158786	0.5221846	0.02863507675	0.9709448375	0.201826150951635	0.1187446	0	0.822150232499999	0.00031085021351441	0.0001727924	1.128113475e-05	0.001287583	32.14844	18	0	136	projected_leaf_area_day_8
0.304679388431192	0.2651479	0.01040911525	0.78745814	0.161518034762179	0.1183858	0.003604082	0.544651	0.595061957829691	0.64184695	0.04071764525	0.98779447	0.240545225070458	0.13569505	0	0.9040072525	0.00016871884124671	5.97447e-05	1.06662985e-05	0.001035269	17.4601	6	0	107	r
0.4416627783829	0.43036425	0.0397347915	0.8933295725	0.301695803928628	0.2715465	0.016991611	0.7442323425	0.495537485236156	0.50013865	0.0262658855	0.960454875	0.15591343456506	0.084766665	0	0.706958272499999	0.00025204720681939	0.0001107062	1.0872952e-05	0.00100072305	25.66335	11	0	101	Relative_Water_Content_24
0.805891740688597	0.8904106	0.17730329	0.9954144	0.604049116950542	0.6393042	0.081159519	0.9822963	0.847180209694783	0.9283607	0.19396526	0.9973387	0.633578040360011	0.7028155	0.0098908761	0.9835604	0.0004151658505278	0.0003070715	1.311457e-05	0.001087464275	44.20538	34	1	114	Water_Content_24
0.550973172703119	0.5650099	0.08395119925	0.9235251	0.255536746100197	0.2484292	0.031535774	0.5252038475	0.71764487978521	0.8179047	0.072020221	0.9955355	0.292308947378134	0.19856935	0.0004069835725	0.92073324	0.00038042662458829	0.0001893813	6.75555335e-06	0.001283114	76.72037	39	1	251	drought_index
0.7866670201663	0.83431855	0.3787540925	0.9636006	0.4833827488301	0.4881837	0.21770829	0.7223374625	0.814891223167652	0.8930219	0.1862426125	0.9934119	0.440653530754529	0.45279295	0.00405560790000001	0.8980583	9.691159407526e-05	7.843332e-05	7.997188275e-06	0.0003718654525	20.44938	16	2	74	Survival_insitu_Madrid
0.231105549833282	0.15717465	0.0053422644	0.8363782925	0.0724824336247795	0.04744028	0.001461681025	0.2902848	0.677529923546528	0.760792	0.0612770575	0.99544082	0.210144668173653	0.09541481	6.4319844500009e-08	0.890711	0.00033968352756004	0.0001925681	5.962607e-06	0.001253614675	68.39228	39	1	249	Survival_insitu_Tubingen
0.680788097729775	0.70128915	0.29387524	0.9541566	0.476046769646493	0.4492578	0.1530768	0.900771165	0.686475900829229	0.7891439	0.0515129765	0.9943679925	0.449989695652489	0.46104125	0	0.970458035	2.582735153168e-05	1.263506e-05	5.1116825e-06	0.0001261343625	5.55339	3	0	27	Pi_uptake_under_Pi_deficient_conditions
0.741800811777004	0.7779708	0.31009307	0.9812546	0.638195148586368	0.6506225	0.2153776	0.9637877	0.545310708516213	0.5795202	0.02889558575	0.9709868	0.337559495851095	0.3116923	6.46596272500001e-07	0.9077797125	4.359977562335e-05	2.728821e-05	5.481443575e-06	0.0001561319525	8.93368	6	1	32	Pi_uptake_under_Pi_sufficient_conditions
0.962720272587	0.96703805	0.9130983	0.9848265	0.703260438914	0.70403695	0.604454	0.7981043	0.974465378151	0.9796834	0.9185905	0.9946575	0.745447437568	0.751687	0.5254258	0.9105423	0.004729723352011	0.004783488	0.001210991	0.007913313	57.44602	59	19	89	base_perc
0.948882788839	0.9610987	0.84010082	0.991000995	0.876562626991	0.8803915	0.778433265	0.95313	0.685874023281976	0.7462764	0.1491445075	0.9231024625	0.116386204059465	0.1076575	0.0032192659	0.282281042499999	0.0037942332887799	0.003590824	0.0002362366425	0.009623709	44.89278	43	3	114	d11_10C_perc
0.941878908363	0.9573052	0.8050811375	0.984721	0.776398037205	0.7803481	0.6536607	0.87607989	0.812612148954301	0.8826482	0.22840219	0.9680057	0.25181137387152	0.2402714	0.00727316025	0.542024384999999	0.0111915843006944	0.01298874	0.0003065399	0.01970883	131.09523	156	4	220	d11_4C_perc
0.947265237081	0.9612823	0.8208779475	0.9892656	0.806649597065	0.80994315	0.6920396	0.9038235025	0.801504367844949	0.87115805	0.2021465075	0.964344015	0.209705924789047	0.19880035	0.005433398275	0.5090997	0.015677321684188	0.01627983	0.001777531475	0.02576695	183.68231	190	22.9750000000004	294	d15_10C_perc
0.955062870103	0.9668983	0.81917014	0.9848595	0.736086697934	0.7396466	0.612600425	0.8384709675	0.898664145290887	0.94295975	0.384482635	0.9822576	0.392441071410814	0.4067234	0.02939582	0.6762357	0.017261971558384	0.01888039	0.0007841234	0.02479052	202.654	222	9.97500000000036	283	d15_4C_perc
0.895199631923	0.9072096	0.752763165	0.9769006	0.802607340251	0.80640235	0.688275515	0.8961378075	0.546969375158576	0.59586425	0.03499761	0.9240027425	0.0751947885948367	0.04507908	3.92915550000024e-07	0.2985361	0.0067797663651895	0.006056846	0.0001084792075	0.01879205	79.47292	72	1	217	d22_10C_perc
0.920084485769	0.9482676	0.7206487925	0.9796388	0.685562949014	0.68822095	0.5430492325	0.8146745	0.817252079822823	0.92261235	0.1385571575	0.9803989	0.309569265218316	0.3346272	0.0017613947	0.6620659	0.0115310912371269	0.01363109	0.0002717824775	0.0193881	134.99982	163	3	222	d22_4C_perc
0.92102643319	0.9409155	0.7734687725	0.9824944	0.786936678753	0.7914319	0.6571379425	0.8936910875	0.690885122995743	0.8011287	0.06587196375	0.9597955	0.174510027500124	0.1430648	0.000477866655	0.5000915	0.0106515600106765	0.009701862	0.0002015402175	0.02597946	124.72302	114	2	296	d32_10C_perc
0.945821124783	0.955222	0.83173987	0.9817029	0.625678657017	0.6272221	0.4695319	0.7737593825	0.932948053431717	0.9602698	0.6459163725	0.9948171	0.49348229846726	0.4928438	0.078039534	0.8921294	0.018444797973314	0.021184535	0.003049755025	0.02668395	215.92768	251	37	296	d32_4C_perc
0.989825805235	0.9930311	0.96080012	0.9996911	0.942985719445	0.9444285	0.871695	0.9963196	0.882664428555	0.905767	0.6532545625	0.9720691	0.244214505109407	0.2271485	0.07178804	0.462693	0.005293410661243	0.00532755	0.001554254	0.007931968	63.60264	65	20	92	d4_10C_perc
0.962231611553	0.967304	0.9081514475	0.9873235775	0.812667925758	0.8153548	0.719275995	0.889614	0.87778000351055	0.8996446	0.6678019	0.9607674	0.285653844012635	0.2870898	0.080318856	0.489552	0.0147076733592	0.01508184	0.006767461925	0.0209408615	171.52206	177	79	233	d4_4C_perc
0.91343796047	0.92987235	0.7746133975	0.9830323175	0.820057096997	0.8230435	0.7272358575	0.8969972075	0.619142511605709	0.7027794	0.0472216545	0.9388009275	0.10557921617334	0.07866014	7.638440525e-05	0.3372023	0.0084247521031099	0.005477146	0.0001211900875	0.02546395	98.6626	65	1	292	d8_10C_perc
0.973042740159	0.9774541	0.9309739	0.9917839	0.815211505439	0.8184588	0.7060114	0.9065201	0.91495169512397	0.93053615	0.7561518	0.9803521	0.349734397232533	0.333162	0.1033266275	0.6549766	0.0214008396824	0.02178913	0.01380614	0.02711979	249.69142	254	164	298	d8_4C_perc
0.999144609803	0.9994362	0.9969514	0.9999709	0.985866754547	0.9893797	0.9557998	0.9995997	0.978926016864	0.9813222	0.9574385	0.9903874	0.591164743155	0.6060644	0.4752193	0.6683413	0.00262387914033	0.002606227	0.001671664	0.003781132	50.20864	56	29	61	DSDS50
0.994595837003	0.995008	0.9883865	0.9978479	0.927806682197	0.9285959	0.87858	0.9709825	0.971089804319	0.9745697	0.9360251	0.9861965	0.592169602084	0.6062393	0.417008	0.697273	0.00559250851473	0.005763365	0.003419546	0.007591407	70.99828	75	41	89	DTbolt
0.997708524341	0.9982145	0.9927394	0.9994909	0.964980908762	0.9691904	0.9099725	0.9890821	0.966083591013	0.9700344	0.9268443	0.9864121	0.431370051579	0.4309329	0.3402731	0.525525	0.001561611112473	0.001587341	0.0006642256	0.002334958	22.07328	23	14	31	DTflower
0.995619703458	0.9958807	0.9914184	0.9983887	0.918438492758	0.9177858	0.8728348	0.9552754	0.982092028254	0.9836321	0.9664566	0.9926778	0.637247294676	0.630938	0.5241637	0.7508933	0.00292519970726	0.002935705	0.002048448	0.003728338	38.56361	38	32	47	DTfruit
0.990666404431	0.9909924	0.9834405	0.9959236	0.77373683412	0.7704334	0.7362184	0.8104415	0.999261481245	0.9995571	0.9972945	0.999921	0.978361724534	0.9869511	0.9349159	0.9974542	0.00717478367287	0.007397887	0.005169512	0.008530539	81.4119	80	74	96	DTgerm
0.978142524785	0.9815775	0.93891	0.9947415	0.827016812979	0.8286292	0.723306	0.9194045	0.9349037585974	0.9502424	0.7962525	0.9794256	0.393942146514243	0.4027203	0.147171	0.5937924	0.01381310497042	0.01442678	0.005855521	0.01985123	163.04624	172	72	229	DTharvest
