id,FT_variance,FT_Manzano.Piedras_2014,FT16_1001GC_2016,FT10_1001GC_2016,FT_Vidigal_2016,FT_Kooke_2016,FT_Aranzana_2005,FT10_Atwell_2010,FT16_Atwell_2010,FT_mhi,FT_mhp,FT_mli,FT_mlp,FT_thi,FT_thp,FT_tli,FT_tlp
88,2370.25114780963,61.25,50.5,83.6396003204511,109.465596851505,110.793098484715,119.098738028083,120.692644444139,158.664563854911,158.378702163493,161.148022281578,165.263095833342,19.27333333403,37.572,52.215,56.52,130.020453610921
108,2448.65725704654,70,52.25,84.5766430067567,110.163900227901,110.676077542754,115.713743324744,122.590116666832,159.088176320825,158.852166081646,162.552257314552,165.649511508911,18.37000000079,33.145,47.874167,56.16,137.271836647116
139,2439.97055119032,68.75,52.75,91.3628754153454,111.622226582174,112.979571924459,119.911299546526,126.024715872293,159.60826943185,159.911104233836,163.159179228857,166.60997222325,19.23833333383,36.283,49.6725,59.465,141.293619191919
159,2425.59676315174,72,56.75,95.3016382956045,107,114.75,126.5,133,160.2857143,162.75,161.4,167,18.8850000009,39.293,50.53,59.695,141.994632198927
265,2438.53611623121,63.5,47.25,60.2872976547394,100.1666667,98.5,112,113,157.1428571,155,159.1666667,168,16.71833333392,32.376,48.3575,55.585,122.720168242291
350,2357.00202823679,68.5,51.5,69.1412174662809,107.915582371581,110.137207583233,114.913159139808,117.499729822396,157.946893492673,155.39901658955,160.745178050727,165.476268799629,17.85000000069,35.973,51.0125,55.235,127.858054728066
351,2395.38818508183,69.25,65.33333333,93.76067407595,109.648098038734,111.281811404942,118.977070995308,127.218574673575,158.897149479484,160.35699390749,163.232608215271,167.042073325199,17.7050000005,34.706,49.164167,57.595,138.93929178837
403,2290.28232934215,63.5,54.25,91.4283895795094,105.4285714,102.3333333,105.2,111.75,159.6666667,159.1428571,157.6,166.5,19.1700000009,39.905,50.84,59.04,140.374915910149
410,2360.59515314555,76,65.25,99.5046667123308,109.610957882409,111.171055557315,117.224565983238,124.439142856143,158.581114307087,158.987637329752,162.559065689214,167.147968063129,17.4116666673,33.424,47.499167,56.33,137.081574333173
424,2044.4454244193,83.25,68.25,119.297192286874,112.287155187295,114.450088594279,123.754867010966,130.9774166685,160.342858121179,162.780800562539,164.506254897009,167.647888889917,23.8366666672,56.187,60.6725,65.53,143.505673417061
428,2375.09860759108,75.75,59,83.0060507554217,109.702005023325,110.650492552063,116.981810596759,124.28826024717,159.067785719895,159.009098348553,163.095899170606,165.7163397994,18.48500000049,33.116,50.844167,56.745,136.56230457678
430,2091.61352303053,92.3333333333,55,99.7157299077356,112.586930243995,115.227989469939,120.840269005062,127.638397907204,160.206699760093,161.438406650349,163.159175217481,166.823960318752,22.5,56.772,58.285,63.695,142.348143433406
470,2056.81478832508,80.1750621455258,78.3863311185436,101.216137621183,112.078224289953,112.646743977204,120.059541625589,129.811028861644,160.337161047714,160.243516944128,164.061963305985,167.367916436831,22.6833333339,46.051,60.735,63.84,140.597346817942
476,2056.81478832508,80.1750621455258,78.3863311185436,101.216137621183,112.078224289953,112.646743977204,120.059541625589,129.811028861644,160.337161047714,160.243516944128,164.061963305985,167.367916436831,22.6833333339,46.051,60.735,63.84,140.597346817942
484,2056.81478832508,80.1750621455258,78.3863311185436,101.216137621183,112.078224289953,112.646743977204,120.059541625589,129.811028861644,160.337161047714,160.243516944128,164.061963305985,167.367916436831,22.6833333339,46.051,60.735,63.84,140.597346817942
504,2056.81478832508,80.1750621455258,78.3863311185436,101.216137621183,112.078224289953,112.646743977204,120.059541625589,129.811028861644,160.337161047714,160.243516944128,164.061963305985,167.367916436831,22.6833333339,46.051,60.735,63.84,140.597346817942
506,2056.81478832508,80.1750621455258,78.3863311185436,101.216137621183,112.078224289953,112.646743977204,120.059541625589,129.811028861644,160.337161047714,160.243516944128,164.061963305985,167.367916436831,22.6833333339,46.051,60.735,63.84,140.597346817942
531,2056.81478832508,80.1750621455258,78.3863311185436,101.216137621183,112.078224289953,112.646743977204,120.059541625589,129.811028861644,160.337161047714,160.243516944128,164.061963305985,167.367916436831,22.6833333339,46.051,60.735,63.84,140.597346817942
544,2056.81478832508,80.1750621455258,78.3863311185436,101.216137621183,112.078224289953,112.646743977204,120.059541625589,129.811028861644,160.337161047714,160.243516944128,164.061963305985,167.367916436831,22.6833333339,46.051,60.735,63.84,140.597346817942
546,2056.81478832508,80.1750621455258,78.3863311185436,101.216137621183,112.078224289953,112.646743977204,120.059541625589,129.811028861644,160.337161047714,160.243516944128,164.061963305985,167.367916436831,22.6833333339,46.051,60.735,63.84,140.597346817942
628,2056.81478832508,80.1750621455258,78.3863311185436,101.216137621183,112.078224289953,112.646743977204,120.059541625589,129.811028861644,160.337161047714,160.243516944128,164.061963305985,167.367916436831,22.6833333339,46.051,60.735,63.84,140.597346817942
630,2334.85133823764,73.5,58.75,81.0797296749462,110.781901480087,112.396138660975,118.356791390594,129.569038385517,159.381838797373,159.473886182309,163.231750641817,167.003767265011,20.3200000005,38.716,52.6475,60.85,138.372248608878
680,2056.81478832508,80.1750621455258,78.3863311185436,101.216137621183,112.078224289953,112.646743977204,120.059541625589,129.811028861644,160.337161047714,160.243516944128,164.061963305985,167.367916436831,22.6833333339,46.051,60.735,63.84,140.597346817942
681,2056.81478832508,80.1750621455258,78.3863311185436,101.216137621183,112.078224289953,112.646743977204,120.059541625589,129.811028861644,160.337161047714,160.243516944128,164.061963305985,167.367916436831,22.6833333339,46.051,60.735,63.84,140.597346817942
685,2056.81478832508,80.1750621455258,78.3863311185436,101.216137621183,112.078224289953,112.646743977204,120.059541625589,129.811028861644,160.337161047714,160.243516944128,164.061963305985,167.367916436831,22.6833333339,46.051,60.735,63.84,140.597346817942
687,2056.81478832508,80.1750621455258,78.3863311185436,101.216137621183,112.078224289953,112.646743977204,120.059541625589,129.811028861644,160.337161047714,160.243516944128,164.061963305985,167.367916436831,22.6833333339,46.051,60.735,63.84,140.597346817942
728,2056.81478832508,80.1750621455258,78.3863311185436,101.216137621183,112.078224289953,112.646743977204,120.059541625589,129.811028861644,160.337161047714,160.243516944128,164.061963305985,167.367916436831,22.6833333339,46.051,60.735,63.84,140.597346817942
742,2056.81478832508,80.1750621455258,78.3863311185436,101.216137621183,112.078224289953,112.646743977204,120.059541625589,129.811028861644,160.337161047714,160.243516944128,164.061963305985,167.367916436831,22.6833333339,46.051,60.735,63.84,140.597346817942
763,2645.91690594623,65.75,39,73.8489334405974,109.5,105.6,109.4,121.80883772018,164,164.5,165,169.5,17.24333333409,37.454,51.9325,56.395,133.990811851271
765,2527.28543577491,56.75,36.66666667,71.8182336784183,111,115.25,105.6,106.3333333,159.8571429,158.4,163.5714286,165.2,18.42000000052,37.511,52.465,55.375,130.087960762565
766,2204.47614779473,63.5,41.75,60.7100895397672,100.5714286,98,102.5,117.374605335322,152.4285714,143.4,150.6666667,160,16.40666666722,33.376,48.391667,53.985,124.114386964286
768,2079.10041591343,76.5,78.25,84.1752907557373,105.6,107.2,108.6,120.3333333,159.2857143,155.6666667,161.4,166,20.61500000047,40.879,54.9,59.64,134.814934659091
772,2246.73989150665,67.5,43.5,73.0327277285894,100.8333333,108.25,107.6666667,116.5,157.4285714,150.3333333,154.7142857,161.6666667,17.86666666729,36.107,52.7675,55.195,130.125757604428
801,1737.05689514325,94.75,88.25,171.515579117045,119.1428571,128.4,122.75,128,163.2857143,164,163.7142857,166.6,28.3983333342,89.053,81.2175,80.61,156.895716559212
853,2056.81478832508,80.1750621455258,78.3863311185436,101.216137621183,112.078224289953,112.646743977204,120.059541625589,129.811028861644,160.337161047714,160.243516944128,164.061963305985,167.367916436831,22.6833333339,46.051,60.735,63.84,140.597346817942
854,2056.81478832508,80.1750621455258,78.3863311185436,101.216137621183,112.078224289953,112.646743977204,120.059541625589,129.811028861644,160.337161047714,160.243516944128,164.061963305985,167.367916436831,22.6833333339,46.051,60.735,63.84,140.597346817942
867,2056.81478832508,80.1750621455258,78.3863311185436,101.216137621183,112.078224289953,112.646743977204,120.059541625589,129.811028861644,160.337161047714,160.243516944128,164.061963305985,167.367916436831,22.6833333339,46.051,60.735,63.84,140.597346817942
868,2056.81478832508,80.1750621455258,78.3863311185436,101.216137621183,112.078224289953,112.646743977204,120.059541625589,129.811028861644,160.337161047714,160.243516944128,164.061963305985,167.367916436831,22.6833333339,46.051,60.735,63.84,140.597346817942
870,2287.89460944555,72.5,62.25,88.5478192674314,110.987057382214,112.51582928259,119.930095416316,128.86908838492,159.622474063609,160.128387837047,163.760128450018,166.595210684569,20.8716666673,39.425,53.0975,61.29,137.524990969989
915,2527.32076355481,63.75,43.5,75.2238614827186,108.2857143,114.3333333,118.25,134.3333333,162.5,149.75,164.8571429,167,18.9000000006,37.409,51.0225,57.935,135.556493237014
932,2143.47595221497,78,68.75,102.833515658795,110.6666667,114.3333333,120,128.6666667,162.3333333,160.4,162.3333333,172,22.5366666673,46.923,60.3075,63.88,140.802199025544
991,1657.01782309695,110.5,106.75,193.936997674883,117.608873392571,116.650894247732,126.881234811135,136.101232906402,161.921519603028,161.518998054666,165.421557451048,167.60595742808,30.1983333338,121.512,88.19,85.14,162.277469130239
992,1615.43166063848,116,100,194.475185682624,120.089722976912,119.040485731697,129.032928617285,135.788632155283,162.743816839699,164.888775818802,166.699423417842,167.66017806303,32.2066666671,158.884,105.73,91.41,166.893620926776
997,1715.59676305478,101.25,87.5,188.447320414756,117.879640410551,118.354165496922,127.093072499344,136.497534437551,162.537078633481,163.030152828888,165.879269968047,168.443667559957,30.9866666671,127.633,87.2425,86.42,162.357431154048
1002,1760.66870718572,102.75,86.25,186.062976182181,118.087311662831,117.85905676701,126.032034256107,133.02367626809,162.075795921431,162.960442786946,165.824579024027,167.285215770966,30.2966666674,99.837,83.4,83.87,160.194480464307
1006,2039.27898424372,80.6551575653731,79.8109749548357,102.582683477945,112.267618770027,112.675284270474,120.316040557285,130.028082432156,160.310256285714,160.233316944128,164.046033147861,167.1750147271,22.8083333341,46.23,61.8575,64.13,141.260543246514
1061,1687.55533442797,97.75,94.75,188.210521128028,119.661201772312,119.520342016303,128.435000788998,136.343243267727,163.352033317174,165.040464783474,165.272876500322,167.472703703722,31.8850000003,160.832,98.98,89.96,165.527628331468
1062,1784.30111914507,94,68.25,159.564633038958,116.089541848695,117.640198955917,125.599609805334,135.026891635612,161.79821189392,164.04061626509,166.097411647317,166.985252136974,27.9233333339,90.874,83.94,79.85,156.212812552547
1063,1916.00667290135,84,64.25,139.992592709656,114.685717383208,115.741300198267,124.950339610697,134.687301448744,160.974718243918,162.354156001703,165.330085481245,167.001333334133,26.8050000006,74.294,70.8275,73.2,152.006450556899
1066,1638.64361874337,128,95.1347441120458,186.876721881259,116.086441913353,115.553009710119,123.180164668021,134.274732503941,161.317266611077,160.93651480893,164.374195474762,167.730703579632,30.3850000009,108.232,84.16,84.26,157.635682670945
1070,1671.72813620645,95.1510740475834,91.3894793977238,182.743243831305,117.865688217479,117.85349913003,125.264569849614,134.003693224136,161.888004651764,163.601389564906,165.929360356926,166.686713855485,30.3133333338,121.212,88.2,83.71,160.175890205508
1158,1694.87232983358,98.75,88,185.98180136375,117.739854611389,117.355244763598,127.351545018951,133.299839689882,162.323824435445,164.191171166163,165.466029840794,167.464891204656,30.9383333337,129.63,90.31,85.24,163.537573807658
1166,1662.18375457855,101.53958547966,98.6042276050743,191.101829079731,118.353466358577,117.151993573989,127.226908109121,135.286169415339,162.124674293008,162.980056531205,165.552642493043,167.519087037272,31.2366666671,135.852,92.46,85.05,163.110930796906
1254,1669.76211529867,92,106,188.215802731361,119.358781874749,118.2425199737,129.248214942887,136.235113637727,162.925665244038,164.687983722953,166.006415323204,168.135975072175,31.0083333339,151.985,98.9125,87.18,165.032333331468
1257,1682.58780953332,94.6666666667,93.25,184.958020835976,117.920519601017,117.000129188777,127.851259966393,135.349656187191,162.581537314592,164.430146081257,165.586187178214,167.867523378785,30.8216666671,127.131,90.6,85.75,163.603467974325
1313,1696.30072688856,98.9050905371777,103.000339180058,194.881049829777,118.396162325317,117.753333355564,128.425327906562,135.86690476396,163.148533255294,164.563277181634,165.69120942948,168.166953704239,31.3550000004,153.064,99.3275,88.4,165.731866664801
1317,1685.2641289269,104.25,102,198.2535522245,118.881616408686,117.304069963939,128.638636241357,136.255675807465,162.804932062094,164.71016233602,165.740646131448,168.019287037156,32.0150000005,156.993,103.6175,90.34,166.431603331468
1552,1494.06509841004,104,115.3333333,177.68553866173,114.1428571,119.2,114,132.5,163.7142857,163,164.2,166,30.4783333338,142.875,101.0725,86.32,163.74568228467
1612,2056.81478832508,80.1750621455258,78.3863311185436,101.216137621183,112.078224289953,112.646743977204,120.059541625589,129.811028861644,160.337161047714,160.243516944128,164.061963305985,167.367916436831,22.6833333339,46.051,60.735,63.84,140.597346817942
1622,2056.81478832508,80.1750621455258,78.3863311185436,101.216137621183,112.078224289953,112.646743977204,120.059541625589,129.811028861644,160.337161047714,160.243516944128,164.061963305985,167.367916436831,22.6833333339,46.051,60.735,63.84,140.597346817942
1651,2056.81478832508,80.1750621455258,78.3863311185436,101.216137621183,112.078224289953,112.646743977204,120.059541625589,129.811028861644,160.337161047714,160.243516944128,164.061963305985,167.367916436831,22.6833333339,46.051,60.735,63.84,140.597346817942
1652,2056.81478832508,80.1750621455258,78.3863311185436,101.216137621183,112.078224289953,112.646743977204,120.059541625589,129.811028861644,160.337161047714,160.243516944128,164.061963305985,167.367916436831,22.6833333339,46.051,60.735,63.84,140.597346817942
1676,2056.81478832508,80.1750621455258,78.3863311185436,101.216137621183,112.078224289953,112.646743977204,120.059541625589,129.811028861644,160.337161047714,160.243516944128,164.061963305985,167.367916436831,22.6833333339,46.051,60.735,63.84,140.597346817942
1684,2056.81478832508,80.1750621455258,78.3863311185436,101.216137621183,112.078224289953,112.646743977204,120.059541625589,129.811028861644,160.337161047714,160.243516944128,164.061963305985,167.367916436831,22.6833333339,46.051,60.735,63.84,140.597346817942
1739,2056.81478832508,80.1750621455258,78.3863311185436,101.216137621183,112.078224289953,112.646743977204,120.059541625589,129.811028861644,160.337161047714,160.243516944128,164.061963305985,167.367916436831,22.6833333339,46.051,60.735,63.84,140.597346817942
1741,2056.81478832508,80.1750621455258,78.3863311185436,101.216137621183,112.078224289953,112.646743977204,120.059541625589,129.811028861644,160.337161047714,160.243516944128,164.061963305985,167.367916436831,22.6833333339,46.051,60.735,63.84,140.597346817942
1756,2056.81478832508,80.1750621455258,78.3863311185436,101.216137621183,112.078224289953,112.646743977204,120.059541625589,129.811028861644,160.337161047714,160.243516944128,164.061963305985,167.367916436831,22.6833333339,46.051,60.735,63.84,140.597346817942
1757,2056.81478832508,80.1750621455258,78.3863311185436,101.216137621183,112.078224289953,112.646743977204,120.059541625589,129.811028861644,160.337161047714,160.243516944128,164.061963305985,167.367916436831,22.6833333339,46.051,60.735,63.84,140.597346817942
1793,2056.81478832508,80.1750621455258,78.3863311185436,101.216137621183,112.078224289953,112.646743977204,120.059541625589,129.811028861644,160.337161047714,160.243516944128,164.061963305985,167.367916436831,22.6833333339,46.051,60.735,63.84,140.597346817942
1797,2056.81478832508,80.1750621455258,78.3863311185436,101.216137621183,112.078224289953,112.646743977204,120.059541625589,129.811028861644,160.337161047714,160.243516944128,164.061963305985,167.367916436831,22.6833333339,46.051,60.735,63.84,140.597346817942
1819,2056.81478832508,80.1750621455258,78.3863311185436,101.216137621183,112.078224289953,112.646743977204,120.059541625589,129.811028861644,160.337161047714,160.243516944128,164.061963305985,167.367916436831,22.6833333339,46.051,60.735,63.84,140.597346817942
1820,2056.81478832508,80.1750621455258,78.3863311185436,101.216137621183,112.078224289953,112.646743977204,120.059541625589,129.811028861644,160.337161047714,160.243516944128,164.061963305985,167.367916436831,22.6833333339,46.051,60.735,63.84,140.597346817942
1829,1696.02646812865,94.75,99,121.124382942344,113.891273548257,114.391647061488,121.471377576986,129.615382937986,159.426089173084,160.938509932427,163.030019797761,166.519914057345,25.6850000007,64.801,70.94,68.38,144.197917908009
1834,2056.81478832508,80.1750621455258,78.3863311185436,101.216137621183,112.078224289953,112.646743977204,120.059541625589,129.811028861644,160.337161047714,160.243516944128,164.061963305985,167.367916436831,22.6833333339,46.051,60.735,63.84,140.597346817942
1835,2056.81478832508,80.1750621455258,78.3863311185436,101.216137621183,112.078224289953,112.646743977204,120.059541625589,129.811028861644,160.337161047714,160.243516944128,164.061963305985,167.367916436831,22.6833333339,46.051,60.735,63.84,140.597346817942
1851,2056.81478832508,80.1750621455258,78.3863311185436,101.216137621183,112.078224289953,112.646743977204,120.059541625589,129.811028861644,160.337161047714,160.243516944128,164.061963305985,167.367916436831,22.6833333339,46.051,60.735,63.84,140.597346817942
1852,2056.81478832508,80.1750621455258,78.3863311185436,101.216137621183,112.078224289953,112.646743977204,120.059541625589,129.811028861644,160.337161047714,160.243516944128,164.061963305985,167.367916436831,22.6833333339,46.051,60.735,63.84,140.597346817942
1853,2243.50016789352,71.5,69.33333333,89.7974660531961,111.313162211686,112.366536097244,118.333092634746,126.610430159542,159.431042440812,159.313194118709,162.537430640361,167.295344116567,21.2166666672,38.743,52.8625,60.15,137.76319952391
1872,2031.32890347295,80.25,82.5,96.3154893980862,112.089796796678,112.206314166754,119.122673672572,127.762222222226,160.192454506851,160.092977628105,162.932905205976,167.049124960608,23.1250000005,45.635,59.54,63.64,140.06099209572
1890,1868.89616077592,101,75.75,115.093679757174,110.8333333,106.6,110.8333333,115.6666667,161.5,161,165,165.75,24.813333334,53.145,65.28,66.04,140.472784862986
1925,1661.42284107483,89.5,89.5,142.73913597055,114.951916488835,115.287347866129,124.021882262271,131.887921719205,160.932512261496,161.078553105389,163.336350027804,166.989641611905,27.33333333,77.871,78.59,75.15,150.934243917994
1942,2056.81478832508,80.1750621455258,78.3863311185436,101.216137621183,112.078224289953,112.646743977204,120.059541625589,129.811028861644,160.337161047714,160.243516944128,164.061963305985,167.367916436831,22.6833333339,46.051,60.735,63.84,140.597346817942
1943,2056.81478832508,80.1750621455258,78.3863311185436,101.216137621183,112.078224289953,112.646743977204,120.059541625589,129.811028861644,160.337161047714,160.243516944128,164.061963305985,167.367916436831,22.6833333339,46.051,60.735,63.84,140.597346817942
1954,1789.73123667057,93,101,175.131539627979,118.8333333,123.6666667,139,133,165,163.4,167,167.106824331486,28.3433333343,82.839,82.7125,80.21,155.710708253074
2016,2184.80396527607,77.5,69.75,93.7398223399834,111.216294116817,112.67582928259,119.405436505915,128.869804656205,159.800471728515,160.058949164883,163.801369918631,166.993888660281,21.8033333337,39.892,56.0375,62.87,138.220797939686
2017,2056.81478832508,80.1750621455258,78.3863311185436,101.216137621183,112.078224289953,112.646743977204,120.059541625589,129.811028861644,160.337161047714,160.243516944128,164.061963305985,167.367916436831,22.6833333339,46.051,60.735,63.84,140.597346817942
2031,2056.81478832508,80.1750621455258,78.3863311185436,101.216137621183,112.078224289953,112.646743977204,120.059541625589,129.811028861644,160.337161047714,160.243516944128,164.061963305985,167.367916436831,22.6833333339,46.051,60.735,63.84,140.597346817942
2053,2056.81478832508,80.1750621455258,78.3863311185436,101.216137621183,112.078224289953,112.646743977204,120.059541625589,129.811028861644,160.337161047714,160.243516944128,164.061963305985,167.367916436831,22.6833333339,46.051,60.735,63.84,140.597346817942
2057,1840.4743904884,77.9782550212787,64.806558550284,122.514655139212,112.634301539121,112.802806184123,122.865144112191,129.473692424358,159.753798545558,160.007139102176,163.428428967008,167.061555553917,34,67.982,63.445,68.315,146.06403489856
2081,2056.81478832508,80.1750621455258,78.3863311185436,101.216137621183,112.078224289953,112.646743977204,120.059541625589,129.811028861644,160.337161047714,160.243516944128,164.061963305985,167.367916436831,22.6833333339,46.051,60.735,63.84,140.597346817942
2091,2056.81478832508,80.1750621455258,78.3863311185436,101.216137621183,112.078224289953,112.646743977204,120.059541625589,129.811028861644,160.337161047714,160.243516944128,164.061963305985,167.367916436831,22.6833333339,46.051,60.735,63.84,140.597346817942
2106,2056.81478832508,80.1750621455258,78.3863311185436,101.216137621183,112.078224289953,112.646743977204,120.059541625589,129.811028861644,160.337161047714,160.243516944128,164.061963305985,167.367916436831,22.6833333339,46.051,60.735,63.84,140.597346817942
2108,2056.81478832508,80.1750621455258,78.3863311185436,101.216137621183,112.078224289953,112.646743977204,120.059541625589,129.811028861644,160.337161047714,160.243516944128,164.061963305985,167.367916436831,22.6833333339,46.051,60.735,63.84,140.597346817942
2141,2056.81478832508,80.1750621455258,78.3863311185436,101.216137621183,112.078224289953,112.646743977204,120.059541625589,129.811028861644,160.337161047714,160.243516944128,164.061963305985,167.367916436831,22.6833333339,46.051,60.735,63.84,140.597346817942
2159,2056.81478832508,80.1750621455258,78.3863311185436,101.216137621183,112.078224289953,112.646743977204,120.059541625589,129.811028861644,160.337161047714,160.243516944128,164.061963305985,167.367916436831,22.6833333339,46.051,60.735,63.84,140.597346817942
2166,2056.81478832508,80.1750621455258,78.3863311185436,101.216137621183,112.078224289953,112.646743977204,120.059541625589,129.811028861644,160.337161047714,160.243516944128,164.061963305985,167.367916436831,22.6833333339,46.051,60.735,63.84,140.597346817942
2171,2021.77285622097,79,82.5,98.8933219434343,111.918399367146,111.805412050802,117.328400890658,128.012276335558,159.697145349944,159.276263507155,162.610830384763,166.667895797322,23.7716666671,44.617,57.7875,62.62,137.212072425806
2191,2056.81478832508,80.1750621455258,78.3863311185436,101.216137621183,112.078224289953,112.646743977204,120.059541625589,129.811028861644,160.337161047714,160.243516944128,164.061963305985,167.367916436831,22.6833333339,46.051,60.735,63.84,140.597346817942
2202,1686.31091531332,97.75,96.5,135.551999587244,114.517684599183,114.848920905374,123.712804323753,131.887374683397,161.185488017716,161.562754811486,164.815562462339,166.609148064328,26.3150000007,68.617,75.105,73,147.822451843821
2212,2056.81478832508,80.1750621455258,78.3863311185436,101.216137621183,112.078224289953,112.646743977204,120.059541625589,129.811028861644,160.337161047714,160.243516944128,164.061963305985,167.367916436831,22.6833333339,46.051,60.735,63.84,140.597346817942
2239,2056.81478832508,80.1750621455258,78.3863311185436,101.216137621183,112.078224289953,112.646743977204,120.059541625589,129.811028861644,160.337161047714,160.243516944128,164.061963305985,167.367916436831,22.6833333339,46.051,60.735,63.84,140.597346817942
2240,2056.81478832508,80.1750621455258,78.3863311185436,101.216137621183,112.078224289953,112.646743977204,120.059541625589,129.811028861644,160.337161047714,160.243516944128,164.061963305985,167.367916436831,22.6833333339,46.051,60.735,63.84,140.597346817942
2276,1998.56100650905,83,84.25,104.231435753676,112.222777032899,112.863538536607,120.127316350366,129.616399891965,160.333110200755,160.243261358155,163.943047036814,166.916371360632,23.5466666674,45.356,62.3075,65.94,141.788743787639
2278,2015.56087319671,79.25,85,105.530209468583,112.300565273644,113.054919336555,120.388562416469,129.702319446413,160.457146861289,160.597860991769,164.174348057471,167.247289454026,23.2066666673,46.7,61.7275,66.02,142.261780151275
2285,2056.81478832508,80.1750621455258,78.3863311185436,101.216137621183,112.078224289953,112.646743977204,120.059541625589,129.811028861644,160.337161047714,160.243516944128,164.061963305985,167.367916436831,22.6833333339,46.051,60.735,63.84,140.597346817942
2286,2056.81478832508,80.1750621455258,78.3863311185436,101.216137621183,112.078224289953,112.646743977204,120.059541625589,129.811028861644,160.337161047714,160.243516944128,164.061963305985,167.367916436831,22.6833333339,46.051,60.735,63.84,140.597346817942
2317,2329.80534158155,77,53.5,69.3855857433089,109.2857143,109.8,113.75,123,157.5714286,154.2,162.5714286,165,18.66166666717,36.13,51.455,57.33,134.010231513158
2370,2056.81478832508,80.1750621455258,78.3863311185436,101.216137621183,112.078224289953,112.646743977204,120.059541625589,129.811028861644,160.337161047714,160.243516944128,164.061963305985,167.367916436831,22.6833333339,46.051,60.735,63.84,140.597346817942
2412,2056.81478832508,80.1750621455258,78.3863311185436,101.216137621183,112.078224289953,112.646743977204,120.059541625589,129.811028861644,160.337161047714,160.243516944128,164.061963305985,167.367916436831,22.6833333339,46.051,60.735,63.84,140.597346817942
4779,2414.25437483136,68.6666666667,50.25,79.805854983246,109.15357208905,110.860387221267,117.235354790898,123.165583190325,158.681935668342,158.179755074202,163.013354498867,165.577671568806,19.40166666716,35.18,50.915,55.805,133.9692383311
4807,1746.6808912999,79.75,87.5,167.978275084918,116.493258787914,117.242880290239,127.43734950357,133.544347223083,162.118662464709,163.355364107662,165.775780738776,166.678338612523,29.2116666674,90.489,87.425,81.24,157.005970543834
4826,2482.64264566766,60,51,83.123033259315,107.401018785178,109.748118591261,115.02806109457,124.458357143476,156.212042658175,157.464286841031,160.229107197951,166.450321217813,16.63666666729,32.08,46.364167,54.455,131.75970607496
4840,2056.81478832508,80.1750621455258,78.3863311185436,101.216137621183,112.078224289953,112.646743977204,120.059541625589,129.811028861644,160.337161047714,160.243516944128,164.061963305985,167.367916436831,22.6833333339,46.051,60.735,63.84,140.597346817942
4857,2056.81478832508,80.1750621455258,78.3863311185436,101.216137621183,112.078224289953,112.646743977204,120.059541625589,129.811028861644,160.337161047714,160.243516944128,164.061963305985,167.367916436831,22.6833333339,46.051,60.735,63.84,140.597346817942
4884,2423.71006200638,70.25,49.5,69.362957834645,108.626633579614,109.27562050588,114.696141199341,119.506704364943,157.379279542283,155.088335209657,160.9488673173,165.430655516314,17.16000000089,32.936,49.821667,55.17,132.834945247736
4900,2470.16812529607,71,50.25,72.543063961945,108.853923903887,109.650940678922,116.120212069028,122.139078306876,157.742097798749,157.805282684569,162.261214742211,165.909176651491,17.21166666749,32.413,48.054167,54.865,132.172969246133
4939,2056.81478832508,80.1750621455258,78.3863311185436,101.216137621183,112.078224289953,112.646743977204,120.059541625589,129.811028861644,160.337161047714,160.243516944128,164.061963305985,167.367916436831,22.6833333339,46.051,60.735,63.84,140.597346817942
4958,1715.74901144646,91.25,100.25,162.944774137831,124,126.6,135,135,166.4285714,156.2,166.6666667,167,27.3633333343,81.131,83.2,77.265,153.328231214954
5023,2586.94832548509,61,43.75,76.263531956125,109.395695436214,110.849338543015,115.165581298246,121.25161930147,158.018462149976,157.23463166554,161.306984641941,166.126681334073,16.33666666723,30.944,45.671667,53.035,132.7687604855
5104,2661.69657796156,60,40.75,93.0492194424995,109.250444733116,112.770870573218,121.749073819312,127.808738094571,159.592777782269,161.741048648113,163.407860054955,167.344025134564,17.02000000043,34.276,47.084167,57.225,139.07212341814
5151,1896.10518815751,81.75,73.66666667,152.329857020898,120,126,126.5,134.237852793816,164.8571429,165.6,166.6,166.91528302838,26.6783333343,80.241,79.1375,75.39,153.696815025854
5165,1846.18926796466,86.5,81.75,144.024170644943,116.8571429,117.25,123,135,165.4285714,164.6,166.5,168.577571429333,26.1350000005,74.624,79.5,75.06,155.66724629815
5210,2036.0497909988,96,78,117.912718344656,111.878735295764,112.573792361935,120.574950247161,125.736679978426,160.086773108284,160.365285281939,163.329821378817,166.639529024066,21.14666666693,46.302,56.995,63.53,139.873200536005
5236,2572.69933113966,58.5,43.5,68.632240168325,107.340244786821,108.70108269386,113.875461241743,122.685140475715,156.724732222866,156.372460002629,160.261638298029,166.091291518459,15.38333333379,31.837,46.089167,53.645,128.896822177419
5249,2056.81478832508,80.1750621455258,78.3863311185436,101.216137621183,112.078224289953,112.646743977204,120.059541625589,129.811028861644,160.337161047714,160.243516944128,164.061963305985,167.367916436831,22.6833333339,46.051,60.735,63.84,140.597346817942
5253,2615.49145362394,62.75,38,75.0704057989283,106.908093249988,108.33852386405,113.728954678718,124.786281745917,157.366086769906,156.508152607774,160.084331070131,166.136183077018,15.58333333393,30.406,44.244167,52.785,129.833410371864
5276,2462.59173314474,74.5,49.75,87.7438877991017,109.80455163775,110.748870784238,115.720056677189,124.912816822245,157.460667900002,158.621229357432,162.217314949875,166.99958322867,17.28666666712,32.035,47.591667,55.495,135.357775
5279,2056.81478832508,80.1750621455258,78.3863311185436,101.216137621183,112.078224289953,112.646743977204,120.059541625589,129.811028861644,160.337161047714,160.243516944128,164.061963305985,167.367916436831,22.6833333339,46.051,60.735,63.84,140.597346817942
5349,1749.87252623467,92,97.33333333,172.760572834807,117.8571429,121.75,127,133.25,165,167.1428571,166.3333333,167.356748240115,29.2400000008,91.92,82.2675,80.83,158.372951445576
5353,2412.49318756935,71,62.5,89.4590978027465,117.1428571,114,122,124.5,160.4285714,157.8,165.1666667,168.25,19.16666666723,33.72,50.9925,56.68,136.078148010753
5395,2056.81478832508,80.1750621455258,78.3863311185436,101.216137621183,112.078224289953,112.646743977204,120.059541625589,129.811028861644,160.337161047714,160.243516944128,164.061963305985,167.367916436831,22.6833333339,46.051,60.735,63.84,140.597346817942
5486,2364.20485511457,60.5,37.5,112.129186172424,109.1666667,114.6666667,134.3333333,133,162,164.2,165.5,153.5,23.6583333345,51.896,60.7125,64.19,140.985492094327
5577,2485.17429210233,66.75,51,71.928768761435,113.1666667,110.5,117.500088884136,144,156.4285714,148,162,167,17.6400000009,35.635,50.24,55.88,135.890767326941
5644,2558.41732738189,60.75,46.25,89.7045897190687,109.748191665104,112.008334706721,120.168784137381,127.894738093905,158.629967029918,161.327890413693,162.187305825597,167.04174041378,17.51333333366,36.606,46.949167,55.94,135.806375544356
5651,2056.81478832508,80.1750621455258,78.3863311185436,101.216137621183,112.078224289953,112.646743977204,120.059541625589,129.811028861644,160.337161047714,160.243516944128,164.061963305985,167.367916436831,22.6833333339,46.051,60.735,63.84,140.597346817942
5717,1674.65283751702,88.9034519959756,89.1437497768178,148.878904886574,115.628027523374,116.457791427489,124.350235774272,128.871738096905,161.060912349583,162.621981614002,165.517884907669,165.222893749124,27.6250000008,80.049,78.4225,76.25,150.772258648606
5718,2056.81478832508,80.1750621455258,78.3863311185436,101.216137621183,112.078224289953,112.646743977204,120.059541625589,129.811028861644,160.337161047714,160.243516944128,164.061963305985,167.367916436831,22.6833333339,46.051,60.735,63.84,140.597346817942
5720,1831.14338165626,92,63.33333333,160.173367671166,115.979176557972,116.347232568577,125.841777952981,128.578015873349,161.802404581915,162.130909706117,164.572604529233,166.664432336488,28.4366666672,85.373,81.29,76.83,154.235333941318
5726,2447.54241151279,74,48,79.8031436806765,110.4717054598,112.131582775581,117.880582870278,128.476431239957,159.544838672345,159.704311939811,163.538151046702,166.996875543383,19.9883333336,35.903,50.8925,59.33,136.887252713566
5741,1845.54627073175,97.25,88.5,193.593477201707,127,138,144,105,168.375,168,170.5,166.48440313381,32.1183333336,160.217,101.8125,89.97,165.403943545823
5748,2617.07883776464,60.75,41.75,81.4207136268387,110.370976747702,112.254543568005,120.67976728855,128.636947114672,159.341244303094,160.510384401337,163.284338914462,166.882944116983,17.5966666671,35.094,48.696667,57.46,136.961878829466
5757,2075.75141791163,87.75,66.66666667,98.4752881787835,111.933819493072,113.396999597544,120.416158027508,129.812041307907,160.429505070542,160.154291633572,164.321831469543,166.93544228526,22.5716666677,47.027,61.14,64.89,140.801942358878
5768,1712.92389857202,96.25,85,182.127476462205,119.8333333,128,133.5,139,173,168.25,164,167,31.9950000006,151.832,99.63,89.66,163.973909497877
5772,2375.98672157454,66.75,49,76.0217075566287,106.2857143,99.66666667,107.25,122.730902779022,154.3333333,158.2,159.8333333,167,18.9133333341,35.941,50.4825,58.8,139.577017151155
5776,2056.81478832508,80.1750621455258,78.3863311185436,101.216137621183,112.078224289953,112.646743977204,120.059541625589,129.811028861644,160.337161047714,160.243516944128,164.061963305985,167.367916436831,22.6833333339,46.051,60.735,63.84,140.597346817942
5779,1966.22965817543,90.5,67,163.159092065261,117.4285714,125,126,140,165.4285714,167.2,165.6666667,172,28.3116666671,83.209,82.085,76.785,156.605567723525
5784,1797.75630786149,101.75,69.25,185.359283010004,125.1666667,127,136.6666667,140,167.5714286,163.25,167.6666667,167,31.716666667,159.968,109.6825,90.77,168.511950951531
5798,1753.57360851875,91.3025103671589,92.094201090439,173.700501358977,116.497124559059,117.535220540509,126.589891417716,128.693776558469,161.783492673458,163.213155396414,165.755503816949,165.957525693407,28.7716666673,87.431,79.7775,79.42,154.997435500458
5800,2741.85561999228,61.75,39,79.4180298565287,107.3333333,110.4,117.5,136.5,160.7142857,163,165,172,17.89000000077,35.219,49.106667,57.615,136.541638823524
5811,2563.85705518039,72,46,84.57840921345,115,117.5,128,133,162.1428571,162.2,165.5,167,19.92333333406,37.612,52.0125,58.265,138.411564774622
5822,1621.17413346869,112.75,111,159.952789120515,115.016436261911,114.837981803287,124.47867100264,132.881272409267,161.170547360629,161.578947764176,164.890403840614,166.669478914784,28.1533333342,76.862,80.4075,77.12,152.497036774217
5830,1686.25883174141,97.75,75.33333333,182.221406917479,119.17718879748,118.777561110081,128.595453371023,132.007166666333,162.264515731657,163.89412925374,165.593212062573,166.667136404197,31.3816666671,125.969,94.4175,86.74,160.1173916941
5831,1551.00972816531,99.5,93,177.586544594124,120.827989905902,121.494997402837,130.435986111033,128.814831348762,163.886444258326,165.46250210471,166.053693121806,167.362855691228,31.4966666668,129.963,94.12,89.9,160.667449871489
5832,1518.80123403657,88.5,87.33333333,154.237115927148,118.790170348253,118.400273547883,129.506194443,132.729570106524,162.963470095149,164.391752422119,166.209892624985,167.586578701556,35.66666667,106.688,88.5325,82.185,158.463497783371
5836,1653.15176999656,95.9828726150364,86.9727049209585,175.321571344836,118.172209889443,117.193122655758,123.990604337761,134.239202380952,162.378056054964,163.842963376501,166.201131185464,165.813916666433,29.9416666675,113.644,88.24,81.79,158.900122846848
5837,2276.39729365432,80.5,55.25,98.0729398768633,109.277657672915,111.352500002611,113.33007022454,123.151349206252,158.421058392643,158.426072221167,161.170888886542,165.951728068263,18,41.8,50,57,139.476855808081
5856,1434.91676060073,119,111.164113562318,181.807261786961,130.1666667,129.5,134,136,167.6666667,161,172,168.374781481111,33.6083333335,166.716,123.06,94.56,170.475321399559
5860,1643.07329491185,97.4565524816009,102.958047105936,190.07111998766,118.830729143849,117.731160241405,127.641371532138,134.571215712667,162.890231464595,163.946127174187,166.118571717201,167.484787037372,31.9866666671,152.471,100.52,87.44,164.824443475146
5865,1662.55817393038,109.75,101,191.997206308385,117.095373045676,116.22007561503,125.595564179513,136.122380953381,161.809894400733,161.97567452683,165.107025823493,167.47116617128,30.3700000005,117.004,88.1875,84.44,161.076319750108
5867,1546.05494468232,130.5,112.781288692758,194.566546461417,120.598897894106,123.149699998917,132.0345055545,137.704683052526,163.942637197378,166.096648892967,166.949563492667,168.465142857476,33.3316666664,172.515,126.045,92.725,172.259032967184
5874,2217.21803768834,78,69.25,109.674702390221,111.373283290859,111.649451416252,121.128189065198,129.558956349314,159.673883144061,160.818036807953,163.711743228736,167.124255012934,20.9150000004,40.882,54.37,63.025,142.38740472911
5890,2373.85540836817,78.25,55.25,91.9011971878375,109.889167375137,111.634949767049,118.300815800034,125.587379652961,159.569321961114,159.925857294465,163.434690213584,166.501694559713,18.61000000053,36.122,50.405,59.33,139.516893465669
5893,2103.99337061719,73.75,64.25,123.200838777551,113.169628883237,113.208306135528,124.184287665154,132.72899458962,160.651200165138,161.643272165246,164.530946859714,167.217759341113,24.7233333338,54.205,62.3725,66.715,145.176971717603
5907,2548.00902090112,66.5,48.5,95.1602837144804,110.232765278067,113.313126374241,122.3803615192,126.562880951333,159.544054569875,161.237744484446,163.73148492952,166.893682465259,17.52833333403,34.114,48.2275,58.625,140.434569489865
5921,2290.01493265755,82.5,55.75,91.5617281893737,111.237381115297,112.947428137644,120.085167257519,129.758693542997,160.13471619948,160.365107895383,164.043911386673,167.050229470104,21.1216666672,38.843,54.72,62.77,138.679729606353
5950,2121.96690283051,81.25,65.5,118.435294835987,111.018723744725,111.533727777692,122.039652186717,129.239543650405,160.250689651289,160.413489138561,163.842817001764,166.712689132517,23.0783333341,45.972,58.9525,66.065,143.534421205244
5984,2608.16522296886,66.75,41.75,90.9376132520924,108.75912415479,110.604630342864,117.604329667671,125.228809523143,158.722478357392,159.154193834427,162.770090690172,167.582409706258,16.25333333376,33.49,44.266667,53.795,135.716527066148
5993,2371.88172321201,82.5,64.75,98.3064296782308,110.336253480798,112.332588829813,117.959526757841,127.444155843442,159.792601506804,159.8742444117,162.958928107613,167.300821431086,18.31333333363,33.252,48.124167,57.335,140.392067521508
6008,2590.19649635474,73.5,43,81.6970083914056,111.5714286,112,109.3333333,122,161,156,163.4,167.210604166083,12.66666667,36.331,41,60,139.596509620972
6009,1658.16865426376,103,113.5,181.097364605055,117.791671220429,119.676095238,128.451382309582,132.660830128981,161.892476315043,161.179628956116,164.589751024814,168.33989141553,31.3483333337,200,151,98,162.757409487382
6010,1701.12872598132,92.7843913747875,94.9005833411308,185.064877046935,117.339220412699,117.954884149531,126.645768509348,134.570093657703,162.471281170183,163.475293160547,165.716695287437,167.987750000317,30.3216666672,121.63,86.38,83.17,159.080775950515
6011,1572.35295576492,97.3333333333,112.5,182.167807353788,117.705991076671,116.504256532791,127.46538623927,135.746505724469,162.46070473267,163.756885317166,165.45159874911,167.444810416074,30.5233333338,122.572,94.44,85.32,163.622498807658
6012,1522.46604915337,102,125,167.303573410594,116.348737428195,119.296328755503,124.863103986649,133.535036479909,161.715861267072,163.541331318718,165.417679680618,167.936376865229,28.856666667,98.043,94.6625,81.04,159.784163854477
6013,1694.47145473523,93.75,93,154.426655667553,117.346557478697,119.707284127042,127.583192725796,134.441305557,161.764994702556,164.24395080821,165.415268735366,168.189719578008,27.8033333335,84.082,80.41,77.575,156.034724353582
6016,1552.56414340264,87.3333333333,83.5,154.273027027921,115.038139765656,118.491788888,124.520576786394,132.854000002,159.759367794134,161.040286307524,163.354554364817,167.760416668667,28.9050000009,128.086,101,75,157.676576126619
6017,1683.37749024659,96.5,104,138.872045468102,114.670448762381,116.709607413997,124.940944001866,133.642792431268,161.299385331317,163.351675172916,165.319518839835,167.156363837183,25.0966666673,76.865,74.5425,74.24,151.726758233007
6019,1443.66377430636,103.5,104.496493589166,184.602538571283,120.910087915261,122.539583333167,131.283305552867,135.68179166875,164.001518985326,165.457921283636,166.995741497214,167.348642855143,36.5,161.938,120.01,95.12,163.933996800448
6020,1686.35700182864,94,87.25,179.617634938366,121.01364371586,120.79060694465,132.070444444589,135.532087963333,163.907987521149,166.583608713608,166.888698412952,167.103674972234,28.33333333,162.948,110.06,93.37,163.668984924421
6021,1686.38559294277,94.25,87,183.485659272768,119.961075329305,122.343523016167,129.555426469844,134.982159933727,163.571445012859,165.243568338424,166.903081006832,167.476620370722,32.0533333335,158.959,103.2925,90.37,165.68960055881
6022,1696.3105659636,99.2095256673666,101.369028724549,196.007768269545,118.606270414784,117.990743573947,127.752634123886,135.555592473465,163.029748417721,164.527245472942,166.214430371582,167.274833334183,32.0600000003,156.831,102.6725,89.16,166.573251437528
6023,1709.54789080241,93.75,89.25,167.555835403435,118.120899763892,120.3776158722,128.991032768168,133.956875992097,162.203520764624,164.443159704271,166.099923322873,167.519853117472,28.8916666677,91.234,82.9175,82.28,158.515183836339
6024,1495.49147195322,106.75,116,184.259758175184,121.789258618304,123.575129887022,130.998783612959,136.826208333417,164.700483707308,166.894304648003,166.68311190795,166.929645411689,32.6250000009,156.651,102.6525,93.03,164.687575982562
6025,1440.24045007238,129.25,104.09076213375,180.842854041024,123.1666667,127.75,121.3333333,136.6666667,165,163,166.6,165,31.1300000002,150.037,112.5125,88.18,164.904493654048
6030,1568.63100160816,107.25,129,195.566231478866,119.53667429716,118.512743576127,127.849993504642,133.994990743167,163.162301985117,164.167277407252,165.763809210998,167.321003703956,32.7366666668,168.58,114.89,91.85,166.755636154048
6034,1664.60850729765,102.75,80.5,163.663013684493,116.622119590213,119.684446031307,125.508552247973,136.162588367945,162.601605445409,164.706066257013,166.206177032882,168.418076479816,28.7750000006,100.541,88.115,81.36,159.027131795653
6035,1872.72275957119,83,73.75,154.234536950096,115.196145291669,115.362603371361,125.717365428161,131.390278139528,161.610959460386,161.719283839826,165.253128860521,167.50258333325,26.7316666672,78.385,76.5075,74.335,154.726674678621
6036,1758.30567955785,94.25,86.33333333,155.212027525692,117.209715661496,118.215257143679,125.20569297055,133.283775235588,162.394718249894,164.796387783791,165.831536314596,168.221990819302,26.9216666669,77.589,82.925,78.14,156.166193599737
6038,1760.56420703375,91.25,77.25,161.199443392975,116.24454603245,119.564634127179,124.522605553567,134.07915354404,161.540335667897,164.55937816147,165.391427188346,166.972203704222,28.1583333338,86.472,86.51,78,157.436795521144
6039,1975.71401919163,91,62,117.537096253699,115.425893823459,120.128642861033,124.249243660561,130.9972222225,161.255483226703,161.839788982489,165.153228176333,167.359571427952,25,64.955,63.745,68.82,148.072157497813
6040,1759.23146259205,93.25,82.5,159.464684675686,125.125,129,141.5,147,164.8571429,170,169.3333333,167.665652777583,30.3233333343,118.029,92,71,160.001604475689
6041,2132.82997331819,78.75,51.5,124.729314932315,114.604938641552,116.389987300562,125.249462682324,131.858962964944,161.833600385247,163.754024432576,165.980954897244,167.078886244425,24.9450000005,60.428,65.5725,68.89,145.833693410085
6042,2624.34174825117,63.5,43,79.4048771500002,111.1666667,103.5,108,140,153.1666667,152,159,166.388782406014,10.66666667,38.525,35,56,136.611122029251
6043,1559.19232591466,110,130.6666667,181.42121620437,118.776642996486,120.584347222867,129.466121793452,136.199223648897,163.653643282849,163.850951441391,165.719255953467,167.800678452864,33.1516666671,174.526,174,90,170.18552094641
6046,1563.90303034584,117.25,117,182.329208772136,120.289836317917,120.499333334033,129.828999997633,130.135657408833,162.942262838933,161.2532944428,165.164190477286,167.6106666658,36.33333333,200,150,93,165.467177793696
6064,1698.14093237288,103.6666666667,129.5,185.899679519067,119.202429062674,121.305250001662,127.933834753885,133.594527780111,162.437444245521,163.664451771541,165.815213889329,167.655370371722,34.9233333341,170.982,201,96,168.688761664801
6069,1543.10712363683,107.25,139,192.685670901789,118.348778449364,120.284144444397,127.567548676508,134.48894907925,162.859383895416,164.695664489171,166.0209742069,168.273400672753,32.0683333332,164.409,113.59,93.27,168.27604805881
6070,1547.66384340991,106.75,119.3333333,191.114586783395,118.727583308472,119.232671016393,128.435845268631,135.533815478607,162.850190599832,164.638490871155,166.287651934712,167.548265754062,31.6200000002,165.267,120.7225,93.255,169.97924844641
6071,1454.7003540986,120.75,139.5,187.760434060482,117.791116116511,119.33327419053,128.427658502367,133.640437502417,162.714099043359,163.989824997083,166.030722722488,167.316043531895,31.7533333335,162.319,117.8125,93.54,169.966939007086
6073,1705.39077064716,102.25,96.5,190.749462100558,125.8571429,124.25,132.2,136.46884317807,167.1428571,168,167,167.439881482239,31.6033333341,142.322,90.59,88.68,165.054151406744
6074,1507.56952504764,101,85.75,172.048478596194,118.3333333,124.4,128.6666667,135.064095239862,164.6666667,165.2,167,167.906885520904,37,150.98,97,91,160.287395375341
6076,1412.64861466334,121.5,110.5,185.722843644898,121.21960967313,122.44804762075,131.322708333106,132.261583334,164.035087717583,166.278253950241,167.078480158714,167.094214554376,34.5,160.748,120.9625,93.88,165.595053828184
6077,1705.26661446651,86.370633786261,85.4806475271006,130.250305304569,113.981450691044,115.251833268293,122.743425030833,132.248325218178,161.198330425038,161.957638988235,165.404414903311,166.212699382316,26.553333334,75.586,75.11,72.36,146.76347770253
6085,1244.19266098967,124.25,128,184.811019424321,126.7142857,126,144,135.419099327,166.1428571,170.5,165.6,167.271612701154,44.33333333,169.605,120.2425,96.385,162.872799258941
6086,1502.03784548554,100.5,100.75,170.042318432624,117.959626844297,121.552112303501,128.373150001344,133.438824074611,163.173443315209,164.464329856874,166.898976641366,168.639632353961,30.3450000006,129.9,98.8125,86.92,163.795955201667
6087,1606.95687069885,99.0333292560681,96.9870420978066,178.328291318124,117.497809113327,117.840680930712,125.209990039193,134.291169282107,162.162999361681,164.067001752536,165.855048977289,167.472799020511,30.0083333341,117.963,90.95,84.64,162.133776038841
6088,1530.14206803165,107.6666666667,128,176.917335467933,115.548155514332,117.009447723493,123.117990292742,133.49647136233,161.64255432295,161.716023196427,165.213744018984,167.682429895198,31.2933333343,101.833,87.27,82.86,158.092654253127
6090,1646.34393420377,94.75,105,185.134195667981,121.6666667,119,134.3333333,135,165.4285714,167.1666667,170,167.482641026974,32.0400000007,136.324,94.03,86.65,163.216947418769
6091,1673.27549429675,97.0262639069743,95.2290676152332,175.021123969039,117.27554066347,117.035145713146,124.828456369195,134.678063492786,162.381279157867,163.528330630521,166.17721783394,167.060634490152,29.1966666672,100.677,82.8675,81.67,156.532514156372
6092,1669.70158640903,103,89.5,189.870573903639,122,122.6,134.5,137.264796685253,167.2857143,164.8,168.6666667,168.938453704417,33.9850000005,164.053,108.33,94.25,166.829328331468
6094,1620.26000085786,101.75,92.66666667,181.485819433351,119.2857143,126.8,135,147,169.1666667,171.2,166.3333333,168.092666666,34,162.463,103.4675,94.76,161.509659230299
6095,1712.51259093646,100.677478621964,99.3174822506853,192.037002157889,118.478566752226,117.829141096036,127.292538885802,134.811358207393,163.138270879308,164.462488908284,166.250582115048,167.612978062013,31.5400000006,158.404,95.5,87.36,164.754755569633
6096,1511.53647701878,103.352868623449,98.039583186678,179.770298174385,120.223016992599,118.315782738417,129.405090477908,135.099796297667,163.172984787394,165.093862116234,165.913599356917,167.853083332767,37,172.46,115.34,93.325,166.030463807658
6097,1602.19476693297,114.5,94,191.830997122116,130.8333333,142,140,128,169.1428571,165.3333333,172,168.213019296132,34.356666667,166.76,115.07,95.78,166.699899395755
6098,1335.84504986893,112.25,105,175.674465052389,131,127.25,144,127.536240979749,170,171.3333333,166.409984918951,167.333058746019,40,156.726,112.455,95.31,159.400613068783
6099,1637.30087534138,117,113.6666667,193.325310361174,133.8571429,144.75,105.5,133.11057173265,170.3333333,175,167.559951906964,168.907148148361,32.6900000002,168.084,124.6725,95.085,170.664776149943
6100,1529.15280791761,102,108.3333333,188.041683133722,121.972614724703,124.816547617548,129.164716271552,133.679283476487,164.35696342966,166.376187011605,167.330039681024,168.309166666,36.33333333,175.652,123.52,96.76,167.309597161517
6101,1657.88268957608,101.957805319617,100.239969251321,190.443003807392,117.508652398849,116.542084889998,126.944505337918,133.954922391469,162.340535011363,164.106389974401,165.913214825717,167.821727082507,31.0800000007,134.962,92.9525,86.62,164.881520474325
6102,1394.9116484064,122.3333333333,103.5,178.932020252394,120.771163231517,121.741309524281,129.897470369111,134.994163464314,164.056571852264,165.256362792647,166.863476191429,168.519166667,34.8233333333,165.201,122.8775,96.32,165.786015332194
6104,1573.9777174299,100,109.5,191.617986696074,120.717723994183,122.734805555292,132.045195889174,137.229238637061,164.273713621369,165.936698090362,166.656441803483,167.500642856476,32.5183333334,157.807,112.6925,91.04,164.48332006951
6105,1689.45336482337,97.75,87.66666667,187.287220745808,124.2857143,136,134.25,134,163.5714286,155.8,166.5,166.64665067533,30.4383333338,120.807,86.91,85.79,160.917402335873
6106,1620.12842659336,102,94.75,178.491776415562,122,126,134,133.507275641026,166.8333333,170.75,162,166.441823413665,31.041666667,123.625,87.44,84.77,159.03242567839
6107,1456.02563987781,119,105.25,176.064898212198,109.6,107.2,115,127.75,162.1428571,163.6,164.6666667,165,31.6983333336,151.39,105.3475,91.92,162.866416779744
6108,2235.68835295599,78.75,52.75,125.156764855808,118.1428571,121.6,128.163308914582,129.560116162227,164.2857143,168.8,165.6666667,166.700520834417,24.8883333339,51.493,65.9475,68.395,143.052630688584
6109,1569.57032106035,100.75,99,195.37541672182,127,122.25,137.5,136.687883599643,166.4285714,167.2,169.4,172,42.66666667,173.45,122.34,97.33,168.515371902896
6111,1625.81423342924,111.75,93.66666667,193.527673025325,124.2857143,133.6,143.5,129.684107143143,167.5714286,169.4,167,167.74186620647,33.93,168.243,117.2375,96.32,167.59611234042
6112,1668.97064357601,94.5,76.75,163.777909593699,121.8571429,125,133.5,134,165.2,168.8,168.8,165,31,154.564,98.9525,89.22,164.769400532887
6113,1517.73427650156,132.6666666667,107.360182091162,191.697175908382,121.120991196279,120.066110226811,128.424669692641,133.284916667667,163.490125801612,165.249539583971,166.517726960518,167.559682195335,33.5433333337,173.395,126.62,94.29,168.403139156769
6114,1762.70453571396,97,92,194.992933832243,127.8333333,117,126,132.106527778167,168,170.75,169.25,167.075891025597,33.5566666669,161.726,104.58,92.32,164.486085320715
6115,1765.03468751421,97.5,74.75,181.298608958083,119,117.6666667,135.25,134,164.8,166,167.6666667,167.737974359824,31.2850000006,136.837,91.875,86.96,163.072918678679
6118,1565.80844664865,98.25,99.25,176.116301753882,118.121383858414,118.828692049419,126.925741075595,136.14212202481,163.150438048897,164.148821109584,166.452911999223,166.752694013522,30.3950000005,125.756,93.15,85.06,161.447238536503
6119,1594.17047556729,102.501789837599,100.277646634883,179.546434397646,119.719185565259,119.406431746037,127.913249072103,134.242603836099,163.487407947945,164.850756560724,165.99837277963,166.941999998667,28.66666667,163.345,110.1225,90.985,166.341686069563
6122,1613.21133065681,101.5,90,177.530591412635,124.1428571,121.6666667,109.6666667,143,164.3333333,169.2,166.5,154,30.8433333339,126.907,88.775,86.5,162.15310384381
6123,1593.32237946662,100.430892458571,98.149689605651,179.408495189756,117.500077050519,117.31129637513,126.242740475664,134.131109308056,162.774889335731,164.635038479863,166.443527599177,168.005049020377,30.7733333337,142.26,94.85,87.51,164.31957821242
6124,1456.42954721516,129.5,106,185.37879095809,120.326023357649,121.573616047762,129.450931216287,137.258979378977,163.818659454754,165.140221218187,166.235435098267,168.347083332,36.9516666665,180.069,126.3675,96.94,168.476271090089
6125,1565.00893823501,106.25,100,187.138505405759,131.625,136.75,132.840559523093,129.545274927317,168.8571429,173.3333333,165,168.5,32.1350000003,146.017,103.94,93.07,160.129637862871
6126,1737.38124410301,103.25,89,192.507452037831,130.7142857,136.75,145,135.078423161537,169.6666667,171,169.3333333,172,34.2233333335,170.982,121.55,94.07,170.889944073175
6128,1524.53182725728,122.3333333333,113,193.777492865227,123,133,135.072615077476,133.588716117502,166.5,170.5,167,172,34.4433333336,171.425,122.65,95.32,167.236480673753
6131,1379.49580631268,119,137,182.230366102119,132.3333333,140,147,128.045301585143,171.6,167,172,167.692048684313,34.4683333336,159.798,117.21,95.43,165.61191106312
6132,1624.50927193941,106,102.5,192.572684104682,130.8571429,138.75,136,136.199905272026,169.3333333,165.5,169,172,33.2933333337,162.761,111.2725,93.155,168.260752613077
6133,1575.60539304713,111.75,91.75,187.423199621572,126,134.5,138.3333333,134.296153846821,168.1428571,163.5,171,167.976947903271,32.663333334,161.816,116.0625,93.68,163.815375328131
6134,1591.52464924344,110,100.3333333,180.225867256037,121.625,129,108.5,137,168.1666667,169,169,167.719329059827,32.4733333337,156.582,103.6,91.14,164.545864998135
6136,1662.97446834312,96.5,84.5,172.344284312068,117.5,126.2,131.6,135,161.1428571,165.8,170,167,30.6483333338,107.066,87.6975,85.51,158.395159944371
6137,1726.97064576944,92.5,87.75,180.162808195971,124.5,129.6,147,138.842850815881,165.8,170.25,167,168.5,30.853333334,129.046,91.6125,87.58,160.766741889787
6138,1606.3652688353,97,90.75,171.156529577993,121.8571429,117,133,146.5,166.3333333,166,167.6,168.012947909007,31.2700000001,148.086,102.6125,89.025,165.737073777098
6140,1613.16616354439,98.75,103.25,184.627171873906,126.8571429,130.6666667,131.5,158,165.7142857,168.8,167.6666667,167.682242331643,31.9783333334,148.368,102.2,89.65,160.970851879855
6141,1646.41548401003,101.020057308945,104.125244742235,190.217085403859,118.402541977066,117.966518079244,127.973041636676,136.22660856881,163.018312506925,164.384426576396,165.83510841476,167.667753704706,31.501666667,153.132,99.26,87.64,166.052324164801
6142,1576.38205739948,98.5,107.5,167.857503282752,122.1428571,132.6,137.6666667,137.434000001333,164.4,161.4,168.75,167.376166668,28.8366666675,102.191,89.2275,82.22,156.508570420562
6145,1573.71628046754,116,111.5,198.08602625639,129.875,139.3333333,132,136.741919193061,170.5,169.5,167.36959134023,167,33.4766666669,163.687,118.2125,93.8,170.043485312683
6148,1678.35470800151,105,105.6666667,197.85056893856,127,130.3333333,98.5,132.634846154513,165.6666667,167.6666667,168.3333333,167.242458142203,33.8350000004,163.894,118.94,93.99,164.921591958646
6149,1695.64709776353,106,99,197.031951049706,127.1428571,135,136.75,137.858123404848,167.1428571,166.8,167.6666667,166.818407576207,32.4133333338,152.615,95.89,89.45,163.906217018908
6150,1527.25207837813,111.3333333333,101.6666667,171.137549869894,121.8333333,126.6,132.75,136,165.3333333,166.25,167.5,166.056906748178,30.3416666674,109.615,90.35,83.38,156.447256592903
6151,1664.73726763046,99.5,103.3333333,198.342784248094,126.2857143,127.6666667,140,113,166,166.7142857,167.25,167,34.1050000003,162.763,109.1625,95.06,163.939202956362
6153,1555.22166009989,149.25,116,178.157310591058,116.252958514354,115.782474659798,124.64498535101,134.885523310776,161.098764052606,161.408396312619,165.176430216187,167.364591150232,29.3933333342,105.079,87.5425,83.53,157.432921036746
6154,1464.24486880326,149.3333333333,107.687370457753,184.810205417659,118.668157117797,120.960775793242,128.457872622029,134.955437506083,163.018562781552,165.127991991347,166.960358330186,167.965060606697,31.5983333333,161.673,122.5525,94.74,167.990831399559
6163,1494.02167965698,157.5,111.563386602396,188.562252308032,117.223129340516,119.798956350645,126.354056396587,133.713333338167,162.84997797501,163.863705939279,165.732945514838,167.606183502283,32.4766666668,159.836,115.89,93.37,167.486137427892
6166,1507.88583392009,144,104.343081656606,183.743521335206,117.147693145449,117.10470113514,126.200041454652,133.406351595433,162.031208439106,164.068567324977,165.870237041362,167.750287037489,31.1783333339,148.824,100.8375,89.25,162.89358227156
6169,1456.00840537918,116,113.5,182.30300489109,116.8333333,114.25,130,126.5,163.1428571,166.2,165.2,167,34.3283333337,159.831,104.2825,91.11,162.180164668
6172,1618.92462305104,110.5,114,153.512497695618,112.5714286,109.6666667,114.25,133,157.7142857,164,161.7142857,169.5,26.2650000005,82.015,77.91,73.68,151.304851868906
6173,1749.90639703976,91.75,101,128.260656284395,113,118.2,117.4,133,158.5714286,162.8,161.25,169,23.9516666673,70.077,65.5275,69.23,145.202522374422
6174,1502.96930878284,100,128,176.537328000097,115.5,117.25,123.75,137,161.4285714,167.5,165.5,168,31.1150000001,153.754,105.895,88.99,166.824335474325
6177,1483.20912582375,99,105.5,176.384753626332,108.4,124.6,115.5,133,155.7142857,164.4,160.8,166.733993147197,30.0150000004,120.472,96.125,83.44,156.614223854477
6180,2570.73282526155,71,41.25,103.710672493185,124.3333333,117.6,132.2,119,166.4,163.2,168,167.2,20.35333333397,43.305,54.1525,61.64,143.157315784662
6184,1568.59074917099,93.6666666667,103.6666667,182.519613153177,120.4,122.5,137,133.151865081476,163.125,165,165.5,167.878775132341,30.8700000001,136.829,103.26,87.635,163.907494640992
6188,2310.69410187763,73.25,53.5,89.4859070163612,105,107.6666667,109,123,159.1666667,156.8333333,159.8,165,19,38.314,46.775,56.455,136.760634277405
6189,2103.77934966991,74,56.66666667,130.99192121097,112.2857143,112.75,118,131.938888890833,160.25,163.8333333,165,172,24.968333334,60.86,72.2125,70.025,148.298366711616
6191,2002.35023660735,78.3333333333,58.5,151.031074005991,116.3333333,114.3333333,132.3333333,133.508527236713,163.7142857,160.25,166.6666667,167.300850001267,27.790000001,74.802,77.615,75.63,154.632325025974
6192,1938.40461305537,95,63,148.228107635118,122.4285714,122.25,112,133,166.1666667,157.8,164.2,166.562788891361,26.4266666672,69.448,71.1975,71.46,149.111013847019
6193,2241.18698303051,83,54.5,116.426671144055,117.7142857,119.8,130,139,163.8333333,166,168.8,167,24.0216666672,55.256,62.49,68.78,146.298785854337
6194,1521.5063926275,110.5,91.5,181.008138886678,128.6666667,133.6666667,130.5,134.397617726571,167.5,172.8333333,166.357104365133,167,36.33333333,154.142,106.49,94.285,168.184398892144
6195,2200.35801586256,83.75,59,121.036295616918,113.3333333,116.25,134.5,133,160.1666667,163,166.3333333,167,22.7066666676,49.988,60.0125,67.085,143.225611030335
6198,1632.03669219821,88.25,92.5,166.185403049464,117.3333333,123.8,127.3333333,134.462993008049,162.2857143,168.25,168,166.924718539887,29.6483333339,109.207,90.9275,84.26,159.645666557274
6201,1614.26161958434,94.25,103,179.459203686573,122.2,125.3333333,135,137.975892858143,164.4285714,166.8,166.3333333,172,30.3166666669,141.91,97.995,88.86,164.303982484276
6202,1392.8160482054,109.75,128,182.333022663844,128.1666667,131.75,141,140,165,170.8,165.730058910019,168.178166666,35.6033333335,166.303,117.0325,96.23,168.454651110792
6203,1333.65693710975,108,119.6666667,174.9986933283,129.8571429,131.75,132,135,167,169.4,169.25,167.880814813111,39,163.861,114.595,95.06,165.06765897204
6209,1614.47191086987,94,107,144.24758689262,115.2857143,120,117.3333333,131.656764654383,159.4285714,162.2,161.7142857,165.6666667,26.5433333336,75.88,76.3325,74,149.188895303752
6210,1582.58571075871,100.75,125,165.767277326767,122.8333333,123.5,127.6666667,140,164.5714286,167.25,166,172,28.5516666672,97.755,91.3825,82.045,157.482908008034
6214,1680.02485505021,103.455921255073,105.54529256394,198.882788263888,118.971072757753,118.434104684077,129.164886901527,134.906446971783,163.201332998964,164.516260512619,165.722001919711,167.814870370239,32.0166666672,163.175,109.22,90.59,166.862845831468
6216,1544.79716432251,134.5,112.798270760158,187.988214319967,122.6666667,113,130,126.6666667,164.8333333,169.4,169.5,167.892157407833,33.9233333336,175.794,125.6125,95.49,172.097866507086
6217,1406.05884678373,111.25,127,173.738565503058,115,120,116.3333333,116.5,163.2857143,164.2,163.4285714,162.5,30.3033333336,135.588,103.2375,86.7,163.99303510725
6218,1390.19651900409,124,137,185.289334426388,118.1666667,122.25,130.6666667,121.5,166.2857143,158.25,164.6,167,32.2400000002,158.922,121.5975,93.19,167.828386161464
6220,1520.012445954,103,117.3333333,182.271814621531,117.814365716413,116.733327016801,127.943464816911,134.524927350842,162.724347336541,164.264310179692,166.111107632545,167.903175926822,30.5666666672,131.15,97.1125,87.14,162.317493807658
6221,1575.41340075967,108,110,189.676109769516,117.070513939042,115.843433562593,128.40135347542,135.863571429294,162.33550609785,163.648157840413,165.472729260825,167.616307691874,31.2166666671,144.037,96.1425,87.58,162.108572974325
6231,1522.86375340413,109.25,99.3364662215524,182.102812128611,117.706672029145,120.077041667533,127.018867655913,134.610333335583,162.433943995871,163.792509719938,165.6379821406,168.127873834229,30.5916666668,149.249,106.0825,90.63,164.543499458646
6235,1657.38178692741,119.5,96.3606699264328,192.820120531623,124.625,130.5,118.5,143,164.6,161.1666667,167.6,169,30.5183333341,138.512,91.8025,87.39,161.856085783097
6237,1599.40924826987,106,109,189.565005412797,118.315266936792,117.549897155776,128.775755923319,136.581117726016,162.675166946181,164.311148437831,165.894852835921,168.006809524476,31.4033333335,159.243,101.8825,90.49,165.514933296906
6238,1494.05187292063,104.5,124,181.627484492264,117.572358177439,118.688908119727,127.447213103906,134.216092263321,162.221789237681,164.177115328029,165.813910664574,167.797678452086,30.6850000003,141.682,100.4725,88.35,165.233688118003
6240,1609.32497528378,98.25,125.6666667,149.112469614119,116.459796821464,117.757672009449,124.525356082162,133.00220909704,161.506311215399,162.706534564431,165.763415749473,167.509172897753,26.7233333339,82.791,81.7575,75.49,154.464977488626
6241,1595.40503783449,96.25,117.5,155.56439582332,117.639005744301,119.743524191597,126.897446017341,133.795982907342,162.381297551334,164.103923906925,166.063050782792,167.636367804493,27.8433333338,86.468,85.03,76.93,153.33569496325
6242,1617.18884326889,83.6666666667,86.5,171.06187667759,120.554542864833,122.797991269821,130.65622222275,136.196636905512,163.465057589105,165.970298386883,166.547888888238,168.305611110417,31.33333333,136.708,102.9225,90.44,163.946783938227
6243,2390.26875518217,66.75,43.75,91.9423615162308,107.1666667,107,116.6666667,119,155.6,156,164.7142857,162.5,19,44.601,41,56,137.667252029251
6244,1525.62478992784,90.75,108.25,147.282850140344,110,114,117.5,129.966316241806,158.625,159,159.8333333,167,27.536666667,85.434,85.885,74.67,154.478555145022
6252,1519.3373706393,122.75,100.957193468353,177.735616613024,117.386780592112,116.986848376428,127.333555619563,135.447629370988,162.066682731411,163.803040907617,166.080881989907,167.057487587606,30.3350000007,116.637,92.95,85.34,161.681898788457
6255,1555.36188781011,134,114.085152784588,201.502433820624,121.0380952426,123.471072001918,129.887666548467,133.456683049159,164.321909106883,166.484567303469,167.184226189083,165.975766026058,33.6983333334,171.461,123.6575,95.225,168.899200074588
6258,1493.93275689611,119.25,126.6666667,191.817092800184,120.12357519444,121.705449387593,131.752033333978,136.761421300083,164.183930100443,165.498550346373,166.847834127333,168.823200673752,32.9483333333,168.403,124.5525,93.915,171.155837708385
6268,1452.0322240123,115,128.6666667,189.965285451906,120.417721840227,123.762091944526,129.148035994564,135.192891383609,164.150324691602,166.208065902321,167.403305551729,167.208750000333,33.66,166.136,123.1,94.015,167.173836184506
6276,1483.47426461774,131,143,198.130327964133,120.280690765357,122.991748483965,131.093910450237,132.922169161109,164.190226325776,165.986654208178,167.143845238917,166.710041024474,34.3650000001,171.879,125.92,95.82,170.657393467114
6284,1467.82969462019,117.5,131.5,190.691953757977,120.374442455137,122.37851190275,128.743750003221,136.097405305811,164.431375705859,166.361570897365,167.036317462286,168.673333333,33.0716666666,167.83,128.2925,95.2,169.964019602324
6296,2434.98368264113,75,47,86.1414389355071,110.622480366991,112.69419971373,120.815829669044,128.6469967171,159.565681821566,160.246953147452,163.749559265762,167.046990414344,20.3333333337,37.868,50.3975,61.55,139.950400995241
6390,2398.41492481388,71.75,61.33333333,76.00535975737,109.308488838395,110.834233134465,116.432097680926,122.327700000627,159.087313405197,159.220223107837,162.362210222923,166.039606685907,18.6900000006,33.411,49.486667,55.99,136.843327882496
6396,2149.60083137728,82.75,70.75,96.9089739785002,111.422752060104,113.124154129571,119.895413068076,128.36453571646,160.16385427567,160.397880323839,164.126318756305,167.058685748704,21.453333334,40.546,58.66,63.37,139.387690161908
6413,1346.2707665247,104.25,95,180.18972998413,120.057703988894,120.002648613332,130.596282537148,136.40933796375,163.537869044508,165.93492052924,166.234196794934,168.029398146889,49.33333333,165.81,112.06,95.33,165.659415396144
6424,2456.09734955939,77,53,93.5663252004045,109.677735841452,112.572030983527,120.116048773932,127.672186507054,159.528482761581,161.062342957939,162.934658537291,167.029666668467,17.6200000006,34.261,49.41,58.34,140.411375747314
6434,2635.80958779005,62.75,40,79.387733044465,109.89529751352,111.685102280276,118.247246222678,127.553334018556,158.981604690293,159.97847699686,163.593514412152,166.66286078295,17.36166666723,33.872,47.539167,56.075,136.823773273911
6445,2551.49109345048,67,50,89.2563643716875,109.146459199692,111.462232144902,117.750326330925,126.389147906578,159.406236020992,160.326506755948,163.486182132737,166.856793562914,16.88166666703,31.945,46.801667,56.31,137.423525955037
6680,1697.93957897973,99.25,92.33333333,161.982202212163,115.5,123,124.5,130.881698121382,164.2857143,165.6,166.3333333,168,28.8916666675,87.158,78.815,81.17,156.102956134516
6739,2056.81478832508,80.1750621455258,78.3863311185436,101.216137621183,112.078224289953,112.646743977204,120.059541625589,129.811028861644,160.337161047714,160.243516944128,164.061963305985,167.367916436831,22.6833333339,46.051,60.735,63.84,140.597346817942
6740,2056.81478832508,80.1750621455258,78.3863311185436,101.216137621183,112.078224289953,112.646743977204,120.059541625589,129.811028861644,160.337161047714,160.243516944128,164.061963305985,167.367916436831,22.6833333339,46.051,60.735,63.84,140.597346817942
6744,2618.4414283153,63.25,47.25,75.5528005723887,111.683191209675,113.462235800012,120.380579665766,127.509596824543,158.98107458237,159.005799029548,162.266624813703,167.69778409093,20,35.715,39.583334,53.645,136.162374117074
6749,2056.81478832508,80.1750621455258,78.3863311185436,101.216137621183,112.078224289953,112.646743977204,120.059541625589,129.811028861644,160.337161047714,160.243516944128,164.061963305985,167.367916436831,22.6833333339,46.051,60.735,63.84,140.597346817942
6750,2056.81478832508,80.1750621455258,78.3863311185436,101.216137621183,112.078224289953,112.646743977204,120.059541625589,129.811028861644,160.337161047714,160.243516944128,164.061963305985,167.367916436831,22.6833333339,46.051,60.735,63.84,140.597346817942
6805,2056.81478832508,80.1750621455258,78.3863311185436,101.216137621183,112.078224289953,112.646743977204,120.059541625589,129.811028861644,160.337161047714,160.243516944128,164.061963305985,167.367916436831,22.6833333339,46.051,60.735,63.84,140.597346817942
6806,2056.81478832508,80.1750621455258,78.3863311185436,101.216137621183,112.078224289953,112.646743977204,120.059541625589,129.811028861644,160.337161047714,160.243516944128,164.061963305985,167.367916436831,22.6833333339,46.051,60.735,63.84,140.597346817942
6814,2056.81478832508,80.1750621455258,78.3863311185436,101.216137621183,112.078224289953,112.646743977204,120.059541625589,129.811028861644,160.337161047714,160.243516944128,164.061963305985,167.367916436831,22.6833333339,46.051,60.735,63.84,140.597346817942
6830,2641.60827670063,69.75,41.25,82.4159663374847,110.606708285503,112.878792906914,119.090454107321,126.669665366193,159.518089674095,161.186946465285,162.915773400455,166.940777780472,17.14000000023,33.639,43.745834,56.02,138.737190189525
6897,2176.38078693626,68,66.25,97.7902401171004,118.3333333,114.75,124,142,158.5714286,155.4,164.2,168,25,45.2,58,62,133.82715883146
6898,2662.17391817609,57.5,34.25,85.5308480532974,100.5714286,101.8,106.4,111,154.25,148.8,147.75,160.25,9,26.3,26,41,132.621848083173
6900,1671.79978132833,116,121.5,172.799726017378,115.180392016441,116.63879337069,122.748482682949,131.653952382036,159.942050575098,159.949435638685,163.629859523702,167.155762133797,30.0433333338,200,171,90,160.4369787938
6901,1726.29039334716,95.5,117,160.036187782144,114.732980341839,115.829492063188,124.045243252091,129.233260685453,160.034571045872,158.907333163536,163.007106338424,166.428388888667,28.7516666671,200,169,86,155.647667015222
6903,2213.33283921978,81.5,56.25,90.7715993397559,111.747508289763,113.684222222167,116.971424868869,120.893866666972,159.070292610921,156.916272514121,161.386784128808,165.806999998333,23.66666667,38.5,52,57,136.507482133838
6904,1593.30125732689,72.25,65.33333333,105.460232574511,105.556691903672,108.255184391597,111.648644860278,119.557056367051,153.099124004417,149.537527639696,154.54913729634,165.269385434783,19,92.5,77,66,132.638363959003
6907,2145.88943777105,72,60.25,120.207630134229,111.66739329007,114.174482143208,117.248938097333,125.005404762571,158.900885413914,156.966658729,161.510371881315,165.964110425357,24.66666667,46.8,57,58,141.410485448006
6908,2393.65669233165,66,59,82.2129787728765,111.209616168754,112.522243275948,116.828252328681,118.237533333105,159.544630230737,156.646487060681,159.807345586744,166.047956377396,19.6316666668,35.5,49,49,136.586394464718
6909,2699.50256988331,70.5,38,78.2408588909067,108.674559525,112.262547622,116.767734127917,120.389000000333,157.6483293674,157.474078571333,160.233485059686,165.617333332,20.33333333,27.3,32,51,136.132346271675
6911,1730.72910039888,62.75,47.25,78.7913751321359,83.625,89.5,87,85,135.3333333,112.25,136.25,160,11.66666667,31.7,53,46,126.189884055395
6913,2434.86206933082,120.6666666667,97.2766797901913,166.791005329233,116.983894982244,119.574261907933,125.508009520833,130.881222225333,160.268304987659,158.083678160041,163.423364927,167.152952380286,30.66666667,200,252,99,165.166575867619
6915,2486.39283730293,76.5,56.75,100.65160116042,112.6,123.2,123.456394697892,130.5,160.5714286,166.6,165.5,168,22.34666666747,41.2,48,53,142.385863240231
6917,1874.94565358384,144,113.66256209616,184.768144919328,119.466624054906,121.361452380238,127.536056975785,131.672337967917,163.305872817843,164.212906591249,165.367037697167,167.859099087229,34.9816666668,200,222,121,170.567856699748
6918,1495.74739382604,123,103.338192611914,183.00111147314,119.370440621332,119.16467063751,126.608565473877,134.372059164448,160.440696295778,161.79529553099,163.9662142843,168.0296388885,38.66666667,200,135,108,167.582983828184
6919,2185.57056879524,76.75,94,112.893514525458,111.450240213122,114.469805556833,118.325553572333,128.234833333667,159.399848216575,158.149611905667,161.997604760075,166.773333335,19,34.7,46,71,139.589913662191
6920,1512.02725570263,86.75,93.75,121.569469499192,110.591285091865,113.252730783315,115.713377818736,123.763182541097,159.989950014763,157.959337510158,161.742319636755,166.149751442644,24.9116666671,157.7,98,71,141.708101329456
6922,2777.19362967275,71,44.5,81.0242709230975,110.277546746945,112.028822864222,117.060520493728,120.576326983258,158.428847364566,158.380935726685,163.051756989799,166.131971126985,16.05500000024,27.5,31,48,139.392182691759
6923,2742.8324664702,57,41.5,69.8901371895307,108.395846919893,112.017560864076,114.201115180985,117.553325000239,156.878268229101,157.06982620224,160.191316267332,165.501636658216,15.93500000018,25.2,42,44,132.736780439495
6924,2617.70652249045,61.5,47,75.8984854834067,111.004415777,112.312782342178,118.938696456107,117.783186110605,157.482816469395,156.898440887142,160.931691723228,166.267222222222,19.5,28.8,40,49,134.099355755582
6926,2451.53391038484,66.25,45.75,76.9232798173833,109.403754788288,110.397853274038,111.811993057371,118.202291666667,156.114318117233,154.207011670233,158.515733331718,164.974988886622,19.33333333,31.3,45,49,132.599123409091
6927,2048.71550375988,73.5,63,104.409192419274,109.664082139064,112.827246213797,114.932783787472,120.873333332967,158.50992759077,158.02796759168,161.423521578716,165.672503803253,22.57833333407,57.4,61,51,138.053457108396
6929,2157.26281870094,78.5,61.75,104.053174178831,108.8571429,105.8,108,123,161.1428571,163.4,166.3333333,168.5,23.11333333407,45,56,71,139.91232845104
6931,2364.46368188074,59.75,48.5,66.9040256833048,103.204370279556,105.87746117993,108.232851957837,111.980653671922,152.032213441126,148.122321524623,154.190246320178,162.368898345907,16.30166666688,31,37,46,119.546581761972
6932,2657.82569038359,63.5,40.33333333,73.7414521790921,107.015302086499,109.002339285726,113.7549107165,119.281499999933,157.365728171033,154.783092856167,159.502532311708,165.363072338801,16,26.8,36,51,130.633580696809
6933,2270.66249350508,63.75,54.5,84.868739756695,111.574663472704,112.992999094241,115.650114586225,119.689791666833,157.620335835177,156.12701363487,160.548404618153,166.076555557333,17.66666667,46,52,56,132.830140075758
6938,2054.11996840299,72,70.75,117.279314727705,103.1666667,107.3333333,109.2,135,158,154,159,162.25,21.64833333403,42,61.1775,60.2,140.043059540182
6940,3068.79467608825,64.25,39.25,89.2914212173642,114.6,119.6,126.6666667,123.016785714286,164.6666667,166.5,166,165.214499999,12.33333333,26.8,32,49,140.358239529251
6943,2707.50075119942,60.75,42.5,82.4061228964388,109.758396023544,112.227487433952,116.16426065274,119.642833332,158.704144336426,157.031733694144,160.378449743511,166.177909721683,12.33333333,31.7,37,49,132.93215125
6944,2693.94447860317,63.75,44.5,75.20586735424,110.150636766042,110.160812772562,115.868759363231,118.185624999967,157.33301077607,154.153946427804,158.597279760476,165.1332250004,8.666666667,28,37,49,130.923559583333
6945,2546.69359605185,76.5,56,128.133461969798,117.1666667,122,123,142,163.8571429,167.4,169,167.508120371711,27.0750000005,40.2,53,55,147.946651026903
6951,2194.7011390025,79.5,59,114.655226911611,111.490768804759,112.824411509833,119.144232144333,121.889000001,158.800021684993,157.8706999976,161.861432542667,166.44133333125,19.66666667,44,50,68,142.160981714771
6956,1926.48046487329,84.5,72.5,119.06710324667,114.320039269813,113.74872308469,121.110667406526,122.60655555575,160.620073808555,159.432016664948,162.64682504777,166.6737434661,24.84833333397,51.2,67,69,144.896515303605
6957,1758.56820862175,81.25,84.66666667,124.423274695725,112.082318785801,114.314232353408,120.251023073174,124.3605277785,160.568471387715,160.222910109142,163.361408917063,167.044345118586,27.1066666676,56.744,70.7575,84,146.788311673061
6958,2597.64534964078,68.75,41.66666667,88.1457235628141,105.75,108,111.25,118.385887083713,159.1666667,150,161.25,165.647546523068,19.66666667,27.2,31,49,131.028213989605
6959,2374.75099577828,71.75,53.25,88.7763803039762,110.089093923516,113.605885172913,117.847834088614,124.474199999543,158.876789873505,157.338801993567,162.048130480745,165.59908333355,20,38.648,48,51,133.838853273911
6960,2808.5189233651,55,39.75,86.2809983916785,110.664148596167,112.821879391693,116.419216849393,120.632338888972,158.57340859537,159.272585222878,160.932459014125,166.015748905413,16.12000000032,32.99,31,47,136.803628596712
6961,1779.02103702285,59,50.33333333,76.7664179663027,90.28571429,93.5,105.6666667,88,139.375,130.2,146,159.5,19,46.5,47,46,121.679779070213
6963,1980.3509633907,78.75,64.25,103.857115815473,105.6666667,111.4,112.75,114,160.1428571,162,160.8,164.396832856144,21.17166666697,50,66,60,130.592208770601
6966,2294.05330399071,62.25,55.125,85.8541305301958,109.633352930121,111.800176221493,114.575854745995,120.372571428238,158.755236169679,158.122430408911,161.368037227329,165.84895307208,19.73666666664,42.7,58,53,135.944672092974
6967,2680.05482150393,62.75,42,69.8787182406111,106.800800131781,107.31088089366,113.260134524912,117.342908333655,155.5455218246,154.246931371132,158.614746988598,165.322443769861,16.66666667,26.8,32,44,128.094901325758
6968,1841.02530478411,92.5,91.33333333,138.031843889506,113.993805308618,114.15352579395,121.244497619667,128.403777778333,159.927663691567,160.596928569667,161.758273808517,167.093794872462,23.33333333,200,126,71,147.839529955772
6969,1792.80964140909,91.25,96,150.953398888317,115.30197049099,115.028504217386,120.110422465808,127.331027778811,159.950557586803,159.341953805675,162.496856746728,166.332083334667,29.1233333337,200,122,70,152.134631477143
6970,2197.5981774641,62.5,50.25,75.5748612377081,104.06366118646,105.276162355671,108.886164333405,112.124651502447,153.251755953517,146.811757095359,153.15675708413,163.812673131498,14,43.2,45,48,121.742639928799
6971,2029.79670217208,66.25,63.66666667,102.430992681774,110.703340933783,112.47009272832,117.676062537574,120.369158333972,158.233056292504,156.922977603676,161.53223809281,166.407219491645,22.3433333335,71.3,57,51,137.586283367484
6973,2766.36786151229,77.25,46.25,93.6888516756304,113.323738096518,114.369791667544,123.116679838215,125.672644444472,158.70577437795,160.452638528258,163.195726190125,167.374722221667,12,29.6,35,53,141.430636419914
6974,1541.71278893311,108.75,125.25,190.34186090149,120.045753430427,120.68740833288,128.621038280764,128.040516955519,161.686180275276,162.156208786758,163.51585062425,167.557602384664,37.4416666662,200,151,103,161.865273867236
6975,2534.18427650785,67.25,47.25,81.5918382028511,108.122413362861,110.721612153182,114.4795059554,121.3826527765,158.364797614167,158.131985316603,161.051765874967,165.666122265651,17.2000000001,31,44,51,132.399343358586
6976,2040.52767110973,71.25,69.5,112.747274744848,113.797695548207,113.56313724863,122.705577116028,127.005770202803,159.359729956748,158.454027610279,162.614522672374,166.601277775167,24.33333333,54.4,67,56,143.410458104291
6979,3180.22575369466,54.75,36,88.7337390408553,102.4285714,106.75,122.5,133,158.7142857,161.6,162.6,167,3.666666667,23.3,28,44,131.735417001634
6981,2772.77907337595,62.25,43,69.7156196835307,107.687590052067,109.111772126682,109.515749807429,115.375285714871,155.291515638691,154.403757812254,159.023821645717,164.897101278162,14.97166666686,23.2,27,44,131.199563772828
6982,2647.30334158206,78.5,44,90.1093862813808,110.748697022775,113.227358004414,118.942761489046,120.827126587981,157.629411973935,157.096395832536,160.826567459325,165.055606392998,16,28.7,34,49,136.637335095439
6984,2568.8277330105,69.25,47.75,78.5412111054752,107.168556125233,110.401408733244,114.456490051814,119.599738094905,157.393694443,156.186958439662,161.054764875375,166.390055557667,16.15000000005,27.8,40,53,133.350728356161
6986,2449.22748537333,61.5,43.75,64.0583416755391,104.2,114.5,112.3333333,124.5,159.5,157.4,153.7142857,166,18.09666666723,35.913,52.2225,54.1,126.56542851528
6987,2370.75725362587,69,47.75,71.2506354549828,105,98.5,105.3333333,127,154.1428571,152.6,166.3333333,160.5,17.30333333373,35.937,45.4625,52.895,125.199590689324
6989,2134.80655012434,78.25,61,104.147812051272,106.2857143,127.3333333,113.75,117.5,156.5,153,157.3333333,166.3333333,18,44.446,51.506667,56.41,133.245843092813
6990,2006.67875146658,79,60.25,124.794978200787,114,133,133,140,162,164.6,163.6666667,166.636833330667,25,71.535,71.859167,72.53,147.94170293053
6992,2374.50399537426,68,54.25,83.38461538,114.3333333,118.4,121.6666667,128,163,164.8,166.3333333,168.6666667,22.33333333,49.375,55.049167,60.58,136.349588177259
6997,2190.67174908302,81,56,85.420817766894,105.5,113.2,116,114,159.5,154.25,161.2,163.5,20.51166666713,36.658,53.4025,58.705,135.187136704447
7000,2185.14538063683,78,54,93.6981731435762,120.5,111.6666667,100,130.497041667083,164.5714286,166.4,166.5,166.597148149139,25.66666667,51.896,66.75,65,141.344488583641
7002,1980.62450590726,80.25,59,134.124720861381,116.3333333,111.5,127.1666667,130,160.5714286,146.1666667,166,166.3333333,26.66666667,59.089,63.83,65.145,142.42091159098
7003,2223.63242907394,71.75,51,68.5276208521239,104.1666667,106.5,119.6666667,122.684898325959,155.1428571,150,156.4,162,18.79000000043,38.744,50.926667,57.22,133.475747374788
7008,1455.82205666219,95.5,95,173.756029277582,123.2857143,126.75,134,143,164.5714286,165.4,167.5,167,43.5,117.378,90.915,84.175,158.782959160874
7013,2556.08565700405,63,38.75,89.8928024057984,111.2,112.5,110.5,124.799974082435,157.5714286,159.8,164.1666667,157.5,16.19000000023,38.615,38.486667,55.305,135.586422772988
7014,1979.3509779039,81.5,74,154.122562246813,124,126,135.3333333,133,165.5714286,163,166.2,167,15,70.52,90,92,152.43066139386
7025,2288.46919962435,71.5,52.66666667,94.3527807368773,109.8571429,105.5,126.6666667,113,159,159.4,162.8,162,20.7716666673,38.298,54.15,56.75,137.653487261905
7026,2381.72563850579,69,45.5,66.3928551031275,104.3333333,104,113,119.807526993816,155,158.4,161.75,167,19,39.232,48.718334,54.69,123.559075669192
7028,2441.66655674223,57.5,40.25,79.1154364135813,100.8333333,101,105.7142857,126,149.5714286,152.2,155,164.5,16.28166666693,31.688,39.807501,52.41,128.205628384458
7031,2512.33426472732,78.25,47.25,80.9687784686561,113,105,120.6666667,126.443380951714,157.5,159,163.5,167.227708333125,15.33333333,38.829,41.305834,54.255,130.981323593925
7033,1759.50769853116,78.75,76,142.390988694406,114.015025952917,114.93613359654,122.55518481859,130.141238096571,160.858752083321,161.333597707809,164.508173118004,166.700737892882,27.0366666675,68.062,91,76,148.29889169731
7036,2441.91066171767,67.75,50.5,108.254603251254,118.5,117.4,132,140,162,164.8333333,165.4,167,19.66666667,48.535,59.18,63.835,144.182155561409
7058,2037.21032842232,87.25,66,89.35714286,115.151443953238,115.816215606387,124.806108070601,129.726517858393,160.009245874983,160.158241653315,161.789915164832,166.208627947449,30,32,92.145,77.01,157.558140811849
7061,1877.11691333513,87.25,64,144.25,114.980108830629,117.910938924185,124.500327550628,134.659520906588,161.426774338292,162.895793162763,165.108132333686,167.586727473713,26.536666667,80.083,76.5975,73.81,153.96231558153
7062,2905.23902637871,62.25,38.25,86.0442008344695,113.1666667,108.4,126,140,158.8571429,163.25,161.8571429,167,11,35.367,38.6667,46,132.820789566148
7063,2062.1154132709,72.25,51,110.125,107,107,111,135,160.1428571,158.1666667,160.4,167,32,52.247,59.1475,63.215,140.13
7064,2219.82579101332,68.3333333333,66.66666667,92.024789327498,111.093002656348,112.528975098498,120.89282824927,127.185499998588,159.697815041152,159.200349475624,162.733427118095,166.98337256601,23.33333333,37.474,47.5,79,139.101677579466
7067,2516.18711184696,58.75,42.25,73.6778569234946,106.841204670706,108.351650003124,112.318334390983,120.623833334082,155.377789766086,153.3812271813,158.768818212466,164.557346415761,14.66666667,26.8,50.031667,52.66,127.264782316449
7068,2334.09880822565,63.75,56,69.7710663080535,108.090175004988,109.722921069429,113.373499112791,117.171547930631,157.612275190037,155.31145068073,159.881732649376,166.163199224591,18.16833333393,37.047,52.0775,54.14,129.617735861771
7071,2412.3526657514,64.25,45,102.659842133299,109.8,116,115.4,121.578113755423,154.875,159.2,161.5,168.25,19,43.482,47.636668,57.5,140.04357710552
7072,2359.53069444907,70.25,62,139.3636364,106.5,108.75,112.3333333,108,159,152,162.6,166,18.54500000076,37.269,52.29,59.145,149.57
7077,1305.52384102195,54.5,44.33333333,57.9448098477636,90.28571429,77.5,87.66666667,78.25,110.5,110.2222222,115.75,152.25,17.13666666686,36.398,48.956667,54.415,115.194801476418
7081,1846.91425785889,58.5,42.5,78.996486213135,94.85714286,93.8,95,95,133,130.4,144.8333333,160,16.43333333347,39.909,48,46,126.332770833333
7092,2219.21104814102,68,54.25,113.828415591618,107.3333333,119.75,112,122.939914862872,154.3333333,152.2,164,166.3333333,19.33333333,42.449,54.1325,58.15,133.646779761905
7094,2681.62267236241,67.25,43.25,77.4883598595604,110.339249749466,113.141242215671,120.674809522361,127.09918015821,158.757937456423,159.163148307146,163.121547083354,166.537124998437,12.66666667,38.372,37,58.5,138.809827336771
7096,2582.51044412837,65.5,40.25,88.1773963173734,109.492902590999,109.815927779026,115.932031915278,124.004168252448,158.544260100039,157.450274063976,160.695044561095,166.246921886022,16.21500000033,33.801,43.619167,53.97,136.671746666667
7102,1867.27930734109,87.25,71,145.783489862631,112.5,110.6,115,140,158.5714286,162.75,162.25,168,23,75.438,76.3725,71.02,147.25264600057
7103,2671.64843353009,62.25,36.75,91.7737080960991,107.927004615596,111.065366454364,118.411305403538,126.88803679687,157.880171392752,160.232582433351,162.336119262872,166.866488097086,16.30666666717,33.177,44.696667,54.58,137.626753885144
7106,2495.86445492195,76.5,44.5,105.208158194804,106,108.2,127,130,155.4285714,163,160.4285714,167,18.35833333423,36.841,45.551667,59.53,141.653179035845
7107,2555.22459423283,67.25,50.75,93.3640347985195,109.974586119963,112.12718457435,120.200657170059,127.709780843775,159.670329492363,160.59261827583,163.620894778697,167.630023809809,17.35666666723,32.071,47.234167,56.445,137.68014678837
7109,2495.83688559298,60.75,45.75,86.1000330258221,110.851980568205,112.015788654602,119.194652001676,124.925109812687,158.880884041029,159.544497644511,162.594404557688,166.501307752838,18.776666667,37.076,51.846667,56.655,137.506340232975
7111,1805.62385046358,86,61.462415178897,106.116563130074,111.470235018852,112.969410716874,122.47724017398,128.605000001,158.294486782546,157.810724660324,162.042228834556,166.593555554667,27,140.3,62.34,63.08,140.918847615435
7117,2824.09420706373,58,36.5,88.368224860699,112.1666667,113.3333333,138,122.5,156.2857143,156.4,163.8333333,166.5,16.28833333359,29.806,37.928334,52.275,135.483587455197
7119,2572.73976530512,65.5,41,79.3961970833523,110.072656244903,112.300613509332,120.389086305433,128.940193144374,159.405632017077,160.080968131598,163.305941650204,167.127870043039,18.23666666703,37.4,49.5675,58.76,138.665642358878
7120,2642.62131832509,62.5,42.75,69.4241984862639,108.904325457294,110.601527207719,117.597090208545,124.572437193402,158.266270366309,159.79970167046,163.113152054844,166.298288696819,16.82333333396,32.215,48.479167,54.005,136.499584385022
7125,2400.23229339566,69.25,42.75,84.4823557574887,107.2,109,127.6666667,111,160.4285714,156,163.2,165,19.29166666723,38.136,53.95,58.54,136.513894846491
7126,1425.48794253223,95.5,97.25,161.282751168332,117,112.5,116,128.4,161.25,163.8,164,167,32.66666667,131.022,94.9275,83.78,154.429954679521
7127,2429.04747262809,59.75,45.5,63.7392057922706,98,98,106.6666667,135,154.3333333,145.4,153.2857143,164,18.1666666674,45.471,52.196667,57.445,160.43
7130,1754.95018298355,91.6666666667,78.25,174.919565208046,117.5,120.75,130.4,128,163.8571429,164.6,167,167,29.7116666671,102.355,89.805,83.41,161.203348951336
7133,2285.20503984584,76,46.25,106.393521089771,113,117.8,129.5,134,157.7142857,163.8,166,166.150821455877,23.1166666678,50.568,59.0775,65.75,142.255504880071
7138,2102.57263102206,85.5,68.5,99.3815529647989,111.264173330439,112.765201233424,120.351950485374,130.001074496545,160.027589711374,160.201615079574,163.937310564882,167.056708665699,22.1283333342,44.713,59.275,63.75,139.496547914433
7143,2541.78459640404,83,44.5,94.1290011624458,120.1666667,118.2,106,133,163.1428571,163.4,166.2,167,19,43.336,42.823334,59.34,139.127620040004
7147,2310.28489401111,74.5,52.66666667,100.000702865046,115,118,135.5,143,161,162.2,166.6,169,25,55.78,50.25,71,140.612600148767
7158,2569.78878966786,63.3333333333,47.75,81.915651607669,110.981821068858,113.826441654748,121.548107830254,130.220505051394,159.638002771799,160.142441029892,163.111476718067,167.347838294452,16.66666667,41.125,45.241667,56.8,138.849425397116
7160,2256.92907347378,72.25,66.5,84.4454556086528,111.055305070186,112.004806472878,118.733459825712,125.680266559174,159.309013218812,159.340710785209,162.722995124619,166.189520638419,20.9183333338,37.825,53.5575,60.2,137.023987207602
7161,2743.31134480835,61.25,39.33333333,81.9982601047524,111.05850467158,112.315548198846,121.207122151102,130.007890114759,159.151834630463,160.136385903478,163.059927944739,167.148111112639,12,33.998,45.883334,57.3,139.595504348125
7162,2576.87990455982,65,42.75,95.2580337551904,114.6666667,116,130.6666667,130.861666668,164.4,159.2,166,169,17.66666667,45.486,51.62,59.665,139.551166550797
7163,2654.19324916073,66.5,44,81.5364550567212,109.8571429,114,121,128.138869048202,158.1666667,161,163,167.001071425286,12,41.006,39,57,136.482822655775
7164,1105.84561702145,69.75,59.25,122.167197482314,90.5,92.4,115.6666667,126,138,133.6,146.8571429,163.5,57,92.442,84.625,74.29,139.239547036537
7165,2528.19076399004,71.5,43.5,90.3340747337603,116.3333333,112.75,118.75,135,160.2857143,158,163.8,162.3333333,18,38.906,43.819168,57.695,138.967338073353
7169,1740.73876538775,82.5,78.25,144.779220362967,116.1666667,118,106.6666667,136.6666667,161.8571429,165,152.6,172,25.33333333,84.067,81.645,72.98,147.197897675222
7177,2587.25961837192,65.75,45.25,91.6297335583061,109.863591620356,112.044195684545,120.322033686555,126.374757033965,160.187993239367,159.990542586253,163.435329175526,166.655085740727,16.91500000036,33.064,47.199167,56.08,137.927081340218
7181,1590.34142430332,96.75,97,143.974589283504,114.5,123.5,125.5,134,162.2857143,161.4,166.5,166.3333333,25,91.806,82.2225,76.45,151.423391677093
7183,2292.00530130289,77.4322749825049,65.4808946602733,91.0058839667471,111.219054461334,112.091521048396,121.583788922803,126.601202380655,159.243234696567,159.02713172429,163.178832267826,166.606814485222,19.07166666733,39.432,49.475,58.9,138.573186040044
7186,2326.86585365995,75,49.75,81.4384428330317,101.6,106.6666667,107.75,128,155.2857143,157.2,158.8333333,164,20,33.749,44.710834,56.49,130.728484394852
7192,2593.18480485143,68.75,42,102.973117286604,112.442435269239,115.0893888893,123.41848988203,130.716904761821,159.309130707125,162.281337013008,164.17552725635,166.929626983952,18.07500000037,38.08,46.925834,60.42,144.088542791831
7199,2810.04768690643,66.5,37,72.9763263657291,109.456802150594,109.63036063866,116.850431593324,125.344980158571,157.041163242969,158.977245653057,161.941170480662,166.196569442237,8,33.454,36.769167,51.11,134.274582616914
7202,2638.23907325962,63,40.75,71.1620852099839,108.834649012702,110.14513536986,117.138146281164,124.200787301912,158.35939371204,158.870658759103,162.872653159995,166.411188422241,16.29833333397,32.387,48.401667,53.98,135.657554121864
7203,2382.53086605093,67.25,44.5,80.7243262725116,106.1428571,101,107.6666667,121.186087718051,148.1428571,153,158,168.6666667,16.35333333406,30.807,44.809167,53.765,128.236705306074
7207,2471.60942739266,70.25,49.75,90.4129838690024,111.4,114.6,139.5,138,156.6666667,158.5,163,167,20.6716666672,38.14,52.83,59.83,138.365888145553
7208,2432.53091579486,73,46,103.746971684811,113.7142857,110.5,114.75,113,162,161.4,165.5714286,167.6666667,19.19666666763,42.116,50.54,58.72,141.721209951329
7209,2559.65612233491,63.5,45.25,89.4398893081961,105.3333333,127.5,116.5714286,109,157.125,162.8,162,167,17.11500000053,35.571,45.311667,56.37,136.855855469536
7213,2493.56229239267,65.5,40,75.8957200947733,108.69831041257,109.408653819088,113.815312927879,119.823610714327,157.431295204246,155.834385353555,159.994602494498,165.001100404612,16.98500000056,31.871,47.464167,54.705,129.086800510894
7217,2623.79564822993,56.5,38,76.4339059105817,103,102.75,123,127,153.8571429,155.8,155.625,166.3333333,11,34.535,44.2025,54.57,133.914742217102
7218,2405.32785825735,75,51.25,82.5231795491925,103,111.6666667,109.75,114,154.8571429,157.75,164.5,166.5,17.27666666706,32.623,48.556667,55.795,138.006723815398
7223,2356.71674977865,75.75,54.75,98.5479473179014,110.856168606004,112.637401323123,120.49972520033,128.876589970735,159.382701924951,160.113441292667,163.509709242382,167.048437713038,19.3766666673,40.538,52.99,59.46,143.735396439525
7231,2748.82431486573,65.75,45.33333333,82.3577213791694,111.285049489077,112.655918386079,121.330588436434,128.645246717699,158.824222611031,159.783651272183,163.177867573119,166.422326385633,15.33333333,38.57,33.5,46,138.576564160114
7236,2498.97211828234,73.5,47.5,77.2327535953017,109.872100673664,111.867703145229,118.344484528358,126.483984811818,159.179593483157,159.941984192617,163.533490574176,166.613819658283,18.39000000057,34.809,49.101667,57.585,137.015296929825
7244,2668.19499445329,68,46,83.5380554216695,111.3333333,117.5714286,122.03957623023,133,162,164.5714286,166.2,167,20.33333333,40.078,39.625834,56.465,139.010285399481
7248,2263.07277907151,71.5,66.66666667,92.2716163301451,110.810910471781,112.360249772531,119.724193658644,129.93998282985,159.551278233243,160.147329106614,163.47960560308,167.285004170733,20.9016666673,38.836,54.99,61.16,137.951213053322
7250,2546.36309403478,58,37.75,59.550941886221,105.75,113,112,113.5,154.7142857,154.5,159.5,165,17.24333333387,32.493,47.379167,56.265,131.523704469507
7255,2734.5979764958,62,47.33333333,90.3678075244194,116,120.75,122.250642854417,126.643838382727,160.1428571,162,166.3333333,168.25,22.33333333,35.638,35.5,46,132.543858316148
7258,2584.03276019191,71,43.5,91.0391818353848,110.67450005847,114.133956352683,123.251090910412,130.859083334417,159.972804565542,160.381903529763,163.595392995703,167.355222221667,14.66666667,39.927,47.785001,59.18,142.825704366023
7268,2641.94654652614,65.75,43.66666667,90.7907517605495,107.8333333,107.5,121,126,159,159.4285714,158.75,167,16.24166666756,30.441,40.109167,52.78,136.839978853375
7273,2557.05370221446,77,43.66666667,89.1703105010117,112.5714286,117.6666667,116.6666667,127,160.7142857,163.6,161.5714286,165.25,9.333333333,43.17,45.460834,57.775,133.278882072602
7276,2481.19287187799,73.75,49.25,87.8995607593178,116,111,119,124.771462085181,158.4444444,163.2,165,165.340147351191,19.0183333339,36.239,46.581667,57.035,135.747207776167
7280,2591.6696508368,80.75,46.5,97.7084564934167,123.5,120.75,136.5,137,159.2,167,168,167.001645834604,23,38.769,46.573334,61.385,140.44384340823
7282,2862.03150705746,62.5,37.5,66.7611539124663,103.3333333,113.4,114,137,156.1428571,151.6,163.5,167.75,11,36.292,29,51,134.114566093926
7287,2525.34542626151,71,48.25,90.5219084091787,107.3333333,120.6666667,121,128.440793649488,157.1428571,158.25,165.2,166.939626987452,18.71500000019,32.423,44.873334,60.785,138.139028763009
7288,2238.63210462702,82.5,70.25,93.3879820392271,112.8571429,118.2,123.6666667,125.454858224646,162.1428571,161.6,165.25,167,24.66666667,32.8,58.145,61.255,137.034428477734
7296,2139.2379942105,84.25,62.5,101.7117951989,112.5,110.6,115,134.3333333,159.2857143,159.6666667,159.8333333,167,20,43.755,54,70,139.895555593195
7298,2375.28560681253,81.75,53.25,98.8986182441226,106.5,121.6666667,110.25,125.946247295414,160.1666667,163,162.98420984447,167.6666667,19.72833333383,37.494,50.375,60.885,139.593762744159
7305,2459.59887316526,79.25,51.5,110.043192498352,111.5714286,117.25,134.5,125.493186290842,161.7142857,165.4,165.4,166.120433144017,19.81166666743,39.664,49.2975,63.035,140.31986130667
7306,2326.87146368734,76.5,49.75,89.1501747151458,112.506680791417,113.607557995924,119.23874321438,129.392722221333,159.237462660103,158.982483043791,162.542810114416,166.782465276639,22,41.763,50.25,60,137.022530245972
7307,2555.3116946278,78.5,72.33333333,88.4595658599237,118.1428571,123,128.5,140,161.2857143,164.6,164.2857143,167,12.66666667,35.396,46.528334,59.035,137.406614868708
7314,2648.23888098259,66,42.25,66.5511909361417,108.973942972502,110.228768848194,116.679765821555,123.648345021653,158.895900823593,159.698294094536,162.770247717753,166.464969531784,16.0983333339,32.03,47.979167,54.43,136.312344801688
7316,1760.14866680624,81.25,89.25,158.103601143361,118.4285714,123,139,132.096606060189,162.1666667,163.6,164.8333333,166.097917511783,29,85.95,77.9625,75.32,151.09724776636
7319,2542.88379135843,58.5,52.75,73.7178842818684,110.391426782303,112.232393020541,118.228563357709,126.358689177862,158.533795868406,159.535269737247,163.29806656744,166.727057752871,17.848333334,35.072,50.099167,56.205,137.564931607244
7320,2001.32652699677,80.75,74.5,120.167748478559,111.311268842753,113.515055557333,120.095922619917,126.714890152667,159.882621034426,159.693294996612,162.06704259997,166.123166665,26,51.69,57.24,60.945,141.452212987207
7322,2310.71350931141,76.5,51.75,87.629035525254,110.885907321291,112.277286260829,120.98531383956,127.210339972223,159.752861307125,159.573416537671,163.215064362949,167.153252527371,20,45.881,51.75,61.745,140.409299928933
7323,2222.84484827658,75.75,64.25,98.6509255737007,108.5,106.25,112.6,134,157.3333333,163,163.4285714,166.3333333,19.58000000033,42.121,59,56,134.163701323764
7327,2423.95862754348,64.5,53.5,97.0709019932837,111.257592935691,113.918447088878,120.109795802913,128.411776479497,159.890398281989,159.307473194157,163.741167258571,166.749678045247,20.2500000003,38.442,54.2725,57.665,143.765225106952
7328,2388.48541189861,56.25,51.33333333,90.2344437950233,109.029643750123,110.370284885826,114.864869854781,122.809760607109,156.683622688856,156.268790545787,161.625081643581,165.315441739093,18.25166666705,37.592,53.2925,53.185,133.625864117074
7332,2595.80579163794,64,43.5,82.4295343992887,110.38539686684,112.778712738023,120.871076837386,128.751816162088,159.536265169866,160.327244456721,163.342969354669,167.398798614083,18.08833333377,34.512,47.89,58.495,137.921557125903
7333,2345.92464052295,68.75,39.75,82.0855681398191,93.2,93.6,104.8,113,149.5714286,145,158.2,165.602444443417,13,35.468,39.226667,54.115,132.578439749839
7337,2452.45768525251,74.5,47.5,88.9604253769673,109.1428571,110,124.5,128.926362553204,162,160.2,164,166,21.66666667,38.766,47.5425,58.365,138.045749109078
7342,2140.78022842851,83,65,111.927887261524,111.98235746478,113.56360768834,123.326577545746,131.573489178983,160.735943340089,162.043432825719,164.627129000604,167.188884669905,22.8350000004,49.878,58.5275,65.01,146.100358613139
7343,2492.77607080123,72,51.25,91.1522403843182,110,110.5,131.5,133,161.2,162.2,164.2,167,20.33333333,40.625,47.55,56.84,136.698243529412
7344,2437.29834594344,73.5,47.66666667,84.1464818783737,110.190610620789,112.504117064044,121.765687477827,128.458849206738,158.741809523058,158.01215092714,162.74819087465,166.792111108,23,33.38,47.285001,59.755,137.181132450408
7346,2404.50236530919,78.25,58.66666667,105.835269324121,112.25,113.4,127,128.498277778333,158.4285714,159.8,164.6,172,20.66666667,39.966,43,64,140.820175121703
7347,2257.25980796541,64.75,47,71.6689398458283,110.6,102.4,107.8,113,154.4285714,156.8,159.5,162.5,18.75666666706,41.899,52.6025,58.505,134.55137918694
7349,2298.51978329488,81.25,52.75,89.0871448789757,110.52580248761,112.486700581131,120.168695439278,126.133637667969,159.190407608857,159.252190547801,163.032394845267,166.435866162697,21.33333333,41.501,50.046667,60.07,138.526857386364
7350,2327.60434790009,80,52,86.7737544458353,111.178029263519,112.629078931057,120.212292257644,129.305241163545,160.123475578662,160.357441228716,163.919832083065,167.013743059011,21.0350000006,38.73,55.175,62.2,137.888006803322
7353,1881.61116559194,86,70.5,134.066236940155,106.7142857,113.75,116.2,136.6666667,156.1428571,159,163,172,26,67.313,66.2575,71.45,146.550308332262
7354,1580.18883938243,100.25,108.3333333,186.441327411787,121,128.3333333,135,132.5,163.1428571,165.8,166.2,165,29,145.102,98.3575,89.58,162.9561199434
7356,2097.64133192376,88,64.33333333,100.340046936581,111.401780967618,113.031287268496,119.635112732131,129.611185607846,160.081797195676,159.991803758928,163.708110762087,166.817150333393,22.4033333342,46.156,58.4375,64.35,139.520947106353
7358,2056.81478832508,80.1750621455258,78.3863311185436,101.216137621183,112.078224289953,112.646743977204,120.059541625589,129.811028861644,160.337161047714,160.243516944128,164.061963305985,167.367916436831,22.6833333339,46.051,60.735,63.84,140.597346817942
7359,2056.81478832508,80.1750621455258,78.3863311185436,101.216137621183,112.078224289953,112.646743977204,120.059541625589,129.811028861644,160.337161047714,160.243516944128,164.061963305985,167.367916436831,22.6833333339,46.051,60.735,63.84,140.597346817942
7372,2312.69770019188,83,54.5,102.431435736717,114.4285714,116.6,122.5,141.5,163,165.2,166.1428571,165,22.33333333,50.583,51.704167,64.535,141.237835680376
7373,2239.20722678117,81.25,54.75,94.1812619867278,104.6666667,110,119,126.712809524143,158.7142857,160,162.1428571,167.75,21,43.931,51.13,61.955,137.789656133839
7377,2315.97256137924,75.75,59.75,87.5065484420462,110.710885414919,112.501527549975,118.952554816559,130.168443145421,159.547009554455,160.027171963928,163.575834570509,167.042444038609,20.1533333339,38.739,53.1,61.67,139.600556803322
7378,2268.70123260805,71.25,52,101.411946506289,112.4,112.5,134.3333333,119,162.1428571,158,166,167.297666665,23.33333333,47.264,58.02,62.24,139.499175037348
7382,2832.73172719804,55.5,40,70.6753744573791,110.527167447289,110.029884447702,116.668606907412,124.657588888382,157.567103425118,158.07145640012,162.064199574806,166.404728069596,12,29.835,36.970835,52.295,136.308916689164
7383,2717.17078243132,60.5,38,73.8001961840317,110.763927852555,110.995230814506,118.56543560253,125.862968253526,157.911500279964,158.58654540861,161.773700044927,166.119402780106,12,32.568,47.546667,53.23,135.958172579466
7384,1920.35482934125,76.25,65.75,149.834018905916,115.1428571,120,118.3333333,133,163.1428571,163.4,166.2,166.70909325325,28.66666667,82.202,73.0425,72.86,150.85445073986
7387,2622.38323004886,60.75,41.25,71.6229451495417,107.721884672077,109.097154072098,114.716302265858,122.867339971475,157.886104704319,157.957893083179,160.96995734255,166.252051193532,15.73833333399,30.844,44.881667,52.285,128.979873010753
7394,2514.10297571216,56.75,41.75,72.479709916816,106.5714286,103.6666667,108.3333333,125,150.6666667,151.5,149.75,168.25,14.33333333,23.7,43.181668,52.245,125.092218196809
7396,2532.97676609186,61.5,51.5,72.2116805959612,109.728703116333,111.271943028199,117.852814457926,127.11201457494,158.358286997249,158.391998395989,162.869891464771,166.617902993643,18.45000000067,33.559,49.561667,56.75,137.812605912799
7404,2515.22713017984,68.5,41.33333333,89.6726426155258,104.6,100.6,114.3333333,124.221315475982,158.6666667,159.25,161.2857143,162.5,17.863333334,33.369,42.119168,55.48,136.029539459818
7411,2392.93084426804,66,54,76.0192093665517,106.2,108.4,107.3333333,125.495852272719,156.75,160,159.8571429,166,22,35.5,43.194168,53.945,130.562195772097
7413,2598.93311848986,69.25,48,73.1210918689791,108.449681324677,109.573840601603,116.269035131046,122.275438095293,157.988890156041,158.383355557947,162.029436675718,165.408964326871,16.50166666763,30.188,41.161667,53.4,137.033079586611
7415,2458.27009671099,72.25,45.25,68.597744117225,102.1666667,103.6666667,105,126,154.7142857,160.8,159.8333333,165,17.9516666674,32.765,48.311667,55.235,133.573194801688
7416,1945.71502931168,81.5,78.66666667,163.743660721093,122.1666667,121,134.3333333,136,164.5714286,161.25,164.6666667,167.3990992075,28.66666667,59.8,92.925,76.7,153.487668474063
7417,2341.62307630813,86.3333333333,58.197951024119,96.3408347801695,110.629468260479,113.067022027356,120.233234102172,129.486991341658,160.08378828193,160.432474981785,163.71793302012,167.27616856258,19.13000000067,37.511,50.975,60.005,140.768630640362
7418,2557.24441619333,63.5,46.25,71.9320000532948,110.411949668575,112.848190562301,120.027101036399,125.695388491293,157.881655254792,158.319905741348,161.869429835519,165.548297978576,16,39.614,38.25,63,135.571167316308
7419,2468.67782072936,69,43.25,88.8175634397654,111.8333333,113.25,128.3333333,128,158.4,162.1666667,162.3333333,168.6666667,20.4250000005,40.423,52.355,61.01,137.473432488399
7424,2834.88311361592,57.75,35.5,76.3295387286258,107.641868667538,108.144069444269,115.98541135594,124.663324999722,155.641373016903,158.310609898277,161.442413489933,165.862859380639,15.66666667,33.333,30,43,133.038829744719
7427,1675.37899017871,101,91.5,164.620903990925,115.689819932478,115.704793172191,123.712767369306,133.271463786633,161.20381077945,161.806824643153,165.110510984182,167.394940357795,28.8083333342,88.567,78.4,79.08,156.233428935036
7430,2641.79076502626,72.5,42.25,111.50862209877,118.2857143,125.5,130,136,161.5,159.6666667,166.5,172,17,42.482,51.026667,59.405,141.860149111602
7460,2812.26952820375,75,37,76.3336401223091,109.262222750271,108.824810271735,114.528434836955,122.993696427321,157.651740517302,157.729300722999,161.254879025465,166.009797978131,7.666666667,30.273,34.75,49,136.162313866914
7461,2480.593314131,68,48.75,79.607143486684,109.264017035129,113.193473967969,118.327238653451,123.031357142857,159.517933757287,158.918670171367,162.708400067399,166.07707891706,17.34000000033,33.195,51,61,138.612267275092
7471,2727.76979950938,56.25,34,68.749670950975,109.453556065263,110.724774368162,117.999544959091,124.683295237579,157.732708214655,158.488437810422,163.352514198117,165.644042692492,16.96666666736,33.209,47.281667,54.14,136.639820545646
7475,2056.81478832508,80.1750621455258,78.3863311185436,101.216137621183,112.078224289953,112.646743977204,120.059541625589,129.811028861644,160.337161047714,160.243516944128,164.061963305985,167.367916436831,22.6833333339,46.051,60.735,63.84,140.597346817942
7477,2494.64913616569,74,52.25,96.1521377773737,115.5,116.75,132,130.747809524786,163.8571429,165.6,164.1428571,167.401444443833,23,44.174,43,59,137.35745870147
7514,2184.99604404258,80.25,57.33333333,116.48133568553,111.045376246007,112.550592349701,118.567412154445,124.203416666667,158.746324376756,158.04103253941,161.315838859155,166.555937907566,29,41.8,51,58,144.492775873147
7515,1971.54846016029,73.75,73.5,112.63502281094,113.082976594228,111.775402155489,120.542474866828,125.299833333167,157.742712365988,158.23660003972,160.806396427783,166.407826797516,34.33333333,50.6,62,49,142.506896051348
7516,1396.38741209701,105,117,190.63394083901,121.657044353755,121.593041451683,132.615305556125,126.965280585612,163.426030763049,163.353102506005,164.267929647514,167.063777776333,57,200,167,100,162.82038676999
7517,1594.72239972,115,113.75,190.373869847138,118.976806839687,119.916162267017,128.945666666074,130.109690475643,162.604837627238,162.397915907468,164.201834555419,167.477208879762,35.3850000004,200,160,107,164.845245649122
7520,2410.6155789551,73.25,48.75,91.1793912289183,109.150484126767,110.9265000022,118.768970243,123.512,157.608587303667,157.294422616333,161.240944444,166.480972223667,19.66666667,36.8,42,60,138.231423074866
7521,2281.07971371897,70.75,54,80.6574116173228,110.922173451018,111.811751885201,116.527661478308,124.090583334333,158.435730377789,156.783421920746,160.983063020941,165.872116959396,23.66666667,36.3,52,60,135.9803042355
7523,1929.46546086964,80,68.75,124.015265208499,112.11849129374,114.256708366452,119.994307215745,128.090194446,158.962717858077,158.065424326569,161.654883263187,166.861771240566,29,63.8,60,57,143.069201384343
7525,2689.63424575394,63,41.75,92.7462950453678,112.244228281089,113.96191257344,119.622515273291,121.293800504606,159.169944019611,156.716270432317,162.038365644685,166.1413888878,16.66666667,31.5,41,46,137.332083391268
7529,2056.81478832508,80.1750621455258,78.3863311185436,101.216137621183,112.078224289953,112.646743977204,120.059541625589,129.811028861644,160.337161047714,160.243516944128,164.061963305985,167.367916436831,22.6833333339,46.051,60.735,63.84,140.597346817942
7530,2056.81478832508,80.1750621455258,78.3863311185436,101.216137621183,112.078224289953,112.646743977204,120.059541625589,129.811028861644,160.337161047714,160.243516944128,164.061963305985,167.367916436831,22.6833333339,46.051,60.735,63.84,140.597346817942
7566,2056.81478832508,80.1750621455258,78.3863311185436,101.216137621183,112.078224289953,112.646743977204,120.059541625589,129.811028861644,160.337161047714,160.243516944128,164.061963305985,167.367916436831,22.6833333339,46.051,60.735,63.84,140.597346817942
7568,2056.81478832508,80.1750621455258,78.3863311185436,101.216137621183,112.078224289953,112.646743977204,120.059541625589,129.811028861644,160.337161047714,160.243516944128,164.061963305985,167.367916436831,22.6833333339,46.051,60.735,63.84,140.597346817942
7717,2040.50418873,82.75,76.25,106.328428746184,112.196854414511,112.646864909538,120.133747974789,129.708790766656,160.319888970205,160.283122072305,163.879881164138,167.059118155737,23.2966666672,45.47,60.9275,64.51,140.069291262387
7757,2056.81478832508,80.1750621455258,78.3863311185436,101.216137621183,112.078224289953,112.646743977204,120.059541625589,129.811028861644,160.337161047714,160.243516944128,164.061963305985,167.367916436831,22.6833333339,46.051,60.735,63.84,140.597346817942
7767,2056.81478832508,80.1750621455258,78.3863311185436,101.216137621183,112.078224289953,112.646743977204,120.059541625589,129.811028861644,160.337161047714,160.243516944128,164.061963305985,167.367916436831,22.6833333339,46.051,60.735,63.84,140.597346817942
7917,2129.44330913133,82.25,68.75,93.4559364476462,111.322078550173,112.791903461057,119.030391366362,128.919945529342,159.972753733203,159.453447510311,163.534584439866,166.979650333243,22.0766666672,42.283,58.4625,63.92,139.632276525545
7947,2021.36927356638,82.25,81.5,103.799813614945,112.286065861148,112.910712841807,120.176022776089,129.64275505162,160.423791748032,160.447088372652,164.081545053814,167.257680965805,23.5800000007,46.727,61.325,64.54,142.29497459572
8037,2056.81478832508,80.1750621455258,78.3863311185436,101.216137621183,112.078224289953,112.646743977204,120.059541625589,129.811028861644,160.337161047714,160.243516944128,164.061963305985,167.367916436831,22.6833333339,46.051,60.735,63.84,140.597346817942
8057,2056.81478832508,80.1750621455258,78.3863311185436,101.216137621183,112.078224289953,112.646743977204,120.059541625589,129.811028861644,160.337161047714,160.243516944128,164.061963305985,167.367916436831,22.6833333339,46.051,60.735,63.84,140.597346817942
8077,2375.34740918801,70,57.75,82.5037297068,110.34702099514,112.457765645796,118.51294019038,128.369685210052,159.5219221306,159.89073863069,163.500468300709,167.20901330966,20.1500000006,38.046,51.0825,60.35,138.216956803322
8132,2215.20998075311,74,67.33333333,86.1338908343462,111.128635381634,112.396138660975,118.50795911306,129.997540764497,159.460955860539,159.459171896309,163.295464597692,167.365524539594,21.0616666673,41.341,57.395,61.24,138.203329858878
8171,2056.81478832508,80.1750621455258,78.3863311185436,101.216137621183,112.078224289953,112.646743977204,120.059541625589,129.811028861644,160.337161047714,160.243516944128,164.061963305985,167.367916436831,22.6833333339,46.051,60.735,63.84,140.597346817942
8214,2292.29662252573,65,54.5,91.5870223767794,99.16666667,100,106,121.819738094905,161.1666667,156.2,156.7142857,163,20.33333333,37.7,48,51,134.037378882037
8222,1508.2135566478,100,93.25,166.585275423415,116.399152634222,118.998310499918,125.713492846114,130.437258473917,161.230516954394,164.836238488583,164.338021685714,167.148114269524,26.66666667,140.983,98,90,157.38015871221
8227,1680.81099315845,120,100.589694705982,195.667880212532,121.8333333,119.5,134.25,143,166.7142857,170.75,163.6666667,169,32.5733333337,167.863,107.23,92.08,169.804864998135
8230,1487.03866935194,110.3333333333,103,182.962394025275,118,125,138.3333333,132.919683081227,162.5714286,164.8,166.5,172,33.3850000006,160.85,163,97,163.455628565458
8231,1387.00646234444,100.75,108.6666667,177.211578321767,120.1666667,124.8,134.4,134.683945869731,163.5,165,168,172,37.66666667,145.292,116,91,164.4634912938
8233,1905.94682011497,75.5,69.25,116.789747363293,111.868719059144,113.707218008484,119.740680585168,127.886529763036,158.847487729857,159.786233331033,162.152630244211,166.76127083575,25.5600000007,58.198,79,59,142.995311054474
8234,1567.29087553217,102.6666666667,92.75,180.328439724486,120.6666667,130.6666667,128,132.9382499997,165.4285714,169.2,166,167.347733617808,37.66666667,129.03,84.375,86.49,158.405383377987
8235,1914.44552075185,74.5,68.75,119.528956504265,111.8571429,111,124.2,122,161.5714286,154.3333333,165.6,165.3333333,23.5,65.724,71,60,143.053451008178
8236,2185.91532708133,74,64.66666667,108.051975804574,115.8333333,121.4,128,129.5,162.2857143,164.4,163,167,26,46.716,44,91,142.330957357675
8237,2050.10830961336,97.25,98.75,180.80705237315,120.4285714,122.5,136,151,164.8571429,167.4,161.6666667,172,31.9833333341,158.835,43,97,162.124059225188
8238,2141.76733964256,79.5,52.25,117.435661602054,112.766465176097,114.507211587971,121.685781222088,129.151243507804,160.425034202375,160.889939668338,163.458102847047,166.910826389239,24.3500000007,50.514,62.615,66.02,142.670406225377
8239,2675.01428189481,56,42.5,104.814738362448,111.677958508896,113.936840562515,119.531869550688,126.05069444425,159.11681240938,158.271987927565,162.196883787686,167.299722221622,18.33333333,39.793,37,52,140.229014524131
8240,1401.5668255025,94.5,83,163.235870357887,119.5714286,117.75,119.5,122,162.5,163.2,165.6,166.3333333,38,154.756,122,93,159.015696881571
8241,1950.10793309344,90.75,66.25,149.680626387417,125.3333333,128.6,132.2,134.394796298333,165.7142857,168.75,165.75,168,32.33333333,84.541,66,73,155.321172412047
8242,1078.99126467374,116.75,132,179.473102987653,138.8571429,140.6666667,129.240362436903,133.318666667333,169.1666667,168.4,172,168.111648148211,54.66666667,162.261,100,120,164.841837956362
8243,1733.64900677492,80,68.25,114.483272444292,104.6,108.8,104.8,118.073637883588,156.1666667,150.6,155,163,22.2916666673,55.804,69,66,138.40320934082
8244,2146.75931366437,90.5,58.5,126.313080458918,117.2,121,136.5,129.75012500175,164.125,164,165.3333333,165.768722223467,23.66666667,55.451,63.22,66.705,144.5647456981
8246,1826.0966086609,70.5,76.5,156.517046794112,122,121.5,127,133,161,163.8,167.6,167,33.66666667,83.859,76.19,77.005,150.877821319361
8247,1531.62840206336,98,94.66666667,169.007464345188,126.6666667,127.1666667,118.3333333,121,165.8571429,165.4,165.6666667,167.900083334667,29.98666666747,126.971,93,87,157.212172617179
8249,1530.49316037791,93.75,88,161.364441705765,117.2857143,120.3333333,127.3333333,130.451587304976,161.7142857,165.3333333,165.5,167.6666667,30.1083333337,120.45,98,81,157.557408157668
8256,2586.0447164049,73.25,45.25,90.9853581903562,112.952896320398,112.737946349864,121.935460352874,128.743695526334,159.841297614492,162.020727116724,162.910435372436,167.40543790985,19.24500000074,34.952,41,61,141.918690407271
8258,1917.801506108,93,75.7263762007181,130.852406974358,117.424011769645,117.8754468291,126.821632273357,131.876988095571,162.017428297633,163.195580341267,165.083315416326,167.923666668,24.41333333397,65.235,63,73,147.727870345769
8259,2163.7348800175,88,65.5,119.129987064275,114.697382071037,115.962013890383,125.488909339784,129.681533334447,161.068455582322,162.376739992888,165.018356152479,167.15108974441,21.21166666733,49.727,51,73,144.858350435941
8264,1936.40824550195,65.5,63.5,98.7053770199105,101.7142857,102.4,111.25,122,152,143.6,154,167,20.66666667,51.116,68,46,135.635643655674
8283,1710.74939733511,84.25,82.66666667,158.761974204817,117.790480364717,118.792650793333,127.476561111211,132.073250002,162.368150225147,164.875165474532,165.108327383833,167.526449494364,30.7450000004,118.35,84,71,159.36888535294
8284,1840.67495696377,83.25,76,120.207760203484,113.010768806571,115.139385984512,119.263920141851,128.229534812541,159.940917758316,160.168084292501,163.900410873643,166.302756376576,26.0950000008,64.839,72,61,144.376885263709
8285,2399.50862401415,66.5,51.66666667,84.8951174078353,111.404096832723,113.179265621611,116.340184585902,126.490136868025,159.262850077472,159.0053537355,163.277711635672,166.85843055925,18.51000000073,35.322,51,70,138.82120114875
8290,2566.54580568758,63.25,44.25,90.2231694709444,110.412737830333,113.06671180664,117.410594885154,121.930492424936,158.978074662407,159.634579703831,161.899599864,166.420580809258,18.96666666757,41.166,41,50,139.925923078575
8297,1509.77076807913,85.75,79,139.433287193497,112.892282969304,114.574432480255,120.027220020974,128.852000002,160.013412349944,160.831930310187,161.92606402712,167.711388887,26.66666667,123.252,104,73,147.925897957351
8306,1715.20209145693,102.5,95,176.289568501403,121.242357893284,123.958260499568,129.328380953333,130.382095237762,164.041330938208,165.381117214137,166.083555558595,167.155744704254,41,137.027,49,96,160.044155453
8307,1916.17851663173,79.25,64.25,164.140308129859,115.495300049364,116.959684699323,127.164080361718,134.937049044945,162.4690647252,163.048822339858,165.467905829039,167.979388888917,29.4266666673,83.581,85.8875,80.25,158.093283787709
8311,2179.31611231849,65.5,59.25,123.064494600002,99.28571429,102.75,113.5714286,123,152.8571429,153,154.1666667,167,21,46.841,51,49,138.942163131121
8312,2483.44138206666,65.75,52,88.0897200009195,108.5,112.25,122.6666667,133,162,161,161.4,168.6666667,18.00500000013,44.223,41,66,137.364349663351
8326,2030.6724502262,86.75,58,135.923274759797,115.198499279141,117.307339387525,126.548632406911,131.636722223611,161.158773758268,161.07533786019,164.423085714233,167.492555554889,27.33333333,74.167,58,67,150.892372451158
8334,2219.99062787874,74.75,54,109.980558161897,113.302258662723,115.066581017564,122.905539348951,126.124851371185,159.431198498819,161.750810339591,163.12607086297,166.261478996743,22.8216666669,49.125,52,64,138.957515528277
8335,1418.7983544417,100,92.25,184.599402208017,121.056541214949,122.502214286405,129.953272420526,129.318481060356,163.620551506607,164.576358808546,164.758879959559,167.416184637196,36.1333333342,151.392,129,104,162.821972161517
8337,1756.04755061361,74,72.5,116.446686665036,105.8,118.75,110.4,107,155.4285714,157.25,155,165,22.46166666737,56.87,74,70,141.221565694475
8343,2286.06744112217,81.25,59.75,91.0771896587887,111.5714286,115.75,122,135,158.7142857,153,164.2,169,19,45.26,45,62,135.702688246514
8351,1413.25262129221,103,97.5,150.022917616337,108.8333333,114,115.75,143,157.4285714,161.2,164,167,31,151.966,112,78,155.973756086736
8354,2208.82363718144,82,58.75,84.6906934487832,108.2857143,103,108.4,109,158.8571429,157,160,163,16.33333333,35.298,45,70,135.371625438342
8357,2038.41148607828,71.75,55.5,100.104491007682,99.875,95.25,111,121.012587718932,142.625,148,159.4,168.5,19.66666667,43.363,55.85,56.21,136.843141641414
8365,2500.48086583868,74,39.5,78.7789670190667,99.71428571,107.25,108,94,156.4285714,148.6,161.2857143,166.5,12.66666667,39.312,33,51,134.781331805556
8366,2183.76889407469,78.3333333333,62.75,95.7486585506137,111.720286671507,113.819023175949,118.54765117562,127.552755051811,159.319821566746,159.8169408817,163.030509254464,167.210800927458,21.2516666676,43.733,55.6225,61.42,137.588718351563
8369,1718.78946570745,98,94.66666667,172.05310625449,118.356245791708,120.400530937985,127.255169243317,129.47441666695,161.42804256447,164.127551431713,165.300870344686,166.508798412104,29.7666666672,118.524,67,76,153.873688320104
8376,1526.01258637481,103,104,172.29398655248,113.4,118.6666667,114.6666667,135,161,159.8333333,161.5,165,29.33333333,169.98,134,84,163.238540281564
8386,2239.11015669809,75,49,102.152331260231,111.494467697833,114.749538022467,119.195051411485,127.751444445,160.314124564345,160.399126309722,163.517260708404,166.314722223222,23.06666666757,46.249,59.595,61.545,140.483007827672
8387,2368.79268330544,74.25,48.33333333,88.6233480532577,106.6,111.75,113.4,121,154.5,158.8,160.5714286,166.3333333,19,37.701,49,52,137.734841475279
8419,2299.22467493656,94.25,58.75,110.520443017044,113.686132995562,114.665826563538,125.122483071696,130.433027778125,160.676248801951,160.962477151609,164.637865999262,167.064314817361,16.66666667,44.01,53.206667,62.085,142.292698661748
8420,2449.37011436663,74.75,47.5,97.2484347523175,110.6666667,113,124,107,159.7142857,161,162.7142857,167,19,43.887,41,56,140.430552570809
8422,1373.89502128035,116.75,116.25,179.997971798283,119.8071547732,123.083500002367,130.756879627311,134.251212966,164.0607033728,166.634713727749,166.6897361105,168.141499999667,38.348333334,171.54,172,106,168.13341507157
8424,2181.06468156407,68.25,80,98.2242104470602,109.392960719987,111.640386131758,113.915515720223,121.187690476018,157.620603236084,156.359591027866,160.377797144539,166.220777778606,20.33333333,44.2,51,46,135.114554681588
8426,2848.36666478171,62.75,40.25,85.3767834828498,111.797660600264,114.684985143443,121.00944596445,126.70369552587,159.827747607401,159.829961112176,163.203694576397,166.654097222639,17.10666666737,33.455,31,49,142.433761037188
8427,1569.38402224156,100.202944131298,98.5586857091918,178.266846000557,117.27977890211,115.89773786872,125.222233201801,134.963976262226,162.101224226575,163.877772970343,165.92079426837,168.034777777983,30.7300000004,137.132,95.4675,85.94,162.582118807658
8464,2056.81478832508,80.1750621455258,78.3863311185436,101.216137621183,112.078224289953,112.646743977204,120.059541625589,129.811028861644,160.337161047714,160.243516944128,164.061963305985,167.367916436831,22.6833333339,46.051,60.735,63.84,140.597346817942
8483,2056.81478832508,80.1750621455258,78.3863311185436,101.216137621183,112.078224289953,112.646743977204,120.059541625589,129.811028861644,160.337161047714,160.243516944128,164.061963305985,167.367916436831,22.6833333339,46.051,60.735,63.84,140.597346817942
8699,2056.81478832508,80.1750621455258,78.3863311185436,101.216137621183,112.078224289953,112.646743977204,120.059541625589,129.811028861644,160.337161047714,160.243516944128,164.061963305985,167.367916436831,22.6833333339,46.051,60.735,63.84,140.597346817942
8723,2056.81478832508,80.1750621455258,78.3863311185436,101.216137621183,112.078224289953,112.646743977204,120.059541625589,129.811028861644,160.337161047714,160.243516944128,164.061963305985,167.367916436831,22.6833333339,46.051,60.735,63.84,140.597346817942
9027,2056.81478832508,80.1750621455258,78.3863311185436,101.216137621183,112.078224289953,112.646743977204,120.059541625589,129.811028861644,160.337161047714,160.243516944128,164.061963305985,167.367916436831,22.6833333339,46.051,60.735,63.84,140.597346817942
9057,2080.33015811682,87.5,67.5,131.931238596583,117,120.6,147,138.6666667,163.6666667,165,167,168,23.9216666673,71.63,60,76,149.593808893759
9058,1355.13919137478,113.25,123,185.474351343663,121.2,129.6666667,132,134.344914530026,165.1666667,166.5,166.6,167,34.46500000117,161.367,128,101,167.974433002305
9067,1597.76612046034,101.75,130,142.966974242698,114.77269201923,114.788830288136,124.07043071275,131.871424284955,160.915684563437,161.39884220943,164.617003464493,166.827949892741,27.0016666674,76.326,79.6575,74.31,150.847298048727
9069,1973.14740286334,82.75,90.75,102.90613936847,112.973029682862,113.243494855137,120.058969811709,127.846958333236,160.301722410128,160.263605802555,162.950247271245,167.242188020881,23.1600000009,46.416,61.4225,65.54,141.062830732084
9070,2017.54397111967,80,88.5,100.315808822486,112.731713905609,112.701441945359,119.575629238436,127.329144841298,160.028141016068,159.965846542855,162.835370398672,166.967966447423,23.1183333339,45.648,57.6175,64.03,140.162638926528
9075,1715.8235578212,93.25,98.25,125.179404876253,114.209390126662,114.799769390222,124.304249489777,131.133304114009,160.879966214059,161.474809940539,164.536805810547,166.680310686267,26.1566666672,64.622,71.435,72.16,146.305614015538
9078,1620.07604883842,100.25,104.25,131.560055891768,114.632741882167,114.28296253803,123.501614123161,131.561166668296,160.95971868157,161.238886226674,163.689988882999,166.723737483036,26.2250000006,72.982,74.1475,73.83,147.987331215554
9079,1622.6579640295,101,102,136.953030139268,114.71805709953,114.720005955264,124.141246189362,131.520831032014,161.042012473999,161.508997337674,164.551868884267,166.757146742114,26.4966666674,72.072,78.275,74.1,148.365435548727
9081,1748.34450487932,91.25,99.66666667,119.936872154332,114.237961555162,114.712602724222,123.870819457192,130.328621574327,160.879188435392,161.29535492964,164.663594698664,166.896741471189,25.6883333339,62.546,69.635,70.98,146.211344622135
9084,1619.78081835153,103.75,114.25,146.746891668198,114.992320704516,114.788830288136,124.324295792562,132.518209999621,160.915684563437,161.455414431652,164.688180900025,166.91394796352,26.7883333341,72.999,79.3975,74.58,149.413298048727
9085,1611.1005141794,103,101,145.158042668452,115.074161975149,114.724505955264,124.180602510419,131.595652460474,161.042012473999,161.643768808088,164.556845640993,166.67576042132,27.3466666673,76.884,79.0475,74.57,150.736393048727
9089,1810.0355492412,88.6666666667,125.5,120.605132362778,113.195833973165,114.173162815348,122.878569076465,130.562751443318,160.636815371263,160.947969612375,164.465190810414,167.026228915617,25.0133333341,56.194,69.2325,69.32,145.414601963405
9091,1657.80098975636,99.75,97.5,128.668747922394,114.604170453667,114.35679587103,123.293105180387,131.279736112157,160.990901221748,161.27028503609,163.655215073249,166.727609760545,25.9533333339,69.836,72.2,73.31,146.218577651902
9095,1595.29940458575,104,113.3333333,144.301713027293,115.128500195509,114.390374625902,123.665518885532,131.703250001796,160.91212939557,161.268841782229,163.712487133517,166.843647458831,26.7400000006,73.304,79.9575,74.34,148.372029185091
9099,1613.05810447798,100.25,112.6666667,132.968329842194,114.588916485334,114.259231768902,123.627685551732,131.769330808817,160.91212939557,161.212269560007,163.689448207857,166.75002736918,26.3850000007,70.718,74.92,74.43,146.88600178007
9100,2127.51524396643,77.5,74,92.3710142379637,111.39095009466,112.805373044656,119.519854978456,129.651209956991,160.115032710308,160.301745947782,163.812040750868,167.175632045787,21.7733333336,44.228,57.9375,62.7,137.891620825879
9102,2006.98424949897,83.75,80.75,106.423104057493,111.967943847455,112.651427389898,119.698852133643,128.124174244418,160.112682230419,160.198149751057,162.823111584409,167.3875050407,23.3083333341,45.53,60.52,65.44,140.846030290164
9103,2034.52366369537,83.25,82.75,100.193097401549,112.107342697189,112.433909405087,118.840719572464,128.473436508857,159.978200089219,159.653291284905,162.818447384008,166.981482181206,23.2183333337,44.574,57.195,63.38,139.727967790164
9104,2406.99971053189,60.75,60,79.118876766915,110.633039681213,111.745187252346,119.20147567565,125.960074097687,158.810416716477,160.797826413903,163.159338541268,166.228644116272,19.5233333337,40.236,50.059167,56.24,135.602632579466
9105,2126.98183939624,77.25,78.75,95.4144402934156,111.190517664207,112.76396968678,119.936747164449,129.241465369747,160.081405537345,160.234332456197,163.882632757711,166.995333899376,21.868333334,41.895,57.62,62.48,138.519913484609
9106,1914.79915530806,87.25,87.5,115.901233990148,112.974795560669,113.684701560364,121.390509973131,130.037015332881,160.727831926351,160.67994109196,164.449988495509,167.153194213781,24.4750000007,53.264,63.7175,67.07,145.112471428893
9111,1695.42171066887,100.5,89.25,125.636698639177,114.063666924709,114.182877912677,123.560329204344,131.125174826772,160.971403866693,161.310698140072,164.314908819116,166.645514199245,26.2216666673,68.652,70.69,72.69,146.153377366909
9113,2189.17391495969,76,70.25,95.8230357554686,110.885833298997,112.634042702407,119.901027018751,128.775202023052,159.669787332288,160.159892857574,163.692089332247,167.366616152416,21.7816666672,39.631,56.1975,63.36,138.859045136656
9114,1646.8131172786,99.75,100.5,133.543164822598,114.57385075073,114.812561057264,124.439262061328,131.083825078717,160.96875003971,161.50289614709,164.491227011477,166.914470816269,26.363333334,70.569,75.3275,73.45,147.529574967919
9115,1916.07883198279,91.25,71.75,174.684975891801,119.8,121.25,133,135.277912698413,164,163.6,166.3333333,166.902901889492,28.303333334,88.174,79.1,80.1,156.716366730085
9121,1643.32134532303,105.25,102,185.794496243364,119.8571429,123.2,133.6666667,147,162.5,166.75,163.8,167.717210470502,30.4633333338,112.952,91.2025,83.85,160.30919117453
9125,2195.99854381128,74,69.25,87.7483733240639,109.6666667,102.25,114,107,157.3333333,162.4285714,161.8333333,165.6,19.71333333393,37.911,53.4975,57.305,135.226875750793
9128,2357.59557428082,69.5,61,81.522612984857,110.669346049997,112.356021591912,120.143575077465,128.717657432261,159.278091215415,160.178194959529,163.737752814516,166.905902990855,20.3966666669,38.009,51.78,61.05,138.717364625903
9130,2354.60400373255,72.75,63.25,80.5889379322488,110.661762453753,112.504853337931,120.044207286152,128.491042352957,159.34472812229,160.394622226383,163.513070276016,167.060094911067,19.5600000005,37.357,51.61,60.33,138.570802902047
9131,2315.65841811145,72.5,63.5,83.8893872761667,110.877302006226,112.257126035407,119.563801753824,129.556707432664,159.633208506016,160.227275974406,163.314577228834,167.051625214521,20.1350000006,38.439,53.1775,60.26,137.441980553322
9133,2241.89142928158,73.25,68,94.6881829453032,111.15829590589,112.540703338398,120.66059503097,129.092102957476,159.366398938004,160.266885140459,163.674941645983,167.124189641637,21.1016666673,39.473,54.4825,62.27,139.673467358878
9134,2204.88297162634,79.75,64.5,94.1469747585571,111.316225068167,112.622317026156,120.661146992383,129.476227276336,160.109680124871,160.399640476574,163.997517169461,166.769208745228,21.6950000006,41.25,56.01,62.6,138.650629606353
9298,2394.67849480532,60,45.5,69.1466596451007,104.7142857,108.8,110,121.868221919326,156.125,159.4,158.2,160.75,18.60833333403,37.648,49.349167,56.55,133.92316202391
9312,2359.34678396081,75.25,57.5,80.1132574974787,110.680596752595,112.283679066043,118.314289009851,128.609542350945,159.5210441536,159.92062434469,163.351427428276,166.965395043139,19.7033333339,38.124,52.5625,59.39,138.109635773911
9314,2074.23285228921,74.25,60,94.20026292962,115.7142857,114.3333333,116.25,124.153385100713,154.5,149.2,159.2857143,166.5,21.9500000005,41.53,56.1675,60.75,136.685880683192
9321,1479.66628837988,106.75,140,186.758440208858,119.125406447299,120.995705557512,127.323843433672,133.252476855417,162.206756207724,163.869579902563,166.330675508652,167.57909461445,31.1716666668,147.321,107.51,89.08,163.563287722371
9323,1717.31844714728,97,80.75,170.982940152535,116.515185255839,119.265328572317,124.375882322888,135.09950539564,161.821457429836,163.920727803423,166.315497293413,168.049180976419,29.4733333335,94.703,91.395,80.95,160.321149033379
9332,1418.16875123891,114.25,129,181.932026223895,120.4285714,114.6666667,124.2,134.217657408833,163.1428571,161.25,165.8333333,157.5,31.8200000004,152.006,99.7625,87.83,162.283254918769
9336,1735.51902834759,84,66.75,152.44059445952,112.8571429,116.3333333,122.5,133.97968590639,156,160.6,162.6666667,166,28.5400000006,89.828,81.73,76.23,155.092806395022
9339,1600.83467805418,104.5,116.5,194.989927376847,129,135.6666667,134,143,167.4,172.2,168,169.5,33.6700000003,169.232,118.27,94.43,169.422019487382
9343,1612.6794248029,94.5,88,173.285518254311,120.1428571,114.5,132.75,139,160.7142857,163.3333333,163.1666667,169,30.8583333337,131.283,90.185,85.77,162.430767974325
9352,1520.82945326356,127.75,134.3333333,190.794307271618,118.114084425573,117.656283755371,128.0187249149,134.225398580612,162.34983451456,163.893988931531,165.904879080053,167.440453703822,30.8150000004,149.228,99.9625,88.45,166.350169640992
9353,1497.22196620074,126,134,187.104595270564,117.525089301796,116.175590135687,127.162753834487,134.924654834655,162.053200228134,163.881728209602,166.093371071802,167.106416666183,30.9516666673,153.078,102.4275,87.63,165.653748296906
9363,1549.20341213107,134,105.727230265855,192.778373523803,126.1666667,135.2,134,139.120530303727,165.5714286,166,167,172,32.4283333336,160.574,111.04,91.54,168.588557270862
9369,1842.60727362792,81.75,71.25,160.135497642149,115.30634998956,116.341854793526,127.744328908168,135.847922060151,162.277689194974,163.748816351957,165.412607938325,167.674965686377,28.7183333338,90.936,83.545,78.11,159.413184988116
9370,2056.81478832508,80.1750621455258,78.3863311185436,101.216137621183,112.078224289953,112.646743977204,120.059541625589,129.811028861644,160.337161047714,160.243516944128,164.061963305985,167.367916436831,22.6833333339,46.051,60.735,63.84,140.597346817942
9371,1484.62546506815,129.25,145,189.837427939223,121.8,121.4,130.8333333,136,165.1428571,165.8333333,165.8333333,167.078396826119,32.1200000002,158.075,105.7125,89.85,165.896136297727
9380,1574.90039522276,101,98.25,174.215827887045,122.2857143,122.75,131,136,165.7142857,166.6,169,166.003728327062,31.1716666673,134.191,92.9825,84.75,162.623884450173
9381,1709.17496287896,98.25,100.587786299472,194.566042578899,117.760651713767,117.480771351105,127.714774061837,134.293002749112,162.86224654678,164.293793394039,165.970915219331,167.874620370739,31.4583333338,153.412,97.44,88.35,165.087124164801
9382,1677.14191874636,99,110.6666667,196.731740765742,118.059677849908,118.182664206512,128.022683656654,135.13710317577,162.555412509789,164.187323687387,165.936009594118,168.2035000001,31.5800000004,157.232,101.5975,90.14,166.389926437528
9383,1695.06994211734,99.3333333333,103,195.812323199635,118.549373636317,118.695418897973,128.865037492829,134.978327923942,162.819559051244,164.769255988699,166.215378713703,168.334500000183,31.8783333338,162.624,106.69,90.33,166.919803331468
9386,1593.10515134255,115.5,107.75,196.561757966177,119.908316508369,120.030639363939,130.185946146713,134.571310188083,163.438336782571,165.083423943646,165.917611657993,167.90686363603,32.9049999999,169.574,119.71,91.92,167.437526987382
9388,1542.98512061909,127.25,137,198.321562636576,119.34352081046,120.111026043784,128.874169035338,136.240521045227,163.216306617986,164.692545923946,166.398577494977,167.999583333333,33.4800000002,171.75,116.12,92.32,168.86030273623
9390,2058.43509011995,79.75,55,125.030869517595,113.910617198931,113.796644676943,121.011463455716,131.511745894022,160.95575630199,162.042161850712,165.557825203599,166.282580501239,25.5600000009,59.737,68.0625,69.55,148.582635915631
9391,1949.02529639107,85,64.5,140.233291510774,115.803988800977,118.652737482176,125.121811248782,132.521935289683,161.921151062596,163.649666963099,165.824056818902,167.472158468008,26.1416666672,69.911,71.64,72.18,149.408784967919
9392,1993.43523590354,87.25,59,127.979248055322,114.628216829074,114.399945663724,122.673520661968,132.339266096158,160.966286543926,161.78346476392,165.316977034876,166.085304311122,25.1116666673,63.623,66.4,69.54,147.658019551995
9394,1546.6592907738,110.6666666667,110.5,188.30437742628,111.8333333,121,119,133.4,160.1428571,159.5,165.1666667,169.5,31.468333334,137.624,91,87.63,159.649736630239
9395,1600.95671278707,104.5,118.25,196.620733657129,119.924800825057,121.276097616863,130.679469236273,135.49831899487,163.677911118151,164.761986008041,166.136359018729,168.167148147222,32.9033333334,169.81,119,93.39,169.402918684506
9399,1731.95578841073,97,91,191.311127276255,122.6,125,132.659518034611,137.844076599727,166,165.6,167,169.5,32.5000000004,158.157,100.26,92.13,167.876409045754
9402,1657.90665217275,92.25,78.75,164.695551279031,120.1666667,125.3333333,132,130,164.4285714,167,166.3333333,166.344691422909,30.1100000003,115.056,88.4075,81.295,155.438882705508
9404,1716.65836299738,95,78.75,179.493212916801,118.468698508622,118.351246210393,127.054052143596,129.999354076535,163.542254903454,164.337962915322,165.705826265002,167.3674462068,30.806666667,114.324,87.8075,82.79,156.818780270152
9405,1585.59458424152,103.5,95.5,172.244852661773,119.295076815804,120.937582540043,130.370876984181,132.749304233736,163.074848450021,165.083736098113,166.585666336452,167.236960429344,29.7283333341,118.75,82.78,84.61,156.415644740198
9407,1820.22389697932,91.75,75,160.263255544297,117.665616960524,117.49632724806,128.388639088075,129.569581349262,162.6977839652,164.733056677079,166.082359066398,166.30022452148,28.1300000005,82.573,78.12,75.62,152.599945429414
9408,1561.87629605489,108.25,124,200.081409439499,129.4,135,140,140.190911764896,166.5,169.4,170.3333333,169.249398148444,34.54,169.294,121.0575,96.55,169.129781154048
9409,1408.78453537979,108.25,119.25,179.995651903727,122,123.8,131,140,164.1428571,165.8,167.5,167,32.9583333335,148.819,111.115,90.76,163.878329443142
9412,1845.81866637937,87.25,64,170.135814843514,117.198703503351,118.312503356131,127.948126768894,134.23831095104,162.325224535855,164.518566890847,166.207603178369,168.006419390016,29.4033333336,97.111,92.685,81.54,159.292829238415
9413,1791.44109648226,86,75,149.850883856014,116.05381279718,117.185941422955,124.063669995481,133.868646596485,161.996106161826,163.721464297326,166.471040286799,166.323089743494,27.4900000008,87.307,77.9325,75.79,156.205929609639
9416,1472.26409661517,135.5,129,184.308676369838,115,113.6666667,129,133.610238095946,159.5714286,164.4,164.3333333,167.514270833417,31.0733333337,143.074,98.92,86.23,164.851284408017
9421,1639.92891213962,107,103,199.276581320805,127.5,129.5,138,135.244696970061,166.3333333,167.8,166,168.924444444567,33.3683333336,167.94,121.1025,93.83,169.121263660766
9427,1499.81224803243,96.75,119.5,173.808284591248,117.7142857,121.4,125.6,126,163.625,165.2,166.3333333,166,30.5083333337,121.664,97.7425,83.54,162.551158528909
9433,1399.24915434429,138,137,184.835490382858,118.457645098757,120.318038890783,128.505500445669,134.266979169667,163.109185230052,164.545515593761,166.3140964275,168.141703703722,32.09,156.867,118.66,93.49,170.142003173753
9436,1778.52477741988,89,77.5,181.602059243847,116.439168074726,116.820413984021,127.017973269655,135.314657149488,162.129939318559,164.108269296636,166.364584731141,167.60923361888,30.0733333337,119.262,92.1175,83.17,161.974822067278
9437,1749.30911894027,91.75,90,183.912903869704,118.75615812233,117.962600174819,128.22239463682,135.742024892164,162.855832941962,165.028883310031,166.318360054428,167.240620370656,30.5483333336,113.063,86.5425,82.21,161.383802725846
9442,1527.51808562963,104.75,113.25,194.027309884518,120.808338688625,122.936811454071,132.447194615375,126.370042490493,164.094096664836,164.531514663491,164.876930780919,166.272943598507,33.695,166.858,123.0575,94.43,165.940087956362
9450,1675.98754737684,88,78.5,172.324286090764,119.09351276498,119.347290060477,130.418864538045,133.561871032607,162.806866514227,164.748667025453,166.243693120972,166.957884613024,31.1683333339,138.604,93.6225,87.55,161.959885156865
9451,1552.74231088976,107.5,113.6666667,191.317609548489,119.935387247551,120.179152166393,128.656874462146,135.019253188501,163.035998150242,164.861860665644,165.960932012353,167.460537036689,32.6650000002,169.593,117.75,93.99,167.905262851172
9452,1568.29864827429,101.5,103,185.546552250736,119.907845162403,119.556246228138,129.823854365859,135.053359129131,163.737078085476,165.010416884082,166.059945433119,167.896707691108,33.0866666666,169.278,116.8075,94.85,167.865732017839
9453,1602.96937841806,106.5,129.5,196.318973831678,119.414445484753,119.870162507497,127.141903835509,135.874946969727,163.040872770728,165.101358961745,166.506385081458,167.34959472958,31.7100000005,155.436,101.6,89.71,165.755893104195
9454,1575.00533900076,101.25,138,191.05581098284,119.793754520706,119.656155507005,130.5838738576,135.190455388303,163.581955147759,164.574756658716,166.178836040995,166.803320920506,31.7583333339,152.211,100.3475,87.72,163.799143807658
9455,1687.18292365997,93.25,102.75,177.535059839416,117.438565075837,117.536734313956,125.6657910752,132.778387445981,161.774993919081,163.059109313414,165.166522051296,167.118329356268,28.9516666673,94.129,84.6525,80.47,155.93050854043
9470,1787.34729795964,102.6666666667,90.5,196.793467598431,125.5714286,133.4,132.25,136.97127248831,166.8571429,168.25,168,172,33.0116666667,172.661,110.9625,93.86,169.724932344525
9471,1475.26210830173,99.1697558283725,104.730518521317,168.462299503143,118.523618910641,121.100570025147,130.295345710053,136.240312501,163.216755526128,164.558504568209,166.898552913543,167.375965686627,30.1600000001,151.811,108.135,87.89,162.54980732731
9476,1518.3417648032,120.25,126.3333333,194.532859116219,119.177380351868,119.96408278656,128.664221971708,136.650724748561,162.88089466299,165.286654954106,166.912476664327,167.29117806403,32.1450000005,158.487,108.1025,92.47,166.658796902896
9481,1571.95245408955,110.5,121,196.771064492156,124.6666667,129,140,136.404976191143,166.8333333,163,168.6666667,168.368262108169,33.261666667,170.48,114.1,93.39,168.166663660766
9503,2355.76462317685,64,53.5,65.7790628156183,107.8333333,108.25,110.4,127,155,156.4,156.6,164.2,18.8366666672,36.167,49.984167,55.555,133.966425357244
9506,2038.13527992042,77.75,69,71.23529412,109.4,107.3333333,105.8,117.227223878283,155.625,153,161,165,20.35000000043,41.186,56.3675,58.93,124
9507,1484.31957683488,55,46.66666667,53.41176471,86.42857143,92.4,81.83333333,84.5,133.5714286,120.5,133.8333333,151.75,18.13500000042,37.765,54.115,55.335,93.38
9508,2217.24871771664,62,60.66666667,67.13333333,107.8333333,107,108,119.184744769794,157.2,150.2,164.6666667,164.5,19.6250000007,40.45,54.51,58.95,128.38
9509,1799.11028101661,64.5,59,61.64705882,96.33333333,93.33333333,100,106,147.5555556,132,145,162.5,18.49000000056,38.833,54.3275,55.95,115.5
9510,1681.1103758592,59.25,55.75,60.11111111,103.8,89,99,127,139.8571429,133.1428571,146.4285714,147.5,18.52833333399,44.444,55.954167,56.91,107
9511,1934.18888517484,64.25,55,52.52941176,92,91.5,102,107,130.8,142.5714286,151.4,162.5,17.89666666726,35.516,52.295,54.56,121.38
9512,1460.83112623451,51.25,40.25,39.64285714,92.33333333,82.83333333,82,103,127.5714286,109.4,123.3333333,151,17.36333333392,38.908,53.1475,54.71,93.75
9513,1794.10082844705,71.75,63.33333333,86.21428571,97.4,103,95.66666667,104,150.2857143,136.8333333,146.6666667,156.25,18.35333333393,39.218,55.4225,56.695,138.5
9514,2007.97314668852,72.5,83.33333333,65.17647059,101.6,107.25,108.8,113,154.875,150,154.75,165.5,19.44500000053,39.759,54.35,56.945,127.5
9515,1574.12761848164,56.25,51.25,64.06666667,88.71428571,86.2,86,105.626675306594,124.5714286,123.25,139.6666667,153,16.96833333389,34.197,49.454167,54.64,112.25
9517,1975.02838919028,64,35.75,29.42105263,91.33333333,83.33333333,96.33333333,121,145.8333333,125.5,137,153,17.11000000059,34.479,48.260834,54.095,95.75
9518,1502.91359717799,92,87.5,129.25,115,122.3333333,128.5,130.858534270792,159.7142857,147,165.8333333,166,28.3533333342,79.594,81.4325,76.52,146.75
9519,1616.67134789244,77.25,64.5,74.8763442221534,98.71428571,108,103,105,135,143.6,146.3333333,160.4,19.59500000037,46.62,58.81,57.105,119.63
9520,1735.30627124939,113.5,120.5,220,122.8571429,126,140,135,163.1666667,163,165.4285714,167,32.2233333338,144.868,106.55,91.55,166.86
9521,1983.2567463438,69.75,68,137.6666667,112,114,123.6666667,125.399493649752,159.1428571,151.25,155.75,167,23.0866666674,52.358,64.2475,65.13,138
9522,1631.97534409599,59,60.33333333,55.5625,94,89,92.66666667,107.08203177157,137,121.2,138.75,158.6,17.68500000059,35.471,51.0225,55.05,103.57
9523,1752.91389701017,86.75,84.66666667,119.75,102.5,111.6,113.6,123.467267211206,159.8571429,156,163.2,167,24.8383333338,58.537,68.9925,66.25,134.63
9524,1698.42157483824,97.25,99.66666667,191.5333333,119.2,119.6,120.75,126,162.8571429,162.5,166.6,165.25375141343,29.7666666673,101.975,87.7725,82.83,149.88
9525,1558.34360790274,91.75,81.25,104.6875,122.1666667,130.25,132,144,164.1428571,163.6,168.5,167.733879628558,30.5400000004,137.492,100.33,85.28,163.75
9526,2022.46777709352,65,56.33333333,56.93333333,101,97.5,101.6,114,147.7142857,137.6,151.5714286,160.6666667,17.08333333382,34.4,50.231667,54.97,122.43
9527,1875.62306103082,86.25,76.5,94.15384615,115.7142857,121.6666667,132,135.08113667685,164.6666667,165,167,167,27.6950000008,77.333,77.5875,74.91,162.25
9528,1653.99136438817,105.3333333333,89.5,180.689645964477,119,113.3333333,132,147,163.2857143,162,163.8,167,31.6016666672,123.73,86.96,85.17,164.63
9529,2227.78193464373,65,63,147.2857143,101.5714286,101,101.3333333,107,152.6666667,148.6,158.125,164.75,19.9316666674,37.686,53.6275,61.92,144.5
9530,1795.09080914168,90.5,123,135.2727273,110.7142857,115.6666667,107,126.727669373538,158.7142857,156.4,160.8,169.5,23.6450000009,56.19,65.9875,67.92,139.13
9531,1603.8684877436,91,92,164.0714286,123.4285714,128,133,133,163.8333333,163.8333333,165.6,167,29.5700000007,112.344,88.4625,86.28,165.25
9532,1819.60394040712,106,108.6666667,220,119,123,127.033223201154,133,156.75,161,159.8,165.3333333,29.4150000005,114.58,94.26,85.29,153.75
9533,1885.98582353141,89,79,120.4375,113.2857143,117.3333333,123,123,154.7142857,153.2,160,164.6666667,23.5133333339,50.443,60.29,63.575,147.25
9534,2377.49832017908,69.75,65.66666667,66.06666667,102.1428571,100.25,107,116,163.2857143,166,166.5,170.5,19.80666666726,41.307,55.1025,56.715,124.38
9535,1626.2011357953,93.5,89,180.482889862113,114.4,119.3333333,132.4,133,164,164,166.6,166.252492082264,30.911666667,127.629,94.6425,87.48,158.63
9536,1368.55688479569,99,103,142.75,117.2857143,119.6,125.75,128.288741466295,159.5714286,159,162,169.3333333,28.2516666672,98.653,92.485,80.15,146
9537,1794.83651410246,64.25,56,64.81818182,95.57142857,94.33333333,98.16666667,113.5,136.1666667,127.5,151.5,161.75,17.42666666719,37.959,54.4375,54.68,119.13
9539,1706.58628579975,78.5,91.25,86.17647059,103.3333333,103.6,114.6666667,126.5,151.2857143,149.8333333,153.7142857,167.25,23.2033333339,54.159,64.8975,63.12,132.75
9540,2274.00528298584,75.25,88.25,178.3333333,113.3333333,112,123,133,157.6666667,158.5,165.4285714,166.081634871799,22.9883333341,50.964,61.5425,66.43,143.13
9541,2032.29017556444,68.5,61.5,68.26666667,97.42857143,107,107,108,151.8333333,145.1428571,155.1666667,167,18.16166666743,42.25,55.055,55.58,128.38
9542,1926.86360759569,90,107.25,220,119.6666667,125.5,132,151,163.2857143,164.6666667,166.2,167.813732017164,32.0866666672,147.553,100.88,89.66,160
9543,1604.69779495027,94.3333333333,89.66666667,128.2777778,119.5,120.8,118.25,135,165.4285714,162.8,163.625,167,27.6416666672,80.909,81.9225,75.775,148.71
9544,1827.80840533824,57.25,53.5,68.77777778,100.7142857,97.5,107.4,109.861715017479,137.1428571,139,146.5,160.6666667,17.61166666742,38.931,54.8025,55.155,114.63
9545,1600.67443803704,83.5,101,126.1428571,94,99.4,97.75,120,149.1666667,144,147.8,156,20.92666666733,46.976,60.92,60.935,128.38
9546,1784.83252876707,148.5,107.5449951161,220,133,131.8,141.5,143,167,173.6666667,164.408345736266,166.837680125053,33.8016666668,155.256,110.37,92.45,176.5
9547,2017.92388319788,79.25,70,89.6,112.6666667,116.75,119.25,125.268520905855,158.8571429,154.2,163.5,167,22.1683333342,49.413,56.5725,60.885,127.5
9548,1898.5138110661,128,107.061083348489,220,132.5,129.75,105,138.159890527171,166.2857143,168.5,168,167.04045622585,33.4633333338,161.801,112.35,91.63,179.63
9549,1539.53821112244,91,106.6666667,122.5,112.1666667,110.25,134,128,154.1666667,151.8333333,161,163.5,27.2683333338,68.339,76.3275,70.27,148.38
9550,1820.92438874308,130.25,132,220,119.628142506831,120.68590442368,130.132251587222,136.116339287131,162.606695386241,165.188979354899,165.644623391555,167.453935184911,32.2433333335,170.34,122.6875,92.84,187.5
9551,1753.24558789319,102,123,220,128.4,125.75,131.158596560391,140,166,164,166.2,172,32.8133333338,149.912,113.91,92.58,160.88
9552,1864.63203585833,128.75,109.327697858691,220,117.065061406071,116.859413189329,122.005577152133,129.264826743022,159.508035471126,157.590711840894,160.438424746351,164.935477842829,30.0066666672,116.719,99.345,84.55,175.67
9553,1904.01270726016,100.75,106,217.6,116.1666667,115.75,123.5,134.904760280338,161,161,162.6666667,167,29.7033333337,110.549,88.1375,82.85,149.88
9554,1597.88268411638,94,104.25,183,114.1666667,118.8333333,115.25,127.183040186185,157,157.2,160,153.6666667,28.6350000006,81.327,86.3075,75.57,143.5
9555,1477.34164905763,93.5,100,114.040392031174,97.83333333,104,103.8333333,128,147.2857143,136,146.2,155,22.9816666673,53.667,62.15,62.415,142.25
9556,2006.60508116451,76.25,65,77.44444444,101,105.75,110,107,152.2,149.4,155.25,163.5,19.3650000006,39.472,52.821667,56.995,134.63
9557,1416.51986832691,107.25,112,171.3076923,123.2,130.8,131.3333333,143,164,166.8,167.6666667,167.091675925689,31.7633333341,153.807,105.555,89.93,159.75
9558,1339.04545731668,96.5,114.6666667,126,120,119.6,133.75,135,163.1428571,163.8,166.6,167.635510270121,29.5516666672,115.031,94.3525,84.98,151.38
9559,1848.07177516765,56.75,66.5,62.35294118,95.42857143,91,101.5,110.12912081749,145.2857143,139.4,148.4285714,163.2,17.45333333416,43.933,54.3125,55.16,115.13
9560,2225.07953627889,69.25,53.75,42.4,97.66666667,102,109.2,111.946788222381,155.875,140.985750974214,156.3333333,163.3333333,18.21000000063,37.089,51.636667,56.46,124.75
9561,1967.68612917256,101,92,220,124.5,126,131.668085646634,120,164,168.75,167,169,32.8883333338,156.093,105.8575,92.03,169
9562,2186.02038301596,93.25,83.5,184.6111111,108.5714286,114.8,115.8,127.751190372255,160.4285714,160.6,161,166,23.6350000008,56.595,64.645,68.52,146
9564,1777.45629472821,122.25,105.565891504295,215.3333333,123.8571429,123.25,133,143,162.8571429,167.8,165.8,165.685320406728,30.9283333335,134.668,102.73,89.39,169
9565,1983.38349402783,74.5,72.33333333,96.70588235,112,112.25,119.3333333,114,158.8571429,160.25,162.6666667,169.5,24.703333334,51.504,65.2725,64.445,141.75
9567,1762.55074637462,113,103.5,206.2941176,125,125.6,130.3333333,122,166.7142857,169.5,169.5,166.425998283164,31.8816666673,152.655,105.6875,90.75,172
9568,1777.38376088049,103.75,109.5,213.8888889,118.545522407699,117.835223501377,127.687136903535,134.000869046821,162.001128912157,163.79923388054,165.636968183893,167.360268684046,31.6783333339,153.944,100.3375,89.44,156.38
9569,1405.94653656031,99,96.5,118.3,112.8571429,115.25,119.5,133,156.8,161.6,165.2,166.833354601351,28.8350000004,92.882,85.415,77.87,145.25
9571,1853.21217092932,56.5,35.25,49.7199087842924,92,90.66666667,89.8,109.382510922168,139.5714286,133.5,144.2857143,152.75,17.3633333341,43.814,55.275,54.91,118.25
9573,1980.81287515949,70.25,60,67.45454545,94.66666667,108,108.8,115.111930311672,151,150.6,152.25,163,18.9016666671,39.215,55.705,58.6,116.38
9574,1291.90008089524,112,102.133475929626,106.4444444,121,115.5,122.3333333,128.559529345697,162.2857143,159,162.4,164.804931334197,29.6833333338,102.564,91.7125,78.44,145
9576,1850.84970124985,106,106.5,220,130.2,135.6666667,131.863404759337,135.909573593074,166.6666667,169.6,168,170.3333333,32.9700000003,163.823,117.94,93.2,170.38
9577,1863.75001532396,99.5,123.5,216.5,121,129.4,137.6666667,151,163.8,168.4,166.6666667,168.730515873321,31.2666666668,157.28,111.075,90.935,176.88
9578,2313.95374604432,75.25,59.25,57.44444444,104.1666667,106.75,116.6666667,113,154.7142857,157.4,158.75,166,18.4916666673,34.708,50.155,57.24,130
9579,1755.5310369821,77,79.25,118.7333333,110,108.75,111,107,154.8571429,149,158.75,164.5,23.8166666673,52.298,63.6725,65.08,138.13
9581,1749.19730736519,111,118.5,220,124.1666667,121,131.5,131.880675105875,165,165.75,166,166,32.4916666671,147.992,112.3275,91.81,166.86
9582,1574.95398514011,95.75,93.75,175.8,112.7142857,121.8,126.5,133,159.7142857,159.6666667,157.1428571,167,28.3500000004,104.253,85.655,79.345,148.25
9583,1631.11471382824,96.75,89.5,172.399558305057,115.7142857,120.8,123.5,130,163.5,167,164.8,167.549314813933,31.2266666668,141.083,96.0375,86.52,170.88
9584,1890.42318675927,88.5,85.5,192,117.3333333,122.8,135,133.359952380952,164.125,164.25,167.6666667,167.21391402226,29.8683333341,115.892,91.7675,85.055,173
9585,2025.47753119809,52.25,32,24.95652174,90.14285714,88,89,104.958402579725,133.3333333,128.8,140,160.6666667,16.04000000049,33.296,47.048334,53.885,85.88
9586,1814.81709528393,97.5,95.5486206829923,208.6428571,125,126.75,132.3333333,132.341092802664,154.4,151,160.6666667,165.100591749756,29.0600000008,119.7,89.1375,81.66,166.88
9587,1991.15197484114,101,101.75,217.7058824,115.8333333,121.6,138,132.5,163.1666667,164.8,167,166.22885582226,29.3616666673,106.803,93.7,83.545,162.75
9588,1745.75217700199,85,79.33333333,120.977342055412,117.1666667,119,117.3333333,131.81544533395,157.8571429,163,164.5714286,157.5,26.3350000007,64.489,68.355,70.94,145
9589,2038.96945464249,85.75,77.33333333,195.1333333,124.1666667,113.2,133,131.35089880919,162,163,166.5,172,29.7516666675,96.854,83.195,78.54,158.88
9590,1959.71596982315,51.25,50.5,28.94444444,87.28571429,88.25,97.85714286,105,140.3333333,132.2,143.3333333,153.6666667,16.70833333372,36.59,50.204167,54.945,113.63
9591,2532.42643087872,67,46,45.8,110.8571429,114.25,118,125.098456113096,156.5,163.4,163.5714286,167,20.64666666736,47.714,57.175,59.905,139.43
9592,1872.12275078272,95,100,208.1176471,115.9062908845,115.914500955714,122.483941519817,135.724330791212,160.68963153219,160.329006514296,163.46807015396,166.178285779945,29.1650000007,107.407,85.7525,81.17,151.63
9593,1763.27019791514,109.5,109,211.7333333,123.2857143,131.75,133.6666667,141.5,165,172.3333333,167,172,32.9366666671,161.944,116.86,92.68,170.5
9594,1891.13206493695,95,110.6666667,217.3529412,120.8571429,122.5,126.25,131,163.1428571,167,166.8,166.331879629214,31.4583333336,153.987,105.99,89.685,169.5
9595,2208.91262389376,80.5,66.75,88.82352941,110.4285714,113.75,124.5,143,163.1428571,162,166.2,172,24.62666666737,54.737,64.6625,64.46,150.43
9596,2040.56667500712,73,61,50.4375,97.42857143,101.5,96.5,113.261460514316,151.5714286,145.5,151,168.6666667,20.2950000004,39.65,56.52,56.17,120.88
9597,2334.23411434546,69.75,60.66666667,48.55555556,109.8333333,105.75,111.6666667,125.204465872127,156.7142857,152.8,161.3333333,167,20.7583333343,42.371,57.3875,60.49,142.13
9598,1470.79514928964,87,91,136.5,113.3333333,118,120.85733948116,130,161.4285714,158.6,163.7142857,167,29.1550000006,92.258,87.9,77.54,145.13
9599,1954.07701549041,84.75,90.25,171.5625,123.5714286,120,128.000214676456,130.918582251035,165.1428571,164.5,168.4,167,26.8850000009,78.785,72.8025,77.09,156.38
9600,1410.06997197429,89.5,73,98,91,99.25,93.6,102,145.1428571,136.4285714,143.8571429,153.4,21.05666666723,50.831,57.7825,59.78,116.88
9601,1628.24495863057,97,77,168.3636364,119.375,115.6666667,132.25,129.470064935065,162,161.8,164,161.6666667,29.5250000007,103.721,85.0075,81.84,154.14
9602,2122.39280120491,77.25,75.33333333,98.6875,104.7142857,111.3333333,116,126,156.4285714,158.2,162.3333333,166,20.88166666723,40.476,56.1525,59.915,142.5
9606,1692.41314866217,63,41,54.8472189907839,86.71428571,85.25,89.25,98.33333333,140.75,121.3333333,136,149.5,16.52833333356,34.632,49.186667,53.94,119.937304651643
9607,1968.68228544357,88.75,107.6666667,112.718631585404,112.177277599372,112.868912668455,123.43476095106,127.982332033429,160.221462069529,161.568116349059,163.478455845981,166.342486556981,22.0066666673,46.294,61.075,64.345,142.639126731923
9608,2625.85184440266,58,45.25,71.049692912415,110.340461801627,112.215876757263,119.427003469075,127.621018541886,158.766181308395,159.662905992306,163.157226299336,166.535764102005,17.5500000005,35.513,48.114167,56.845,138.212396565227
9609,2296.48415909387,74.5,51,83.9825367639311,105.1428571,98.66666667,112,107.5,155.8571429,162,162.8571429,167,18.73000000046,38.557,52.595,56.835,132.290247414801
9610,1998.96441165893,82.25,69.5,81.0962549691405,102.7142857,104,105.375,119.05620874354,155.2857143,155.4,157.2857143,155.6666667,18.87666666723,38.163,52.435,56.785,130.666528956711
9611,2087.01741844205,73.5,68,76.8240423702542,101.7142857,106,103.3333333,115,158,151.2,155.1666667,166,19.1716666673,37.655,53.65,56.525,131.136763394471
9612,2038.22112953172,86.5,71.5,94.4574525205807,106.7142857,107.5,111.4,126,157.7142857,154.8,163.5,165.25,22.47000000063,41.699,55.505,59.615,134.896716173331
9613,1894.91427066703,81.75,71.66666667,161.164599413972,114.975100257575,115.742701519803,125.94376666025,132.196445707515,161.101664729271,161.934220887842,165.042495052582,166.705428985494,27.6583333341,75.937,77.86,76.76,153.017724834176
9615,1898.14275625945,85.75,86,136.769191735411,114.6666667,117.75,119.3333333,128,163,164,163,165.16848827485,25.4000000005,57.662,66.41,69.03,144.348710773259
9616,1737.18060343987,93.5,110.75,169.574136934587,116.4285714,119.6666667,129,144,164.1666667,166,165.6666667,170.5,29.2266666671,85.611,83.21,80.89,157.470048385231
9617,2292.77587027656,70.75,66,88.1681849976989,110.754794145687,112.519011100771,119.773431347864,129.460588385545,159.676235786733,160.222676726214,163.714793018514,167.249811577067,20.7333333339,38.802,52.945,61.47,137.916813053322
9619,2075.5489011927,77.3333333333,83,124.947345357827,109.3333333,113,113,129.3333333,162.5714286,162.8,163,172,23.5116666672,47.585,61.625,68.14,142.421842463548
9620,2092.57930082963,89.75,74.33333333,108.23596060112,111.683901318887,112.693517191653,120.086231277839,127.330393935127,160.273215384255,161.198177813795,163.629724805175,166.699734003184,21.1183333342,45.438,56.5825,63.52,142.349088095559
9621,1830.39556791177,92,90.5,117.309097880672,113.930376746886,114.403562667889,123.087836621556,129.708668111401,161.026126487555,161.212849265425,164.67500380373,166.78341003362,24.8516666674,59.459,65.1275,68.5,144.790890599768
9622,1856.99059824267,92,81.66666667,116.440130872266,113.8333333,114.4,111.7142857,113.5,162.125,163,160.2,165,24.1216666674,54.295,63.41,66.13,141.776578760853
9624,2286.31113982325,79.5,74.33333333,90.7437885367001,110.144909351977,110.815031604779,116.894676082921,127.683108729679,159.268718597394,160.047479526704,162.814983262731,166.544943885716,18.7416666672,34.719,50.21,59.57,140.388392969536
9625,1961.58521670636,91.75,101.5,126.000420971116,119.7142857,121.6666667,120.6,127,164.2857143,167.4,167.5,165.6666667,22.80666666733,55.207,63.555,65.39,141.066743193495
9626,2249.42223711931,77.3333333333,70.25,88.6858519500292,115.8571429,111.75,113.8333333,131.5,160,159.8,164.6666667,164.189767558383,19.56500000073,38.218,53.485,57.755,134.063596720026
9627,1855.41417555663,90.5,88.25,114.436805109228,113.786924914916,114.055869931306,122.427487738345,130.491428572625,160.77558681846,160.780660890995,164.41532165855,167.008132255181,24.7916666673,57.59,64.82,68.32,145.323950139192
9628,2202.89588669838,78.5,69.25,88.0490623470641,109.634493286495,109.915032407267,118.011371738859,122.356541990706,158.796840375917,158.500027464586,162.926111903437,165.946200281694,19.59833333406,37.14,53.66,58.435,133.477733596491
9629,1991.21836029102,98,74.66666667,104.418460588948,114.6666667,112,112.1666667,121,163.75,158.6,164,169.5,23.643333334,52.015,58.3575,62.68,140.286261756925
9630,1948.34663576953,84.75,79.5,113.819542296378,110.2,110.75,108.25,130,161.8333333,159.8,166.5,167,24.0483333342,54.833,63.3975,66.19,143.52852861535
9631,1829.34189297849,98.5,140,110.504114369833,105.7142857,107.75,104,112.5,156.1428571,159.2,161.8333333,164,23.1683333338,52.203,61.6725,62.65,137.060055930205
9632,1815.84267456233,92,90.33333333,138.868733623956,116,121,115.6666667,129.343990440876,163.5714286,165.25,165.8571429,167,26.1500000009,66.528,69.6875,72.49,146.797583693409
9633,2118.57333244784,88.25,77,107.653485816624,112.559318058109,113.314500578064,123.774527805189,128.831051586524,160.878768474447,162.083915090292,164.103930373357,167.068944447333,20.6650000006,46.407,56.2025,64.75,145.012328069609
9634,1664.15392782968,91,98,162.634395964675,119.1666667,122,119.5,137.5,158.1666667,164.6,165.2,167,27.2050000011,90.762,81.5675,78.24,153.770284474454
9635,1851.06259009635,93.25,84.66666667,105.795486081294,107,107.3333333,108,122.73428968198,157.4,159,155.1666667,161,21.1550000009,48.733,56.3425,63.48,140.887177962082
9636,1693.35612832758,109.75,141,147.633007927656,114.7142857,115.75,126.6666667,113,161.2857143,163,164.6,165.709643706694,25.4733333342,74.606,72.7225,72.16,148.289627717586
9637,1784.25212138604,81.25,82.5,94.7486866196944,102.3333333,108.75,100,108.25,153.1428571,145,154.3333333,157.2,20.2933333341,38.666,55.35,58.625,132.218780765413
9638,1982.27929270594,88.25,87.66666667,117.418707971704,113.5,114.5,120.25,136.5,160,162.8,162,167,22.9816666673,51.067,60.0625,65.84,143.901427558856
9639,2258.12301175364,78,73.25,92.4172041189375,110.660826843188,111.629002565383,118.675478185412,126.495619732999,159.391935597686,160.327562455626,162.804340861288,166.244450839763,19.1933333338,37.446,51.9875,59.61,141.729538247314
9640,1708.57643534315,92.75,80.75,153.726414648645,115.7142857,121.6666667,124.75,130.701415042684,163.8571429,166.2,167.4,146,27.870000001,77.506,74.13,75.45,149.280540637854
9641,1821.9038252774,82.6666666667,87.66666667,109.506917983398,111.3333333,113.6,113,119,163.4285714,160.6,161.1666667,163.5,24.9900000005,57.214,64.1775,66.28,142.875293476461
9642,1770.08726148142,95.5,86,122.585750577899,115.75,114.75,113.6666667,128,164,165.1428571,165.8,165.5,26.1850000006,66.85,69.2175,72.56,146.335007241182
9643,2201.7950319426,85,79,108.654213803814,114,115.6666667,123.5,137.5,161.8333333,158.75,164.6666667,172,20.9533333339,43.456,56.5275,62.55,143.148283632619
9644,2218.55977835143,76.75,69,104.217754134583,107.2857143,108.2,121,137,159.5,160.6,161.75,165,20.7533333344,39.991,54.6875,58.135,135.898896414661
9645,1982.48553282052,77.5,66.25,134.391004540685,111,112.5,121,124.517874758886,159.7142857,159,161.4,169.5,25.6700000009,56.881,67.12,68.7,146.06716993403
9646,2461.32551313047,62.5,55.25,80.148559348665,110.446617773266,112.304440394021,118.93220230415,128.18168520883,159.396199364151,159.895095707436,163.618107019621,166.868418866021,18.6900000004,37.013,50.925,58.87,137.654998829466
9647,2044.31100148407,67.75,55,63.7410052452314,100.6,96.5,92.5,114.413797314587,156.6666667,130.6,153.5,162.6,18.5816666672,36.149,51.5975,55.535,129.593945477804
9648,2421.52134808376,60,61,78.2522731013861,110.799989317507,112.278805328442,118.15243118168,127.167648411768,159.117514675957,159.150767663532,162.73013377668,166.824828123449,19.4350000004,37.087,50.3325,58.37,137.019923273911
9649,1856.52896728938,76.25,67.25,99.5945500018471,105.1428571,104.5,120,116.435499630688,146.5714286,138.8333333,152.8571429,167,20.67333333406,39.933,57.3075,58.83,133.428442811005
9651,1995.68093399406,64,49.66666667,62.9327037846307,95.5,99.8,119.5,107,141,138,145.5714286,165,17.75333333379,36.07,50.684167,54.96,124.004446071239
9653,1823.84864928441,59.5,52.5,59.0758816961909,89,91,95.75,106,134.5,135.75,145.8,164.25,17.95500000046,38.022,50.859167,54.765,111.861327547847
9655,2018.51969905847,79,71.66666667,94.6225862277616,108.44577831341,109.625666687727,113.87572104202,116.085569768488,157.586485653475,154.856416126412,159.461732124425,164.336257579595,21.68666666723,39.707,56.215,58.855,133.284818647555
9656,1797.87708437917,78.25,89,95.2050719843411,105.5,106.4,107.5,120.698934834444,153,150.8,153.8333333,159,21.56166666703,43.297,55.66,59.89,133.9752566829
9657,1644.50264334693,58.5,48,56.9724064785277,90.71428571,94.5,91.71428571,103.5,135.5714286,129.75,139.5714286,150.75,18.06500000052,38.067,51.264167,54.165,111.012427547847
9658,2158.16483737483,71.3333333333,66.5,71.7449552867402,106.428611036324,108.314157733235,112.441252625408,115.62211670478,156.452344474943,154.302756367477,157.377336731906,164.623605628482,18.47666666736,37.079,52.8625,55.655,127.515465172116
9659,1980.33680380584,71.25,66.66666667,68.2657419788933,101.6,97.75,109.25,116,149.4285714,148.6666667,151.6,162,18.55666666726,36.58,53.41,55.515,124.243103010894
9660,1920.8304676859,53.25,40,56.086623700236,89.8,90.66666667,88.8,86,144,130.75,148.4,158.3333333,17.22666666712,35.852,49.679167,54.185,111.409777547847
9661,1558.97268461404,55.25,42,51.7249817426113,91.71428571,83.25,89.8,88.33333333,132.375,119.6,119.5714286,150.4,16.66166666707,33.485,47.606667,54.135,118.750925643085
9663,2099.272496758,69.75,69.33333333,79.3862141775512,104.2857143,107.75,107,125.6666667,155.7142857,153.1666667,154.8,165.6666667,19.82666666713,38.435,54.7925,55.845,131.122340484787
9664,1832.82242676495,85.5,109.6666667,112.505346079505,113.517058422604,113.650386756836,121.271716748037,129.175757396587,160.513990989396,160.512838333465,163.909279245934,167.021000080107,24.7616666674,54.325,67.4575,67.68,144.945283993868
9665,1920.73846214537,85.5,86.66666667,117.376745735485,112.927215825082,113.27506626965,121.004284893862,129.533644300268,160.402117937299,160.591096283736,164.12832838733,167.163521243905,24.6050000007,52.713,63.47,66.76,144.508673577201
9666,1807.71173545836,86.5,112,122.338850330878,113.344906988899,114.09160257359,123.014155705435,130.55896374596,160.597765460135,160.833105099708,164.543554898564,167.119222953684,25.2633333341,56.195,69.035,69.8,145.599436288801
9667,1800.77885763771,89,107,113.318042967128,113.217929211023,114.179162815348,123.120822372602,129.819053031008,160.62334394243,160.757921993268,164.381470772197,167.078274057533,24.7650000007,57.843,68.2775,67.98,145.32661783642
9668,2113.3740632792,82.5,79.5,85.8293628237006,109.657131851334,110.152192179134,114.442228384226,116.49754505441,158.212174280868,158.097799356316,161.145226018176,165.592483949647,19.38333333403,38.507,53.345,56.715,132.746638540532
9669,2038.07851380555,81,86,97.0860913762462,112.11182533639,112.403684605117,119.077701340011,126.377305556267,160.151113237134,160.246427599007,162.701867622894,167.284372687806,22.2716666673,45.918,56.475,63.96,139.664951679053
9670,1584.54146514774,105.5,112.5,148.387728937063,114.920023085566,114.769496955136,124.166165634052,132.636300187378,161.018411944771,161.581819193509,164.858486189887,166.74942018502,27.4566666673,77.034,80.5825,75.93,150.822645107551
9671,1808.65479381059,90.5,95,120.144224939578,114.034084057878,114.609491613222,123.521372126364,130.342746034414,160.993211521327,161.245535088525,164.753885609524,166.675114199245,25.4600000006,59.738,66.2225,69.54,145.648930182811
9672,1924.61139982494,85.3333333333,90.5,117.181936935776,113.230489360413,113.799688994111,121.407862533507,129.450414143891,160.672787780593,160.633416547102,164.529418427676,167.12713919989,24.5083333342,51.378,63.41,67.08,144.385740065256
9673,1840.43643451924,87.5,99.66666667,117.255042013359,113.380555893159,114.470821190525,123.293237914625,129.873681639021,160.71198272126,160.945744612375,164.642014338326,166.811449384634,24.848333334,55.895,67.0925,67.83,145.471959118287
9676,1905.47637574473,87.75,89,116.600126733789,113.166778837702,114.010485367366,122.100852883836,129.79541017374,160.685212878851,160.657741843769,164.498449380443,167.04588667506,24.3250000009,53.965,62.8675,66.96,143.810365620812
9677,1864.11972382301,81.75,110.5,118.159277021084,113.24277452396,113.935380739857,122.29276740432,130.442364539264,160.574892940049,160.817949078012,164.515345941388,167.079458643473,24.4633333341,55.083,67.0725,68.05,146.322533422021
9678,2127.3275216141,69,87,95.7998555117001,111.577680661882,113.061724133416,119.413077002909,129.819112195102,159.982469567677,159.947155222264,164.051465694451,166.99192284241,21.8083333338,43.281,56.9925,63.45,139.179607770323
9679,2175.74597152965,69.25,79.75,91.9038702989462,111.109907184236,112.629725819412,118.778303339368,129.160040766164,159.793095858535,159.62612367429,163.615009513756,167.192229115833,21.8650000003,41.234,55.265,62.68,138.888931287639
9680,2418.72836219482,62.75,59.33333333,78.6727469875834,110.506006018532,112.302305328442,118.589076499364,129.202089970624,159.290653564518,159.513886778912,163.531135959459,166.935912250966,19.6133333337,37.695,51.2025,59.99,138.368162358878
9681,2084.34761251393,66.25,92.25,103.680978310381,111.894488172668,113.492410293362,120.215476902054,129.439191562186,160.078782564985,160.172117490986,164.012098564769,167.389897918264,21.6300000007,46.371,60.19,63.78,139.732121565417
9682,2131.20115269467,77.75,74.75,96.7420080854714,111.331597901787,112.689607748243,118.813961097276,129.855179654747,159.9899377704,159.835436156061,163.634109910473,167.119798712287,21.6350000006,43.349,56.3325,63.82,139.797433762387
9683,2305.56325619736,64,71.75,82.5693410796327,110.941696821754,112.591963336882,118.071745507252,128.101768542136,159.480992367523,159.364123414998,163.082332387255,167.233920836761,20.706666667,38.482,52.4025,59.99,137.765555151275
9684,1974.61793356066,84,89.5,102.60020343126,112.791109048129,112.936370516692,119.889550620966,127.937892857379,160.231722409794,160.249605802555,162.953347271645,167.064546995189,23.3333333341,46.49,60.1125,65.89,141.255592537639
9685,1931.32476089187,84.75,89.75,109.565006636876,113.134356481622,113.257132340519,121.262419934545,129.319296719046,160.534056464663,160.506183580155,163.995913835596,166.600375731762,24.1716666673,50.431,63.115,66.3,143.985099343195
9686,1921.76370424732,84.3333333333,88,104.186991229405,112.981567742503,112.769385595754,119.91120617616,128.467184523917,160.28021893733,160.263605802555,162.978553620145,167.032880328189,23.7966666673,51.088,62.335,66.27,141.712703206831
9687,1963.50524761193,88.5,83.33333333,102.09817892086,112.640116904147,112.792102736193,119.723723424698,128.520148810333,160.321578868192,160.204802924772,163.160703359303,167.021178110726,23.5850000005,50.328,58.685,64.82,141.065846009861
9689,2164.12285440921,67.75,83,91.9124534553077,111.207912072969,112.794231592008,118.906522584701,128.45119155945,159.893476016785,159.730947418036,163.988516487594,167.063459878815,21.6983333338,41.808,55.73,62.62,137.883237929053
9690,2087.05836604339,75.5,81.66666667,98.8265329593078,111.42615360728,112.790281375212,118.956816949375,129.415584418477,159.838710938202,159.81737367429,163.664014672056,167.362085940226,21.986666667,45.3,56.93,63.77,139.590980295576
9691,2181.92805448183,74,72.75,89.9538943886098,111.014926793281,112.755352225415,118.60955831996,129.746651876497,159.584935167382,159.779075694087,163.539307189763,167.285053190139,21.5283333338,42.272,56.08,61.97,139.262565270323
9692,2240.38214771765,72,70.75,90.1020524751374,110.804505596831,112.62082928259,119.696452247972,129.007588384553,159.693433206775,160.210348154833,163.792207615443,167.250247634139,21.1533333337,39.079,54.09,62.16,137.704774303322
9693,2225.81676785816,68.5,75,90.2439116830462,110.976813074655,112.640607748243,118.841555824964,129.042421718545,159.800774429535,159.595455155613,163.621334911006,167.271145141775,21.4350000005,39.507,54.3975,61.38,137.35090459572
9694,2167.31788070872,76.5,74.25,92.1493265842462,111.410589346649,112.576933938659,119.219665716736,129.342802671644,159.875021907296,159.670148860136,163.457276634363,167.361982873653,21.7850000003,41.359,55.2975,62.64,138.906617651275
9695,1735.8252742401,103.5,84.5,132.506866343327,113.865067912108,114.000415637652,122.663604149466,131.267799284646,161.22073571067,161.16497158336,164.684715934229,166.904048512501,26.4850000007,65.787,71.9375,72.65,146.746526729978
9696,2108.36925913048,77.5,76.75,94.3948230290077,111.429209507567,112.448266776143,119.072637717235,129.231374100096,159.935468723073,159.625935728938,163.495059513089,167.19750403756,22.1950000003,43.171,57.855,63.22,138.969552968736
9697,2315.06352202079,77.5,63,88.8096329750144,113,112,116,128,161.1666667,163.6,156.6,162,18.96833333373,33.841,50.264167,57.435,137.531412211961
9698,1851.50369422735,81,74.5,141.022116488385,118,120.3333333,123.6,120.5,163,160.8333333,164.1428571,167,26.4500000008,68.636,72.4625,73.98,149.143787366909
9699,2166.95252512832,74.25,63.66666667,83.8763799148939,108.3333333,105.3333333,115.6666667,118.12621030399,154.1428571,153.6,165.6,167,19.9983333339,39.686,53.4,56.695,130.220985475146
9700,2043.56098176557,80,81,102.669198381945,112.299226933975,112.863737517907,120.199850490325,129.406862736527,160.442134955239,160.517955039319,164.135650439104,167.085456120026,22.6166666673,45.714,61.3725,64.68,141.042178762387
9701,1958.20431148697,85.5,82,109.375645457963,106,110,114.5,136.5,158.4285714,161,157.5,167,22.5000000005,49.692,59.9225,63.44,140.206339185977
9703,2190.3394577735,76.5,69.75,91.5466820040099,111.026922008236,112.67582928259,119.622082659208,129.433915767205,159.723353485005,160.005568212502,163.783314362943,167.065055326431,21.406666667,40.15,57.1075,62.42,137.943931273019
9704,1956.72321691193,75.5,70.33333333,124.594775590292,111.496073702027,113.582346514366,121.813040472436,131.296045095072,159.654691296043,160.720805576285,163.851796405546,167.258452130445,25.8466666673,58.293,68.0375,68.78,146.572849627065
9705,2194.42336643617,71.3333333333,67,76.3384914797749,108.2857143,110.75,111.5,119.157534329173,157.7142857,157.3333333,159.4285714,165.5,20.03166666713,37.863,54.4525,57.31,134.256104469507
9706,1900.23684016263,95.25,78.66666667,132.772454949273,123,124.6,124.350530656988,142,163.8333333,164.8,167,167.599814816889,24.6133333335,70.128,70.535,72.08,150.043796805464
9707,2005.94247417078,80.5,72.75,174.853857093481,119.1428571,121.5,135,140,164.2857143,166,167.4285714,172,29.3200000007,85.351,82.3375,82.1,157.509429086407
9708,1814.19451657972,89,85,109.010952212668,105.6,110,110,115.3333333,156,152.6666667,157.375,166.5,22.4983333339,49.175,59.095,63.03,139.635753057359
9709,2096.37304203801,82,73.5,96.2455941101814,112.148484421519,112.755446655254,120.016692419511,128.842788782037,160.339412779505,160.242026472788,163.921425665828,166.975038028132,22.5933333339,44.142,59.04,63.65,140.26302459572
9710,2005.88200090658,80.5,83.25,109.3375322955,112.372288158318,112.860586002888,120.195974574236,129.423077021741,160.417151821622,160.517955039319,164.179705200321,167.168789453359,23.3816666673,46.355,62.0925,65.83,140.636441262387
9711,2081.84357924462,75,82.5,98.4115780174077,111.426801288423,112.606492486212,119.05959274248,129.252997114418,159.835318081202,159.835412135867,163.592180545506,167.390465280487,22.4800000004,45.836,57.14,62.64,139.686608524291
9712,2069.64768057063,77,78,107.286386215145,111.729497780191,113.004460203214,119.751725626523,129.858550686221,159.91262099598,160.003659278483,164.017352004344,167.009303473664,22.8650000007,44.521,60.525,64.4,140.862006287639
9713,2249.38645848448,75.25,68.33333333,79.6711780377574,110.2857143,108.3333333,111.6666667,118.038508616329,157.8571429,160,165.25,166,19.27500000053,37.446,51.8225,56.875,130.347925192579
9714,1905.3058248509,80.75,82.33333333,136.687304129318,116.5,123.25,136.5,128.216233404325,158.8,163.6666667,165.8,166.279477849814,26.7416666675,64.047,68.0675,71.03,148.813723497874
9716,1584.48321224087,102.6666666667,122,183.079929547776,120.3333333,118.5,130,131.054912698667,162.5714286,163.3333333,163,162,29.3000000009,94.91,88.4475,82.85,154.914193148273
9717,1729.32441365667,90.25,93.33333333,164.101432370096,116.7142857,119.5,130,130,160.6666667,157.6,165.2,167,27.4016666676,79.053,77.765,77.14,151.719112966788
9718,2010.75323285837,78.75,79,144.928261173573,115.875,117.8,128,135,164.5714286,165.6,167,172,25.868333334,66.197,74.7925,72.11,151.71398467862
9719,2253.38048598608,72.5,57.75,79.0273696643472,111.2,114.75,112.505974127104,116.078606258387,156.7142857,156.75,161.8333333,167,19.5250000005,38.53,52.065,57.655,131.114277970357
9720,1661.15850501546,100.75,104,186.581905833768,120.1428571,119,129.6666667,135,164.2857143,163,167,166,29.8983333338,110.663,87.7125,83.95,159.693558253692
9721,1822.41017529306,77.5,78,149.206447223218,113.344450813708,114.286038581266,123.239766336009,128.746921897991,160.7212246226,160.239940063261,163.890806585308,166.786851976705,27.6533333341,73.59,75.2,73.38,150.521646275974
9722,1673.82736192844,99.5,108,158.859596167152,114,119.5,123,126,161.5714286,164.4,166.6666667,165,27.6933333344,74.543,80.6275,74.97,149.781414248965
9723,2212.12456616066,76,68.5,96.7099777011744,112,110.4,109.6,140,160.4285714,159.4,160.6666667,162,20.5150000005,38.568,54.6,60.65,139.424426060977
9725,1806.35452699726,61.25,56.5,67.43901552107,91.2,94.25,98,103.5,143.5,145.6666667,146.5714286,156.2,18.43833333359,39.202,54.285,54.87,114.876477547847
9726,2185.65842586518,67,56.5,61.8899218044224,104.25,103.3333333,108,114.5,159.5,142.2857143,154.8,165.2,17.87666666716,35.702,51.655,55.34,125.039523917327
9727,2580.49750983732,61.25,43.5,63.4766491109622,109.006128378271,109.512836885378,113.565030825152,122.549490766187,156.848301657195,156.612586036249,160.548823026974,165.130272328026,16.21333333409,32.275,46.706667,53.77,132.914228427419
9728,2142.15011765304,77.5,77.75,87.6444568869803,109.570171785991,110.072616222308,115.610814339887,119.09357173898,158.279303746576,157.913402629245,161.556135664427,165.831930873598,18.93166666733,37.867,53.48,57.565,131.752332017544
9729,1857.1237173881,96.75,79,123.306799057671,113.413883621521,113.75862397081,121.956132136602,130.648930016457,161.18473670212,161.112357202029,164.745367817008,166.678909701789,25.2883333339,59.038,67.255,68.7,145.977081472784
9730,1843.6428646416,89,97,134.963841091068,113.732020947098,114.065445470041,122.576699511135,127.05527741621,160.372568341179,160.534240697673,164.457386950038,166.127780642113,24.49833333403,56.82,67.3125,68.93,145.534753805476
9731,2040.68683832005,92.5,66,109.720093426837,112.59726196224,113.579536812393,121.629861192836,129.655045636425,160.702375821262,160.996878708927,164.491842184382,166.743226377346,23.9000000009,49.665,62.555,64.18,142.90744588397
9732,1830.34311007204,82,88.25,137.516315343244,115.617595618914,122.6,119,136,163.375,164.2,166.3333333,167,26.5150000007,70.186,71.105,75.12,149.441248710995
9733,1938.1217396442,80,83.75,119.917631010259,112.471490026397,113.646141284399,121.672420863803,131.038318183587,160.551620410808,161.014642707009,164.351230433222,167.205582089672,25.3000000007,51.133,68.035,68.67,146.151034482503
9735,2033.23148125456,85.5,74,102.708012162783,112.206188820434,112.998206900995,120.411926956649,129.310046719412,160.586573988301,160.494307059115,164.354911144056,167.138063159654,23.0216666674,47.854,60.8775,64.9,140.346380151275
9736,1992.28333819399,78,81,126.197608076268,116.75,120.75,130,129.543983226084,161.4285714,161.8,166.8,166,24.5933333341,55.068,66.2,69.36,146.635800663106
9737,2120.32646518169,85.75,63.66666667,108.072948123094,109.3333333,114.2,134,128.217213642441,160.2222222,164,164.75,166.088302539329,23.5133333344,49.33,60.31,65.25,140.942509772859
9738,2030.61272884297,79,73.75,122.364542000968,118,115,124.302212509446,130,164.4285714,164,163.6666667,166.875516837158,24.7483333345,53.767,65.3725,68.56,145.038077816579
9739,1994.85838536537,86,68.5,127.428153536828,117.8,118.25,127,129.659680015533,163.1428571,160.8,167,166.382922863346,25.6000000008,58.316,66.31,69.15,147.493445048128
9741,1978.19845742263,88,71.5,117.114517603733,114.4285714,122.8,121,129.381085679041,161.7142857,164,166.2,165,25.1766666675,54.389,64.41,69.46,144.876183730545
9743,2019.89909870852,79.5,75,128.117054944399,114.3333333,116,127.4,131.009075759448,160.3333333,166.2,164.4,167,25.0266666676,53.688,65.6425,71.3,146.334976377392
9744,2086.26241209648,78.75,63.33333333,140.717107309001,116.5,115.6666667,126,125.58205302927,164,163.6,164,162,24.6550000008,55.481,63.6375,68.85,143.643461593365
9745,2048.86749978689,79.5,76,106.279771054186,112.507610575253,113.098983931375,120.737944438714,129.495128427911,160.334601225345,160.660305406752,164.288421272707,167.280192363264,23.873333334,46.764,61.6475,65.28,143.049051579847
9747,1793.88363105942,86,94.66666667,157.88703308207,118.5714286,124,123.3333333,133.434687590615,160.3333333,163.8,165.5,167,27.3550000011,75.214,74.31,75.53,151.859132607551
9748,1960.58370292962,81,86.25,120.322113393358,111.8333333,114.8,131.3333333,125.631810845656,161.3333333,162.2,163,164.6666667,24.6433333339,50.394,62.47,65.99,141.345187237195
9749,2027.39709861167,74.75,63.75,86.0933594333035,104.7142857,101.25,102.3333333,116.239384832495,153,155.2,151.4,166,19.86000000063,37.756,54.715,58.465,132.798306862555
9754,1949.58210969512,79.25,74.4443727338726,137.149507668128,117.1428571,120.5,111.3333333,132.795623737332,157.1428571,165.2,165.6,168.5,26.2250000009,62.776,68.2075,70.59,147.495492096346
9755,2029.2835620853,88.75,82,90.8251033428695,105.6666667,112.8,107.5,113,157.6666667,159.4,161.8,168.6666667,21.4316666671,41.55,55.9375,60.9,135.915709858777
9756,2042.62978635907,88.75,73,106.466286599284,112.354589971169,113.417148524272,121.338592418172,129.735259381786,160.396087184449,160.497834274096,164.318038222847,167.397025695681,23.0183333342,47.282,61.9525,63.97,142.328365317782
9757,1714.03247893771,93.75,93,157.410943194352,114.983246942182,115.685627503045,124.142513258369,132.7292137868,161.439630576524,161.651942615691,165.121546581638,167.513413185942,27.6283333341,80.782,76.145,76.89,153.051113626069
9758,2227.79150269151,71.25,73,87.3675943876811,106.8571429,107.5,127,125.5,160.2857143,160.6,159.5,164.2,19.47000000062,39.054,52.8075,55.795,131.261093936736
9759,1913.9402077723,61.5,58.5,63.1046259989712,100.4285714,101.8,113,106,141.8571429,142.2,150.8,162.25,18.63833333373,39.012,53.5,54.17,114.848462811005
9761,1953.11238448858,65.25,58,67.6358307231589,89.5,92.75,108,137.5,136.4285714,139.8,147,160,18.92166666693,37.083,51.834167,54.595,127.298208130232
9762,2003.91879993984,95.5,72.75,127.24618436606,113.2857143,119.5,133,100,162.7142857,166.2,167,167,25.4100000007,55.389,65.96,66.93,143.065291786022
9764,1541.91532499213,69.75,62.75,63.731099217674,87.4,88.25,93.33333333,97,134.7142857,129.1666667,136.8,155,18.03500000042,36.263,51.209167,55.005,114.678588571239
9766,2344.40512418394,57.75,39.5,64.111729360395,105.8,103.25,107.8,115.465844860654,153,154.4,156.7142857,163.997661782897,17.61000000045,37.782,52.8675,55.29,125.094386561005
9768,2370.8393141148,74.5,54.66666667,86.7482488699873,110.732106921219,112.660329283106,120.197837255242,129.773921321183,159.514449262782,160.189664393767,163.732427855647,167.070650466567,20.1116666671,38.059,51.8775,61.89,139.547149303322
9769,2471.95637161432,66.5,44.66666667,81.1868747520402,103.8333333,107.8,134,126.516460099427,157.1428571,161.6,163,166.5,20.2400000007,41.116,53.0225,59.07,138.504622358878
9770,2540.41769927901,67,44.75,89.4792483321217,109.565667851433,111.648648808452,118.85226105302,126.702980518856,159.090337571077,160.220124035869,163.656157691129,166.731636786066,16.89000000056,37.617,47.246667,56.825,138.771951617996
9771,2564.64812798772,62.5,44.25,105.231430502204,118.8333333,111.3333333,128.8,136,163.375,164.1666667,166.6666667,167.425192578414,20.6916666673,43.611,55.3625,60.565,141.015370481632
9772,2532.51873417959,67,40.75,84.6987212239624,106.1666667,113.25,125,127,157.1428571,162,165.2,167.6666667,19.3333333341,38.808,51.385,60.68,139.061922403681
9774,2542.71885806498,68,43,91.1646988056298,105.1666667,106.6666667,120.3333333,123,159.5714286,157.4,164.3333333,167,17.04333333403,33.953,47.026667,57.705,138.285715191759
9775,2564.61486173327,60,44.25,93.4292185144331,109.5714286,119.6,123,119,159.4285714,159,166,167.346611112533,17.64166666713,39.003,47.14,60.115,139.960515242264
9776,2409.81560383319,65.25,57.5,103.642143224231,111.403364440468,113.019654763374,123.227729961953,126.961189092784,159.709653913971,161.031621872584,163.652184619825,167.363506584116,19.87833333433,38.098,51.955,60.265,142.469283069609
9777,2553.98414761428,66.5,43.5,92.8944592747545,114.7142857,112,132,129.822970238387,160.3333333,158.8,166.2,167.142326537952,19.3266666674,41.071,49.3025,59.575,141.000318814965
9778,2503.90286779794,71.5,49.25,94.0090547058195,110.135556388378,112.322429353461,121.498952946415,126.982584415834,159.172137086009,160.990885103761,163.534728704106,167.641126984952,18.18666666736,33.363,49.7325,59.47,140.562355722062
9779,2538.19802852347,63.25,44.66666667,86.1517678969961,105,105.4,113,124.5,151,159,162.25,170.3333333,16.83500000066,32.438,45.076667,54.735,135.424552899481
9780,2507.12981634585,72.25,45.75,80.5969622913524,110.547983810545,112.45532697326,120.15467294832,130.042601876802,159.570060192416,160.49773579067,163.669508669357,167.17255113941,19.5783333338,36.234,49.1125,59.24,137.692244303322
9781,2720.03374766422,60,41.66666667,88.6802485854561,108,113.5,113,139,161.5,163,162.2,167,16.82166666679,32.337,45.754167,55.035,134.103268777617
9782,2710.43134700682,63.25,44.5,92.9303821615095,109.8333333,119.5,128.6666667,128.395136420814,162.6666667,165.2,167,167.479904764452,17.5600000003,35.499,48.075,58.975,140.901862666506
9783,2206.73980044854,76.5,66.33333333,90.7404493520252,110.981442577894,112.578780797014,119.339881241966,129.18754076683,159.673608760871,160.058471387049,163.599441714447,167.278112503503,21.3066666672,40.319,57.1725,62.16,137.621095439686
9784,2594.74282535684,60.25,43.5,89.0983189507894,106.2857143,111.6,115.3333333,125.570785713619,159.5714286,162.2,160.8333333,167.482798656505,17.19666666699,34.437,46.241667,56.115,136.439194112585
9785,2577.13613387421,63.25,45.25,98.9554690743887,109.20324957359,112.607777563164,120.653086956568,128.046536796837,159.629272305906,161.20966163064,163.882010062495,167.546821431286,17.53333333383,37.23,46.754167,57.62,139.831497222222
9786,2584.93207746328,64.75,40.25,77.4301931729683,109.110919193511,109.674795787909,116.891015323775,124.30047777668,158.335062301122,158.08842716628,161.466343801894,165.955601473347,16.12333333396,31.418,47.214167,54.23,130.761348010753
9787,2319.71804446388,70.5,49.33333333,93.0130889094962,108.1666667,115.3333333,119.5,133,162,158,166,169,22.1116666675,47.36,57.2325,62.37,138.018721110682
9788,2661.47211613908,62.5,38.33333333,79.8613450809024,110.428284440266,112.210416584163,120.295591940547,128.871212987164,159.341244303094,160.52871773467,163.460365415957,166.923036710139,17.01000000047,34.058,48.701667,56.66,136.993498829466
9789,2614.25440545257,65,42.25,95.1366352574845,108.1666667,109.8,123.6666667,126,163.2857143,160.4,164.25,167.236500002883,18.0016666676,34.806,49.79,58.065,141.501884807029
9790,2635.54237731881,66.75,41.75,102.644005380854,115.2,113.6,131,133,155.5714286,162.4,165.6,172,18.79500000097,39.434,48.105,59.415,142.109282760062
9791,2565.30128370002,65.3333333333,38.33333333,88.7424238747217,112,114,116.5,126.4490634625,159.7142857,164,161.8571429,164.6666667,18.12833333396,38.262,47.945,58.085,137.328974022688
9792,2644.69682102473,62.75,42.75,91.5805603835195,109.997747451494,112.996912240018,121.710458110913,128.251286795453,159.457790859292,161.694674571362,163.413575751264,167.214802912697,16.96666666706,34.574,46.366667,56.845,140.239141859
9793,2451.18151774608,62,63.33333333,63.6775293090222,108.828540041214,109.801692441174,114.660992856202,121.95315238091,157.553607413121,157.466550656699,161.854609191362,165.345122753865,17.15833333426,32.973,49.171667,53.55,132.135162951229
9794,2536.88562031958,69.25,44.5,81.3878460729887,110.682801186778,112.292480971431,120.349374734636,130.02857914753,159.340785295242,160.354739964936,163.632925664488,167.1475552275,18.8383333339,36.355,49.6525,59.07,139.514132681458
9795,2561.53598693096,57.75,38.25,88.8589201527365,109.3333333,112.75,110.3333333,143,159.6666667,157.8,160.8571429,168.6666667,20.44000000057,40.186,52.875,58.65,136.797015979778
9796,2492.09631127566,73.5,46,83.6383834117387,110.491006351733,112.44777959978,120.5085085717,127.846137590136,159.40523903514,160.625882042647,163.420436918936,167.063752197538,18.8600000004,35.876,49.74,58.85,137.923793273911
9797,2502.82525640323,69,46.5,82.4154859951024,110.311242520395,112.569850783117,120.52262294797,130.309685210052,159.583454466393,160.51782329067,163.622640018791,167.036995584188,19.4933333338,36.574,49.5575,60.24,138.286886803322
9798,2615.94824348972,65.25,44.66666667,74.4350024169717,109.387710966318,111.402792756133,119.067602453227,127.034262590568,159.053581375959,160.33833778146,163.31458720125,166.661615112659,17.19000000063,34.038,47.046667,55.49,137.858673273911
9799,2470.65104475873,66.25,50.5,82.4448430065178,107.2857143,114.4,126.3333333,122.967685630816,161.5714286,158.6,162.5,167,19.35833333383,35.078,51.43,57.125,134.107528576941
9800,2579.49430140661,68.5,42.5,76.2206326398523,110.416606169314,112.383631114884,120.835219323737,127.677387590386,159.263266027925,160.459883936253,163.783049234984,166.937046300662,17.9550000007,35.433,49.6175,58.52,138.679149858878
9801,2668.39573887563,62,36.33333333,80.4127677468887,110.412005251016,111.950801902999,120.226067155227,126.891078066195,159.267074932223,160.741010631223,163.453101488208,166.222395506117,17.14666666717,34.371,48.649167,56.52,138.101078829466
9802,2435.99144592845,69.75,42.75,70.5127687687039,105.2857143,108.5,114.4,113,154.3333333,159,160.3333333,168.5,18.428333334,37.523,49.296667,57.21,136.75150998538
9803,2451.90000975032,63,41.25,114.88213232337,125.1666667,110,125.4,134,157.2857143,160.8333333,167.1428571,167,23.2216666675,44.28,58.8625,62.41,141.132813316379
9804,2529.56490787179,65.75,45.75,83.1997653530737,109.5,112.6,143,128.801989323848,158.2857143,162.8,164.8,166.405968558769,21.0300000006,42.012,52.8125,60.41,138.301659557982
9805,2412.27221551189,70.5,53,81.565007852515,110.454175757783,112.434376756463,118.937046802558,129.035240766052,159.557642038016,160.084310059214,163.496485822386,167.112508679993,19.6333333338,38.136,52.0125,59.7,138.281099303322
9806,2545.8626920715,67,43,80.3914467054374,110.487051249881,111.738083911731,120.52337396589,127.811574097969,159.037925351908,159.88844966577,163.696758763829,167.211122689567,18.7833333338,36.476,48.4725,59.23,137.894942358878
9807,2600.38735036899,67.5,43,104.846641290754,117.2857143,120,129.5,128.841761905262,163.3333333,164.6666667,165.25,165.5,19.0466666675,40.391,50.495,60.525,143.042709605009
9808,2375.56618071753,75.25,53,85.4957034598852,110.53459240781,112.558678489078,119.757620985623,128.96887171685,159.6003409459,160.218276726214,163.714042399648,166.896804976521,19.886666667,38.35,51.83,60.39,137.449747125903
9809,2393.25909729035,74.75,51.25,82.4280755186461,111.13011674711,112.356798001923,118.129408980926,128.527453967135,159.313491846395,159.323508404709,162.676243599951,167.098261456438,19.9000000008,38.092,50.7725,59.51,138.03900577391
9810,2360.92010633473,69.25,42.25,108.9214865569,118.8571429,117.5,123.5,127.189616764251,164.3333333,160,163.8,165.497114392097,23.7516666676,44.706,59.08,62.86,139.989643602264
9811,2457.25880305342,69.75,45,85.1253357187822,111.014194792005,113.02827910097,121.341710807188,129.429693543872,159.636212973681,160.535090247707,163.952979107824,166.816266828093,20.5966666672,37.984,51.4075,62.34,138.223083817822
9812,2334.43240185515,67.75,45.75,102.767912323025,120,117,119,120,163,161.8,167.8,166.311379324852,23.2816666675,48.033,59.7575,64.1,142.310644342133
9813,2461.48192510276,65.75,45.5,98.6458557306737,112.6666667,112.25,135.5,129.204821068386,161.3333333,163.6,166.1666667,166.41608214117,22.5700000009,41.563,57.78,62.56,139.686105268931
9814,2453.80668774808,71.5,48.33333333,99.7000902085545,115.5,118,130.75,130,159.7142857,163.4,164.4,167.419298703616,20.4683333341,43.308,52.58,62.25,144.126265614412
9815,2469.24044142179,72.5,48,82.9353063903874,110.452760948193,112.658713410035,120.830670381626,127.495284415922,159.522947096839,160.406754327548,163.784988320986,167.09092328365,19.39833333417,36.239,49.4275,61.845,139.429204858878
9816,2646.79458364993,63,39,77.701674871605,110.155970252913,111.866411803409,119.130942731478,126.203470923624,159.148672331224,160.182771692117,163.67676101238,166.675860783667,17.3133333339,33.942,48.366667,56.59,138.092489152047
9817,2041.67079350505,64.25,63.75,71.0475638648164,104.8,101.3333333,107.75,117.913830185294,151.8571429,152,146.5,162.36873521395,19.32833333393,38.597,52.595,54.26,130.926657738095
9819,2041.11890289567,98,98.5,220,118.1428571,122.6666667,130.75,137.142,164.5714286,164.75,162.8333333,167,30.0316666673,112.958,90.0225,84.99,168.75
9820,2159.08683985148,61.75,55.75,64.8,101.4,101.6666667,123.3333333,108,148.1428571,144.6,151.4285714,168.5,21.0816666674,43.855,55.4075,59.065,150.29
9821,2087.73586982852,79.5,72.25,87,114.3333333,113.25,115.6666667,131.274930556792,160.7142857,159.8,164.8,167,23.908333334,47.869,61.65,65.78,144.75
9822,2274.73118332706,82,62.33333333,67.42857143,109,107.2,114.25,117,157.4285714,155.6,163.5,166,19.93833333387,36.924,53.9775,58.22,140.88
9823,1932.50907844592,63,42,41.35294118,89.875,114.5,97.5,109.524114365641,139.5714286,116.1428571,140.5,163,18.408333334,39.899,50.986667,57.02,126.63
9824,1873.84335537266,115.5,143,220,115.947088363735,115.946050165243,122.601655734402,134.21283982784,160.28469237179,160.418544392659,163.451454681066,165.566468521597,29.9583333341,127.599,97.4775,84.34,174
9825,2006.77948403463,68.5,63.5,78.8,100.4285714,99.16666667,102.5,114.541903209541,153.1428571,144,160.5,165,21.021666667,40.108,56.405,57.105,131.88
9826,2087.15305530164,77,73,76.54545455,111.8571429,101,106,120.970230840588,154,153.2,161,165,21.38833333377,40.416,55.121667,57.82,141
9827,2100.93445242473,69.25,60,84.29411765,103.7142857,106.6,111,127,152.7142857,156.2,154.3333333,161.6666667,19.523333334,39.845,52.976667,57.48,131.88
9828,1788.05616281311,82.25,78.75,128.4117647,118.7142857,117,121,134.280992064444,161,158.2,163.3333333,167,25.9783333342,66.796,70.7125,73.81,145.75
9830,1919.25190537154,61.5,51.25,68.17647059,95.28571429,95.4,106,123,145.3333333,143.2,149.1428571,156.5,18.398333334,43.956,55.304167,56.44,127.5
9831,1938.39098602885,86.25,88.25,167.4,104.3333333,101.25,104.8,107,151.7142857,150.75,152.3333333,163.5,22.2750000006,48.385,60.8325,62.795,134.246575027056
9832,1555.72177926138,97,90.33333333,120.5294118,104.8571429,106,107.1428571,118,151.2,147.8333333,157.3333333,159.5,25.108333334,58.928,64.6725,65.82,142.133024731208
9833,1826.1304992835,75.75,65.66666667,99.6207873001551,104.2857143,114.5,109.6666667,125.226341145577,154.2857143,149.5,157,163.5,23.1300000006,52.301,62.0075,62,132.88
9834,2120.77780148353,75,63.75,98.21428571,113.8571429,109.2,134.6666667,151,160.8,153,163.5,167,24.9300000009,57.566,66.0875,63.755,147.63
9835,2037.10646567846,81.75,69.75,82.21428571,110.8333333,109.2,111,119.630624079514,156.4285714,151.1428571,161.1666667,164.6666667,22.0250000003,38.961,56.0225,57.105,131.88
9836,1670.19547418677,109.5,128.5,201.4615385,125.2857143,122,136.5,133.656463593323,164.4285714,162.75,167,165,30.5866666677,118.135,90.465,86.16,162.511829549408
9837,1615.8621432915,76.3333333333,64.25,90.5,99.85714286,91,101,112.398979007838,145.5714286,136.6,149.2,162.3333333,21.9850000005,48.771,60.42,60.09,125.75
9838,1697.06295996084,73.5,67,65.05882353,99.57142857,97,98.66666667,111.386040821568,141.1666667,136,148.6666667,161.3333333,19.3966666674,38.384,53.374167,57.87,101.29
9839,1637.20198754234,102.75,115,195.5454545,129.2857143,122,127.374508196987,138.442178571762,166.7142857,165.6,167,166.759107411803,31.2166666671,132.609,97.7825,86.12,163.71
9840,1991.40284099307,100.5,120.5,208.2941176,117.8571429,119.5,121,132.412454906316,162.5,158,163.8333333,165,28.060000001,79.841,81.895,76.38,155.066129993914
9841,2230.03522775007,77.75,68,157.375,110.5714286,105.6666667,119,140,158.7142857,152.6666667,164.2,169,22.7416666674,44.849,61.5325,64.04,131.88
9843,1976.5771873227,62.75,58.66666667,69.09090909,97.5,99,109.5,113.649060503007,149.1428571,139.8,154.75,167,20.4933333339,42.716,57.0075,58.57,131
9844,1841.18517883437,89.25,84.25,155.5714286,114.230671226778,114.914887601379,122.531005310035,133.257221502357,160.802154596577,159.978621687374,164.57581387754,167.120832788745,26.8233333341,66.121,73.04,74.06,148.006191585431
9845,1849.04541003032,77.5,65,74.73333333,100.8333333,100.25,112.1666667,109,152.5714286,151.6,156,156.5,21.3650000006,45.237,57.3575,58.83,127.5
9846,1786.94358557819,116,119.6666667,220,122.25,134,136,138.531625916084,165.4285714,166.8,166.5,166.311528977076,31.8816666673,147.835,98.5525,89.11,161.25
9847,2257.17307585801,60,45,40.33333333,99.66666667,101.4,98,108,152.8571429,138.2,153.2857143,162.8333333,18.2966666671,39.373,51.841667,54.695,133.38
9848,1696.28527437827,85.75,98,113.8333333,116.625,112,123.5,130,159,151.6,161.4,172,25.1016666675,63.5,68.43,68.23,135.38
9849,1724.74656261902,99,99.66666667,187,116.8333333,119,126,124.5,162.4285714,167.6,164.2,167,29.308333334,113.93,85.615,83.83,164.63
9850,1471.54297997693,95.5,83,136.8,120.6666667,124.5,129.75,137.710438478504,160.6666667,165,166.6666667,165.813858974453,30.2266666672,120.285,85.8225,83.7,151.29
9851,1873.36286054679,119.5,144,220,116.912154410898,117.117065195763,125.765591005241,135.149038462453,161.709222494912,160.857202166918,165.184725235079,165.882631499532,30.2350000006,124.829,94.69,85.9,173.5
9852,2039.82979685637,76.25,67.33333333,66.82352941,105.2857143,102,114.2857143,106,156.4285714,149.4,156,167,21.411666667,42.135,56,59.91,136
9853,2249.34641518125,56.75,35.5,27.5,94.66666667,94.16666667,94,128,144.7142857,143.2,147.3333333,154.25,18.03333333384,36.45,51.191667,55.195,110.13
9854,2008.88381160648,58.75,40.66666667,34.5,91.4,86.5,99.75,103,142.1428571,123.4,142.4,158.3333333,17.76666666733,39.693,51.594167,54.445,133.25
9855,1896.07942282083,73,61.66666667,74.92857143,100.7142857,102.3333333,96.5,104.5,153,154.5,151.2857143,163,20.8866666669,45.707,58.9725,57.755,126.63
9856,2216.20289191437,75.25,63.5,64,108.877517672025,110.377571333097,111.880634446631,119.3862828099,157.185143016638,154.713454837477,160.893373318957,164.486158217982,19.6416666674,41.375,53.691667,56.555,135.253855719507
9857,2091.85014020744,65.75,66.5,80.5,109.560211172641,109.903662579836,114.338507743201,119.576420239082,156.596911586298,155.336555315677,161.001001138692,165.570521124134,22.2666666672,45.14,58.2375,59.83,135.63
9858,1872.86306732668,120.75,123.5,220,116.529537004348,116.255244571185,124.076869976999,133.723025419692,160.896565647066,161.368371051661,164.476646604349,165.705369843903,30.1183333339,127.589,93.6125,85.13,172.5
9859,2035.20572149418,76.25,83,132.2,108.528034663289,109.217770810434,111.619882358971,115.444415504381,155.914601523625,152.362480163352,159.892776105786,164.181678950389,20.8116666671,38.562,56.915,60.285,138.63
9860,1951.65022760743,80.75,64.33333333,113.2777778,112.302954369682,113.040755448311,120.827995314619,131.419437049809,159.299880312276,158.503322434601,163.20720928356,166.647096537313,25.9883333339,58.954,69.4,69.925,154.63
9861,1675.6942484149,107.5,114.5,174.3846154,115.689136038493,114.635896159649,122.515716900986,132.612840007281,160.770413256146,159.911790192722,163.713876385574,167.223106880366,28.3183333343,81.419,80.6075,77.53,154.852504953554
9862,2222.05745948086,67.5,53.75,56,106.603346287927,105.382328831229,106.638103830444,111.398422420966,155.53263114033,150.45546984427,156.828041347135,162.956428893547,18.433333334,38.492,53.4525,55.325,129.25
9864,2308.31156512104,63.25,57.25,62.6,108.476658140132,108.978599143887,112.971840033636,119.924526642896,156.620958579545,154.024635916771,160.263419192707,165.140939134889,19.49000000047,36.507,49.876667,55.9,122.25
9866,1901.86755561683,104.75,118,220,125.2,133.75,127.515766432614,151,164.2857143,167,166.6,166.530396864229,31.4283333339,150.751,98.185,87.49,170.5
9867,1775.03807730586,101.75,101.6666667,201.4285714,119.4285714,118.2,131.5,136.740215368062,163.8571429,151,166.5,167,29.4233333343,107.636,84.5225,82.56,155.25
9868,1964.77641527586,70.25,68.66666667,91.41666667,106.6666667,101.25,107.3333333,107.5,154.8571429,145.25,160,168.6666667,22.3483333339,46.589,59.105,63.19,146
9869,1842.75876083603,86.25,80.75,102.6428571,104,106.5,110,130.5,152.7142857,148.75,157.6,166,22.0600000004,47.519,58.9275,59.595,136.272597430567
9870,1467.65326662536,100.5,111,133.5454545,115.8333333,112.6666667,121,130,159.3333333,158.8,162.3333333,169.6666667,27.9716666673,87.307,80.7875,77.14,151.624151074927
9871,1802.18958358746,105,117.6666667,220,122.6,124.8,127,140.662535714619,160.8571429,166,165.8,165.397585127575,32.0750000007,153.629,99.7325,89.32,157.13
9873,1698.20526419503,66.75,55.66666667,50.86666667,91.66666667,87,93.83333333,133,130.4285714,129,138.375,157,18.71666666726,36.988,53.7475,54.645,96.25
9874,1904.18497707191,68.75,56.25,64,101.2857143,96,99,100,150.5,142.5,147.3333333,161,20.2466666671,42.994,58.065,58.69,139
9875,2500.19253649105,63.75,44.75,37,98.2,97.75,107,105,158.6666667,155.25,154.5,163.5,17.71166666723,35.195,50.1175,53.81,131.5
9876,1688.6713877333,87.25,74.75,152.1538462,117.5714286,122.8,128.6666667,143,164,164.8,166,166,29.6050000005,106.333,83.0175,79.45,152.13
9877,1870.90745933001,124.75,101.517007501687,216.0666667,115.971222992228,115.570285406915,122.58715178337,133.924646632957,160.831731549258,159.095764472211,163.474967799841,165.815686302546,30.0950000007,103.734,89.79,82.95,156.926977025279
9878,1800.12186859684,113.25,116,208.4285714,122.3333333,119.3333333,120,134.816142302203,161.5,154,161,167,28.668333334,103.319,83.0375,80.68,156.787889715128
9879,1562.30909877765,68.5,59.5,86.36363636,94.42857143,85,92.5,85,147,124,135.2,153.5,19.1716666671,39.484,53.069167,57.515,128.637079543461
9880,2192.95717073561,91.5,87.5,220,117,119.25,121,130.471283171401,159.8333333,152.2,164.2,138,25.8900000009,72.988,72.6225,75.165,146.896742861319
9881,1999.49875768923,82,78.5,103.8571429,105.6,114.5,118.544350573864,128.647025794754,159.1666667,154.6,164.2,169,23.6700000007,48.245,60.81,65.99,146.75
9882,1771.01968398989,78.5,70.33333333,81,103.1428571,105.25,107.5,117.643737349014,147.5714286,146.6,154,165.3333333,20.95500000067,49.483,59.1525,61.085,129.25
9883,2451.01972100577,60,41.75,35.44444444,103.3333333,99.66666667,107,113,152.2857143,153.6,158,167,19.75333333397,47.926,58.88,61.135,144
9885,1860.18163092787,116.25,119,220,129,128,126.426669266475,134.897407842158,166.2857143,168.6,166.5,153,30.7600000008,125.447,91.2425,85.57,170
9886,2253.34604466507,85.75,57,57.27777778,113.8571429,113.75,123,134.5,161.7142857,160.4,166.2,167,23.5266666672,51.44,63.3925,66.165,134.63
9887,1793.65782741822,89.3333333333,90.75,134.0625,110.75,115.8,115,131.6666667,160,153.2,157,165.6666667,24.4200000009,56.254,62.72,66.33,141.357431775311
9888,1666.57430242451,86.25,96.66666667,99.13333333,111.7142857,115.7142857,122.3333333,132.692464093419,158.7142857,155.6,162.6666667,167.75,26.3250000006,69.364,70.595,69.63,143
9890,1475.85955687507,96,94.33333333,145.2222222,118.1666667,124.8,126.52129052638,136.430128788498,160.4285714,163.2,165.8,165.974616386572,28.9900000007,103.501,83.045,80.44,147.5
9891,2163.58832703124,83,67.2569092925889,85.38461538,110.5,108,121.5,123,156.3333333,155.4,161.1666667,168,20.23166666713,38.061,53.384167,57.925,132.75
9892,1767.00266425209,88.5,84.5,84.75,113,122,121.300069682701,135,162.5,159.8,164.6666667,164.833449812902,26.2950000007,74.327,71.91,72.04,149
9894,1807.20625721076,88.25,76.66666667,132.8181818,112.5714286,122.6666667,124.25,144,164,166.8,165.6666667,166.564256017385,28.5650000005,82.745,80.04,78.33,164.38
9895,1941.69889339843,75.75,71,104.4444444,105.7142857,102.75,113.5,120.098221793715,153.5,148.6,161,172,20.97833333417,45.996,59.3975,60.58,125.75
9897,1963.93182988861,81,81.5,86.66666667,105,107.3333333,118.5,124.997063491825,157,158.2,161.5,168.6666667,22.7566666669,49.217,56.655,62.65,130
9898,1839.41569511833,97.75,97.25,201.5,125.7142857,122,140,116.5,164.5714286,164,168.4,165,29.6283333342,109.268,90.5375,83.33,159.000188976543
9899,2149.16748557781,70.75,58,73.92857143,106,106.5,122.25,126,159.7142857,164,159.4,165.479223968259,24.30666666737,55.338,65.2425,66.585,150
9900,1757.79907990052,53,50,44.36363636,87.5,84.4,84.57142857,90.33333333,128.5714286,118,132.1428571,169.5,17.35833333389,36.446,50.761667,54.78,119.044654736652
9901,1714.40455883261,117,102.5,201.964623465714,132.4,133.5,130.009015514007,138.652162879455,170.2,171.5,165.722801868616,167,32.7866666672,153.263,107.3175,91,178
9902,1912.36145491845,98,110.3333333,189,112.4285714,109,123,137,161,161.6,162,166.478157512784,26.5216666674,72.747,78.42,73.95,146.807068329673
9903,1795.61846146823,108,108.75,211.5333333,127.5,122,130.163768756559,134.818201341352,164.5714286,167,168,166.88330675416,32.0033333338,154.835,100.38,90,169.38
9904,1408.94184015177,107.5,114.6666667,156.4,118.6666667,122.75,129.75,134,163.4285714,163,166,165.760965324414,28.858333334,109.995,88.39,83.88,153.75
9905,2042.13537577444,89.75,95,220,118.4285714,125.75,135,135.489622863359,164,165.4,165.6666667,163.225722848265,30.3383333342,112.462,88.64,83.03,154.63
9906,1931.290803383,88,80,97.5694777828233,99.71428571,111.4,109,121.704893167886,148.2857143,158.5,159.4,164.25,22.3633333338,40.549,55.2175,59.69,136.085049536196
9908,2567.03657211188,65.25,46.5,71.821110755335,109.195320881519,111.340252929233,118.000012958581,125.130651478068,158.829421335632,159.888984986094,162.912066935038,166.644120252121,17.87833333393,34.709,47.631667,55.91,136.624789940577
9909,2174.58859684485,87,57,100.911413104435,111.456672253218,113.222267305036,120.724303001893,130.229137988108,160.283544077374,160.327384552109,164.024145967016,166.734030263065,22.1966666678,44.648,59.01,63.79,140.890378217464
9910,2357.35621308281,70,43.5,93.8019802382865,112.4285714,117.25,121.75,128.625171717822,158,161.6,162.3333333,165,22.0583333343,41.212,54.775,60.12,134.453647741273
9911,2573.73482025629,66,44.5,78.7443141514023,110.286226352783,112.246376757263,120.45708128197,129.624962986636,159.46768400001,160.411496901337,163.487315585169,167.1852430575,18.5333333338,34.784,49.575,59.13,139.298986803322
9912,2056.81478832508,80.1750621455258,78.3863311185436,101.216137621183,112.078224289953,112.646743977204,120.059541625589,129.811028861644,160.337161047714,160.243516944128,164.061963305985,167.367916436831,22.6833333339,46.051,60.735,63.84,140.597346817942
9914,2304.0166518772,74.75,55.25,91.2322676522795,111.259829331753,112.462206122177,118.986000001986,130.132553355768,159.345551097831,159.427710555613,163.20745305944,167.254582927776,20.9800000006,40.473,52.65,62.88,139.169449303322
9915,2007.67772229962,84.25,75.5,111.439320877846,108.2,113.75,114.25,130.388458152714,163.4285714,157.6,166.3333333,166.342421312885,23.5216666675,50.2,62.38,65.99,143.384693017747
9917,2362.11471199794,75.25,54.25,88.5933303705737,110.857697994815,112.426947537637,120.506946778516,130.751182322911,159.417077057197,160.326366545004,163.678492882924,167.119229170122,20.5583333339,38.661,51.6825,61.1,138.563854858878
9918,1826.76601632826,81.25,90,136.762125497904,113,98,125,130.415562531005,160.375,161,163.2,168.3333333,26.3583333338,65.803,70.6875,71.18,147.982812413353
9920,2450.18582421058,64,48.66666667,68.1612666351717,109.3333333,109.75,117,123,157.75,158.2,159.8,164.6666667,18.598333334,35.671,49.389167,57.23,134.764269549163
9921,2532.16244992677,64.5,48.25,76.981713122815,110.345929589006,112.31723390012,118.744744224058,128.525990764052,159.432654698559,159.845314129489,163.128416775236,167.018108678577,18.3283333338,36.318,49.749167,57.55,138.112067358878
9924,2262.0050659761,66.5,57,106.987239703053,111.1666667,119,130,134,159.1428571,164.6,163.6,167,23.0300000012,48.905,60.605,64.74,141.172053191009
9925,1827.94625537223,92.5,79,118.178345330022,110.8571429,111.5,108,129.171945627926,160.2857143,160.4,162.8571429,167,24.2966666675,61.264,64.9775,68.29,143.34730612466
9926,2602.64601559373,67,44.33333333,91.9234686077801,110.762190058988,111.835137963078,118.926311910462,127.063345237012,159.575992430515,159.675389382244,162.594854753287,167.051000002217,17.00333333383,32.58,46.409167,56.245,141.33
9927,1949.58710019176,87.75,73.25,93.1001259251129,110,113.6,118,128.404952165032,157.8333333,149.3333333,154.2,167,21.9050000005,43.715,55.6225,61.19,135.76897959572
9928,1849.81248131324,83.5,77,90.5882155568061,106,102.6,113.1428571,117.705803884978,151.5555556,149.5,151.7142857,161,20.63000000033,37.782,55.1075,57.325,128.609227440476
9929,1944.50846814254,85.25,88,112.818170840015,112.810833332769,113.171142778373,121.621073452043,129.397625000655,160.490646861751,160.558116692188,164.413482305085,167.10389639654,24.7066666673,50.488,61.055,66.29,142.924233762387
9930,2222.133066991,75.75,68.66666667,83.6754212017,109.665406675162,110.18458154479,116.630767789613,121.908527381843,158.969305081987,158.415048552686,162.077722777058,165.163258024279,19.048333334,37.533,54.48,57.045,135.423752103276
9932,2179.5973377544,81.5,76,90.8684599738077,110.449166129662,111.765739429332,118.17702576642,126.579735353374,160.092500635018,160.051302131043,163.514232801522,166.912541490859,20.6966666672,39.673,53.5275,60.67,137.776039179053
9933,2213.18793844165,76.75,49,91.3366220627384,104.8571429,104.75,100.1428571,107.3333333,152.2857143,156,155.75,163.2,16.94833333379,32.825,46.434167,55.185,128.879142295322
9935,2141.47148265284,79.25,73.75,92.6995791366598,112,111,116,128.973185606317,161.7142857,160.6,162.75,167,22.0016666671,42.928,55.5825,62.51,137.81857459572
9937,2401.78202924683,67,47.75,73.2044380897217,109.5714286,123.5,111.4,109,159.4285714,157.1666667,160.4285714,163,19.4533333338,35.521,48.819167,57.88,134.730714764792
9938,2148.66298012053,67.25,74,76.6879639151967,102.6666667,105.2,107.5,119.734423034312,151.3333333,156,153.4285714,163.5,17.78000000046,33.853,47.681667,56.285,133.000270694444
9939,2315.36119504099,75.25,60.75,88.4981121859087,111.165547494407,112.533336672085,120.228155472162,127.743359812344,159.292273938004,160.193983511267,163.580664833324,166.6106504664,19.9366666673,37.901,52.4425,60.88,138.753200737014
9941,2413.36222013684,70,42.5,52.66666667,104.4285714,101,99.8,115,154.4285714,151.5,156.2,162.5,16.33333333,33.7,54.04,57.185,144
9942,1691.85473926913,65.6666666667,110.6666667,164.053582700883,115.714330748303,115.480805714887,126.097421804706,128.13618228411,159.737225784363,159.623361822503,163.223429518132,166.973173515616,29.8900000007,93.5929999999999,87.585,79.81,159.38
9943,1946.20525268684,74,61.5,55.23529412,100.452497747306,100.430762431626,101.470027820091,109.377940180186,147.055818097286,139.948579084436,149.810788340583,160.518590804028,17.75333333399,35.322,53.6,55.095,125.75
9944,1634.07414802606,75.75,68,69.72222222,92.625,92.33333333,95.83333333,108.111421986213,146.5,142.5,146.6666667,157.6666667,19.92666666726,43.908,57.49,58.075,107.38
9945,1579.77088863171,113.5,110,193.372913199568,118.829546592711,118.619835624184,129.721879466091,133.359984126909,162.819854127961,164.476128394388,165.674283177883,167.839170692983,32.4083333339,143.115,104.685,90.35,174.5
9946,1917.67271963086,61.5,54.5,59.52941176,100.353282142225,99.6782013705581,100.438051399898,107.521454069314,144.678464366431,139.110447070831,146.826660422873,160.225207288653,17.93666666726,34.993,52.0725,53.36,114.25
9947,1507.83289494943,104.5,125,189.5,120.8,115.6666667,119.75,129.3333333,162.1428571,161,163.8333333,166.3333333,30.0183333339,113.493,97.8025,83.92,146.63
9948,1989.51421439929,105,100.41835792826,220,115.828636029424,115.974815568556,124.574886206164,136.087839646276,160.779020441645,160.960294360916,163.671054745236,165.611398644173,29.2233333343,104.449,83.9,81.98,151.38
9949,2243.99132604343,76.75,61.5,69.875,109.714020826696,110.026882816245,112.90076923789,117.416758017271,157.60979711121,155.695430756225,161.731538747482,164.942225060193,19.21500000067,36.848,52.3225,57.36,131.798894721479
9950,1422.70809695977,99,86.25,122.8571429,118.460662293477,117.510824920274,129.62218001262,132.301499999286,161.87507358769,163.314750538915,165.286816185709,167.250735447332,29.8500000004,119.866,89.5325,85.57,157.25
9951,1788.5420378178,98.75,109.6666667,118.955679533478,112.819874448963,113.178597308434,121.268622009608,127.436653861088,160.223422004802,160.607264787258,163.346240409462,166.88563100767,24.868333334,54.569,66.07,67.22,142.785025938313
9952,1844.42165632114,86,104.3333333,110.649041713815,113.210202680356,113.638327959064,120.517650478301,129.683933622439,160.466304471943,160.586799444399,164.25284373998,167.174754589397,24.6183333341,53.882,67.1425,66.53,143.072326991044
9953,1901.6577757469,88,93.25,111.151085439405,112.976574296163,113.794882366243,120.857180757391,127.333228176394,160.272918650401,160.402371963465,163.048697062785,167.289401415325,24.3750000008,52.603,60.94,65.38,143.634369040164
9955,2170.08882606422,80.5,73,93.0697850684598,111.247198193888,112.510063302912,119.467435709717,127.096602813963,160.242335365094,160.487403686731,163.967420879798,167.099539354506,21.6783333338,39.623,56.6125,61.56,137.938885290164
9956,2355.74584772339,72.75,61,79.3679139920217,110.62268089809,111.905845254902,118.151467798938,127.023328065612,158.980669965405,159.809272721776,163.298683862838,166.870083004222,19.22666666713,37.936,50.5975,58.12,135.915403829466
9957,2060.15601098364,83.75,85,99.3924635507795,111.705873992616,111.615497672457,117.796088237841,127.04706204876,159.560352393026,159.382778189769,162.506312726032,167.261298614094,22.3066666671,41.839,55.76,61.94,138.101911679053
9958,2171.33345062183,82,76.5,89.6617773239098,111.018832513163,112.578156564265,119.272793802663,128.124626624296,160.181684560001,160.054985137614,164.080506527153,167.0508560204,20.9783333339,39.449,55.5875,61.05,136.874182373498
9959,2156.21419456805,81.5,78.75,96.0288426365962,111.218347611871,112.816402644501,119.015274412411,127.515791667552,160.215337158125,160.084041020348,164.043500395175,166.968372687039,21.3316666672,39.538,54.9625,62.03,139.470636679053
9960,2199.17152430988,82.5,66.66666667,88.9502398156115,110.253903903975,111.881063535889,117.026201516894,124.275470923141,159.738540001316,159.595303302148,163.495181951586,166.476819011627,20.70833333377,40.969,52.3625,60.25,137.04089327391
9962,2156.76782143134,78,71.75,100.234959433735,111.410982147759,112.751502179874,120.197805812955,128.310235209858,159.830755575665,160.076395319679,163.820916912055,167.310434593343,21.9816666672,40.628,56.6625,62.78,138.068073048101
9963,2234.84718940313,75,66.66666667,88.1859359844462,111.036819509034,112.396138660975,118.882580399643,127.468118145789,159.293475701164,159.588671896309,163.282833975422,166.942804152282,21.5850000005,38.14,54.945,60.82,137.489051525544
9964,2304.65233319062,70,64.5,84.6021212960067,110.432743882092,112.701281186156,118.765906546425,126.617351876052,159.450977670172,160.117717731877,163.538085875806,166.812372687283,20.0866666671,38.628,52.75,60.42,137.087659858878
9965,2422.34210621377,70.5,56,72.8211137971917,108.982042401552,110.920895687527,115.888176458908,121.97170000051,158.781040431932,159.114958227954,162.879376717806,166.180817798529,18.5766666673,34.399,49.931667,56.43,135.117794801688
9966,1702.12615562961,90.5,80,152.596018137092,114.491672641572,114.342033103438,123.258277547497,131.531571790382,161.314407597891,161.268652708844,164.386507645424,167.370906494647,28.2200000008,88.606,76.925,75.96,152.399016082081
9968,2431.47263903921,66.75,57.75,70.933720250635,108.926260267833,111.226594199794,116.419401849736,122.772098808308,158.736888276114,159.038261843198,162.719613169778,166.367825506009,18.4200000005,35.592,50.289167,55.955,135.417434385022
9969,2265.09898667521,68.75,69.25,91.1773892796962,110.683265828369,112.896632701974,118.959393431785,127.18552647868,159.617663365757,159.564329401906,163.826072386752,166.895571795647,20.6533333338,38.744,52.495,60.82,136.267093192211
9970,2098.73392797808,86.5,81.75,95.2923789425462,111.702435913585,112.784699451225,119.083230924555,127.519441522931,160.172004122058,160.095444661872,163.753912975431,167.182372688817,21.878333334,41.012,56.04,62.24,138.249588623498
9971,2394.75252662174,70.5,61,72.7527932182417,109.742864251081,111.833366638144,117.535797360862,124.224591956112,159.256378914823,159.9392991156,163.463780592463,165.908954628082,18.92666666723,36.142,50.581667,57.895,136.515319801688
9972,2463.03938985388,63,58.75,70.073672995075,109.249042142893,111.021792756533,117.000952236133,123.622477779293,158.608744952517,159.264505220484,163.047411346866,166.075985852474,18.37666666723,33.449,50.161667,56.365,134.083144801688
9973,1788.61926141385,94.25,110,124.166808871765,113.509496597675,114.475474066341,123.28277588832,127.233708334141,160.797842852715,161.003530712518,164.630591754342,166.490975278203,25.1550000008,55.855,68.1025,67.91,142.912571950217
9974,1867.46646671896,94,93.5,114.849095329315,113.306849878828,113.931006421906,121.510645278365,126.263791668738,160.633366172189,160.693824991097,164.322317955289,166.814327009538,24.3133333342,54.321,60.96,66.16,141.189877815417
9975,2078.88891303515,79.25,82.33333333,94.2295515157462,111.524723776838,112.306594332784,118.734554158056,127.31504509478,160.055332963763,159.698012483027,163.455471888888,166.787967682319,22.5500000005,43.635,55.5725,62.72,137.802719179053
9976,2175.73646810256,79,72.5,88.7897852128501,111.018809572166,112.595579772488,118.670055584189,128.151548845185,159.622471211318,159.515412784057,163.74410956107,166.868159954848,21.0100000004,40.853,55.59,60.86,137.130260037639
9978,1983.93414254433,80.25,94.5,106.633061446048,112.695861376784,113.576849772184,119.781518103063,126.853033731155,160.300981459782,160.048042766112,163.98942315405,166.719097633255,23.3866666675,45.773,59.13,65.54,139.861744317942
9979,2186.60354728602,82.5,68.5,98.0070502943462,111.190193433838,112.899377463042,119.583810563923,128.450124098747,159.817841470423,160.259477905876,163.913828918014,167.008079036162,21.7216666672,39.338,54.9775,61.78,137.564069442211
9980,2388.70717775382,68.5,60.5,71.3629900246966,109.236997407888,110.811694199835,116.116448806701,121.316360714143,158.664559611549,158.889853182564,161.809755515344,165.726127216605,17.98333333389,34.759,51.6075,54.695,133.400708690577
9981,2380.24097768063,69.25,55.5,81.9209442917878,110.717820921819,112.39137761225,117.987183508568,126.076400396619,159.19491994482,158.982723448796,162.437608417528,166.906802991374,19.90500000043,37.205,51.15,57.98,136.709213412799
9982,2046.20505216334,85.5,79.25,98.1930015724195,111.951007171107,112.082642097595,118.98385704468,128.395841271717,160.187449096114,160.041227628105,162.847069821752,166.852731076393,22.7066666671,46.135,55.95,62.57,138.592569179053
9983,2447.98700642886,63,58.5,73.7660432864667,110.254648284039,111.753527532101,117.725856191867,123.91365238226,158.75659412948,158.730198581494,162.314515569185,166.310094658213,18.39000000053,34.392,49.8,55.975,134.736089940577
9984,2451.81683144466,65.75,56,80.2838740228287,110.093805587526,112.28829364106,118.902501642903,128.367101875164,159.595336977133,159.721300835346,163.541085281485,167.031317011882,18.9300000003,36.628,49.915,59.18,138.614924303322
9985,2271.19572318002,71,63.5,87.249715722,110.84158512778,112.419495804806,118.726932055197,128.796415368338,159.423610621481,160.052617338047,163.641558663913,166.922173844208,20.5050000005,39.741,55.0975,62.16,137.740189625903
9986,1684.13806116995,89.3333333333,86,152.876950639013,113.963431200521,114.707671574074,122.670434303934,131.56151226624,160.825088142311,161.17132648441,165.064851190707,167.313308820642,28.0516666673,85.498,78.5425,76.6,152.706150323925
9987,1719.8216041013,91,82.25,140.846651959846,113.819164092839,114.547755966099,122.763354564076,130.884153500672,161.344596751996,161.620883657121,164.839683892435,167.231442749213,27.0466666674,77.477,74.5025,74.2,149.595307607551
9988,1610.66591031259,95.5,112.3333333,182.235180357976,116.546625655076,117.065501827993,126.912593177241,130.446097222667,161.941451458084,162.969897050726,165.599884935965,166.235026164993,28.35500000073,112.989,89.8175,82.27,156.401899725391
9990,2085.67087541919,83.75,75,102.89543579087,112.100012651841,112.429645665709,119.728295048497,128.164013890657,160.34983393414,160.435843573727,163.942776004054,167.475678474114,22.648333334,43.042,59.6775,63.41,140.047211679053
9991,1855.81126196332,90.5,92.75,113.603190001218,114.167174512491,113.889979385049,120.904080094887,127.839762448684,160.624483656241,160.494429106549,163.344366648982,166.668386521289,24.7066666674,52.833,65.2725,66.93,143.603898998948
9993,1608.85478216919,97.75,119.6666667,179.639720490489,117.166002037327,118.875191849799,126.35964345126,133.848840048643,162.412585786141,163.35545372513,165.962576952882,167.318852924219,29.7633333338,101.375,88.775,83.69,160.02363341318
9995,2529.16546175612,64.25,41.75,100.593860828119,111.105732123652,113.069981684684,122.767347972807,128.820465368215,159.984919828417,161.798853143712,164.047058742195,167.837136243897,18.78833333367,44.186,48.9175,60.27,141.957129755826
9996,2612.5866849154,61.3333333333,38.25,91.0761104349991,109.766534271787,111.166333334167,118.950135306724,126.19379491227,158.997298250936,159.828892086556,162.985728599646,166.878476987736,17.15666666703,36.071,47.009167,55.25,135.717913537188
9997,2323.46685081486,70.25,51.5,111.208545472074,110.886061362707,112.922805159005,122.045284279655,129.214338563819,159.586171990718,161.361059008267,164.060493078232,167.422853143977,22.1816666673,46.437,53.69,61.435,142.578240543032
9998,2559.2946067406,68,46.25,92.9645505485195,109.79781268545,112.11539636808,120.934312615862,127.288203463406,158.841208514225,160.611135724963,163.367795451609,167.037765875086,17.5983333337,32.601,47.591667,57.445,138.642190399481
9999,2498.13917240534,72,54.25,90.8424060895217,110.829078014404,112.503479996088,119.375409823235,125.037011904048,159.272937812549,160.243266849165,162.472540989454,167.726883023245,17.58500000063,32.254,47.0775,57.08,140.381432110951
10001,2403.34123504881,68.75,49.5,75.1576667887189,109.825428756489,111.079003020915,116.195800653269,122.100096163541,158.031507881613,157.638114629162,161.816865084561,165.398477195212,18.89166666753,34.718,50.515,56.755,131.590010553322
10002,2540.18247673874,61,42.5,59.2415107734497,106.594284261146,107.791340739925,113.673440520308,118.916332455996,156.81445066521,155.968958236856,160.255033923828,164.77243120276,16.25666666723,31.894,48.065,53.615,125.503299280303
10004,2195.62334815931,81.75,79,87.4493678246203,110.818482483141,112.385830191034,118.733245579789,125.637437591047,159.703694299991,159.7325139738,163.9301295437,166.736909724378,20.5016666671,39.147,51.79,59.74,137.859721426528
10005,2203.87272412156,76.6666666667,67.25,100.22441916837,111.416121214004,112.846311524593,120.118277042487,128.33366139983,159.399556499227,159.869042321783,163.478167580048,167.105393931061,21.518333334,39.634,55.44,62.22,139.030294883388
10006,1514.211148066,113.5,131.5,196.611410781834,120.8,120.25,134.5,135,165.1666667,164.25,165.8,169.5,33.3300000005,161.659,113.18,93.63,165.32653734042
10008,2191.51794974331,79.25,73,90.3673971835462,111.765590389863,112.644093216334,119.376813925754,128.198882034561,160.046830382239,160.226044625735,163.656090182428,167.180452131428,21.2066666673,40.009,55.24,61.65,138.696506540164
10009,2033.44751098681,80.75,77.75,110.833566072788,112.186323453328,111.993453377506,120.704989761799,129.259685607152,160.028127018611,160.483909409055,164.098640381631,167.233336947367,23.7816666673,46.307,61.3275,65.1,142.010497929053
10010,2036.87371217933,85,75.25,103.800470183434,112.40325112445,113.01272019535,120.108457765833,129.571359128627,160.588984703108,160.610071645995,164.550346952809,167.225495780072,22.4550000009,49.223,59.3375,64.82,140.143387929053
10011,2274.76215660661,71,65.25,94.4105145106811,111.70618341447,112.803042095301,122.657358491777,126.707399891233,159.95495650592,159.617851610331,163.847185780231,165.677993897242,20.65833333383,39.765,53.1575,61.01,140.392439588876
10012,1655.66367627064,113.5,105.6666667,188.450154549146,115.89112388219,115.875649984009,125.917822656265,132.25378174581,161.670584189841,161.838196814167,164.938260815365,167.246828575271,29.7700000007,103.21,84.3525,82.67,156.946379426435
10013,1854.8233602338,92.25,100,124.555022906368,111.963385863261,113.050134372357,120.766997389583,120.478748595017,159.611436800234,159.870665443432,163.261499935297,166.081354480951,22.9750000007,54.11,60.9225,64.45,139.281861739766
10014,1563.52779715544,96.75,132,181.364250313148,123.5714286,124,127,107,162.5,162.4,166.2,168,30.583333334,113.226,91.0125,84.12,155.091095997926
10015,2509.04196306096,69.75,51.25,89.5827095385691,108.144021647533,110.453913940029,117.036939138112,125.781642856143,158.3791200427,159.170151995165,162.371178572667,166.923669447579,11.66666667,36.073,47.094167,56.225,134.978949333173
10017,1969.2155166011,87.5,76.5,116.253395654188,112.237068839232,113.477750483994,121.216073567248,131.564018939477,160.230695112388,160.119104811645,164.104156481745,167.146454115605,24.718333334,50.881,62.07,66.53,142.865944613616
10018,1740.02470482061,90,81.33333333,140.245770541703,113.936932347243,114.81110748133,123.038296320636,130.823240802468,160.788423461939,161.680788779981,165.228122731832,167.051150421217,27.1783333343,73.305,74.8325,74.34,149.154495637854
10020,2264.92960322156,72.5,48,68.4354967290867,106.1666667,103.6,111.8333333,123.6666667,151.6666667,154.5,155.5714286,162.3333333,18.97666666713,34.184,50.4475,55.76,131.689584146926
10022,2481.17231455863,73.5,45.25,82.3141685381502,110.745442077277,112.447178489078,120.384968207849,129.176371717058,159.60878941141,160.325558012837,163.732153115928,166.920291882521,19.8200000004,37.239,49.0175,59.95,137.595011803322
10023,1764.24361149326,96.25,90,127.795463479861,113.9543386418,114.302766901064,123.429150686712,130.277810968163,161.04564394602,161.318502043175,164.582351593037,166.724326698448,26.1566666672,62.758,69.355,71.04,146.507748819174
10027,2056.81478832508,80.1750621455258,78.3863311185436,101.216137621183,112.078224289953,112.646743977204,120.059541625589,129.811028861644,160.337161047714,160.243516944128,164.061963305985,167.367916436831,22.6833333339,46.051,60.735,63.84,140.597346817942
14312,2056.81478832508,80.1750621455258,78.3863311185436,101.216137621183,112.078224289953,112.646743977204,120.059541625589,129.811028861644,160.337161047714,160.243516944128,164.061963305985,167.367916436831,22.6833333339,46.051,60.735,63.84,140.597346817942
14313,2056.81478832508,80.1750621455258,78.3863311185436,101.216137621183,112.078224289953,112.646743977204,120.059541625589,129.811028861644,160.337161047714,160.243516944128,164.061963305985,167.367916436831,22.6833333339,46.051,60.735,63.84,140.597346817942
14314,2056.81478832508,80.1750621455258,78.3863311185436,101.216137621183,112.078224289953,112.646743977204,120.059541625589,129.811028861644,160.337161047714,160.243516944128,164.061963305985,167.367916436831,22.6833333339,46.051,60.735,63.84,140.597346817942
14315,2056.81478832508,80.1750621455258,78.3863311185436,101.216137621183,112.078224289953,112.646743977204,120.059541625589,129.811028861644,160.337161047714,160.243516944128,164.061963305985,167.367916436831,22.6833333339,46.051,60.735,63.84,140.597346817942
14318,2056.81478832508,80.1750621455258,78.3863311185436,101.216137621183,112.078224289953,112.646743977204,120.059541625589,129.811028861644,160.337161047714,160.243516944128,164.061963305985,167.367916436831,22.6833333339,46.051,60.735,63.84,140.597346817942
14319,2056.81478832508,80.1750621455258,78.3863311185436,101.216137621183,112.078224289953,112.646743977204,120.059541625589,129.811028861644,160.337161047714,160.243516944128,164.061963305985,167.367916436831,22.6833333339,46.051,60.735,63.84,140.597346817942
15560,2056.81478832508,80.1750621455258,78.3863311185436,101.216137621183,112.078224289953,112.646743977204,120.059541625589,129.811028861644,160.337161047714,160.243516944128,164.061963305985,167.367916436831,22.6833333339,46.051,60.735,63.84,140.597346817942
15591,2056.81478832508,80.1750621455258,78.3863311185436,101.216137621183,112.078224289953,112.646743977204,120.059541625589,129.811028861644,160.337161047714,160.243516944128,164.061963305985,167.367916436831,22.6833333339,46.051,60.735,63.84,140.597346817942
15592,2056.81478832508,80.1750621455258,78.3863311185436,101.216137621183,112.078224289953,112.646743977204,120.059541625589,129.811028861644,160.337161047714,160.243516944128,164.061963305985,167.367916436831,22.6833333339,46.051,60.735,63.84,140.597346817942
15593,2056.81478832508,80.1750621455258,78.3863311185436,101.216137621183,112.078224289953,112.646743977204,120.059541625589,129.811028861644,160.337161047714,160.243516944128,164.061963305985,167.367916436831,22.6833333339,46.051,60.735,63.84,140.597346817942
18694,2056.81478832508,80.1750621455258,78.3863311185436,101.216137621183,112.078224289953,112.646743977204,120.059541625589,129.811028861644,160.337161047714,160.243516944128,164.061963305985,167.367916436831,22.6833333339,46.051,60.735,63.84,140.597346817942
18696,2056.81478832508,80.1750621455258,78.3863311185436,101.216137621183,112.078224289953,112.646743977204,120.059541625589,129.811028861644,160.337161047714,160.243516944128,164.061963305985,167.367916436831,22.6833333339,46.051,60.735,63.84,140.597346817942
19949,2056.81478832508,80.1750621455258,78.3863311185436,101.216137621183,112.078224289953,112.646743977204,120.059541625589,129.811028861644,160.337161047714,160.243516944128,164.061963305985,167.367916436831,22.6833333339,46.051,60.735,63.84,140.597346817942
19950,2056.81478832508,80.1750621455258,78.3863311185436,101.216137621183,112.078224289953,112.646743977204,120.059541625589,129.811028861644,160.337161047714,160.243516944128,164.061963305985,167.367916436831,22.6833333339,46.051,60.735,63.84,140.597346817942
19951,2056.81478832508,80.1750621455258,78.3863311185436,101.216137621183,112.078224289953,112.646743977204,120.059541625589,129.811028861644,160.337161047714,160.243516944128,164.061963305985,167.367916436831,22.6833333339,46.051,60.735,63.84,140.597346817942
