id,FT_variance,FT_Manzano.Piedras_2014,FT16_1001GC_2016,FT10_1001GC_2016,FT_Vidigal_2016,FT_Kooke_2016,FT_Aranzana_2005,FT10_Atwell_2010,FT16_Atwell_2010,FT_mhi,FT_mhp,FT_mli,FT_mlp,FT_thi,FT_thp,FT_tli,FT_tlp
159,0.272309422327559,-0.641547302149328,-0.681586885467094,-0.557664852129979,-0.517401520510598,0.0632497749850611,0.539718636134058,0.54629963625873,0.216467797293292,0.455660546204158,0.00390574793788295,0.32542840005083,-0.835446254158004,-0.765437850712108,-0.819206639722642,-0.677965531126664,-0.135235684103065
265,0.287818509607998,-1.126571909701,-1.05043355475407,-1.26509651288934,-1.20941226170191,-1.3649067501035,-0.596058336097218,-1.1180919206594,-0.180290399991335,-0.262133419370207,-0.288535943192425,0.562955951443468,-1.17030557816683,-0.919414574944705,-0.912395743699199,-0.968575733247236,-1.37387810232262
403,0.208961215456078,-1.126571909701,-0.778651798437351,-0.635920181849462,-0.676539882781794,-1.02800829070447,-1.12869857135051,-1.22211639296679,0.13831845922939,0.121572106644878,-0.493681614546335,0.206664624354511,-0.791399373852443,-0.751814349883663,-0.805909230179382,-0.724279322462181,-0.239324145669377
763,0.515298100805421,-0.998183042996145,-1.37074776755591,-0.99109647887453,-0.264226857864143,-0.740912206834038,-0.79971489663524,-0.385024164272925,0.685363838300841,0.61774305455966,0.475304301870298,0.919247278532426,-1.089166588104,-0.806375135064247,-0.759046585256764,-0.911302189763619,-0.64958832253285
765,0.417036674204079,-1.51173850981556,-1.46134168619873,-1.03212484836453,-0.11232206027627,0.107193052680094,-1.0973667928062,-1.67288910907277,0.162364411345073,0.0527697397204828,0.288241387384406,-0.102121192455921,-0.907312216820543,-0.805106279594931,-0.736205067251003,-0.983424429705951,-0.900398769004502
766,0.0470309279262787,-1.126571909701,-1.26397636328863,-1.25655440243098,-1.16842207870806,-1.40885002779853,-1.34018807652461,-0.754039111411455,-0.775427683294147,-1.33650890332668,-1.40156030664396,-1.33726445969764,-1.21847380400321,-0.897153952676005,-0.910930154693184,-1.08170865864697,-1.28428087911454
768,0.117452387797189,-0.38476956873962,0.153171366077111,-0.782462188714055,-0.659179331592613,-0.600293718209932,-0.862378453723863,-0.507815019230073,0.0902265549980249,-0.200387698814158,0.00390574793788295,0.0879008486581922,-0.568073963246846,-0.73013250379395,-0.631756060032169,-0.68185447543728,-0.596627396102696
772,0.0632257265706981,-0.898325035559036,-1.19603092420945,-1.00758714389346,-1.14189902508085,-0.508012835050364,-0.93548593438294,-0.82682339819873,-0.144221471817809,-0.694353444738832,-0.871548711235805,-0.941385199458986,-0.992830136462152,-0.836360193260186,-0.723229369228951,-0.996151883813421,-0.897969815768158
801,0.0891775507125801,0.656606794533085,0.541431017958137,0.982165792728767,0.712303979432046,1.26290125605945,0.245983212281142,0.130201747029197,0.595191524179095,0.571433766458088,0.306947673595235,0.230417379493774,0.634843762118369,0.3422507133784,0.49712966788637,0.800893928083007,0.822358530067669
915,0.381641644865931,-1.11230648006713,-1.19603092420945,-0.963317357221523,-0.387197406845709,0.0266303739763159,-0.106499296342358,0.657259070612619,0.496001974857939,-0.748380944436713,0.456598015659473,0.32542840005083,-0.833127997346182,-0.807376863066338,-0.798080916496656,-0.802411749066374,-0.548972327080983
932,0.247829422850098,-0.299176990936384,-0.215675303209863,-0.405490388348729,-0.146078678586802,0.0266303739763159,0.0305772347890035,0.185681468367121,0.474961763600686,0.238006892126771,0.126120183481484,1.51306615701402,-0.271079501278261,-0.595589302801927,-0.39980205324127,-0.38205222312798,-0.211865483653771
1552,0.335330312332721,1.18442769098637,1.59296757384172,1.10682399412926,0.205954654139136,0.454344946470852,-0.439399443375663,0.504689847335777,0.649294910127318,0.478815190254944,0.370549067663093,0.0879008486581922,0.956308713058536,1.54036192512437,1.34880730169743,1.20463705560331,1.26256055747509
1890,0.231512096798811,1.0132425353799,0.0561064531068545,-0.15778535976464,-0.129200374495028,-0.653025651443972,-0.687442692795773,-0.896173043629667,0.369760732562672,0.293578037848657,0.475304301870298,0.0285189608100327,0.0807803729806683,-0.457083711046076,-0.186507314680428,-0.229322773838337,-0.233034754862797
1954,0.0943601293690131,0.556748787095977,1.03646207410644,1.05522285742485,0.680958545973627,0.846904896809362,1.51883671564378,0.54629963625873,0.811605080596108,0.515862620736203,0.737192387388307,0.350802121937854,0.626343486987137,0.203923206600699,0.56125749778048,0.772610696733073,0.746205877665646
2317,0.116864370403539,-0.356238709471875,-0.807771272328428,-1.08127420080924,-0.285927541787127,-0.371788674195763,-0.458981804965857,-0.285896142200336,-0.126187001418988,-0.336228280332723,0.157297344625402,-0.149626702734446,-0.869962522996766,-0.835848198948005,-0.779528885440334,-0.845190136483149,-0.648340349203223
4958,0.143691479567272,0.456890779658868,1.00734260021537,0.809000778351385,1.2041861854853,1.10470545635734,1.20551893020067,0.712738791950544,0.991949708839599,-0.150991127926435,0.693544377500108,0.32542840005083,0.474884038918893,0.165902063765759,0.582168746658993,0.564375405919185,0.593099823640548
5151,0.0946972247794462,-0.0851955464282939,-0.0247809742389393,0.594536410112197,0.799106725250968,1.0519735231233,0.539718636134058,0.649313223195473,0.793570622821411,0.719623488383118,0.684814770284704,0.305305785220533,0.369016975728334,0.146090109946616,0.407908339338045,0.431797758966369,0.616786269285775
5165,0.056098091660195,0.185847616615287,0.28906224423547,0.426727866551314,0.480830010835562,0.282966163460225,0.265565573871337,0.712738791950544,0.865708466544331,0.627004912179974,0.671720366008805,0.700145078807283,0.285044560570756,0.0210521946633288,0.42345772952976,0.408464093102674,0.743412865052235
5349,0.0345219485978554,0.499687068560486,0.894100201620649,1.00731971415842,0.582099875894143,0.678455662715519,0.578883359314447,0.567104530720207,0.811605080596108,0.862520716270029,0.649896354517502,0.410165935988978,0.764923730261914,0.406071917422763,0.542169280855477,0.816449705325471,0.917290653525985
5353,0.290845716117564,-0.698609020684819,-0.458337585635505,-0.675707861030523,0.509764249314882,-0.00266514155748796,0.187236127510559,-0.161066775431476,0.234502255067994,-0.002801406001403,0.497128313361601,0.622337839291628,-0.791914542095184,-0.889496298615572,-0.799367762581488,-0.891150387426792,-0.515449022263087
5486,0.934144621870886,-1.29775706530747,-1.42898671533807,-0.217680150915514,-0.297983476174675,0.0559258982987736,1.1532992966825,0.54629963625873,0.432881353710305,0.589957481698716,0.5407763232498,-2.88119354374978,-0.0977254050224868,-0.484887228259683,-0.382429631096043,-0.360132718831782,-0.200086449462677
5577,0.457097949069827,-0.941121324460654,-0.904836185298684,-1.02989159147836,0.107095984059653,-0.310268085422717,-0.165239418867777,1.4617149925637,-0.270462714113077,-0.910463452792215,0.0824721735932849,0.32542840005083,-1.02786157338756,-0.846867206971012,-0.831646151876014,-0.947716850126659,-0.527490740458038
5741,0.832439768987798,0.799261090871812,0.551137509255162,1.4282288578113,1.50799578066104,2.10661218780408,1.91048394744767,-1.78384854342666,1.23766927334264,0.941908071270664,1.19549653704482,0.202959938919,1.20977146285612,1.92640563650816,1.38054950512328,1.46272154167146,1.36912604968154
5768,0.20032387315598,0.742199372336321,0.415246631096803,1.19656914933325,0.782228411032209,1.22774663390343,1.0880247606595,1.04561710333417,1.82153501895825,0.96506271532145,0.344360259111294,0.32542840005083,1.19071023985143,1.73975031878511,1.28693145245178,1.44080203737526,1.27722721216941
5772,0.182306862394598,-0.941121324460654,-0.982488115674889,-0.947197631338757,-0.589737136962873,-1.2623724351888,-0.968123206310912,-0.308290299329632,-0.534968174761455,0.0342460244798525,-0.201239923416027,0.32542840005083,-0.83106732455759,-0.84005545655679,-0.821244146023626,-0.741249261272142,-0.290599825789886
5779,0.160317053146606,0.41409449075725,-0.283620742289043,0.813330869524239,0.538698497921189,0.964086967733231,0.50055391295367,1.12883668118008,0.865708466544331,0.867813210308148,0.562600334741103,1.51306615701402,0.621449389092981,0.212159636840118,0.534340967172751,0.530435528299264,0.80371258192159
5784,0.286923832808504,1.05603882428152,-0.196262320615812,1.2618647462663,1.32233436476264,1.13986007851336,1.33606801007961,1.12883668118008,1.13622542153369,0.50196983430573,0.824488420259112,0.32542840005083,1.14769369588607,1.92086274156325,1.71813212804411,1.51928800437133,1.56885714557668
5800,0.662447023056292,-1.22642991713811,-1.37074776755591,-0.878578149117573,-0.483644902200065,-0.319056740961723,-0.165246381112941,0.837568158719404,0.270571183241516,0.478815190254944,0.475304301870298,1.51306615701402,-0.989223959104527,-0.856127625834791,-0.880260323004697,-0.825038334146321,-0.485663530825045
5811,0.396938869390543,-0.641547302149328,-1.0989660112392,-0.774317561261336,0.292757399958058,0.304937802307741,0.657212805675225,0.54629963625873,0.450915811485003,0.404720329292428,0.5407763232498,0.32542840005083,-0.674971362779153,-0.802857956745792,-0.755614995697213,-0.779078083202678,-0.365495747836606
5856,0.294012608869213,2.04035346901873,1.43109359344492,1.19009951445334,1.82868369005555,1.35957646698853,1.12718948383989,0.795958369796451,1.14824839759153,0.293578037848657,1.39191260118333,0.651976878959071,1.44005164408728,2.07107742063244,2.29195824470527,1.78727162141195,1.69502998883072
6008,0.369319137433082,-0.555954724346092,-1.2154439068035,-0.832533541672323,-0.0544535630636549,-0.178438252337619,-0.80493686233694,-0.369115720046243,0.306640111415038,-0.169514843167063,0.265793833455892,0.375452691933611,-1.79649251354829,-0.831373813871997,-1.22799474600415,-0.65639956722234,-0.289347173575768
6025,0.437259635565469,2.62523608400751,1.15646389711613,1.17061456740392,1.11979463464547,1.20577499505591,0.135016493992393,0.851438091134375,0.811605080596108,0.478815190254944,0.684814770284704,-0.149626702734446,1.0570240943008,1.6997925018128,1.83952460871322,1.33615408138051,1.33702970588077
6040,0.199770390758831,0.571014216729849,0.318181718126547,0.738688859784994,1.3181147836762,1.31563318929349,1.71466033154572,1.71137372610142,0.793570622821411,1.12714522367695,1.04272848279451,0.48353927438783,0.932353392267874,0.987274504236249,0.959643598209602,0.121389294900844,1.02195342039713
6042,0.529423931670045,-1.126571909701,-1.2154439068035,-0.87884388712242,-0.0954437460575113,-0.925473973153174,-0.909376121540329,1.12883668118008,-0.682249615689849,-0.539989147979639,-0.310359954683728,0.180247381583237,-2.10559342797328,-0.782534008614469,-1.48536396297048,-0.939231880721679,-0.481198304390684
6073,0.0849074830732809,1.08456968354927,0.861745230759983,1.37076822055794,1.3922587963628,0.898172051190682,0.98619648039049,0.834975301151368,1.08212202296134,0.941908071270664,0.737192387388307,0.429912371430025,1.13017797746896,1.52805180100978,0.899161832222516,1.37150812056793,1.34664722059463
6074,0.187228341507061,1.0132425353799,0.44436610498788,0.992932523064171,0.630323613444336,0.911355034499193,0.709432439193392,0.718072770753793,0.769524670705728,0.68257605790186,0.737192387388307,0.540838697224597,1.96423527810723,1.72078426861218,1.17411794568154,1.53555086239754,1.04031931279479
6085,0.548519048899286,2.33992749133006,2.08476313418521,1.25078759867892,1.47906153205473,1.0519735231233,1.91048394744767,0.747616061018987,0.955880780666073,1.17345451177852,0.5538707275257,0.38994389988308,3.09760529715035,2.13538835836672,2.17110194990484,1.91631386444603,1.20646613408442
6090,0.0873227774735166,0.656606794533085,1.19176593485885,1.25731706924972,0.967889837057599,0.436767635392839,1.1532992966825,0.712738791950544,0.865708466544331,0.864725927521998,1.13002451566532,0.440068941389591,1.19766501044144,1.39453258864211,1.04672018328321,1.22797072146701,1.22858226192456
6092,0.174334981550668,1.12736597245088,0.589963474443265,1.35301111517231,1.00164645536813,0.753159234797074,1.16635420702028,0.901214216004108,1.10015649336017,0.645528627420605,0.955432463018117,0.785864561948986,1.49826564968883,2.01179738353089,1.66011681705295,1.76535211711576,1.46072610983142
6094,0.171584873078823,1.05603882428152,0.712912364335009,1.18360507549231,0.726771108798693,1.12228276743535,1.20551893020067,1.71137372610142,1.33761026103443,1.23828751512072,0.649896354517502,0.584966837714171,1.50058390646974,1.97640299412366,1.45154051413649,1.80141323708692,1.11886613310656
6097,0.378190706601391,1.78357573560903,0.764680317789726,1.39261961351483,1.89619692667661,2.45815840936434,1.59716616200456,0.130201747029197,1.33460450755188,0.694925198308327,1.39191260118333,0.613553903253083,1.55570690292705,2.07205688801226,1.94922823744512,1.87353547702925,1.4524085674977
6098,0.390640080243827,1.65518686890417,1.19176593485885,1.06619215250878,1.91307524089537,1.16183171736088,1.91048394744767,0.0916079171416771,1.44281129207245,1.25063665552719,0.659933427386971,0.404539028462624,2.42788664974471,1.84869380416813,1.8370581537173,1.84030268019308,0.983331674482227
6099,0.80372908501073,1.92623003194775,1.52825763444994,1.42281080024156,2.20241771683146,2.69984643668702,-1.10519973744227,0.555501369171553,1.48489170196283,1.59023810469267,0.810514753836786,0.77842862987402,1.29812280755229,2.10152995189602,2.36112622176497,1.82439336255874,1.70720499357725
6105,0.233398504163022,0.827791950139557,0.518782538394497,1.3008169061333,1.2331204340916,1.93083907702395,1.14677184543009,0.629519214104637,0.631260452352617,-0.188038558407691,0.671720366008805,0.241498200175721,0.950126694770036,1.0491145128987,0.74130871248317,1.16716177406465,1.08080569658446
6106,0.11153416713172,1.07030425391539,0.793799791680803,1.12311326597391,1.00164645536813,1.0519735231233,1.12718948383989,0.588514900956427,1.04304735392939,1.19660915582931,0.0824721735932849,0.192846082253974,1.04337213726763,1.11184494645189,0.764042993315196,1.09503953412232,0.959670704163138
6107,0.67668824051771,2.04035346901873,1.20147242615588,1.07408048550617,-0.254099871358285,-0.600293718209932,-0.361069997014885,0.10939685256772,0.450915811485003,0.53438633597683,0.431656291982099,-0.149626702734446,1.14486027082687,1.72991112374235,1.53218286878594,1.60060229450239,1.20605597432669
6108,0.24993602856335,-0.256380702034766,-0.836890746219505,0.0455297640786719,0.611034114373464,0.665272679407008,0.670004702540212,0.260033955440303,0.721432766474363,1.01600293223318,0.562600334741103,0.254293847156791,0.0923716572561504,-0.493858259033969,-0.157874989292925,-0.0628052492656012,-0.0672451132290979
6109,0.368705016126547,0.998977105746029,0.958810143730239,1.46423126171249,1.50799578066104,0.722398940410551,1.40134254610261,0.853203752565863,0.991949708839599,0.867813210308148,1.05145809000992,1.51306615701402,2.84002120282653,2.22098045098987,2.26107393866932,1.98313299851025,1.56907698751267
6111,0.310287423706129,1.62665600963643,0.751738329523112,1.42689934661872,1.2331204340916,1.71991134408779,1.87131922426728,0.270352432528833,1.13622542153369,1.07157407795507,0.737192387388307,0.501642063534596,1.48976537446487,2.10506939083675,2.0422028670742,1.91171783935166,1.51000225059659
6112,0.223902522305309,0.642341364899213,0.0949324182949571,0.825833492844781,0.987179336128471,0.964086967733231,1.0880247606595,0.629519214104637,0.83685332905516,1.01600293223318,0.972891664354516,-0.149626702734446,1.03693253483226,1.8005663388232,1.25787017836933,1.40969048289034,1.32834816378154
6114,0.268045632302652,0.784995661237939,0.687028387413521,1.45650355641138,1.59238733150086,0.260994524612708,0.50055391295367,0.471945255140743,1.19032880748191,1.19660915582931,1.03181648359607,0.343454609533562,1.4320665371416,1.95999691551163,1.499261056449,1.62888552585232,1.310141367457
6115,0.14014259637269,0.813526520505685,0.017280487918752,1.17982266477126,0.697836860192386,0.31958556446897,1.22510129179086,0.629519214104637,0.786356832137056,0.756670918864376,0.824488420259112,0.500717642730373,1.08097941523055,1.40595228786596,0.954281739522804,1.24989022576321,1.2193264866501
6122,1.07330613471416,1.04177339464765,0.609376457037316,1.10369343140122,1.21865330472496,0.671131786029231,-0.778827041661385,1.3784954147178,0.727444248191221,1.05305036271444,0.671720366008805,-2.76242976805347,1.01271962995655,1.18490430873777,0.821307644090203,1.21736450971078,1.16021606604699
6125,0.237028138850536,1.31281655769123,0.997636108918342,1.29781225323778,1.97636890655698,1.9967539935665,1.03637115319549,0.258798874136381,1.29853559200248,1.43587380793348,0.475304301870298,0.681719727139787,1.21234730381481,1.61030480029262,1.47180833997259,1.68191658463345,1.03018128004961
6126,0.241535557692145,1.14163140208476,0.570550491849214,1.40628674577248,1.88414099228906,1.9967539935665,1.98881339380845,0.719265134346993,1.40073088218207,1.2197637998801,1.04272848279451,1.51306615701402,1.53510017527296,2.16604123523072,2.22718699176875,1.75262466300828,1.72167504792299
6128,0.248434710303929,2.23055919746847,1.50237365636368,1.43194672038038,1.10291632042671,1.66717941085375,1.21120682901681,0.595292343028328,1.00096694403901,1.17345451177852,0.737192387388307,1.51306615701402,1.56910127587516,2.17590269089575,2.27437134821258,1.84100976097683,1.48689110009866
6131,0.427232042763787,2.04035346901873,2.43419682087814,1.1986479372672,2.04810172426448,2.28238529858421,2.14547228653,0.133971725820547,1.64479727974487,0.84928949506752,1.39191260118333,0.489809029480193,1.57296503730548,1.91707843577758,2.04102325816311,1.84878764959806,1.38249074761116
6132,0.168989621085536,1.29855112805736,1.0947010218886,1.40760469803269,1.89860812165571,2.17252710434663,1.28384837656145,0.812594402143625,1.35865045966756,0.710361630762804,0.999080472906316,1.51306615701402,1.39136825009625,1.98303665955973,1.78633497054018,1.68792677129531,1.55271428847335
6133,0.230645114149655,1.62665600963643,0.677321896116496,1.30356423080511,1.40672591560246,1.79900924393885,1.46661708212561,0.654165012214522,1.20836326525661,0.525124478356516,1.26096855842432,0.557480443352962,1.29400146209875,1.96200037151581,1.9918013954183,1.7250485124421,1.26703926879385
6134,0.368172221219474,1.52679800219932,1.01057809602018,1.15814893252458,0.963670255971163,1.31563318929349,-0.87021139835994,0.879177947642357,1.21136901873916,1.03452664747381,0.999080472906316,0.496288870277107,1.26463687518201,1.84548827456144,1.4572240843445,1.54544999337002,1.31398301225534
6136,0.0732905760387881,0.756464801970194,0.395833648502752,0.998908997988808,0.545932062604513,1.06955083420131,0.939198812574024,0.712738791950544,0.324674569189735,0.738147203623749,1.13002451566532,0.32542840005083,0.98258229078466,0.743231302304492,0.775088422210001,1.1473635121197,0.918717846972938
6137,0.151378309628361,0.528217927828231,0.522018035364085,1.15687488381277,1.25482111801459,1.36836512252753,2.14547228653,1.03253921457296,0.912598074432324,1.15029986772774,0.737192387388307,0.681719727139787,1.01426513454413,1.23251977977052,0.943021836280527,1.29372923435561,1.07112374539298
6138,0.157602574607502,0.784995661237939,0.638495930928393,0.974911536128259,0.987179336128471,0.260994524612708,1.04886003747911,1.66976393717847,0.979926732781756,0.756670918864376,0.815758813043709,0.566031436565558,1.07866115829509,1.65636202776656,1.41486540071879,1.39590240760724,1.3905341280684
6140,0.229683650860172,0.884853668675048,1.12382049577968,1.24707313267625,1.49352866142138,1.46211078453982,0.931365867937947,2.6267890824064,0.901777394717854,1.01600293223318,0.824488420259112,0.487479750542399,1.18813439881546,1.66263952324634,1.39717126705235,1.44009495659151,1.08424054554107
6142,0.112056615860391,0.870588239041175,1.28883084782911,0.908257827727212,1.01611357460779,1.63202478869773,1.41439745644039,0.915295244538413,0.735860335218948,0.330625468329915,0.966344462216565,0.414778347616397,0.702588379191361,0.634710768744579,0.840717572536413,0.914733934266491,0.797479206291887
6145,0.277594531663312,1.86916831341226,1.44413470858152,1.51899656557411,1.79914664270446,2.22379425872795,0.970530591118336,0.857700571838762,1.50593191322008,1.08083593557538,0.78558817164674,0.32542840005083,1.4197025005646,2.00364999578055,2.08402536483123,1.73353348184708,1.66727873742752
6148,0.766935867643855,1.24148940952186,1.21764991294512,1.51423937299696,1.50799578066104,1.43281526021736,-1.65350586196772,0.515911687388494,0.895765913000996,0.911035215623569,0.911784440035511,0.383018888883515,1.4750830810915,2.00825794459017,2.1152313823884,1.7469680167383,1.33812850091872
6149,0.150986988271895,1.29855112805736,0.958810143730239,1.4976999722246,1.5224628999007,1.84295252163389,1.34259546133203,0.950590615133499,1.08212202296134,0.830765779826892,0.824488420259112,0.282295196275823,1.25536384776471,1.7571803860215,1.12650464054277,1.42595334091655,1.27287706390931
6150,0.0865152689192676,1.60288029357807,1.06234605219271,0.974528069063751,0.984768141149373,1.10470545635734,1.02927767588892,0.795958369796451,0.853685490486488,0.779825562915162,0.802664408767809,0.101417769210629,0.935186817280708,0.799973628467407,0.888867063543863,0.9967553051813,0.793538971796509
6151,0.544640284133348,0.927649957576666,1.12705599158449,1.52418411813571,1.43566016420877,1.19845111836962,1.59716616200456,-1.1180919206594,0.937846322891376,0.822827043400643,0.769928398078058,0.32542840005083,1.51681170452342,1.98308118080427,1.69582679590703,1.82262566059937,1.27499685211339
6169,0.397258975756541,1.86916831341226,1.52178663895773,1.20011553534778,0.478418815856463,0.0193064972900284,0.81387169839678,0.00537238026033693,0.57715705378027,0.775194634105004,0.501493110422098,0.32542840005083,1.55132797331118,1.91781303631244,1.48649983277441,1.54332875101877,1.16195508637923
6172,0.324507638732217,1.55532886146706,1.54119962155178,0.618430547236753,0.046816301994927,-0.383506878651553,-0.419817081785468,0.54629963625873,-0.108152543644287,0.571433766458088,0.0450595880772265,0.919247278532426,0.30513612000838,0.18558045385129,0.355254887033684,0.310886944945402,0.463070605095069
6173,0.129373329336066,0.485421638926613,1.03646207410644,0.108240956920023,0.0902176698408941,0.366458391080787,-0.173079325749018,0.54629963625873,5.42408762795331e-05,0.460291475014317,-0.0157358584759685,0.800483502836107,-0.0523906043225822,-0.0801668547924496,-0.175890834480567,-0.0037640038226135,0.0709142173052101
6174,0.313489081962241,0.956180816844411,2.08476313418521,1.08362548287949,0.343392332487349,0.282966163460225,0.32431265864192,0.879177947642357,0.360743497363261,0.895598783169092,0.5407763232498,0.562955951443468,1.05470583742716,1.78253523478555,1.55566780983411,1.39342762486412,1.46040525189943
6177,0.323916613531742,0.899119098308921,1.21117891745291,1.08054286185489,-0.375623709428582,0.928932345577205,-0.321905273834496,0.54629963625873,-0.360635028234822,0.608481196939347,-0.074660677717519,0.262244443650871,0.884700334539777,1.04165720443868,1.13658493487395,1.00099778988379,0.804268854251597
6180,0.596531316605957,-0.698609020684819,-1.28338934588268,-0.387768263506694,1.23794280379583,0.313726457846747,0.98619648039049,-0.618774453583963,0.988342819809483,0.497338905495572,0.868136430147311,0.372933910329355,-0.608514666191691,-0.676128234170084,-0.663819974979224,-0.54043831868761,-0.0605176939426621
6184,0.123147223483891,0.594789932788205,1.13999798256892,1.20449190056779,0.839614671274401,0.744370579258068,1.36217782292222,0.558937784228696,0.574902751292481,0.664052342661232,0.5407763232498,0.534161705460527,1.01684097541009,1.40577420288781,1.4426398287164,1.29761817866622,1.27295916823715
6188,0.105743763255767,-0.570220153979965,-0.807771272328428,-0.6751662062067,-0.719941250627761,-0.559279989431684,-0.831046675179551,-0.285896142200336,0.0751978380817564,-0.0923326994183964,-0.205604720476523,-0.149626702734446,-0.817672951717663,-0.787230999913165,-0.980276874674067,-0.90705970506113,-0.471590140292136
6189,0.250688857630373,-0.527423865078347,-0.684822382436683,0.163423583455782,0.0178820533886189,-0.11252333579507,-0.126081657932552,0.457994417706251,0.211959179693587,0.555997334003611,0.475304301870298,1.51306615701402,0.104735693848605,-0.285343010243057,0.110861368089412,0.0524489184853804,0.269863673169745
6191,0.162841538962345,-0.280156418093122,-0.613641446387915,0.568295726769745,0.427783883327172,0.0266303739763159,0.996640403960946,0.588619058221132,0.649294910127318,0.224114105696299,0.693544377500108,0.396888564188255,0.540825567334708,0.0250145854271577,0.34260090053284,0.448767697776329,0.676905314434021
6192,0.206309448678645,0.670872224166958,-0.438924603041453,0.511664440316643,1.0450478232141,0.722398940410551,-0.596058336097218,0.54629963625873,0.958886534148629,-0.002801406001403,0.370549067663093,0.22157871597415,0.330121777262885,-0.094168786199462,0.067323075552609,0.153915010953268,0.322087133973603
6193,0.283363810746738,-0.0138683982589305,-0.768945307140325,-0.130853528596625,0.567632746527497,0.507076879704891,0.81387169839678,1.04561710333417,0.664323627043587,0.756670918864376,0.972891664354516,0.32542840005083,-0.0415720723331624,-0.410091537436851,-0.306184000569769,-0.0355826390912894,0.141363826218989
6194,0.247996807545742,1.55532886146706,0.66761540481947,1.17395399150043,1.67677889246767,1.72577045071002,0.853036421577169,0.662608793453926,1.12720818633428,1.38956451983191,0.653009033886707,0.32542840005083,1.8612016394504,1.79117235622581,1.58119025718327,1.76782689985887,1.54780753943227
6195,0.214873094981127,0.0289278906426875,-0.594228463793864,-0.0377204226569246,0.123974288151427,0.195079608070159,1.16635420702028,0.54629963625873,0.201439080377024,0.478815190254944,0.649896354517502,0.32542840005083,-0.244805923505772,-0.527360495548362,-0.412456039742114,-0.155432831936635,-0.0561288098500294
6198,0.0562461929172261,0.285705624052396,0.706441370007573,0.874474622807726,0.529053748385754,0.858623101265153,0.604993172157059,0.668049296780082,0.468950281883828,0.96506271532145,0.868136430147311,0.307546979164929,0.828031833587621,0.790891294581778,0.913638850676871,1.05897841415115,0.999079642688271
6201,0.0782343921376396,0.62807593526534,1.11411400448265,1.14265921967371,1.02190042837985,0.993382483267035,1.20551893020067,0.960391339319853,0.739467224249064,0.830765779826892,0.649896354517502,1.51306615701402,0.931323055773121,1.51888042463507,1.21679834082845,1.38423557467539,1.29843882163269
6202,0.243015506999646,1.51253257256545,2.08476313418521,1.20072201607662,1.62614395993838,1.55732121661617,1.67549560836534,1.12883668118008,0.811605080596108,1.20124008463947,0.57090116700042,0.605275443358241,1.7483798062262,2.06188378363547,2.03340941882785,1.90535411229793,1.56517486349319
6203,0.252569014351079,1.41267456512834,1.76121342557856,1.05253882349225,1.79733825659713,1.55732121661617,0.970530591118336,0.712738791950544,1.06408756518664,1.07157407795507,1.03181648359607,0.534646185839447,2.27333619253221,2.0075233440553,1.92885317443528,1.82262566059937,1.34751526254797
6209,0.106711325911771,0.613810505631467,1.26941786523506,0.431241780685979,0.321691648564365,0.524654190782904,-0.178301291450718,0.434516157848784,0.108261012772726,0.404720329292428,0.0450595880772265,0.00872500611156631,0.348152663896462,0.0490115362328159,0.287588230406288,0.333513530025349,0.327092060498109
6210,0.130502843118326,0.998977105746029,1.96828523862091,0.866026787749294,1.08603800620796,0.832257134648133,0.631102992832614,1.12883668118008,0.757501694647885,0.872444139118306,0.606248344629303,1.51306615701402,0.658541498839434,0.535962648360626,0.933156016296818,0.902360020550895,0.860093443877105
6216,0.682759776717714,2.92481010631884,1.49454132392015,1.31497981879344,1.06915970211618,-0.0905516969475533,0.81387169839678,0.0192423126753067,0.790564869338855,1.07157407795507,1.06455249428582,0.537340364590205,1.48873503812467,2.2731593495877,2.4014473990897,1.85303013430055,1.79930023988305
6217,0.675848452649102,1.59812515036868,2.04593716899711,1.02707913172414,0.292757399958058,0.524654190782904,-0.256630737811496,-0.82682339819873,0.595191524179095,0.589957481698716,0.269535088079177,-0.743445581216041,0.92926238301544,1.37814877065235,1.44167469415278,1.23150612538575,1.27845628868729
6218,0.710877368408688,2.32566206169619,2.43419682087814,1.26045150124242,0.613445309352562,0.722398940410551,0.866091331914948,-0.410725508969197,0.973915251064898,0.0388769532900107,0.422926684766696,0.32542840005083,1.22857510180667,1.89757813067019,2.22922449806973,1.69040155403843,1.52492895403355
6235,0.253061221396274,2.06888432828648,0.856335606174007,1.41260391718802,1.26747985114691,1.44746302237859,-0.0869169347521631,1.3784954147178,0.761108583678,0.309014470303134,0.815758813043709,0.800483502836107,0.962490731393401,1.44323883016603,0.95117186148446,1.28029469946439,1.14112867820553
6243,0.169032462309696,-0.941121324460654,-1.18632443291243,-0.625535864620476,-0.500523206291839,-0.617871029287946,-0.230520917135941,-0.618774453583963,-0.375062596979408,-0.169514843167063,0.43789171635424,-0.743445581216041,-0.817672951717663,-0.647278467709849,-1.22799474600415,-0.939231880721679,-0.413327808998576
6244,0.158459180882187,0.428359920391122,1.31795032172019,0.492566405993165,-0.213591925334852,-0.00266514155748796,-0.165246381112941,0.293837754583842,0.00681716096377747,0.108340885442369,-0.201239923416027,0.32542840005083,0.501672784737843,0.261689521387975,0.697341471251424,0.380887942536488,0.667023540413211
6680,0.0401465536111398,0.913384527942793,0.699970375680136,0.789552922315481,0.343392332487349,0.788313856953101,0.383059743412503,0.370015448169948,0.721432766474363,0.719623488383118,0.649896354517502,0.562955951443468,0.711088654338048,0.300066834179214,0.394074743926104,0.840490451972915,0.771413056734486
6897,0.342186505413644,-0.869794176291291,-0.31274021618012,-0.507385004292578,0.630323613444336,0.0632497749850611,0.343895020232114,1.29527583687189,5.42408762795331e-05,-0.225085988888949,0.370549067663093,0.562955951443468,0.1096297915573,-0.633944354970897,-0.498781964599569,-0.51498341047267,-0.660105220572852
6898,0.258057886257844,-1.46894222091394,-1.5551711021994,-0.755074434647705,-1.16842207870806,-1.07488111731629,-1.03470323571757,-1.28453107635122,-0.545488274078018,-0.836368591829698,-1.78348043572253,-1.27788257184948,-2.3631775238426,-1.05467011584933,-1.87141778841996,-1.9998530563442,-0.737562576757858
6909,0.266291755521063,-0.727139879952564,-1.40957373274402,-0.902361775939201,-0.347819103381284,-0.155363846214186,-0.222604361462095,-0.503182459928287,-0.11647895300895,-0.0329877846786365,-0.148842434285613,-0.00299302799143049,-0.611605675949506,-1.03240949358063,-1.61404857145364,-1.29277227259585,-0.511966058216836
6911,1.17157337848987,-1.16936819860262,-1.05043355475407,-0.891239115575485,-2.88458461625495,-2.15588574861409,-2.55429449511666,-3.44824010034479,-2.93355177837154,-4.22157755205461,-3.28933692745108,-1.33726445969764,-1.95104297076078,-0.934462755598346,-0.713256312071505,-1.64631266447003,-1.15090239752757
6915,0.383017497357353,-0.38476956873962,-0.681586885467094,-0.449573908671224,0.0497097238174608,0.805891168031114,0.301314717879211,0.338250691643964,0.252536725466815,0.812242064586262,0.5407763232498,0.562955951443468,-0.300444088122361,-0.722986844045697,-0.927730659543442,-1.15135611584618,-0.110093850629844
6929,0.24305291283907,-0.270646131668639,-0.487457059526581,-0.380848340644956,-0.329328909633094,-0.723334895756024,-0.909376121540329,-0.285896142200336,0.324674569189735,0.515862620736203,0.649896354517502,0.681719727139787,-0.181955404269753,-0.638396479424637,-0.584571703588343,0.121389294900844,-0.269051584537609
6932,0.216098089207581,-1.126571909701,-1.3189798141012,-0.993268036183208,-0.515851880275729,-0.441892326743284,-0.458597151261177,-0.595348142425916,-0.152154879112451,-0.28222305020031,-0.244556342171655,-0.0633870191206451,-1.28132432335514,-1.04353980471498,-1.44246909347609,-1.29277227259585,-0.865335381700903
6938,0.157567037923772,-0.641547302149328,-0.138023372833658,-0.113626670818434,-0.905602666526167,-0.588575513754142,-0.815380785907395,0.712738791950544,-0.0720836154707648,-0.354751995573351,-0.310359954683728,-0.802827469064201,-0.408371824092238,-0.705178346230737,-0.362483516781153,-0.642257951547373,-0.26065036140862
6940,0.840181756493389,-1.08377562079938,-1.36104127625889,-0.679095607967817,0.252249453934625,0.489499568626878,0.552773546471836,-0.284499242143613,0.769524670705728,0.802980206965948,0.606248344629303,-0.0986770431982532,-1.84800933364946,-1.04353980471498,-1.61404857145364,-1.43418842934552,-0.240395826459522
6945,0.490977462596035,-0.38476956873962,-0.710706359358171,0.105671116004341,0.51217544429398,0.700427301563035,0.265565573871337,1.29527583687189,0.667329380526143,0.886336925548778,0.999080472906316,0.446120987756058,0.4303219903505,-0.745247466314397,-0.713256312071505,-1.00993995909651,0.247261230517186
6958,0.234209120122283,-0.826997887389673,-1.26721186025822,-0.702243346284515,-0.643988851833825,-0.52998447389788,-0.654805420867801,-0.669880671227086,0.0751978380817564,-0.725226300385927,-0.0157358584759685,0.00418343730271293,-0.714639313060832,-1.0346355558075,-1.65694344094803,-1.43418842934552,-0.839974908008948
6961,0.532112754372318,-1.38334964311071,-0.930720162220172,-0.932151461333613,-2.21005497891288,-1.80433952705383,-1.0921448271045,-3.19858136680707,-2.42332675322012,-2.55907410920818,-2.01263251055079,-1.45602823539396,-0.817672951717663,-0.605005546021587,-0.97062552903783,-1.64631266447003,-1.44073703873151
6963,0.132257789402298,-0.256380702034766,-0.390392146556325,-0.384809514582763,-0.652428003879712,-0.231170185571657,-0.537311251326635,-1.0348723428135,0.198433326894468,0.386196614051801,-0.074660677717519,-0.292895517495056,-0.482040875424317,-0.527093368081138,-0.15562300864447,-0.65639956722234,-0.867994081981231
6979,1.06761563213546,-1.62586194688654,-1.48722566312022,-0.690363049281367,-0.98034947795754,-0.639842668135462,0.226400850690948,0.54629963625873,0.0180886986509807,0.349149183570542,0.161038599248687,0.32542840005083,-3.18744662892438,-1.12145198265543,-1.78562804943119,-1.7877288212197,-0.794527644159612
6986,0.256298843481001,-1.24069534677198,-1.18632443291243,-1.18890613244512,-0.800957142674627,0.0412781361375447,-0.569948523254607,-0.161066775431476,0.117278247972137,-0.0398488364826611,-1.00249275399481,0.0879008486581922,-0.957283531312552,-0.840678753980313,-0.746607073103392,-1.07357722963387,-1.12676863697332
6987,0.275094128695317,-0.8127324577558,-1.03102057216002,-1.04359263403462,-0.719941250627761,-1.3649067501035,-1.11825464778005,0.0469821691832903,-0.559014126877137,-0.484418002257753,0.649896354517502,-1.21850068400132,-1.07989356072689,-0.840144499045865,-1.03657639088545,-1.15878046407554,-1.21454200755546
6989,0.258240793440647,-0.284911561302511,-0.516576533417658,-0.378936271874095,-0.589737136962873,1.16915559404717,-0.458981804965857,-0.743603820352823,-0.261445478913666,-0.447370571776495,-0.528600030313538,0.167076691204818,-0.972223408930157,-0.650728864161497,-0.777312636218167,-0.910241568587997,-0.697462541320487
6990,0.300588029079859,-0.242115272400893,-0.545696007308735,0.0382202066368454,0.191487534899476,1.66717941085375,1.04886003747911,1.12883668118008,0.432881353710305,0.627004912179974,0.300712249223095,0.239166310336744,0.1096297915573,-0.0477108675246852,0.0957051951663516,0.229572654814341,0.246943249064067
6992,0.344317025995388,-0.869794176291291,-0.778651798437351,-0.798437037417233,0.225244153210009,0.3840357021588,0.161126314667947,0.130201747029197,0.559122596005573,0.645528627420605,0.649896354517502,0.721307660289481,-0.302504761524518,-0.541006256999075,-0.6253575610343,-0.615388881764936,-0.498005356644198
6997,0.109751271056032,-0.127991835329912,-0.710706359358171,-0.757297492595377,-0.669306318098471,-0.07297438586954,-0.282740550654107,-1.0348723428135,0.117278247972137,-0.331597351522565,-0.0222830606139202,-0.505918029823403,-0.584044177159834,-0.824094590390132,-0.695991127100014,-0.747966528717751,-0.572708430441018
7000,0.426498227587573,-0.299176990936384,-0.788358289734376,-0.590061350099306,0.849741657780259,-0.207733767871423,-1.53601169242655,0.338004500427484,0.757501694647885,0.793718349345634,0.671720366008805,0.229739986341825,0.212663430214131,-0.484887228259683,-0.123451856523679,-0.302859175348165,-0.177016117615489
7002,0.208629411674795,-0.17078812423153,-0.594228463793864,0.226718839598062,0.427783883327172,-0.222381530032651,0.591938269652225,0.29664090272101,0.252536725466815,-1.08026417274403,0.606248344629303,0.167076691204818,0.367213887426625,-0.324766572280924,-0.24870487544729,-0.292606503983815,-0.107841524753284
7003,0.0682864854983796,-0.655812731783201,-0.904836185298684,-1.09860857057704,-0.804332801467585,-0.661814306982978,0.0044674219463919,-0.312118770492567,-0.43277288458187,-0.725226300385927,-0.650814465857139,-0.86220935691236,-0.85012854766583,-0.777658932337624,-0.802191660524912,-0.852968025104381,-0.682688112499784
7008,0.321355591535785,0.699403083434703,0.803506282977829,1.02743197078346,1.13185056903302,1.11788843966585,1.12718948383989,1.3784954147178,0.757501694647885,0.701099773142491,0.802664408767809,0.32542840005083,2.96881324998844,0.972782839139325,0.913102664808192,1.05296822748929,0.943639139746299
7013,0.416319792460769,-1.15510276896874,-1.38045425885294,-0.666945269418048,-0.0920680872645531,-0.134494974642586,-0.713552505638385,-0.136103058926523,-0.126187001418988,0.182435746404885,0.366184270602597,-1.93108333817923,-1.25195973644922,-0.780530552610286,-1.33580383703509,-0.98837399519219,-0.547048953601004
7014,0.506709028563194,-0.0994609760621666,-0.011838985972325,0.630756324924499,1.2041861854853,1.0519735231233,1.23162874304328,0.54629963625873,0.883742936943152,0.478815190254944,0.632437153181102,0.32542840005083,-1.43587478056764,-0.0703053991274156,0.873853859220827,1.60625894077238,0.535418943060831
7025,0.223326380455587,-0.670078161417074,-0.840126243189093,-0.576835622343228,-0.228059044574512,-0.749700862373044,0.552773546471836,-1.1180919206594,0.0541576268245028,0.145388315923627,0.18722740780049,-0.86220935691236,-0.543861058258313,-0.787587169869464,-0.66392721215296,-0.886200821940553,-0.414212379627882
7026,0.216995997188904,-0.8127324577558,-1.11837899383325,-1.1417394949784,-0.787454497375811,-0.881530695458142,-0.51772888973644,-0.551572398059422,-0.450807342356567,0.0527697397204828,0.0497361629035338,0.32542840005083,-0.817672951717663,-0.766795748670498,-0.896917816360061,-1.03185946339271,-1.3199670661321
7028,0.152458099627956,-1.46894222091394,-1.32221531107079,-0.88469176365268,-1.14189902508085,-1.14519036162834,-1.08841485719824,-0.0362374086626164,-1.13611693978113,-0.521465432739011,-0.834136125719746,-0.268390478430765,-1.23779261119959,-0.93472988306557,-1.27914683498134,-1.19307388208734,-1.02136383106573
7031,0.344177006336292,-0.284911561302511,-1.05043355475407,-0.847246739014788,0.0902176698408941,-0.793644140068076,0.0827968683071696,0.0006605669639394,-0.135204236618399,0.108340885442369,0.278888237731791,0.379515402849713,-1.38435796201198,-0.775766779444784,-1.21487603648721,-1.06261747748577,-0.842988243852011
7036,0.438317049192768,-0.884059605925164,-0.924249167892735,-0.295962436987584,0.647201927663095,0.296149146768735,0.970530591118336,1.12883668118008,0.432881353710305,0.648615910206755,0.527681918973901,0.32542840005083,-0.714639313060832,-0.559705179704783,-0.448166018596191,-0.385234086654848,0.00534198559049809
7062,0.817128964560338,-1.19789905787036,-1.39986724144699,-0.744702626871432,0.107095984059653,-0.494829851741854,0.50055391295367,1.12883668118008,0.0361231690498053,0.50196983430573,0.0637658873824593,0.32542840005083,-2.05407660941761,-0.852833053739024,-1.32808134499541,-1.64631266447003,-0.72477792240323
7063,0.308943176407704,-0.627281872515456,-0.904836185298684,-0.258172838382377,-0.517401520510598,-0.617871029287946,-0.674387782457996,0.712738791950544,0.198433326894468,0.031158741693702,-0.127038294821121,0.32542840005083,1.19148299204476,-0.477073749843369,-0.449560101854759,-0.429073095247245,-0.255063272624603
7071,0.241391320945394,-1.08377562079938,-1.1377919764273,-0.40899929779334,-0.233845898346568,0.173107969222643,-0.329738218470573,-0.404224915218936,-0.466587497643476,0.126864600682996,0.0170001522137826,0.622337839291628,-0.817672951717663,-0.672188104028524,-0.943315738266577,-0.833169763159427,-0.260617100904812
7072,0.263184413754513,-0.741405309586437,-0.477750568229556,0.332566176781324,-0.568036453039889,-0.464069557355331,-0.569948523254607,-1.53418980988894,0.0541576268245028,-0.539989147979639,0.161038599248687,0.0879008486581922,-0.887993409631889,-0.810493350183956,-0.743711669412521,-0.716854974232823,0.351583140697148
7077,3.02897532861674,-1.64012737652042,-1.16367595334879,-1.31242426515503,-2.21005497891288,-3.21052441329487,-2.50207486394838,-4.00997225080466,-6.06854262449597,-4.40938744474695,-5.97368980401067,-3.17810298299058,-1.10565197029373,-0.829882352179994,-0.886694553428855,-1.05130418494579,-1.85748369103529
7081,0.484625564592457,-1.41188050237845,-1.23485688939756,-0.88709504003342,-1.74710702450404,-1.77797356043681,-1.92765892423044,-2.61604432188572,-3.22811467285245,-2.54055039396755,-2.16540056480109,-1.33726445969764,-1.21435245854194,-0.751725307394589,-0.927730659543442,-1.64631266447003,-1.14172000861367
7092,0.179685765764864,-0.869794176291291,-0.778651798437351,-0.183348826434463,-0.483644902200065,0.502682551935388,-0.596058336097218,-0.290896401946942,-0.534968174761455,-0.521465432739011,0.344360259111294,0.167076691204818,-0.766156133162,-0.695183326832091,-0.664677872369112,-0.787209512215784,-0.67169699129148
7102,0.137157564916541,0.228643905516905,-0.128316881536633,0.462273248620349,0.0395827373116032,-0.301479429883711,-0.361069997014885,1.12883668118008,5.42408762795331e-05,0.455660546204158,0.115208184283036,0.562955951443468,-0.199471122867687,0.0391723411900507,0.289304025186064,0.12280345646834,0.202662113986235
7106,0.292613567143277,-0.38476956873962,-1.15720495902135,-0.357512980172204,-0.61867138556918,-0.512407162819867,0.578883359314447,0.29664090272101,-0.396703956408344,0.478815190254944,-0.123297040197836,0.32542840005083,-0.916842828290433,-0.82002089651496,-1.03275158405724,-0.689632364058512,-0.157178622312923
7117,0.630798189891979,-1.4404113616462,-1.46781268052617,-0.697747917845685,0.00582611900107066,-0.0612561814137495,1.440507269283,-0.32750593112329,-0.288497171887778,-0.132467412685805,0.322536247619991,0.206664624354511,-1.23676227481921,-0.976624374175264,-1.3597534582045,-1.20261947266794,-0.553657499861671
7125,0.277302671567457,-0.798467028121928,-1.22515039810053,-0.776258230559363,-0.497147547498881,-0.442097918507815,0.631102992832614,-1.28453107635122,0.234502255067994,-0.169514843167063,0.239605024904089,-0.149626702734446,-0.772595734943622,-0.791193390676993,-0.672506186051837,-0.759633361649599,-0.487446452875718
7126,0.214446290019869,0.699403083434703,0.89086470465106,0.775421175022781,0.495297130075222,-0.134494974642586,-0.282740550654107,0.16348957816756,0.338200421988855,0.552910051217461,0.344360259111294,0.32542840005083,1.29451663070159,1.27650676937347,1.08521832865442,1.02503853653123,0.66390030968419
7127,0.50134692848106,-1.34055335420909,-1.11837899383325,-1.19535397135273,-1.42883030603784,-1.40885002779853,-1.01381538074372,0.712738791950544,-0.534968174761455,-1.15127175092039,-1.0586116257217,-0.387154254127084,-0.946464999281404,-0.62791172633608,-0.74771517626704,-0.837058707470043,1.04948356958213
7130,0.0850460053553382,0.480666495717224,0.153171366077111,1.05094011460613,0.545932062604513,0.590569107325453,0.845203476941092,0.130201747029197,0.667329380526143,0.627004912179974,0.737192387388307,0.32542840005083,0.837820029190472,0.638361510796646,0.865489359669422,0.998876547532545,1.0991815958082
7133,0.25695108866601,-0.413300428007365,-1.08925951994217,-0.333563843160316,0.0902176698408941,0.33130376892476,0.774706975216392,0.629519214104637,-0.108152543644287,0.552910051217461,0.606248344629303,0.123725099770131,-0.181440236017739,-0.514449334632516,-0.452562742719366,-0.249828116567039,-0.118471120930435
7143,0.506900064072689,-0.0138683982589305,-1.15720495902135,-0.581356877151589,0.815985039469726,0.366458391080787,-1.06603501426188,0.54629963625873,0.57715705378027,0.515862620736203,0.632437153181102,0.32542840005083,-0.817672951717663,-0.675438154879754,-1.14978307202947,-0.703066898949731,-0.319479608166677
7147,0.449914637169977,-0.498893005810601,-0.840126243189093,-0.462724693568326,0.292757399958058,0.348881080002774,1.24468365338106,1.3784954147178,0.306640111415038,0.404720329292428,0.684814770284704,0.800483502836107,0.1096297915573,-0.398426971368052,-0.831217203181071,0.121389294900844,-0.224049750451081
7162,0.513706067361447,-1.04097933189776,-1.22515039810053,-0.558545840658599,0.259000781647526,0.173107969222643,0.866091331914948,0.368348439075859,0.735860335218948,0.126864600682996,0.606248344629303,0.800483502836107,-1.02374022748582,-0.627577817002049,-0.77245123197376,-0.68008677347791,-0.292261073034524
7163,0.446299866051401,-0.955386754094527,-1.1766179416154,-0.835777370061417,-0.228059044574512,-0.00266514155748796,0.108906681149781,0.14175837059643,-0.0510434042135111,0.293578037848657,0.213416216352289,0.325682893075514,-1.89952615220512,-0.727305404765825,-1.31378448499293,-0.868523802346844,-0.489443257224438
7164,3.23191315895176,-0.769936168854182,-0.584521972496838,-0.014871619276654,-2.1883542939772,-1.9010147379829,-0.308850363496719,-0.0362374086626164,-2.59690846137612,-2.24417095011749,-1.90039475400261,-0.505918029823403,5.0552444223571,0.417691962247024,0.643293935688495,0.354018872754051,-0.312286799797966
7165,0.348717427524419,-0.670078161417074,-1.19603092420945,-0.658029779075988,0.427783883327172,-0.11252333579507,-0.0673345731619687,0.712738791950544,0.216467797293292,0.0157223092392247,0.318171450559494,-0.783033514365734,-0.972223408930157,-0.774052711530095,-1.1070669025614,-0.819381687876334,-0.32977987089856
7169,0.397145256935523,-0.0423992575266759,0.153171366077111,0.441982932510038,0.410905579235398,0.348881080002774,-1.01381538074372,0.851438091134375,0.414846895935608,0.664052342661232,-1.14840182834136,1.51306615701402,0.161146610112963,0.231259250746662,0.515467224595221,0.261391290083017,0.199143800934569
7181,0.050197868776946,0.770730231604067,0.881158213354034,0.425726122002552,0.242122467428767,0.832257134648133,0.461389189773281,0.629519214104637,0.468950281883828,0.330625468329915,0.671720366008805,0.167076691204818,0.1096297915573,0.403534206484131,0.540239011728229,0.506748322043694,0.470688375166307
7186,0.128948836208332,-0.470362146542856,-0.953368641783812,-0.83775761441017,-1.06425879182694,-0.64716654482175,-0.928958483130523,0.130201747029197,-0.414738414183045,-0.0583725517232915,-0.332183966175032,-0.387154254127084,-0.663122494505169,-0.88885074056978,-1.06881900585882,-0.90458492231801,-0.85923654822328
7203,0.246449873406012,-0.912590465192909,-1.15720495902135,-0.852185664607262,-0.604204266329519,-1.14519036162834,-0.93548593438294,-0.436849156553638,-1.31646158064874,-0.447370571776495,-0.441303997442733,0.721307660289481,-1.22671649502776,-0.954341491284295,-1.06460102465683,-1.09726443588944,-1.01936672269334
7207,0.472117530167704,-0.741405309586437,-0.953368641783812,-0.656435494575076,-0.0718141142528364,0.0500667916765508,1.55800143882417,0.962397525488264,-0.240405267656412,0.0620315973407967,0.213416216352289,0.32542840005083,-0.559316103995017,-0.791104348187919,-0.720548439885551,-0.668419940546062,-0.368431082921071
7208,0.318123588361568,-0.584485583613838,-1.0989660112392,-0.387034872646087,0.162553286293169,-0.310268085422717,-0.380652358605079,-1.1180919206594,0.432881353710305,0.330625468329915,0.550129472902415,0.483780108896843,-0.787278028316988,-0.702596114047568,-0.818777691027698,-0.746905907542128,-0.152806724974643
7209,0.510751292750616,-1.126571909701,-1.12808548513027,-0.676095950509056,-0.686184632317229,1.18380335620839,-0.237980864781393,-1.45097023204303,-0.182544702479124,0.460291475014317,0.0824721735932849,0.32542840005083,-1.1090005634813,-0.848291886796209,-1.0430463527359,-0.913069891722991,-0.465470903567718
7217,0.39425597920365,-1.52600393944943,-1.40957373274402,-0.93886955316387,-0.922480980744925,-0.991388889695723,0.265565573871337,0.0469821691832903,-0.595083042426533,-0.188038558407691,-0.752296098995368,0.167076691204818,-2.05407660941761,-0.871353891466582,-1.09062392644838,-1.04034443279769,-0.654476815195066
7218,0.216729090450074,-0.470362146542856,-0.895129694001658,-0.81584153423973,-0.922480980744925,-0.207733767871423,-0.772299590408968,-1.0348723428135,-0.468841800131265,-0.00743233481156125,0.409832280490796,0.206664624354511,-1.08401490625307,-0.913916201244336,-0.90385250122661,-0.95372703678852,-0.391512200789888
7244,0.453248194493848,-0.869794176291291,-1.0989660112392,-0.795336926390766,-0.0785654419657373,0.311215415918076,0.190336111713521,0.54629963625873,0.432881353710305,0.624358669791843,0.632437153181102,0.32542840005083,-0.611605675949506,-0.747963262231178,-1.28693941723778,-0.906352624277381,-0.327019930076811
7250,0.191161415715498,-1.4404113616462,-1.41928022404104,-1.27997388526586,-0.643988851833825,-0.0905516969475533,-0.596058336097218,-1.07648213173645,-0.48687627053009,-0.308442707471779,-0.244887933304226,-0.149626702734446,-1.089166588138,-0.916810082139267,-0.954361210056251,-0.920494239952348,-0.808133009442462
7255,0.618981337878526,-1.21216448750424,-1.04719805778448,-0.657348239921423,0.39402726501664,0.590569107325453,0.206868843531327,0.0173425497489156,0.198433326894468,0.386196614051801,0.649896354517502,0.622337839291628,-0.302504761524518,-0.846800425104206,-1.46391652822328,-1.64631266447003,-0.742574463669035
7268,0.303000610378388,-0.998183042996145,-1.18955992988202,-0.648803051353031,-0.433009969670774,-0.573927751592913,0.108906681149781,-0.0362374086626164,0.0541576268245028,0.148034558311758,-0.34309596537348,0.32542840005083,-1.24397462939073,-0.962488879034639,-1.26620691128045,-1.16691189308865,-0.466491188763668
7273,0.509000021599878,-0.356238709471875,-1.18955992988202,-0.681542535530549,0.046816301994927,0.31958556446897,-0.230520917135941,0.0469821691832903,0.270571183241516,0.53438633597683,0.0263533018663972,-0.0902448148862864,-2.31166070482329,-0.679133418176358,-1.03664785373803,-0.813725041606348,-0.695339344436081
7276,0.266371087664152,-0.541689294712219,-0.972781624377864,-0.707216833081846,0.39402726501664,-0.266324807727684,-0.0477522115717742,-0.138475815301544,-0.0159764022835888,0.497338905495572,0.475304301870298,-0.0688323352933543,-0.814839526581189,-0.833421791120717,-0.988569868478025,-0.866049019603725,-0.536716364035912
7280,0.604521194835558,-0.142257264963785,-1.07955302864515,-0.509037365115788,1.153551252956,0.590569107325453,1.32301309974184,0.879177947642357,0.0794058752835549,0.84928949506752,0.868136430147311,0.325819331114317,-0.199471122867687,-0.777102416780906,-0.988927311425522,-0.558468878673194,-0.234894630892886
7282,0.655438389329987,-1.18363362823649,-1.42898671533807,-1.13429836561319,-0.888724362434393,-0.0553970747915267,-0.439399443375663,0.879177947642357,-0.306531642286602,-0.577036578460897,0.278888237731791,0.503574063595309,-2.05407660941761,-0.832241978140476,-1.7427331799368,-1.29277227259585,-0.641635455219291
7287,0.300209533640915,-0.698609020684819,-1.01160758956597,-0.654234777184886,-0.483644902200065,0.583245230639166,0.108906681149781,0.166884408456745,-0.180290399991335,0.0388769532900107,0.501493110422098,0.311088146210104,-0.861719831993859,-0.918368325698076,-1.06184858956598,-0.600893725698095,-0.383009836178348
7288,0.191754542958844,-0.0423992575266759,-0.15743635542771,-0.59632846820252,0.0757505506012337,0.366458391080787,0.317785207389503,-0.0816038770737442,0.450915811485003,0.349149183570542,0.508040312560049,0.32542840005083,0.0581129730016374,-0.909976071102776,-0.492562208522882,-0.567660928861922,-0.453995196476682
7296,0.147417842386545,0.0574587499104328,-0.458337585635505,-0.428153690108155,0.0395827373116032,-0.301479429883711,-0.361069997014885,0.657259070612619,0.0902265549980249,0.170086605998418,-0.201239923416027,0.32542840005083,-0.663122494505169,-0.666110954149169,-0.670361442577118,0.0506812165260091,-0.270129465263542
7298,0.272266134348668,-0.0851955464282939,-0.817477763625453,-0.48499127175907,-0.568036453039889,0.671131786029231,-0.733134867228579,-0.0407106860463393,0.201439080377024,0.478815190254944,0.211348589551398,0.483780108896843,-0.705108701971136,-0.805484710173499,-0.825855344494272,-0.593822917860611,-0.289523697195095
7305,0.350143997578111,-0.227849842767021,-0.885423202704633,-0.259825681637288,-0.0544535630636549,0.282966163460225,1.16635420702028,-0.078414231585263,0.396812425536783,0.701099773142491,0.527681918973901,0.116507038463067,-0.692229497162215,-0.75717915985042,-0.872074566374475,-0.441800549354716,-0.242862141192407
7307,0.644691315847392,-0.270646131668639,-0.0765489280819157,-0.695902459282301,0.611034114373464,0.788313856953101,0.696377528855614,1.12883668118008,0.34270903958856,0.627004912179974,0.381772844627352,0.32542840005083,-1.79649251354829,-0.852187495693231,-0.990857580552769,-0.724632862854056,-0.430077236818679
7316,0.123218054768639,-0.113726405696039,0.580256983146239,0.711189453368038,0.639968362979771,0.788313856953101,1.51883671564378,0.471119573959109,0.453921564967559,0.53438633597683,0.453480290378995,0.11115895547047,0.727831620407276,0.273176002478624,0.35750686768214,0.42684819348013,0.44972926142977
7323,0.213235936341932,-0.427565857641238,-0.390392146556325,-0.489995668071762,-0.365496722922725,-0.683785945830495,-0.549060668280752,0.629519214104637,-0.156244447875652,0.478815190254944,0.269535088079177,0.167076691204818,-0.728033686483415,-0.702484810936224,-0.455887095105181,-0.939231880721679,-0.638477858720459
7333,0.245516228082211,-0.826997887389673,-1.34162829366484,-0.824683059181627,-1.91492565831903,-1.79555087151482,-1.16003034989482,-1.1180919206594,-1.13611693978113,-1.18831918140165,-0.415115188890933,-0.00652954923950535,-1.74497569499263,-0.850584730889885,-1.30406163360924,-1.07251660845824,-0.740352143466052
7337,0.247960181008071,-0.498893005810601,-1.04072706345704,-0.685783066100418,-0.300394671153773,-0.354211363117749,0.383059743412503,0.20729324763909,0.432881353710305,0.21948317688614,0.344360259111294,0.0879008486581922,-0.405538398635844,-0.777169198647713,-0.947355062337125,-0.772007275365195,-0.389004303073808
7343,0.36810729412905,-0.641547302149328,-0.895129694001658,-0.641499515350989,-0.213591925334852,-0.310268085422717,0.931365867937947,0.54629963625873,0.33188835987409,0.404720329292428,0.370549067663093,0.32542840005083,-0.611605675949506,-0.735786701850199,-0.947033350815917,-0.879837094886818,-0.475599581340273
7346,0.377995610889248,-0.284911561302511,-0.607170452060478,-0.344842792484145,0.0142652710469577,-0.0553970747915267,0.578883359314447,0.171668213392066,-0.0179802295225415,0.182435746404885,0.422926684766696,1.51306615701402,-0.560088855848338,-0.750456451925273,-1.14220500701538,-0.373567253723,-0.210710278753308
7347,0.108454059851747,-1.05524476153164,-1.06014004605109,-1.03514118915511,-0.152830006299703,-1.02214918408225,-0.925042010812485,-1.1180919206594,-0.522945198703612,-0.0954199822045469,-0.244887933304226,-0.743445581216041,-0.85528022957858,-0.707426669079876,-0.730307022695524,-0.762108144392718,-0.613564364523428
7353,0.235056608309933,0.157316757347542,-0.147729864130684,0.225537227242571,-0.546335769116904,-0.0246367804050043,-0.267074661381952,0.851438091134375,-0.306531642286602,0.108340885442369,0.213416216352289,1.51306615701402,0.264180248769794,-0.141695214743136,-0.144577579749665,0.15320793016952,0.157527513623967
7354,0.196185677743793,0.970446246478284,1.321185817525,1.28372643076923,0.90037659030955,1.25704214943723,1.20551893020067,0.504689847335777,0.57715705378027,0.738147203623749,0.632437153181102,-0.149626702734446,0.727831620407276,1.58993633091676,1.23234773102017,1.43514539110528,1.21182060382833
7372,0.317911724757599,-0.0138683982589305,-0.768945307140325,-0.413614033170464,0.234888902745443,0.225839902456682,0.226400850690948,1.25366604794894,0.559122596005573,0.68257605790186,0.624954630840128,-0.149626702734446,-0.302504761524518,-0.514115425298486,-0.768840899493026,-0.335738431792464,-0.183869994865072
7373,0.155685567643286,-0.113726405696039,-0.759238815843299,-0.580300996588431,-0.753697868938294,-0.354211363117749,-0.0477522115717742,0.0230822990211055,0.0180886986509807,0.200959461645513,0.10117845980411,0.503574063595309,-0.508572037292675,-0.662193084629877,-0.79346971802601,-0.518165273999538,-0.405461706135845
7378,0.302571494861385,-0.684343591050946,-0.866010220110581,-0.434211849556766,0.0294557508057455,-0.134494974642586,1.1532992966825,-0.618774453583963,0.450915811485003,0.0157223092392247,0.606248344629303,0.396132434119495,-0.147954304312025,-0.587998430608301,-0.497924067209681,-0.498013471662709,-0.295602224004545
7384,0.110157157046193,-0.399034998373493,-0.332153198774171,0.544110359803897,0.307224519197718,0.524654190782904,-0.0999718450899404,0.54629963625873,0.57715705378027,0.515862620736203,0.632437153181102,0.256330032811702,0.676314801851613,0.189743190215537,0.146464109769754,0.252906320678037,0.434126301123477
7394,0.316133335570181,-1.51173850981556,-1.26397636328863,-1.01876034612579,-0.560802888356565,-0.910826210991946,-0.883266308697717,-0.119456986508523,-0.997852721428018,-0.586298436081211,-1.52159235020452,0.622337839291628,-1.53890841922447,-1.11254773374795,-1.13441238186407,-1.20474071501918,-1.22144212805055
7404,0.203291246556685,-0.841263317023546,-1.2801538489131,-0.67139338990852,-0.760449196651195,-1.18034498378436,-0.413289630533051,-0.184258783872442,0.0120772169341226,0.131495529493155,-0.0110592836496612,-0.743445581216041,-0.993345304646164,-0.897309777031886,-1.17998818070186,-0.976000081476594,-0.518572772589515
7411,0.189342764477718,-0.983917613362272,-0.788358289734376,-0.947248104908235,-0.598417412557463,-0.494829851741854,-0.961595755058495,-0.078192369698914,-0.229885168339849,0.200959461645513,-0.19812219813555,0.0879008486581922,-0.354021580080181,-0.849872390977286,-1.13387619599539,-1.08453698178197,-0.86992281904643
7415,0.194878390249744,-0.627281872515456,-1.12808548513027,-1.09719179627884,-1.00687253158475,-0.910826210991946,-1.14436446062266,-0.0362374086626164,-0.48687627053009,0.275054322608029,-0.201239923416027,-0.149626702734446,-0.97969334758209,-0.910755192882181,-0.914361744252735,-0.993323560678428,-0.676425810379411
7416,0.158476914304786,-0.0994609760621666,0.169348851701574,0.825141526742226,1.01852476958689,0.61254074617297,1.1532992966825,0.795958369796451,0.757501694647885,0.316732681899443,0.431656291982099,0.420225457571048,0.676314801851613,-0.308939269847879,0.99932135249191,0.524425341637403,0.603345802601177
7419,0.321730133639665,-0.8127324577558,-1.20573741550648,-0.688669456523435,-0.0279305094364463,-0.068580058100037,0.683322618517835,0.130201747029197,-0.021587118552657,0.401633046506278,0.126120183481484,0.721307660289481,-0.597438550112584,-0.740283347548477,-0.740923502895385,-0.584984408063757,-0.425783309982636
7430,0.698226778093111,-0.613016442881583,-1.24456338069458,-0.230218061531493,0.625501243740111,1.00803024542826,0.81387169839678,0.795958369796451,0.369760732562672,0.170086605998418,0.671720366008805,1.51306615701402,-1.12677386614265,-0.694448726297224,-0.797902173575473,-0.698470873855366,-0.143878023359225
7477,0.416733315816371,-0.527423865078347,-0.856303728813556,-0.540481313903908,0.343392332487349,0.239022885765192,0.970530591118336,0.358873295682849,0.667329380526143,0.719623488383118,0.363066545322119,0.420782515814659,-0.199471122867687,-0.656783753418583,-1.14220500701538,-0.727107645597175,-0.433236178825838
8214,0.186086301938888,-1.04097933189776,-0.768945307140325,-0.632715156103735,-1.31068212979859,-1.2330769170184,-1.06603501426188,-0.384117039689947,0.327680322672292,-0.150991127926435,-0.609660625717796,-0.624681805519722,-0.611605675949506,-0.800899021986147,-0.927730659543442,-1.29277227259585,-0.64659576721577
8227,0.253616181501666,2.09741518755423,1.02053157504441,1.47014021013645,0.984768141149373,0.480710913087872,1.14677184543009,1.3784954147178,1.02801863701312,1.19660915582931,0.300712249223095,0.800483502836107,1.28009192090326,2.09661035437464,1.61293246060912,1.61191558704236,1.6519441867955
8230,0.7317861449172,1.54581857504258,1.11411400448265,1.2134378696184,0.596566995133804,0.964086967733231,1.46661708212561,0.539615696184557,0.50501921005735,0.645528627420605,0.671720366008805,1.51306615701402,1.40553537537679,1.94049661040425,4.00517933231111,1.95979933264655,1.24392072183625
8231,0.201998561601855,0.998977105746029,1.33412780850943,1.09724807339801,0.815985039469726,0.946509656655218,1.1585212623842,0.686436900653102,0.622243217153207,0.664052342661232,0.868136430147311,1.51306615701402,2.06726891676406,1.59416584914781,1.9891204660749,1.53555086239754,1.30868939866563
8234,0.171350448142484,1.10834539960762,0.716147861304598,1.16022131230883,0.866619971999017,1.46211078453982,0.657212805675225,0.541160827301779,0.865708466544331,1.05305036271444,0.606248344629303,0.408024714825665,2.06726891676406,1.23216360981422,0.632570218314898,1.21665742892704,0.919374839487237
8235,0.102661650579012,-0.498893005810601,-0.215675303209863,-0.068174784848944,-0.0255193144573482,-0.266324807727684,0.35956090950427,-0.369115720046243,0.378777967762082,-0.323879139926256,0.5538707275257,-0.07045086018782,-0.122195894261441,-0.1770673435281,0.0588513388274673,-0.65639956722234,-0.0671923967100855
8236,0.398413209413522,-0.527423865078347,-0.374214660931863,-0.300056333045503,0.377148950797882,0.647695368328996,0.657212805675225,0.255031113798057,0.468950281883828,0.608481196939347,0.213416216352289,0.32542840005083,0.264180248769794,-0.600197251611548,-1.09931013752099,1.53555086239754,-0.113622288842012
8237,0.596517768320526,0.799261090871812,0.949103652433214,1.16989122854052,0.842508093096935,0.744370579258068,1.28384837656145,2.04425203748505,0.793570622821411,0.886336925548778,0.0388241637050858,1.51306615701402,1.1889071512097,1.89564145653282,-1.14220500701538,1.95979933264655,1.15834956035702
8240,0.584196527888146,0.642341364899213,0.337594700720598,0.814882102363943,0.755705357405001,0.326909441155257,-0.0085874883913854,-0.369115720046243,0.496001974857939,0.497338905495572,0.5538707275257,0.167076691204818,2.11878573531972,1.80484037829879,2.24648968304122,1.67696701914721,0.958595654948154
8241,0.233498069858279,0.428359920391122,-0.31274021618012,0.541011208938176,1.33921266885441,1.28047856713747,0.98619648039049,0.662373995387036,0.901777394717854,1.01137200342302,0.573512333939551,0.562955951443468,1.24299981060042,0.241810785702026,-0.15562300864447,0.262805451650514,0.721172983511059
8242,1.26261131235968,1.91196460231388,2.24006699493762,1.14294004191587,2.70876704212437,2.34097633844047,0.754369708644543,0.572818941787744,1.33761026103443,0.978955501751922,1.39191260118333,0.58947546270555,4.69462668937645,1.97190634842538,1.3028025541647,3.58608513526775,1.33300323826685
8243,0.0904232589245474,-0.185053553865403,-0.235088285803915,-0.170118062628329,-0.760449196651195,-0.459675229585828,-1.16003034989482,-0.69586591784421,-0.303525888804046,-0.669655154664041,-0.834136125719746,-0.624681805519722,-0.308944363295322,-0.397892716433603,-0.0269384001613075,-0.23215109697333,-0.366032696348018
8244,0.242035707613817,0.41409449075725,-0.613641446387915,0.0688920280110493,0.515551103086939,0.61254074617297,1.32301309974184,0.275846410852399,0.701143993587749,0.571433766458088,0.518952311758497,0.0329660047067737,-0.0964374842108565,-0.405750716094454,-0.274870745838867,-0.182301901719072,0.0299285252298929
8246,0.21271611852327,-0.727139879952564,0.0852259269979315,0.679134622186546,1.00164645536813,0.656484023868002,0.578883359314447,0.54629963625873,0.306640111415038,0.552910051217461,0.815758813043709,0.32542840005083,1.44906708791408,0.226629041314772,0.281475711503338,0.545991305541727,0.435628173817495
8247,0.235005818090841,0.84205737977343,0.790564294711215,0.931491704170918,1.47423916235051,1.15450784067459,-0.0999718450899404,-0.45233529789215,0.919811865116678,0.701099773142491,0.562600334741103,0.5392229905836,0.880321404981092,1.18632898856296,1.00253846770399,1.2527185488982,0.842695069531612
8249,0.0576387257905374,0.599545075997595,0.531724526661111,0.77707165512627,0.524231378681529,0.553949706316708,0.604993172157059,0.334221807601683,0.396812425536783,0.694925198308327,0.5407763232498,0.483780108896843,0.899125043874458,1.04116747074877,1.21701281517593,0.828470078649193,0.864881076140601
8264,0.230424483155163,-1.01244847263002,-0.419511620447402,-0.4888955280629,-1.05268509440981,-1.02214918408225,-0.654805420867801,-0.369115720046243,-0.82953106924237,-1.31798518808605,-0.965080168478751,0.32542840005083,-0.560088855848338,-0.502250513629269,-0.0698332696556948,-1.64631266447003,-0.543885852759691
8311,0.206865781515506,-1.01244847263002,-0.584521972496838,0.00325742095492963,-1.29862619338564,-0.991388889695723,-0.472969203863726,-0.285896142200336,-0.7213242847218,-0.447370571776495,-0.943256156987447,0.32542840005083,-0.508572037292675,-0.597414673827961,-0.79904605106028,-1.43418842934552,-0.331397698060703
8312,0.365125325210709,-0.998183042996145,-0.866010220110581,-0.703374845323892,-0.365496722922725,-0.156466613490102,0.239455761028725,0.54629963625873,0.432881353710305,0.293578037848657,0.00390574793788295,0.721307660289481,-0.971450656624003,-0.655692982927417,-1.22799474600415,-0.23215109697333,-0.432793342246447
8337,0.22749515827077,-0.527423865078347,-0.0700779337544788,-0.130449133911779,-0.638925358580896,0.414795996545323,-0.721385450274462,-1.61740938773484,-0.396703956408344,-0.0537416229131332,-0.834136125719746,-0.149626702734446,-0.282670785558379,-0.374162893095169,0.187535947310629,0.0506812165260091,-0.184915559334526
8343,0.294415799588568,-0.113726405696039,-0.565108989902787,-0.643015844330224,-0.0544535630636549,0.151136330375126,0.187236127510559,0.712738791950544,0.0180886986509807,-0.447370571776495,0.370549067663093,0.800483502836107,-0.817672951717663,-0.632608717634775,-1.0564152680266,-0.51498341047267,-0.5395773399879
8351,0.452572623623149,1.12736597245088,0.900571195948085,0.547926879720667,-0.331740104612192,-0.00266514155748796,-0.302322912244302,1.3784954147178,-0.144221471817809,0.312101753089284,0.344360259111294,0.32542840005083,1.03693253483226,1.74273324216912,1.81754098809735,0.616345843524688,0.763110223515551
8354,0.21620530822078,-0.0709301167944212,-0.603934955090889,-0.772048964405734,-0.387197406845709,-0.969417250848207,-0.878044342996017,-1.45097023204303,0.0361231690498053,-0.0768962669639192,-0.179415911924724,-0.624681805519722,-1.22980750479948,-0.854369036675564,-1.0564152680266,0.0506812165260091,-0.560852558755036
8357,0.352635396576062,-0.655812731783201,-0.730119341952223,-0.460627752236053,-1.23894930905299,-1.65053805512121,-0.674387782457996,-0.451287753236586,-2.0130427157605,-0.910463452792215,-0.257982337580126,0.681719727139787,-0.714639313060832,-0.674837118078499,-0.591005934012501,-0.924383184262964,-0.466287937278502
8365,0.512727677118924,-0.527423865078347,-1.35133478496186,-0.891489809773199,-1.25522482351428,-0.595899390440429,-0.909376121540329,-2.69926389973163,-0.270462714113077,-0.854892307070329,-0.0110592836496612,0.206664624354511,-1.79649251354829,-0.765014898889002,-1.57115370195925,-1.29277227259585,-0.598786829426254
8376,0.687575163916477,1.12736597245088,1.15293996967075,0.99789277929251,0.130725615864327,0.407472119859035,-0.387179809857497,0.712738791950544,0.306640111415038,0.185523029191035,0.0170001522137826,-0.149626702734446,0.779348438962938,2.14373609171748,2.76122811697387,1.0405943137737,1.22996989251438
8387,0.146635160209316,-0.513158435444474,-1.00837209259638,-0.692593394855771,-0.557909466534031,-0.200409891185135,-0.486397111192129,-0.45233529789215,-0.513927963504201,0.0898171702017409,-0.104590740892607,0.167076691204818,-0.817672951717663,-0.800876761363878,-0.884835790049055,-1.22206419422102,-0.408984281984667
8420,0.367279894614947,-0.484627576176729,-1.04072706345704,-0.518331669630305,-0.146078678586802,-0.0905516969475533,0.343895020232114,-1.61740938773484,0.144329940946248,0.293578037848657,0.176003630836231,0.32542840005083,-0.817672951717663,-0.6631725520097,-1.22799474600415,-0.939231880721679,-0.235748745178002
9057,0.351666222633838,0.242909335150778,-0.264207759694992,0.182401603487632,0.495297130075222,0.577386124016943,2.14547228653,1.01787724682619,0.64328342841046,0.664052342661232,0.737192387388307,0.562955951443468,-0.0570271180389572,-0.0455961084091587,-0.412992225610794,0.474929686775018,0.353113180951815
9058,0.39090022056816,1.71224858743966,1.8906333082447,1.26418959319734,0.920630563321266,1.37422422914976,0.970530591118336,0.658222855686319,0.832645291853362,0.802980206965948,0.684814770284704,0.32542840005083,1.57244986925438,1.95200535211717,2.50385890000755,2.24263164614589,1.53431441930613
9115,0.0833383879606528,0.456890779658868,-0.0991974076455557,1.04620045918067,0.778852752239251,0.634512385020486,1.04886003747911,0.73586656939049,0.685363838300841,0.53438633597683,0.649896354517502,0.302364923617013,0.620161468652272,0.322683626404213,0.406299781732005,0.764832808111841,0.810832901829348
9121,0.113823696014331,1.25575483915574,1.07528803929455,1.27065781832835,0.784639606011307,0.805891168031114,1.10107967099728,1.71137372610142,0.496001974857939,0.826134851016734,0.318171450559494,0.495785646942335,0.953990456200349,0.874257324978059,0.925434939787828,1.02998810201747,1.0417199847655
9125,0.237684465568165,-0.527423865078347,-0.196262320615812,-0.710271432324614,-0.247348543645384,-1.03533216739076,-0.439399443375663,-1.61740938773484,-0.156244447875652,0.42589028692119,0.0606481621019817,-0.00711017189886441,-0.707426958813869,-0.796202030687451,-0.691916114498048,-0.84695783844252,-0.570154664558112
9298,0.142537610933034,-1.32628792457522,-1.11837899383325,-1.0861014768156,-0.748875499234068,-0.459675229585828,-0.752717228818774,-0.380082236289277,-0.308785944774391,0.145388315923627,-0.415115188890933,-1.15911879615316,-0.878205214018219,-0.802056574344119,-0.869858317152308,-0.90034243761552,-0.653935729855983
9314,0.107679958861467,-0.513158435444474,-0.555402498605761,-0.579917100494996,0.365093016410333,0.0266303739763159,-0.263158189063913,-0.189911921025242,-0.513927963504201,-0.799321161348443,-0.27294736916767,0.206664624354511,-0.361749102863531,-0.715640838697026,-0.577386812948034,-0.603368508441214,-0.476394059763769
9332,0.870570149408793,1.76931030597515,2.12358909937332,1.1926202619873,0.842508093096935,0.0559258982987736,0.35956090950427,0.647632571782753,0.57715705378027,0.316732681899443,0.584424333137999,-1.93108333817923,1.16366390980833,1.74362366705987,1.29261502265978,1.31140625394931,1.16858001549761
9336,0.100224986757024,0.0431933202765602,-0.293327233586069,0.596773755402121,0.0757505506012337,0.202403484756447,0.226400850690948,0.62782868381009,-0.3245661000613,0.256530607367398,0.16976820646409,0.0879008486581922,0.656738410182259,0.359502695636642,0.519113288502244,0.491192544801231,0.70649740881267
9339,0.147001097618336,1.21295855025412,1.63826453452203,1.45644281382149,1.71053551077821,1.90154356149015,1.12718948383989,1.3784954147178,1.11458406210475,1.33090609132387,0.868136430147311,0.919247278532426,1.44958225563599,2.12708514626049,2.08649181982716,1.77807957122323,1.62734123595285
9343,0.138110185208377,0.642341364899213,0.531724526661111,1.01792574023604,0.813573844490628,0.0412781361375447,1.02927767588892,1.04561710333417,0.270571183241516,0.509688045902039,0.235240227843592,0.800483502836107,1.01503788678383,1.2823167917856,0.881789410077289,1.16574761249715,1.17805970470006
9363,0.286315231600441,2.8962792470511,1.22000135184468,1.41176045834992,1.42360422982122,1.8605298327119,1.12718948383989,1.05564758432797,0.883742936943152,0.756670918864376,0.737192387388307,1.51306615701402,1.25768210459199,1.93435267865809,1.77636191338274,1.57373322471995,1.57378012744744
9371,0.47760651893496,2.62523608400751,2.74480454238296,1.35234143228738,0.981392482356415,0.647695368328996,0.87914623441978,0.795958369796451,0.829639538370806,0.741234486409899,0.584424333137999,0.344049806195828,1.21002904694117,1.87872338360861,1.54783949615139,1.45423657226648,1.40075602506348
9380,0.0728516981091778,1.0132425353799,0.929690669839162,1.03672176713415,1.03058070397444,0.766342218105584,0.892201144757558,0.795958369796451,0.901777394717854,0.812242064586262,0.999080472906316,0.0887864290560181,1.06346369675162,1.34705068134298,1.00178780748784,1.09362537255482,1.1904700243427
9394,0.291964255750875,1.56483914789155,1.40530874339342,1.32136759555222,-0.0279305094364463,0.61254074617297,-0.0477522115717742,0.579587467397094,0.198433326894468,0.154650173543941,0.497128313361601,0.919247278532426,1.10931366572981,1.42347139759142,0.916748728715215,1.29726463827435,0.999341199379603
9399,0.126540593493545,0.784995661237939,0.648202422225419,1.38211613460577,1.06240837440328,0.964086967733231,1.02219027363436,0.949421645941247,0.937846322891376,0.719623488383118,0.737192387388307,0.919247278532426,1.26875822071282,1.88054875463464,1.31395522023324,1.6154509909611,1.52801506743523
9402,0.0732937106089874,0.513952498194359,0.172584348671162,0.844373575838056,0.815985039469726,0.993382483267035,0.970530591118336,0.29664090272101,0.739467224249064,0.84928949506752,0.649896354517502,0.16977455832781,0.899382627959509,0.921093674231404,0.805543779551015,0.849328961769769,0.728737446152921
9408,0.167523517911873,1.42693999476221,1.9294592734328,1.55931139696152,1.75104345680164,1.84295252163389,1.59716616200456,1.14472427766054,1.00096694403901,1.07157407795507,1.17367252555352,0.859722434357864,1.58404115336449,2.12846530484115,2.20606126854276,1.92798069737788,1.60856100960198
9409,0.175342744716172,1.42693999476221,1.74503593878932,1.15349764890661,1.00164645536813,0.858623101265153,0.892201144757558,1.12883668118008,0.703398296075538,0.738147203623749,0.802664408767809,0.32542840005083,1.33959384689916,1.67267906388952,1.77957902859482,1.51858092358758,1.27108491371708
9416,0.610447559810887,2.98187182485433,2.12358909937332,1.24063823202516,0.292757399958058,-0.0319606570912918,0.735542252036003,0.597083392988845,0.126295483171547,0.608481196939347,0.388008268999493,0.447581891865018,1.04826623508451,1.54479178895584,1.25647609511076,1.19827332854958,1.3336102992854
9421,0.215485469699853,1.35561284659285,1.11411400448265,1.5430506054626,1.55863071319033,1.35957646698853,1.440507269283,0.733102370499193,0.979926732781756,0.923384356030036,0.606248344629303,0.782536976759996,1.40295953437173,2.09832442228933,2.20799153767001,1.73565472419832,1.6080136465988
9427,0.191609719190967,0.770730231604067,1.75474243008634,1.02848774000983,0.567632746527497,0.647695368328996,0.469222134409358,-0.0362374086626164,0.638023372440115,0.68257605790186,0.649896354517502,0.0879008486581922,0.960945226759456,1.06819186618297,1.20596738628112,1.00806859772127,1.1857964100111
9470,0.180983394686656,1.10834539960762,0.628789439631367,1.49288163948118,1.36332454775649,1.70233403300978,0.99011295270853,0.876787256246953,1.04605310741195,0.96506271532145,0.868136430147311,1.51306615701402,1.34783653792988,2.20341682001986,1.77303756099692,1.73777596654957,1.64680744340357
9481,0.215868032334235,1.55532886146706,1.8129813778685,1.49242900589196,1.27169943223335,1.31563318929349,1.59716616200456,0.829660317461014,1.04304735392939,0.478815190254944,0.955432463018117,0.650428348267543,1.38647415227937,2.15486640285183,1.90762021403556,1.7045431697134,1.54666781331946
9503,0.110248056290577,-1.09804105043325,-0.807771272328428,-1.15414058805531,-0.433009969670774,-0.508012835050364,-0.721385450274462,0.0469821691832903,-0.450807342356567,-0.132467412685805,-0.62462565730534,-0.339648743848559,-0.842916192979943,-0.835024555924064,-0.842620075023372,-0.970696975598481,-0.651155481339521
9506,0.125699467153805,-0.313442420570257,-0.205968811912838,-1.04390259120892,-0.27435384437,-0.588575513754142,-1.08170090353404,-0.766304134048556,-0.371906565922025,-0.447370571776495,-0.0484718691657196,-0.149626702734446,-0.609029834414339,-0.723298492757459,-0.568807839049156,-0.732057211083413,-1.2916317733534
9507,1.25899670318937,-1.61159651725267,-1.07308203431771,-1.40401015800382,-2.60066731585675,-1.9010147379829,-2.95899663490844,-3.48984988926774,-3.15597681650541,-3.45747429837867,-3.60578503515014,-3.2968667586869,-0.951359097141559,-0.799452081538681,-0.665428532585263,-0.986252752840944,-3.25937681317459
9508,0.157396864553653,-1.21216448750424,-0.529518521684273,-1.12677883222694,-0.433009969670774,-0.617871029287946,-0.909376121540329,-0.603400071832468,-0.17307660930698,-0.706702585145299,0.431656291982099,-0.268390478430765,-0.721078915851669,-0.739682310747222,-0.648485059134981,-0.730643049515916,-1.01015811971471
9509,0.306884801727879,-1.06951019116551,-0.594228463793864,-1.23762382364915,-1.59761341480637,-1.81898728657846,-1.53601169242655,-1.70062896558075,-1.39060325161062,-2.39236067204252,-2.14357655330979,-0.743445581216041,-0.896493684809487,-0.77567773695571,-0.656313372817706,-0.942767284640421,-1.83787059890794
9510,1.10330515221903,-1.36908421347683,-0.720412850655197,-1.26865619551272,-0.84146508869806,-2.19982902630912,-1.61434113878733,0.0469821691832903,-2.36246043456028,-2.28651087463686,-1.9565136388239,-4.30635885210561,-0.890569250601401,-0.650773385406034,-0.58653770414188,-0.87488752940058,-2.38410942446249
9511,0.481551170909237,-1.08377562079938,-0.749532324546274,-1.42183726545093,-2.03644949638933,-1.98011263783396,-1.379352799705,-1.61740938773484,-3.50584540590204,-1.41325000667732,-1.30553467965216,-0.743445581216041,-0.988193622750414,-0.849516221020987,-0.743497195065048,-1.04105151358144,-1.46000185840668
9512,1.8056493417425,-1.82557796176076,-1.32221531107079,-1.68219792252562,-2.0026928750407,-2.74179611817415,-2.94594172692055,-1.95028769911847,-3.91342427027701,-4.48554049423357,-4.98069748411969,-3.47501242223138,-1.07062053326477,-0.774008190285557,-0.706929318821083,-1.03044530182522,-3.23559935841516
9513,0.380548565092779,-0.655812731783201,-0.425982614774839,-0.741266222707757,-1.48959222507298,-0.969417250848207,-1.87543929306216,-1.86706812127256,-1.04594462565938,-1.94470422348128,-1.92533647767998,-2.22799277742003,-0.917615580622861,-0.76710739738226,-0.609343490721352,-0.890089766251169,-0.359812600348592
9514,0.158047276880751,-0.613016442881583,0.350536688987213,-1.16631539446683,-1.06425879182694,-0.595899390440429,-0.846712564451707,-1.1180919206594,-0.466587497643476,-0.725226300385927,-0.866872136409497,-0.0308629270381269,-0.748897998176191,-0.755064400734893,-0.655348238254082,-0.87241274665746,-1.06670990400741
9515,1.03582303993937,-1.54026936908331,-0.895129694001658,-1.18873793379995,-2.36919333915868,-2.44591138140131,-2.63262394147744,-1.73169688896545,-4.29214799716282,-3.20277321382003,-2.84194477699301,-2.9999573194461,-1.13166796386835,-0.878877981793402,-0.865354355855398,-1.03539486731145,-2.0467266204435
9517,0.831581145839677,-1.09804105043325,-1.49693215441725,-1.88871982207061,-2.10396274009928,-2.69785284047911,-1.82321966267717,-0.45233529789215,-1.60801873427123,-2.99438141736295,-3.19112889538183,-2.9999573194461,-1.10977331575809,-0.872600486313629,-0.916542219153743,-1.07393077002574,-3.10707257593173
9518,0.169791880247951,0.499687068560486,0.51231154406706,0.12822971166971,0.292757399958058,0.729722817096839,0.696377528855614,0.368087762302564,0.144329940946248,-1.00308202899536,0.584424333137999,0.0879008486581922,0.627888991543806,0.131687487338767,0.506352064827664,0.511697887529932,0.170360377395524
9519,0.492099760878032,-0.341973279838002,-0.380685655259299,-0.970338615034308,-1.35649468857286,-0.52998447389788,-1.30102335334422,-1.78384854342666,-2.97563218826192,-1.31798518808605,-1.96898450066259,-1.24225343914058,-0.725715429619045,-0.602334271349343,-0.464037120309115,-0.861099454117487,-1.57246279307968
9520,0.284018736048413,1.72651401707354,1.79356839527444,1.96174769426981,1.08844920118705,1.0519735231233,1.59716616200456,0.712738791950544,0.580162807262827,0.478815190254944,0.531423173597186,0.32542840005083,1.22599926089434,1.58472734530589,1.58376394935294,1.5744403055037,1.46269717526633
9521,0.123737338901554,-0.769936168854182,-0.24479477710094,0.298280507790939,-0.0110521952176878,-0.00266514155748796,0.317785207389503,-0.0862112936240409,0.0721920845992003,-0.609453080131997,-0.735928093650493,0.32542840005083,-0.186076749795934,-0.474602820771543,-0.230796267433383,-0.293667125159437,-0.391944295969447
9522,0.716883290928185,-1.38334964311071,-0.542460510339147,-1.36055658411922,-1.83390976627216,-2.19982902630912,-2.11042763214449,-1.61058273833484,-2.72314970367138,-3.39264129503647,-2.96197682055357,-1.66980303164733,-1.02090680286091,-0.850517949023079,-0.798080916496656,-1.00640455517777,-2.60453285642156
9523,0.133947559303239,0.20011304624916,0.402304642830189,-0.0637088099247906,-0.973115913274216,-0.213592874493645,-0.470731221919974,-0.247010362142538,0.162364411345073,-0.169514843167063,0.239605024904089,0.32542840005083,0.0846441343800708,-0.337054435773247,-0.0272601116825151,-0.214474077379622,-0.608511924454013
9524,0.152382436476808,0.799261090871812,0.984694120651727,1.38660559730966,0.718090833204102,0.489499568626878,0.0893243195595867,-0.0362374086626164,0.541088138230875,0.432505902153372,0.684814770284704,-0.0893537508399981,0.84632030436807,0.62990247433454,0.778305537422079,0.957865862075141,0.371504791982079
9525,0.249812994343444,0.485421638926613,0.269649261641419,-0.368032386926598,1.01852476958689,1.42549138353107,0.970530591118336,1.4617149925637,0.703398296075538,0.53438633597683,0.933608451526814,0.499745031239147,0.965839324576336,1.42053299545195,1.31695786109785,1.13110065409349,1.26283802850461
9526,0.0830695469986825,-1.04097933189776,-0.697764371091557,-1.33286019225472,-1.12502071086209,-1.45279330549357,-1.41068457824931,-1.0348723428135,-1.37056496659696,-1.87369664530491,-1.28308712572365,-1.17891275085162,-1.11389466129973,-0.874359075472856,-0.832003594823511,-1.01206120144776,-1.39252529760289
9527,0.172368806340873,0.171582186981414,0.0852259269979315,-0.580854907658937,0.365093016410333,0.671131786029231,0.970530591118336,0.719490951945821,0.769524670705728,0.664052342661232,0.737192387388307,0.32542840005083,0.526143273868612,0.081356220389237,0.341421291621744,0.397857881346448,1.16644294164204
9528,0.215791241984809,1.26050998236513,0.589963474443265,1.16751914301353,0.697836860192386,-0.0612561814137495,0.970530591118336,1.71137372610142,0.595191524179095,0.386196614051801,0.318171450559494,0.32542840005083,1.12992039333754,1.11418231179011,0.743453455957889,1.12332276547225,1.31938981279732
9529,0.281946305406031,-1.04097933189776,-0.438924603041453,0.49262427363211,-1.06715221364947,-1.14519036162834,-1.43157243322316,-1.61740938773484,-0.745370236837483,-0.854892307070329,-0.424935992097857,-0.209008590582605,-0.673683442301353,-0.801210670697908,-0.686339781463777,-0.520640056742657,0.0257677471016741
9530,0.392742034192099,0.41409449075725,1.8906333082447,0.249913224714852,-0.141256308882576,0.143812453688839,-0.987705567901107,0.0243189294146119,0.0180886986509807,-0.132467412685805,-0.074660677717519,0.919247278532426,-0.0997860778265333,-0.389300116237885,-0.15615919451315,-0.0963915864936474,-0.319326663866314
9531,0.0938579312998808,0.442625350024995,0.687028387413521,0.831763766963655,1.14631768827268,1.22774663390343,1.04886003747911,0.54629963625873,0.664323627043587,0.555997334003611,0.5538707275257,0.32542840005083,0.815925381126582,0.860722866638689,0.807902997373207,1.20180873246832,1.35923311536718
9532,0.347219696452567,1.29855112805736,1.33412780850943,1.96174769426981,0.697836860192386,0.788313856953101,0.581485714267173,0.54629963625873,-0.229885168339849,0.293578037848657,-0.205604720476523,-0.07045086018782,0.791970060227736,0.910497618031503,1.05658600326692,1.13180773487723,0.6202041160875
9533,0.0908525818412543,0.328501912954014,0.182290839968188,-0.0498185221778201,0.119151918447201,0.290290040146512,0.265565573871337,-0.285896142200336,-0.48687627053009,-0.428846856535867,-0.179415911924724,-0.228802545281072,-0.120135221411029,-0.517231912416104,-0.400552713457421,-0.403618187032305,0.202492073016379
9534,0.624609927683996,-0.769936168854182,-0.33538869574376,-1.14832982399058,-1.00928372656385,-1.21110527817089,-0.987705567901107,-0.868433187121683,0.595191524179095,0.756670918864376,0.671720366008805,1.15677482992506,-0.693002249474551,-0.720604957462946,-0.623069848959556,-0.888675604683672,-1.26721168468155
9535,0.119282965713367,0.585279646363722,0.570550491849214,1.16334183136949,0.231995480922909,0.466063150926643,1.00186236966265,0.54629963625873,0.685363838300841,0.571433766458088,0.684814770284704,0.147874674704392,1.02328057783001,1.20097647801577,1.07299329084852,1.28665842651812,0.93380946534705
9536,0.115607514130587,0.899119098308921,1.11411400448265,0.400984452882949,0.524231378681529,0.489499568626878,0.480971551363475,0.154230689960874,0.126295483171547,0.108340885442369,0.0824721735932849,0.879659345382732,0.612176361675686,0.555952687157919,0.98044760991438,0.768368212030584,0.122162833964241
9537,0.43159236187694,-1.08377562079938,-0.710706359358171,-1.17355428044765,-1.67477140703906,-1.7311007311884,-1.67961567716021,-1.07648213173645,-2.8283507347094,-2.80914426495667,-1.29244027537626,-0.92159124476052,-1.06083233765111,-0.795133520818553,-0.651594937173324,-1.03256654417646,-1.60459448870053
9539,0.232153281013083,-0.270646131668639,0.657908913522444,-0.742030241468464,-0.888724362434393,-0.916685317614168,-0.387179809857497,0.00537238026033693,-0.919703383364116,-0.740662732840404,-1.00249275399481,0.38481028789899,-0.168045863146902,-0.434511440065615,-0.202914602262032,-0.435790362692855,-0.72932709998843
9540,0.18990793073704,-0.456096716908983,0.541431017958137,1.11991207256783,0.123974288151427,-0.178438252337619,0.265565573871337,0.54629963625873,-0.114164025361145,0.0620315973407967,0.531423173597186,0.10729137986486,-0.201274211416678,-0.505634128214111,-0.346826889415701,-0.201746623272151,-0.0622730988994702
9541,0.182878421754287,-0.841263317023546,-0.497163550823607,-1.10388090320027,-1.48669880021235,-0.617871029287946,-0.987705567901107,-1.53418980988894,-0.850571280499624,-1.17508796019914,-0.812312114228443,0.32542840005083,-0.94723775156283,-0.699613190663562,-0.625107355260539,-0.96892927363911,-1.01015811971471
9542,0.255288394996058,0.385563631489504,1.27912435653209,1.96174769426981,0.765350106940435,1.00803024542826,0.970530591118336,2.04425203748505,0.595191524179095,0.633179487014138,0.632437153181102,0.518712173577587,1.2048773650856,1.64449711609734,1.34055003931976,1.44080203737526,1.02185031134819
9543,0.0660319205636955,0.632831078474729,0.596434468770702,0.108586880961357,0.748471792721677,0.594963435094956,-0.106499296342358,0.712738791950544,0.865708466544331,0.460291475014317,0.295256243076667,0.32542840005083,0.517900582776065,0.160960205622108,0.527370550879913,0.459020369140681,0.296316624229278
9544,0.287577023431196,-1.48320765054782,-0.807771272328428,-1.09355438627144,-1.1539549594684,-1.45279330549357,-0.956373789356795,-1.37925867206495,-2.70511524589669,-1.74403063862051,-1.94716048917128,-1.17891275085162,-1.03224050303125,-0.773496195973377,-0.635938309807872,-0.998980206948415,-1.89377974928823
9545,0.723951390801436,0.0146624610088148,1.03646207410644,0.0654528259214104,-1.83390976627216,-1.28580885025244,-1.7122529467383,-0.535554875738057,-1.18721458487092,-1.28093775760479,-1.77693323358458,-2.28737466526819,-0.51990573738574,-0.594409489821686,-0.373528945675957,-0.590287513941869,-1.01015811971471
9546,0.590605447103831,3.72367416581571,1.29057782664044,1.96174769426981,2.11561497101253,1.56171554438568,1.71466033154572,1.3784954147178,1.06408756518664,1.46674667284243,0.397830700661366,0.28687295761231,1.46993139914321,1.81597068943314,1.7476223508215,1.63807757604105,2.08219626683642
9547,0.150483812213801,-0.227849842767021,-0.167142846724735,-0.672861065301023,0.0564610515303616,0.239022885765192,-0.0281698499815798,-0.0971107900804697,0.0361231690498053,-0.336228280332723,0.278888237731791,0.32542840005083,-0.328005586315468,-0.540160353352865,-0.560014390802807,-0.593822917860611,-1.06670990400741
9548,0.784586241172188,2.55390893583815,1.27178948519707,1.96174769426981,2.06498003848324,1.38154810583604,-1.14436446062266,0.975703547660994,0.973915251064898,0.988217359372236,0.868136430147311,0.335037868315567,1.41764182783783,1.96166646218178,1.83255419242038,1.58009695177369,2.28334068142298
9549,0.280326664396701,0.442625350024995,1.25647587813322,-0.00814765893690873,0.00582611900107066,-0.332239724270233,1.12718948383989,0.130201747029197,-0.556008373394581,-0.555425580434116,-0.0484718691657196,-0.505918029823403,0.460201745406431,-0.11885581629545,0.287373756058816,0.0697723976872142,0.275109705119512
9551,0.203953366546728,1.07030425391539,1.8906333082447,1.96174769426981,1.64977359174306,1.03000188427578,0.904623925527709,1.12883668118008,0.937846322891376,0.571433766458088,0.632437153181102,1.51306615701402,1.31718403064971,1.69700992402921,1.89947018883163,1.64726962622978,1.0784020956409
9553,0.221295610519602,0.998977105746029,1.23059190004696,1.91325796249857,0.410905579235398,0.151136330375126,0.304730297051725,0.704812982686109,0.306640111415038,0.293578037848657,0.16976820646409,0.32542840005083,0.836532108703398,0.820765049666373,0.793962164787531,0.959280023642637,0.371504791982079
9554,0.841894399961261,0.613810505631467,1.16264646096778,1.21419766279649,0.208365849118235,0.42211987323161,-0.341487635424691,0.0622146962064418,-0.198324857766032,-0.0583725517232915,-0.179415911924724,-2.84160561060009,0.671420703617446,0.170265145730424,0.715464553612802,0.444525213073839,-0.0384956441400368
9555,0.96401616615155,0.585279646363722,0.997636108918342,-0.179066042811174,-1.4457086172185,-0.881530695458142,-1.23574881732122,0.130201747029197,-1.42466835254519,-2.02188636722994,-1.98644370199899,-2.52490221666083,-0.202304547818701,-0.445463666221815,-0.320768256197861,-0.485639557947114,-0.118824883192176
9556,0.0853995568649573,-0.399034998373493,-0.361272672665248,-0.918452577232204,-1.12502071086209,-0.727729223525527,-0.752717228818774,-1.61740938773484,-0.804282820783318,-0.780797446107813,-0.801400115029995,-0.505918029823403,-0.761262034742373,-0.76145319932601,-0.720905882833048,-0.868877342738719,-0.608511924454013
9557,0.14180839523174,1.36987827622672,1.46354769117557,0.97796563606323,1.12317029343843,1.47382898899561,0.918310957600169,1.3784954147178,0.685363838300841,0.830765779826892,0.824488420259112,0.347203958201393,1.15490605062296,1.78371504776579,1.54108355420602,1.45989321853647,1.00578446353777
9558,0.121643516758248,0.756464801970194,1.56708359963804,0.0625665332294864,0.799106725250968,0.489499568626878,1.1076071222497,0.712738791950544,0.57715705378027,0.552910051217461,0.684814770284704,0.476379598397543,0.813091956051928,0.920537158674686,1.06055377869515,1.10988823058104,0.467899878844645
9559,0.266702589254018,-1.51173850981556,-0.303033724883094,-1.22336213769147,-1.68923853032952,-2.02405591552899,-1.41851752288538,-1.35700527427449,-1.67715083713572,-1.70698320813925,-1.69462555330589,-0.577176295241197,-1.05671099207856,-0.66214856338534,-0.656956795860122,-0.998626666556541,-1.86164805366738
9560,0.13227473958444,-0.798467028121928,-0.798064781031402,-1.62649245680212,-1.46258692738646,-1.05730380623827,-0.815380785907395,-1.20573976017519,-0.340346255348208,-1.5601132106948,-0.659544073072543,-0.545505962973096,-0.939767812818166,-0.814500262192322,-0.771736303183897,-0.906706164669255,-1.24343422992212
9561,0.356924495195159,1.0132425353799,0.687028387413521,1.96174769426981,1.25482111801459,1.0519735231233,0.944531923579983,-0.535554875738057,0.685363838300841,1.01137200342302,0.737192387388307,0.800483502836107,1.32877531494065,1.83460283027204,1.55405925222808,1.60838018312362,1.60022083252359
9562,0.162095560358189,0.571014216729849,0.357007683314649,1.24674863991844,-0.358263158239401,0.0676441027545641,-0.298406439926263,0.109495914844261,0.234502255067994,0.256530607367398,-0.0484718691657196,0.0879008486581922,-0.101331582414113,-0.380284564219062,-0.213745556809365,-0.0539667394687468,0.122162833964241
9564,0.286661681725949,2.22580405425908,1.21373721870486,1.86746210404115,1.18971906624564,0.810285495800617,1.04886003747911,1.3784954147178,0.541088138230875,0.923384356030036,0.580059536077503,0.0131557753950652,1.02585641875779,1.35766899816515,1.41990554788438,1.42171085621406,1.60022083252359
9565,0.180396617397007,-0.498893005810601,-0.0765489280819157,-0.529293428155396,-0.0110521952176878,-0.156466613490102,-0.0216423987291627,-1.0348723428135,0.0361231690498053,0.224114105696299,0.16976820646409,0.919247278532426,0.063779822687294,-0.493613392189013,-0.186829026201637,-0.342102158846199,-0.150956578813031
9567,0.337261601574579,1.69798315780579,1.1335269870767,1.68483329374307,1.30545605054388,1.01681890096727,0.839981511239391,-0.369115720046243,1.02801863701312,1.08083593557538,1.06455249428582,0.189087177755606,1.17319452137249,1.75807081091225,1.54676712441403,1.51787384280383,1.79301100624873
9569,0.119618242374173,0.899119098308921,0.861745230759983,-0.0930046895365829,0.0757505506012337,0.107193052680094,-0.0085874883913854,0.54629963625873,-0.223573106225084,0.349149183570542,0.501493110422098,0.285845526558884,0.702330795029034,0.427486636045252,0.677180882589062,0.60715379333596,0.0739652905329573
9571,0.458326379616038,-1.52600393944943,-1.5163451370113,-1.478600617827,-2.03644949638933,-2.05335143369939,-2.33497204530648,-1.41913783457876,-2.3985293627338,-2.2534328077378,-2.23710801055274,-3.05933920729426,-1.07062053323696,-0.664797577435315,-0.615670483971774,-1.01630368615025,-1.66114627299324
9573,0.147312113255862,-0.741405309586437,-0.555402498605761,-1.12028904491841,-1.76639652256221,-0.52998447389788,-0.846712564451707,-0.942337971682086,-0.955772311537638,-0.669655154664041,-1.19423224330701,-0.624681805519722,-0.832870413276586,-0.767174179249066,-0.597225690089188,-0.755390876947108,-1.78131881461524
9574,0.274571034430844,1.6409214392703,1.08047037109166,-0.332534985804521,0.90037659030955,0.12916469152761,0.21334594035317,0.176765542970498,0.468950281883828,0.108340885442369,0.134849790696887,-0.195960885276063,0.833441099574603,0.643013980850804,0.947311323229966,0.647457398009615,0.0578994427225296
9576,0.195523022448763,1.29855112805736,1.25000488264101,1.96174769426981,1.8320593488485,1.90154356149015,0.959831161541685,0.788433122385945,1.02200715529626,1.09009779319569,0.868136430147311,1.11718689677537,1.34139693558724,2.00667744040909,2.07233651289401,1.69110863482218,1.68890431243715
9577,0.267536049836483,0.927649957576666,1.91004629083875,1.89103350210342,0.90037659030955,1.35078781144952,1.41439745644039,2.04425203748505,0.660115589841789,0.978955501751922,0.693544377500108,0.736473598086859,1.07814599010953,1.86102618890499,1.77786323381504,1.53095483730318,2.10661635550827
9578,0.146568465526213,-0.456096716908983,-0.584521972496838,-1.32253367532589,-0.804332801467585,-0.639842668135462,-0.230520917135941,-1.1180919206594,-0.48687627053009,-0.0398488364826611,-0.34309596537348,0.0879008486581922,-0.896236100702799,-0.867502803814097,-0.835292215783037,-0.851553863536884,-0.906051425903135
9579,0.159327454364973,-0.356238709471875,0.191997331265214,-0.0842495997513549,-0.213591925334852,-0.464069557355331,-0.674387782457996,-1.61740938773484,-0.468841800131265,-0.817844876589071,-0.34309596537348,-0.268390478430765,-0.0732549160462686,-0.475938458107665,-0.255460817392656,-0.297202529078179,-0.383590055108025
9581,0.315462484700356,1.58385972073481,1.71591646489824,1.96174769426981,1.22106449970405,0.61254074617297,0.931365867937947,0.453149891097235,0.811605080596108,0.73351627481359,0.606248344629303,0.0879008486581922,1.2674703002412,1.6542695292733,1.83158905785676,1.59282440588116,1.46269717526633
9582,0.146808997535406,0.713668513068576,0.754973826492701,1.06872846748277,0.0612834212345874,0.682849990485022,0.539718636134058,0.54629963625873,0.144329940946248,0.170086605998418,-0.553541753990912,0.32542840005083,0.627373823280975,0.680612171862639,0.687475651267714,0.711448208938841,0.26675546425809
9583,0.185877877926105,0.770730231604067,0.589963474443265,1.00002575677796,0.365093016410333,0.594963435094956,0.304730297051725,0.29664090272101,0.622243217153207,0.84928949506752,0.449115493318499,0.455905802748037,1.07196397182104,1.50047089001886,1.13283163379319,1.21877867127828,1.72103600805801
9584,0.166507163500509,0.299971053686268,0.434659613690855,1.39603415693865,0.529053748385754,0.770736545875087,1.20551893020067,0.576254721446184,0.701143993587749,0.594588410508874,0.824488420259112,0.376238873966802,0.86203293420528,0.939703554448037,0.949670541052157,1.11519133645915,1.85727439749044
9585,0.691643393142846,-1.76851624322527,-1.64252952387263,-1.97892144929583,-2.22452210321604,-2.28771558169919,-2.39763560239511,-1.78731026318142,-3.18603426296207,-2.68874011589258,-2.79829676710481,-1.17891275085162,-1.27514230499091,-0.898934802457501,-0.968552248415688,-1.08877946648446,-3.74135224748742
9586,0.47253887389311,0.813526520505685,0.824807010517161,1.73228735555787,1.30545605054388,1.11788843966585,0.996640403960946,0.4914656574568,-0.526552087733727,-0.632607724182783,-0.0921198790539186,-0.125733390724601,0.737104647963665,1.02447200404725,0.836857034281918,0.875137410376584,1.46398244309116
9587,0.183684080622255,1.0132425353799,1.06558154799752,1.91539721632161,0.377148950797882,0.665272679407008,1.440507269283,0.504689847335777,0.580162807262827,0.645528627420605,0.737192387388307,0.142260411741556,0.783727369197009,0.737376758647823,1.03256487635006,1.00842213811315,1.1985746372629
9588,0.334509695949139,0.100255038812051,0.195232828234802,-0.0389115236504186,0.51217544429398,0.436767635392839,-0.178301291450718,0.447721497014651,-0.0901180732454623,0.478815190254944,0.41918543014341,-1.93108333817923,0.315954652044165,-0.204559212029945,-0.0546055909851872,0.117146810198354,0.0578994427225296
9589,0.21421487957982,0.143051327713669,0.117580897858597,1.45934019496653,1.22106449970405,-0.07297438586954,1.04886003747911,0.40906213133434,0.432881353710305,0.478815190254944,0.671720366008805,1.51306615701402,0.844002047540792,0.515905827696528,0.581954272311521,0.654528205847099,0.949875313157477
9590,0.427649179103186,-1.82557796176076,-0.924249167892735,-1.89834924010939,-2.51386457408863,-2.26574394285167,-1.70386050583299,-1.78384854342666,-2.3023455668952,-2.37383695680189,-2.3618166289396,-2.84160561060009,-1.17185108276987,-0.825608312704403,-0.833183203734607,-1.01382890340713,-1.95804314052994
9591,0.299881148814852,-0.926855894826782,-1.0989660112392,-1.5577986701262,-0.12678917951593,0.0193064972900284,-0.126081657932552,-0.111263510340325,-0.261445478913666,0.515862620736203,0.288241387384406,0.32542840005083,-0.563179865400601,-0.577981150587386,-0.534170231932438,-0.663116834667949,-0.3000476464938
9593,0.135764558631874,1.49826714293157,1.34706979561126,1.79472750638429,1.13185056903302,1.55732121661617,1.10107967099728,1.25366604794894,0.811605080596108,1.34325523173033,0.737192387388307,1.51306615701402,1.33624525370076,1.9648497311662,2.02601005384007,1.65434043406726,1.69661591938616
9594,0.287245027808639,0.670872224166958,1.41177973888563,1.90826637293868,0.885909471069889,0.744370579258068,0.520136274543864,0.379860480566917,0.57715705378027,0.84928949506752,0.711003578836508,0.16673140434249,1.10776816109587,1.78772195977416,1.55974282243608,1.44256973933463,1.63235252814445
9595,0.384690086012683,-0.156522694597657,-0.293327233586069,-0.688548919733255,-0.170190557488885,-0.0246367804050043,0.383059743412503,1.3784954147178,0.57715705378027,0.386196614051801,0.632437153181102,1.51306615701402,0.0519309543066696,-0.421644800394306,-0.212994896593213,-0.341041537670577,0.406849657165021
9596,0.35002324437601,-0.584485583613838,-0.516576533417658,-1.46410236550572,-1.48669880021235,-1.10124708393331,-1.81016475468927,-1.09633328703465,-0.883634455190593,-1.14200989330007,-1.35791229675576,0.721307660289481,-0.617530109565663,-0.757490808562182,-0.562266371451262,-0.927211507397957,-1.49213355402754
9597,0.169701708636578,-0.769936168854182,-0.529518521684273,-1.50212527429905,-0.23047023955361,-0.727729223525527,-0.62216814893983,-0.102441422946219,-0.234393785939554,-0.465894287017123,-0.0048238592775205,0.32542840005083,-0.545921730969629,-0.696919655369049,-0.525055072164881,-0.621752608818671,-0.126536490141181
9598,0.0532895217909464,0.214378475883032,0.648202422225419,0.274709109728672,0.123974288151427,0.348881080002774,0.0977321616915024,0.29664090272101,0.360743497363261,0.0712934549611106,0.306947673595235,0.32542840005083,0.751786941367943,0.413596007749583,0.783774633282614,0.583820127472265,0.0662536835839517
9599,0.102033852011426,0.0859896091781782,0.619082948334342,0.983113784824166,1.16078481763933,0.524654190782904,0.657229621163171,0.373084929868885,0.829639538370806,0.61774305455966,0.920514047250914,0.32542840005083,0.400957403541947,0.113678643923389,0.1361693410911,0.552001492203589,0.7892168350532
9600,0.892923919708517,0.357032772221759,-0.0506649511604275,-0.503147004101674,-2.13771936144791,-1.29899183356095,-2.03732014913553,-2.03350727696438,-1.69518530753455,-1.98219269436055,-2.29322688227962,-2.90494629888905,-0.49981417796357,-0.508594790975848,-0.508111598714598,-0.671955344464803,-1.74918711899438
9601,0.222601322002289,0.784995661237939,0.104638909591983,0.918483769017169,0.735813059589354,0.143812453688839,0.99011295270853,0.252539930331377,0.432881353710305,0.367672898811173,0.344360259111294,-0.941385199458986,0.80897061055202,0.66876952081569,0.659701223270098,0.887864864484054,0.645266838671767
9602,0.0909725419828061,-0.341973279838002,0.039928967482392,-0.489256716354704,-0.748875499234068,-0.23702929219388,-0.282740550654107,-0.0362374086626164,-0.270462714113077,0.0342460244798525,0.126120183481484,0.0879008486581922,-0.526860507975757,-0.739103534568236,-0.578030235990449,-0.662409753884201,-0.102759035381748
9606,0.917087293397435,-1.15510276896874,-1.29309583717971,-1.3750081609017,-2.57173306927585,-2.52940360902187,-2.37805324080491,-2.33864572934343,-2.24974504506413,-3.38029215463001,-3.32207293814083,-3.83130374932034,-1.19967016509285,-0.869194611106518,-0.876828733445146,-1.08489052217384,-1.55271435402075
9609,0.293845674480799,-0.498893005810601,-0.904836185298684,-0.786356600947605,-0.705474131388101,-1.35025899057887,-0.596058336097218,-1.57579959881189,-0.342600557835997,0.386196614051801,0.194709930141464,0.32542840005083,-0.859401575093943,-0.781821668701871,-0.730628734216732,-0.880190635278692,-0.758872360245461
9610,0.273230829780229,-0.0566646871605486,-0.186555829318787,-0.844671196799945,-0.951415229351232,-0.881530695458142,-1.11499091823737,-0.614096785675316,-0.414738414183045,-0.225085988888949,-0.534835454685679,-2.36655050781481,-0.836734174686807,-0.790592353875739,-0.737491913335834,-0.883726039197434,-0.863218014784086
9611,0.127458397435009,-0.555954724346092,-0.24479477710094,-0.930987214712327,-1.05268509440981,-0.705757584678011,-1.27491354050161,-0.95165276496759,-0.0720836154707648,-0.614084008942155,-0.812312114228443,0.0879008486581922,-0.791141789798303,-0.801900749988238,-0.685374646900154,-0.902110139574891,-0.83299915513499
9612,0.104163639282725,0.185847616615287,-0.108903898942581,-0.574720827878313,-0.546335769116904,-0.573927751592913,-0.643056003913684,-0.0362374086626164,-0.108152543644287,-0.280657134610835,0.278888237731791,-0.0902448148862864,-0.281382865092942,-0.711878793533616,-0.605804663988065,-0.683622177396651,-0.591371838656752
9615,0.0656405055476816,0.143051327713669,0.454072596284906,0.280147874330803,0.259000781647526,0.326909441155257,-0.0216423987291627,0.130201747029197,0.559122596005573,0.571433766458088,0.213416216352289,-0.109606095370954,0.171449974519573,-0.356532480258359,-0.138036112151771,-0.0179056194975807,0.0160453883329614
9616,0.109298586984312,0.585279646363722,1.41501523469044,0.942940788280115,0.437428632862607,0.4953586752491,0.735542252036003,1.4617149925637,0.706404049558094,0.756670918864376,0.562600334741103,1.15677482992506,0.762863057442413,0.265629651529535,0.582597695353937,0.820692190027961,0.859267040905695
9619,0.259143022023452,-0.337218136628613,0.337594700720598,0.0412986410433523,-0.281105172082901,-0.0905516969475533,-0.51772888973644,0.241161181383086,0.50501921005735,0.460291475014317,0.213416216352289,1.51306615701402,-0.120392805511535,-0.580852770860048,-0.343288062682414,-0.0808358092511838,-0.107781703725252
9622,0.174751171413284,0.499687068560486,0.285826747265881,-0.130581587508848,0.174609220680718,0.0324894805985387,-0.618438179033575,-1.07648213173645,0.448661508997214,0.478815190254944,-0.153227103372925,-0.149626702734446,-0.0261170265810033,-0.431483995437072,-0.266720720634933,-0.222959046784602,-0.149248537505615
9625,0.243206967610526,0.485421638926613,1.0558750567005,0.0625750385530273,0.770172476644661,0.671131786029231,0.0775749026054696,0.0469821691832903,0.721432766474363,0.886336925548778,0.802664408767809,0.00872500611156631,-0.229350877826251,-0.411182307928017,-0.260500964558247,-0.27528302478198,-0.194864978288024
9626,0.209039947780934,-0.337218136628613,-0.15743635542771,-0.691330562693643,0.37956014577698,-0.200409891185135,-0.45245435371344,0.42147026948987,0.18039886911977,0.182435746404885,0.431656291982099,-0.342079230650608,-0.730351943279782,-0.78936801965096,-0.692452300366728,-0.815139203173844,-0.644910920035571
9629,0.242557022910138,0.84205737977343,0.0140449909491632,-0.373468073959017,0.259000781647526,-0.178438252337619,-0.583003425759441,-0.45233529789215,0.653803527727024,0.0712934549611106,0.344360259111294,0.919247278532426,-0.100043661957949,-0.482238214209707,-0.483447048755325,-0.466901917177782,-0.245021362203214
9630,0.142129545223698,0.0859896091781782,0.201703822562239,-0.183528102978677,-0.193337952323135,-0.2882964465752,-0.889793759950135,0.29664090272101,0.411841142453052,0.182435746404885,0.671720366008805,0.32542840005083,-0.0374507267559795,-0.419507780656511,-0.267256906503613,-0.218716562082112,-0.0366622985702147
9631,0.76351776377887,0.870588239041175,2.55067471644244,-0.250513190839116,-0.647605634175486,-0.551956112745397,-1.22269390698344,-1.15970170958236,-0.306531642286602,0.126864600682996,0.0606481621019817,-0.387154254127084,-0.173455129164794,-0.478053217223192,-0.341250556381431,-0.469023159529027,-0.452348289472009
9632,0.0854128465579394,0.499687068560486,0.622318445303931,0.32256713392165,0.39402726501664,0.61254074617297,-0.308850363496719,0.242048064147833,0.631260452352617,0.687206986712018,0.587542058418477,0.32542840005083,0.287362817490764,-0.159169803224065,0.00255182261608384,0.226744331679348,0.173418266901792
9634,0.0785230285738587,0.442625350024995,0.919984178542137,0.802729880699726,0.714715174411144,0.700427301563035,-0.0085874883913854,0.920787736565311,-0.0510434042135111,0.627004912179974,0.501493110422098,0.32542840005083,0.450413549880855,0.380294116835608,0.512142872209406,0.633315782334648,0.62150766520547
9635,0.197922308569448,0.571014216729849,0.402304642830189,-0.345646575306508,-0.517401520510598,-0.588575513754142,-0.909376121540329,-0.308008442695262,-0.147828360847925,0.108340885442369,-0.812312114228443,-1.099736908305,-0.484616716285643,-0.555297576495581,-0.569880210786516,-0.410335454477915,-0.206404449007725
9636,0.594834269889454,1.51253257256545,2.58950068163055,0.499641013153319,0.263823151351751,0.151136330375126,0.552773546471836,-1.1180919206594,0.34270903958856,0.478815190254944,0.422926684766696,0.0189332292777777,0.182783674771824,0.0206515034624922,0.132737751531549,0.203410665815652,0.269302075777335
9637,0.310755414130048,-0.113726405696039,0.318181718126547,-0.568836718149704,-0.989994227492975,-0.464069557355331,-1.53601169242655,-1.51338491542746,-0.685255369172405,-1.18831918140165,-0.921432158590551,-2.00234160359703,-0.617787693604348,-0.779395260874583,-0.612453368759695,-0.753623174987738,-0.763465049495817
9638,0.122547254581985,0.285705624052396,0.518782538394497,-0.110810362063336,0.140852602370185,0.0412781361375447,0.0501595963791979,0.837568158719404,0.18039886911977,0.460291475014317,0.0824721735932849,0.32542840005083,-0.202304547818701,-0.503341284120435,-0.410311296267395,-0.243464389513304,-0.0126985478700688
9640,1.68828864127081,0.542483357462104,0.250236279047367,0.622752537100754,0.365093016410333,0.671131786029231,0.402642105002698,0.355012366467942,0.667329380526143,0.775194634105004,0.78957000449191,-4.66265017919457,0.553189603911708,0.0852073080417221,0.1931122803449,0.436040243668859,0.332981500458983
9641,0.120992416650876,-0.0328889711021923,0.518782538394497,-0.270660601381402,-0.0785654419657373,-0.0378197637135146,-0.51772888973644,-0.618774453583963,0.613225981953796,0.256530607367398,-0.0266478576744164,-0.505918029823403,0.108084287062451,-0.366505239034737,-0.233798908297991,-0.212352835028377,-0.078641403873473
9642,0.112251647058061,0.699403083434703,0.454072596284906,-0.00641514955292881,0.368709798751994,0.0632497749850611,-0.465509256218274,0.130201747029197,0.685363838300841,0.677283563863741,0.580059536077503,-0.0308629270381269,0.292772083446836,-0.152001882853544,-0.0176087660462782,0.231693897165587,0.143691535373126
9643,0.323930597181546,0.100255038812051,0.182290839968188,-0.287888683443171,0.191487534899476,0.143812453688839,0.304730297051725,0.920787736565311,0.411841142453052,0.0851862413915827,0.431656291982099,1.51306615701402,-0.515784391875013,-0.67276688020751,-0.561944659930054,-0.476093967366511,-0.0610981306631546
9644,0.194043680148195,-0.370504139105747,-0.205968811912838,-0.377523158182732,-0.488467271904291,-0.512407162819867,0.108906681149781,0.879177947642357,0.117278247972137,0.256530607367398,0.0497361629035338,-0.149626702734446,-0.546694483240236,-0.749899936368555,-0.640871219799727,-0.788270133391407,-0.526968337713448
9645,0.0942724186060451,-0.327707850204129,-0.31274021618012,0.232098849674942,-0.11232206027627,-0.134494974642586,0.108906681149781,-0.159579245542887,0.144329940946248,0.108340885442369,0.00390574793788295,0.919247278532426,0.213178598028767,-0.373918026250214,-0.107580754810756,-0.0412392853612761,0.126479401714491
9647,0.307565765214438,-0.884059605925164,-0.749532324546274,-1.19531761510631,-1.16552865688552,-1.54067986088363,-2.12348254013238,-1.0004363049798,-0.240405267656412,-2.52202667872692,-1.03055218985825,-0.719692826076779,-0.882326559569129,-0.8354252471249,-0.773416366537384,-0.972111137165978,-0.932145866528482
9649,0.263275272543657,-0.399034998373493,-0.273914250992017,-0.470930628316091,-0.705474131388101,-0.837587417763109,0.0305772347890035,-0.83219109170378,-1.51484066666693,-1.75946707107499,-1.11473049744858,0.32542840005083,-0.559058519869783,-0.75119105246014,-0.528486661724432,-0.739128018920897,-0.685728064189689
9651,0.370553443847369,-1.09804105043325,-0.956604138753401,-1.21164858219582,-1.68200496868429,-1.25065422809642,-0.0085874883913854,-1.61740938773484,-2.21818473449031,-1.83664921482365,-2.06875138227767,-0.149626702734446,-1.01034585497199,-0.837183836284128,-0.812593666377301,-1.01276828223151,-1.29134605373788
9653,0.517569820600287,-1.35481878384296,-0.84659723751653,-1.28957202742826,-2.34025909156507,-2.02405591552899,-1.86891183945986,-1.70062896558075,-3.03875280940955,-2.04504101128073,-2.03882131910259,-0.327772366278925,-0.979178179433626,-0.793731101615625,-0.805087064215783,-1.0265563575146,-2.07170403030109
9656,0.184427169463798,-0.284911561302511,0.570550491849214,-0.559615883184687,-0.669306318098471,-0.670602962521984,-0.948540844720718,-0.477389813873828,-0.703289826947103,-0.651131439423411,-0.986904179970054,-1.57479201109027,-0.421766197102171,-0.676306319148233,-0.599155959216435,-0.664177455843572,-0.650587950403705
9657,0.707854164089206,-1.41188050237845,-1.02131408086299,-1.33207075621657,-2.16665360904152,-1.71645297166376,-2.18502710546584,-1.90867791019552,-2.90349433191487,-2.60075246849959,-2.8544156388317,-3.53439431007954,-0.962177629130978,-0.792729373613534,-0.787714642070556,-1.0689812045395,-2.12625722312618
9659,0.0766166227551196,-0.684343591050946,-0.296562730555657,-1.10389958571016,-1.06425879182694,-1.43082166664605,-0.811464313589357,-0.868433187121683,-1.15415141017995,-0.848717732236166,-1.27934587110036,-0.86220935691236,-0.886190320990168,-0.825830918927091,-0.695669415578807,-0.973525298733474,-1.27600914945228
9660,0.464317646191947,-1.71145452468978,-1.33192180236781,-1.3499671601028,-2.25924319951821,-2.05335143369939,-2.41330149166726,-3.36502052249888,-1.83946100760451,-2.50813389229645,-1.69836680792917,-1.73314371993629,-1.09174242910442,-0.842036651938704,-0.85570301021916,-1.067567042972,-2.10072216461628
9661,1.64510048153877,-1.5973310876188,-1.25426987199161,-1.43809001368922,-2.06538374398294,-2.705176719802,-2.33497204530648,-3.1708415078025,-3.307015449287,-3.5408310169615,-5.47329649401179,-3.61752895306696,-1.17906343743721,-0.894727544848717,-0.944602627246278,-1.07110244689075,-1.62895509240866
9663,0.0994730018544675,-0.769936168854182,-0.193026823646223,-0.879220954842465,-0.792276867080037,-0.551956112745397,-0.987705567901107,-0.0639772651705999,-0.360635028234822,-0.431934139322018,-0.860324934271546,0.00872500611156631,-0.689911240350393,-0.784537464618652,-0.636367258502816,-0.950191632869779,-0.833926020222856
9697,0.208622577208405,-0.327707850204129,-0.438924603041453,-0.688829684068684,0.0902176698408941,-0.178438252337619,-0.282740550654107,0.130201747029197,0.327680322672292,0.53438633597683,-0.62462565730534,-0.86220935691236,-0.822567049468087,-0.88680276332106,-0.830609511564944,-0.837765788253791,-0.422057336323285
9698,0.0841696692148978,-0.127991835329912,0.00757399662172633,0.36607419954538,0.596566995133804,0.553949706316708,0.312563241687803,-0.493945086815103,0.559122596005573,0.278141605394179,0.363066545322119,0.32542840005083,0.333727954639057,-0.112244411481646,0.121585085463009,0.332099368457852,0.324193271504663
9699,0.166002216169416,-0.513158435444474,-0.413040626119965,-0.78850139975406,-0.382375037141483,-0.764348624534273,-0.308850363496719,-0.691490863212018,-0.559014126877137,-0.391799426054609,0.5538707275257,0.32542840005083,-0.663380078512945,-0.756689426160509,-0.69609836427375,-0.890089766251169,-0.891850149855092
9701,0.164779495573069,0.128785898079796,0.298768735532496,-0.273312838692767,-0.61867138556918,-0.354211363117749,-0.400234720195274,0.837568158719404,-0.0179802295225415,0.293578037848657,-0.506776018822235,0.32542840005083,-0.276746351396659,-0.533949639739897,-0.416316577996609,-0.413163777612908,-0.25015745764909
9705,0.0848593834275244,-0.679588447841557,-0.283620742289043,-0.94079731156259,-0.387197406845709,-0.2882964465752,-0.635223059277607,-0.605664513213948,-0.108152543644287,-0.0460234113168245,-0.254241082956841,-0.0308629270381269,-0.658228396621832,-0.797270540556348,-0.650951514130908,-0.846604298050645,-0.632539719213612
9706,0.159362361581808,0.685137653800831,0.169348851701574,0.199397584864099,1.10291632042671,0.928932345577205,0.371351892526464,1.29527583687189,0.664323627043587,0.645528627420605,0.737192387388307,0.467900944795497,0.0498702814608946,-0.0790315630567459,0.038905224512577,0.197754019545666,0.382030930175755
9707,0.188501945087645,-0.156522694597657,-0.0603714424574532,1.04961254425178,0.712303979432046,0.656484023868002,1.20551893020067,1.12883668118008,0.721432766474363,0.756670918864376,0.793311259115195,1.51306615701402,0.777287766823459,0.259841889739673,0.545171921720084,0.906248964861511,0.861797778312742
9708,0.137156418628,0.328501912954014,0.415246631096803,-0.280681121044075,-0.659179331592613,-0.354211363117749,-0.752717228818774,-0.923912908459606,-0.3245661000613,-0.47824342742359,-0.523144024167111,0.206664624354511,-0.27700393548171,-0.545458381452815,-0.451812082503214,-0.44215408974659,-0.28682525726956
9713,0.190037758442669,-0.456096716908983,-0.231852788834326,-0.873463529365008,-0.184657676728545,-0.500688958364076,-0.62216814893983,-0.698789360635541,-0.0901180732454623,0.200959461645513,0.508040312560049,0.0879008486581922,-0.775171575902315,-0.806553220042396,-0.763765020901147,-0.877362312143699,-0.883692573129583
9714,0.147480350785051,-0.142257264963785,0.31171072379911,0.278493412641287,0.444662197545931,0.810285495800617,1.32301309974184,0.148196599653308,0.0289093783654507,0.540560910810994,0.580059536077503,0.154284537992988,0.378805171331186,-0.21439840707271,-0.0669378659648239,0.123510537252089,0.302982247954113
9716,0.323613941969385,1.10834539960762,1.8518073430566,1.21581256376827,0.8328633435615,0.392824357697806,0.81387169839678,0.384430292168365,0.50501921005735,0.509688045902039,0.213416216352289,-0.86220935691236,0.774196757710119,0.472631178006175,0.807259574330791,0.959280023642637,0.695019115855887
9717,0.0530831157223911,0.399829061123377,0.738796340868238,0.832369964782022,0.466362881468915,0.480710913087872,0.81387169839678,0.29664090272101,0.264559701524658,-0.0213251212420334,0.501493110422098,0.32542840005083,0.480808473106887,0.119644490691401,0.349035130956998,0.55553689612233,0.48969242810448
9718,0.174676867994804,-0.256380702034766,0.182290839968188,0.44499416123056,0.381368531884317,0.33130376892476,0.657212805675225,0.712738791950544,0.757501694647885,0.719623488383118,0.737192387388307,1.51306615701402,0.243831105339849,-0.166538069195005,0.221530131384932,0.199875261896911,0.489362866915539
9719,0.161619189350725,-0.613016442881583,-0.642760920278992,-0.886471069089483,-0.0920680872645531,0.0632497749850611,-0.556425662848284,-0.861891607482671,-0.234393785939554,-0.100050911014705,0.0606481621019817,0.32542840005083,-0.736533961603828,-0.782422705503126,-0.753363015048758,-0.822210011011328,-0.834444144742064
9720,0.0842261053913722,0.998977105746029,1.15293996967075,1.28656668492535,0.813573844490628,0.436767635392839,0.78776188555417,0.712738791950544,0.721432766474363,0.478815190254944,0.737192387388307,0.0879008486581922,0.866669447875289,0.823302760605005,0.775731845252416,1.03705890985496,1.00215732551241
9722,0.135311913899498,0.927649957576666,1.30824383042316,0.72646361833638,0.191487534899476,0.480710913087872,0.265565573871337,-0.0362374086626164,0.378777967762082,0.608481196939347,0.693544377500108,-0.149626702734446,0.525885689814471,0.0192490842595644,0.471821694884682,0.402100366048938,0.365169337292459
9723,0.253335670714664,-0.413300428007365,-0.225381794506889,-0.529210685455414,-0.0110521952176878,-0.319056740961723,-0.784049007363085,1.12883668118008,0.234502255067994,0.145388315923627,-0.0921198790539186,-0.86220935691236,-0.58352900896346,-0.781576801856915,-0.644624520880486,-0.610439316278697,-0.300405846717993
9725,0.296470363786494,-1.25496077640585,-0.69129337676412,-1.12060281245518,-2.11746538843619,-1.73842461051128,-1.69267058514811,-1.90867791019552,-1.90258162875214,-1.1265734608456,-1.93780733951867,-2.23986915498966,-0.904478791812346,-0.767463567338559,-0.658136404771218,-1.01913200928524,-1.87794026619864
9726,0.149378443414358,-0.926855894826782,-0.69129337676412,-1.23271700657757,-0.795893649421698,-0.940121735314403,-0.909376121540329,-0.993262553890543,0.117278247972137,-1.4397124583442,-0.860324934271546,-0.102121192455921,-0.99128463191012,-0.845375745279009,-0.770949911541456,-0.98589921244907,-1.2248284411491
9732,0.0809753403288457,-0.0709301167944212,0.541431017958137,0.295242800724047,0.35530122494625,0.753159234797074,-0.0477522115717742,0.795958369796451,0.606463061866298,0.589957481698716,0.649896354517502,0.32542840005083,0.343773734342414,-0.0777404469651611,0.0633553001243781,0.412706577805164,0.343309146238947
9736,0.117544025207832,-0.299176990936384,0.259942770344393,0.066559017652014,0.469979663810576,0.590569107325453,0.81387169839678,0.258691379305069,0.360743497363261,0.367672898811173,0.711003578836508,0.0879008486581922,0.0467792724093746,-0.414276534423367,-0.147044034745592,0.00542804636611471,0.163021540729161
9737,0.187848150401699,0.143051327713669,-0.413040626119965,-0.299632607170647,-0.281105172082901,0.0149121695205254,1.12718948383989,0.14827817465551,0.208452475713358,0.571433766458088,0.442568291180547,0.10887513460676,-0.120135221333754,-0.542007985001167,-0.399694816067534,-0.285182155754457,-0.20284863920365
9738,0.104520881372042,-0.242115272400893,-0.0215454772693506,-0.0108844597866299,0.596566995133804,0.0852214138325774,0.36756715878032,0.29664090272101,0.739467224249064,0.571433766458088,0.300712249223095,0.295860219191356,0.0707345933391315,-0.443237603994945,-0.182539539252198,-0.051138416333753,0.0603464523469763
9739,0.0932991379048823,0.157316757347542,-0.225381794506889,0.0914210256998785,0.576313022122087,0.37085271885029,0.578883359314447,0.268319617281142,0.57715705378027,0.275054322608029,0.737192387388307,0.178855578761028,0.202360066008437,-0.341974033294629,-0.142325599101209,-0.00942065009260017,0.218136677390086
9741,0.108125143632366,0.271440194418523,-0.108903898942581,-0.116956240959298,0.234888902745443,0.770736545875087,0.108906681149781,0.245135114208017,0.396812425536783,0.571433766458088,0.632437153181102,-0.149626702734446,0.136933705793633,-0.429391496943814,-0.223825851140546,0.0124988542035978,0.0499425893564535
9743,0.0904076966278731,-0.213584413133148,0.0269869792157776,0.105339627562357,0.225244153210009,0.173107969222643,0.610215137858759,0.38061576143681,0.222479279010151,0.775194634105004,0.396737876214896,0.32542840005083,0.113751137227214,-0.444996193154172,-0.170957924488713,0.142601718413294,0.143689551961313
9744,0.177975357259014,-0.256380702034766,-0.425982614774839,0.359911777338673,0.444662197545931,0.143812453688839,0.50055391295367,-0.0710187791287425,0.685363838300841,0.53438633597683,0.344360259111294,-0.86220935691236,0.0563098839426304,-0.405082897426393,-0.25696213782496,-0.0306330736050514,-0.0292763156374624
9747,0.0570897564252942,0.157316757347542,0.790564294711215,0.706813900367114,0.654435492346419,0.876200412343166,0.291675386713948,0.582474154044565,0.222479279010151,0.552910051217461,0.5407763232498,0.32542840005083,0.473596118462729,0.0341859618018618,0.20083335685389,0.441696889938846,0.498690565060357
9748,0.125904047461528,-0.127991835329912,0.463779087581932,-0.0521497995136804,-0.0279305094364463,0.0676441027545641,0.918310957600169,-0.066877954654565,0.348720521305418,0.404720329292428,0.213416216352289,-0.228802545281072,0.0545067952390893,-0.51832268290727,-0.307041897959657,-0.232858177757079,-0.176971219768806
9749,0.131462661380071,-0.484627576176729,-0.409805129150376,-0.743709423841552,-0.748875499234068,-1.12321872278082,-1.35324298686238,-0.848511682418736,-0.703289826947103,-0.243609704129579,-1.30553467965216,0.0879008486581922,-0.684759558417552,-0.799652427139099,-0.639691610888631,-0.764936467527711,-0.726222737180398
9754,0.153861715113259,-0.227849842767021,0.00541421432355449,0.287831798316543,0.509764249314882,0.568597468477937,-0.648277969615384,0.529291529957775,-0.180290399991335,0.68257605790186,0.5538707275257,0.681719727139787,0.298954101781701,-0.242691657976228,-0.0609325842356096,0.0923989827671619,0.21826822765061
9755,0.26144771633785,0.314236483320141,0.298768735532496,-0.648109010097775,-0.652428003879712,-0.108129008025567,-0.948540844720718,-1.1180919206594,-0.114164025361145,0.145388315923627,0.0562833650414855,0.721307660289481,-0.441857756528977,-0.715195626251652,-0.587252632931743,-0.592762296684988,-0.525887848776101
9758,0.206442476652205,-0.684343591050946,-0.0506649511604275,-0.717964710861839,-0.531868639750258,-0.573927751592913,0.578883359314447,-0.0778471975855698,0.216467797293292,0.256530607367398,-0.244887933304226,-0.339648743848559,-0.745034236731969,-0.770758139434327,-0.721513574449175,-0.95372703678852,-0.82500925285412
9759,0.210752994122991,-1.24069534677198,-0.613641446387915,-1.20817505633795,-1.1828892080747,-1.07488111731629,-0.51772888973644,-1.70062896558075,-2.10997794996974,-1.44765119477045,-1.38410110530756,-0.802827469064201,-0.87356870034821,-0.771693085569612,-0.691808877324312,-1.06862766414763,-1.87974058819285
9761,0.689535518150367,-1.02671390226389,-0.633054428981966,-1.1166263473061,-2.28962415903578,-1.87025444359638,-0.909376121540329,0.920787736565311,-2.79528756001843,-1.66993577765799,-1.88168846779178,-1.33726445969764,-0.82977940415861,-0.814633825925934,-0.763264566458756,-1.03857673083832,-1.07967773388371
9762,0.548903537712243,0.699403083434703,-0.0603714424574532,0.087744510582722,0.119151918447201,0.480710913087872,1.04886003747911,-2.19994643265619,0.523053667832051,0.775194634105004,0.737192387388307,0.32542840005083,0.172995479122608,-0.407130874675114,-0.157338803424245,-0.166392584084734,-0.0664314681708913
9764,0.830946271918801,-0.769936168854182,-0.448631094338479,-1.19551775703097,-2.5022908756588,-2.26574394285167,-2.0582080017595,-2.44960516619391,-3.01170111643544,-2.65477996819747,-3.21731770393363,-2.52490221666083,-0.966814142862808,-0.832887536186268,-0.790073859892748,-1.00958641870464,-1.89065728292482
9766,0.103941442184841,-1.45467679128007,-1.35133478496186,-1.18782748472906,-0.638925358580896,-0.947445612000691,-0.925042010812485,-0.912885352322279,-0.703289826947103,-0.317704565092093,-0.609660625717796,-0.387709645110181,-1.03249808717348,-0.799073650960113,-0.718939882279512,-0.989434616367812,-1.22130278161387
9769,0.364474959352583,-0.955386754094527,-1.15073396469391,-0.842840309730788,-0.838089429905102,-0.547561784975894,1.12718948383989,0.00674218278595295,-0.180290399991335,0.349149183570542,0.213416216352289,0.206664624354511,-0.626030384665985,-0.724856736316268,-0.712291177507882,-0.722158080110936,-0.359515551891554
9771,0.494277626468999,-1.18363362823649,-1.16691145031838,-0.357042785195736,0.680958545973627,-0.23702929219388,0.719876362763848,0.795958369796451,0.606463061866298,0.586870198912566,0.693544377500108,0.42642335207183,-0.556225094835312,-0.669316483755862,-0.611917182891015,-0.616449502940558,-0.198166362969623
9772,0.327241200222683,-0.926855894826782,-1.30280232847674,-0.77188677079525,-0.601793071350421,-0.068580058100037,0.422224466592892,0.0469821691832903,-0.180290399991335,0.386196614051801,0.501493110422098,0.483780108896843,-0.766156132528343,-0.776234252512427,-0.782531526304941,-0.608318073927452,-0.323701561073357
9774,0.268299165892298,-0.869794176291291,-1.2154439068035,-0.641247804722784,-0.703062936409003,-0.64716654482175,0.056687047631615,-0.285896142200336,0.126295483171547,-0.0398488364826611,0.388008268999493,0.32542840005083,-1.12007667955577,-0.884309573626965,-0.969481651553023,-0.818674607092586,-0.373583268817737
9775,0.390982088627595,-1.32628792457522,-1.16691145031838,-0.595495324193383,-0.256993293180819,0.489499568626878,0.265565573871337,-0.618774453583963,0.108261012772726,0.108340885442369,0.606248344629303,0.407758088896271,-1.02760398935969,-0.771893431170031,-0.964620247308615,-0.648268138209234,-0.265954937920498
9777,0.406563084625353,-0.955386754094527,-1.19603092420945,-0.606299629232636,0.263823151351751,-0.178438252337619,0.970530591118336,0.281908560693415,0.222479279010151,0.0898171702017409,0.632437153181102,0.359234874108757,-0.767186468914911,-0.725858464318359,-0.871860092027003,-0.686450500531644,-0.199133634113485
9779,0.382683181413298,-1.14083733933487,-1.15073396469391,-0.742529336034209,-0.719941250627761,-0.75848951791205,-0.51772888973644,-0.161066775431476,-0.955772311537638,0.108340885442369,0.115208184283036,1.11718689677537,-1.15227469148071,-0.918034416364045,-1.05312664706708,-1.02867759986585,-0.55745126061243
9781,0.515031813819303,-1.32628792457522,-1.26721186025822,-0.691443773379129,-0.416131655452016,-0.0466084192525206,-0.51772888973644,1.04561710333417,0.369760732562672,0.478815190254944,0.108660982145084,0.32542840005083,-1.15433536432648,-0.920282739213184,-1.02406537298463,-1.0074651763534,-0.642361459077237
9782,0.526816182376351,-1.14083733933487,-1.15720495902135,-0.605573841256304,-0.23047023955361,0.480710913087872,0.709432439193392,0.16308483316088,0.517042186115193,0.68257605790186,0.737192387388307,0.439419003652772,-1.04022561005729,-0.849894651599555,-0.924513544331363,-0.728875347556545,-0.205460760102058
9784,0.312712206505602,-1.31202249494134,-1.19603092420945,-0.682997056763913,-0.589737136962873,-0.213592874493645,-0.334960184172274,-0.0719564403806751,0.126295483171547,0.404720329292428,-0.0702958806570227,0.440106382746118,-1.09637894284089,-0.873535432448915,-1.00315412410612,-0.931100451708573,-0.492246975364763
9787,0.282170739908908,-0.727139879952564,-0.969546127408275,-0.603902829578992,-0.399253341233257,0.114516929366381,-0.0085874883913854,0.54629963625873,0.432881353710305,0.0157223092392247,0.606248344629303,0.800483502836107,-0.336763445562661,-0.585861410870505,-0.531703776936511,-0.488821421473981,-0.39074121390921
9789,0.353545206609616,-1.04097933189776,-1.24456338069458,-0.560998582571595,-0.399253341233257,-0.371788674195763,0.317785207389503,-0.0362374086626164,0.595191524179095,0.238006892126771,0.377096269801045,0.381603666639979,-0.971965824690556,-0.865321262831764,-0.850948843148489,-0.793219698877645,-0.166901302531939
9790,0.60884487155676,-0.941121324460654,-1.26397636328863,-0.409319264409251,0.313011372969775,-0.0378197637135146,0.892201144757558,0.54629963625873,-0.378669486009523,0.423244044533059,0.5538707275257,1.51306615701402,-0.84935579529631,-0.762299102972221,-0.923226698246532,-0.697763793071618,-0.127867850236765
9791,0.288589902741413,-1.0219587590545,-1.3966317444774,-0.690187580421092,-0.0110521952176878,-0.00266514155748796,-0.243575827473719,0.00113346311265531,0.144329940946248,0.571433766458088,0.0637658873824593,-0.228802545281072,-0.952389433491035,-0.788388552271137,-0.930089877365634,-0.791805537310149,-0.4350667008828
9795,0.516016860228067,-1.45467679128007,-1.39986724144699,-0.687833883223889,-0.281105172082901,-0.11252333579507,-0.726607415976162,1.3784954147178,0.13831845922939,-0.002801406001403,-0.0671781553765451,0.721307660289481,-0.595120293243578,-0.745559115026159,-0.718618170758304,-0.751855473028367,-0.4692521287185
9799,0.282440672430014,-0.9696521837284,-0.924249167892735,-0.817424250048973,-0.488467271904291,0.0324894805985387,0.526663725796281,-0.288585330362185,0.378777967762082,0.0712934549611106,0.147944194972787,0.32542840005083,-0.762292371139759,-0.859266373574678,-0.780601257177694,-0.85968529254999,-0.642087709926667
9802,0.240726444085337,-0.769936168854182,-1.22515039810053,-1.05850053307653,-0.691007002021455,-0.486041196202848,-0.408067664831351,-1.1180919206594,-0.534968174761455,0.108340885442369,-0.135767902036525,0.681719727139787,-0.906024296321105,-0.804839152127706,-0.872110297800764,-0.853675105888129,-0.472176498240341
9803,0.473245559648192,-1.15510276896874,-1.28338934588268,-0.162059475732161,1.32233436476264,-0.354211363117749,0.453556245137203,0.629519214104637,-0.16225592959251,0.278141605394179,0.755898673599133,0.32542840005083,-0.165212438056793,-0.654424127458101,-0.46178513966066,-0.485993098338988,-0.19061908813174
9804,0.532366718376551,-0.998183042996145,-1.10867250253622,-0.802171757510384,-0.264226857864143,-0.12570631910358,1.83215450108689,0.196942959996752,-0.0360146872972426,0.460291475014317,0.449115493318499,0.184329566364989,-0.50393552348357,-0.704911218763513,-0.721299100101703,-0.627409255088658,-0.372558629773049
9807,0.446245746675383,-0.898325035559036,-1.2154439068035,-0.364817087550602,0.524231378681529,0.524654190782904,0.774706975216392,0.200252817431866,0.601203005895953,0.633179487014138,0.508040312560049,-0.0308629270381269,-0.810460596918955,-0.740995687461075,-0.820707960154946,-0.619277826075552,-0.0678826757044195
9810,0.288504369938629,-0.798467028121928,-1.24456338069458,-0.282488690065295,0.683369740952725,0.304937802307741,0.304730297051725,0.0627619962567652,0.727444248191221,0.200959461645513,0.318171450559494,-0.0315483384176082,-0.083300695718716,-0.644941102371635,-0.45245550554563,-0.454174463070312,-0.264083050725588
9812,0.324473327413422,-0.884059605925164,-1.10867250253622,-0.406815841746556,0.799106725250968,0.260994524612708,-0.0477522115717742,-0.535554875738057,0.559122596005573,0.367672898811173,0.841947621595512,0.16186201724458,-0.155939410624043,-0.57088001208367,-0.423394231463183,-0.366496445885517,-0.114927672107086
9813,0.393466617258122,-0.998183042996145,-1.11837899383325,-0.490098099458638,0.0564610515303616,-0.156466613490102,1.24468365338106,0.230466447720134,0.348720521305418,0.53438633597683,0.628072356120606,0.186731820828507,-0.265927819329965,-0.714906238162159,-0.508218835888334,-0.475386886582762,-0.283589453397425
9814,0.325505741104262,-0.670078161417074,-1.00837209259638,-0.468798288185123,0.343392332487349,0.348881080002774,0.872618783167364,0.29664090272101,0.144329940946248,0.515862620736203,0.396737876214896,0.425023394422845,-0.590741363592163,-0.676061452303278,-0.731272157259148,-0.497306390878961,0.00175030806015239
9817,0.115958651737586,-1.08377562079938,-0.409805129150376,-1.04769550359192,-0.740195223639478,-1.11589484609453,-0.928958483130523,-0.709165047032763,-0.847565527017068,-0.539989147979639,-1.94716048917128,-0.774624584430575,-0.766928884840679,-0.780931243811123,-0.730628734216732,-1.06226393709389,-0.846501257132777
9819,0.177662153830195,0.84205737977343,0.939397161136188,1.96174769426981,0.611034114373464,0.759018341419297,0.872618783167364,0.890995127696476,0.757501694647885,0.640897698610446,0.191592204860986,0.32542840005083,0.887276175529381,0.874390888711671,0.874818993784451,1.11059531136478,1.58415498471316
9820,0.442740359132988,-1.22642991713811,-0.720412850655197,-1.17392162693719,-1.08451276483866,-1.08659932177208,0.291675386713948,-1.53418980988894,-1.31646158064874,-1.2253666118829,-1.30179342502888,0.681719727139787,-0.495950416506984,-0.663884891922299,-0.609986913763768,-0.722511620502811,0.39785278239118
9821,0.119099152325555,-0.213584413133148,-0.0797844250515045,-0.725391608053202,0.225244153210009,-0.068580058100037,-0.308850363496719,0.402740085440086,0.270571183241516,0.182435746404885,0.449115493318499,0.32542840005083,-0.0590877907966383,-0.574530754135737,-0.342215690945055,-0.247706874215794,0.0418335949121019
9822,0.141323385328838,-0.0709301167944212,-0.464808579962941,-1.12081382544459,-0.314861790393434,-0.600293718209932,-0.419817081785468,-0.785213609275777,-0.144221471817809,-0.206562273648321,0.278888237731791,0.0879008486581922,-0.672653105950331,-0.818173264866658,-0.671326577140742,-0.782259946729546,-0.20686572919332
9823,0.919784073743924,-1.15510276896874,-1.25426987199161,-1.64764729068984,-2.25164795963881,0.0412781361375447,-1.73183530832849,-1.40735365579141,-2.3985293627338,-3.86102667009031,-2.73282474572531,-0.624681805519722,-0.909115305465354,-0.751947913617276,-0.799617968355249,-0.867109640779347,-1.1226190543877
9825,0.144692010694086,-0.841263317023546,-0.419511620447402,-0.891064858271613,-1.1828892080747,-1.30631571288384,-1.34018807652461,-0.989775386482152,-0.685255369172405,-1.28093775760479,-0.113943890545222,-0.149626702734446,-0.505223444001554,-0.747295443563117,-0.567199281443116,-0.861099454117487,-0.785236250368718
9826,0.131786893054411,-0.356238709471875,-0.0506649511604275,-0.93661581832852,-0.0255193144573482,-1.14519036162834,-1.06603501426188,-0.454812674771244,-0.577048584651835,-0.428846856535867,-0.0484718691657196,-0.149626702734446,-0.44855494300767,-0.740439171904358,-0.622247682995957,-0.81054317807948,-0.199154122244314
9827,0.0701598233644959,-0.798467028121928,-0.555402498605761,-0.780061403618218,-0.85014536429265,-0.653025651443972,-0.674387782457996,0.0469821691832903,-0.739358755120625,-0.150991127926435,-0.921432158590551,-0.941385199458986,-0.736791545673424,-0.753149987219785,-0.714257178061418,-0.834583924726924,-0.785236250368718
9828,0.0494327140373795,-0.0566646871605486,0.172584348671162,0.111293959645466,0.668902611586079,0.260994524612708,0.108906681149781,0.652903255085717,0.306640111415038,0.0342460244798525,0.257064226240488,0.32542840005083,0.260831655664134,-0.153203956456054,0.0465190638478311,0.32007899513413,0.106096986153813
9830,0.237373468073898,-1.24069534677198,-0.895129694001658,-1.10570322975278,-1.70370565361997,-1.6373550718127,-1.06603501426188,-0.285896142200336,-1.67113935541886,-1.35503261856731,-1.60109409606295,-2.16861088957187,-0.91066081003748,-0.66163656907316,-0.614419369313231,-0.908120326236752,-1.06670990400741
9831,0.4214767285056,0.171582186981414,0.541431017958137,0.899014406283417,-0.787454497375811,-1.12321872278082,-1.16003034989482,-1.61740938773484,-0.865599997415892,-0.655762368233569,-1.18332024410856,-0.505918029823403,-0.311520204254015,-0.563044273045088,-0.377282246756716,-0.458770488164676,-0.633152113502156
9832,0.353880064881745,0.784995661237939,0.622318445303931,-0.0479615311242317,-0.734408369867422,-0.705757584678011,-0.9765156503494,-0.70199403142987,-0.930524063078585,-0.925899885246692,-0.528600030313538,-1.45602823539396,0.126372757858354,-0.328350532466185,-0.212565947898269,-0.244878551080801,-0.12634211065616
9833,0.0596372298493742,-0.427565857641238,-0.33538869574376,-0.470400528500526,-0.792276867080037,0.0412781361375447,-0.778827041661385,-0.100620971924447,-0.540979656478313,-0.771535588487499,-0.572248040201737,-0.505918029823403,-0.179379563337333,-0.475871676240859,-0.326880775100811,-0.51498341047267,-0.720972859127007
9834,0.474339785965115,-0.470362146542856,-0.409805129150376,-0.498817563851545,0.177020415659816,-0.424520607429802,1.17940911735806,2.04425203748505,0.281391862955986,-0.447370571776495,0.278888237731791,0.32542840005083,0.0988112596915213,-0.358669499996154,-0.15186970756371,-0.390890732924835,0.226912161688229
9835,0.0809415374147359,-0.0851955464282939,-0.176849338021761,-0.822082442326494,-0.129200374495028,-0.424520607429802,-0.674387782457996,-0.566294183907344,-0.270462714113077,-0.619376502980274,-0.0266478576744164,-0.228802545281072,-0.350157818603504,-0.772828377305316,-0.58360656902472,-0.861099454117487,-0.785236250368718
9836,0.274247324142735,1.49826714293157,2.10417611677927,1.58719560027544,1.33439029915018,0.700427301563035,1.32301309974184,0.600930259366277,0.739467224249064,0.455660546204158,0.737192387388307,-0.149626702734446,0.973051679344135,0.989634130196731,0.893799973535718,1.19332376306334,1.18326899641429
9837,0.337813260987886,-0.394279855164104,-0.390392146556325,-0.654677415886807,-1.24075769921113,-2.02405591552899,-1.45768224606577,-1.16810863390365,-1.6410819089622,-1.96631522150806,-1.59361157372197,-0.783033514365734,-0.356339836861093,-0.55445167284937,-0.394976380423151,-0.650035840168604,-1.17917083868041
9838,0.43721288284052,-0.555954724346092,-0.283620742289043,-1.16869234212645,-1.26969194680474,-1.4967365831886,-1.64045095397982,-1.25240492214904,-2.19714452323306,-2.02188636722994,-1.66344839216197,-1.02056106575837,-0.756367936910036,-0.785672756354356,-0.697206467437399,-0.807007774160738,-2.75105338845266
9839,0.148573035378076,1.11310054281701,1.58002558673988,1.46766671431871,1.73946975938451,0.700427301563035,0.608218379042012,0.999195439562805,1.02801863701312,0.719623488383118,0.737192387388307,0.268209773427762,1.07041846729528,1.31183437691389,1.2076831810609,1.19049543992835,1.26026749285494
9840,0.288763741740766,0.984711676112157,1.79356839527444,1.72524140355243,0.582099875894143,0.480710913087872,0.108906681149781,0.497404381596913,0.496001974857939,0.0157223092392247,0.322536247619991,-0.149626702734446,0.582554190782082,0.137185861039136,0.526190941968818,0.501798756557455,0.704783092811346
9841,0.31481361781992,-0.313442420570257,-0.24479477710094,0.696468755863957,-0.155723428122237,-0.735053100211815,-0.0477522115717742,1.12883668118008,0.0180886986509807,-0.47824342742359,0.370549067663093,0.800483502836107,-0.239396657534245,-0.641757833387211,-0.347255838110645,-0.370738930588006,-0.785236250368718
9843,0.214620788864491,-1.16936819860262,-0.607170452060478,-1.08722786409182,-1.47946523856713,-1.32096347240847,-0.791881951999162,-1.06407737960271,-1.19022033835348,-1.66993577765799,-0.866872136409497,0.32542840005083,-0.58687760219276,-0.689239740686348,-0.541355122572748,-0.757512119298354,-0.841788034661424
9845,0.225816408776293,-0.327707850204129,-0.361272672665248,-0.973228014951343,-1.14189902508085,-1.21110527817089,-0.583003425759441,-1.45097023204303,-0.757393212895326,-0.577036578460897,-0.703192082960742,-2.16861088957187,-0.452161120317385,-0.633120711946955,-0.526341918249712,-0.739128018920897,-1.06670990400741
9846,0.237756691935171,1.86916831341226,1.76121342557856,1.96174769426981,1.02696392163278,1.75506596624382,1.28384837656145,1.00663920979672,0.865708466544331,0.830765779826892,0.671720366008805,0.161897563770906,1.17319452137249,1.65077461157712,1.24071223057158,1.4019125942691,1.10217955040033
9847,0.14682569174289,-1.32628792457522,-1.1377919764273,-1.66824750367248,-1.2600471972693,-1.11003573947231,-1.69267058514811,-1.53418980988894,-0.7213242847218,-1.81812549958303,-1.0586116257217,-0.664269738669415,-0.926373439890145,-0.763657000930612,-0.762942854937548,-1.03150592300084,-0.688841163506152
9848,0.272998542528986,0.143051327713669,0.919984178542137,-0.183249468784308,0.457320930678254,-0.178438252337619,0.304730297051725,0.29664090272101,0.0541576268245028,-0.577036578460897,0.00390574793788295,1.51306615701402,0.125342421502696,-0.226574967453689,-0.051388475773108,-0.0744720821974484,-0.56031438102273
9849,0.149761223831679,0.899119098308921,0.984694120651727,1.29501388241523,0.478418815856463,0.436767635392839,0.50055391295367,-0.161066775431476,0.486984739658529,0.904860640789406,0.370549067663093,0.32542840005083,0.775484678150828,0.896028213556848,0.685759856487938,1.02857394044998,1.31938981279732
9850,0.0913637497071184,0.699403083434703,0.337594700720598,0.280770326200077,0.866619971999017,0.920143690038199,0.794289336806586,0.938300337908947,0.264559701524658,0.664052342661232,0.693544377500108,0.0436872266463017,0.917413514670362,1.03749446807444,0.694660541908024,1.01938189026125,0.462116173632891
9852,0.195862139826644,-0.399034998373493,-0.270678754022429,-1.13303812763631,-0.691007002021455,-1.05730380623827,-0.417019600439306,-1.70062896558075,-0.270462714113077,-0.780797446107813,-0.703192082960742,0.32542840005083,-0.444948765688682,-0.702173162224463,-0.584571703588343,-0.662763294276075,-0.520471078452869
9853,0.45509707263164,-1.51173850981556,-1.50663864571427,-1.92753287488192,-1.76639652256221,-1.74574848983416,-2.00598837059122,0.130201747029197,-1.74928869348276,-1.35503261856731,-1.83804045790358,-2.70304788020531,-0.967071726944768,-0.828724799822021,-0.790824520108899,-0.996151883813421,-2.18296500987593
9854,0.505886052763508,-1.39761507274458,-1.30603782544632,-1.78610449054913,-2.09721141542448,-2.41954541478429,-1.55559405401674,-1.95028769911847,-2.07390903442035,-3.18888042738956,-2.4840310644832,-1.73314371993629,-1.00828518217722,-0.756533601804628,-0.773559335137409,-1.04918294259455,-0.697195404367574
9855,0.209898733669138,-0.584485583613838,-0.49069255649617,-0.969283413659457,-1.1539549594684,-1.02800829070447,-1.81016475468927,-1.82545833234961,-0.703289826947103,-0.308442707471779,-1.32049971123971,-0.624681805519722,-0.526087755740696,-0.622658219480666,-0.457066704016277,-0.815139203173844,-1.1226190543877
9866,0.283091842186487,1.22722397988799,1.69650348230419,1.96174769426981,1.32571002355559,1.7330943273963,0.619283058432575,2.04425203748505,0.721432766474363,0.84928949506752,0.684814770284704,0.213884717084841,1.10313164742586,1.71568658611265,1.22494836603239,1.28736550730187,1.69661591938616
9867,0.214757916852481,1.05603882428152,1.06234605219271,1.58652953117699,0.741238228038353,0.366458391080787,0.931365867937947,0.857558780241622,0.667329380526143,-0.632607724182783,0.671720366008805,0.32542840005083,0.79325798077663,0.75591985699765,0.63889721156532,0.938774680913935,0.716599202950067
9868,0.291997292138766,-0.741405309586437,-0.218910800179452,-0.636157032156833,-0.55115813882113,-1.12321872278082,-0.961595755058495,-1.57579959881189,-0.468841800131265,-1.16516453735086,-0.179415911924724,0.721307660289481,-0.300186504063584,-0.603024350639673,-0.451383133808271,-0.430840797206617,0.122162833964241
9869,0.156863342491157,0.171582186981414,0.250236279047367,-0.409342464338671,-0.821211115686343,-0.661814306982978,-0.752717228818774,0.338250691643964,-0.739358755120625,-0.840999520639857,-0.493681614546335,0.0879008486581922,-0.344748552585612,-0.582321971929782,-0.458996973143524,-0.685036338964148,-0.502953043120857
9870,0.161638081771594,0.984711676112157,1.42472172598747,0.215015310228284,0.377148950797882,-0.119847212481357,0.108906681149781,0.29664090272101,0.096238036714883,0.0898171702017409,0.126120183481484,0.958835211682119,0.568902233671643,0.30338366689725,0.478684874003783,0.55553689612233,0.483589854894764
9871,0.294797856022457,1.24148940952186,1.68356149520235,1.96174769426981,1.06240837440328,0.946509656655218,0.578883359314447,1.18397262365851,0.28860565364034,0.756670918864376,0.580059536077503,-0.0551892809114234,1.20307427644388,1.77975265700197,1.29132817657495,1.41676129072782,0.837414378484483
9873,1.22592429574062,-0.941121324460654,-0.723648347624786,-1.45543145854178,-2.07020611773795,-2.37560213708925,-2.01904327857911,0.54629963625873,-3.55273501379003,-2.67021640065195,-3.01108083658819,-2.04984711387555,-0.861462247836169,-0.816748585041461,-0.681192397124451,-1.03504132691958,-3.07494088031088
9874,0.272509980220746,-0.826997887389673,-0.700999868061146,-1.19008487086094,-1.09608646225578,-1.58462313857866,-1.61434113878733,-2.19994643265619,-1.01889293268527,-1.41986562190951,-1.83804045790358,-1.099736908305,-0.625000048325782,-0.683051287695649,-0.495993798082433,-0.749027149893374,-0.327680904727736
9875,0.232759098266333,-1.11230648006713,-1.14749846772433,-1.73559435328742,-1.40857633302612,-1.43082166664605,-0.987705567901107,-1.78384854342666,0.0120772169341226,-0.238978775319421,-0.899608147099248,-0.505918029823403,-1.01678545733936,-0.85666188076924,-0.836900773389077,-1.09408257236257,-0.809656339040568
9876,0.0990287853970243,0.228643905516905,0.017280487918752,0.590980277822956,0.553165627287837,0.770736545875087,0.709432439193392,1.3784954147178,0.685363838300841,0.645528627420605,0.606248344629303,0.0879008486581922,0.821334647098109,0.726914266181534,0.574340432976267,0.718872557168199,0.516097422275928
9878,0.366990537858271,1.71224858743966,1.61885155192798,1.72795791550978,1.03540307367866,0.466063150926643,0.0305772347890035,0.697438231956156,0.369760732562672,-0.354751995573351,-0.0484718691657196,0.32542840005083,0.676572385534832,0.659820750663673,0.575198330366155,0.805843493569246,0.81542921139994
9879,1.15491824494224,-0.841263317023546,-0.574815481199812,-0.738248733975107,-1.7905083953881,-2.55137524786938,-2.12348254013238,-3.44824010034479,-1.46073728071871,-3.13330928166767,-3.42682817234804,-2.88119354374978,-0.791141789829213,-0.761186071858786,-0.710289402633187,-0.832109141983804,-0.993637316433032
9880,3.24026619628363,0.47115620929274,0.51231154406706,1.96174769426981,0.495297130075222,0.458739274240355,0.108906681149781,0.335860889290883,0.159358657862517,-0.521465432739011,0.370549067663093,-6.56287059033567,0.247179698615515,-0.0153661833682641,0.128448264582111,0.415888441332032,0.179790571304396
9881,0.135178730855771,-0.0709301167944212,0.162877857374137,-0.384808967365493,-0.659179331592613,0.0412781361375447,-0.0834429788556137,0.184046960524037,0.0751978380817564,-0.299180849851465,0.370549067663093,0.800483502836107,-0.0959223164271313,-0.566160760162706,-0.37824738132034,-0.232858177757079,0.170360377395524
9882,0.124874719235322,-0.270646131668639,-0.154200858458121,-0.846615937481308,-0.908013861505265,-0.77167250122056,-0.948540844720718,-0.731642058847188,-1.38859942437166,-1.04012945947662,-0.965080168478751,-0.07045086018782,-0.515526807763688,-0.538602109794056,-0.449345627507287,-0.579681302185644,-0.954248969334418
9883,0.278889808180283,-1.32628792457522,-1.26397636328863,-1.76702288322894,-0.888724362434393,-1.2623724351888,-0.987705567901107,-1.1180919206594,-0.793462141068848,-0.391799426054609,-0.441303997442733,0.32542840005083,-0.701244940519187,-0.573261898666421,-0.461034479444508,-0.576145898266902,-0.00636394851918135
9885,1.31184595275862,1.88343374304614,1.73532944749229,1.96174769426981,1.71053551077821,1.22774663390343,0.533974680375816,0.704201115884632,0.973915251064898,0.99747921699255,0.671720366008805,-2.9999573194461,0.999840425224905,1.15240380022546,0.927150734567604,1.15160599682219,1.6644842237653
9886,0.280235690140309,0.143051327713669,-0.671880394170069,-1.32590101767531,0.177020415659816,-0.0246367804050043,0.265565573871337,0.67112900302759,0.396812425536783,0.238006892126771,0.632437153181102,0.32542840005083,-0.118074548653347,-0.49503807201421,-0.267471380851085,-0.220484264041482,-0.608511924454013
9887,0.118678373202641,0.347522485797275,0.638495930928393,0.225461725898504,-0.137639526540915,0.155530658144629,-0.361069997014885,0.435340201904841,0.18039886911977,-0.428846856535867,-0.572248040201737,0.00872500611156631,0.0199905265131492,-0.387875436412689,-0.29631818058606,-0.208817431109635,-0.176184344225284
9888,0.101275952064255,0.171582186981414,0.86821622508742,-0.480249075277046,-0.0399864438239945,0.147997523569959,0.21334594035317,0.520706627940602,0.0180886986509807,-0.206562273648321,0.16976820646409,0.503574063595309,0.314409147456585,-0.0960386784700325,0.0414789166822403,0.0245192275273198,-0.0706273397608923
9890,0.0569958442508392,0.727933942702449,0.777622306056341,0.450933365948328,0.613445309352562,0.946509656655218,0.541386311278133,0.831753505994625,0.234502255067994,0.497338905495572,0.580059536077503,0.0818715411151409,0.726286115943336,0.663872183916576,0.575520041887363,0.788873554759285,0.218557920826807
9891,0.153660188992069,-0.0138683982589305,-0.273645991038486,-0.758028927607865,-0.162956992805561,-0.52998447389788,0.14807140433017,-0.285896142200336,-0.28248569017092,-0.225085988888949,-0.0266478576744164,0.562955951443468,-0.627318305179333,-0.792862937347146,-0.696777518742455,-0.803118829850122,-0.72932709998843
9892,0.125413269110183,0.299971053686268,0.395833648502752,-0.770850731588742,0.0902176698408941,0.700427301563035,0.132410973265404,0.712738791950544,0.496001974857939,0.182435746404885,0.431656291982099,-0.189186960859822,0.309772633755665,0.014440789849525,0.0978856700673596,0.194925696410673,0.314953007689373
9894,0.165973172035101,0.285705624052396,0.0916969213253684,0.200321452666806,0.046816301994927,0.759018341419297,0.363477381822309,1.4617149925637,0.685363838300841,0.830765779826892,0.562600334741103,0.221927198826211,0.660602171597116,0.201830708107441,0.446620959056729,0.639679509388384,1.30332396498689
9895,0.350068976562219,-0.427565857641238,-0.128316881536633,-0.372943095613889,-0.647605634175486,-0.991388889695723,-0.478564166556052,-0.527380899529827,-0.640169205799469,-0.854892307070329,-0.0484718691657196,1.51306615701402,-0.511920630402972,-0.616224899645012,-0.438836384481162,-0.615388881764936,-1.17917083868041
9897,0.17737077617051,-0.127991835329912,0.279355752938444,-0.732126292954083,-0.719941250627761,-0.588575513754142,-0.0869169347521631,-0.119701361479187,-0.198324857766032,0.0342460244798525,0.0170001522137826,0.721307660289481,-0.237078400753333,-0.54452343531753,-0.556475564069519,-0.469023159529027,-0.906051425903135
9898,0.353194894736246,0.827791950139557,0.89086470465106,1.58797267853315,1.37779166699615,0.700427301563035,1.59716616200456,-0.82682339819873,0.757501694647885,0.571433766458088,0.920514047250914,-0.149626702734446,0.824940824489736,0.792249192540169,0.89690985157406,0.993219901262558,0.957599064380001
9899,0.187703883661128,-0.712874450318692,-0.633054428981966,-0.989487468564141,-0.61867138556918,-0.661814306982978,0.206818489100753,-0.0362374086626164,0.144329940946248,0.571433766458088,-0.257982337580126,-0.0357978069852242,0.00247480799867153,-0.408266166410818,-0.188115872286468,-0.190786871124052,0.379216398931084
9900,1.74049499422096,-1.72571995432365,-0.943662150486787,-1.58681903997185,-2.49216388915295,-2.60410718110342,-2.74452315067616,-3.00440235211069,-3.78718302798175,-3.68902073888653,-3.82714282296602,0.919247278532426,-1.07139328555547,-0.828813842311096,-0.809269313991486,-1.02549573633898,-1.61007906474969
9901,0.273772345210977,1.92623003194775,1.0947010218886,1.59735995654444,2.05485305197738,1.71112268854879,0.814577878617606,1.01667024500328,1.4680595405315,1.26607308798167,0.569950900660638,0.32542840005083,1.31306268513435,1.77160526925162,1.61668576168988,1.53555086239754,2.17859135369899
9902,0.236531750307225,0.84205737977343,1.3988377479012,1.3354219922246,0.0323491726282793,-0.442097918507815,0.265565573871337,0.879177947642357,0.306640111415038,0.349149183570542,0.0824721735932849,0.201476431849772,0.344804070728982,-0.0207309933350208,0.377131270475822,0.329978126106607,0.174027781792811
9903,0.201893349901513,1.41267456512834,1.33736330431424,1.79068669540335,1.55863071319033,0.700427301563035,0.826699614429239,0.697609584324905,0.757501694647885,0.84928949506752,0.868136430147311,0.297710539102397,1.19199816030759,1.80659896745802,1.31910260457257,1.46484278402271,1.62464092119544
9904,0.122109621366657,1.38414370586059,1.56708359963804,0.67676980233189,0.664080241881853,0.766342218105584,0.794289336806586,0.629519214104637,0.613225981953796,0.478815190254944,0.606248344629303,0.0311235274683165,0.705936972405206,0.808432664929514,0.804793119334864,1.03210934436872,0.6202041160875
9905,0.253009006992519,0.371298201855632,0.803506282977829,1.96174769426981,0.639968362979771,1.03000188427578,1.20551893020067,0.753484999942983,0.685363838300841,0.701099773142491,0.562600334741103,-0.571066410077963,0.934671649110607,0.863349620066396,0.815516836708461,0.972007477750108,0.676755900380206
9906,0.202739047675654,0.271440194418523,0.22111680515629,-0.511845298615199,-1.25522482351428,-0.231170185571657,-0.831046675179551,-0.393674386034213,-1.29842711024992,0.0620315973407967,-0.257982337580126,-0.327772366278925,-0.297868247220852,-0.737478509142621,-0.618136938967701,-0.678319071518539,-0.515005506833379
9910,0.212503853191467,-0.75567073922031,-1.19603092420945,-0.587964025858284,0.0323491726282793,0.282966163460225,0.167653765920364,0.182228273467545,-0.0720836154707648,0.349149183570542,0.126120183481484,-0.149626702734446,-0.345006136593387,-0.722719716578472,-0.637117918718968,-0.64791459781736,-0.619844918652946
9915,0.11703255338159,0.0574587499104328,0.0463999618098289,-0.231618227204004,-0.395877682440299,-0.0246367804050043,-0.419817081785468,0.328968226200671,0.613225981953796,-0.0213251212420334,0.649896354517502,0.169235344652417,-0.118847300893044,-0.522641243627398,-0.310902436214152,-0.232858177757079,-0.0459056618534626
9918,0.217849070478796,-0.113726405696039,0.609376457037316,0.280005107680242,0.0902176698408941,-1.40885002779853,0.422224466592892,0.331223841119824,0.227739334980496,0.293578037848657,0.239605024904089,0.642131793990094,0.319560829343061,-0.175308754368873,0.0454466921104712,0.134116749008315,0.249585083842466
9920,0.150188282869965,-1.09804105043325,-0.995430103941504,-1.1060104112909,-0.281105172082901,-0.376183001965266,-0.20441110429333,-0.285896142200336,-0.103643926044582,0.0342460244798525,-0.205604720476523,-0.228802545281072,-0.879750718594981,-0.846065824569339,-0.868142522372533,-0.852260944320633,-0.599883307884303
9924,0.262072877075241,-0.955386754094527,-0.671880394170069,-0.321568319699633,-0.0954437460575113,0.436767635392839,0.81387169839678,0.629519214104637,0.0721920845992003,0.627004912179974,0.291982642007691,0.32542840005083,-0.194834608965852,-0.551468749465364,-0.38704082956669,-0.321243275725623,-0.188097400716117
9925,0.109092545536709,0.528217927828231,0.182290839968188,-0.0954626071682297,-0.12678917951593,-0.222381530032651,-0.909376121540329,0.227730567443554,0.216467797293292,0.238006892126771,0.194709930141464,0.32542840005083,0.000929303446638051,-0.276349718846502,-0.19948301270248,-0.0702295974949581,-0.0483082703912238
9927,0.148603895990588,0.25717476478465,-0.0409584598634019,-0.602144328936733,-0.213591925334852,-0.0378197637135146,-0.126081657932552,0.163901695250946,-0.0931238267280184,-0.786972020941976,-0.938891359926951,0.32542840005083,-0.368703873438093,-0.667001379039917,-0.600764516822474,-0.572256953956286,-0.535317233077933
9928,0.13053036522678,0.0146624610088148,0.104638909591983,-0.652895103933649,-0.61867138556918,-1.00457187300423,-0.506538972184734,-0.726476907925907,-0.885638282429546,-0.771535588487499,-1.26438083951282,-1.099736908305,-0.565755706410296,-0.799073650960113,-0.622855374612084,-0.845543676875023,-0.995427187024062
9933,0.133292033977528,-0.370504139105747,-0.982488115674889,-0.63777425779677,-0.734408369867422,-0.815615778915593,-1.52482177487484,-1.58966953122686,-0.793462141068848,-0.169514843167063,-0.735928093650493,-0.577176295241197,-1.13475897302805,-0.909419555546059,-0.994896861728447,-0.99685896459717,-0.978081543105143
9935,0.127837678009734,-0.227849842767021,-0.0215454772693506,-0.610236998242534,-0.0110521952176878,-0.266324807727684,-0.282740550654107,0.211189842352611,0.396812425536783,0.256530607367398,0.180680205662538,0.32542840005083,-0.353763995917855,-0.684520488765384,-0.60248031160225,-0.478922290501504,-0.403603307705878
9937,0.30438103883518,-0.926855894826782,-1.03102057216002,-1.00411789832944,-0.256993293180819,0.832257134648133,-0.643056003913684,-1.45097023204303,0.108261012772726,-0.061459834509442,-0.123297040197836,-0.624681805519722,-0.747610077709209,-0.849404917909644,-0.892592597984333,-0.80630069337699,-0.602039652120368
9938,0.0920424119554817,-0.912590465192909,-0.011838985972325,-0.933736551289654,-0.956237599055458,-0.776066828990063,-0.948540844720718,-0.557656078708209,-0.913691901647257,-0.169514843167063,-1.03990533951087,-0.505918029823403,-1.00622450944581,-0.886535635853835,-0.941385512034199,-0.919080078384852,-0.71324385643504
9941,0.144889923501746,-0.75567073922031,-1.23485688939756,-1.41906415971335,-0.777809747840376,-1.14519036162834,-1.55167758169871,-0.95165276496759,-0.522945198703612,-0.586298436081211,-0.677003274408942,-0.743445581216041,-1.22980750479948,-0.889941511060946,-0.668645647797343,-0.8554428078475,-0.00636394851918135
9944,0.446963124319662,-0.427565857641238,-0.24479477710094,-1.07447277895126,-1.97315583072771,-1.90687384196853,-1.86238438585756,-1.52491731923354,-1.52385790186634,-1.41986562190951,-1.92533647767998,-1.89149540502954,-0.674456194609052,-0.662705078942058,-0.520658348041706,-0.792512618093897,-2.35968933579064
9947,0.313178386624704,1.21295855025412,1.96828523862091,1.34552401967694,0.880122617297833,0.143812453688839,0.010994873198809,0.241161181383086,0.450915811485003,0.293578037848657,0.322536247619991,0.167076691204818,0.885215502756244,0.886300321625426,1.20854107845078,1.03493766750371,0.162648770446518
10006,0.297110217179656,1.72651401707354,2.22065401234357,1.48920335356288,0.880122617297833,0.546625829630421,1.16635420702028,0.712738791950544,0.832645291853362,0.594588410508874,0.580059536077503,0.919247278532426,1.39703510021465,1.95850545381963,1.86815693410073,1.72151310852336,1.36415166441919
10014,0.575289799100345,0.770730231604067,2.24006699493762,1.18114888631301,1.16078481763933,0.876200412343166,0.578883359314447,-1.61740938773484,0.496001974857939,0.423244044533059,0.632437153181102,0.562955951443468,0.972536511096758,0.880356735479683,0.917284914583895,1.04907928317868,0.706387492894912
10020,0.0558006906504069,-0.613016442881583,-1.02131408086299,-1.10046985141693,-0.601793071350421,-0.916685317614168,-0.609113246434995,-0.230416420862413,-0.87161147913275,-0.308442707471779,-0.759310954687629,-0.783033514365734,-0.821279128981013,-0.879167369882896,-0.822745466455929,-0.95620181953164,-0.797473018833437
