"paper"	"phenotype"	"numaccessions"	"phenotypecategory"	"stressstrategy"	"name"	"pve"	"se_pve"	"raw_var"	"imp_var"	"rawquant_var"	"impquant_var"	"n"
"14"	"Balasubramanian_Sanchez-Bermejo_PlantPhys_2015_PID_26195568"	"SensHL"	93	"Development"	"Avoidance"	"SensHL"	8.36995e-06	0.105271	0.377130623742455	0.0322896008639334	0.994355819346876	0.999147022547995	71
"15"	"Balasubramanian_Sanchez-Bermejo_PlantPhys_2015_PID_26195568"	"VarTemp"	93	"Development"	"Avoidance"	"VarTemp"	8.36995e-06	0.198998	531.398934285714	48.6562717552799	0.996252017742914	0.999183000900429	71
"39"	"Bergelson_Horton_NatCommun_2014_PID_25382143"	"X16S_OTU101_102"	144	"Microbiome"	NA	"16S_OTU101_102"	6.81661e-06	0.234467	0.0801230445602783	0.0102336625827942	0.996527738216951	0.995498027206832	117
"41"	"Bergelson_Horton_NatCommun_2014_PID_25382143"	"X16S_OTU1037_1038"	144	"Microbiome"	NA	"16S_OTU1037_1038"	6.81661e-06	0.290758	0.0850143355037481	0.00950047324081043	0.997417874962643	0.999087997079388	117
"43"	"Bergelson_Horton_NatCommun_2014_PID_25382143"	"X16S_OTU1076_1077"	144	"Microbiome"	NA	"16S_OTU1076_1077"	6.81661e-06	0.391178	0.0549664533162152	0.00596925047817547	0.997170419599702	0.999079915832522	117
"44"	"Bergelson_Horton_NatCommun_2014_PID_25382143"	"X16S_OTU11_12"	144	"Microbiome"	NA	"16S_OTU11_12"	6.81661e-06	0.961646	0.100673609236796	0.011383237479897	0.996831076480661	0.999175092498382	117
"45"	"Bergelson_Horton_NatCommun_2014_PID_25382143"	"X16S_OTU110_111"	144	"Microbiome"	NA	"16S_OTU110_111"	6.81661e-06	0.458827	0.0837820449397953	0.0114779028240663	0.996976341449397	0.999079215116731	117
"46"	"Bergelson_Horton_NatCommun_2014_PID_25382143"	"X16S_OTU116_117"	144	"Microbiome"	NA	"16S_OTU116_117"	6.81661e-06	0.254599	0.0604706541099702	0.00757270331029377	0.99704624787837	0.996766102861966	117
"47"	"Bergelson_Horton_NatCommun_2014_PID_25382143"	"X16S_OTU12_13"	144	"Microbiome"	NA	"16S_OTU12_13"	6.81661e-06	0.282067	0.0366738454689743	0.00427483226150116	0.997210143156043	0.998939197983673	117
"50"	"Bergelson_Horton_NatCommun_2014_PID_25382143"	"X16S_OTU15_16"	144	"Microbiome"	NA	"16S_OTU15_16"	6.81661e-06	0.311713	0.0377304266553807	0.00423801226228136	0.997193676899526	0.999246713267358	117
"52"	"Bergelson_Horton_NatCommun_2014_PID_25382143"	"X16S_OTU154_155"	144	"Microbiome"	NA	"16S_OTU154_155"	6.81661e-06	0.237818	0.109555397888297	0.0123946371344578	0.996045852885057	0.999087016809366	117
"53"	"Bergelson_Horton_NatCommun_2014_PID_25382143"	"X16S_OTU157_158"	144	"Microbiome"	NA	"16S_OTU157_158"	6.81661e-06	0.251763	0.057795645393196	0.00683203021501496	0.997656786704892	0.99926846692696	117
"54"	"Bergelson_Horton_NatCommun_2014_PID_25382143"	"X16S_OTU159_160"	144	"Microbiome"	NA	"16S_OTU159_160"	6.81661e-06	0.294723	0.0301854499244805	0.00354090801045743	0.997656786704892	0.999029190319503	117
"55"	"Bergelson_Horton_NatCommun_2014_PID_25382143"	"X16S_OTU17_18"	144	"Microbiome"	NA	"16S_OTU17_18"	6.81661e-06	0.366866	0.0264914180093199	0.00300018793015953	0.997157838449783	0.999053000443552	117
"56"	"Bergelson_Horton_NatCommun_2014_PID_25382143"	"X16S_OTU1782_1783"	144	"Microbiome"	NA	"16S_OTU1782_1783"	6.81661e-06	0.292798	0.114503298309342	0.0127652597992355	0.995485447834482	0.998125208591933	117
"57"	"Bergelson_Horton_NatCommun_2014_PID_25382143"	"X16S_OTU18_19"	144	"Microbiome"	NA	"16S_OTU18_19"	6.81661e-06	0.242671	0.0584747038099739	0.0066047131233068	0.997656786704892	0.999261396882836	117
"60"	"Bergelson_Horton_NatCommun_2014_PID_25382143"	"X16S_OTU197_198"	144	"Microbiome"	NA	"16S_OTU197_198"	6.81661e-06	0.214288	0.118900244802014	0.0148391275662025	0.997595284785263	0.999269900238795	117
"61"	"Bergelson_Horton_NatCommun_2014_PID_25382143"	"X16S_OTU199_200"	144	"Microbiome"	NA	"16S_OTU199_200"	6.81661e-06	0.23156	0.0606020915507331	0.00704555095751495	0.997201591511088	0.999133709312233	117
"62"	"Bergelson_Horton_NatCommun_2014_PID_25382143"	"X16S_OTU200_201"	144	"Microbiome"	NA	"16S_OTU200_201"	6.81661e-06	0.405051	0.0432931773305429	0.00530691545034975	0.996994389770589	0.998955769470469	117
"65"	"Bergelson_Horton_NatCommun_2014_PID_25382143"	"X16S_OTU219_220"	144	"Microbiome"	NA	"16S_OTU219_220"	6.81661e-06	0.449078	0.0793715176716594	0.00952361078264935	0.995426510798762	0.998218836062312	117
"66"	"Bergelson_Horton_NatCommun_2014_PID_25382143"	"X16S_OTU22_23"	144	"Microbiome"	NA	"16S_OTU22_23"	6.81661e-06	0.236388	0.0194920686896877	0.00211757404695781	0.997395890566248	0.999210257691083	117
"68"	"Bergelson_Horton_NatCommun_2014_PID_25382143"	"X16S_OTU2284_2285"	144	"Microbiome"	NA	"16S_OTU2284_2285"	6.81661e-06	0.433708	0.100904087756694	0.0109841584034479	0.99576723478267	0.999042236473523	117
"69"	"Bergelson_Horton_NatCommun_2014_PID_25382143"	"X16S_OTU233_234"	144	"Microbiome"	NA	"16S_OTU233_234"	6.81661e-06	0.239997	0.0997952774355743	0.0111206706378665	0.996252282408552	0.998917946186003	117
"71"	"Bergelson_Horton_NatCommun_2014_PID_25382143"	"X16S_OTU243_244"	144	"Microbiome"	NA	"16S_OTU243_244"	6.81661e-06	0.330096	0.119124875906921	0.0142298594033975	0.997178290753713	0.998589075976951	117
"73"	"Bergelson_Horton_NatCommun_2014_PID_25382143"	"X16S_OTU254_255"	144	"Microbiome"	NA	"16S_OTU254_255"	6.81661e-06	0.236694	0.0732123533497894	0.00817323115462576	0.997656786704892	0.999274610967651	117
"75"	"Bergelson_Horton_NatCommun_2014_PID_25382143"	"X16S_OTU26_27"	144	"Microbiome"	NA	"16S_OTU26_27"	6.81661e-06	0.26011	0.109670840654338	0.0138018994666302	0.997398582747701	0.999094520003242	117
"76"	"Bergelson_Horton_NatCommun_2014_PID_25382143"	"X16S_OTU273_274"	144	"Microbiome"	NA	"16S_OTU273_274"	6.81661e-06	0.28228	0.0601584494348289	0.0080591810801906	0.997334601771838	0.998297015138883	117
"77"	"Bergelson_Horton_NatCommun_2014_PID_25382143"	"X16S_OTU278_279"	144	"Microbiome"	NA	"16S_OTU278_279"	6.81661e-06	0.258104	0.083103458390141	0.0108851151873789	0.99721330781621	0.999235288213355	117
"78"	"Bergelson_Horton_NatCommun_2014_PID_25382143"	"X16S_OTU28_29"	144	"Microbiome"	NA	"16S_OTU28_29"	6.81661e-06	0.445632	0.111936266270252	0.0124493088794573	0.99656293208911	0.999156967987591	117
"79"	"Bergelson_Horton_NatCommun_2014_PID_25382143"	"X16S_OTU281_282"	144	"Microbiome"	NA	"16S_OTU281_282"	6.81661e-06	0.33442	0.0671024574648778	0.00744104930837746	0.996773345506064	0.999173638664655	117
"80"	"Bergelson_Horton_NatCommun_2014_PID_25382143"	"X16S_OTU29_30"	144	"Microbiome"	NA	"16S_OTU29_30"	6.81661e-06	0.716093	0.0929636493460461	0.0102998725378031	0.996879945533539	0.998969180810291	117
"81"	"Bergelson_Horton_NatCommun_2014_PID_25382143"	"X16S_OTU293_294"	144	"Microbiome"	NA	"16S_OTU293_294"	6.81661e-06	0.332076	0.121353472465188	0.0183894944608032	0.993384082052372	0.998609731934039	117
"83"	"Bergelson_Horton_NatCommun_2014_PID_25382143"	"X16S_OTU32_33"	144	"Microbiome"	NA	"16S_OTU32_33"	6.81661e-06	0.433182	0.0832702997446089	0.00964424394627687	0.997656786704892	0.999279215713025	117
"84"	"Bergelson_Horton_NatCommun_2014_PID_25382143"	"X16S_OTU320_321"	144	"Microbiome"	NA	"16S_OTU320_321"	6.81661e-06	0.36808	0.0906075705412334	0.0101516852347317	0.99721330781621	0.998884799673898	117
"87"	"Bergelson_Horton_NatCommun_2014_PID_25382143"	"X16S_OTU336_337"	144	"Microbiome"	NA	"16S_OTU336_337"	6.81661e-06	0.269099	0.0802693947571104	0.00871923585761225	0.996563722540046	0.996565618349583	117
"89"	"Bergelson_Horton_NatCommun_2014_PID_25382143"	"X16S_OTU358_359"	144	"Microbiome"	NA	"16S_OTU358_359"	6.81661e-06	2.36378	0.103122169853555	0.0133278686334619	0.993715006793899	0.995066560102828	117
"91"	"Bergelson_Horton_NatCommun_2014_PID_25382143"	"X16S_OTU373_374"	144	"Microbiome"	NA	"16S_OTU373_374"	6.81661e-06	0.291293	0.122058602503205	0.0151407776092039	0.995711551979001	0.998880561660425	117
"92"	"Bergelson_Horton_NatCommun_2014_PID_25382143"	"X16S_OTU38_39"	144	"Microbiome"	NA	"16S_OTU38_39"	6.81661e-06	0.671478	0.097363321754364	0.0114316657356408	0.996360281943884	0.998941756573987	117
"94"	"Bergelson_Horton_NatCommun_2014_PID_25382143"	"X16S_OTU395_396"	144	"Microbiome"	NA	"16S_OTU395_396"	6.81661e-06	0.515087	0.0595707921045832	0.00797775000955858	0.996773345506064	0.998992673466098	117
"95"	"Bergelson_Horton_NatCommun_2014_PID_25382143"	"X16S_OTU4_5"	144	"Microbiome"	NA	"16S_OTU4_5"	6.81661e-06	0.231295	0.0932379370582307	0.0108981728664837	0.997417874962643	0.999087998865916	117
"96"	"Bergelson_Horton_NatCommun_2014_PID_25382143"	"X16S_OTU40_41"	144	"Microbiome"	NA	"16S_OTU40_41"	6.81661e-06	0.326172	0.0474670276248161	0.00519982746141849	0.996965988292023	0.999154775139211	117
"97"	"Bergelson_Horton_NatCommun_2014_PID_25382143"	"X16S_OTU452_453"	144	"Microbiome"	NA	"16S_OTU452_453"	6.81661e-06	0.368149	0.0437295147724613	0.00479102993622213	0.997020291015202	0.999149336499098	117
"98"	"Bergelson_Horton_NatCommun_2014_PID_25382143"	"X16S_OTU478_479"	144	"Microbiome"	NA	"16S_OTU478_479"	6.81661e-06	0.468477	0.0913089835467734	0.0105309549129002	0.996891146042528	0.999024891842201	117
"99"	"Bergelson_Horton_NatCommun_2014_PID_25382143"	"X16S_OTU48_49"	144	"Microbiome"	NA	"16S_OTU48_49"	6.81661e-06	0.236249	0.0970915640550779	0.0113427575318884	0.997413912683985	0.999254368648005	117
"100"	"Bergelson_Horton_NatCommun_2014_PID_25382143"	"X16S_OTU488_489"	144	"Microbiome"	NA	"16S_OTU488_489"	6.81661e-06	0.861483	0.0949614647903995	0.0121995718658103	0.997347140426834	0.998120839777401	117
"101"	"Bergelson_Horton_NatCommun_2014_PID_25382143"	"X16S_OTU507_508"	144	"Microbiome"	NA	"16S_OTU507_508"	6.81661e-06	0.284801	0.0876741796885619	0.0094196797319053	0.995764110592606	0.99796469795174	117
"105"	"Bergelson_Horton_NatCommun_2014_PID_25382143"	"X16S_OTU555_556"	144	"Microbiome"	NA	"16S_OTU555_556"	6.81661e-06	0.19342	0.119490795644348	0.0137689915883172	0.997146798143368	0.99919168103745	117
"106"	"Bergelson_Horton_NatCommun_2014_PID_25382143"	"X16S_OTU557_558"	144	"Microbiome"	NA	"16S_OTU557_558"	6.81661e-06	0.262189	0.082439902928232	0.0100496923547535	0.996894567595345	0.99396800498335	117
"107"	"Bergelson_Horton_NatCommun_2014_PID_25382143"	"X16S_OTU561_562"	144	"Microbiome"	NA	"16S_OTU561_562"	6.81661e-06	0.304781	0.101397114112181	0.010932712633858	0.996655757986958	0.998656553299377	117
"108"	"Bergelson_Horton_NatCommun_2014_PID_25382143"	"X16S_OTU562_563"	144	"Microbiome"	NA	"16S_OTU562_563"	6.81661e-06	0.788281	0.0753617101078843	0.0100213588165492	0.997311289600505	0.999151789420647	117
"109"	"Bergelson_Horton_NatCommun_2014_PID_25382143"	"X16S_OTU581_582"	144	"Microbiome"	NA	"16S_OTU581_582"	6.81661e-06	0.247806	0.107740196157204	0.0120021180380855	0.996972540692912	0.998011352422932	117
"110"	"Bergelson_Horton_NatCommun_2014_PID_25382143"	"X16S_OTU59_60"	144	"Microbiome"	NA	"16S_OTU59_60"	6.81661e-06	0.273353	0.0507100634618504	0.00592710621394291	0.997656786704892	0.998979557464048	117
"111"	"Bergelson_Horton_NatCommun_2014_PID_25382143"	"X16S_OTU592_593"	144	"Microbiome"	NA	"16S_OTU592_593"	6.81661e-06	0.255664	0.0952532455736813	0.0105003395493765	0.996094392791127	0.999112160009376	117
"112"	"Bergelson_Horton_NatCommun_2014_PID_25382143"	"X16S_OTU6_7"	144	"Microbiome"	NA	"16S_OTU6_7"	6.81661e-06	0.40256	0.0375452138050387	0.00477290617499376	0.997656786704892	0.999241945279462	117
"113"	"Bergelson_Horton_NatCommun_2014_PID_25382143"	"X16S_OTU61_62"	144	"Microbiome"	NA	"16S_OTU61_62"	6.81661e-06	0.318973	0.0899105369209861	0.010013462212357	0.997082305541333	0.999147662922336	117
"117"	"Bergelson_Horton_NatCommun_2014_PID_25382143"	"X16S_OTU648_649"	144	"Microbiome"	NA	"16S_OTU648_649"	6.81661e-06	0.193878	0.0412013574448812	0.00565482161182796	0.997286885342476	0.998666950326806	117
"118"	"Bergelson_Horton_NatCommun_2014_PID_25382143"	"X16S_OTU651_652"	144	"Microbiome"	NA	"16S_OTU651_652"	6.81661e-06	0.355829	0.126445167681698	0.0136808811430526	0.996499356489301	0.998516269829562	117
"119"	"Bergelson_Horton_NatCommun_2014_PID_25382143"	"X16S_OTU68_69"	144	"Microbiome"	NA	"16S_OTU68_69"	6.81661e-06	0.37221	0.0912584154699646	0.0104636203332889	0.996287225906351	0.997748203795977	117
"120"	"Bergelson_Horton_NatCommun_2014_PID_25382143"	"X16S_OTU70_71"	144	"Microbiome"	NA	"16S_OTU70_71"	6.81661e-06	0.303632	0.0363717783838786	0.00426940478283776	0.997269141841521	0.999222512041835	117
"122"	"Bergelson_Horton_NatCommun_2014_PID_25382143"	"X16S_OTU728_729"	144	"Microbiome"	NA	"16S_OTU728_729"	6.81661e-06	0.155886	0.0820109796829402	0.0106286643441638	0.996563722540046	0.997746661211379	117
"123"	"Bergelson_Horton_NatCommun_2014_PID_25382143"	"X16S_OTU73_74"	144	"Microbiome"	NA	"16S_OTU73_74"	6.81661e-06	0.39138	0.0768764702646578	0.00922110978435276	0.997076157336087	0.999010719745458	117
"124"	"Bergelson_Horton_NatCommun_2014_PID_25382143"	"X16S_OTU80_81"	144	"Microbiome"	NA	"16S_OTU80_81"	6.81661e-06	0.350504	0.0279644385840362	0.00356712162678043	0.997656786704892	0.999166684567897	117
"125"	"Bergelson_Horton_NatCommun_2014_PID_25382143"	"X16S_OTU835_836"	144	"Microbiome"	NA	"16S_OTU835_836"	6.81661e-06	0.250129	0.0847826226290292	0.011925236401005	0.997273129299868	0.99812735220938	117
"126"	"Bergelson_Horton_NatCommun_2014_PID_25382143"	"X16S_OTU836_837"	144	"Microbiome"	NA	"16S_OTU836_837"	6.81661e-06	0.204238	0.105531649296604	0.0118688729307575	0.994833698761627	0.998673131688364	117
"128"	"Bergelson_Horton_NatCommun_2014_PID_25382143"	"X16S_OTU913_914"	144	"Microbiome"	NA	"16S_OTU913_914"	6.81661e-06	0.253667	0.10148554224098	0.0121183380158144	0.997460526648146	0.999037625341258	117
"130"	"Bergelson_Horton_NatCommun_2014_PID_25382143"	"X16S_OTU949_950"	144	"Microbiome"	NA	"16S_OTU949_950"	6.81661e-06	0.255017	0.0895558234502325	0.00978258458717973	0.996675083099102	0.998306656774785	117
"132"	"Bergelson_Horton_NatCommun_2014_PID_25382143"	"ITS_OTU1051_1052"	145	"Microbiome"	NA	"ITS_OTU1051_1052"	6.81661e-06	0.292623	0.0412614205717654	0.00478095284712025	0.0412614205717654	0.845861353386052	117
"133"	"Bergelson_Horton_NatCommun_2014_PID_25382143"	"ITS_OTU1054_1055"	145	"Microbiome"	NA	"ITS_OTU1054_1055"	6.81661e-06	0.234337	0.251252578838786	0.032093430451639	0.251252578838786	0.942150119019828	117
"135"	"Bergelson_Horton_NatCommun_2014_PID_25382143"	"ITS_OTU1088_1089"	145	"Microbiome"	NA	"ITS_OTU1088_1089"	6.81661e-06	0.249906	0.0716180371352785	0.00845510850057106	0.0716180371352785	0.644472524000491	117
"138"	"Bergelson_Horton_NatCommun_2014_PID_25382143"	"ITS_OTU1136_1137"	145	"Microbiome"	NA	"ITS_OTU1136_1137"	6.81661e-06	0.194963	0.249926318891836	0.0332162408223201	0.249926318891836	0.941673756925873	117
"140"	"Bergelson_Horton_NatCommun_2014_PID_25382143"	"ITS_OTU1152_1153"	145	"Microbiome"	NA	"ITS_OTU1152_1153"	6.81661e-06	0.314764	0.211464780430298	0.0297699853157122	0.211464780430298	0.936628567424395	117
"141"	"Bergelson_Horton_NatCommun_2014_PID_25382143"	"ITS_OTU1189_1190"	145	"Microbiome"	NA	"ITS_OTU1189_1190"	6.81661e-06	0.584056	0.0928381962864721	0.0115200863964447	0.0928381962864721	0.794618244121543	117
"143"	"Bergelson_Horton_NatCommun_2014_PID_25382143"	"ITS_OTU1198_1199"	145	"Microbiome"	NA	"ITS_OTU1198_1199"	6.81661e-06	0.237422	0.0859121721190687	0.0100873135522768	0.0859121721190687	0.795949583790984	117
"144"	"Bergelson_Horton_NatCommun_2014_PID_25382143"	"ITS_OTU1202_1203"	145	"Microbiome"	NA	"ITS_OTU1202_1203"	6.81661e-06	0.308238	0.15929855585028	0.0211249360961549	0.15929855585028	0.898693031861342	117
"150"	"Bergelson_Horton_NatCommun_2014_PID_25382143"	"ITS_OTU1492_1493"	145	"Microbiome"	NA	"ITS_OTU1492_1493"	6.81661e-06	0.346617	0.183613321544356	0.0238219911583495	0.183613321544356	0.919428619840531	117
"155"	"Bergelson_Horton_NatCommun_2014_PID_25382143"	"ITS_OTU1584_1585"	145	"Microbiome"	NA	"ITS_OTU1584_1585"	6.81661e-06	0.274018	0.0642499263188918	0.00742370696687877	0.0642499263188918	0.793806465627452	117
"156"	"Bergelson_Horton_NatCommun_2014_PID_25382143"	"ITS_OTU1614_1615"	145	"Microbiome"	NA	"ITS_OTU1614_1615"	6.81661e-06	0.242808	0.204244031830239	0.0290146651749295	0.204244031830239	0.938210564318608	117
"157"	"Bergelson_Horton_NatCommun_2014_PID_25382143"	"ITS_OTU1631_1632"	145	"Microbiome"	NA	"ITS_OTU1631_1632"	6.81661e-06	0.330822	0.15929855585028	0.0209748126393648	0.15929855585028	0.89214137187439	117
"162"	"Bergelson_Horton_NatCommun_2014_PID_25382143"	"ITS_OTU1671_1672"	145	"Microbiome"	NA	"ITS_OTU1671_1672"	6.81661e-06	0.40999	0.218096080165046	0.0258350130915476	0.218096080165046	0.937504905166247	117
"164"	"Bergelson_Horton_NatCommun_2014_PID_25382143"	"ITS_OTU1713_1714"	145	"Microbiome"	NA	"ITS_OTU1713_1714"	6.81661e-06	0.384859	0.112732095490716	0.0140632491900333	0.112732095490716	0.780033691099023	117
"166"	"Bergelson_Horton_NatCommun_2014_PID_25382143"	"ITS_OTU1762_1763"	145	"Microbiome"	NA	"ITS_OTU1762_1763"	6.81661e-06	0.167459	0.0567344532861774	0.00650936173849537	0.0567344532861774	0.828798582336721	117
"167"	"Bergelson_Horton_NatCommun_2014_PID_25382143"	"ITS_OTU1772_1773"	145	"Microbiome"	NA	"ITS_OTU1772_1773"	6.81661e-06	0.236474	0.142941349837902	0.0173008165707138	0.142941349837902	0.910714100987204	117
"169"	"Bergelson_Horton_NatCommun_2014_PID_25382143"	"ITS_OTU1800_1801"	145	"Microbiome"	NA	"ITS_OTU1800_1801"	6.81661e-06	0.580702	0.125257883878574	0.0152331067757499	0.125257883878574	0.924713973225314	117
"171"	"Bergelson_Horton_NatCommun_2014_PID_25382143"	"ITS_OTU1808_1809"	145	"Microbiome"	NA	"ITS_OTU1808_1809"	6.81661e-06	0.345436	0.179045092838196	0.0293184894607215	0.179045092838196	0.941361551136158	117
"172"	"Bergelson_Horton_NatCommun_2014_PID_25382143"	"ITS_OTU1822_1823"	145	"Microbiome"	NA	"ITS_OTU1822_1823"	6.81661e-06	0.219778	0.119068670792809	0.0140997036726258	0.119068670792809	0.841544607413845	117
"173"	"Bergelson_Horton_NatCommun_2014_PID_25382143"	"ITS_OTU1827_1828"	145	"Microbiome"	NA	"ITS_OTU1827_1828"	6.81661e-06	0.438294	0.0642499263188918	0.00749629132383905	0.0642499263188918	0.86079529247176	117
"174"	"Bergelson_Horton_NatCommun_2014_PID_25382143"	"ITS_OTU1845_1846"	145	"Microbiome"	NA	"ITS_OTU1845_1846"	6.81661e-06	0.283029	0.0716180371352785	0.0083773600913689	0.0716180371352785	0.701087077220875	117
"177"	"Bergelson_Horton_NatCommun_2014_PID_25382143"	"ITS_OTU1953_1954"	145	"Microbiome"	NA	"ITS_OTU1953_1954"	6.81661e-06	0.315755	0.0996168582375479	0.0115277983668586	0.0996168582375479	0.859382658192325	117
"180"	"Bergelson_Horton_NatCommun_2014_PID_25382143"	"ITS_OTU2081_2082"	145	"Microbiome"	NA	"ITS_OTU2081_2082"	6.81661e-06	1.12764	0.131299734748011	0.0168357877071533	0.131299734748011	0.785650609996644	117
"182"	"Bergelson_Horton_NatCommun_2014_PID_25382143"	"ITS_OTU2103_2104"	145	"Microbiome"	NA	"ITS_OTU2103_2104"	6.81661e-06	0.241407	0.112732095490716	0.0135660435556177	0.112732095490716	0.854232781683256	117
"185"	"Bergelson_Horton_NatCommun_2014_PID_25382143"	"ITS_OTU2129_2130"	145	"Microbiome"	NA	"ITS_OTU2129_2130"	6.81661e-06	0.228034	0.0169466548776894	0.00184456564808988	0.0169466548776894	0.326510379802817	117
"186"	"Bergelson_Horton_NatCommun_2014_PID_25382143"	"ITS_OTU2154_2155"	145	"Microbiome"	NA	"ITS_OTU2154_2155"	6.81661e-06	0.301107	0.0788387857353375	0.00950732194329845	0.0788387857353375	0.604396235567923	117
"188"	"Bergelson_Horton_NatCommun_2014_PID_25382143"	"ITS_OTU2243_2244"	145	"Microbiome"	NA	"ITS_OTU2243_2244"	6.81661e-06	0.271054	0.131299734748011	0.0158648455041994	0.131299734748011	0.927280964943251	117
"190"	"Bergelson_Horton_NatCommun_2014_PID_25382143"	"ITS_OTU2419_2420"	145	"Microbiome"	NA	"ITS_OTU2419_2420"	6.81661e-06	0.294563	0.0716180371352785	0.0085184395807597	0.0716180371352785	0.917457389767212	117
"192"	"Bergelson_Horton_NatCommun_2014_PID_25382143"	"ITS_OTU2678_2679"	145	"Microbiome"	NA	"ITS_OTU2678_2679"	6.81661e-06	0.199853	0.0490716180371353	0.00556350418385661	0.0490716180371353	0.859393429464169	117
"193"	"Bergelson_Horton_NatCommun_2014_PID_25382143"	"ITS_OTU2761_2762"	145	"Microbiome"	NA	"ITS_OTU2761_2762"	6.81661e-06	0.186265	0.0412614205717654	0.00452162039950586	0.0412614205717654	0.788291859532383	117
"196"	"Bergelson_Horton_NatCommun_2014_PID_25382143"	"ITS_OTU2934_2935"	145	"Microbiome"	NA	"ITS_OTU2934_2935"	6.81661e-06	0.227838	0.0333038608900678	0.00368341607812973	0.0333038608900678	0.372869783849025	117
"201"	"Bergelson_Horton_NatCommun_2014_PID_25382143"	"ITS_OTU3313_3313"	145	"Microbiome"	NA	"ITS_OTU3313_3313"	6.81661e-06	0.274364	0.131299734748011	0.0167330461739272	0.131299734748011	0.913250595926109	117
"203"	"Bergelson_Horton_NatCommun_2014_PID_25382143"	"ITS_OTU3376_3376"	145	"Microbiome"	NA	"ITS_OTU3376_3376"	6.81661e-06	0.203873	0.174329501915709	0.0249713031722723	0.174329501915709	0.933232557736624	117
"206"	"Bergelson_Horton_NatCommun_2014_PID_25382143"	"ITS_OTU3467_3467"	145	"Microbiome"	NA	"ITS_OTU3467_3467"	6.81661e-06	0.30624	0.119068670792809	0.014673990163858	0.119068670792809	0.752967990212488	117
"207"	"Bergelson_Horton_NatCommun_2014_PID_25382143"	"ITS_OTU3507_3507"	145	"Microbiome"	NA	"ITS_OTU3507_3507"	6.81661e-06	0.309271	0.188034188034188	0.0242636244551663	0.188034188034188	0.937229688727637	117
"208"	"Bergelson_Horton_NatCommun_2014_PID_25382143"	"ITS_OTU3573_3573"	145	"Microbiome"	NA	"ITS_OTU3573_3573"	6.81661e-06	0.272836	0.13719422340112	0.0164858483866707	0.13719422340112	0.919035699167023	117
"209"	"Bergelson_Horton_NatCommun_2014_PID_25382143"	"ITS_OTU3751_3751"	145	"Microbiome"	NA	"ITS_OTU3751_3751"	6.81661e-06	0.562854	0.0251989389920424	0.00275395924138949	0.0251989389920424	0.355569444986467	117
"213"	"Bergelson_Horton_NatCommun_2014_PID_25382143"	"ITS_OTU3962_3962"	145	"Microbiome"	NA	"ITS_OTU3962_3962"	6.81661e-06	0.203522	0.0716180371352785	0.00858811738106892	0.0716180371352785	0.539011573642246	117
"215"	"Bergelson_Horton_NatCommun_2014_PID_25382143"	"ITS_OTU600_601"	145	"Microbiome"	NA	"ITS_OTU600_601"	6.81661e-06	0.628572	0.0788387857353375	0.00920456176335765	0.0788387857353375	0.861611144724767	117
"217"	"Bergelson_Horton_NatCommun_2014_PID_25382143"	"ITS_OTU763_764"	145	"Microbiome"	NA	"ITS_OTU763_764"	6.81661e-06	0.301899	0.153993516062482	0.0186270315207173	0.153993516062482	0.927015060585685	117
"220"	"Bergelson_Horton_NatCommun_2014_PID_25382143"	"ITS_OTU822_823"	145	"Microbiome"	NA	"ITS_OTU822_823"	6.81661e-06	0.281654	0.249926318891836	0.0357333442105836	0.249926318891836	0.941854308356692	117
"225"	"Bergelson_Horton_NatCommun_2014_PID_25382143"	"ITS_OTU905_906"	145	"Microbiome"	NA	"ITS_OTU905_906"	6.81661e-06	0.269491	0.169466548776894	0.0208218565912252	0.169466548776894	0.935071585944365	117
"237"	"Bergelson_Vetter_PlosGen_2016_PID_27336582"	"flgPv"	186	"Defense"	NA	"flgPv"	7.68197e-06	0.0999791	87.3126906216352	10.7413753116279	0.997764852466119	0.998449261116223	123
"240"	"Berthom_Aoun_FronPlaSci_2017_PID_28878784"	"day10_30C_uncut"	158	"Defense"	NA	"day10_30C_uncut"	8.07025e-06	0.0951314	0.161907862582994	0.0163533570970073	0.230369676925164	0.625329817317316	102
"241"	"Berthom_Aoun_FronPlaSci_2017_PID_28878784"	"day11_27C_cut"	151	"Defense"	NA	"day11_27C_cut"	7.90836e-06	0.100552	1.32542226522115	0.156954139163426	0.962662063343609	0.996306706649772	95
"243"	"Berthom_Aoun_FronPlaSci_2017_PID_28878784"	"day12_27C_cut"	151	"Defense"	NA	"day12_27C_cut"	7.90836e-06	0.209869	1.25990396676307	0.144268206584711	0.922801835073535	0.99283903993135	95
"244"	"Berthom_Aoun_FronPlaSci_2017_PID_28878784"	"day13_27C_cut"	151	"Defense"	NA	"day13_27C_cut"	7.90836e-06	0.117192	1.19004576257951	0.14901662115145	0.905438127278252	0.991319888229018	95
"248"	"Berthom_Aoun_FronPlaSci_2017_PID_28878784"	"day3_30C_cut"	141	"Defense"	NA	"day3_30C_cut"	7.92392e-06	0.148354	0.581186860605362	0.0731943145496311	0.954441687715704	0.995732779469288	89
"250"	"Berthom_Aoun_FronPlaSci_2017_PID_28878784"	"day4_27C_cut"	152	"Defense"	NA	"day4_27C_cut"	7.87304e-06	0.242041	0.311259171412771	0.0282331859440612	0.957662609292348	0.995833694174462	96
"252"	"Berthom_Aoun_FronPlaSci_2017_PID_28878784"	"day4_30C_cut"	141	"Defense"	NA	"day4_30C_cut"	7.92392e-06	0.132141	0.974115477423749	0.115179555294148	0.991060380960961	0.998520189450663	89
"257"	"Berthom_Aoun_FronPlaSci_2017_PID_28878784"	"day5_30C_uncut"	158	"Defense"	NA	"day5_30C_uncut"	8.07025e-06	0.122356	1.61144779154005	0.158912798558015	0.907495767209349	0.990908371353025	102
"265"	"Berthom_Aoun_FronPlaSci_2017_PID_28878784"	"day7_30C_uncut"	158	"Defense"	NA	"day7_30C_uncut"	8.07025e-06	0.0773415	0.543358496245389	0.0588652506445334	0.862212760162105	0.986976976787893	102
"273"	"Birnbaum_Gifford_PlosGen_201399e1003760_PID_24039603"	"LR_count_lowN"	82	"Development"	"Avoidance"	"LR_count_lowN"	8.03581e-06	0.116419	3.08937024869265	0.206591692129709	0.985304938265843	0.997292799338258	65
"279"	"Birnbaum_Gifford_PlosGen_201399e1003760_PID_24039603"	"LRlengthave_lowN"	82	"Development"	"Avoidance"	"LRlengthave_lowN"	8.03581e-06	0.107819	0.0464208355012288	0.00382975104634531	0.995931125409518	0.999276754223778	65
"282"	"Birnbaum_Gifford_PlosGen_201399e1003760_PID_24039603"	"LRtot_lowN"	82	"Development"	"Avoidance"	"LRtot_lowN"	8.03581e-06	0.101888	0.643415609129579	0.0487961785605092	0.995919497036606	0.999204385332841	65
"284"	"Birnbaum_Gifford_PlosGen_201399e1003760_PID_24039603"	"PR_highN"	82	"Development"	"Avoidance"	"PR_highN"	8.03581e-06	0.168589	1.86648606698642	0.127348943681954	0.995931125409518	0.999280721800369	65
"285"	"Birnbaum_Gifford_PlosGen_201399e1003760_PID_24039603"	"PR_lowN"	82	"Development"	"Avoidance"	"PR_lowN"	8.03581e-06	0.148955	0.61919050993455	0.0461352293609551	0.995931125409518	0.999278233162178	65
"288"	"Birnbaum_Gifford_PlosGen_201399e1003760_PID_24039603"	"PR_plus_LRtot_lowN"	82	"Development"	"Avoidance"	"PR_plus_LRtot_lowN"	8.03581e-06	0.116107	1.52717660174641	0.106261766186452	0.995931125409518	0.999101985619781	65
"289"	"Birnbaum_Gifford_PlosGen_201399e1003760_PID_24039603"	"SA_DhighN_vs_lowN"	82	"Development"	"Avoidance"	"SA_DhighN_vs_lowN"	8.03581e-06	0.104559	0.00197417228598689	0.000126032141931515	0.995919074898096	0.998949410750039	65
"290"	"Birnbaum_Gifford_PlosGen_201399e1003760_PID_24039603"	"SA_highN"	82	"Development"	"Avoidance"	"SA_highN"	8.03581e-06	0.101773	0.00183334639684193	0.000130245888494494	0.99590559948424	0.998945365987828	65
"291"	"Birnbaum_Gifford_PlosGen_201399e1003760_PID_24039603"	"SA_lowN"	82	"Development"	"Avoidance"	"SA_lowN"	8.03581e-06	0.145647	0.000339494936402333	2.34592612405535e-05	0.995627219755454	0.99927071334882	65
"293"	"Birnbaum_Gifford_PlosGen_201399e1003760_PID_24039603"	"SA_to_PR_highN"	82	"Development"	"Avoidance"	"SA_to_PR_highN"	8.03581e-06	0.1474	0.65973566829599	0.0399852779284529	0.995931125409518	0.999280321500096	65
"294"	"Birnbaum_Gifford_PlosGen_201399e1003760_PID_24039603"	"SA_to_PR_lowN"	82	"Development"	"Avoidance"	"SA_to_PR_lowN"	8.03581e-06	0.0924299	8.00246095563964e-06	6.85616792019674e-07	0.995931125409518	0.998231538604842	65
"302"	"Borevitz_Li_PNAS_2010_PID_21078970"	"X111_SizePlantingSummerLocSweden2009"	407	"Development"	NA	"111_SizePlantingSummerLocSweden2009"	8.22149e-06	0.120732	5.85384657063062	1.04286768575287	0.998373991707799	0.999278135345348	175
"311"	"Borevitz_Li_PNAS_2010_PID_21078970"	"X120_DTFplantingLoc2008"	351	"Reproduction"	"Escape"	"120_DTFplantingLoc2008"	8.0023e-06	0.0715501	433.659720421256	62.3588940622424	0.99814929593624	0.999228987542072	154
"329"	"Borevitz_Li_PNAS_2010_PID_21078970"	"X138_YieldPlantingSummerLocSweden2009"	355	"Development"	NA	"138_YieldPlantingSummerLocSweden2009"	8.35128e-06	0.130266	0.0141914500966824	0.00360727922093072	0.998108021120683	0.999268160194596	151
"334"	"Botto_Ibarra_PlaCelEnv_2016_PID_26177669"	"GEMINATION_4D_per"	133	"Development"	"Escape"	"GEMINATION_4D_per"	7.71233e-06	1.53725	645.163621646623	47.456667424675	0.992742771425704	0.999192796481844	47
"339"	"Brotman_Wu_MolPlant_2018_PID_28866081"	"NC_0570"	301	"Metabolite"	"Tolerance"	"NC_0570"	8.36304e-06	0.121726	1.28058295572653	0.15009710227283	0.997757991981424	0.998313831458172	123
"343"	"Brotman_Wu_MolPlant_2018_PID_28866081"	"NC_0704"	301	"Metabolite"	"Tolerance"	"NC_0704"	8.36304e-06	0.117899	3.33195783912025	0.571892787517266	0.997764852466119	0.99927391523836	123
"344"	"Brotman_Wu_MolPlant_2018_PID_28866081"	"NC_0705"	301	"Metabolite"	"Tolerance"	"NC_0705"	8.54945e-06	0.0913351	78.0823600497364	0.783436485379671	0.953726812943182	0.999260150857656	123
"345"	"Brotman_Wu_MolPlant_2018_PID_28866081"	"NC_0734"	301	"Metabolite"	"Tolerance"	"NC_0734"	8.36304e-06	0.103996	1.11690581535073	0.129220745874449	0.997757991981424	0.999269793791809	123
"347"	"Brotman_Wu_MolPlant_2018_PID_28866081"	"NC_0928"	301	"Metabolite"	"Tolerance"	"NC_0928"	8.34567e-06	0.0998367	105.775859925493	0.188066156111594	0.910104007033643	0.999192026793611	123
"348"	"Brotman_Wu_MolPlant_2018_PID_28866081"	"NC_1008"	301	"Metabolite"	"Tolerance"	"NC_1008"	8.36304e-06	0.173378	0.180717346696815	0.021604692241719	0.997757898356805	0.999271995625645	123
"350"	"Brotman_Wu_MolPlant_2018_PID_28866081"	"NC_1057"	301	"Metabolite"	"Tolerance"	"NC_1057"	8.35545e-06	0.156337	21.372166368515	0.487626030157397	0.989059430916832	0.999280881528018	123
"351"	"Brotman_Wu_MolPlant_2018_PID_28866081"	"NC_1092"	301	"Metabolite"	"Tolerance"	"NC_1092"	8.36304e-06	0.0969924	0.225642662441286	0.0288432383447007	0.997763141477008	0.999263158725997	123
"355"	"Brotman_Wu_MolPlant_2018_PID_28866081"	"NC_1201"	301	"Metabolite"	"Tolerance"	"NC_1201"	8.53489e-06	0.210953	65.7982719666464	0.766591736141271	0.962504532393468	0.999032273285583	123
"356"	"Brotman_Wu_MolPlant_2018_PID_28866081"	"NC_1213"	301	"Metabolite"	"Tolerance"	"NC_1213"	8.34601e-06	0.201873	7.69760786082042	0.215730093587307	0.997764852466119	0.999259523771056	123
"358"	"Brotman_Wu_MolPlant_2018_PID_28866081"	"NC_1295"	301	"Metabolite"	"Tolerance"	"NC_1295"	7.4814e-06	0.731151	194.926019336519	0.791488847144805	0.695818214797521	0.997805907972219	123
"360"	"Brotman_Wu_MolPlant_2018_PID_28866081"	"NC_1379"	301	"Metabolite"	"Tolerance"	"NC_1379"	8.36304e-06	0.0960227	1.03250737090168	0.121158718984157	0.997757991981424	0.99753832569174	123
"371"	"Brotman_Wu_MolPlant_2018_PID_28866081"	"PC_0435"	301	"Metabolite"	"Tolerance"	"PC_0435"	8.36304e-06	0.11416	0.665290473290662	0.179549024174879	0.997757991981424	0.999280409249843	123
"372"	"Brotman_Wu_MolPlant_2018_PID_28866081"	"PC_0441"	301	"Metabolite"	"Tolerance"	"PC_0441"	8.36304e-06	0.10887	0.127407277669695	0.0148162955612846	0.997752928765913	0.99906079725803	123
"377"	"Brotman_Wu_MolPlant_2018_PID_28866081"	"PC_0455"	301	"Metabolite"	"Tolerance"	"PC_0455"	9.2594e-06	0.115417	180.862124255901	0.575268020429707	0.721933080815169	0.99871524566119	123
"381"	"Brotman_Wu_MolPlant_2018_PID_28866081"	"PC_0506"	301	"Metabolite"	"Tolerance"	"PC_0506"	8.36304e-06	0.122499	0.122031627723555	0.0136900568441662	0.997763108362316	0.998792311720273	123
"386"	"Brotman_Wu_MolPlant_2018_PID_28866081"	"PC_0552"	301	"Metabolite"	"Tolerance"	"PC_0552"	8.36304e-06	0.120056	0.257860908133342	0.0711203317856584	0.997713225919494	0.999277330637845	123
"387"	"Brotman_Wu_MolPlant_2018_PID_28866081"	"PC_0558"	301	"Metabolite"	"Tolerance"	"PC_0558"	8.36304e-06	0.102063	0.062243529395331	0.00694189986382247	0.99769523045738	0.999274752069062	123
"388"	"Brotman_Wu_MolPlant_2018_PID_28866081"	"PC_0570"	301	"Metabolite"	"Tolerance"	"PC_0570"	8.36304e-06	0.239725	0.207283916791863	0.0233989470566593	0.99774739509972	0.99927891682492	123
"395"	"Brotman_Wu_MolPlant_2018_PID_28866081"	"PC_0638"	301	"Metabolite"	"Tolerance"	"PC_0638"	8.36572e-06	0.113946	57.8438906218074	0.154233420977351	0.971310403054795	0.999200920896434	123
"396"	"Brotman_Wu_MolPlant_2018_PID_28866081"	"PC_0642"	301	"Metabolite"	"Tolerance"	"PC_0642"	7.28318e-06	1.10563	117.084950290858	0.691183845686484	0.483647000979487	0.999148600139844	123
"397"	"Brotman_Wu_MolPlant_2018_PID_28866081"	"PC_0658"	301	"Metabolite"	"Tolerance"	"PC_0658"	8.36304e-06	0.175238	0.178233629382223	0.0204947108889613	0.997763108362316	0.999265350454438	123
"399"	"Brotman_Wu_MolPlant_2018_PID_28866081"	"PC_0684"	301	"Metabolite"	"Tolerance"	"PC_0684"	8.36304e-06	0.137489	1.0743304166447	0.140461368330982	0.997757952871831	0.999269867997415	123
"402"	"Brotman_Wu_MolPlant_2018_PID_28866081"	"PC_0712"	301	"Metabolite"	"Tolerance"	"PC_0712"	8.36304e-06	0.109146	0.744926737564848	0.0854363700555144	0.997763108362316	0.999259491700329	123
"404"	"Brotman_Wu_MolPlant_2018_PID_28866081"	"PC_0846"	301	"Metabolite"	"Tolerance"	"PC_0846"	8.36304e-06	0.105052	0.381365098821862	0.0436239935231078	0.997763141477008	0.999280800776092	123
"406"	"Brotman_Wu_MolPlant_2018_PID_28866081"	"PC_0866"	301	"Metabolite"	"Tolerance"	"PC_0866"	8.34623e-06	0.140447	10.1433075064954	0.42213007079861	0.997764852466119	0.999272413235765	123
"408"	"Brotman_Wu_MolPlant_2018_PID_28866081"	"PC_1145"	301	"Metabolite"	"Tolerance"	"PC_1145"	8.36304e-06	0.128775	0.0938182261921554	0.0106446466043392	0.997764852466119	0.999279840578103	123
"417"	"Brotman_Wu_MolPlant_2018_PID_28866081"	"PC_1410"	301	"Metabolite"	"Tolerance"	"PC_1410"	9.04495e-06	0.113146	201.401029842626	0.729982420621916	0.794495812952063	0.998302863544468	123
"421"	"Brotman_Wu_MolPlant_2018_PID_28866081"	"PC_1491"	301	"Metabolite"	"Tolerance"	"PC_1491"	8.36884e-06	0.111382	8.37656964896574	0.260545127763898	0.997763066974075	0.999266475030838	123
"426"	"Brotman_Wu_MolPlant_2018_PID_28866081"	"PC_1734"	301	"Metabolite"	"Tolerance"	"PC_1734"	8.37035e-06	0.20879	6.80371839746641	0.110193693199881	0.997763147127304	0.999240104116982	123
"427"	"Brotman_Wu_MolPlant_2018_PID_28866081"	"PC_1755"	301	"Metabolite"	"Tolerance"	"PC_1755"	8.36304e-06	0.129003	0.896198888035837	0.105463395550593	0.997728378044714	0.9992753448942	123
"428"	"Brotman_Wu_MolPlant_2018_PID_28866081"	"PC_1782"	301	"Metabolite"	"Tolerance"	"PC_1782"	8.36304e-06	0.140624	1.67741609243872	0.197435716350087	0.997758037527018	0.999268804539791	123
"429"	"Brotman_Wu_MolPlant_2018_PID_28866081"	"PC_1857"	301	"Metabolite"	"Tolerance"	"PC_1857"	8.36304e-06	0.26827	0.165300962652002	0.0196486705193882	0.997622784555877	0.998111570313855	123
"430"	"Brotman_Wu_MolPlant_2018_PID_28866081"	"PC_1976"	301	"Metabolite"	"Tolerance"	"PC_1976"	8.36304e-06	0.140686	1.23781633328293	0.141369955202813	0.997764852466119	0.999184574934409	123
"431"	"Brotman_Wu_MolPlant_2018_PID_28866081"	"PC_1998"	301	"Metabolite"	"Tolerance"	"PC_1998"	8.36304e-06	0.107728	0.975240693401501	0.116440904503211	0.997757952871831	0.999267475590089	123
"432"	"Brotman_Wu_MolPlant_2018_PID_28866081"	"PC_2045"	301	"Metabolite"	"Tolerance"	"PC_2045"	8.36304e-06	0.23744	0.212137312072013	0.0257822315265659	0.997763066974075	0.99736921647485	123
"434"	"Brotman_Wu_MolPlant_2018_PID_28866081"	"PC_2395"	301	"Metabolite"	"Tolerance"	"PC_2395"	8.36001e-06	0.106069	8.5580627505836	0.229838364687058	0.997757991981424	0.99926794161136	123
"439"	"Brotman_Wu_PlosGen_2016_PID_27760136"	"met04"	313	"Metabolite"	"Tolerance"	"met04"	8.18914e-06	0.254287	1.02503010791481	0.124527887759851	0.997923292941132	0.999263165205487	133
"440"	"Brotman_Wu_PlosGen_2016_PID_27760136"	"met05"	313	"Metabolite"	"Tolerance"	"met05"	8.18914e-06	81.5336	1.07891209443263	0.146620131117491	0.997923292941132	0.999280508268884	133
"449"	"Brotman_Wu_PlosGen_2016_PID_27760136"	"met14"	313	"Metabolite"	"Tolerance"	"met14"	8.18914e-06	0.108158	0.980496705267553	0.122527239840221	0.997923292941132	0.999128662168502	133
"454"	"Brotman_Wu_PlosGen_2016_PID_27760136"	"met19"	313	"Metabolite"	"Tolerance"	"met19"	8.18914e-06	0.133427	1.10379585961544	0.15680997514553	0.997923292941132	0.99896870205561	133
"461"	"Brotman_Wu_PlosGen_2016_PID_27760136"	"met26"	313	"Metabolite"	"Tolerance"	"met26"	8.18914e-06	0.140374	1.10491252928534	0.144573171353823	0.997923292941132	0.999245437568945	133
"462"	"Brotman_Wu_PlosGen_2016_PID_27760136"	"met27"	313	"Metabolite"	"Tolerance"	"met27"	8.18914e-06	0.224226	0.675396755911387	0.0820658338726414	0.997923292941132	0.998803240411181	133
"465"	"Brotman_Wu_PlosGen_2016_PID_27760136"	"met30"	313	"Metabolite"	"Tolerance"	"met30"	8.18914e-06	0.143327	0.893047890504034	0.117428612592334	0.997923292941132	0.999047106501352	133
"473"	"Brotman_Wu_PlosGen_2016_PID_27760136"	"met38"	313	"Metabolite"	"Tolerance"	"met38"	8.18914e-06	0.123962	0.943957136435527	0.130371212078135	0.997923292941132	0.999194924682184	133
"474"	"Brotman_Wu_PlosGen_2016_PID_27760136"	"met39"	313	"Metabolite"	"Tolerance"	"met39"	8.18914e-06	0.113305	0.970782859327373	0.123197250976953	0.997923292941132	0.999115696375804	133
"476"	"Brotman_Wu_PlosGen_2016_PID_27760136"	"met41"	313	"Metabolite"	"Tolerance"	"met41"	8.18914e-06	0.10211	0.936365263768096	0.113656578004061	0.997923292941132	0.999082361668243	133
"477"	"Brotman_Wu_PlosGen_2016_PID_27760136"	"met42"	313	"Metabolite"	"Tolerance"	"met42"	8.18914e-06	0.101539	1.01474892606508	0.128251006878667	0.997923292941132	0.999194924682184	133
"478"	"Brotman_Wu_PlosGen_2016_PID_27760136"	"met43"	313	"Metabolite"	"Tolerance"	"met43"	8.18914e-06	0.100303	0.911031832052755	0.117711154729844	0.997923292941132	0.999250289900572	133
"479"	"Brotman_Wu_PlosGen_2016_PID_27760136"	"met44"	313	"Metabolite"	"Tolerance"	"met44"	8.18914e-06	0.112559	1.00569103549358	0.127864547510055	0.997923292941132	0.999211028680517	133
"480"	"Brotman_Wu_PlosGen_2016_PID_27760136"	"met45"	313	"Metabolite"	"Tolerance"	"met45"	8.18914e-06	0.10427	0.924792626074109	0.12345948497428	0.997923292941132	0.999257563176634	133
"483"	"Brotman_Wu_PlosGen_2016_PID_27760136"	"met48"	313	"Metabolite"	"Tolerance"	"met48"	8.18914e-06	0.0781169	0.927207970559195	0.126328285524705	0.997923292941132	0.997648073369675	133
"484"	"Brotman_Wu_PlosGen_2016_PID_27760136"	"met49"	313	"Metabolite"	"Tolerance"	"met49"	8.18914e-06	0.132482	1.2427092868261	0.166151886330738	0.997923292941132	0.99855558219836	133
"488"	"Brotman_Wu_PlosGen_2016_PID_27760136"	"met53"	313	"Metabolite"	"Tolerance"	"met53"	8.18914e-06	0.111046	0.698538954062376	0.100241916080807	0.997923292941132	0.999232470012399	133
"489"	"Brotman_Wu_PlosGen_2016_PID_27760136"	"met54"	313	"Metabolite"	"Tolerance"	"met54"	8.18914e-06	0.0956735	0.949014367129843	0.116393640584968	0.997923292941132	0.999269425303905	133
"492"	"Brotman_Wu_PlosGen_2016_PID_27760136"	"met57"	313	"Metabolite"	"Tolerance"	"met57"	8.18914e-06	0.13314	1.07789399420864	0.134970317324417	0.997923292941132	0.999183014012175	133
"498"	"Brotman_Wu_PlosGen_2016_PID_27760136"	"met63"	313	"Metabolite"	"Tolerance"	"met63"	8.18914e-06	0.138263	0.790949805313497	0.0996566902242315	0.997923292941132	0.999136919997992	133
"499"	"Brotman_Wu_PlosGen_2016_PID_27760136"	"met64"	313	"Metabolite"	"Tolerance"	"met64"	8.18914e-06	0.101877	1.01148236565277	0.131424377653869	0.997923292941132	0.998887218498765	133
"514"	"Brotman_Wu_PlosGen_2016_PID_27760136"	"met79"	313	"Metabolite"	"Tolerance"	"met79"	8.18914e-06	0.109913	0.842115580899765	0.120050440669355	0.997923292941132	0.99927391523836	133
"516"	"Brotman_Wu_PlosGen_2016_PID_27760136"	"met81"	313	"Metabolite"	"Tolerance"	"met81"	8.18914e-06	0.117935	0.961528438196462	0.117580731760387	0.997923292941132	0.999249526711922	133
"529"	"Brotman_Wu_PlosGen_2016_PID_27760136"	"met94"	313	"Metabolite"	"Tolerance"	"met94"	8.18914e-06	0.105095	0.951479291478062	0.12707853744998	0.997923292941132	0.996895886500826	133
"530"	"Busch_Meijn_NatGen_2014_PID_24212884"	"X142_Mature_cell_length"	201	"Metabolite"	"Avoidance"	"142_Mature_cell_length"	8.52943e-06	0.111143	1047.220355795	113.046350765067	0.997381148482241	0.99927355465108	104
"531"	"Busch_Meijn_NatGen_2014_PID_24212884"	"X143_Meristem_zone_length"	201	"Metabolite"	"Avoidance"	"143_Meristem_zone_length"	8.52943e-06	0.116944	1002.34500925233	112.775606089597	0.997381148482241	0.999159702775305	104
"537"	"Busch_Ristova_PlantJ_2018_PID_30030851"	"LRD_P_C"	190	"Development"	"Avoidance"	"LRD_P_C"	7.02996e-06	0.278696	0.0041997014845679	0.000339372151640064	0.996688561025545	0.999101767834758	81
"540"	"Busch_Ristova_PlantJ_2018_PID_30030851"	"LRD_R_ABA"	191	"Development"	"Avoidance"	"LRD_R_ABA"	7.12307e-06	0.848391	0.121005725030111	0.0105148623611973	0.668578698090089	0.975644369815475	82
"541"	"Busch_Ristova_PlantJ_2018_PID_30030851"	"LRD_R_C"	190	"Development"	"Avoidance"	"LRD_R_C"	7.02996e-06	0.577295	0.0293427885401235	0.00233608159028399	0.990206517454156	0.997884920301939	81
"542"	"Busch_Ristova_PlantJ_2018_PID_30030851"	"LRD_R_CK"	192	"Development"	"Avoidance"	"LRD_R_CK"	7.10505e-06	0.759531	0.0304088365706729	0.00266573401702905	0.977345286327733	0.997602344230659	83
"578"	"Busch_Slovak_PlantCell_2014_PID_24920330"	"Average_root_width_day001"	163	"Development"	"Avoidance"	"Average_root_width_day001"	8.0255e-06	0.12424	0.0885921358790976	0.00770452368151521	0.997146700048629	0.998769769511913	95
"594"	"Busch_Slovak_PlantCell_2014_PID_24920330"	"Root_angle_day001"	163	"Development"	"Avoidance"	"Root_angle_day001"	8.0255e-06	0.479582	29.4325292268123	2.94252162056939	0.997146700048629	0.999234463105455	95
"607"	"Busch_Slovak_PlantCell_2014_PID_24920330"	"Root_growth_rate_day002.day003"	163	"Development"	"Avoidance"	"Root_growth_rate_day002.day003"	0.000878861	0.125429	795.680920314866	77.5883226150482	0.997146700048629	0.999277776713194	95
"617"	"Busch_Slovak_PlantCell_2014_PID_24920330"	"Root_linearity_day001"	163	"Development"	"Avoidance"	"Root_linearity_day001"	8.0255e-06	0.11399	0.0083458097940067	0.000909597338581248	0.997146700048629	0.998808687140573	95
"619"	"Busch_Slovak_PlantCell_2014_PID_24920330"	"Root_linearity_day003"	163	"Development"	"Avoidance"	"Root_linearity_day003"	8.0255e-06	0.160596	0.0101995888801463	0.00093168182586563	0.997146700048629	0.997263070526782	95
"623"	"Busch_Slovak_PlantCell_2014_PID_24920330"	"Root_tortuosity_day001"	163	"Development"	"Avoidance"	"Root_tortuosity_day001"	8.0255e-06	0.141221	0.000519510690607013	4.89284673127402e-05	0.997146700048629	0.999238325277103	95
"641"	"Busch_Slovak_PlantCell_2014_PID_24920330"	"Root_width_20_day001"	163	"Development"	"Avoidance"	"Root_width_20_day001"	8.0255e-06	0.0992078	0.407388946011165	0.0497881731427774	0.997146700048629	0.999264865050101	95
"647"	"Busch_Slovak_PlantCell_2014_PID_24920330"	"Root_width_40_day001"	163	"Development"	"Avoidance"	"Root_width_40_day001"	8.0255e-06	0.0972518	0.186319172239767	0.0177152204743036	0.997146700048629	0.999228335768337	95
"672"	"Coruzzi_Rosas_PNAS_2013_PID_23980140"	"PC1"	69	"Development"	NA	"PC1"	6.25557e-06	0.425313	20513.0781894447	1489.74329199765	0.994606266792913	0.999170092335244	48
"674"	"Coupland_de_PNAS_2015_PID_25548158"	"LD12_peak"	54	"Development"	"Escape"	"LD12_peak"	8.54415e-06	0.585123	0.228737482219061	0.01401500328552	0.992991957518555	0.99871488431378	38
"676"	"Coupland_de_PNAS_2015_PID_25548158"	"LD14_peak"	54	"Development"	"Escape"	"LD14_peak"	8.54415e-06	1.24654	0.294843243243243	0.0155616424219441	0.991740029998158	0.998720007327636	38
"678"	"Coupland_de_PNAS_2015_PID_25548158"	"LD16_peak"	54	"Development"	"Escape"	"LD16_peak"	8.54415e-06	0.407693	0.339252631578947	0.0249014870285372	0.992862359454438	0.999155354161928	38
"680"	"Coupland_de_PNAS_2015_PID_25548158"	"SD10_peak"	54	"Development"	"Escape"	"SD10_peak"	8.54415e-06	0.679275	0.147874039829303	0.00901758765007882	0.993080747780899	0.998898544800794	38
"681"	"Coupland_de_PNAS_2015_PID_25548158"	"SD10_period"	54	"Development"	"Escape"	"SD10_period"	8.54415e-06	0.455189	0.805595519203414	0.0465518232019827	0.979434785030324	0.998029821251324	38
"686"	"Dellapenna_Angelovici_PlantCell_2013_PID_24368787"	"ile_ileleuval"	313	"Metabolite"	"Tolerance"	"ile_ileleuval"	8.54129e-06	0.223318	0.000355979674430389	3.8778212492547e-05	0.997728715698905	0.999275890670066	121
"701"	"Dicke_Davila_NewPyhtol_2017_PID_27604707"	"Drought"	334	"Defense"	NA	"Drought"	8.35162e-06	0.117867	192.272978682616	31.0819443258763	0.998275538589207	0.999256830805657	162
"703"	"Dicke_Davila_NewPyhtol_2017_PID_27604707"	"P_xyllostella"	311	"Defense"	NA	"P_xyllostella"	8.10293e-06	0.0682693	1044.38511929923	139.992077456349	0.998107872428425	0.999253028623856	147
"713"	"Exposito-Alonso_Nature_2019_PID_31462776"	"rFitness_mhp"	515	"Development"	NA	"rFitness_mhp"	1.61196e-05	0.156507	0.652893596435426	0.0340544055405394	0.997319202295442	0.999261394480915	515
"722"	"Exposito-Alonso_Nature_2019_PID_31462776"	"rSeeds_mli"	515	"Development"	NA	"rSeeds_mli"	1.67836e-05	0.0938104	15.3247083823024	0.300474955649541	0.904164739389853	0.999228335768337	515
"728"	"Exposito-Alonso_Nature_2019_PID_31462776"	"rSurvival_fruit_mhi"	515	"Development"	NA	"rSurvival_fruit_mhi"	1.61196e-05	0.101437	0.597368211949811	0.0081361112828667	0.660867904648821	0.853805144851869	515
"729"	"Exposito-Alonso_Nature_2019_PID_31462776"	"rSurvival_fruit_mhp"	515	"Development"	NA	"rSurvival_fruit_mhp"	1.61196e-05	0.0714714	0.616051432261852	0.0171924921513653	0.665767545887238	0.855800591174926	515
"732"	"Exposito-Alonso_Nature_2019_PID_31462776"	"rSurvival_fruit_thi"	515	"Development"	NA	"rSurvival_fruit_thi"	1.61196e-05	0.104004	0.597576722558781	0.00826880469172992	0.723857265356612	0.878199743269393	515
"736"	"Fernie_Tohge_SciData_2018_PID_29611844"	"Flavonol.glycoside01"	52	"Metabolite"	"Tolerance"	"Flavonol.glycoside01"	1.37911e-05	0.154227	0.402434083033201	0.0118069545730778	0.991138784257366	0.99876401582816	28
"739"	"Fernie_Tohge_SciData_2018_PID_29611844"	"GLS.2"	52	"Metabolite"	"Tolerance"	"GLS.2"	1.37911e-05	0.246433	5.85619801747725	0.57601018385826	0.991138784257366	0.999263165205487	28
"740"	"Fernie_Tohge_SciData_2018_PID_29611844"	"I3M"	52	"Metabolite"	"Tolerance"	"I3M"	1.37911e-05	0.173101	0.252017219973016	0.00883486001697081	0.991138784257366	0.999279037666688	28
"741"	"Fernie_Tohge_SciData_2018_PID_29611844"	"Is3A7R"	52	"Metabolite"	"Tolerance"	"Is3A7R"	1.37911e-05	0.250622	0.811066470686111	0.0347777116985987	0.991138784257366	0.999279697452128	28
"742"	"Fernie_Tohge_SciData_2018_PID_29611844"	"Is3G"	52	"Metabolite"	"Tolerance"	"Is3G"	1.37911e-05	0.508391	0.698018138500926	0.0225379821979728	0.991138784257366	0.999225118323925	28
"746"	"Fernie_Tohge_SciData_2018_PID_29611844"	"K3G"	52	"Metabolite"	"Tolerance"	"K3G"	1.37911e-05	0.139543	0.891127071306349	0.0338393656491084	0.991138784257366	0.999279215713025	28
"748"	"Fernie_Tohge_SciData_2018_PID_29611844"	"K3G7R"	52	"Metabolite"	"Tolerance"	"K3G7R"	1.37911e-05	0.206089	0.112913715704101	0.00512026351923957	0.991138784257366	0.999120147019036	28
"749"	"Fernie_Tohge_SciData_2018_PID_29611844"	"K3GG7R"	52	"Metabolite"	"Tolerance"	"K3GG7R"	1.37911e-05	0.153995	0.965299812631217	0.0349676407280306	0.991138784257366	0.999280214313194	28
"752"	"Fernie_Tohge_SciData_2018_PID_29611844"	"K3R"	52	"Metabolite"	"Tolerance"	"K3R"	1.37911e-05	0.873365	1.29433190986455	0.0391603916128227	0.991138784257366	0.999280659618911	28
"753"	"Fernie_Tohge_SciData_2018_PID_29611844"	"K3R7R"	52	"Metabolite"	"Tolerance"	"K3R7R"	1.37911e-05	0.214168	0.0850873496914021	0.00380620485499535	0.991138784257366	0.999267729452401	28
"754"	"Fernie_Tohge_SciData_2018_PID_29611844"	"Polyamine01"	52	"Metabolite"	"Tolerance"	"Polyamine01"	1.37911e-05	0.170383	0.243392093136508	0.0102443204505407	0.991138784257366	0.999026076233165	28
"755"	"Fernie_Tohge_SciData_2018_PID_29611844"	"Polyamine02"	52	"Metabolite"	"Tolerance"	"Polyamine02"	1.37911e-05	0.201299	0.173951189446958	0.0051069017092584	0.991138784257366	0.999256185207067	28
"756"	"Fernie_Tohge_SciData_2018_PID_29611844"	"Polyamine03"	52	"Metabolite"	"Tolerance"	"Polyamine03"	1.37911e-05	0.298579	0.161472161689286	0.00581119379701741	0.991138784257366	0.992754093943325	28
"757"	"Fernie_Tohge_SciData_2018_PID_29611844"	"Polyamine04"	52	"Metabolite"	"Tolerance"	"Polyamine04"	1.37911e-05	0.697182	1.78456837728399	0.0710651574465442	0.991138784257366	0.997945731687995	28
"758"	"Fernie_Tohge_SciData_2018_PID_29611844"	"Polyamine05"	52	"Metabolite"	"Tolerance"	"Polyamine05"	1.37911e-05	0.205802	0.6347341657041	0.0273641686318554	0.991138784257366	0.999092350997388	28
"759"	"Fernie_Tohge_SciData_2018_PID_29611844"	"Polyamine06"	52	"Metabolite"	"Tolerance"	"Polyamine06"	1.37911e-05	0.235836	0.708467828261772	0.029964854427082	0.991138784257366	0.995846625934315	28
"761"	"Fernie_Tohge_SciData_2018_PID_29611844"	"putative.HDX"	52	"Metabolite"	"Tolerance"	"putative.HDX"	1.37911e-05	0.160815	0.368546694766534	0.0133458453770792	0.991138784257366	0.999233473105693	28
"765"	"Fernie_Tohge_SciData_2018_PID_29611844"	"Q3G7R"	52	"Metabolite"	"Tolerance"	"Q3G7R"	1.37911e-05	0.135636	0.175063858113624	0.00678612069442802	0.991138784257366	0.999254065350348	28
"766"	"Fernie_Tohge_SciData_2018_PID_29611844"	"Q3GG7R"	52	"Metabolite"	"Tolerance"	"Q3GG7R"	1.37911e-05	0.172625	0.337001277033201	0.0159927964561108	0.991138784257366	0.998882730782979	28
"770"	"Fernie_Tohge_SciData_2018_PID_29611844"	"Q3R7R"	52	"Metabolite"	"Tolerance"	"Q3R7R"	1.37911e-05	0.143934	0.11027957972209	0.0045028466536002	0.991138784257366	0.998917641233865	28
"789"	"Fernie_Tohge_SciData_2018_PID_29611844"	"SinG1"	52	"Metabolite"	"Tolerance"	"SinG1"	1.37911e-05	0.126866	0.750997309740212	0.0225435990821813	0.991138784257366	0.998882730782979	28
"791"	"Fernie_Tohge_SciData_2018_PID_29611844"	"SinM"	52	"Metabolite"	"Tolerance"	"SinM"	0.000464253	0.123789	0.531462788772884	0.0204018419223879	0.991138784257366	0.99927954637717	28
"793"	"Fernie_Tohge_SciData_2018_PID_29611844"	"X3MSOP"	52	"Metabolite"	"Tolerance"	"X3MSOP"	1.37911e-05	0.153117	12.4773806051508	0.772341934700718	0.991138784257366	0.999225118323925	28
"794"	"Fernie_Tohge_SciData_2018_PID_29611844"	"X4MOI3M"	52	"Metabolite"	"Tolerance"	"X4MOI3M"	1.37911e-05	0.157972	0.881617432711508	0.0342592816121754	0.991138784257366	0.999214725571417	28
"795"	"Fernie_Tohge_SciData_2018_PID_29611844"	"X4MSOB"	52	"Metabolite"	"Tolerance"	"X4MSOB"	1.37911e-05	0.19911	7.58766013059524	0.443445883912005	0.991138784257366	0.999264865050101	28
"796"	"Fernie_Tohge_SciData_2018_PID_29611844"	"X4MTB"	52	"Metabolite"	"Tolerance"	"X4MTB"	1.37911e-05	0.337447	3.44650776171005	0.142263835429892	0.991138784257366	0.995846625934315	28
"797"	"Fernie_Tohge_SciData_2018_PID_29611844"	"X5MSOP"	52	"Metabolite"	"Tolerance"	"X5MSOP"	1.37911e-05	0.697026	4.08157157864061	0.298103598061488	0.991138784257366	0.997929189628499	28
"799"	"Fernie_Tohge_SciData_2018_PID_29611844"	"X6MTH"	52	"Metabolite"	"Tolerance"	"X6MTH"	1.37911e-05	0.157024	0.323645388661905	0.0127045142151973	0.991138784257366	0.999181455112696	28
"802"	"Fernie_Tohge_SciData_2018_PID_29611844"	"X8MSOO"	52	"Metabolite"	"Tolerance"	"X8MSOO"	1.37911e-05	0.194273	0.367785028542328	0.0175197579391031	0.991138784257366	0.997824501693609	28
"804"	"Grant_Iakovidis_Genetics_2016_PID_27412712"	"HopAM1.cell_death"	94	"Metabolite"	NA	"HopAM1-cell_death"	9.30655e-06	0.114655	1.32788461538462	0.11493715870685	0.83770067720217	0.985523871539104	65
"805"	"Grant_Iakovidis_Genetics_2016_PID_27412712"	"HopAM1.rosette_chlorosisis"	63	"Metabolite"	NA	"HopAM1-rosette_chlorosisis"	9.64664e-06	0.13754	0.150273224043716	0.0126576164836958	0.150273224043716	0.966923882874447	61
"807"	"Hills_Shahzad_PlantPhys_2018_PID_29895611"	"AZL"	147	"Development"	"Avoidance"	"AZL"	8.80067e-06	0.573677	0.554161955004336	0.0534615102502036	0.997256059614301	0.998458663771349	99
"809"	"Hills_Shahzad_PlantPhys_2018_PID_29895611"	"BZL"	147	"Development"	"Avoidance"	"BZL"	8.80067e-06	0.15704	0.58722499892516	0.0532054836427294	0.997256059614301	0.99869574209754	99
"813"	"Hills_Shahzad_PlantPhys_2018_PID_29895611"	"LRL_0_25"	147	"Development"	"Avoidance"	"LRL_0_25"	8.80067e-06	0.116653	0.0718231307385398	0.00902308555706464	0.997256059614301	0.999277022912778	99
"816"	"Hills_Shahzad_PlantPhys_2018_PID_29895611"	"LRS_0_25"	147	"Development"	"Avoidance"	"LRS_0_25"	8.80067e-06	0.200744	2.39652603546182	0.271120462331917	0.997256059614301	0.999280098670374	99
"819"	"Hills_Shahzad_PlantPhys_2018_PID_29895611"	"MRL"	147	"Development"	"Avoidance"	"MRL"	8.80067e-06	0.32478	1.53310828946092	0.143374584245079	0.997256059614301	0.99886409337615	99
"820"	"Hills_Shahzad_PlantPhys_2018_PID_29895611"	"MRV"	147	"Development"	"Avoidance"	"MRV"	8.80067e-06	0.21851	1.19670112587271	0.116129270999355	0.997256059614301	0.998913457210658	99
"821"	"Hills_Shahzad_PlantPhys_2018_PID_29895611"	"OAD"	147	"Development"	"Avoidance"	"OAD"	8.80067e-06	0.125667	1.08226863200821	0.102734612985263	0.997256059614301	0.999221775284177	99
"822"	"Hills_Shahzad_PlantPhys_2018_PID_29895611"	"TRS"	147	"Development"	"Avoidance"	"TRS"	8.80067e-06	0.130562	9.58279570342866	0.967980761091098	0.997256059614301	0.999113479260699	99
"823"	"Horton_Bergelson_SciRep_2019_PID_30631088"	"alpha_bacterial_richness_1_tn2_ranef"	147	"Microbiome"	"Tolerance"	"alpha_bacterial_richness_1_tn2_ranef"	6.78594e-06	0.210607	0.0215134027461356	0.00254681277138313	0.997691509891293	0.998267890416425	119
"827"	"Horton_Bergelson_SciRep_2019_PID_30631088"	"beta_root_1_combined_pca_tn2_bac_n100_glmer_fun_n100_glmerPC1"	147	"Microbiome"	"Tolerance"	"beta_root_1_combined_pca_tn2_bac_n100_glmer_fun_n100_glmerPC1"	6.78594e-06	0.232933	24.7741060157979	2.80559120492606	0.997691509891293	0.999225118323925	119
"830"	"Horton_Bergelson_SciRep_2019_PID_30631088"	"beta_root_16S_1_raw_tn2_glmer_pca_n100_PC1"	147	"Microbiome"	"Tolerance"	"beta_root_16S_1_raw_tn2_glmer_pca_n100_PC1"	6.78594e-06	0.394849	16.5450420274296	2.17387517596275	0.997691509891293	0.999186079552887	119
"831"	"Horton_Bergelson_SciRep_2019_PID_30631088"	"beta_root_16S_1_raw_tn2_glmer_pca_n100_PC2"	147	"Microbiome"	"Tolerance"	"beta_root_16S_1_raw_tn2_glmer_pca_n100_PC2"	6.78594e-06	0.322023	12.6930237381907	1.49887728667277	0.997691509891293	0.99869574209754	119
"835"	"Horton_Bergelson_SciRep_2019_PID_30631088"	"beta_root_ITS_1_raw_tn2_glmer_pca_n100_PC3"	147	"Microbiome"	"Tolerance"	"beta_root_ITS_1_raw_tn2_glmer_pca_n100_PC3"	6.78594e-06	0.550366	9.73318687115579	1.178697623358	0.997691509891293	0.99851318191247	119
"839"	"Inze_Clauw_PlantCell_2016_PID_27729396"	"LeafAreaMaturityCell_mild_drought"	91	"Development"	"Avoidance"	"LeafAreaMaturityCell_mild_drought"	8.26377e-06	0.157172	293.669482321677	30.7662966552109	0.99554698803231	0.99460306830646	59
"849"	"Inze_Clauw_PlantCell_2016_PID_27729396"	"StomatalIndex_mild_drought"	91	"Development"	"Avoidance"	"StomatalIndex_mild_drought"	8.26377e-06	0.107282	19.0073319799416	1.81466773563898	0.99554698803231	0.999257563176634	59
"850"	"Inze_Clauw_PlantCell_2016_PID_27729396"	"StomatalIndex_well_watered"	92	"Development"	"Avoidance"	"StomatalIndex_well_watered"	8.31363e-06	0.134204	24.9961088386751	2.55453159550442	0.995614796688042	0.999238325277103	60
"851"	"Jones_Nemri_PNAS_2010_PID_20479233"	"Emco5"	91	"Defense"	NA	"Emco5"	7.70918e-06	0.180941	0.14268968456948	0.0113796895710479	0.466631565395223	0.962510528801529	69
"854"	"Jones_Nemri_PNAS_2010_PID_20479233"	"Hiks1"	85	"Defense"	NA	"Hiks1"	7.81581e-06	0.113562	0.231566820276498	0.0160908956638619	0.472184601545254	0.967580925599639	63
"857"	"Jongsma_Kloth_PlantCell_2017_PID_28970334"	"time_aphids_spent"	332	"Defense"	NA	"time_aphids_spent"	8.37315e-06	0.161756	3.69732453416149	0.5861546968947	0.997887424001095	0.998984674301552	162
"858"	"Kalladan_Verslues_PNAS_2017_PID_29073083"	"ABA"	281	"Defense"	"Avoidance"	"Normalized_disease_index"	7.86471e-06	0.133289	1410.1380601054	166.45730278482	0.997688404653174	0.999025603544285	119
"861"	"Keurentjes_Bac-Molenaar_JExpBot_2015_PID_25922493"	"FW_rosette"	319	"Development"	"Avoidance"	"PLA11"	8.44835e-06	0.11344	0.00941051031504963	0.00133581280022203	0.99819878366589	0.999228833571608	156
"865"	"Keurentjes_Bac-Molenaar_JExpBot_2015_PID_25922493"	"PLA18"	319	"Development"	"Avoidance"	"PLA20"	8.44835e-06	0.153396	1625.67048528281	225.110007999385	0.998213281126741	0.996391071364572	156
"867"	"Keurentjes_Bac-Molenaar_JExpBot_2015_PID_25922493"	"PLA22"	319	"Development"	"Avoidance"	"PLA24"	8.44835e-06	0.124366	13632.7353104173	1888.3222670143	0.998213281126741	0.999156035073361	156
"874"	"Keurentjes_Bac-Molenaar_JExpBot_2015_PID_25922493"	"r_Expo2"	318	"Development"	"Escape"	"WC"	8.44835e-06	0.140853	0.000507271149911664	7.23352779712967e-05	0.998202574975215	0.999082361668243	155
"875"	"Keurentjes_Bac-Molenaar_JExpBot_2015_PID_25922493"	"WC"	319	"Development"	"Tolerance"	"control_aantalSkld5m10t20_c"	8.48056e-06	0.352998	9.86470106585981e-05	1.4589066320209e-05	0.998213281126741	0.998882730782979	156
"876"	"Keurentjes_Bac-Molenaar_PlantCell_2015_PID_26163573"	"control_aantalSkld5m10t20_c"	275	"Development"	"Avoidance"	"control_avgSL0t10_c"	8.48056e-06	0.119696	7.58596117158568	1.05722838698149	0.505164070924514	0.820823308087638	134
"881"	"Keurentjes_Bac-Molenaar_PlantCell_2015_PID_26163573"	"control_avgSLm10t20"	275	"Development"	"Avoidance"	"treatment_aantalSkld5m10t20_t"	8.48056e-06	0.0986007	5.02385417759074	0.615004201572677	0.997764852466119	0.99925182791034	123
"882"	"Keurentjes_Bac-Molenaar_PlantCell_2015_PID_26163573"	"treatment_aantalSkld5m10t20_t"	274	"Development"	"Avoidance"	"treatment_avgSL0t10_t"	8.48056e-06	0.111766	57.285658175289	10.954977356362	0.947980087706462	0.993222803149933	134
"883"	"Keurentjes_Bac-Molenaar_PlantCell_2015_PID_26163573"	"treatment_avgSL0t10_t"	274	"Development"	"Avoidance"	"treatment_avgSL10t20_t"	8.48056e-06	0.131352	16.1229825723079	5.3221075201135	0.997920704018949	0.99927885576987	134
"884"	"Keurentjes_Bac-Molenaar_PlantCell_2015_PID_26163573"	"treatment_avgSL10t20_t"	274	"Development"	"Avoidance"	"treatment_avgSL20t30_t"	7.58992e-06	0.520658	21.8548157223813	4.13534797118273	0.9730345030257	0.99623175676091	134
"887"	"Keurentjes_Bac-Molenaar_PlantCell_2015_PID_26163573"	"treatment_avgSLm10t20"	274	"Development"	"Avoidance"	"Redness_control"	8.31662e-06	0.380653	8.75967590171219	1.48766588629745	0.997449947199342	0.999278652858842	107
"888"	"Keurentjes_Bac-Molenaar_PlosOne_2015_PID_26588092"	"Redness_control"	344	"Development"	"Avoidance"	"Redness_PEG"	7.63219e-06	0.463007	0.38234245794126	0.0750375075558042	0.527156811529721	0.915392036877161	168
"891"	"Keurentjes_Fusari_PlantCell_2017_PID_28954812"	"AA_2"	349	"Metabolite"	"Tolerance"	"AGP_1"	8.32917e-06	0.152272	13.7231416857271	2.73992830367393	0.998146128168099	0.999278646504017	150
"894"	"Keurentjes_Fusari_PlantCell_2017_PID_28954812"	"aINV_1"	322	"Metabolite"	"Tolerance"	"aINV_2"	8.05893e-06	0.119373	25961.4951965114	3223.78074287463	0.997907218079435	0.999223977419882	132
"901"	"Keurentjes_Fusari_PlantCell_2017_PID_28954812"	"cPGI_2"	346	"Metabolite"	"Tolerance"	"FBP_1"	8.31246e-06	0.218187	16333.6323779587	2379.09275287943	0.998111170485599	0.999261394732314	147
"902"	"Keurentjes_Fusari_PlantCell_2017_PID_28954812"	"FBP_1"	324	"Metabolite"	"Tolerance"	"FBP_2"	8.32844e-06	0.214149	9263.84303557546	1319.07903236488	0.997893479220768	0.998859239597089	131
"903"	"Keurentjes_Fusari_PlantCell_2017_PID_28954812"	"FBP_2"	288	"Metabolite"	"Tolerance"	"FK_1"	8.32917e-06	0.148405	3085.45099005484	375.179980803512	0.997797089031382	0.997419689438879	125
"909"	"Keurentjes_Fusari_PlantCell_2017_PID_28954812"	"Fum_2"	349	"Metabolite"	"Tolerance"	"FUMARASE_1"	8.32917e-06	0.134317	42.9129289731096	5.85181286758395	0.998146128168099	0.998504362798905	150
"914"	"Keurentjes_Fusari_PlantCell_2017_PID_28954812"	"G6P_2"	349	"Metabolite"	"Tolerance"	"G6PDH_1"	8.32917e-06	0.134992	1249.26807086465	172.615727562849	0.998146128168099	0.999280883839409	150
"915"	"Keurentjes_Fusari_PlantCell_2017_PID_28954812"	"G6PDH_1"	326	"Metabolite"	"Tolerance"	"G6PDH_2"	8.12201e-06	0.104158	71383.2016073025	10397.8341543544	0.997907218079435	0.998721499216959	132
"917"	"Keurentjes_Fusari_PlantCell_2017_PID_28954812"	"GDH_2"	346	"Metabolite"	"Tolerance"	"GK_1"	8.39254e-06	0.117172	16714.9429977169	2568.71887866463	0.998111170485599	0.99925686127394	147
"918"	"Keurentjes_Fusari_PlantCell_2017_PID_28954812"	"GK_1"	321	"Metabolite"	"Tolerance"	"GK_2"	8.02199e-06	0.114948	17626.5164063711	2360.22230963782	0.997863640106385	0.999258230475092	129
"921"	"Keurentjes_Fusari_PlantCell_2017_PID_28954812"	"Glc_2"	349	"Metabolite"	"Tolerance"	"iRub_1"	8.33683e-06	0.103739	4.4245331901566	0.757352856810779	0.99813780278035	0.999219537593106	150
"922"	"Keurentjes_Fusari_PlantCell_2017_PID_28954812"	"iRub_1"	324	"Metabolite"	"Tolerance"	"iRub_2"	8.02e-06	0.0947507	933639.264243139	125017.589132361	0.997893479220768	0.999275268966039	131
"926"	"Keurentjes_Fusari_PlantCell_2017_PID_28954812"	"MDH_2"	346	"Metabolite"	"Tolerance"	"mRub_1"	8.32917e-06	0.261366	150601838.92913	22114614.2299183	0.998111170485599	0.999221775284177	147
"928"	"Keurentjes_Fusari_PlantCell_2017_PID_28954812"	"mRub_2"	349	"Metabolite"	"Tolerance"	"nINV_1"	8.32917e-06	0.0971958	244974.034216538	33923.6052162113	0.998146128168099	0.999156042175286	150
"929"	"Keurentjes_Fusari_PlantCell_2017_PID_28954812"	"nINV_1"	325	"Metabolite"	"Tolerance"	"nINV_2"	8.31649e-06	0.101808	2689.08150622687	344.93354447451	0.997903473895964	0.999254997519889	132
"930"	"Keurentjes_Fusari_PlantCell_2017_PID_28954812"	"nINV_2"	283	"Metabolite"	"Tolerance"	"NO3_1"	8.32917e-06	0.126755	958.321431232493	123.557695369319	0.997710041283178	0.999026052709727	120
"931"	"Keurentjes_Fusari_PlantCell_2017_PID_28954812"	"NO3_1"	326	"Metabolite"	"Tolerance"	"NO3_2"	8.02e-06	0.108377	180.352624303204	25.7052970406037	0.997907218079435	0.998477313394072	132
"933"	"Keurentjes_Fusari_PlantCell_2017_PID_28954812"	"NRVm_1"	326	"Metabolite"	"Tolerance"	"NRVm_2"	8.05893e-06	0.106524	10794.4037474482	1470.9402096824	0.997907218079435	0.999176720755682	132
"936"	"Keurentjes_Fusari_PlantCell_2017_PID_28954812"	"NRVs_2"	344	"Metabolite"	"Tolerance"	"PEPC_2"	8.05893e-06	0.101768	2026.21003219687	304.554334887787	0.99811569405576	0.999217261732775	148
"939"	"Keurentjes_Fusari_PlantCell_2017_PID_28954812"	"PGM_2"	344	"Metabolite"	"Tolerance"	"pPGI_1"	8.32605e-06	0.206427	985111.973098111	141469.294190776	0.998123442642434	0.999263750833196	148
"941"	"Keurentjes_Fusari_PlantCell_2017_PID_28954812"	"pPGI_2"	346	"Metabolite"	"Tolerance"	"Prot_1"	8.32917e-06	0.100511	10954.4178577043	1549.26436771955	0.998111170485599	0.999280316760946	147
"944"	"Keurentjes_Fusari_PlantCell_2017_PID_28954812"	"SKDH_2"	346	"Metabolite"	"Tolerance"	"SPS_1"	7.5653e-06	0.519193	15710.5545715986	2102.18666608278	0.998111170485599	0.999193483917419	147
"948"	"Keurentjes_Fusari_PlantCell_2017_PID_28954812"	"starch_2"	349	"Metabolite"	"Tolerance"	"Suc_1"	8.32917e-06	0.0883058	376.891759964251	54.1431614839162	0.998146128168099	0.999277010381103	150
"949"	"Keurentjes_Fusari_PlantCell_2017_PID_28954812"	"Suc_1"	326	"Metabolite"	"Tolerance"	"Suc_2"	8.02e-06	0.109908	0.327066542447375	0.044662194612541	0.997893787415081	0.999219496690776	132
"955"	"Keurentjes_Fusari_PlantCell_2017_PID_28954812"	"UGP_1"	326	"Metabolite"	"Tolerance"	"UGP_2"	8.05893e-06	0.117693	2403833.54700033	422439.827707349	0.997907218079435	0.998953697200533	132
"964"	"Keurentjes_Kooke_PlantPhys_2016_PID_26869705"	"RGRav"	336	"Metabolite"	"Escape"	"RGRbv"	8.41955e-06	0.0783298	0.00147178542524669	0.000233761012243001	0.998276287833027	0.999074671626481	162
"970"	"Kim_Lyu_NewPyhtol_2018_PID_30266040"	"days_after_dark_treatment_5"	259	"Metabolite"	NA	"days_after_dark_treatment_6"	8.63192e-06	0.241513	0.040948315018315	0.00453833097152491	0.984816415639769	0.998082681039225	105
"971"	"Kim_Lyu_NewPyhtol_2018_PID_30266040"	"days_after_dark_treatment_6"	259	"Metabolite"	NA	"days_after_dark_treatment_7"	8.63192e-06	0.131343	0.059785347985348	0.00597068144919159	0.980882811704964	0.997688519013038	105
"1030"	"Kliebenstein_Chan_PlosBio_2011_PID_21857804"	"S_2_hydroxy_but_3_enyl_1"	90	"Metabolite"	"Tolerance"	"S_2_hydroxy_but_3_enyl"	7.67562e-06	0.0901954	0.968394120307553	0.074768143450155	0.505976887903895	0.973182198469067	67
"1032"	"Kliebenstein_Chan_PlosBio_2011_PID_21857804"	"Unknown_Alkenyl_1"	88	"Metabolite"	"Tolerance"	"Unknown_Alkenyl"	7.67562e-06	NA	0.00532033653846154	0.000375714537724635	0.477696925737406	0.973714162841063	65
"1046"	"Kliebenstein_Chan_PlosBio_2011_PID_21857804"	"X4_methoxy_indol_3_ylmethyl"	90	"Metabolite"	"Tolerance"	"X4_methoxy_indol_3_ylmethyl"	6.02452e-06	0.484155	0.0374150158299412	0.00288188681705242	0.995083691910459	0.999106189302238	67
"1058"	"Kliebenstein_Chan_PlosGen_2010_PID_21079692"	"adipic_acid_exp2"	92	"Metabolite"	"Tolerance"	"adipic_acid_exp2"	7.67562e-06	0.0792879	3.90307038385855	0.27502225128247	0.990379019978833	0.997484358074623	69
"1059"	"Kliebenstein_Chan_PlosGen_2010_PID_21079692"	"alanine_exp1"	92	"Metabolite"	"Tolerance"	"alanine_exp1"	7.67562e-06	0.42355	7.96660661997716	0.571704329928755	0.994348148658944	0.998914605190945	69
"1061"	"Kliebenstein_Chan_PlosGen_2010_PID_21079692"	"alpha_ketoglutaric_acid_exp2"	92	"Metabolite"	"Tolerance"	"alpha_ketoglutaric_acid_exp2"	7.67562e-06	0.0976133	3.3698093979008	0.22313714548913	0.974600131919332	0.997915828744834	69
"1065"	"Kliebenstein_Chan_PlosGen_2010_PID_21079692"	"arachidic_acid_exp2"	92	"Metabolite"	"Tolerance"	"arachidic_acid_exp2"	7.67562e-06	0.122698	3.72489784967259	0.267660088949369	0.975575981417651	0.997604991307712	69
"1067"	"Kliebenstein_Chan_PlosGen_2010_PID_21079692"	"asparagine_exp1"	92	"Metabolite"	"Tolerance"	"asparagine_exp1"	7.67562e-06	0.2784	3.61778058396066	0.446706866517495	0.993992129008615	0.999208764170836	69
"1068"	"Kliebenstein_Chan_PlosGen_2010_PID_21079692"	"asparagine_exp2"	92	"Metabolite"	"Tolerance"	"asparagine_exp2"	7.67562e-06	0.111658	6.62385816041663	0.452698410793664	0.995228144066111	0.999120732511861	69
"1069"	"Kliebenstein_Chan_PlosGen_2010_PID_21079692"	"aspartic_acid_exp1"	92	"Metabolite"	"Tolerance"	"aspartic_acid_exp1"	7.67562e-06	0.102574	2.22535791356843	0.160594850381223	0.992829954957074	0.998688986749546	69
"1070"	"Kliebenstein_Chan_PlosGen_2010_PID_21079692"	"aspartic_acid_exp2"	92	"Metabolite"	"Tolerance"	"aspartic_acid_exp2"	7.67562e-06	0.100333	2.26237916562257	0.16443206215633	0.977115085371087	0.99822100553542	69
"1073"	"Kliebenstein_Chan_PlosGen_2010_PID_21079692"	"benzoic_acid_exp2"	92	"Metabolite"	"Tolerance"	"benzoic_acid_exp2"	7.67562e-06	0.104737	8.18453406358517	0.605892607617347	0.984521219328285	0.998572527119571	69
"1077"	"Kliebenstein_Chan_PlosGen_2010_PID_21079692"	"beta_sitosterol_exp2"	92	"Metabolite"	"Tolerance"	"beta_sitosterol_exp2"	7.67562e-06	0.169577	2.25239120006809	0.190765455609354	0.99125246344623	0.998982351475569	69
"1082"	"Kliebenstein_Chan_PlosGen_2010_PID_21079692"	"cellobiotol_exp1"	92	"Metabolite"	"Tolerance"	"cellobiotol_exp1"	7.67562e-06	0.134986	0.751128315237003	0.0514131932012156	0.969549581046268	0.998037069848473	69
"1087"	"Kliebenstein_Chan_PlosGen_2010_PID_21079692"	"cis_sinapinic_acid_exp1"	92	"Metabolite"	"Tolerance"	"cis_sinapinic_acid_exp1"	7.67562e-06	0.108993	3.72459785010707	0.249638513337224	0.990198668263446	0.998886730941014	69
"1088"	"Kliebenstein_Chan_PlosGen_2010_PID_21079692"	"cis_sinapinic_acid_exp2"	92	"Metabolite"	"Tolerance"	"cis_sinapinic_acid_exp2"	7.67562e-06	0.0911734	6.05123215575609	0.458179765606302	0.991362709111641	0.998064418509115	69
"1089"	"Kliebenstein_Chan_PlosGen_2010_PID_21079692"	"citramalate_exp2"	92	"Metabolite"	"Tolerance"	"citramalate_exp2"	7.67562e-06	0.0929582	5.65000925809871	0.416517061320338	0.994044671237584	0.998328748614067	69
"1093"	"Kliebenstein_Chan_PlosGen_2010_PID_21079692"	"coniferin__ref_Tree_Physiol__exp1"	92	"Metabolite"	"Tolerance"	"coniferin__ref_Tree_Physiol__exp1"	7.67562e-06	0.105929	2.3241813609673	0.159671099235957	0.990585402597241	0.998943019989032	69
"1095"	"Kliebenstein_Chan_PlosGen_2010_PID_21079692"	"dehydroascorbate_1_exp1"	92	"Metabolite"	"Tolerance"	"dehydroascorbate_1_exp1"	7.67562e-06	0.212378	1.73659757946865	0.111649513963873	0.992973280551432	0.999052110849133	69
"1097"	"Kliebenstein_Chan_PlosGen_2010_PID_21079692"	"epsilon_caprolactam_2_exp2"	92	"Metabolite"	"Tolerance"	"epsilon_caprolactam_2_exp2"	7.67562e-06	0.0960833	4.00151554556215	0.318882959038693	0.984325539240621	0.998582014121211	69
"1099"	"Kliebenstein_Chan_PlosGen_2010_PID_21079692"	"erythronic_acid_exp2"	92	"Metabolite"	"Tolerance"	"erythronic_acid_exp2"	7.67562e-06	0.0967013	3.57576126809911	0.251677991933917	0.989318934409613	0.998850802580035	69
"1101"	"Kliebenstein_Chan_PlosGen_2010_PID_21079692"	"erythronic_acid_lactone_exp2"	92	"Metabolite"	"Tolerance"	"erythronic_acid_lactone_exp2"	7.67562e-06	0.246428	4.79622105923934	0.550479212301506	0.986296766537517	0.997743987913655	69
"1102"	"Kliebenstein_Chan_PlosGen_2010_PID_21079692"	"ethanolamine_exp1"	92	"Metabolite"	"Tolerance"	"ethanolamine_exp1"	7.67562e-06	0.13261	12.8551369731874	0.939513587569738	0.993038570306829	0.998657482295671	69
"1106"	"Kliebenstein_Chan_PlosGen_2010_PID_21079692"	"fucose_1___rhamnose_2_exp2"	92	"Metabolite"	"Tolerance"	"fucose_1___rhamnose_2_exp2"	7.67562e-06	0.353183	3.46040989245813	0.225268101336489	0.950801436455543	0.995558671137716	69
"1107"	"Kliebenstein_Chan_PlosGen_2010_PID_21079692"	"fumaric_acid_exp2"	92	"Metabolite"	"Tolerance"	"fumaric_acid_exp2"	7.67562e-06	0.104547	10.2886278181992	0.880147576909317	0.986245821185279	0.998536671424046	69
"1109"	"Kliebenstein_Chan_PlosGen_2010_PID_21079692"	"GABA_exp2"	92	"Metabolite"	"Tolerance"	"GABA_exp2"	7.67562e-06	0.0951161	6.53023543345723	0.564739459534668	0.992615820245794	0.999144370925072	69
"1110"	"Kliebenstein_Chan_PlosGen_2010_PID_21079692"	"galactinol_major_2_exp1"	92	"Metabolite"	"Tolerance"	"galactinol_major_2_exp1"	7.67562e-06	0.09122	3.39581492747052	0.241946435354245	0.994884969399612	0.999212254826	69
"1111"	"Kliebenstein_Chan_PlosGen_2010_PID_21079692"	"galactinol_major_2_exp2"	92	"Metabolite"	"Tolerance"	"galactinol_major_2_exp2"	7.67562e-06	0.0983829	3.6848253612395	0.296096490943381	0.99401159979252	0.999187095997566	69
"1113"	"Kliebenstein_Chan_PlosGen_2010_PID_21079692"	"galactose_exp2"	92	"Metabolite"	"Tolerance"	"galactose_exp2"	7.67562e-06	0.0961015	13.4314654500697	1.079834732978	0.98067532047126	0.998305136389244	69
"1114"	"Kliebenstein_Chan_PlosGen_2010_PID_21079692"	"glucose_1_phosphate_exp1"	92	"Metabolite"	"Tolerance"	"glucose_1_phosphate_exp1"	7.67562e-06	0.0822827	7.47494782614782	0.522447132005804	0.995348242262972	0.998780178712629	69
"1115"	"Kliebenstein_Chan_PlosGen_2010_PID_21079692"	"glucose_1_phosphate_exp2"	92	"Metabolite"	"Tolerance"	"glucose_1_phosphate_exp2"	7.67562e-06	0.0852708	13.6365938200549	0.956722832240746	0.995110363109653	0.997900392309334	69
"1119"	"Kliebenstein_Chan_PlosGen_2010_PID_21079692"	"glutamic_acid_exp1"	92	"Metabolite"	"Tolerance"	"glutamic_acid_exp1"	7.67562e-06	0.0940911	3.72756301456831	0.262349850632986	0.994542077506211	0.999019270378638	69
"1120"	"Kliebenstein_Chan_PlosGen_2010_PID_21079692"	"glutamic_acid_exp2"	92	"Metabolite"	"Tolerance"	"glutamic_acid_exp2"	7.67562e-06	0.122966	1.1266661665879	0.0756327115144772	0.970229874083719	0.997555514491543	69
"1122"	"Kliebenstein_Chan_PlosGen_2010_PID_21079692"	"glyceric_acid_exp1"	92	"Metabolite"	"Tolerance"	"glyceric_acid_exp1"	7.67562e-06	0.115492	4.84244688021419	0.329872658739611	0.992435765629857	0.997562951734611	69
"1123"	"Kliebenstein_Chan_PlosGen_2010_PID_21079692"	"glyceric_acid_exp2"	92	"Metabolite"	"Tolerance"	"glyceric_acid_exp2"	7.67562e-06	0.114012	2.03237635395692	0.136202652556794	0.992126514491766	0.998098006564616	69
"1127"	"Kliebenstein_Chan_PlosGen_2010_PID_21079692"	"glycine_exp2"	92	"Metabolite"	"Tolerance"	"glycine_exp2"	7.67562e-06	0.10976	3.1165539309444	0.258918332121794	0.991280433918495	0.998896037460635	69
"1128"	"Kliebenstein_Chan_PlosGen_2010_PID_21079692"	"glycolic_acid_exp1"	92	"Metabolite"	"Tolerance"	"glycolic_acid_exp1"	7.67562e-06	0.103595	4.04300251084143	0.334619244086086	0.992712199381588	0.998842207763112	69
"1129"	"Kliebenstein_Chan_PlosGen_2010_PID_21079692"	"heptadecanoic_acid_exp1"	92	"Metabolite"	"Tolerance"	"heptadecanoic_acid_exp1"	7.67562e-06	0.102303	2.98282726885637	0.211173163150371	0.982598496682963	0.997030067762237	69
"1131"	"Kliebenstein_Chan_PlosGen_2010_PID_21079692"	"hydroxylamine_exp1"	92	"Metabolite"	"Tolerance"	"hydroxylamine_exp1"	7.67562e-06	0.130848	7.67633468153383	0.50574227133258	0.994688257542772	0.999144775587321	69
"1132"	"Kliebenstein_Chan_PlosGen_2010_PID_21079692"	"hydroxylamine_exp2"	92	"Metabolite"	"Tolerance"	"hydroxylamine_exp2"	7.67562e-06	0.091684	12.7396795909124	1.07714663938467	0.964219511714065	0.997231943580987	69
"1135"	"Kliebenstein_Chan_PlosGen_2010_PID_21079692"	"isoleucine_exp1"	92	"Metabolite"	"Tolerance"	"isoleucine_exp1"	7.67562e-06	0.101068	3.49577425333321	0.250931102929186	0.993714214315664	0.999112602284802	69
"1136"	"Kliebenstein_Chan_PlosGen_2010_PID_21079692"	"isoleucine_exp2"	92	"Metabolite"	"Tolerance"	"isoleucine_exp2"	7.67562e-06	0.0926568	1.46686742080869	0.117072663374353	0.989859625258463	0.998348338162361	69
"1137"	"Kliebenstein_Chan_PlosGen_2010_PID_21079692"	"lactic_acid_exp1"	92	"Metabolite"	"Tolerance"	"lactic_acid_exp1"	7.67562e-06	0.095471	4.99603306685865	0.456234107880377	0.9950745621649	0.997118933713301	69
"1141"	"Kliebenstein_Chan_PlosGen_2010_PID_21079692"	"lauric_acid_exp1"	92	"Metabolite"	"Tolerance"	"lauric_acid_exp1"	7.67562e-06	0.134448	2.91622644413258	0.205247336488121	0.994230491875627	0.999185933050705	69
"1145"	"Kliebenstein_Chan_PlosGen_2010_PID_21079692"	"leucrose_exp1"	92	"Metabolite"	"Tolerance"	"leucrose_exp1"	7.67562e-06	0.116772	3.46829956184745	0.231209307730692	0.989400827981301	0.998855783936245	69
"1148"	"Kliebenstein_Chan_PlosGen_2010_PID_21079692"	"lignoceric_acid_exp1"	92	"Metabolite"	"Tolerance"	"lignoceric_acid_exp1"	7.67562e-06	0.10293	4.92247449639275	0.336144682463525	0.989884844869688	0.998880306935246	69
"1149"	"Kliebenstein_Chan_PlosGen_2010_PID_21079692"	"lignoceric_acid_exp2"	92	"Metabolite"	"Tolerance"	"lignoceric_acid_exp2"	7.67562e-06	0.186562	2.75011816136438	0.195847775382584	0.971055619259184	0.99774863418796	69
"1152"	"Kliebenstein_Chan_PlosGen_2010_PID_21079692"	"malate_exp2"	92	"Metabolite"	"Tolerance"	"malate_exp2"	7.67562e-06	0.107562	10.2829768973891	0.929120835730037	0.988047988429221	0.998762144687411	69
"1153"	"Kliebenstein_Chan_PlosGen_2010_PID_21079692"	"maleic_acid_exp1"	92	"Metabolite"	"Tolerance"	"maleic_acid_exp1"	7.67562e-06	0.0983929	12.5386128004687	0.951707990183632	0.989311819894985	0.998828741464344	69
"1154"	"Kliebenstein_Chan_PlosGen_2010_PID_21079692"	"maleic_acid_exp2"	92	"Metabolite"	"Tolerance"	"maleic_acid_exp2"	7.67562e-06	0.0900811	6.32864750955979	0.678790926299289	0.993237152227925	0.999019322368295	69
"1155"	"Kliebenstein_Chan_PlosGen_2010_PID_21079692"	"maltose_1_exp1"	92	"Metabolite"	"Tolerance"	"maltose_1_exp1"	7.67562e-06	0.0978463	2.48242625155391	0.204442627652311	0.991196894119473	0.997443263111301	69
"1156"	"Kliebenstein_Chan_PlosGen_2010_PID_21079692"	"maltose_1_exp2"	92	"Metabolite"	"Tolerance"	"maltose_1_exp2"	7.67562e-06	0.109141	2.52582629806486	0.21858301864802	0.986900978930143	0.998714499948298	69
"1157"	"Kliebenstein_Chan_PlosGen_2010_PID_21079692"	"mannitol_exp1"	92	"Metabolite"	"Tolerance"	"mannitol_exp1"	7.67562e-06	0.088466	2.03521100700884	0.184482378162188	0.993352181997289	0.999079034323702	69
"1158"	"Kliebenstein_Chan_PlosGen_2010_PID_21079692"	"mannitol_exp2"	92	"Metabolite"	"Tolerance"	"mannitol_exp2"	7.67562e-06	0.110768	4.07409701551146	0.300553703478672	0.99196606343087	0.998424923386348	69
"1159"	"Kliebenstein_Chan_PlosGen_2010_PID_21079692"	"monopalmitin_1_glyceride_exp1"	92	"Metabolite"	"Tolerance"	"monopalmitin_1_glyceride_exp1"	7.67562e-06	0.0941906	1.07444815091016	0.0928909645063755	0.973616741446084	0.997282156157058	69
"1160"	"Kliebenstein_Chan_PlosGen_2010_PID_21079692"	"monopalmitin_1_glyceride_exp2"	92	"Metabolite"	"Tolerance"	"monopalmitin_1_glyceride_exp2"	7.67562e-06	0.102347	3.25366062168766	0.262883655087501	0.991078452818069	0.998833492993499	69
"1162"	"Kliebenstein_Chan_PlosGen_2010_PID_21079692"	"myristic_acid_exp2"	92	"Metabolite"	"Tolerance"	"myristic_acid_exp2"	7.67562e-06	0.111874	4.24103102153557	0.370059655821766	0.978629155328896	0.998220419348307	69
"1166"	"Kliebenstein_Chan_PlosGen_2010_PID_21079692"	"oleic_acid_exp2"	92	"Metabolite"	"Tolerance"	"oleic_acid_exp2"	7.67562e-06	0.0927513	1.59050459048553	0.120459873810047	0.990195118705377	0.992671456380748	69
"1167"	"Kliebenstein_Chan_PlosGen_2010_PID_21079692"	"ornithine_4TMS_exp2"	92	"Metabolite"	"Tolerance"	"ornithine_4TMS_exp2"	7.67562e-06	0.0941897	2.31738240683694	0.157120149330841	0.983540207725439	0.998366485060821	69
"1168"	"Kliebenstein_Chan_PlosGen_2010_PID_21079692"	"oxoproline_1_exp2"	92	"Metabolite"	"Tolerance"	"oxoproline_1_exp2"	7.67562e-06	0.115443	14.459701259043	1.68592340688955	0.992144839954321	0.998769497718996	69
"1175"	"Kliebenstein_Chan_PlosGen_2010_PID_21079692"	"pentadecanoic_acid_exp1"	92	"Metabolite"	"Tolerance"	"pentadecanoic_acid_exp1"	7.67562e-06	0.17387	3.35590261827385	0.219903725223155	0.992126841264019	0.999015002975878	69
"1178"	"Kliebenstein_Chan_PlosGen_2010_PID_21079692"	"phosphoric_acid_exp2"	92	"Metabolite"	"Tolerance"	"phosphoric_acid_exp2"	7.67562e-06	0.094207	5.93759924705787	0.423271031482717	0.994167221275307	0.99818054156503	69
"1179"	"Kliebenstein_Chan_PlosGen_2010_PID_21079692"	"phytol_exp1"	92	"Metabolite"	"Tolerance"	"phytol_exp1"	7.67562e-06	0.129645	9.90496880214733	0.702138943364575	0.993469317655686	0.998945833688103	69
"1180"	"Kliebenstein_Chan_PlosGen_2010_PID_21079692"	"phytol_exp2"	92	"Metabolite"	"Tolerance"	"phytol_exp2"	7.67562e-06	0.220707	4.19702064900419	0.312040473310331	0.991843122005505	0.998815887794759	69
"1182"	"Kliebenstein_Chan_PlosGen_2010_PID_21079692"	"proline_exp1"	92	"Metabolite"	"Tolerance"	"proline_exp1"	7.67562e-06	0.178912	11.9325518124397	1.23110482102667	0.994957046471056	0.998298792877493	69
"1183"	"Kliebenstein_Chan_PlosGen_2010_PID_21079692"	"proline_exp2"	92	"Metabolite"	"Tolerance"	"proline_exp2"	7.67562e-06	0.0932516	9.02055471215055	0.745022031170412	0.994499351569743	0.998137568004524	69
"1185"	"Kliebenstein_Chan_PlosGen_2010_PID_21079692"	"putrescine_exp2"	92	"Metabolite"	"Tolerance"	"putrescine_exp2"	7.67562e-06	0.0942272	9.5972082002793	0.704234536533721	0.990646318400143	0.99804533748285	69
"1186"	"Kliebenstein_Chan_PlosGen_2010_PID_21079692"	"pyrrole_2_carboxylic_acid_exp1"	92	"Metabolite"	"Tolerance"	"pyrrole_2_carboxylic_acid_exp1"	7.67562e-06	0.346795	4.05531796541412	0.275947238518083	0.994449325282961	0.999150165348635	69
"1187"	"Kliebenstein_Chan_PlosGen_2010_PID_21079692"	"rhamnose_1_exp1"	92	"Metabolite"	"Tolerance"	"rhamnose_1_exp1"	7.67562e-06	0.105536	4.78641065773691	0.371509999781702	0.992522299340509	0.999132043174005	69
"1189"	"Kliebenstein_Chan_PlosGen_2010_PID_21079692"	"ribitol_1_exp2"	92	"Metabolite"	"Tolerance"	"ribitol_1_exp2"	7.67562e-06	0.14019	5.31906092787283	0.40386216716281	0.962838640478335	0.995646252200967	69
"1190"	"Kliebenstein_Chan_PlosGen_2010_PID_21079692"	"ribitol_exp2"	92	"Metabolite"	"Tolerance"	"ribitol_exp2"	7.67562e-06	0.346461	3.80164558682836	0.252139078249273	0.990261780042474	0.998686718810056	69
"1194"	"Kliebenstein_Chan_PlosGen_2010_PID_21079692"	"serine_1_exp2"	92	"Metabolite"	"Tolerance"	"serine_1_exp2"	7.67562e-06	0.10028	16.0163368685111	1.14042749151572	0.981015140605411	0.998134954806031	69
"1196"	"Kliebenstein_Chan_PlosGen_2010_PID_21079692"	"serine_exp2"	92	"Metabolite"	"Tolerance"	"serine_exp2"	7.67562e-06	0.347435	15.7156557525805	1.15001790439826	0.994524705532035	0.998695875442713	69
"1197"	"Kliebenstein_Chan_PlosGen_2010_PID_21079692"	"shikimic_acid_exp2"	92	"Metabolite"	"Tolerance"	"shikimic_acid_exp2"	7.67562e-06	0.185082	1.34833958909144	0.0892115524781166	0.989956378029906	0.9990207726015	69
"1200"	"Kliebenstein_Chan_PlosGen_2010_PID_21079692"	"succinic_acid_exp2"	92	"Metabolite"	"Tolerance"	"succinic_acid_exp2"	7.67562e-06	0.118835	2.23724315316496	0.154294207909291	0.988360065411104	0.998750690022983	69
"1201"	"Kliebenstein_Chan_PlosGen_2010_PID_21079692"	"talose_exp1"	92	"Metabolite"	"Tolerance"	"talose_exp1"	7.67562e-06	0.0899865	3.00423747335312	0.209156992390781	0.988091773117642	0.99878856659908	69
"1202"	"Kliebenstein_Chan_PlosGen_2010_PID_21079692"	"talose_exp2"	92	"Metabolite"	"Tolerance"	"talose_exp2"	7.67562e-06	0.0963876	9.26768940267262	0.692642529489534	0.993342519984935	0.998241585798949	69
"1206"	"Kliebenstein_Chan_PlosGen_2010_PID_21079692"	"threonic_acid_exp2"	92	"Metabolite"	"Tolerance"	"threonic_acid_exp2"	7.67562e-06	0.197781	2.63591053515549	0.190238927266688	0.991008143606999	0.999019140656947	69
"1210"	"Kliebenstein_Chan_PlosGen_2010_PID_21079692"	"trans_sinapinic_acid_exp1"	92	"Metabolite"	"Tolerance"	"trans_sinapinic_acid_exp1"	7.67562e-06	0.0958588	2.7560597819017	0.193777792795209	0.992068422102869	0.998717261259453	69
"1212"	"Kliebenstein_Chan_PlosGen_2010_PID_21079692"	"trehalose_exp2"	92	"Metabolite"	"Tolerance"	"trehalose_exp2"	7.67562e-06	0.539413	2.52310176046554	0.214797178079698	0.986159207965985	0.996299031145101	69
"1213"	"Kliebenstein_Chan_PlosGen_2010_PID_21079692"	"tyrosine_exp1"	92	"Metabolite"	"Tolerance"	"tyrosine_exp1"	7.67562e-06	0.179133	4.12116976938561	0.304829779609998	0.990646645950945	0.998518879936525	69
"1214"	"Kliebenstein_Chan_PlosGen_2010_PID_21079692"	"tyrosine_exp2"	92	"Metabolite"	"Tolerance"	"tyrosine_exp2"	7.67562e-06	0.117654	2.1526587215075	0.469289725877247	0.986113537775475	0.997872995087136	69
"1215"	"Kliebenstein_Chan_PlosGen_2010_PID_21079692"	"urea_exp1"	92	"Metabolite"	"Tolerance"	"urea_exp1"	7.67562e-06	0.108213	1.27261494990916	0.0913379632840041	0.989204345355412	0.997418419000961	69
"1218"	"Kliebenstein_Chan_PlosGen_2010_PID_21079692"	"valine_exp2"	92	"Metabolite"	"Tolerance"	"valine_exp2"	7.67562e-06	0.0909954	5.15833155975155	0.421534716927022	0.988524197084485	0.997928049168767	69
"1219"	"Kliebenstein_Chan_PlosGen_2010_PID_21079692"	"X1_2_4_benzenetriol_exp1"	92	"Metabolite"	"Tolerance"	"X1_2_4_benzenetriol_exp1"	7.67562e-06	0.118388	4.65231736941389	0.327876322023898	0.991533926826568	0.997594358134356	69
"1220"	"Kliebenstein_Chan_PlosGen_2010_PID_21079692"	"X1_2_4_benzenetriol_exp2"	92	"Metabolite"	"Tolerance"	"X1_2_4_benzenetriol_exp2"	7.67562e-06	0.276609	4.39922979618215	0.388897136746465	0.993876483819261	0.999154760359088	69
"1223"	"Kliebenstein_Chan_PlosGen_2010_PID_21079692"	"X2_palmitoleic_acid_exp1"	92	"Metabolite"	"Tolerance"	"X2_palmitoleic_acid_exp1"	7.67562e-06	0.19336	1.5364721148079	0.10980938581357	0.98113994513826	0.998512544040051	69
"1224"	"Kliebenstein_Chan_PlosGen_2010_PID_21079692"	"X2_palmitoleic_acid_exp2"	92	"Metabolite"	"Tolerance"	"X2_palmitoleic_acid_exp2"	7.67562e-06	0.15417	1.53662240938565	0.166883605599403	0.960703601776936	0.997197522407029	69
"1226"	"Kliebenstein_Chan_PlosGen_2010_PID_21079692"	"X4_hydroxyproline_exp1"	92	"Metabolite"	"Tolerance"	"X4_hydroxyproline_exp1"	7.67562e-06	0.0969257	2.85544775528648	0.310636619489808	0.991387173394396	0.998914876081859	69
"1227"	"Kliebenstein_Chan_PlosGen_2010_PID_21079692"	"X4_hydroxyproline_exp2"	92	"Metabolite"	"Tolerance"	"X4_hydroxyproline_exp2"	7.67562e-06	0.100562	3.18288389738209	0.28747012129583	0.991386353960302	0.998906007441369	69
"1236"	"Kliebenstein_Fordyce_PlantPhys_2018_PID_30266748"	"Lesion_0_m_eccentricity_Ctrl"	92	"Defense"	NA	"Lesion_0_m_eccentricity_Ctrl"	7.99197e-06	0.182217	0.00276451075620852	0.000258024387971774	0.996301227802559	0.998702370434143	72
"1239"	"Kliebenstein_Fordyce_PlantPhys_2018_PID_30266748"	"Lesion_0_m_theta_Apple517"	92	"Defense"	NA	"Lesion_0_m_theta_Apple517"	7.99197e-06	0.198041	0.198006934268121	0.0144048731173043	0.996301227802559	0.998389762028489	72
"1240"	"Kliebenstein_Fordyce_PlantPhys_2018_PID_30266748"	"Lesion_0_m_theta_B05_10"	92	"Defense"	NA	"Lesion_0_m_theta_B05_10"	7.99197e-06	0.17443	0.178863702675618	0.0142647971439763	0.996301227802559	0.999271610323175	72
"1241"	"Kliebenstein_Fordyce_PlantPhys_2018_PID_30266748"	"Lesion_0_m_theta_Ctrl"	92	"Defense"	NA	"Lesion_0_m_theta_Ctrl"	7.99197e-06	0.288418	0.150127688171347	0.0146963425502764	0.996301227802559	0.998913457210658	72
"1242"	"Kliebenstein_Fordyce_PlantPhys_2018_PID_30266748"	"Lesion_0_m_theta_Supersteak"	92	"Defense"	NA	"Lesion_0_m_theta_Supersteak"	7.99197e-06	0.335432	0.168020692501223	0.01340679181001	0.996301227802559	0.998964970639129	72
"1244"	"Kliebenstein_Fordyce_PlantPhys_2018_PID_30266748"	"Lesion_Bblu_m_eccentricity_Apple517"	92	"Defense"	NA	"Lesion_Bblu_m_eccentricity_Apple517"	7.99197e-06	0.188453	0.00594648454829672	0.000648958272961309	0.996301227802559	0.999236427248888	72
"1245"	"Kliebenstein_Fordyce_PlantPhys_2018_PID_30266748"	"Lesion_Bblu_m_eccentricity_B05_10"	92	"Defense"	NA	"Lesion_Bblu_m_eccentricity_B05_10"	7.99197e-06	0.214409	0.00390061810564288	0.000267923264811163	0.996301227802559	0.998859239597089	72
"1246"	"Kliebenstein_Fordyce_PlantPhys_2018_PID_30266748"	"Lesion_Bblu_m_eccentricity_Ctrl"	92	"Defense"	NA	"Lesion_Bblu_m_eccentricity_Ctrl"	7.99197e-06	0.23211	0.0148575193174551	0.00122681120460039	0.958870641300975	0.996821629457236	72
"1247"	"Kliebenstein_Fordyce_PlantPhys_2018_PID_30266748"	"Lesion_Bblu_m_eccentricity_Supersteak"	92	"Defense"	NA	"Lesion_Bblu_m_eccentricity_Supersteak"	7.99197e-06	0.169411	0.00470274488069089	0.000366482923700908	0.996301227802559	0.999136919997992	72
"1248"	"Kliebenstein_Fordyce_PlantPhys_2018_PID_30266748"	"Lesion_Bblu_m_eccentricity_UKRazz"	92	"Defense"	NA	"Lesion_Bblu_m_eccentricity_UKRazz"	7.99197e-06	0.257505	0.0144657891377522	0.0011338514435647	0.996301227802559	0.99926846692696	72
"1250"	"Kliebenstein_Fordyce_PlantPhys_2018_PID_30266748"	"Lesion_Bblu_m_theta_B05_10"	92	"Defense"	NA	"Lesion_Bblu_m_theta_B05_10"	7.99197e-06	0.13375	0.149713422671288	0.010417420434015	0.996301227802559	0.999264308432069	72
"1252"	"Kliebenstein_Fordyce_PlantPhys_2018_PID_30266748"	"Lesion_Bblu_m_theta_Supersteak"	92	"Defense"	NA	"Lesion_Bblu_m_theta_Supersteak"	7.99197e-06	0.216713	0.144879507660894	0.0138633380053589	0.996301227802559	0.997878022216413	72
"1254"	"Kliebenstein_Fordyce_PlantPhys_2018_PID_30266748"	"Lesion_Bgrn_m_eccentricity_Ctrl"	92	"Defense"	NA	"Lesion_Bgrn_m_eccentricity_Ctrl"	7.99197e-06	0.25749	0.0192529166407556	0.0016464558876538	0.996301227802559	0.999230443607257	72
"1255"	"Kliebenstein_Fordyce_PlantPhys_2018_PID_30266748"	"Lesion_Bgrn_m_theta_B05_10"	92	"Defense"	NA	"Lesion_Bgrn_m_theta_B05_10"	7.99197e-06	0.579481	0.156704537341747	0.0110919547111449	0.996301227802559	0.999250289900572	72
"1261"	"Kliebenstein_Fordyce_PlantPhys_2018_PID_30266748"	"Lesion_Bgrnblu_m_majoraxis_B05_10"	92	"Defense"	NA	"Lesion_Bgrnblu_m_majoraxis_B05_10"	7.99197e-06	0.19204	414.294240071604	31.3246069562743	0.996301227802559	0.999220607769399	72
"1263"	"Kliebenstein_Fordyce_PlantPhys_2018_PID_30266748"	"Lesion_Bgrnblu_m_majoraxis_Supersteak"	92	"Defense"	NA	"Lesion_Bgrnblu_m_majoraxis_Supersteak"	7.99197e-06	0.217039	279.722732383271	25.650830067212	0.996301227802559	0.999265419986542	72
"1264"	"Kliebenstein_Fordyce_PlantPhys_2018_PID_30266748"	"Lesion_Bgrnblu_m_majoraxis_UKRazz"	92	"Defense"	NA	"Lesion_Bgrnblu_m_majoraxis_UKRazz"	7.99197e-06	0.211271	87.044843438425	6.57596002722666	0.996301227802559	0.999275584317255	72
"1266"	"Kliebenstein_Fordyce_PlantPhys_2018_PID_30266748"	"Lesion_Bgrnblu_m_theta_UKRazz"	92	"Defense"	NA	"Lesion_Bgrnblu_m_theta_UKRazz"	7.99197e-06	0.137258	0.110307560675722	0.00999889200390695	0.996301227802559	0.998983105696759	72
"1267"	"Kliebenstein_Fordyce_PlantPhys_2018_PID_30266748"	"Lesion_blu_m_eccentricity_Ctrl"	92	"Defense"	NA	"Lesion_blu_m_eccentricity_Ctrl"	7.99197e-06	0.673899	0.00305425938946843	0.000290663791531936	0.996301227802559	0.997605224896541	72
"1268"	"Kliebenstein_Fordyce_PlantPhys_2018_PID_30266748"	"Lesion_blu_m_majoraxis_Ctrl"	92	"Defense"	NA	"Lesion_blu_m_majoraxis_Ctrl"	7.99197e-06	0.286636	4.60817922291126	0.328656239135438	0.996301227802559	0.998829553857402	72
"1269"	"Kliebenstein_Fordyce_PlantPhys_2018_PID_30266748"	"Lesion_blu_m_theta_Apple517"	92	"Defense"	NA	"Lesion_blu_m_theta_Apple517"	7.99197e-06	0.257458	0.246613048383568	0.0173399754967904	0.996301227802559	0.996789564958333	72
"1270"	"Kliebenstein_Fordyce_PlantPhys_2018_PID_30266748"	"Lesion_blu_m_theta_B05_10"	92	"Defense"	NA	"Lesion_blu_m_theta_B05_10"	7.99197e-06	0.237807	0.146228578379664	0.0119621804496204	0.996301227802559	0.999237363736516	72
"1271"	"Kliebenstein_Fordyce_PlantPhys_2018_PID_30266748"	"Lesion_blu_m_theta_Ctrl"	92	"Defense"	NA	"Lesion_blu_m_theta_Ctrl"	7.99197e-06	0.245555	0.121760193759347	0.00970382346955459	0.996301227802559	0.999280214313194	72
"1272"	"Kliebenstein_Fordyce_PlantPhys_2018_PID_30266748"	"Lesion_blu_m_theta_Supersteak"	92	"Defense"	NA	"Lesion_blu_m_theta_Supersteak"	7.99197e-06	0.224135	0.157172637721714	0.0147295964039782	0.996301227802559	0.99912444442164	72
"1275"	"Kliebenstein_Fordyce_PlantPhys_2018_PID_30266748"	"Lesion_Bred_m_majoraxis_Ctrl"	92	"Defense"	NA	"Lesion_Bred_m_majoraxis_Ctrl"	7.99197e-06	0.205741	4.42062230991486	0.307195216536821	0.996301227802559	0.999263750833196	72
"1276"	"Kliebenstein_Fordyce_PlantPhys_2018_PID_30266748"	"Lesion_Bred_m_theta_Ctrl"	92	"Defense"	NA	"Lesion_Bred_m_theta_Ctrl"	7.99197e-06	0.245658	0.253458725624552	0.0174761895959558	0.996301227802559	0.998996895492395	72
"1277"	"Kliebenstein_Fordyce_PlantPhys_2018_PID_30266748"	"Lesion_Bred_m_theta_Supersteak"	92	"Defense"	NA	"Lesion_Bred_m_theta_Supersteak"	7.99197e-06	0.268293	0.160959527241228	0.0126166870080549	0.996301227802559	0.996060712464315	72
"1284"	"Kliebenstein_Fordyce_PlantPhys_2018_PID_30266748"	"Lesion_Bredblu_m_majoraxis_B05_10"	92	"Defense"	NA	"Lesion_Bredblu_m_majoraxis_B05_10"	7.99197e-06	0.198377	296.043298779519	31.5654422219905	0.996301227802559	0.99925686127394	72
"1285"	"Kliebenstein_Fordyce_PlantPhys_2018_PID_30266748"	"Lesion_Bredblu_m_majoraxis_Ctrl"	92	"Defense"	NA	"Lesion_Bredblu_m_majoraxis_Ctrl"	7.99197e-06	0.22933	309.207995034238	22.4634292006704	0.996301227802559	0.99927954637717	72
"1286"	"Kliebenstein_Fordyce_PlantPhys_2018_PID_30266748"	"Lesion_Bredblu_m_majoraxis_Supersteak"	92	"Defense"	NA	"Lesion_Bredblu_m_majoraxis_Supersteak"	7.99197e-06	0.182364	401.234322004883	29.3989832978818	0.996301227802559	0.998996895492395	72
"1287"	"Kliebenstein_Fordyce_PlantPhys_2018_PID_30266748"	"Lesion_Bredblu_m_majoraxis_UKRazz"	92	"Defense"	NA	"Lesion_Bredblu_m_majoraxis_UKRazz"	7.99197e-06	0.219442	188.738022386303	15.0304732544885	0.996301227802559	0.999265419986542	72
"1288"	"Kliebenstein_Fordyce_PlantPhys_2018_PID_30266748"	"Lesion_Bredblu_m_theta_Apple517"	92	"Defense"	NA	"Lesion_Bredblu_m_theta_Apple517"	7.99197e-06	0.361437	0.153835777931562	0.0108080364229343	0.996301227802559	0.998603332749499	72
"1290"	"Kliebenstein_Fordyce_PlantPhys_2018_PID_30266748"	"Lesion_Bredblu_m_theta_Ctrl"	92	"Defense"	NA	"Lesion_Bredblu_m_theta_Ctrl"	7.99197e-06	0.207405	0.0761770627242061	0.00893376629862391	0.996301227802559	0.999280819451657	72
"1291"	"Kliebenstein_Fordyce_PlantPhys_2018_PID_30266748"	"Lesion_Bredblu_m_theta_Supersteak"	92	"Defense"	NA	"Lesion_Bredblu_m_theta_Supersteak"	7.99197e-06	0.23786	0.110021733514409	0.0081956541451925	0.996301227802559	0.99928041956432	72
"1292"	"Kliebenstein_Fordyce_PlantPhys_2018_PID_30266748"	"Lesion_Bredblu_m_theta_UKRazz"	92	"Defense"	NA	"Lesion_Bredblu_m_theta_UKRazz"	7.99197e-06	0.231274	0.134822088113328	0.0158054821189594	0.996301227802559	0.9992805883379	72
"1296"	"Kliebenstein_Fordyce_PlantPhys_2018_PID_30266748"	"Lesion_Bredgrn_m_eccentricity_Supersteak"	92	"Defense"	NA	"Lesion_Bredgrn_m_eccentricity_Supersteak"	7.99197e-06	0.177617	0.0168399897958733	0.00128147290732663	0.996301227802559	0.999170092335244	72
"1298"	"Kliebenstein_Fordyce_PlantPhys_2018_PID_30266748"	"Lesion_Bredgrn_m_majoraxis_B05_10"	92	"Defense"	NA	"Lesion_Bredgrn_m_majoraxis_B05_10"	7.99197e-06	0.200197	82.1928376020373	5.79465197016566	0.996301227802559	0.997027984043421	72
"1299"	"Kliebenstein_Fordyce_PlantPhys_2018_PID_30266748"	"Lesion_Bredgrn_m_majoraxis_Ctrl"	92	"Defense"	NA	"Lesion_Bredgrn_m_majoraxis_Ctrl"	7.99197e-06	0.239981	216.643227393157	17.8826169029179	0.996301227802559	0.99925686127394	72
"1303"	"Kliebenstein_Fordyce_PlantPhys_2018_PID_30266748"	"Lesion_Bredgrn_m_theta_B05_10"	92	"Defense"	NA	"Lesion_Bredgrn_m_theta_B05_10"	7.99197e-06	0.16341	0.170326913006492	0.0118171164677907	0.996301227802559	0.999186079552887	72
"1304"	"Kliebenstein_Fordyce_PlantPhys_2018_PID_30266748"	"Lesion_Bredgrn_m_theta_Ctrl"	92	"Defense"	NA	"Lesion_Bredgrn_m_theta_Ctrl"	7.99197e-06	0.179987	0.109713159367251	0.00883169444575912	0.996301227802559	0.99074179276827	72
"1306"	"Kliebenstein_Fordyce_PlantPhys_2018_PID_30266748"	"Lesion_Bredgrn_m_theta_UKRazz"	92	"Defense"	NA	"Lesion_Bredgrn_m_theta_UKRazz"	7.99197e-06	0.25944	0.190939973698794	0.0145462163926888	0.996301227802559	0.99815399471314	72
"1308"	"Kliebenstein_Fordyce_PlantPhys_2018_PID_30266748"	"Lesion_Grn_B05_10"	92	"Defense"	NA	"Lesion_Grn_B05_10"	7.99197e-06	0.188173	2238.28968560845	188.303623838817	0.996226670071084	0.993837492141954	72
"1311"	"Kliebenstein_Fordyce_PlantPhys_2018_PID_30266748"	"Lesion_Grn_UKRazz"	92	"Defense"	NA	"Lesion_Grn_UKRazz"	7.99197e-06	0.925548	1079.63776329422	104.623210057014	0.99601999955202	0.998847728621296	72
"1312"	"Kliebenstein_Fordyce_PlantPhys_2018_PID_30266748"	"Lesion_grnblu_m_eccentricity_Ctrl"	92	"Defense"	NA	"Lesion_grnblu_m_eccentricity_Ctrl"	7.99197e-06	0.225814	0.01350763370383	0.00121620560824993	0.996301227802559	0.999077281386605	72
"1313"	"Kliebenstein_Fordyce_PlantPhys_2018_PID_30266748"	"Lesion_grnblu_m_majoraxis_Apple517"	92	"Defense"	NA	"Lesion_grnblu_m_majoraxis_Apple517"	7.99197e-06	0.254912	422.276932565121	34.4473835650148	0.996301227802559	0.998781211024933	72
"1314"	"Kliebenstein_Fordyce_PlantPhys_2018_PID_30266748"	"Lesion_grnblu_m_majoraxis_B05_10"	92	"Defense"	NA	"Lesion_grnblu_m_majoraxis_B05_10"	7.99197e-06	0.193684	618.372849029822	47.5057682726433	0.996301227802559	0.999242836525793	72
"1316"	"Kliebenstein_Fordyce_PlantPhys_2018_PID_30266748"	"Lesion_grnblu_m_majoraxis_Supersteak"	92	"Defense"	NA	"Lesion_grnblu_m_majoraxis_Supersteak"	7.99197e-06	0.174509	248.454901779146	18.2165653250375	0.996301227802559	0.998579916484129	72
"1317"	"Kliebenstein_Fordyce_PlantPhys_2018_PID_30266748"	"Lesion_grnblu_m_majoraxis_UKRazz"	92	"Defense"	NA	"Lesion_grnblu_m_majoraxis_UKRazz"	7.99197e-06	0.296055	309.414189661714	23.9025137313999	0.996301227802559	0.999278233162178	72
"1318"	"Kliebenstein_Fordyce_PlantPhys_2018_PID_30266748"	"Lesion_grnblu_m_theta_Ctrl"	92	"Defense"	NA	"Lesion_grnblu_m_theta_Ctrl"	7.99197e-06	0.354664	0.058897506359191	0.00402504812338724	0.996301227802559	0.999280508268884	72
"1323"	"Kliebenstein_Fordyce_PlantPhys_2018_PID_30266748"	"Lesion_redblu_m_eccentricity_Ctrl"	92	"Defense"	NA	"Lesion_redblu_m_eccentricity_Ctrl"	7.99197e-06	0.291271	0.0107265552064831	0.000896101801775153	0.996301227802559	0.999280854852963	72
"1326"	"Kliebenstein_Fordyce_PlantPhys_2018_PID_30266748"	"Lesion_redblu_m_majoraxis_Apple517"	92	"Defense"	NA	"Lesion_redblu_m_majoraxis_Apple517"	7.99197e-06	0.223979	461.712893805587	42.0780849578256	0.996301227802559	0.999268946285556	72
"1327"	"Kliebenstein_Fordyce_PlantPhys_2018_PID_30266748"	"Lesion_redblu_m_majoraxis_B05_10"	92	"Defense"	NA	"Lesion_redblu_m_majoraxis_B05_10"	7.99197e-06	0.216814	417.975820837514	35.4131606997675	0.996301227802559	0.99926988273661	72
"1329"	"Kliebenstein_Fordyce_PlantPhys_2018_PID_30266748"	"Lesion_redblu_m_majoraxis_Supersteak"	92	"Defense"	NA	"Lesion_redblu_m_majoraxis_Supersteak"	7.99197e-06	0.165989	415.856069492694	32.5582551415913	0.996301227802559	0.999275890670066	72
"1333"	"Kliebenstein_Fordyce_PlantPhys_2018_PID_30266748"	"Lesion_redblu_m_theta_Ctrl"	92	"Defense"	NA	"Lesion_redblu_m_theta_Ctrl"	7.99197e-06	0.237907	0.069474487376678	0.00527614205297307	0.996301227802559	0.994850813842101	72
"1336"	"Kliebenstein_Fordyce_PlantPhys_2018_PID_30266748"	"Lesion_redgrn_m_eccentricity_B05_10"	92	"Defense"	NA	"Lesion_redgrn_m_eccentricity_B05_10"	7.99197e-06	0.257766	0.00381167275967455	0.000276980485260008	0.996301227802559	0.999249526711922	72
"1337"	"Kliebenstein_Fordyce_PlantPhys_2018_PID_30266748"	"Lesion_redgrn_m_eccentricity_Ctrl"	92	"Defense"	NA	"Lesion_redgrn_m_eccentricity_Ctrl"	7.99197e-06	0.172524	0.00355914967067834	0.000313080420788794	0.996301227802559	0.999230443607257	72
"1339"	"Kliebenstein_Fordyce_PlantPhys_2018_PID_30266748"	"Lesion_redgrn_m_majoraxis_Ctrl"	92	"Defense"	NA	"Lesion_redgrn_m_majoraxis_Ctrl"	7.99197e-06	0.543495	2.8883422071768	0.206659380511179	0.996301227802559	0.999262604569151	72
"1340"	"Kliebenstein_Fordyce_PlantPhys_2018_PID_30266748"	"Lesion_redgrn_m_theta_Ctrl"	92	"Defense"	NA	"Lesion_redgrn_m_theta_Ctrl"	7.99197e-06	0.215189	0.212142116032809	0.0158767581384478	0.996301227802559	0.999259523771056	72
"1341"	"Kliebenstein_Fordyce_PlantPhys_2018_PID_30266748"	"Lesion_redgrn_m_theta_Supersteak"	92	"Defense"	NA	"Lesion_redgrn_m_theta_Supersteak"	7.99197e-06	0.222457	0.198483663368547	0.0280198055957079	0.996301227802559	0.998849566154387	72
"1343"	"Kliebenstein_Fordyce_PlantPhys_2018_PID_30266748"	"Lesion_Size_Apple517"	92	"Defense"	NA	"Lesion_Size_Apple517"	7.99197e-06	0.735267	689370.365123097	88196.4884611687	0.996301227802559	0.999279385519366	72
"1344"	"Kliebenstein_Fordyce_PlantPhys_2018_PID_30266748"	"Lesion_Size_B05_10"	92	"Defense"	NA	"Lesion_Size_B05_10"	7.99197e-06	0.902416	244378.373147049	22253.8377326929	0.996301227802559	0.996301852567098	72
"1350"	"Kliebenstein_Fordyce_PlantPhys_2018_PID_30266748"	"Lesion_Ylw_Supersteak"	92	"Defense"	NA	"Lesion_Ylw_Supersteak"	7.99197e-06	0.310172	77758.069303573	6826.19850333127	0.996301227802559	0.998733960696212	72
"1360"	"Kliebenstein_Francisco_FronPlaSci_2016_PID_27313596"	"Long_chain_GLS_MS"	92	"Metabolite"	"Tolerance"	"Long_chain_GLS_MS"	7.85491e-06	0.183902	0.110660768645358	0.0077451866835264	0.995052327268335	0.999091343059162	73
"1364"	"Kliebenstein_Francisco_FronPlaSci_2016_PID_27313596"	"Short_chain_GLS_MS"	92	"Metabolite"	"Tolerance"	"Short_chain_GLS_MS"	7.85491e-06	0.195984	1.86555068493151	0.186486866673783	0.995513737495786	0.9991971491678	73
"1376"	"Kliebenstein_Francisco_FronPlaSci_2016_PID_27313596"	"Total_C8_GLS_MS"	92	"Metabolite"	"Tolerance"	"Total_C8_GLS_MS"	7.85491e-06	0.181275	0.0772922754946728	0.0058041342103971	0.994776655175599	0.998635762900722	73
"1381"	"Kliebenstein_Francisco_FronPlaSci_2016_PID_27313596"	"total_methylsulphinyl_MS_and_allyl"	92	"Metabolite"	"Tolerance"	"total_methylsulphinyl_MS_and_allyl"	7.85491e-06	0.175406	0.269646613394216	0.0215529895542658	0.995761898546201	0.999020741365879	73
"1382"	"Kliebenstein_Francisco_FronPlaSci_2016_PID_27313596"	"total_methylsulphinyl_MS"	92	"Metabolite"	"Tolerance"	"total_methylsulphinyl_MS"	7.85491e-06	0.421819	0.189843493150685	0.0137777872770824	0.988181162212304	0.998677323930046	73
"1391"	"Kliebenstein_Francisco_FronPlaSci_2016_PID_27313596"	"X3MTP_MS_and_allyl"	92	"Metabolite"	"Tolerance"	"X3MTP_MS_and_allyl"	7.85491e-06	0.699441	0.00546594368340944	0.000520545743390128	0.624652493357256	0.975887278505932	73
"1392"	"Kliebenstein_Francisco_FronPlaSci_2016_PID_27313596"	"X3MTP_MS"	92	"Metabolite"	"Tolerance"	"X3MTP_MS"	7.85491e-06	0.274368	0.00474756468797565	0.00131088230981516	0.701681499728737	0.969101315162313	73
"1397"	"Kliebenstein_Francisco_FronPlaSci_2016_PID_27313596"	"X4MSB_MS_and_allyl"	92	"Metabolite"	"Tolerance"	"X4MSB_MS_and_allyl"	7.85491e-06	0.285691	0.136803462709285	0.0115876567258389	0.529632358862185	0.971557797399844	73
"1398"	"Kliebenstein_Francisco_FronPlaSci_2016_PID_27313596"	"X4MSB_MS"	92	"Metabolite"	"Tolerance"	"X4MSB_MS"	7.85491e-06	0.380787	0.0626152587519026	0.00514756996325043	0.592213409480313	0.974965426728407	73
"1400"	"Kliebenstein_Francisco_FronPlaSci_2016_PID_27313596"	"X4MTB_MS"	92	"Metabolite"	"Tolerance"	"X4MTB_MS"	7.85491e-06	1.48081	0.0177641171993912	0.0014608649371528	0.602903333025227	0.975767957545978	73
"1401"	"Kliebenstein_Francisco_FronPlaSci_2016_PID_27313596"	"X4OHB_MS_and_allyl"	92	"Metabolite"	"Tolerance"	"X4OHB_MS_and_allyl"	7.85491e-06	0.200311	0.00331133942161339	0.000261291439402062	0.322810501878632	0.820551643039008	73
"1402"	"Kliebenstein_Francisco_FronPlaSci_2016_PID_27313596"	"X4OHB_MS"	92	"Metabolite"	"Tolerance"	"X4OHB_MS"	7.85491e-06	0.208793	0.0194318873668189	0.00147444559862947	0.393809454916707	0.96885648814582	73
"1404"	"Kliebenstein_Francisco_FronPlaSci_2016_PID_27313596"	"X5MSP_MS"	92	"Metabolite"	"Tolerance"	"X5MSP_MS"	7.85491e-06	0.285732	0.000297298325722983	2.44024929880583e-05	0.525456742633823	0.971586332050823	73
"1406"	"Kliebenstein_Francisco_FronPlaSci_2016_PID_27313596"	"X7MSH_MS"	92	"Metabolite"	"Tolerance"	"X7MSH_MS"	7.85491e-06	0.243491	0.0017218797564688	0.000132826912772223	0.956199524617387	0.99658664148661	73
"1414"	"Koyama_Sadhukhan_MolPlant_2017_PID_28712931"	"Relative_NIP1_expression"	97	"Development"	"Tolerance"	"Relative_NIP1_expression"	7.18364e-06	0.597213	3.4278712585034	0.235746742537864	0.983761317663514	0.998671039655809	49
"1415"	"Koyama_Sadhukhan_MolPlant_2017_PID_28712931"	"Relative_root_length"	132	"Development"	"Avoidance"	"Relative_root_length"	8.59378e-06	0.105137	65.0150433653846	5.0364963599012	0.995890762444493	0.999169351112785	65
"1416"	"Kronforst_Nallu_NatEcoEvo_2018_PID_30076351"	"Average_leaf_surface_area_eaten_cm2"	92	"Defense"	NA	"Average_leaf_surface_area_eaten_cm2"	7.7562e-06	0.124439	4.96505993137255	0.407213529932487	0.996077313838667	0.999172933741535	69
"1417"	"Kronforst_Nallu_NatEcoEvo_2018_PID_30076351"	"Average_weight_gain_by_larvae_mg"	92	"Defense"	NA	"Average_weight_gain_by_larvae_mg"	7.7562e-06	0.11653	26.3990323634186	2.09418521546426	0.996127405906236	0.999243849604387	69
"1425"	"Linder_Branham_JHered_2016_PID_26704140"	"BC181"	391	"Metabolite"	"Tolerance"	"BC181"	8.45579e-06	0.141298	0.00261334323902315	0.000402761687846135	0.998191771121992	0.9992805883379	154
"1437"	"Linder_Morrison_G3_2014_PID_24902604"	"k_light_0_nutrient_0"	95	"Development"	NA	"k_light_0_nutrient_0"	9.2049e-06	0.123291	9.44569663803169	0.756209500149312	0.931021092631934	0.995329426868022	65
"1439"	"Linder_Morrison_G3_2014_PID_24902604"	"k_light_1_nutrient_0"	97	"Development"	NA	"k_light_1_nutrient_0"	9.19362e-06	0.107801	34.9153902427073	2.84885835341814	0.970358912399722	0.997536473671608	67
"1441"	"Linder_Morrison_G3_2014_PID_24902604"	"tmax_light_0_nutrient_0"	95	"Development"	NA	"tmax_light_0_nutrient_0"	9.2049e-06	0.17882	13.4948513085016	0.902517747895374	0.905861000118002	0.992732233127349	65
"1445"	"Ludewig_Chen_FronPlaSci_2016_PID_27507976"	"Fe_minus"	70	"Development"	"Avoidance"	"Fe_minus"	6.69195e-06	0.428672	156922.53547027	8103.37841756647	0.993895224699015	0.999092350997388	42
"1446"	"Ludewig_Chen_FronPlaSci_2016_PID_27507976"	"Fe_plus"	76	"Development"	"Avoidance"	"Fe_plus"	9.41036e-06	0.0903785	30668.7854314341	1457.24296003479	0.9940306309139	0.999280899242108	43
"1447"	"Ludewig_Chen_FronPlaSci_2016_PID_27507976"	"Fe_response"	65	"Development"	"Avoidance"	"Fe_response"	6.84771e-06	0.508259	26469.7299793542	1488.91778736393	0.993466602290276	0.999262604569151	39
"1448"	"Ludewig_Chen_FronPlaSci_2016_PID_27507976"	"Mn_minus"	71	"Development"	"Avoidance"	"Mn_minus"	6.71657e-06	0.612177	338.962712410168	16.8662563058404	0.9940306309139	0.999101985619781	43
"1451"	"Ludewig_Chen_FronPlaSci_2016_PID_27507976"	"Zn_minus"	70	"Development"	"Avoidance"	"Zn_minus"	6.7656e-06	0.513627	88.4849741659709	4.2940482289282	0.993895224699015	0.996346666253063	42
"1453"	"Ludewig_Chen_FronPlaSci_2016_PID_27507976"	"Zn_response"	64	"Development"	"Avoidance"	"Zn_response"	6.85839e-06	0.365209	384.338514364301	15.0858186240491	0.993466602290276	0.999231444807792	39
"1461"	"Maloof_Filiault_PlosGen_2012_PID_22438834"	"resid"	176	"Development"	"Avoidance"	"resid"	7.6801e-06	0.163779	0.159477080953437	0.020486699363161	0.997691509891293	0.996679342994776	119
"1464"	"Marino_Sarasketa_JExpBot_2014_PID_25205573"	"AA_NO3_fed"	39	"Development"	"Avoidance"	"AA_NO3_fed"	1.64797e-05	0.277003	27.8982833333333	4.40897623006857	0.9884745018802	0.999023004363321	21
"1465"	"Marino_Sarasketa_JExpBot_2014_PID_25205573"	"GDH_animating_NH4_fed"	39	"Development"	"Avoidance"	"GDH_animating_NH4_fed"	1.64797e-05	0.178939	12.206179047619	0.754531046906541	0.9884745018802	0.998859203343417	21
"1466"	"Marino_Sarasketa_JExpBot_2014_PID_25205573"	"GDH_animating_NO3_fed"	39	"Development"	"Avoidance"	"GDH_animating_NO3_fed"	1.64797e-05	0.485028	16.1833333333333	0.592492372787016	0.9884745018802	0.999235218275718	21
"1467"	"Marino_Sarasketa_JExpBot_2014_PID_25205573"	"GDH_deaminating_NH4_fed"	39	"Development"	"Avoidance"	"GDH_deaminating_NH4_fed"	1.64797e-05	0.187132	0.49260619047619	0.0313136411202325	0.9884745018802	0.997442281960365	21
"1468"	"Marino_Sarasketa_JExpBot_2014_PID_25205573"	"GDH_deaminating_NO3_fed"	39	"Development"	"Avoidance"	"GDH_deaminating_NO3_fed"	1.64797e-05	0.412634	1.07686285714286	0.102251311591342	0.988115332779407	0.998054188448634	21
"1469"	"Marino_Sarasketa_JExpBot_2014_PID_25205573"	"GS_activity_NH4_fed"	39	"Development"	"Avoidance"	"GS_activity_NH4_fed"	1.64797e-05	0.306166	0.01978	0.000664467674024349	0.9870684615423	0.999168553226614	21
"1472"	"Marino_Sarasketa_JExpBot_2014_PID_25205573"	"NH4_content_NO3_fed"	39	"Development"	"Avoidance"	"NH4_content_NO3_fed"	1.64797e-05	0.180707	0.271505714285714	0.0220557512540693	0.98677069355359	0.999257530097259	21
"1480"	"Mena_Delgado_AnnBot_2011_PID_21447490"	"Cotyledon_area"	40	"Development"	"Avoidance"	"Cotyledon_area"	1.56066e-05	0.168038	1.09450592885375	0.12465649981431	0.980295979056609	0.998763171377744	23
"1481"	"Mena_Delgado_AnnBot_2011_PID_21447490"	"First_leaf_area"	40	"Development"	"Avoidance"	"First_leaf_area"	1.56066e-05	0.16682	41.5181027667984	2.7239587278512	0.989391800917818	0.999192288297389	23
"1482"	"Mena_Delgado_AnnBot_2011_PID_21447490"	"LA_vs_CA"	40	"Development"	"Avoidance"	"LA_vs_CA"	1.56066e-05	0.40277	1.36727272727273	0.0569206064020388	0.986819064300391	0.999179097424265	23
"1484"	"Mena_Delgado_AnnBot_2011_PID_21447490"	"Pavement_cell_density_in_first_leaf"	55	"Development"	"Avoidance"	"Pavement_cell_density_in_first_leaf"	1.2504e-05	0.41267	822.269994507576	60.1385467964048	0.992179634199642	0.998632179838873	33
"1487"	"Mena_Delgado_AnnBot_2011_PID_21447490"	"SIL_vs_SIC"	55	"Development"	"Avoidance"	"SIL_vs_SIC"	1.2504e-05	0.201434	0.0106439393939394	0.00109377580122602	0.830434417123002	0.995893874809306	33
"1498"	"Nordborg_Atwell_Nature_2010_PID_20336072"	"X10_Bs"	175	"Defense"	NA	"10_Bs"	7.69595e-06	0.229041	5.05663450818972	0.585517173551914	0.993904820644662	0.998771275153129	119
"1506"	"Nordborg_Atwell_Nature_2010_PID_20336072"	"X107_As"	175	"Defense"	NA	"107_As"	7.69595e-06	0.197557	1.81259667540236	0.202718348823738	0.966206857245485	0.995909840600812	119
"1530"	"Nordborg_Atwell_Nature_2010_PID_20336072"	"X32_FT_Duration_GH"	147	"Reproduction"	"Escape"	"32_FT_Duration_GH"	8.31307e-06	0.160244	30.8823050090624	4.57734688176591	0.9970484148862	0.999277218101761	92
"1531"	"Nordborg_Atwell_Nature_2010_PID_20336072"	"X33_Se82"	93	"Ionomics"	"Tolerance"	"33_Se82"	7.49537e-06	0.0988769	0.674612339772924	0.0490233973178212	0.995747105424966	0.998934059770986	62
"1537"	"Nordborg_Atwell_Nature_2010_PID_20336072"	"X39_After_Vern_Growth"	110	"Development"	"Escape"	"39_After_Vern_Growth"	7.68141e-06	0.0907276	0.00192854098393899	0.000137445065907681	0.99615103142823	0.999199140970413	69
"1545"	"Nordborg_Atwell_Nature_2010_PID_20336072"	"X46_Leaf_roll_22"	176	"Development"	"Avoidance"	"46_Leaf_roll_22"	7.70989e-06	0.12767	0.147544545849631	0.0207110966599072	0.147544545849631	0.900885906229789	118
"1555"	"Nordborg_Atwell_Nature_2010_PID_20336072"	"X55_Chlorosis_10"	177	"Development"	NA	"55_Chlorosis_10"	7.69216e-06	0.115511	0.135308360632389	0.0168946612901973	0.135308360632389	0.939999357496183	119
"1557"	"Nordborg_Atwell_Nature_2010_PID_20336072"	"X57_Chlorosis_16"	176	"Development"	NA	"57_Chlorosis_16"	7.72464e-06	0.0861656	0.25206431986093	0.0288598407259788	0.25206431986093	0.938022713508622	118
"1561"	"Nordborg_Atwell_Nature_2010_PID_20336072"	"X60_Germ_16"	176	"Development"	"Avoidance"	"60_Germ_16"	7.72464e-06	0.120229	0.152976966536289	0.0200587024994367	0.152976966536289	0.805938876270057	118
"1562"	"Nordborg_Atwell_Nature_2010_PID_20336072"	"X61_Anthocyanin_16"	176	"Metabolite"	"Tolerance"	"61_Anthocyanin_16"	7.72464e-06	0.149159	0.243372446762277	0.027772979356533	0.243372446762277	0.937526083681245	118
"1568"	"Nordborg_Atwell_Nature_2010_PID_20336072"	"X67_As75"	93	"Defense"	NA	"67_As75"	7.49537e-06	0.123442	0.0023523442784294	0.000141270707258474	0.995747105424966	0.99925686127394	62
"1569"	"Nordborg_Atwell_Nature_2010_PID_20336072"	"X68_Germ_in_dark"	93	"Development"	"Avoidance"	"68_Germ_in_dark"	7.75366e-06	0.516902	1152.02453173322	92.7928954971989	0.976645889775326	0.998110139107986	59
"1572"	"Nordborg_Atwell_Nature_2010_PID_20336072"	"X70_As_CFU2"	175	"Defense"	NA	"70_As_CFU2"	7.69595e-06	0.122252	0.729044914114799	0.0907016138932139	0.997691509891293	0.999262533668423	119
"1574"	"Nordborg_Atwell_Nature_2010_PID_20336072"	"X72_Vern_Growth"	110	"Development"	"Escape"	"72_Vern_Growth"	7.68141e-06	0.0924136	1.11788396826838e-05	1.09615598599908e-06	0.99615103142823	0.998938101288349	69
"1582"	"Nordborg_Atwell_Nature_2010_PID_20336072"	"X8_Leaf_roll_16"	176	"Development"	"Avoidance"	"8_Leaf_roll_16"	7.72464e-06	0.121526	0.152976966536289	0.0194734405519428	0.152976966536289	0.854470230594368	118
"1584"	"Nordborg_Atwell_Nature_2010_PID_20336072"	"X81_K39"	93	"Ionomics"	"Tolerance"	"81_K39"	7.49537e-06	0.0985591	17891988.5318377	1530134.78466069	0.995747105424966	0.999233475647011	62
"1587"	"Nordborg_Atwell_Nature_2010_PID_20336072"	"X84_At1"	175	"Defense"	NA	"84_At1"	7.69595e-06	0.103638	1.82814824270047	0.206983393173051	0.972530960412153	0.996493033816073	119
"1595"	"Nordborg_Atwell_Nature_2010_PID_20336072"	"X91_S34"	93	"Ionomics"	"Tolerance"	"91_S34"	7.49537e-06	0.0933354	1789467.38143101	124416.915123611	0.995747105424966	0.998633224127474	62
"1602"	"Nordborg_Atwell_Nature_2010_PID_20336072"	"X98_Fe56"	93	"Ionomics"	"Tolerance"	"98_Fe56"	7.49537e-06	0.163718	15.4925234462639	1.35251963119711	0.995747105424966	0.999111217218623	62
"1612"	"Pecinka_Piofczyk_PlaPhyBioc_2015_PID_25656510"	"BiomassUV"	334	"Development"	"Avoidance"	"BiomassUV"	8.43832e-06	0.130564	334.286918478261	53.2383241334297	0.998032626906284	0.998147653957986	161
"1613"	"Pecinka_Piofczyk_PlaPhyBioc_2015_PID_25656510"	"LeafareaUV"	334	"Development"	"Avoidance"	"LeafareaUV"	8.43832e-06	0.127783	229.691439440994	35.754950038075	0.998207439259076	0.99824885960111	161
"1614"	"Pecinka_Piofczyk_PlaPhyBioc_2015_PID_25656510"	"LeaflengthUV"	334	"Development"	"Avoidance"	"LeaflengthUV"	8.43832e-06	0.0736731	104.875375	17.1048424893675	0.998182731807959	0.998666795902077	161
"1625"	"Pieterse_Coolen_Planta_2018_PID_30547240"	"Dr_plus_Bc_residuals"	334	"Development"	"Avoidance"	"Dr_plus_Bc_residuals"	8.48799e-06	0.106719	0.0277889208416438	0.00416808170775866	0.99824617067993	0.998953697200533	159
"1630"	"Pieterse_Proietti_PlaCelEnv_2018_PID_29852537"	"log2_PDF1_2_MeJA_and_SA_vs_PDF1_2_MeJA"	339	"Development"	"Avoidance"	"log2_PDF1_2_MeJA_and_SA_vs_PDF1_2_MeJA"	8.41101e-06	0.101233	4.84228054230099	0.726049318276111	0.997176122525239	0.994603430919185	163
"1633"	"Pieterse_Wintermans_PlaMolBio_2016_PID_26830772"	"delta_Primary_root_length"	278	"Development"	"Tolerance"	"delta_Primary_root_length"	8.72284e-06	0.0827154	0.285529952552253	0.0348758712889483	0.997905817485077	0.99892175327325	132
"1642"	"Rouached_Bouain_PlosGen_2018_PID_29608565"	"grown_on_zinc_deficiency_mean_Total_length_day001"	190	"Development"	"Avoidance"	"grown_on_zinc_deficiency_mean_Total_length_day001"	8.18581e-06	0.098418	972.560082025675	181.415692080191	0.997493790212643	0.996254468942366	109
"1643"	"Rouached_Bouain_PlosGen_2018_PID_29608565"	"grown_on_zinc_deficiency_mean_Total_length_day002"	230	"Development"	"Avoidance"	"grown_on_zinc_deficiency_mean_Total_length_day002"	8.09828e-06	0.266499	3173.44561394954	458.879768605197	0.99787814108987	0.998379280350211	130
"1650"	"Rouached_Bouain_PlosGen_2018_PID_29608565"	"mean_Total_length_day002"	230	"Development"	"Avoidance"	"mean_Total_length_day002"	8.13298e-06	0.13695	4137.44406284297	603.712822221754	0.997863640106385	0.999026080865086	129
"1657"	"Salt_Baxter_PlosOne_2012_PID_22558123"	"X269_Li7"	345	"Ionomics"	"Tolerance"	"269_Li7"	8.00568e-06	0.100377	59.5583916941375	8.17120777291805	0.998146128168099	0.999194924682184	150
"1658"	"Salt_Baxter_PlosOne_2012_PID_22558123"	"X270_B11"	345	"Ionomics"	"Tolerance"	"270_B11"	8.00568e-06	0.21216	373.862512843632	52.7762379400323	0.99814429505277	0.998819046812699	150
"1660"	"Salt_Baxter_PlosOne_2012_PID_22558123"	"X273_P31"	345	"Ionomics"	"Tolerance"	"273_P31"	8.00568e-06	0.317423	2053030.23350757	280344.626833045	0.998146128168099	0.999280908208293	150
"1667"	"Salt_Baxter_PlosOne_2012_PID_22558123"	"X281_Cu65"	345	"Ionomics"	"Tolerance"	"281_Cu65"	8.00568e-06	0.130623	4.78951094339797	0.667830334915231	0.998146128168099	0.999265419986542	150
"1671"	"Salt_Chao_PlosBio_2014_PID_25464340"	"X283_As75"	345	"Defense"	NA	"283_As75"	8.00568e-06	0.316937	0.0900547627521919	0.0126901220973476	0.998123425588764	0.999165549098135	150
"1677"	"Siddique_Anwer_JExpBot_2018_PID_29378065"	"sex_ratio"	132	"Defense"	NA	"sex_ratio"	7.65168e-06	0.57026	0.122767143485629	0.0105895767648047	0.996842775816766	0.999267416089526	86
"1683"	"Staskawicz_Krasileva_PlosOne_2011_PID_22194907"	"Emoy2_cotyledons"	79	"Defense"	NA	"Emoy2_cotyledons"	8.27861e-06	0.133567	2.65288220551378	0.156128955706283	0.687266758486748	0.981788472225296	57
"1684"	"Staskawicz_Krasileva_PlosOne_2011_PID_22194907"	"Emoy2_true_leaves"	70	"Defense"	NA	"Emoy2_true_leaves"	8.3568e-06	0.103362	3.33224489795918	0.171071141412022	0.581318359753519	0.979793164156889	50
"1694"	"Testerink_Julkowska_JExpBot_2016_PID_26873976"	"AREAc_2013"	147	"Development"	"Avoidance"	"AREAc_2013"	9.30051e-06	0.121963	143.76896820926	12.0207821020518	0.996568244489281	0.999279840578103	78
"1696"	"Testerink_Julkowska_JExpBot_2016_PID_26873976"	"AREAs_2013"	147	"Development"	"Avoidance"	"AREAs_2013"	9.30051e-06	0.217683	40.0830765552842	4.99948198381583	0.996568244489281	0.999280321500096	78
"1697"	"Testerink_Julkowska_JExpBot_2016_PID_26873976"	"CHLc_2013"	143	"Development"	"Avoidance"	"CHLc_2013"	9.4021e-06	0.214256	0.00594932753679347	0.000835905321673866	0.996473384471402	0.999218227897994	76
"1698"	"Testerink_Julkowska_JExpBot_2016_PID_26873976"	"CHLr_2013"	143	"Development"	"Avoidance"	"CHLr_2013"	9.4021e-06	0.115185	0.202292645904516	0.0150466539357503	0.996486302489273	0.999280321500096	76
"1699"	"Testerink_Julkowska_JExpBot_2016_PID_26873976"	"CHLs_2013"	144	"Development"	"Avoidance"	"CHLs_2013"	9.4021e-06	0.378194	0.00663989587498847	0.00120235266843812	0.9964652054321	0.999280437230782	76
"1700"	"Testerink_Julkowska_JExpBot_2016_PID_26873976"	"Dry0_2012"	156	"Development"	"Avoidance"	"Dry0_2012"	9.73151e-06	0.158192	0.00772746805008181	0.00104427148818198	0.996688561025545	0.999266981013591	81
"1701"	"Testerink_Julkowska_JExpBot_2016_PID_26873976"	"Dry500_2012"	156	"Development"	"Avoidance"	"Dry500_2012"	9.73151e-06	0.136064	0.00111731187481799	9.46347699702775e-05	0.996594463624897	0.999273325384855	81
"1702"	"Testerink_Julkowska_JExpBot_2016_PID_26873976"	"Dry500p0_2012"	156	"Development"	"Avoidance"	"Dry500p0_2012"	9.73151e-06	0.12249	0.0181645908970896	0.00182146138409698	0.996688561025545	0.998953697200533	81
"1709"	"Testerink_Julkowska_JExpBot_2016_PID_26873976"	"Fresh_min_Dry0_2012"	156	"Development"	"Avoidance"	"Fresh_min_Dry0_2012"	9.73151e-06	0.175971	0.319493528265878	0.0293253339905889	0.996661020672013	0.999236267376012	81
"1710"	"Testerink_Julkowska_JExpBot_2016_PID_26873976"	"Fresh_min_Dry500_2012"	156	"Development"	"Avoidance"	"Fresh_min_Dry500_2012"	9.73151e-06	0.10809	0.0124041928219867	0.000995086400688019	0.99668082760747	0.999280558232196	81
"1711"	"Testerink_Julkowska_JExpBot_2016_PID_26873976"	"Fresh_per_Dry0_2012"	156	"Development"	"Avoidance"	"Fresh_per_Dry0_2012"	9.73151e-06	0.178004	1.35697347169573	0.143690419109725	0.996688561025545	0.99925107962775	81
"1712"	"Testerink_Julkowska_JExpBot_2016_PID_26873976"	"Fresh_per_dry500_2012"	155	"Development"	"Avoidance"	"Fresh_per_dry500_2012"	9.76449e-06	0.12113	7.71818642049543	0.626336340967493	0.996650549503031	0.999255473359565	80
"1713"	"Testerink_Julkowska_JExpBot_2016_PID_26873976"	"Fresh0_2012"	156	"Development"	"Avoidance"	"Fresh0_2012"	9.73151e-06	0.170205	0.405880997689429	0.047059096202526	0.996688561025545	0.999234459155048	81
"1714"	"Testerink_Julkowska_JExpBot_2016_PID_26873976"	"Fresh500_2012"	156	"Development"	"Avoidance"	"Fresh500_2012"	9.73151e-06	0.112332	0.0174873926183864	0.00135803045028129	0.99667895274151	0.999260697000359	81
"1715"	"Testerink_Julkowska_JExpBot_2016_PID_26873976"	"Fresh500p0_2012"	156	"Development"	"Avoidance"	"Fresh500p0_2012"	9.73151e-06	0.120138	0.00408791605016542	0.000329817718238131	0.996688561025545	0.99889618942003	81
"1716"	"Testerink_Julkowska_JExpBot_2016_PID_26873976"	"FWc_2013"	147	"Development"	"Avoidance"	"FWc_2013"	9.30051e-06	0.175922	0.218143458761869	0.0218247989625002	0.99656153783127	0.999280585303469	78
"1717"	"Testerink_Julkowska_JExpBot_2016_PID_26873976"	"FWr_2013"	147	"Development"	"Avoidance"	"FWr_2013"	9.30051e-06	0.0973015	0.049946920398157	0.00511686654863295	0.996568244489281	0.99871524566119	78
"1718"	"Testerink_Julkowska_JExpBot_2016_PID_26873976"	"FWs_2013"	147	"Development"	"Avoidance"	"FWs_2013"	9.30051e-06	0.140902	0.0939354521789475	0.00742608588760842	0.99656153783127	0.998993476380578	78
"1719"	"Testerink_Julkowska_JExpBot_2016_PID_26873976"	"Surf0_2012"	156	"Development"	"Avoidance"	"Surf0_2012"	9.73151e-06	0.134978	218.088547123519	60.3680032392953	0.996688561025545	0.999280881528018	81
"1720"	"Testerink_Julkowska_JExpBot_2016_PID_26873976"	"Surf500_2012"	156	"Development"	"Avoidance"	"Surf500_2012"	0.000912957	0.105647	17.8952189676022	1.96086669459594	0.996688561025545	0.999258864330088	81
"1721"	"Testerink_Julkowska_JExpBot_2016_PID_26873976"	"Surf500p0_2012"	156	"Development"	"Avoidance"	"Surf500p0_2012"	9.73151e-06	0.238823	0.0332978949509671	0.00346769028823494	0.996688561025545	0.999261988254024	81
"1722"	"Testerink_Julkowska_JExpBot_2016_PID_26873976"	"WC500p0_2012"	156	"Development"	"Avoidance"	"WC500p0_2012"	9.73151e-06	0.114025	0.00345515849061935	0.000298426952684342	0.996688561025545	0.999280819451657	81
"1723"	"Testerink_Julkowska_JExpBot_2016_PID_26873976"	"WCc_2013"	147	"Development"	"Tolerance"	"WCc_2013"	9.30051e-06	0.366458	0.210552542705813	0.0210309482590384	0.996519793337091	0.999203777171205	78
"1724"	"Testerink_Julkowska_JExpBot_2016_PID_26873976"	"WCr_2013"	147	"Development"	"Tolerance"	"WCr_2013"	9.30051e-06	0.118936	0.117339064238971	0.0103293739161027	0.996568244489281	0.999142831687463	78
"1725"	"Testerink_Julkowska_JExpBot_2016_PID_26873976"	"WCs_2013"	147	"Development"	"Tolerance"	"WCs_2013"	9.30051e-06	0.113188	0.0914695198526149	0.00706467054239517	0.996535428487359	0.999279175700736	78
"1726"	"Testerink_Julkowska_PlantCell_2017_PID_29114015"	"salt_0_mM_NaCl_aLRL_vs_MRL"	336	"Development"	NA	"salt_0_mM_NaCl_aLRL_vs_MRL"	8.429e-06	0.143354	0.00120648057534088	0.000179382232529883	0.998276287833027	0.998949836151923	162
"1727"	"Testerink_Julkowska_PlantCell_2017_PID_29114015"	"salt_0_mM_NaCl_Apical"	336	"Development"	NA	"salt_0_mM_NaCl_Apical"	8.429e-06	0.195022	0.296908475278978	0.0437573739901965	0.998276287833027	0.99927118440923	162
"1729"	"Testerink_Julkowska_PlantCell_2017_PID_29114015"	"salt_0_mM_NaCl_Branched"	336	"Development"	NA	"salt_0_mM_NaCl_Branched"	8.429e-06	0.104432	0.213879016559543	0.0314657033271155	0.995018490807569	0.998796715936372	162
"1730"	"Testerink_Julkowska_PlantCell_2017_PID_29114015"	"salt_0_mM_NaCl_Depth"	336	"Development"	NA	"salt_0_mM_NaCl_Depth"	8.429e-06	0.221498	0.512107909304103	0.0775305508488049	0.998276287833027	0.999258230475092	162
"1731"	"Testerink_Julkowska_PlantCell_2017_PID_29114015"	"salt_0_mM_NaCl_LRD_vs_BZ"	336	"Development"	NA	"salt_0_mM_NaCl_LRD_vs_BZ"	8.429e-06	0.0952136	4.2330254669828	0.632303516982318	0.995018490807569	0.998746303366903	162
"1732"	"Testerink_Julkowska_PlantCell_2017_PID_29114015"	"salt_0_mM_NaCl_LRD_vs_MR"	336	"Development"	NA	"salt_0_mM_NaCl_LRD_vs_MR"	8.429e-06	0.101755	0.56882313222434	0.0827456983219195	0.998276287833027	0.99917827837154	162
"1735"	"Testerink_Julkowska_PlantCell_2017_PID_29114015"	"salt_0_mM_NaCl_LRL"	336	"Development"	NA	"salt_0_mM_NaCl_LRL"	8.429e-06	0.113894	1.04204310583778	0.153876314570783	0.998276287833027	0.999280881528018	162
"1737"	"Testerink_Julkowska_PlantCell_2017_PID_29114015"	"salt_0_mM_NaCl_MRL"	336	"Development"	NA	"salt_0_mM_NaCl_MRL"	8.429e-06	0.229576	0.61231355323575	0.090874595272314	0.998276287833027	0.999006928026516	162
"1738"	"Testerink_Julkowska_PlantCell_2017_PID_29114015"	"salt_0_mM_NaCl_MRVA"	336	"Development"	NA	"salt_0_mM_NaCl_MRVA"	8.429e-06	0.171439	90.1940216476932	15.1476362733665	0.998276287833027	0.998975942931764	162
"1739"	"Testerink_Julkowska_PlantCell_2017_PID_29114015"	"salt_0_mM_NaCl_MRVL"	336	"Development"	NA	"salt_0_mM_NaCl_MRVL"	8.429e-06	0.24212	0.490393478979772	0.0755574877545827	0.998276287833027	0.999279215713025	162
"1740"	"Testerink_Julkowska_PlantCell_2017_PID_29114015"	"salt_0_mM_NaCl_noLRpMR"	336	"Development"	NA	"salt_0_mM_NaCl_noLRpMR"	8.429e-06	0.0938085	8.12180395004217	1.28726997369793	0.993089124941571	0.99745211299694	162
"1742"	"Testerink_Julkowska_PlantCell_2017_PID_29114015"	"salt_0_mM_NaCl_PC2"	333	"Development"	NA	"salt_0_mM_NaCl_PC2"	8.43323e-06	0.118735	1.18399446911955	0.180072278967457	0.998256284144808	0.999069301772174	160
"1743"	"Testerink_Julkowska_PlantCell_2017_PID_29114015"	"salt_0_mM_NaCl_PC3"	333	"Development"	NA	"salt_0_mM_NaCl_PC3"	8.43323e-06	0.109017	0.341320316351229	0.0494638111440446	0.998256284144808	0.999190560476336	160
"1744"	"Testerink_Julkowska_PlantCell_2017_PID_29114015"	"salt_0_mM_NaCl_Straightness"	336	"Development"	NA	"salt_0_mM_NaCl_Straightness"	8.429e-06	0.108818	0.00062119725190805	0.000114128786901914	0.998276287833027	0.998689149772426	162
"1746"	"Testerink_Julkowska_PlantCell_2017_PID_29114015"	"salt_125_mM_NaCl_aLRL_vs_MRL"	336	"Development"	NA	"salt_125_mM_NaCl_aLRL_vs_MRL"	8.429e-06	0.114288	0.00809648399498338	0.00117869729444851	0.998276287833027	0.998389762028489	162
"1749"	"Testerink_Julkowska_PlantCell_2017_PID_29114015"	"salt_125_mM_NaCl_Branched"	336	"Development"	NA	"salt_125_mM_NaCl_Branched"	8.429e-06	0.162681	0.225410536738033	0.0333063801726808	0.995018490807569	0.998794317208383	162
"1750"	"Testerink_Julkowska_PlantCell_2017_PID_29114015"	"salt_125_mM_NaCl_Depth"	336	"Development"	NA	"salt_125_mM_NaCl_Depth"	8.429e-06	0.101181	0.231150185733626	0.0340569361163245	0.998276287833027	0.999280775228451	162
"1751"	"Testerink_Julkowska_PlantCell_2017_PID_29114015"	"salt_125_mM_NaCl_LRD_vs_BZ"	336	"Development"	NA	"salt_125_mM_NaCl_LRD_vs_BZ"	8.429e-06	0.0928486	4.34675442987175	0.649351907553725	0.995018490807569	0.998792260660869	162
"1752"	"Testerink_Julkowska_PlantCell_2017_PID_29114015"	"salt_125_mM_NaCl_LRD_vs_MR"	336	"Development"	NA	"salt_125_mM_NaCl_LRD_vs_MR"	8.429e-06	0.0932797	1.45253505260404	0.217900075640366	0.998276287833027	0.999234463105455	162
"1754"	"Testerink_Julkowska_PlantCell_2017_PID_29114015"	"salt_125_mM_NaCl_LRL_vs_noLR"	336	"Development"	NA	"salt_125_mM_NaCl_LRL_vs_noLR"	8.429e-06	0.0935012	0.0135419818314651	0.00196296508820722	0.998276287833027	0.999276754223778	162
"1755"	"Testerink_Julkowska_PlantCell_2017_PID_29114015"	"salt_125_mM_NaCl_LRL"	336	"Development"	NA	"salt_125_mM_NaCl_LRL"	8.429e-06	0.104088	0.788758708345922	0.121880923089909	0.998276287833027	0.999208493379745	162
"1757"	"Testerink_Julkowska_PlantCell_2017_PID_29114015"	"salt_125_mM_NaCl_MRL"	336	"Development"	NA	"salt_125_mM_NaCl_MRL"	8.429e-06	0.0837774	0.344469996053726	0.0523963753526127	0.998276287833027	0.99912444442164	162
"1758"	"Testerink_Julkowska_PlantCell_2017_PID_29114015"	"salt_125_mM_NaCl_MRVA"	336	"Development"	NA	"salt_125_mM_NaCl_MRVA"	8.429e-06	0.193637	70.7915132702746	10.5400875880436	0.998276287833027	0.999134847533412	162
"1759"	"Testerink_Julkowska_PlantCell_2017_PID_29114015"	"salt_125_mM_NaCl_MRVL"	336	"Development"	NA	"salt_125_mM_NaCl_MRVL"	8.429e-06	0.0954212	0.239404793125032	0.0396358582089386	0.998276287833027	0.999205861760452	162
"1760"	"Testerink_Julkowska_PlantCell_2017_PID_29114015"	"salt_125_mM_NaCl_noLRpMR"	336	"Development"	NA	"salt_125_mM_NaCl_noLRpMR"	8.429e-06	0.114238	10.6499429683306	1.71538518089256	0.996421166730347	0.998998390197086	162
"1761"	"Testerink_Julkowska_PlantCell_2017_PID_29114015"	"salt_125_mM_NaCl_PC1"	333	"Development"	NA	"salt_125_mM_NaCl_PC1"	8.43323e-06	0.147769	2.4450950597641	0.426722238647249	0.998256284144808	0.999201906717646	160
"1762"	"Testerink_Julkowska_PlantCell_2017_PID_29114015"	"salt_125_mM_NaCl_PC2"	333	"Development"	NA	"salt_125_mM_NaCl_PC2"	8.43323e-06	0.365516	1.20405737971643	0.182126173974929	0.998256284144808	0.998839720991677	160
"1763"	"Testerink_Julkowska_PlantCell_2017_PID_29114015"	"salt_125_mM_NaCl_PC3"	333	"Development"	NA	"salt_125_mM_NaCl_PC3"	8.43323e-06	0.0925467	1.15680083873475	0.172108747051695	0.998256284144808	0.999260775283405	160
"1764"	"Testerink_Julkowska_PlantCell_2017_PID_29114015"	"salt_125_mM_NaCl_Straightness"	336	"Development"	NA	"salt_125_mM_NaCl_Straightness"	8.429e-06	0.389456	0.000917670606013626	0.000139576845032519	0.998265970429377	0.9991164025296	162
"1766"	"Testerink_Julkowska_PlantCell_2017_PID_29114015"	"salt_75_mM_NaCl_aLRL_vs_MRL"	336	"Development"	NA	"salt_75_mM_NaCl_aLRL_vs_MRL"	8.429e-06	0.0912657	0.00547251741979613	0.000832224781962447	0.998276287833027	0.996476839740047	162
"1767"	"Testerink_Julkowska_PlantCell_2017_PID_29114015"	"salt_75_mM_NaCl_Apical"	336	"Development"	NA	"salt_75_mM_NaCl_Apical"	8.429e-06	0.150504	0.158328972530731	0.0234606179854457	0.998276287833027	0.99857184225827	162
"1772"	"Testerink_Julkowska_PlantCell_2017_PID_29114015"	"salt_75_mM_NaCl_LRD_vs_MR"	336	"Development"	NA	"salt_75_mM_NaCl_LRD_vs_MR"	8.429e-06	0.0926621	1.17216066465581	0.173434520020555	0.998276287833027	0.99896870205561	162
"1773"	"Testerink_Julkowska_PlantCell_2017_PID_29114015"	"salt_75_mM_NaCl_LRL_vs_MRL"	336	"Development"	NA	"salt_75_mM_NaCl_LRL_vs_MRL"	8.429e-06	0.0933271	0.337981078513673	0.0520536936732929	0.998276287833027	0.998983105696759	162
"1774"	"Testerink_Julkowska_PlantCell_2017_PID_29114015"	"salt_75_mM_NaCl_LRL_vs_noLR"	336	"Development"	NA	"salt_75_mM_NaCl_LRL_vs_noLR"	8.429e-06	0.0900515	0.0277661134979488	0.00414877036407294	0.998276287833027	0.999204567348004	162
"1775"	"Testerink_Julkowska_PlantCell_2017_PID_29114015"	"salt_75_mM_NaCl_LRL"	336	"Development"	NA	"salt_75_mM_NaCl_LRL"	8.429e-06	0.0884401	8.79485297931771	1.38645732321903	0.998276287833027	0.999275584317255	162
"1776"	"Testerink_Julkowska_PlantCell_2017_PID_29114015"	"salt_75_mM_NaCl_MRL_vs_TRS"	336	"Development"	NA	"salt_75_mM_NaCl_MRL_vs_TRS"	8.429e-06	0.0892251	0.0239766497870963	0.00399528401225855	0.998276287833027	0.999280214313194	162
"1777"	"Testerink_Julkowska_PlantCell_2017_PID_29114015"	"salt_75_mM_NaCl_MRL"	336	"Development"	NA	"salt_75_mM_NaCl_MRL"	8.429e-06	0.142635	0.818081605030736	0.123956834851597	0.998276287833027	0.998009651700316	162
"1778"	"Testerink_Julkowska_PlantCell_2017_PID_29114015"	"salt_75_mM_NaCl_MRVA"	336	"Development"	NA	"salt_75_mM_NaCl_MRVA"	8.429e-06	0.117193	83.2644116424358	12.6623476916905	0.998276287833027	0.999213476301222	162
"1779"	"Testerink_Julkowska_PlantCell_2017_PID_29114015"	"salt_75_mM_NaCl_MRVL"	336	"Development"	NA	"salt_75_mM_NaCl_MRVL"	8.429e-06	0.178851	0.662697001331067	0.102642455473356	0.998276287833027	0.999270319465963	162
"1780"	"Testerink_Julkowska_PlantCell_2017_PID_29114015"	"salt_75_mM_NaCl_noLRpMR"	336	"Development"	NA	"salt_75_mM_NaCl_noLRpMR"	8.429e-06	0.120007	33.695331670309	5.03052557910917	0.996822686682158	0.998981396406548	162
"1781"	"Testerink_Julkowska_PlantCell_2017_PID_29114015"	"salt_75_mM_NaCl_PC1"	333	"Development"	NA	"salt_75_mM_NaCl_PC1"	8.43323e-06	0.118413	4.67551804892255	0.779533811626278	0.998256284144808	0.999184574934409	160
"1782"	"Testerink_Julkowska_PlantCell_2017_PID_29114015"	"salt_75_mM_NaCl_PC2"	333	"Development"	NA	"salt_75_mM_NaCl_PC2"	8.43323e-06	0.129698	1.80563249959733	0.265945633224171	0.998256284144808	0.999229378165706	160
"1783"	"Testerink_Julkowska_PlantCell_2017_PID_29114015"	"salt_75_mM_NaCl_PC3"	333	"Development"	NA	"salt_75_mM_NaCl_PC3"	8.43323e-06	0.253738	1.38430907357348	0.210893102851464	0.998256284144808	0.998900570775525	160
"1784"	"Testerink_Julkowska_PlantCell_2017_PID_29114015"	"salt_75_mM_NaCl_Straightness"	336	"Development"	NA	"salt_75_mM_NaCl_Straightness"	8.429e-06	0.137982	0.000991192249600865	0.000154578532625166	0.998276287833027	0.99928041956432	162
"1785"	"Testerink_Julkowska_PlantCell_2017_PID_29114015"	"salt_75_mM_NaCl_TRS"	336	"Development"	NA	"salt_75_mM_NaCl_TRS"	8.429e-06	0.0894102	11.707234605796	1.80009577368492	0.998276287833027	0.999258864330088	162
"1792"	"Vosman_Broekgaarden_PlosOne_2015_PID_26699853"	"Oviposition_rate_eggs_female"	340	"Defense"	NA	"Oviposition_rate_eggs_female"	8.40395e-06	0.126144	0.781122095129895	0.123311323222263	0.998213942193068	0.999207178948823	163
"1795"	"Vreugdenhil_Bac-Molenaar_PlaCelEnv_2016_PID_26138664"	"drought_A0"	320	"Development"	NA	"drought_A0"	8.44835e-06	0.135635	6.0359106248188	0.867102407854326	0.998213281126741	0.99819359035062	156
"1797"	"Vreugdenhil_Bac-Molenaar_PlaCelEnv_2016_PID_26138664"	"drought_projected_leaf_area_day_11"	320	"Development"	"Avoidance"	"drought_projected_leaf_area_day_11"	8.44835e-06	0.132131	28.2983463033135	4.09044520519114	0.998211182741765	0.999265279292456	156
"1801"	"Vreugdenhil_Bac-Molenaar_PlaCelEnv_2016_PID_26138664"	"drought_projected_leaf_area_day_20"	320	"Development"	"Avoidance"	"drought_projected_leaf_area_day_20"	8.44835e-06	0.882151	3745.81510526839	610.91567345857	0.998213281126741	0.99928041956432	156
"1811"	"Vreugdenhil_Bac-Molenaar_PlaCelEnv_2016_PID_26138664"	"drought_Water_Content_24"	320	"Development"	"Avoidance"	"drought_Water_Content_24"	8.44835e-06	0.110864	0.000151051715582429	2.26030686084559e-05	0.998202628529095	0.997394203061849	156
"1813"	"Vreugdenhil_Bac-Molenaar_PlaCelEnv_2016_PID_26138664"	"projected_leaf_area_day_11"	319	"Development"	"Avoidance"	"projected_leaf_area_day_11"	8.44835e-06	0.11344	26.4939001204413	3.83545696626011	0.998212437448639	0.999271187925411	156
"1817"	"Vreugdenhil_Bac-Molenaar_PlaCelEnv_2016_PID_26138664"	"projected_leaf_area_day_20"	319	"Development"	"Avoidance"	"projected_leaf_area_day_20"	8.44835e-06	0.153396	5026.08136257242	707.864375073408	0.998213281126741	0.99925107962775	156
"1819"	"Vreugdenhil_Bac-Molenaar_PlaCelEnv_2016_PID_26138664"	"projected_leaf_area_day_24"	319	"Development"	"Avoidance"	"projected_leaf_area_day_24"	8.44835e-06	0.124366	33118.5908207316	4576.12288533049	0.998213281126741	0.999226183446934	156
"1827"	"Vreugdenhil_Bac-Molenaar_PlaCelEnv_2016_PID_26138664"	"Water_Content_24"	319	"Development"	"Avoidance"	"Water_Content_24"	8.44835e-06	0.140853	9.86470106585981e-05	1.50289047618989e-05	0.998213281126741	0.998477324586645	156
"1830"	"Weigel_Exposito-Alonso_NatEcoEvo_2018_PID_29255303"	"Survival_insitu_Tubingen"	210	"Development"	NA	"Survival_insitu_Tubingen"	1.5591e-05	0.191361	0.013559960916726	0.00297014587531773	0.704255399201047	0.9494278926561	210
