,rFitness_mhi,rFitness_mhp,rFitness_mli,rFitness_mlp,rFitness_thi,rFitness_thp,rFitness_tli,rFitness_tlp,rSurvival_fruit_mhi,rSurvival_fruit_mhp,rSurvival_fruit_mli,rSurvival_fruit_mlp,rSurvival_fruit_thi,rSurvival_fruit_thp,rSurvival_fruit_tli,rSurvival_fruit_tlp,rSeeds_mhi,rSeeds_mhp,rSeeds_mli,rSeeds_mlp,rSeeds_thi,rSeeds_thp,rSeeds_tli,rSeeds_tlp
FT10,-0.0299848166630988,-0.0091773895265623,-0.0552764325662147,-0.030504867733822,-0.0520170536612471,-0.0878845558230973,0.0209829519098099,0.0122382861822705,0.0455208218283592,0.0547338350197069,-0.111153891395947,-0.0703056044223502,0.0422432114686522,-0.00705731218980112,0.0115645759706591,0.025078621133721,-0.0222431047547833,-0.0210064147747302,-0.131723582014872,-0.113849609744147,-0.0482069655660138,-0.0627823847345217,0.032371411021699,-0.0449683295431201
FT16,-0.0139875276493335,0.00929815687784091,-0.0261043414628956,0.0293154013514888,-0.0312007387051034,-0.0373596327291785,0.0332235075782373,0.0192152019938938,0.0442550047110144,0.0605484134706597,-0.0442205120793088,-0.0093421517753251,0.0445635958240134,0.0285961385905106,0.0285878503213591,0.0540985778442026,-0.0175211961669649,0.000995948067296753,-0.122089261663896,-0.0654707903324407,-0.0242299344442373,-0.0615456884192863,0.042433688124005,-0.0689025028464036
DSDS10,0.0170349861420549,0.0258901114601741,0.0729551882631454,0.0991934042318252,0.0367634199193991,0.0879108500567705,0.0887184721724749,0.00624826245848733,-0.00434918164833634,0.00349496545486618,0.235512611438921,0.0536343205235192,0.00261451014422013,0.0678816385742865,0.145755329399213,-0.0169301044488544,0.0193733464307484,0.0227445979354737,0.135692331110044,0.100272610462657,0.0338397840796316,0.0172563682582878,0.0429353963082174,-0.0154707773416982
DSDS50,0.0108160097832083,0.0351684115187678,0.0430857212913034,0.0588368172213201,0.0517792931854418,0.114213221622587,0.0760504769189801,0.0449388180301766,-0.00889519600513239,0.00519547160501629,0.197874870259094,0.0182295706511174,-0.00263446109422277,0.0724247311538318,0.152569375832179,0.0263953901769152,0.0172237050238224,0.0282140182480987,0.141142231005755,0.077420372960095,0.0550994877552787,0.0301446240052991,0.0355592279745339,0.0276697349978282
DSDS90,0.0100081939842568,0.0237396770806559,0.0612295991910566,0.0174494453821088,0.0732867972333384,0.0900620070001837,0.0644238349422362,0.0482334784024232,-0.00870104719775125,-0.00368987101646999,0.216674194289917,-0.00977604131706009,0.00455682687079893,0.0488576934187989,0.125855247614559,0.0391229067309146,0.0160988155486829,0.0257419036511286,0.165243849000503,0.0591237128740227,0.0685437137416258,0.0296377355289894,-0.0357967731399011,0.0181816777853675
FT,-0.0667853653370066,-0.0752488079194318,-0.149193787099705,-0.0367323303041105,-0.0867964414100291,-0.173673435424477,-0.044543318283511,-0.0339804179594581,0.00231844102086808,0.0161404977887045,-0.263832145576618,-0.0377167749716792,-0.0218832460046598,-0.081282427034941,-0.0633397658750465,-0.0199427981617278,-0.061964297877848,-0.0958491155227176,-0.259120582197331,-0.0744760920532146,-0.0650432065456375,-0.0790496792440489,0.144268706927548,-0.0545595090675383
GAS,-0.0297137154080788,-0.0607818974667956,-0.0211023074475862,-0.0242512149170158,-0.0157557666428465,0.0154464538108506,-0.0867826065400097,0.0814103505222909,-0.00403265105608307,-0.0374377052388049,-0.0828559584477397,-0.0192713972284303,0.00468337015700126,0.00624468395840439,-0.0510822288269509,0.0457790073186321,-0.0234735319726679,-0.0228084191153032,-0.0128011012941725,0.0485471611940579,-0.0194583897974855,0.0032188010388816,-0.00947254450912552,-0.126081394269881
SS,-0.0591791969263714,-0.021124208997449,-0.0447858099677479,0.028340635849037,-0.0114078920413176,-0.108255496428699,-0.00116354304689043,-0.0548385385978443,-0.0161929054215078,0.0161820426829679,-0.0682419242245577,0.0403506647457169,0.00610998670051514,-0.0668947384031318,-0.0217236434470155,0.0115170259854665,-0.0368931174673829,-0.0391172911247752,-0.11306229812608,-0.010188540120026,-0.0179092448549952,-0.0223723175576304,0.148354708485881,-0.172311312714294
t10,0.0154835949350947,0.0403311533926505,0.0032882458152468,-0.0126279547128418,0.0605213303461021,0.0409251075488192,-0.0217334817493238,0.00122024141574305,-0.00957394855035583,0.00388893832818233,0.0882135415016296,-0.0291095972214057,0.0192137023617926,0.0113982453588324,0.036751520947628,0.0158445754457896,0.0204801535740538,0.0367913525444453,0.0203875971627786,-0.0286422118472528,0.0436264864858773,0.0187880465483432,-0.261260851607991,0.0230623875452314
t50,0.0135653179670765,0.0297346619780755,-0.00101179697476379,0.00551675395673915,0.0431868614589961,0.0331271987616027,-0.0123545378296239,-0.0702260804698275,-0.00542207880646641,0.00608299048438241,0.0619952597934676,0.0174126912870721,0.0144092432263019,0.0172260123768355,0.0331233884423018,-0.063745968025955,0.0151273314751516,0.021115883501322,0.020438216961041,-0.00918381028581524,0.0300193818089067,0.0072361829064311,-0.273254735130929,0.00173106388736661
U8416,-0.00223340173440403,-0.0196878055069448,-0.00571411296455243,0.0326981081575224,-0.0312926957587606,-0.0203369312696441,0.0064700455118872,-0.174679513614822,0.00385724321830068,0.00668456264127848,-0.0436516787639074,0.0966821654392949,-0.00550292178651284,0.0108228660860115,-0.0117107932763567,-0.189684076913265,-0.00526386707918309,-0.0331226241350207,0.00578645284795184,0.0300556731116219,-0.0272798130143001,-0.0269701606608166,-0.0962116122813394,-0.0452277960327035
HL23_mm_,1.43828604648142,1.42999636968715,0.884253066046269,0.560761869815662,1.52894939834526,1.6000084473475,1.40719610894732,0.79884947321182,1.4827141478567,1.42419786608595,1.10124294020151,0.70758916833017,1.56532516774006,1.58009753916491,1.45866005743305,1.00963776789812,1.31945151174635,1.58943232411899,0.288719105760394,0.144446365060514,1.51632999594579,1.37492354029511,0.843999218892852,0.375585508668092
HL27_mm_,0.0537597879649525,0.163096921740435,-0.0264286536779338,-0.238302019945774,0.160302621763749,0.133432412823364,0.128018025270155,0.112789099323574,0.056029279675281,0.0948557130850678,0.0144319336064407,-0.157690098497422,0.136209299852839,0.126631252301436,0.0554951800567106,0.189034892860901,0.0923837450869239,0.188151798659125,-0.0850692190265407,-0.159386471537458,0.128999630589409,0.0995730609071547,-0.0688364079684975,-0.0598208546696315
SensHL,-1.17534143515405,-1.04962571141404,-0.787073290789967,-0.738128434618047,-1.13716361159209,-1.22612997181776,-1.06716695153314,-0.562643069636165,-1.2108727894136,-1.1188744399599,-0.928974253748354,-0.77742158134327,-1.19435539656261,-1.21698090754659,-1.18975696112656,-0.660655761704902,-1.03119682766938,-1.15835415094742,-0.34082507432993,-0.295745260013858,-1.16030510314505,-1.07048541282714,-0.797082141680506,-0.386272376014729
VarTemp,-0.682498038803983,-0.631788420610071,-0.376084124447472,-0.425590041192531,-0.674673262006772,-0.837392322898286,-0.564545297048069,-0.409598175430018,-0.732667002819699,-0.65446799191874,-0.463856684212754,-0.487511515641777,-0.729744689901359,-0.799355097534146,-0.644380843064999,-0.41226149083584,-0.605975836459117,-0.73040427677005,-0.183823092384583,-0.240388798101358,-0.688338753386232,-0.675361678140376,-0.565367652583109,-0.303130816962597
G2H3B,0.0408700719623399,0.0132693960542648,0.0389026970233286,0.0248195563405359,0.030882884811664,0.0234055561280835,0.0171048541968305,-0.0547424241206198,-0.0121446694334863,0.00281900047207432,0.0275609304581471,0.0374859445705838,-0.00169785011446955,0.00999538935188692,-0.000784483015916054,-0.00112853246964629,0.0441812666071442,0.013504464706931,-0.0241882067283536,0.104513352426267,0.0354093724760835,0.0183754028784061,-0.0534912044495689,0.0182764759108368
G2H4P,0.0512140508829817,0.0106581067368705,-0.0446849953807545,0.00428470045454111,0.0374105096645122,0.0392718018442277,-0.0439087232376164,-0.0748584856025662,0.0093371254514905,-0.00330000022172136,-0.0297575280678487,0.0254185044052981,-0.0237654699327827,0.029951190281731,-0.0564356175245236,-0.0561924888061575,0.0351458533434358,0.0170552146304636,-0.0884965513763619,0.0482089216780704,0.0650551936915546,0.0171570264305803,0.0328632053533599,0.0632964413773271
G2P,-0.0946588332582601,-0.0186762134147885,0.0880558061937052,0.00380152011859982,-0.0573798006467509,0.0317899940831334,0.0885148214474977,0.0436399494091201,-0.0399867142938239,-0.0289129490423341,0.0951550710109098,-0.0700854796536903,0.00163812889619978,0.0477807130276083,0.0188188945388058,0.0146205963688653,-0.0491378888032098,0.00596941375736017,0.0110667239296891,-0.017101159749348,-0.0569546588784181,-0.017517605623745,0.104786954604624,-0.116234220585562
G3B,-0.091076652047337,-0.0219278605712726,0.0598739450648449,0.102113055759385,-0.0427502329082545,0.0257348282092032,0.0944133261846231,-0.0658977424686862,-0.0433143788567915,-0.0269254759246085,0.0717897264667477,0.0237120885866944,-0.0078950402831473,0.0357718112663778,0.0201395802432367,-0.0413863388637999,-0.0416434464779348,0.00305956216418595,-0.084719367342052,0.0687467495477887,-0.0343512909062103,-0.0136037903277861,0.0909482000820312,-0.108705400126305
G3BOP,0.0400815011267614,0.0580618199893845,0.0810127564561379,-0.0677519464726401,0.047028101357625,0.0803219996855355,-0.0278157835792562,0.0252817896602678,0.00117011320281884,0.00424713129540817,0.100758022575691,-0.0846745448101653,0.0100441233904852,0.0297867012886301,-0.0469569831955843,0.0237560702902032,0.0331316742239684,0.0548526354651544,0.185791987249352,-0.0413619238094757,0.0394294406380156,0.0698528452664412,-0.165224673865697,0.0657822951772925
G3HP,0.0911927886517271,0.0528894530454866,-0.0680461591630733,0.146994638706735,0.0513717374026771,0.0152970484747509,-0.0337051071016137,0.0254196923741224,0.0155826398560488,0.0284427521209083,-0.0216925020453164,0.149000270248323,-0.00983392953083747,-0.0154666736941793,-0.0265409809340862,0.0377143492444623,0.0637463449367164,0.0249012594551835,0.118547891217024,0.149460166783917,0.0614651464934367,0.0358444376295696,0.0441183858000037,0.105242075411656
G3MSP,0.0859169080894594,0.0315558332609365,-0.0945991225208845,-0.0896122160040526,0.0733310098115399,0.0160394567591721,-0.0859179016664292,0.0425078807572285,0.0237344075161485,0.0351359768483122,-0.0412751136685617,-0.025280706907123,-0.00198336336749031,-0.0469802377275435,-0.07944896343295,0.00180180313851652,0.0556075949776608,-0.00068689258190976,0.182569045358573,-0.0590334359509799,0.0713327583630154,0.0613119011714009,-0.0312446814406278,0.0459071116323071
G3MTP,-0.0676251265588999,-0.0275272986024527,0.0918391729510281,0.0614545040782189,-0.00745980522299671,0.021092843740603,0.0714801203310874,0.0252091612661129,-0.0298243344005086,-0.0346034410915674,0.0451017060789368,0.00202905600745706,-0.000433137624841643,-0.0049535244202732,0.0141031556226279,0.0536510265958528,-0.0339575249118789,-0.00105769845904612,0.116308811914885,0.0618399396694258,-0.0128409918293542,0.0166247479058888,0.0398721460744411,-0.136961626190209
G4BOB,-0.0750998840927959,0.0156120565459155,0.00784363128221671,-0.0170275935905897,-0.0395171803300376,0.0469198178189229,0.0300662081324453,-0.0206391084351061,-0.0395852339560871,0.022101137024299,-0.0327710327728695,-0.0821134626943175,0.00430586565927666,0.0527542038664698,0.00341579845639914,-0.0260990899615292,-0.0328519443634385,-0.00782711097367397,-0.0954967183749056,-0.0381069296035323,-0.0421388022943222,0.00805798788180317,0.0369764356180172,-0.04210473364087
G4HB,0.0143523444417078,-0.0132022442583205,0.0162609022532055,0.0991340023786305,-0.0279986642245493,0.00829569095870969,-0.107535164929833,0.00619819925160028,-0.0173304575465201,-0.000668146669247397,0.080984320098167,-0.0492754875350558,-0.0170900397756741,0.00513729294452088,-0.082369233018551,0.0745362445893843,0.0302843687857869,-0.0152646595879048,0.0571476931810637,0.0229160693962733,-0.00957950248966575,0.00142907827361649,-0.279893205718397,-0.0730897012383683
G4MSB,0.0486472671730995,0.0227504678658893,-0.0410239090624594,-0.159215052759059,0.0193531647531236,2.26652036901241e-05,-0.0111150445094981,-0.0598341493398545,0.0222656778156127,0.0352515333938734,-0.0993105039615725,-0.10429871197118,0.00551790140451063,0.0102041574678534,0.0321407925054799,-0.0426779629115246,0.0246167697173476,-0.0104563759883477,-0.00775041552856517,-0.0832770361835295,0.012577886942363,0.000453899923196518,-0.139457073060455,0.118751536474347
G4MTB,0.00710588215068247,0.0028397484726594,-0.145935016743261,-0.12557979478906,0.0242792150841004,-0.000905728968900338,-0.0378753123329468,0.0306226320196592,0.0168411101511835,0.0326441121385518,-0.152032140664071,-0.0998882306971707,0.0116923111449595,0.0232939436674481,-0.0178709649756469,0.0213093373019207,-0.00616231859907753,-0.024587599511084,-0.152000478778444,-0.106191839351582,0.0169250754746776,-0.016670007780659,0.0239460666290538,0.121889669512136
G4P,-0.00439903243698578,0.0113797625186748,0.056294415706983,0.123963694943748,-0.00552621596368786,0.027238927271868,0.0215063885011318,-0.0684194342015415,-0.0317934917047622,0.00580302312269393,0.0402159276170884,0.0529188317923084,-0.0185010871322922,0.0231621650871216,-0.0121945189312214,-0.0426352529185754,0.026898599779998,0.0102269439628368,0.0300280170028117,0.107985777450277,0.0122111770349031,0.00759492011934745,-0.00143937013018698,-0.0193263210028834
G5MSP,0.0291309843920591,0.020546347290117,-0.0811216479217417,-0.0953259388589956,-0.00634334056115031,-0.00577707339856233,-0.0561532210250471,-0.0276361213895143,0.0129555197021579,0.026513104462179,-0.110299094970665,-0.0345486494663215,-0.00752608110370669,0.0187123657472561,-0.000445915157267101,-0.0360349097107707,0.0167254428053542,0.00357969779647828,-0.0877485126435818,-0.00676396554167197,-0.000984905953679402,-0.0210275278387593,0.0235559025678771,0.152958402821052
G5MTP,0.0264344295616968,0.00210891685568058,-0.125123143251256,-0.0797492569408908,0.0101096404540166,-0.0164539224967115,-0.0300704238783512,0.00643093866311345,0.0260425614317649,0.0339660395231537,-0.131757320595448,-0.0878593715558475,0.00973252917360502,-0.0033675302884888,0.00882161967447108,0.0181806889686204,0.00446677238783082,-0.0277690653456234,-0.130081890444839,-0.0956603315873012,0.00527108427620043,-0.00731645426572054,0.00475742024514769,0.158884266549944
G6MSH,0.0244073665056318,0.018685910011896,0.057407374442664,-0.0616902119722485,0.0324769251445834,0.0733968836544323,0.0139311037881355,0.0382392101945264,-0.0195179083506841,0.047018335309907,-0.06556558860981,-0.0461043898266699,-0.00111004557482552,0.0268965156874672,0.00869299371721878,-0.0174607795340177,0.0400191546230298,-0.0178394145597852,0.0650815097572989,0.013642389738964,0.0321836824917696,0.0538996857393679,0.0752737932319321,0.0384738259151637
G6MTH,-0.0597531732216544,0.00471018678703841,-0.126834496731733,-0.00775712285933929,-0.0551970720663315,0.0281054356129108,-0.00533043661892048,0.0794490963125464,-0.0389449516442596,-0.0107254744002744,-0.0278636761102054,-0.0486084523810709,0.000555195393952444,0.00245904871946973,-0.0300862930270276,0.0432581335567707,-0.0230713674782065,0.0165767620813394,-0.103853964406341,-0.0750906253157398,-0.0530513157955939,0.0178489749907756,0.137263106555966,0.065924343508856
G7MSH,-0.0581927218788921,0.00892237191248525,-0.0151029241807074,-0.0477479019506618,-0.0205062776097848,0.0730895486440747,0.0195133501751078,0.02459007142629,-0.0377667164676331,0.0190215034588314,-0.0388991240494179,-0.0488338703591056,-0.0033961935795075,0.0362844403162152,-0.000576777914111275,-0.054731207350163,-0.0152621868056255,-0.00316783080385431,0.0182239511991357,-0.0197945834657434,-0.0136118223705304,0.0446908150680775,0.155848814416242,-0.0205287792054107
G7MTH,-0.0767904375501168,-0.0264596158188399,0.0671131798825426,0.0276124301272067,0.00252729416703109,0.0357112561364284,0.0723113767731631,0.0719194679526339,-0.0573238667300397,-0.0359125660648633,0.00305949184888459,0.00109950647171209,0.0172958762933642,0.0110078727092185,0.0374484928481406,0.0368837228875686,-0.0191029992831002,-0.00263004994017775,0.055202588274036,0.0247248673821446,-0.00920026068066476,0.0200925736540722,0.0026945988396274,0.0472437211461277
G8MSO,-0.0689350469836722,0.0170894571004007,0.0310410722155533,-0.0542375036557657,-0.0152824933838965,0.0424053240108651,0.0248353718649034,0.0240115001731125,-0.0345285119447616,0.022943956189948,-0.0359391204208563,-0.129688432974285,0.0158236356023832,0.0554357335318811,0.00357659225372078,0.0073213597284402,-0.0315378366097889,-0.00834060859701576,-0.0858775764000132,-0.0994281389580945,-0.0258311641737745,-0.000240020358571249,0.0615635865664423,0.0298325664136694
G8MTO,-0.0655229408938192,0.00320695880058484,0.0195349241054028,0.0166421068468468,-0.00333325596915728,0.0220042223399402,0.0886346360332741,0.0691887363968639,-0.0413979192674201,-0.0148787032294216,-0.0380764992542245,-0.064277459830833,0.0141695031064651,0.0102987862602659,0.0418263305120167,0.0277967896336738,-0.021961487282998,0.00693448665813989,0.0535934133027527,-0.0512898833420967,-0.0131976738477705,0.0028650700952481,0.0658197583708811,0.0230817729087556
X16S_OTU0_1,0.250983793553241,0.237952031619532,0.143117365799792,0.0605062166858393,0.328242553300818,0.304174835796879,0.215437425964474,0.131549040176144,0.26828742168468,0.275616521320374,0.211534930615912,0.055937756448354,0.28501483727204,0.325885349968656,0.189106507318127,0.140510722473987,0.233561014520605,0.242097130857824,-0.0490695589096153,-0.070749178731326,0.334252339188842,0.233794461861126,0.041076554849055,0.166912566092377
X16S_OTU10_11,-0.425854545465617,-0.342452216092622,-0.347761452954158,0.0216480275705142,-0.387331976846942,-0.363325117708779,-0.256944646878593,-0.0967633241442277,-0.415898206797374,-0.316361025914037,-0.389185224422547,-0.159018528510013,-0.370726225490942,-0.394766623010384,-0.239795655968479,-0.103540301637225,-0.329900171948797,-0.408212456208057,-0.220349166736103,0.0734171276623154,-0.378212635467379,-0.302280816309259,-0.303464627247599,0.0957766343001224
X16S_OTU101_102,-0.194114320279673,-0.201301607132937,-0.0295641261980792,-0.0985685824888181,-0.272390598454377,-0.248664743339159,-0.267842521160581,-0.0832680953475994,-0.176769971909265,-0.142184989928522,-0.0998202252569037,-0.0746725695659885,-0.230778832980581,-0.217446748879594,-0.214282626325945,-0.0889888989592969,-0.169648938569517,-0.241795908875432,-0.00717061284940375,0.00357331287204352,-0.21687996119988,-0.183020647584636,-0.317868670321734,0.0725816597287449
X16S_OTU1026_1027,-0.146209527202254,-0.110037480900662,-0.240640275473027,0.0465635634865136,-0.172086131262326,-0.132620466708157,-0.207474874781995,-0.230504391071052,-0.151996662384008,-0.171120842929989,-0.175274935169038,0.0369832066396861,-0.197938805967773,-0.13728768826067,-0.195078417050442,-0.222994126535452,-0.13711891993084,-0.093874166615733,-0.0456006756288169,0.0133440496118474,-0.124932850477118,-0.149433336894806,0.137439741071434,0.00905995244445248
X16S_OTU1037_1038,0.329130325545205,0.349232055787704,0.273306803147889,0.146617391757858,0.33870344804735,0.311974464516005,0.310280193928392,0.172891719907434,0.373304813553127,0.400045687153021,0.284763233548394,0.186207210466204,0.365734760107602,0.296669403543145,0.309043831005403,0.236979160796781,0.276717708393325,0.293634817246414,0.095433067664986,-0.0166882190990153,0.326422538337913,0.356803314990465,0.176796570149598,0.119341728217174
X16S_OTU104_105,-0.405916236574352,-0.368349894429363,-0.218959226584194,-0.181798384575532,-0.394004874252236,-0.412293359009674,-0.491183254056941,-0.342184810803425,-0.414683555676444,-0.34815685412941,-0.248220547840747,-0.186667467386394,-0.420233988911897,-0.413261525335609,-0.47394402200403,-0.433023741347713,-0.352202932420622,-0.443903907959289,-0.0693762369503956,-0.0422236561406625,-0.381060611364167,-0.344803489591254,-0.369594160519827,-0.14598018175903
X16S_OTU1076_1077,1.0393124543857,0.987754806139166,0.616842732413563,0.278787528102141,1.06204559304081,1.00582555318251,0.965061638637394,0.688255572229962,1.07980222489893,1.03917816947215,0.866757444193863,0.413290156100984,1.10516051187021,1.0352125843682,0.956072026489085,0.761259617422539,0.926064361891038,1.04721373340922,0.206038954270804,-0.0884210634162039,1.05764459142319,0.934322611774176,0.51288193286518,0.318633739995784
X16S_OTU11_12,-0.403053151424673,-0.355115423347667,-0.376519629931811,-0.228332337457437,-0.377051042537449,-0.383100711655085,-0.369569023302728,-0.128092572556604,-0.403966780567576,-0.36185444640654,-0.41455281787679,-0.37642268257894,-0.377047590965241,-0.420851591275577,-0.409521787652034,-0.122098120735445,-0.336779005610436,-0.397891390921539,-0.176710671123477,-0.115264456700765,-0.397649594343023,-0.31212321011594,-0.290868483298107,0.0597937082485249
X16S_OTU110_111,-0.602362931471633,-0.483840058724202,-0.436010563297832,-0.261710877471735,-0.548047590120923,-0.50364938102952,-0.452670380233492,-0.250146891041574,-0.551885491196819,-0.485583413251673,-0.478509804550575,-0.409365486486028,-0.576789651527198,-0.47790811954891,-0.484907456985834,-0.253636328809674,-0.508809013539598,-0.56487552986915,-0.216551018740444,-0.193545211489055,-0.509871926349504,-0.505884841372976,-0.456245827172101,-0.14604044810003
X16S_OTU116_117,-0.0513577234427399,-0.122636792586125,0.00232223134006154,-0.0165831246454212,-0.128650608143456,-0.147750172968739,-0.0408729493608422,0.00285071209506211,-0.0772069210888558,-0.105766599675311,-0.00884790325784246,-0.00909124407152383,-0.0812223998226323,-0.0957091609862063,-0.0451689249248394,0.00751560582115365,-0.0546691232673606,-0.0913603869549506,-0.0217757664035187,-0.0475046452754341,-0.136923037777928,-0.128174044417898,-0.0643564956795086,-0.0639784635789177
X16S_OTU12_13,-0.337786566405462,-0.324631829337701,-0.405032798841347,-0.238377209706874,-0.291931705762046,-0.295926217349845,-0.24180014213856,-0.172885735340765,-0.308503484833568,-0.281531193177451,-0.282135099005804,-0.203261870165802,-0.30050274437432,-0.307860947030393,-0.254310080561755,-0.18138144472632,-0.300066347404656,-0.363038563772205,-0.198753861163721,-0.118997266568381,-0.295771486063164,-0.269752100631806,-0.0206904883930906,0.182916726759301
X16S_OTU125_126,0.800578512813067,0.738225911145132,0.572857178964492,0.395063276659688,0.796991307666084,0.726230073583674,0.630883034530345,0.400742314443502,0.813285951829305,0.737220397673958,0.654039019666738,0.380498098308742,0.811196455352542,0.721519279932688,0.652954501509194,0.453452543517585,0.678949614767462,0.780773069101544,0.457022111037291,0.135022342492808,0.76955364096207,0.713680242197151,0.528802653541656,0.343011727456449
X16S_OTU129_130,0.693370260565379,0.71408185801061,0.32389235173943,0.412710972686907,0.644473415970288,0.623490351641731,0.683518484369203,0.565429649083309,0.702956185001633,0.774343215618699,0.419528171574278,0.315583498165742,0.695592642127857,0.647056862514327,0.674686134844385,0.619533650258215,0.635417303024617,0.659611080088725,-0.115243651549369,0.0867171807892095,0.691678604466204,0.624605823760775,0.289999937540942,0.167380298368667
X16S_OTU15_16,-0.443098549492982,-0.43824578043122,-0.369121925223653,-0.113114660760492,-0.343266903224293,-0.325482179159978,-0.274627250899271,-0.0777919763048959,-0.419708921346839,-0.366403012167385,-0.265492338622251,-0.267710167314554,-0.3480792590303,-0.365623112870754,-0.249021190835688,-0.069642661250691,-0.352817279530874,-0.469625296867423,-0.15909592634408,-0.0687500265084309,-0.378632987930127,-0.307320130790154,-0.317120170728566,0.385184231496387
X16S_OTU151_152,0.0409052773113219,-0.0391752670233412,-0.0341568394851148,-0.070042027339781,-0.0108532401423908,-0.106831801529616,-0.0774061084370094,0.155214665746362,0.0294585483568306,0.0167553996237404,0.0500200813653428,-0.0129402661275208,0.0250629971191999,-0.0602283260424582,-0.0684583590328462,0.0939328158243327,0.0127003577028758,-0.0503684664988095,0.0284094879873134,-0.0457834022992864,-0.0300661803184274,-0.0346467038226444,0.0260298304671591,0.368134908490545
X16S_OTU154_155,0.100962849407851,0.0750530499130594,0.209655479933744,-0.0882985490386302,0.0872722440224269,0.115361958615101,0.126308315588791,0.0331711178604611,0.107701651324409,0.123003691559462,0.234117252332155,-0.0911023213138292,0.164188567867086,0.0891340067545622,0.112789244185776,0.0271791394764904,0.0867394947862191,0.0581567826529272,0.201459532988537,-0.167463943102545,0.0221111979313466,0.130135482376454,0.0352693351387429,-0.0909273924488557
X16S_OTU157_158,0.492217548879038,0.466499478673805,0.323509859197556,0.186144996688043,0.436958865488651,0.347531724700433,0.467209792204098,0.313424192714043,0.50833143706669,0.46578149127123,0.37470069063916,0.255665543495949,0.5084788201825,0.382288814530797,0.461635588506719,0.411889466933056,0.415195026947761,0.506189845429314,-0.0299449346782901,0.0370417095325376,0.428015663764174,0.408655647725589,0.418064096690573,0.144974476745719
X16S_OTU159_160,-0.136591390655957,-0.040584447924948,-0.13012472753845,0.0639465738077384,-0.123500927275757,-0.0854916236899737,-0.162964681292052,-0.0954715343318646,-0.146406605033349,-0.0743615234325449,-0.127359108450137,0.08897795129907,-0.169224950816453,-0.10898577038647,-0.151290540377868,-0.102158240727841,-0.113549671445673,-0.119520674716129,-0.0933958745589533,0.202117008368677,-0.0909841429142433,-0.0804272266737668,-0.173303064949038,-0.0639006383372457
X16S_OTU17_18,-0.191904880968935,-0.204977450129736,-0.382927418475486,-0.190770608738865,-0.205798288679722,-0.213843159784022,-0.121161604277972,-0.252951938172991,-0.210353176517861,-0.198404081619087,-0.291184635873697,-0.0975214066727826,-0.207863331545213,-0.210088740445521,-0.116153131093534,-0.304396362540594,-0.179608480460761,-0.222478427214518,-0.198279742418565,-0.0459762348479638,-0.214409680035983,-0.199188981964617,0.0803589323166894,0.072091930884749
X16S_OTU1782_1783,-0.272366747288584,-0.287957429761045,-0.167287703791949,-0.347212697940621,-0.189145730623978,-0.141002287482446,-0.256246524477898,-0.253221528027302,-0.279262013445858,-0.287901520816893,-0.096952836628264,-0.298113124210147,-0.247898387500557,-0.140516338873676,-0.262430255705174,-0.246555616576281,-0.206326203581269,-0.225968361369476,-0.0286413614247605,-0.327117918585795,-0.176553326643388,-0.218079150517845,-0.298710624504574,0.0334260389408275
X16S_OTU18_19,0.075890069711947,0.103212372458476,0.00590462681114561,0.150737634733767,0.0778330807898088,0.104655152661398,0.0781824457301672,0.138276403982959,0.0741566623484977,0.111265478738308,0.0121961702127303,0.0822581363396704,0.0643959425480458,0.0767666690333912,0.0769174883278211,0.215438983003001,0.072168782598644,0.0653394120101334,-0.0535765145047676,0.144684628525438,0.0964087119514598,0.098827931746536,-0.236568000276022,-0.232462908048459
X16S_OTU190_191,-0.135477866229621,-0.0197756303468348,-0.197212388198643,0.114658742230396,-0.0938155597173386,-0.0640540642923152,-0.0736186233877807,0.0244626216217313,-0.128882970350434,-0.0587281136237839,-0.215900775651013,-0.00207713899715148,-0.124575445861595,-0.0892752478445602,-0.0930760853307551,0.0499015812983752,-0.104924080968013,-0.0875340689413515,-0.158584887157506,0.112113656561214,-0.0750237749192642,-0.0741363902539407,-0.115287628065766,-0.0545364003650236
X16S_OTU193_194,0.165901158939634,0.157416809605267,0.135157440224199,0.230392273005218,0.203399524691392,0.163312377923143,0.191696389952933,0.175375062326429,0.171476304608184,0.19998216272872,0.192051662985363,0.347869035217179,0.183382953784495,0.171409550135013,0.230059759012193,0.15591952295358,0.155012932977143,0.145004510174739,-0.0133222655590899,0.217845986408697,0.209110195192246,0.155025128998269,-0.00335227646820662,-0.0440517113711184
X16S_OTU197_198,0.17774732094937,0.182093675095863,-0.157897638443919,0.102448278158139,0.124029126390035,0.0552535206029998,0.00312120442232947,0.117370131589494,0.150227887787533,0.146245158988211,-0.0845785109431331,0.132993425873525,0.131140396613883,0.0387292061443258,-0.00208224852853776,0.113964497445975,0.120234929637246,0.163799453890039,-0.22749431014596,0.0504501374661027,0.117976116426776,0.123220173008138,0.123052511038461,0.163736224920041
X16S_OTU199_200,1.06164368818258,0.957145048653807,0.481965377873938,0.448213677039763,1.00574814973377,0.947479755498918,0.884341292191695,0.827280151947694,1.05488979263379,1.0245164960751,0.719832766028095,0.40414900867413,1.05979122303748,0.990265240599345,0.91185200123198,0.86157168058978,0.927624164708572,0.985307937564196,0.0534260695299914,-0.0370086177792003,1.00399423415512,0.893580782244369,0.483413309164882,0.380570522100746
X16S_OTU200_201,-0.352280999505016,-0.376280868008479,-0.216133295717126,-0.353604942826137,-0.2949243611996,-0.239068455939395,-0.343514715822963,-0.310075176108639,-0.357232823485547,-0.382049811661023,-0.230210677066431,-0.149634437550021,-0.359700331761919,-0.249603451479966,-0.336969318738642,-0.328346108721663,-0.300885893215659,-0.33951834711065,0.0302938502341109,-0.166806584429752,-0.291937140257494,-0.321839797926491,-0.303940446374898,-0.166258028459815
X16S_OTU202_203,0.197040129561585,0.234261423487331,0.0367573850456404,-0.00621693247645142,0.184890554949498,0.127695329104214,0.129658227502446,-0.0115502357425584,0.195569768553155,0.253659654810608,0.0714785506853222,0.12145505710356,0.192118700348143,0.171519551198653,0.148921281817543,-0.0224042467818034,0.18033829243287,0.183303600497965,0.0266171510085452,0.067315815324176,0.20672770446348,0.150374054653983,0.0505934097763241,0.00689914332423867
X16S_OTU2052_2053,0.396302737349891,0.350174903844654,0.101785703369629,-0.0443786858175579,0.314330780280032,0.255730128980027,0.150724236494083,0.0634344848144171,0.337233545099847,0.282537032425432,0.120572033680269,0.11026936732661,0.292838409014315,0.284159245605212,0.139918058734164,0.0388662670810138,0.316518631134129,0.401386003895172,0.0789141359667557,-0.0677285128746177,0.333584172939262,0.267143112234794,0.248306215332179,-0.0940765819177045
X16S_OTU219_220,-0.57081911911722,-0.545590703071126,-0.450539318924431,-0.170079890988512,-0.634292876856817,-0.550472808816669,-0.528700016902849,-0.277208088066717,-0.556538638894205,-0.594478097339099,-0.530397341610699,-0.133062956618324,-0.603823153433944,-0.546081639655428,-0.533773045706094,-0.334870393205655,-0.522798005174837,-0.517444895243934,-0.289440699094726,-0.00936639323542663,-0.609038604297351,-0.532187865215332,-0.137832421109559,-0.14039414061416
X16S_OTU22_23,-0.05631797475684,-0.0780899834157314,-0.140944664938844,-0.0755644204789377,-0.0751216531427119,-0.0538367307928949,-0.0927059906075706,0.0324185708183205,-0.0770557495177488,-0.0626792040707607,-0.0644858276495564,-0.0869998295304142,-0.0752461561456856,-0.0546000769631457,-0.0802635888661297,0.0185897627587086,-0.0411439105347369,-0.0804408643098385,-0.0730866151301433,-0.0403995284788211,-0.0641208693360499,-0.0601370788468361,-0.0662689957077535,0.107730577275311
X16S_OTU225_226,-0.234123967719198,-0.144781542464054,-0.202179502950729,0.129554571621341,-0.127229287686876,-0.0828335010025689,-0.106244507575849,-0.0419171454784171,-0.224698981482651,-0.164354554673561,-0.195199215550834,0.0358240879045578,-0.204223540908017,-0.114546032964606,-0.12072967192806,-0.0410591165362861,-0.174431932447857,-0.187353567275269,-0.134603500241172,0.210078592686734,-0.106266776265387,-0.136881231353403,-0.201890863350669,-0.0737630669139703
X16S_OTU2284_2285,-0.128294906667565,-0.111239496308174,-0.130838414634457,0.0333725766934484,-0.136349788666689,-0.0911403367109634,-0.161390724521776,0.0175852269444349,-0.13131504614675,-0.113166171162303,-0.104016430190535,-0.0727581785965086,-0.130193007627811,-0.107201754310164,-0.174039092662878,-0.0341750300528418,-0.102410838258383,-0.139273169516959,-0.0431444492452992,-0.0189507383507574,-0.131060661284684,-0.0865383817590693,-0.334910478003246,0.0456724071972009
X16S_OTU233_234,-0.29453583747309,-0.328841357763977,-0.130542779742043,-0.267736385562418,-0.238682288035672,-0.224899370143982,-0.225638877756439,-0.230222480214369,-0.273357127538378,-0.291619928497294,-0.129182442607177,-0.200871754904973,-0.248151065343411,-0.226616771762771,-0.225588726274054,-0.243776625071052,-0.246068440641672,-0.296273507374989,-0.0652704525860804,-0.185372768199997,-0.253841721126243,-0.245185011698534,-0.18666635345868,0.0158328481269079
X16S_OTU2331_2332,0.243314326802979,0.202025419916501,0.322484595177201,0.302258126814311,0.260957870473949,0.300144469986308,0.188233408901068,-0.0178342422116982,0.262604014316401,0.223123319241648,0.349942243321723,0.325152900162816,0.220020438886827,0.279817101499034,0.206092919636942,0.039830625411243,0.195528575966398,0.204390970445593,0.184392512035616,0.190528696411446,0.278985550299689,0.24793219824813,0.116427400503681,0.20415509559007
X16S_OTU243_244,0.250477601793943,0.214818160235106,0.129611910822132,0.0837938047973083,0.190932691493609,0.293295425989278,0.198582522564356,0.21995828086303,0.267152128181519,0.293041367255055,0.155443465980516,0.0919361607021563,0.267608565986419,0.259098679142769,0.223652099703205,0.198258860205842,0.223731772083533,0.184323609608614,-0.0848623222835782,-0.0471224100266551,0.19012022873664,0.273006937675111,0.230658771185138,0.19184301736843
X16S_OTU252_253,-0.391323128752655,-0.363896415522452,-0.335988716546553,-0.166883535193592,-0.435708080771308,-0.380612064800873,-0.453151470092327,-0.147929706167991,-0.417074625325733,-0.345851282740277,-0.348871341697946,-0.244616024345725,-0.404979463390036,-0.379162034564521,-0.403327744271577,-0.155801406392032,-0.334726408786747,-0.425305119441808,-0.10248250754943,-0.0664848380133824,-0.451119887198786,-0.366260023275795,-0.372659702495878,-0.0179498398473767
X16S_OTU254_255,0.0956178992585985,0.154115411688982,-0.0189997120009432,0.0436368194243812,0.093755531785939,0.147520133146932,0.0083823822465242,0.17730201044099,0.0917109498895344,0.164407887426822,0.0559833365905809,-0.074983616494282,0.103721994737551,0.144563004806563,0.0174045488866905,0.196454164765052,0.111281571700424,0.103328032673397,-0.0247648446500115,-0.023156165325938,0.110662425417149,0.111678913019674,-0.255641243747415,-0.0266007975983466
X16S_OTU2561_2562,0.549435814014435,0.487087498955106,0.380240752113107,0.134696857172064,0.470429818281133,0.527750214654934,0.3877491388768,0.33684678352453,0.554053013700569,0.524062362906524,0.497365988864657,0.289427723680004,0.508336456188486,0.552776069846687,0.409298238007946,0.402149188151861,0.473414294802876,0.516960195093886,0.0522207011584135,0.0848097746474774,0.526301833796112,0.472452557624194,0.0936375217455232,0.0971906343718818
X16S_OTU26_27,0.640079437052259,0.580142250847066,0.293738139841174,0.28616958536871,0.55674129402797,0.527481677059503,0.404118952388476,0.230885434163313,0.628436834804911,0.581419028974418,0.454513495243631,0.325742129203422,0.600081046358625,0.566448415875479,0.406768798287584,0.19940110934052,0.531858205885762,0.603489323757261,0.133708323091725,0.0612846501752094,0.553332310810841,0.519476595636151,0.426627989360194,-0.0498248577546798
X16S_OTU273_274,0.100055037221104,0.114078980444991,0.157517861515267,-0.00606188087712957,0.165447222372507,0.155155798849427,0.161160538428369,-0.1021170282923,0.153947496119503,0.155280761775728,0.188717031110997,-0.0012665467171389,0.149841495216592,0.130886809404519,0.180688967804677,-0.0687277427916048,0.071441971375211,0.0907303510180854,0.0439617230070084,-0.105113216590116,0.159438414915965,0.155541097333812,0.281148081331335,-0.0425677049361749
X16S_OTU278_279,-0.458875069411642,-0.435111484088798,-0.483889697933851,-0.116038850597722,-0.388917483632025,-0.382483380007448,-0.242746081426074,-0.100444373375353,-0.470358777709104,-0.439897564585633,-0.508405667668451,-0.266001775440667,-0.438204611515166,-0.392326541834906,-0.274580215778669,-0.142719157477614,-0.374165661944854,-0.440666115421219,-0.330697818952828,0.0167581602845399,-0.383474818623552,-0.393674886775852,0.0479969469611905,0.264183187415674
X16S_OTU28_29,-0.383562270388105,-0.367687702730681,-0.168228841400883,-0.278384411144293,-0.331276627727611,-0.295559744951399,-0.245894130795639,-0.413957901405682,-0.375507825854106,-0.386322619970278,-0.235637800959136,-0.134215069699771,-0.353284815559355,-0.327663057117344,-0.266956840206883,-0.520376725252621,-0.350172041218556,-0.358178271386929,-0.00818961083264112,-0.16034169111493,-0.366088391674548,-0.297618564938407,0.116320855662167,-0.096318990555451
X16S_OTU281_282,-0.16842515579245,-0.165979229351818,-0.108336332518072,-0.204764624554599,-0.187342013195248,-0.128607601371945,-0.282615268494473,-0.146162169858147,-0.193079406809054,-0.145621209616929,-0.118388409222496,-0.139378851347545,-0.208426691267028,-0.127128345775058,-0.244933795478368,-0.178809281415023,-0.136105971022198,-0.195850593732789,0.0141037701412087,-0.0832903671501689,-0.153505513231727,-0.153971939060346,-0.310608918011806,0.0424868936509109
X16S_OTU29_30,-0.178043663841145,-0.175947074569603,-0.0113498830107261,0.0561339467611801,-0.17708222207594,-0.0299641786800747,-0.128296258720314,-0.283083551594551,-0.141656236430892,-0.147225862494226,-0.00876057096331674,-0.0530999594417221,-0.137040790814485,-0.066426546207705,-0.126137814180732,-0.293244483710509,-0.165620355161588,-0.181827496291356,0.0812224881194861,0.0205390229071657,-0.187338631535809,-0.0908832479650522,0.0213550460039096,-0.0566081076198008
X16S_OTU293_294,-0.621274383414691,-0.681328984825931,-0.212159314434403,-0.370887774442476,-0.616178201424705,-0.626649684230644,-0.603897880362264,-0.419540974558451,-0.631866690754575,-0.632140228770487,-0.270963052737674,-0.347468727190066,-0.672859622223108,-0.639768817489403,-0.64466222217453,-0.54273567855871,-0.565478736032742,-0.710899685030805,0.0220825016601869,-0.193657811413828,-0.589701169192978,-0.566989717683473,-0.325144782355461,-0.230882583591689
X16S_OTU308_309,-0.509916429647366,-0.490407203557394,-0.350369185478728,-0.36775350105025,-0.530512108666449,-0.539604757235601,-0.541997092020263,-0.487187192914782,-0.534226648979323,-0.49198275050334,-0.3632151302447,-0.296716370970617,-0.534368139561151,-0.540886780982411,-0.557466423240017,-0.465255687398296,-0.456010087459726,-0.543212901653478,-0.150104978331281,-0.30303575511265,-0.552673943781773,-0.465489271872163,-0.440315022857313,-0.167541718242413
X16S_OTU32_33,0.596084195932911,0.600494116442519,0.196928902824145,0.348554017790981,0.487048082969447,0.391859141855374,0.469750009992924,0.395830990415255,0.578025157479458,0.545333470133116,0.240939635554473,0.302787455577689,0.545058046909578,0.442763604935472,0.474266188291187,0.410172620693523,0.490561232094517,0.611559518291856,-0.0138522585602955,0.161766088315592,0.487167651301766,0.43830876417964,0.469277364897047,0.111027619033613
X16S_OTU320_321,-0.157454922530334,-0.161922761126664,-0.169596131407382,-0.117046365666345,-0.175174556004167,-0.273303673176419,-0.168357554858667,-0.220462170257806,-0.174191955714369,-0.189125343009501,-0.187536191993047,-0.107046933075869,-0.169454417413587,-0.227232155131594,-0.207283546751175,-0.228566462193488,-0.157284188438094,-0.165819087736089,-0.135083989882435,0.0130076916960985,-0.197912776900687,-0.204633677027056,0.00877852522973301,0.133225271785576
X16S_OTU325_326,-0.333413803534848,-0.354478659972906,-0.214814993427234,-0.0810122657655328,-0.3297486809406,-0.275697687715643,-0.288929808874228,0.012307095713653,-0.327945403438631,-0.298238621872819,-0.20293009125975,-0.198638763680265,-0.327689336826578,-0.284303527291287,-0.254590933836685,0.0298747848079973,-0.282425028532098,-0.385152978868233,-0.192054561304931,0.00680256878583029,-0.321637185714889,-0.277057482830307,-0.268675360429575,0.226974173849507
X16S_OTU329_330,0.157623922596762,0.268467490325313,-0.0402971102065113,0.304666728263697,0.112119960467857,0.178145435638324,0.0825478759133077,0.0496451048080315,0.139412359107687,0.225643747703691,0.00585883619155849,0.360884836234413,0.154267833361538,0.196821857385421,0.108166984699427,0.00845640153684358,0.143770690086987,0.198389660080724,-0.0652482548462327,0.308413241838575,0.0986432224120691,0.124414655098734,0.202969777329129,0.194844084979964
X16S_OTU336_337,-0.300047925071388,-0.299576562863147,-0.0789509583688791,-0.172930573607458,-0.244940261800135,-0.228806838229521,-0.213652983930283,-0.275752406447866,-0.270017735235493,-0.27344634058703,-0.132606802639496,-0.057880008766621,-0.234976159572947,-0.2207131498715,-0.22450464597663,-0.314169025034863,-0.246456356624557,-0.277632351385463,-0.0902599215909765,-0.0501043849829869,-0.26334898789777,-0.242125046466268,-0.002251856651018,-0.00641294219541923
X16S_OTU349_350,-0.306583690598573,-0.353018617083934,-0.153317329159462,-0.0845615081909522,-0.368145293453885,-0.30673550969615,-0.40270236686729,-0.294681751954084,-0.38374516317692,-0.392637702100094,-0.23254931207534,-0.0205608416974366,-0.415316865090611,-0.347556630768695,-0.417776200584974,-0.295806317061778,-0.277278286338544,-0.343207518403852,-0.0241894802802446,-0.00438625705405005,-0.354289906787354,-0.312546479301847,-0.109734378831318,0.077649843054416
X16S_OTU358_359,0.311201565848949,0.354655378881712,0.163135264303449,0.185097413969333,0.386952874471712,0.37001856413129,0.314333600855096,0.403515545767433,0.367023951200162,0.403936485883913,0.348418542280139,0.172283086318709,0.404772140954932,0.391535767199644,0.335793007030358,0.387895097547903,0.30894907783206,0.353679583763861,0.100305936352676,-0.0144201873755809,0.398007136260584,0.319966883065971,0.231702128566315,0.051606802130102
X16S_OTU37_38,-0.479024154294159,-0.452512880918996,-0.242189715920859,-0.260892392489707,-0.393601360321626,-0.436583183772588,-0.343856340029272,-0.183942617507467,-0.439660062267312,-0.433302739423188,-0.206235196152813,-0.307616285522446,-0.418943832367284,-0.475789592630117,-0.339221318088008,-0.228387573569012,-0.420884052067352,-0.47972792509522,0.0686152674859121,-0.14890005831883,-0.421189542725573,-0.364023683425727,-0.135656085317684,0.0515274929458183
X16S_OTU373_374,-0.404111013622384,-0.32583726160905,-0.335801479793668,-0.0401432993422665,-0.494592666842705,-0.47379969083372,-0.426289629309654,-0.269059571849399,-0.443930966230616,-0.359321040396261,-0.405294069104905,-0.145189739427655,-0.458585247459569,-0.472640838574612,-0.435115589726783,-0.337358074472783,-0.370870730820642,-0.430621537583331,-0.113619798829077,0.138210525695407,-0.492321870131596,-0.377505887783426,-0.145560678833171,-0.124791395504415
X16S_OTU38_39,-0.358402672237869,-0.30479983447576,-0.233976539491318,0.111406371607812,-0.342843386955634,-0.319325426333293,-0.249587384092088,-0.336583956751144,-0.322402503252146,-0.308115710863497,-0.230007567592843,0.0785616772159058,-0.334709733650948,-0.322949777382115,-0.257122407170636,-0.327901176561874,-0.327454368245922,-0.343843551517138,-0.119449131230514,0.131607801927067,-0.342410337157948,-0.275873444528779,-0.0738731934494012,-0.0427232523191879
X16S_OTU385_386,0.367853174960942,0.331360958540386,0.186009322976124,0.0620709158599681,0.287516142106851,0.205335335671892,0.178663524955028,0.141700835314851,0.333681158833058,0.29863306012253,0.161573945481618,-0.00870909886012288,0.331203997784733,0.214282692328067,0.177049877892967,0.165394984749087,0.296481962316781,0.350532302659631,0.0505507972221917,-0.0559863908691546,0.264866207516288,0.291770545388859,0.242468293500569,0.154203010036031
X16S_OTU395_396,-0.181123461581431,-0.212949878177206,-0.309720880240758,-0.101658854959461,-0.222721461608613,-0.149277437753739,-0.117394952459931,-0.148659456184479,-0.235742544494607,-0.216902209690409,-0.294268373389008,-0.245090872942951,-0.171744474556108,-0.1525917531429,-0.135041979521103,-0.121721188733704,-0.12109536768353,-0.176315786377711,-0.194791184521832,-0.142289555873709,-0.242002958585514,-0.180993086878419,-0.292260261517516,0.1085564849227
X16S_OTU4_5,-0.0733991825230527,-0.00182886743879493,-0.228379544189768,0.0540031849899628,-0.0273418588245388,-0.0488541243601826,0.00282128942739206,0.0253237566314747,-0.0552638807716351,-0.0214983647563827,-0.166846171636099,0.0593837067670141,-0.0505929212390268,-0.0313390054132326,0.00691482930359664,0.00842010224183469,-0.0688153150830202,-0.0446171272600591,0.0236862921670689,0.136395999735589,-0.0312569571573723,-0.060672369701188,0.031854130620218,-0.0123010285900766
X16S_OTU40_41,-0.098012158782089,-0.134156119243455,-0.0324969432054417,-0.107999861034493,-0.0655862826201124,-0.0882897000564914,0.013491207501179,0.068139915620552,-0.0768149366819179,-0.078757398332863,0.0167970973979084,-0.234745504991788,-0.0319156874275376,-0.114349767627178,0.00856410654901055,0.0622534095281223,-0.0761495257264394,-0.13101720893509,0.00672502191507967,-0.202253728603556,-0.102690494781173,-0.04159609779879,0.0122108423119443,0.165979389679795
X16S_OTU452_453,-0.0882006009866272,-0.119250703264637,-0.0357050787906215,0.0736784959231313,-0.0258499195283871,-0.033586485127333,0.104061788900831,0.0806072800787423,-0.0522409332961866,-0.0678616362657897,0.0250476453203051,-0.137411575920823,0.00677230583593393,-0.0443559346122511,0.0818294310319619,0.10599016122637,-0.0607118287963832,-0.0991193069875796,-0.133489625472162,-0.0424419304925224,-0.0674312113912512,-0.0208974100409769,0.044530547843601,0.200706053657043
X16S_OTU478_479,-0.36483950874321,-0.424298065797789,-0.41032038891711,-0.235088298804198,-0.365697730783955,-0.337830632566511,-0.429821852322243,-0.291872595686416,-0.422982112738305,-0.471325495669509,-0.444059118025853,-0.261588843029416,-0.413474068629652,-0.417118319642367,-0.413813948860358,-0.267728807784667,-0.320097360444881,-0.352196870151623,-0.171023186629619,-0.178363933093094,-0.380469554494774,-0.324200459785739,-0.310137369811786,-0.121495686384561
X16S_OTU48_49,0.620835009091491,0.559103795259804,0.448244822155418,0.168313824879005,0.614784139157914,0.529863737981765,0.396523975467663,0.421815822613986,0.646725095385187,0.612241151556126,0.451413977002379,0.110082287958698,0.584644615035626,0.554805900203365,0.452044719199042,0.421364694496163,0.51160683346713,0.547247180115925,0.00348281959141159,-0.0713422077454199,0.645476311429096,0.532978605447937,0.257118089704512,-0.0516617838390903
X16S_OTU488_489,-0.32964015070606,-0.336454008839495,-0.232249723994772,-0.0439427278787787,-0.371795999644088,-0.341289632687524,-0.367214479823066,-0.156349097358316,-0.334877496300221,-0.303860939641703,-0.273120161097514,-0.154039329068864,-0.381908602408998,-0.31954276044619,-0.387662225547037,-0.287200172153214,-0.300136901744059,-0.409927190609797,-0.118831250865515,0.0894555223384707,-0.327113156654254,-0.303189325922706,-0.154399086658717,-0.0529390791834421
X16S_OTU507_508,0.458930686339765,0.387631773009174,0.351996288011163,0.185482819439861,0.502572142683628,0.487691829941029,0.392557643608524,0.372334296882402,0.501928907246778,0.467238341336982,0.511798538753832,0.23075149008147,0.484740050883463,0.492814757377536,0.428615529038098,0.375920429463727,0.390512058322952,0.406058264168574,0.138422581103165,0.0409155852769748,0.513606322138571,0.422249720824116,0.193300264708899,0.090843162833543
X16S_OTU51_52,-0.00978995634766322,0.121029027956656,-0.0500146441811151,0.070077200894934,-0.00464816745681524,0.0317087148572865,0.0806955849498969,0.109291522578533,0.0119167523150224,0.121191005197576,-0.0679155242070528,0.0492689096029662,0.000475546235309491,0.047767695166705,0.0784020088893646,0.123426021673379,0.00717982234937299,0.0169293068151808,-0.0353501279116629,0.091614443987062,0.0233613656147431,0.0158998144817876,-0.0101220278853191,-0.0480528422100766
X16S_OTU52_53,-0.207187046670123,-0.22855784983752,-0.0331158895620109,-0.111351836839941,-0.154742742281943,-0.139679618640942,-0.107146516782905,-0.0928211931652324,-0.173935644641526,-0.188763242982658,-0.0477404565745784,-0.115629571342784,-0.155348588000469,-0.140034748439154,-0.125978407456634,-0.0637144940567839,-0.17129761074311,-0.205946450726832,-0.15062505707841,-0.0653905715409249,-0.1607690042323,-0.159980587849261,-0.0889152731698959,0.0186287991504886
X16S_OTU546_547,-0.245949982383516,-0.274341690250148,-0.167567208955335,-0.213530834336791,-0.1661536831524,-0.184621642676964,-0.169285187009466,-0.126895456762238,-0.21910456826597,-0.237614542730812,-0.102059514214938,-0.173643893705387,-0.201632719682596,-0.185107294430975,-0.170810125208353,-0.106150079901156,-0.205636025406835,-0.249727745513741,-0.00324079711042927,-0.1207093032804,-0.174214678595541,-0.204961328970014,-0.131899815455284,0.128365471711214
X16S_OTU555_556,0.135062172614558,0.164960918801014,0.00197882504625557,0.0244213982887501,0.135892126274841,0.13104762502246,0.011931310522521,-0.0443187859752902,0.135143313965739,0.162601469828015,0.0546801861581622,-0.0852194630744893,0.154932251202936,0.122166188231112,0.0612463710365338,0.0418444314843532,0.133080923435757,0.155195052321853,0.0424557591342905,0.00954563131304869,0.120684840933339,0.146161952218512,-0.132929211847031,-0.0633628280026263
X16S_OTU557_558,-0.150659801366493,-0.12614711247779,0.0371374733969574,0.0124901699925868,-0.169531744341784,-0.149270828266508,-0.191034713281468,-0.16102455242134,-0.134197771344,-0.121775664869864,0.00338199251869131,0.0768529273013005,-0.135893193743919,-0.121339262019787,-0.208120895152966,-0.13909565128054,-0.128965898684573,-0.137759239231955,0.10580245145781,0.0973452038213778,-0.171798804589039,-0.131177161269213,-0.248687040662829,0.050954419995279
X16S_OTU561_562,-0.0430562968669848,-0.0574700434017141,-0.0601865171173097,-0.0842319431493909,-0.126546971607242,-0.137219502315085,-0.136185625234361,-0.0541580440212996,-0.0754055908290539,-0.0746196747560334,-0.060624501533846,-0.120353756834968,-0.130805098842682,-0.0679606954321995,-0.154798191900363,-0.101490913725785,-0.055806784361335,-0.0854450268995746,-0.141965947549631,-0.10254286279492,-0.0856936048200626,-0.122599414418783,-0.0271565088070532,0.0390203418221099
X16S_OTU562_563,0.827029354528457,0.798908317956195,0.446122939703607,0.27468263558345,0.840797477170828,0.89342503504204,0.733868496404583,0.549882211649543,0.8303065449701,0.820802868291357,0.664015465093821,0.26272488755676,0.855826973416586,0.922439051391551,0.751716311441646,0.605004971747605,0.757564138150339,0.852710959330938,0.178427788360663,-0.0541385070396704,0.869932008978295,0.751126220634157,0.184963619190018,0.292474781530849
X16S_OTU581_582,-0.0930404498475749,-0.113396680420982,0.0656514369955562,-0.274551222489037,-0.0609908035304108,0.00693362818852672,-0.0409423925907091,0.010875833623911,-0.0560535698481116,-0.0471683787004652,0.0695323318254066,-0.240167201729865,-0.0356388358214894,-0.0134751869637201,-0.0486212150146881,-0.0254585452440689,-0.05658094357939,-0.101751425003584,0.0798525766831635,-0.282694943760534,-0.0539553282273193,-0.0140224491587113,-0.23346019468219,0.0210971556630212
X16S_OTU59_60,0.125198589987504,0.124210726648754,0.10155233668498,0.122248337575103,0.106864051344087,0.139028682289896,0.0409570558499536,-0.0709996295972954,0.100376289612791,0.102573681276253,0.0708681998560241,0.264216121088793,0.060470799308065,0.144712084509562,0.0516644006430121,-0.0593331000602333,0.102062417001566,0.120480992316737,0.0231126447346741,0.202581318057977,0.138780363751171,0.0797578253785037,0.0166416982461382,-0.13105899340102
X16S_OTU592_593,0.466297897566775,0.382594875911976,0.364031138660173,0.248046835405885,0.476433611253559,0.534350734953868,0.51182315206941,0.349253358627328,0.484278974953897,0.48906522798017,0.469087993707537,0.237508392707416,0.507278122114215,0.509569369347951,0.506902341359366,0.377959517013525,0.430054535872501,0.392605091014089,0.0452430990597897,0.00759262285439596,0.476336951760861,0.477801713378443,0.111966448201468,0.177040407915477
X16S_OTU6_7,-0.107280538034457,-0.0649152959375011,-0.0851589980611533,0.18078451889787,-0.0649828825732485,-0.120455651581657,0.0908411639872719,-0.0062221771538847,-0.0751572895589616,-0.0207900271905087,-0.0750089203769708,0.139781709179456,-0.0584092753738275,-0.138879948908554,0.124401505496684,0.0656159294067983,-0.0797943804789782,-0.113665144200892,-0.0662044660334622,0.289333248606683,-0.0668603367632388,-0.0593019825590392,0.130494152664274,-0.00709592033097377
X16S_OTU61_62,0.603853424637797,0.642108627125921,0.402074507130819,0.133202932861651,0.718472744830567,0.729375631466165,0.646439366575943,0.395336628231413,0.683563611080216,0.711508203758179,0.51081280034254,0.136364183379072,0.716056872322182,0.738166275534205,0.677854347942489,0.408505886712878,0.561413087984888,0.642194333138616,0.0271742172306519,-0.13333719075602,0.72627208032688,0.621600433707477,0.240942100703599,-0.094979081680882
X16S_OTU615_616,0.488637206520763,0.49105220556462,0.15259182506505,0.207403686438749,0.53138325671628,0.484872817060071,0.411218255583966,0.419587753128165,0.530621847579962,0.555628008831096,0.337829893902141,0.115327954802464,0.573119799067646,0.485603778725055,0.44588249780353,0.393731692654258,0.435242759475678,0.468451284600929,-0.0984237228100139,-0.037513147665086,0.500459774412391,0.481782896193362,0.234072475436452,0.248559928760801
X16S_OTU63_64,-0.205868703319726,-0.294047326466801,-0.1848150540051,-0.016969287722483,-0.207489531942415,-0.213652560656858,-0.0451046920894194,-0.0398548075997728,-0.213456923443449,-0.239279409112506,-0.146922408445923,-0.11973852665954,-0.203896901586377,-0.214557624591736,-0.0793781396287858,-0.104842595476376,-0.184881685900004,-0.279939753236868,-0.207219243933274,0.0232727262043017,-0.210462421989938,-0.182862185297992,0.507955794803841,0.30922598455713
X16S_OTU633_634,0.0202441745499766,0.100094076794832,-0.112537942134059,0.126052023305951,0.0291636794829752,0.0854735176426449,0.0796349315662739,0.150147029183865,0.00855416533335759,0.0719610503524992,-0.0697887726680509,0.0943837486330438,0.00501547118665963,0.060231739362188,0.0586865639931332,0.0930333542610075,0.0326806491779562,0.0437434565734502,-0.0362093937594447,0.114794500969174,0.0573197086412345,0.0472202206482075,0.005778120061636,0.00479434127981417
X16S_OTU648_649,-0.345312099229102,-0.270886713325385,-0.242233302392493,-0.0227319086624755,-0.278567399995138,-0.280378508628252,-0.215152564611216,-0.0249844586162896,-0.313682556687139,-0.260844152346875,-0.220307637398527,-0.147277317335957,-0.288950593550699,-0.282488387194304,-0.221932391714337,-0.0062220787723775,-0.277326597551899,-0.313840451767884,-0.157384318759393,0.0297831598506923,-0.274967086887551,-0.249891682069926,-0.227018746512927,0.0368165841322489
X16S_OTU651_652,0.526021673165161,0.507638492864825,0.378654684481744,0.263493925755091,0.505649126976865,0.488270970074246,0.399595023068948,0.400264939794754,0.56283560564778,0.573646860447555,0.514906246313771,0.242749818166034,0.590467455871354,0.511057350803788,0.408696649024681,0.378133068386967,0.477200663925596,0.518401278224864,0.180664491051154,0.0283016808522126,0.49931360782208,0.495620831055669,0.216464095246457,0.138599393820408
X16S_OTU68_69,0.359356888968865,0.39326780602601,0.215035111344864,0.247204080194655,0.387318101861543,0.382255656524469,0.320708239984027,0.257696130446155,0.400357098332935,0.451211253719626,0.361771603532476,0.221016872087826,0.425927099044978,0.39723323079791,0.346379809788399,0.269518965053267,0.336335092629966,0.363758922669564,0.0322666665427803,-0.0356303736319998,0.389021697435191,0.361939748310586,0.131940305680575,0.0057924170918271
X16S_OTU70_71,0.0443273038421362,0.0962933944316218,0.0702669710181491,-0.0435175710074143,0.140345783284806,0.125003196561994,0.146289543500821,0.311106998781537,0.10548482524005,0.166476755263456,0.144535388509692,-0.0415893167933166,0.127249967992898,0.119858394277303,0.162478334572114,0.327227820732863,0.0703892844262528,0.0533390214350288,-0.021872907722106,-0.126190600922855,0.151912741042411,0.0943062302622654,-0.0756151069478565,0.0796544926993378
X16S_OTU723_724,-0.550959056460086,-0.46188353644617,-0.259170397116813,-0.401925746859676,-0.413839793746275,-0.371761965269496,-0.265435680010343,-0.35256741840199,-0.4775214478833,-0.438154055512774,-0.255712925898408,-0.278332053371526,-0.422065643551445,-0.394630110921185,-0.293705691792542,-0.362916957889121,-0.471341431498005,-0.494624766367399,0.0290491632375309,-0.255028552330627,-0.464602545823506,-0.392718029529956,-0.37573211449399,-0.153982860811727
X16S_OTU728_729,-0.23927424115644,-0.22378901092209,-0.193197485762089,-0.255236339416189,-0.234880505827461,-0.193340489917784,-0.171568198287755,-0.336303279361509,-0.218042150938812,-0.209317102061656,-0.158422789912308,-0.257547742635681,-0.199868927305514,-0.164684622481027,-0.176422767366913,-0.28004199037909,-0.18741557800781,-0.201952477347388,-0.0429723460695014,-0.204396269894597,-0.221752427375904,-0.208875185142194,-0.149728004805619,-0.0384847477398153
X16S_OTU73_74,-0.28280068191849,-0.265583847323658,-0.201553019049542,-0.0448256440090857,-0.26943967856785,-0.342737906554487,-0.319954510833854,-0.322337869373664,-0.318222091187431,-0.267469298842845,-0.227699218736051,-0.0418810432907941,-0.281669081224154,-0.3270157468684,-0.341351657111074,-0.314886093870613,-0.2415546697498,-0.31807626801431,-0.10898072740184,0.140544096869456,-0.302029046967353,-0.262080041060068,-0.265562295602553,-0.028924981833928
X16S_OTU80_81,0.450388014064301,0.398726502333088,0.386593541868152,0.221032225784172,0.343748412505363,0.403630665834097,0.375471115780476,0.230275477765674,0.418121361376127,0.402090900103515,0.44943574993186,0.312136669106973,0.388881153263258,0.418003221194234,0.394497855637032,0.199416480747679,0.377777491400049,0.401068605903989,0.31513990854007,0.095022720496254,0.347963390145642,0.339290864048587,0.334799333627708,0.0468132953432919
X16S_OTU835_836,-0.398395448455537,-0.396721216732206,-0.318746318678943,-0.0968006163788744,-0.426523335374742,-0.428190515559336,-0.411378904202836,-0.525661254258485,-0.451307333750626,-0.430150153005335,-0.340751641677905,-0.114089686256135,-0.455311822379798,-0.430439277981617,-0.406086922371988,-0.522351612331025,-0.364974693132726,-0.425893010431707,0.0204335055400506,0.079422256502533,-0.434763595005416,-0.392969257228294,0.0911338303046976,0.170169534295063
X16S_OTU836_837,-0.315587112781159,-0.303859928261119,-0.125386728458458,-0.172229249168096,-0.331900817116856,-0.337657961182411,-0.249423580202328,0.0183187406487463,-0.322405724307845,-0.264363999596102,-0.168795592786736,-0.190222880195406,-0.308629607823718,-0.328934812915508,-0.290409249727655,-0.00834050764457026,-0.257795395400182,-0.348761996273795,-0.0611479665774734,-0.213870281665714,-0.322594737186201,-0.281661210159425,-0.471234598041509,-0.0801790296869185
X16S_OTU85_86,0.768698127955003,0.748492548107087,0.475203298672095,0.21671017618266,0.815299140201056,0.758279226946189,0.654655720693391,0.526290559371012,0.81545757759334,0.788980176184461,0.563796327621456,0.334879276293643,0.829081003906873,0.805484673490252,0.694619488539062,0.548128406289141,0.68254306604205,0.781742384051429,0.0733053571915231,-0.101645615845468,0.802857770687422,0.676711160064622,0.301741100112677,0.25479663557355
X16S_OTU913_914,0.242311732991825,0.256918469275255,-0.00530813968663847,0.173458174742319,0.277469024840157,0.264272959166048,0.155870425235228,0.228325964666695,0.234775916981813,0.2753867299604,0.0760450410371137,0.189135645100203,0.226423427405378,0.268358706349182,0.183530479652168,0.191458495725843,0.236804518764481,0.238778812264857,-0.0732981950510337,0.0737971503452926,0.318554535573227,0.217137250074479,-0.139067610351075,0.103232826832755
X16S_OTU93_94,0.476915447860631,0.455905821626482,0.299418030983451,0.339441572818137,0.384142402412601,0.33105717455662,0.36671735414762,0.32715893245155,0.470888587163308,0.424030773262641,0.336828545873876,0.302249979102732,0.45097128621528,0.352941945421004,0.349385400107112,0.324343881020091,0.383060420222207,0.478435920565492,0.124986231701323,0.174472903511934,0.374490787180845,0.387698765965767,0.362363255039852,0.169584315820901
X16S_OTU949_950,-0.137529206538628,-0.0922719603801313,-0.233236979571725,-0.0100447172359545,-0.217694344425001,-0.174378093014733,-0.272188744406108,-0.145282913337888,-0.182785239628534,-0.123660830262476,-0.199249641919959,-0.0520921710922868,-0.222607050052778,-0.157398006837478,-0.287735155946541,-0.172926495697021,-0.118892370804531,-0.145105277430923,-0.0806897002877923,0.00332368847999217,-0.165697126408842,-0.158553546228969,-0.292031870826372,0.101927353187283
ITS_OTU1000_1001,0.6132203664118,0.644062770456082,0.28768425637203,0.200791612426903,0.622182759090396,0.520294390787155,0.420452168825531,0.600763071320439,0.592456523277915,0.639293892213057,0.398556991865875,0.259386840798083,0.597909694175072,0.550710224964674,0.43342964393393,0.61613577012619,0.524381155338466,0.591482106834755,0.183294585164607,-0.0228971640773604,0.60729805375366,0.504399023095783,0.041830268317313,0.0313939444668761
ITS_OTU1051_1052,-0.0122627148468362,-0.00446944975359109,0.0840239244300304,0.133669933945002,0.121106546757746,0.0236036798984577,0.251387385919365,0.0626207894506648,0.0511596279758015,0.0263091953782941,0.239233085787903,-0.00762400864401941,0.138230868945829,0.0346645746254864,0.19879973589948,0.0746716915141407,0.0242728972852191,0.0575780162127909,0.0796183734787776,0.0647438929253174,0.0924612690229236,0.0778753349758558,0.117881114139332,0.109542926872665
ITS_OTU1054_1055,-0.464920539623265,-0.471319749135016,-0.2167903286137,-0.158942238215725,-0.485109092923979,-0.491297166391618,-0.372395193710737,-0.560046127847022,-0.462656193497747,-0.482600637293214,-0.284033118213935,-0.147524021446869,-0.453996537923616,-0.461919913843879,-0.387309639779736,-0.522824349903828,-0.416092052781768,-0.44597718809919,-0.0959830622635152,-0.0132832203446109,-0.500049681838496,-0.458852841207179,0.0699022570605581,-0.00544477182809964
ITS_OTU1084_1085,0.424569418601286,0.334301464573975,0.402635044529265,0.138907188572584,0.454573984495249,0.374109865018496,0.376701835690509,0.274943713968761,0.398758906133077,0.33640367543502,0.398066663510199,0.212166441554739,0.41108851814272,0.391410547526069,0.378015014131963,0.247675767092369,0.354864639266016,0.40147156189051,0.0656054404064535,0.0343653913338045,0.436470788006056,0.325943086309025,0.35543337360983,0.0190296221757335
ITS_OTU1088_1089,0.144629030456439,0.171832631046794,0.0983322930789733,0.395889828614814,0.144628473926875,0.116499232591029,0.0842907379745969,0.153308360071545,0.146444528950383,0.143146245485836,0.142987827133441,0.363268591748666,0.141237271103882,0.128626107641677,0.0868537790751526,0.213064774682255,0.108434324734323,0.150900359351952,0.102103713521704,0.293569924963168,0.126044213564977,0.102154978687897,0.110922198430814,-0.0354713997212166
ITS_OTU1091_1092,0.387336535965299,0.284430895370969,0.223613754084424,0.0892287029622727,0.441530261071401,0.387802565568085,0.389478467019058,0.367183041587506,0.380414913655828,0.331679107113753,0.362037482538833,0.184682696051321,0.390561641823995,0.408558758632324,0.418135646707195,0.334602743975734,0.327414548052544,0.347533879275129,0.0160254556464485,-0.0376529939286662,0.429978420600481,0.31333636107291,0.322729745909898,-0.0123294530537067
ITS_OTU1107_1108,0.19349138838839,0.243754068777028,0.155193833647088,-0.0241653739667177,0.185140252424041,0.219887991431317,0.171472193517659,0.277482844710464,0.180242729809961,0.195891209490369,0.169883900045341,-0.10096612137002,0.167649073601234,0.155244670701195,0.114439024835313,0.228715238817871,0.1647013092938,0.220365874413873,0.154022285076957,-0.141856029334512,0.203639819026173,0.23335070422911,0.191244671716426,0.0204966259764709
ITS_OTU1136_1137,-0.262985650961325,-0.267829042789363,-0.240526877386173,-0.152891048335068,-0.208009462030276,-0.17878650172128,-0.173383764488272,-0.271847376575441,-0.239146859065348,-0.258307162615287,-0.217358000522459,-0.232614930289138,-0.221880275737826,-0.200665753717211,-0.159020019987018,-0.235510471331849,-0.203523716111552,-0.228768255406743,-0.147640651216089,-0.108858422171765,-0.193849642078132,-0.189363739676722,-0.202048495050833,0.0675102135498158
ITS_OTU1145_1146,-0.177989819603675,-0.0652882322684063,-0.155914251207856,-0.00557339088960038,-0.209884270312778,-0.233191918713198,-0.178786513158848,-0.0445485474512664,-0.208770986201061,-0.126857933384003,-0.20268459813953,0.0928711766634653,-0.208937050529347,-0.221832976258504,-0.25097378661988,-0.0725549611756066,-0.155164036374966,-0.151735432432387,0.12323692439296,0.0947206215209156,-0.215299326242314,-0.169761235025078,-0.14842773200003,0.000218647108091846
ITS_OTU1152_1153,-0.189713158428662,-0.245803520101085,-0.218585369031273,0.193716242319742,-0.33323622668465,-0.274497088802689,-0.228436874568039,-0.311768933236777,-0.255089025958009,-0.236446409576199,-0.223301720766991,0.129284952256249,-0.294994028552582,-0.285351481903094,-0.200877849173016,-0.336213064995153,-0.183774586885837,-0.287708008111619,-0.0761059505976887,0.250235522566615,-0.313675785168772,-0.215735524160113,0.00852354023995643,0.117836204503721
ITS_OTU1189_1190,0.234036437030464,0.191225366830163,0.158216318724896,0.054202252352167,0.223274766265854,0.141729246363904,0.159944992526987,0.117386582337139,0.208832360277384,0.221628298669394,0.208444611031128,0.158304169496426,0.191377225264219,0.0940583166551402,0.178361767814351,0.093110760748137,0.204462039361381,0.19854650072652,0.0130548512685476,-0.0920008721542056,0.262878215775412,0.246473655661488,0.19459625910215,-0.114025548804141
ITS_OTU1197_1198,0.227981646860883,0.215160680396012,0.0490281289800296,0.120505117923452,0.221933602326491,0.269507006415277,0.0856620331129068,0.253277177892069,0.223743860804996,0.233070993816711,0.0999648003424961,0.0846025878724243,0.177956728526077,0.250569627681369,0.140292126172096,0.305354499668208,0.191150284354345,0.191321950988883,-0.198175279188418,0.0616844854558771,0.259355220669505,0.202119002306892,0.154006678814839,0.257382797603376
ITS_OTU1198_1199,0.19305496386397,0.235347273141344,0.126779365636781,0.173756643077403,0.127972700519077,0.123523693372525,0.061150114322605,0.265656916006727,0.178277175697359,0.201821231067471,0.175644258096566,0.0849452260066913,0.162110494722757,0.099459674112318,0.034234006692068,0.290554855598524,0.145763763252598,0.180171885430862,0.127132396749329,0.0603160168894433,0.119292255723585,0.183493552345982,0.158018778056381,0.174219703486019
ITS_OTU1202_1203,-0.44729521153334,-0.462930562433325,-0.333147479721469,-0.0965943385565183,-0.531627936054955,-0.484190781401258,-0.396095607745532,-0.579471759103743,-0.479728495229431,-0.479565542682258,-0.319239103864699,-0.038139487062114,-0.515299361643267,-0.454064802993839,-0.406987342615005,-0.612995757185085,-0.394555335411836,-0.472134337155763,0.0241706023600918,0.106862812503631,-0.500537529241629,-0.451827711559984,-0.132380031805243,-0.162408360781235
ITS_OTU1290_1291,0.237768256805004,0.22362350948345,0.0803971557076472,0.192014492820123,0.294770425277527,0.316706037670324,0.233902697745798,0.165957474491149,0.277764984050214,0.246487553417648,0.214413624619427,0.115175537598853,0.262819898883283,0.342403571814992,0.25573273721236,0.1659421934772,0.212330175509879,0.238286155136816,-0.10708449013283,0.0945969191348616,0.318077483897041,0.224894910092088,0.221853979743708,0.318823512506831
ITS_OTU1386_1387,0.206031925195787,0.260009839539908,0.125856194408609,-0.0260215157739727,0.221143897602455,0.270696720104884,0.200001721283638,0.211607110134013,0.179707519628087,0.210937608694023,0.126226648741893,-0.108721326782913,0.180526195010049,0.205728986035328,0.176853467154977,0.152754276114121,0.187165825421167,0.235071353929368,0.171333268271175,-0.152751987618527,0.238922589775413,0.244434086904442,0.182025339616511,0.0243555520284519
ITS_OTU1404_1405,0.184055410070904,0.238653079846446,0.0776111265144386,0.310260897578239,0.238818256000892,0.265640938812329,0.0960996677250827,0.0948713919932411,0.214751925505876,0.176717395605032,0.2430778290354,0.558278636413824,0.126616105652549,0.271198627168812,0.127365743381035,0.237337017428617,0.136306482938998,0.251136342675522,0.133346774754265,0.375535958405577,0.310332077986809,0.157795207832338,0.14818012323938,0.264308326543231
ITS_OTU1425_1426,-0.0414748590455782,-0.0280893357914998,0.0850725207987747,-0.100454598406951,-0.0233903455090936,-0.0922351114811787,0.0254665783305374,0.0190899126247768,-0.0414665972455232,-0.0360441705092808,0.0681723200108963,-0.0871365320185209,-0.00468348463455188,-0.0923079739701963,0.0126866007142031,-0.071845489003692,-0.0541810012873873,-0.0446498780644943,0.223469032137866,-0.133175263929487,-0.0800873402724261,-0.0334696443112946,0.211312426370897,-0.0867334403021489
ITS_OTU1481_1482,0.53273984264813,0.493210547408359,0.27841249745199,0.232521811596932,0.513784719010871,0.454033058006206,0.333943575673881,0.647091908866941,0.522907255758812,0.523658722150641,0.41896237753602,0.266148932691003,0.520416057215274,0.494186017047272,0.368288401913171,0.595937149434627,0.451341199846235,0.489040901973259,0.0732378072626902,-0.0635368061594587,0.498928615008889,0.41023387158634,0.175356031979255,0.110776047135836
ITS_OTU1492_1493,0.169665999450936,0.146093181365642,0.0422593984150866,0.128862853924754,0.191329729545639,0.235735516292881,0.0888793169248087,0.173538619755218,0.176685697678372,0.170897980344268,0.126051788174106,0.041795015432552,0.153048661449986,0.218701853012648,0.132681653627474,0.171874493147988,0.154773736269029,0.150985838209945,-0.099972303217725,0.119579249954144,0.225809806914827,0.173142774636662,0.131895520247447,0.212153679151115
ITS_OTU1502_1503,0.160265804230737,0.114213104432272,0.381211773102812,-0.112232546487726,0.0731796784726444,0.0932508279249174,-0.133701527226917,0.0152847100877764,0.164589441598432,0.138619564470466,0.279951267737971,-0.12732803105057,0.122445045958877,0.076001409983899,-0.116916065593739,0.0955513769459982,0.12002042755371,0.111241102942755,0.152225771672173,-0.234466947014117,0.0865755223078988,0.142641190268343,-0.645434023510089,-0.506291272225944
ITS_OTU1537_1538,0.367791313319667,0.25173157724333,0.239719208305129,-0.0770668763708455,0.324408832449476,0.222565089007479,0.157257747050919,0.336546018563032,0.284382187385752,0.25168172717575,0.301655546996266,-0.0344100100622007,0.301093968770518,0.184730224050672,0.154882836152078,0.246515891208219,0.307357398851149,0.296124118164284,0.244478291925015,-0.205977729798353,0.304770214551654,0.293182326836589,0.26395697594542,0.136977323125336
ITS_OTU1549_1550,0.139407038981559,0.0993481471497897,0.331596654496935,-0.0976253609328186,0.0636552653166505,0.0811141332737183,-0.116300130944853,0.0132953887777629,0.143167950337251,0.120578080398981,0.243515311839675,-0.110756152089416,0.106508692712218,0.06610974546401,-0.101699315034985,0.0831152633875327,0.104399640976902,0.0967629548220122,0.132413425230425,-0.203950823940117,0.0753076257980141,0.124076287312581,-0.561430097377186,-0.440396923485996
ITS_OTU1576_1577,0.112141152484498,0.172109742602494,0.177097931582981,0.179708564248469,0.196226634233823,0.164268413446059,0.111189397290274,0.122490185944096,0.17413669855351,0.157576298855174,0.169503622013345,0.252732141857153,0.13038165861324,0.17392895116074,0.124261205217268,0.242695821546115,0.085773998569257,0.171376562496963,-0.00464546831534136,0.209968120202511,0.23481645571749,0.128218205957396,0.136562956976994,0.192461293838773
ITS_OTU1584_1585,0.0866580800196584,0.101958984197905,-0.00484718493921566,0.0188370576633463,0.0554167008523839,0.126077236198378,-0.0553902817190673,0.194061576932145,0.0836765127258134,0.11668845456431,0.0223203533117965,0.0122980073881397,0.0766824586543151,0.112002999211569,-0.0422154769740756,0.113916123104824,0.0817256097803584,0.0734616807590781,-0.135419274320344,0.024293164007058,0.0643040736512192,0.0888884378914576,0.0612716708527103,0.121333495478914
ITS_OTU1614_1615,0.250494160038337,0.241238760920898,0.120592324794742,0.252829963529561,0.278948976151508,0.276347360196615,0.267211935799045,0.310172700262187,0.294029265837957,0.262768687575546,0.188686670216684,0.156666236927226,0.248658752206704,0.276036370461573,0.295815178319502,0.412065519322521,0.20254116346639,0.239841074948704,-0.123953723066361,0.141622490018087,0.303907836863538,0.239007181249843,0.221779691430134,0.206271554602565
ITS_OTU1631_1632,-0.498423038465021,-0.468058265360463,-0.283257330486956,-0.192546618379028,-0.510555886504961,-0.488208283218897,-0.431600543005872,-0.568688405977256,-0.49820874316117,-0.449207017953603,-0.338672891478414,-0.25246372616447,-0.479213636385396,-0.469796866055444,-0.446368070895416,-0.544310149159767,-0.423525761169691,-0.51080203681966,0.0418335026306822,-0.0972786276716301,-0.515864569632088,-0.438755581321671,-0.430999668807241,-0.172704467166434
ITS_OTU1644_1645,-0.859657744583662,-0.831660419227107,-0.310343257387605,-0.388959956446693,-0.793634045560195,-0.74400882623938,-0.78675185677398,-0.795725532665426,-0.866368713597079,-0.891105994178004,-0.538085816004912,-0.328373798911904,-0.827921990068962,-0.786177812032233,-0.824475199030789,-0.75209031157097,-0.749027894912776,-0.789793649431419,0.0626145148635378,-0.12207435283538,-0.840095595263257,-0.712388772157193,-0.764461339467265,-0.576813855604458
ITS_OTU1650_1651,0.165359075587834,0.236855605576411,0.0782909698161432,0.004203848875024,0.143599367366713,0.147826889882572,0.139939892441692,0.218740652584892,0.143832530375264,0.19414707576413,0.105324024371266,-0.0714190578699908,0.155946321081442,0.0915562398539331,0.0845176171427893,0.18953445114582,0.1447511516228,0.182734802708661,0.122125086869305,-0.0858664253457464,0.136313666428725,0.202692733225013,0.163374542529511,-0.0179046166288113
ITS_OTU1660_1661,0.196552090096691,0.131266680194037,0.0248897506384027,0.112227031811866,0.0504624757897025,0.118892534786597,0.140292309162291,-0.0722114236201082,0.143167950337251,0.0956797308746883,0.137258669409971,0.357981583814409,0.0512638036366959,0.148686069810331,0.113619697261908,-0.0671035664088917,0.150683274775612,0.167190487111251,0.0894445599421219,0.242516625904412,0.117756596097325,0.0769924494352272,0.123581978403369,-0.122507137376653
ITS_OTU1666_1667,0.155964256632713,0.179262881071891,0.0672904182524684,-0.069372486036045,0.192556176076361,0.219678395339039,0.024027550865146,0.224144934781898,0.177854962139561,0.198791506847774,0.109445656121,-0.0362672721402058,0.135601764647133,0.186772838480187,0.0798346678845963,0.153630944034263,0.137487211685669,0.15611499731267,0.00625320129142532,-0.0745867255841666,0.239298196626905,0.197588763906887,0.125906526548614,0.0595110617294772
ITS_OTU1671_1672,0.373163138883495,0.368537959496061,0.317363583297075,0.253362349695894,0.368892453959598,0.292749095666422,0.373610996165272,0.118412096030391,0.386944801010007,0.386994199824345,0.347659019558832,0.244902043689904,0.401191998438063,0.340594491579383,0.411051053327203,0.143994522199133,0.33593272728608,0.384349993965465,0.0145772659308298,0.0772404267273354,0.374535105198699,0.309013674194336,0.342452482130348,0.119702948350956
ITS_OTU1676_1677,0.130317455705018,0.209953715422289,0.0442470255315516,0.0737147659939646,0.174534017904972,0.216345963591262,0.230810693693421,0.0718276337074077,0.1624995746226,0.222800326152807,0.0550580054254671,-0.0127066811138058,0.173661773217056,0.19584547629134,0.22171404109496,0.0569736723945788,0.130115997307385,0.168958592783454,-0.00967872963588664,-0.155573953601553,0.180720394106409,0.205300249581836,0.168265245238456,-0.150239163833316
ITS_OTU1713_1714,-0.638543850859693,-0.621645437341855,-0.409549731822323,-0.175823054986612,-0.659388353211697,-0.640192314811443,-0.547102621653315,-0.649584655948651,-0.648082290800934,-0.622077313844372,-0.454092345736255,-0.239911160524649,-0.640413681541472,-0.620574430113859,-0.545552556887731,-0.692211811341772,-0.550919459640791,-0.652111878884721,-0.0198835518828721,-0.00478434506838272,-0.659006718703515,-0.578947507231014,-0.224534228856368,-0.126472902863986
ITS_OTU1738_1739,0.117309114877356,0.163327223145086,0.175780683271122,-0.0789450393070427,0.167395764807407,0.136645624336587,-0.0530218819774793,0.0149418454908075,0.172968389808797,0.18370947565749,0.116266488871784,0.0222039938772277,0.147682837153298,0.139605697986191,-0.0202415439232137,0.108040879207073,0.0914093363263843,0.135251283848833,-0.0368119567505001,0.0203639143573973,0.183118537066064,0.140558229234666,-0.302728742907639,-0.195839622235241
ITS_OTU1762_1763,0.163178766634076,0.0964310120573273,0.0331446545299753,-0.01735278258759,0.174491741150399,0.217601392792507,0.136170173342022,0.303121560032896,0.143891749215477,0.103601312420243,-0.00798359092009004,-0.0293416678666125,0.122405284618015,0.170877702323366,0.130577617914572,0.239386373092792,0.14118238067905,0.131348304627034,-0.311737441902263,-0.0522781021177346,0.198544948070212,0.162939103648874,0.123796161661364,0.160821370936959
ITS_OTU1772_1773,0.0734517144154317,0.0817048285706043,0.0569760350198515,-0.0597859223435566,0.133622558879236,0.137175465778522,0.0302481841118451,0.075999041496261,0.0906526261242793,0.0852997296833449,0.0872905365495195,-0.0184854188059916,0.0611163352014268,0.127583316441795,0.0614781778790042,0.0783056506443139,0.0651924836425123,0.0866166667307891,0.0709588699310219,-0.043098163986307,0.171973216195372,0.0842511730411335,0.0608314072083419,0.105361476581571
ITS_OTU1786_1787,0.160265804230737,0.114213104432272,0.381211773102812,-0.112232546487726,0.0731796784726444,0.0932508279249174,-0.133701527226917,0.0152847100877764,0.164589441598432,0.138619564470466,0.279951267737971,-0.12732803105057,0.122445045958877,0.076001409983899,-0.116916065593739,0.0955513769459982,0.12002042755371,0.111241102942755,0.152225771672173,-0.234466947014117,0.0865755223078988,0.142641190268343,-0.645434023510089,-0.506291272225944
ITS_OTU1800_1801,-0.618219373817156,-0.554248955116527,-0.417932128162836,-0.30790828393221,-0.581673439194318,-0.562007433553573,-0.33439973087453,-0.546107879970783,-0.583874222660252,-0.570774841691712,-0.493075353329034,-0.249553567204919,-0.52821297970589,-0.533350174925787,-0.336840700174532,-0.504099524262123,-0.513795279140502,-0.532378644213192,-0.101585757097716,-0.136374975908218,-0.613306772284168,-0.532457240348839,-0.152844230573392,-0.0503581820428436
ITS_OTU1805_1806,0.164537410259324,0.107620749635483,0.170145231864835,0.112011688654627,0.100628175115042,0.167982783318751,0.0548182388250025,-0.0658902027504461,0.127122399746669,0.0978430585990534,0.200435810391397,0.124099444799538,0.0944074821125767,0.189605476929725,0.0548940494801841,-0.0751384419602339,0.155649560440291,0.147788717145572,0.120286388793566,0.049983726883007,0.149949812450226,0.108299230435921,0.111523343398074,-0.150666032620477
ITS_OTU1808_1809,-0.301887585511968,-0.289993945050452,-0.269565519523321,-0.205144582233755,-0.280289589982337,-0.347480992515458,-0.227945904498378,-0.210312942497955,-0.282369625442544,-0.302302569559343,-0.20732538857566,-0.205007367877528,-0.264428588900826,-0.313079390880072,-0.270931169161319,-0.284402183873836,-0.287965558304255,-0.286123525406079,-0.0936556715036646,-0.26923782650687,-0.309320074406101,-0.29626836070986,0.0459994854226856,0.0101866263513868
ITS_OTU1822_1823,0.120514268851101,0.114761826804433,0.0560385571127056,0.0786503898630085,0.218115877693257,0.228634192630506,0.10599827068977,0.178819674642358,0.143691985460012,0.126505233643495,0.140135690808528,0.0428674132405026,0.135814316730856,0.203867509712879,0.127449854573169,0.129754363991373,0.123661875011239,0.140948899073522,-0.0246701490884458,0.116600086390444,0.253993614724994,0.161008396264056,0.125271720708965,0.187072188203048
ITS_OTU1827_1828,0.0477404045188555,0.0594770024903315,-0.0494963937449531,-0.0163063306963753,0.0186281385286835,0.0501045362033945,0.0887657088030895,0.17401244994797,0.101958471982711,0.103328988795255,-0.0238952135957193,-0.0275722315427592,0.115023687981473,0.0713949869288946,0.122703192232957,0.170874184657237,0.0643739550617404,0.0742619766204933,-0.30666512058774,-0.0491254942547546,0.0284036117166232,0.0554760703905838,0.100630884911758,0.153702807116243
ITS_OTU1845_1846,0.0187646860452971,0.0363162739097018,0.0397934360857427,0.0592019734067031,0.0641532146956887,-0.0284283651148612,0.0935135712236103,0.0720637097056925,0.0561478766067227,0.0695715047068454,0.0860557770102407,-0.043550525771557,0.0928007816076219,0.011311958545594,0.101536902962398,0.110626923504186,0.0626002996274656,0.0784786132485427,-0.0925263724192234,-0.0227295483700025,0.0950406199560603,0.0288184414142544,0.102887521922295,0.149394398046233
ITS_OTU1890_1891,-1.84511623816194,-1.86097960440431,-0.876809424064896,-0.872380702527263,-1.86803424648566,-1.77786390256128,-1.74381161096728,-1.35095429411544,-1.88947362397619,-1.89872206117415,-1.24169703638862,-1.00714053945329,-1.91304836165745,-1.8553494349069,-1.79692121987883,-1.48629496920337,-1.64346275476076,-1.89183988108663,-0.228999689190364,-0.285910933537955,-1.88208096552165,-1.61127723025556,-0.7870475841007,-0.617375762885346
ITS_OTU1941_1942,0.521010546720086,0.50975825512881,0.283036555242961,0.0799743528272729,0.510727864718299,0.470760719623926,0.384188116997875,0.684428380650185,0.479250179634608,0.523413822074402,0.423880681263742,0.0844332004606308,0.493920239077386,0.448210623143878,0.381767828999739,0.664206299918504,0.458623755461655,0.483380079558214,0.170557193658975,-0.112765052318601,0.505222926371605,0.462401780751578,0.167559143835317,0.0742002514238709
ITS_OTU1953_1954,0.123146100173713,0.0727735802617857,0.0250132724444744,-0.0130956223466012,0.13168366129019,0.164217216905779,0.102763528325055,0.228756711222917,0.10859076906002,0.07818478997357,-0.00602497559866987,-0.0221432729570044,0.092375581408605,0.128956255043619,0.0985429951938043,0.18065768536671,0.106546090232765,0.0991246092423295,-0.235258857756169,-0.0394527090324125,0.149835892061051,0.122965233737519,0.0934252344194881,0.121367044646732
ITS_OTU2043_2044,0.368853077765648,0.324281614768793,0.088370537191121,-0.0556494611230825,0.411377764742062,0.268382391685228,0.280285401853199,0.17645472077279,0.355274907468979,0.323958012932227,0.235877785876919,-0.0471044827945675,0.371036122942602,0.334932739393924,0.27827147913131,0.118761331873945,0.328110951553522,0.381814290985142,0.156219297245499,-0.254057058819504,0.420127224271731,0.260677258032334,0.320564171295164,-0.0152480353266167
ITS_OTU2054_2055,0.214003666167982,0.275918706953291,0.237476966700827,0.0226254562365714,0.258994704980255,0.220889333184813,0.225844832562818,0.322988170012383,0.290654718041116,0.320143033702176,0.426188364856722,0.0804007510943241,0.257675546405558,0.228656175358453,0.230474219059016,0.298909945633094,0.170320486158218,0.219578928631692,0.0395707082986147,-0.162995789154358,0.287772815709471,0.258466399717663,0.252965089373165,-0.0574125387051092
ITS_OTU2081_2082,0.138875060627244,0.163792165954416,0.044747987760301,-0.0132800168151804,0.118610523515978,0.147657334717153,0.169089564668253,0.163094729033511,0.172693974981491,0.178001911332002,0.12711280684918,0.133114013013555,0.13707583879118,0.189993352421786,0.160824150969877,0.191777558126894,0.125377362281442,0.16980852073944,-0.135239726967998,-0.0828290886986998,0.169739003121216,0.0986077831787589,0.166692792488831,0.0989493638083345
ITS_OTU2082_2083,-0.214796265709753,-0.318516349246722,-0.0677277167115878,-0.123092151591794,-0.188863686179871,-0.283496163954373,-0.122028375141406,-0.102489914826168,-0.224265519930201,-0.283537076820204,-0.17353018661828,-0.112749599385099,-0.218848718138818,-0.288981109924315,-0.109104772699777,-0.151658665684008,-0.202086914300478,-0.255696630912581,-0.120560062316402,-0.100748015300918,-0.200385494482641,-0.220605417516038,0.0785582961526757,-0.0156775864421219
ITS_OTU2103_2104,0.0319539452084995,0.0229572657192472,-0.0322285216458041,0.121620998707112,0.0606585762594895,0.0393478956167131,0.113138248637052,0.146309468818876,0.0593981689822365,0.0419192047996306,0.010837378970165,0.034771453990059,0.0868360010536773,0.0389380400851409,0.116040034814986,0.12899978377786,0.0569327792157489,0.0628730618483792,-0.232811792765309,0.11293599540947,0.0634569557849006,0.0553634083678944,0.0835376618681262,0.117470653255907
ITS_OTU2109_2110,0.118274761225817,0.0527750733027399,0.166091278883946,0.12185039725341,0.138035351430899,0.171934485547399,0.0209612642560568,0.0487830878192007,0.0995746753724838,0.0486781537170264,0.171045822978784,-0.00762400864401941,0.0531463564068404,0.17067499593804,0.0246992063408684,0.00719254471848504,0.117961115855583,0.114321615533047,0.102308447575208,0.0616704753670216,0.215674435392044,0.095175644182139,0.0887396924192414,0.12482423865541
ITS_OTU2128_2129,0.170575666894622,0.13406643352165,0.0329647786364344,0.025730078688307,0.272829624121984,0.262714809958298,0.203533231554842,0.311415073737533,0.208939987737955,0.181196271023611,0.122305518513682,-0.0149586220072125,0.194899580959683,0.24303066392034,0.243656572242588,0.278905856166971,0.158678825147332,0.159359641159598,-0.11895803604242,0.00831983740428468,0.300095557128743,0.206482541736297,0.166019056237489,0.100613455387663
ITS_OTU2129_2130,0,0,0,0,0,0,0,0,0,0,0,0,0,0,0,0,0,0,0,0,0,0,0,0
ITS_OTU2154_2155,0.0388471397431403,0.0525462036291692,-0.0243199460951586,0.0426128148764011,0.0416929244013322,-0.0527836730940723,0.133422728369754,-0.00469120892296986,0.109555443328027,0.0932799990331206,0.0129591967834174,0.113588439790239,0.119225731932943,-0.0160535826321151,0.180742889059178,0.0566221245237653,0.0387231602794872,0.0660077039666753,-0.0931563483552167,-0.0503359059307335,0.0348462346306599,0.0320494328690945,0.0864686407086366,0.139606467882877
ITS_OTU2179_2180,-0.640088121827641,-0.619693578742915,-0.308422794146577,0.176933313972276,-0.710710525367429,-0.691052591407802,-0.676903372355069,-0.628084133775399,-0.643389043008291,-0.654714322555959,-0.433068661845534,0.073186950564598,-0.685673349669278,-0.69463455094939,-0.67648000048932,-0.529632094713378,-0.601357786268847,-0.660440608298696,-0.125053424564495,0.159754732249185,-0.722774809013934,-0.597389982926665,-0.617984041810913,-0.224911914307234
ITS_OTU2243_2244,0.182837100840267,0.285000258318639,0.040231064243999,-0.0168133665805739,0.207316200538132,0.207847236121403,0.188392634118835,0.25148244361153,0.142645378682035,0.244880123360177,0.0277287390307587,-0.0299905806047407,0.19669703596455,0.203856110988987,0.149979945300785,0.239062162539982,0.19940019872292,0.218108862347336,0.172486014619065,-0.0636820011002702,0.191835445039481,0.194322858200672,-0.148611829149364,0.0621052064777544
ITS_OTU2349_2350,0.145699505508111,0.0957556188061023,-0.0228459214122479,0.0530884477186777,0.279323509298187,0.182428210114762,0.233121603541142,0.0916688171036572,0.163473164738052,0.131796677323525,0.105841499871695,0.00618831772629192,0.18063875659764,0.164553991114952,0.256617460283517,0.173756147294004,0.138871933532675,0.121995505117242,-0.078566728552721,0.0610190153247076,0.277757737582621,0.173746093666334,0.135890592616891,0.198942006741021
ITS_OTU2419_2420,0.246204181306399,0.23190410790351,0.0545517981678214,-0.0952101852223242,0.236262114670426,0.221986016035925,0.134564381241293,0.161306794349117,0.216512736750338,0.181981121310943,0.133075013319006,-0.0144671928635463,0.197722626575341,0.258174128312992,0.120284425193957,0.15450049932509,0.203452259325887,0.283705459482839,-0.0250803241558662,-0.195761153704599,0.258862228458257,0.155028995373072,0.189454159444486,-0.150445296188071
ITS_OTU2460_2461,0.129448346824145,0.171996462971715,0.20146297393109,0.272347125349577,0.120975249507963,0.104081229465405,-0.0130647136432442,0.0125975052650274,0.154613724281021,0.1511314508643,0.227465186817974,0.309902214276455,0.132069837550394,0.106075324618152,-0.00131441295935933,0.116798085741591,0.0956533762388466,0.150836605411516,0.122662754344413,0.119488469193278,0.115856398716383,0.1171399450645,-0.357337704714221,-0.252622885131643
ITS_OTU2678_2679,-0.0139309544948191,-0.00452069915781937,-0.0388969879415895,-0.0402128412772548,-0.019762615517326,-0.0623834000269263,0.0579937544921324,0.0729211687112077,0.0209191418399901,0.0120624205884118,-0.0528821876128568,-0.0456215426185833,0.0243669066152396,-0.0407967408172992,0.0822778679133497,0.127050898608645,0.00492979349276025,0.0235706077369785,-0.19333305456468,-0.0840093397156617,-0.00595381927891705,-0.023095561593607,0.0353035656160788,0.0664693363020008
ITS_OTU2761_2762,-0.0151923156344779,-0.00493002030260396,-0.0424188678714638,-0.0438538635289072,-0.0215519972313243,-0.0680318282507795,0.0632447276603019,0.0795237262391231,0.0228132398073466,0.0131545976238117,-0.0576703402451698,-0.0497522890804834,0.0265731782034202,-0.0444906315346085,0.0897276162617827,0.138554565950554,0.00537615558091601,0.0257047794226746,-0.210838158190573,-0.0916158620487247,-0.00649290052232862,-0.0251867208105584,0.0385000835413993,0.0724877206001788
ITS_OTU2877_2878,0.104179649067196,0.0894773961248154,0.0490028262703294,-0.0130956223466012,0.109504955581095,0.173014181881245,0.0131530649183424,0.184326329082387,0.0930111787371137,0.102178653205562,0.0677006058265546,-0.0221432729570044,0.0786858101550456,0.15282922342094,0.0238440445380784,0.0938006011381715,0.105395643196342,0.0961988344651847,-0.0770738316907785,-0.0394527090324125,0.143135892998008,0.107852247568119,0.0843166444162756,0.12690751362689
ITS_OTU2911_2912,-0.13911848598122,-0.235053488418525,-0.17486233081892,-0.123932352843237,-0.163605700969669,-0.219547170855357,-0.196324662312361,-0.239156596620457,-0.219639565875426,-0.239924270830978,-0.111923440498974,-0.0842933074088095,-0.209453521008157,-0.192265250661937,-0.202867678012594,-0.292347117605591,-0.138913519331173,-0.227715613538952,0.104273015280836,0.0160720552008562,-0.186751675071163,-0.232028579671734,0.096562198737898,-0.0116660895125322
ITS_OTU2934_2935,0,0,0,0,0,0,0,0,0,0,0,0,0,0,0,0,0,0,0,0,0,0,0,0
ITS_OTU3025_3026,-0.618566858901482,-0.661425184909533,-0.596102976732184,0.128112047125336,-0.676334628725917,-0.7142457387755,-0.708124027714792,-0.550894448374906,-0.710929977166871,-0.727163149678831,-0.66364567353166,-0.0902303430253269,-0.71772107477835,-0.693755870119657,-0.699408763958425,-0.629867919088044,-0.559593671475159,-0.657765041084768,-0.190672854129007,0.262505891854547,-0.688489307552572,-0.655391323702844,-0.239316946972284,0.0965022647197645
ITS_OTU3029_3030,0.284792295279267,0.0880363072688941,0.0484268404723986,-0.0544388547832352,0.19899411309911,0.227155386270094,0.129022329681706,0.371308136741465,0.192935555755549,0.106570668279644,0.0451882200213119,-0.034406155345266,0.12226179074708,0.175642699380233,0.114426822484848,0.314444977707747,0.219193437964014,0.152849956942472,-0.113683273195195,-0.0683931984758419,0.256545687271565,0.193551262763256,0.15712262964275,-0.318288612679529
ITS_OTU3043_3044,0.195455918937072,0.120579884439998,0.124564242357855,0.0485860294757392,0.100295937608497,0.193360603189797,0.155690564610315,0.032547671130678,0.164535994790204,0.0845250005410211,0.195542434754751,0.231845041950652,0.0619383544623164,0.202511359771548,0.130577617914572,0.00920073411840463,0.14852522216585,0.186343817922048,0.116398864236908,0.107678142532319,0.185687876429016,0.108912695173091,0.139110112098145,-0.0437976280829844
ITS_OTU3185_3186,0.139407038981559,0.0993481471497897,0.331596654496935,-0.0976253609328186,0.0636552653166505,0.0811141332737183,-0.116300130944853,0.0132953887777629,0.143167950337251,0.120578080398981,0.243515311839675,-0.110756152089416,0.106508692712218,0.06610974546401,-0.101699315034985,0.0831152633875327,0.104399640976902,0.0967629548220122,0.132413425230425,-0.203950823940117,0.0753076257980141,0.124076287312581,-0.561430097377186,-0.440396923485996
ITS_OTU3313_3313,0.336964923544864,0.31122243848285,0.0189391157216707,0.0108888147113705,0.197706482836896,0.16207513977821,0.137581803779468,0.209525452256756,0.261276539098969,0.248482250471782,0.140433014954986,0.0644567288009051,0.210591010342979,0.1955629758421,0.0915312036220763,0.148524974351442,0.268444825867019,0.317760957085156,0.0413452066268059,-0.0527798637279694,0.241644399506025,0.19714371708387,0.253001564391324,-0.00791267948803308
ITS_OTU3327_3327,-0.506743057572382,-0.575861968614115,-0.232313182327641,-0.305116999828652,-0.593240757979641,-0.505507627342292,-0.431510530458256,-0.485796624134577,-0.565244967755845,-0.53398451364542,-0.315134054241247,-0.263052556862482,-0.575552401859421,-0.577161350364583,-0.425280676439916,-0.555181682223959,-0.455838752882332,-0.630460954516382,0.0586461312494973,-0.0175988753041718,-0.602166310547984,-0.423164952360846,-0.157751229175547,-0.0696637514649764
ITS_OTU3376_3376,0.31694353694103,0.306571684637861,0.376532976047961,0.117844293231809,0.343021623600285,0.302875058758052,0.363561628649512,0.0451171156802991,0.30984080859284,0.284775665585998,0.443555823623277,0.342797676476561,0.317261982826599,0.281649456641764,0.373255475151097,0.0374096677345347,0.279968849813616,0.354366678747419,0.279256041282715,0.0649334343462194,0.341693625484441,0.290773962622862,0.280411081538335,-0.129463450521214
ITS_OTU3421_3421,0.343016143870412,0.416139501185318,0.201824642640564,0.147389470970399,0.363189072519145,0.428155812536702,0.334258088502236,0.397935290747848,0.368737820057328,0.386937234631287,0.340881421589445,0.133468978656865,0.370341855111355,0.469944104325113,0.288564611658652,0.358833581944223,0.329919489284494,0.433086985368811,0.106370466786767,-0.173453746862822,0.418267494714509,0.3153676329917,0.123205683998287,0.112836835567463
ITS_OTU3455_3455,0.458021354609351,0.426400081492552,0.251510888242722,0.404638551617799,0.413660122423522,0.363998876535301,0.290911975460725,0.382241765193289,0.397108470869637,0.405163058831245,0.341506446364837,0.291382343298648,0.406087727069597,0.345272909258091,0.297430485062247,0.436150321669048,0.400868997698669,0.428188006988821,0.104883756123971,0.0356495474568975,0.403441652123583,0.377668049548814,0.0958846992125104,0.0979453207312196
ITS_OTU3467_3467,0.144564955377538,0.184995272429229,-0.0168579328191698,0.0813347735698952,0.13105119484689,0.150244814697263,0.0626691714253188,0.313986674647521,0.175042623363063,0.214291754665264,-0.00757924525419096,0.0563892915271481,0.146249080266906,0.143818370662566,0.127449854503822,0.288646685126016,0.118812179031053,0.132885755350692,-0.170059648937477,0.110381175737774,0.149279017136596,0.149364936449506,0.119785722760427,0.0273758465243494
ITS_OTU3507_3507,0.186169350451103,0.184550127824496,0.023870949784228,-0.0435679068179142,0.194908463384402,0.131462962293839,0.199009410624088,0.146829035572082,0.219297087227184,0.230101016505056,0.0277292523080213,-0.0124845381579228,0.241566507369043,0.142576920748448,0.233300057403547,0.141601370713709,0.173314822919888,0.172983406410719,-0.167474870969487,-0.190058958604728,0.177411045386504,0.170610089777104,0.183049174284181,0.149249539951601
ITS_OTU3573_3573,0.199461389710443,0.179641744967308,-0.00708275010529792,0.0517218809533529,0.215415655361443,0.24034036960502,0.149521139317437,0.233031367021913,0.186960288864405,0.186403372178214,-0.046166646454544,0.0252478504144047,0.162484293977397,0.206209583236204,0.210374803426238,0.233870182799962,0.170313991115674,0.171549268962514,-0.261167165103416,0.0525885081257667,0.240181448080878,0.187522914707092,0.131431735911444,0.200638641755083
ITS_OTU3751_3751,0.111141673711323,0.103204821196197,0.034667180287253,-0.00117779141259268,-0.00188195508684488,0.00593407963593769,0.0704101392834039,-0.0694296103499746,0.0822947207992159,0.0931629177828488,0.0483591718927539,0.0833012325142663,0.0249305798062376,0.0380007049919495,0.0653100169516596,-0.0817457927079587,0.0851252254810032,0.078277465807797,0.0605499436667434,0.137848798928744,0.0332630103160546,0.0280796897779097,0.0656503395232096,-0.253145636112972
ITS_OTU3804_3804,0.157994220083192,0.154088608031015,0.0823167295375572,0.0482214538115062,0.226353894311742,0.230382081682325,0.082580628679478,0.134054389343193,0.165698060695602,0.154575211782708,0.162857867424875,0.0123938993256326,0.149660719248551,0.182092220043451,0.102169886550296,0.084102165834741,0.149689184981013,0.166922718919546,0.00439460813403636,0.0571963630057973,0.262530432880078,0.214162379901784,0.141830372465819,0.194530427035857
ITS_OTU3820_3820,-0.194568994079565,-0.204123983985104,-0.185165629598605,-0.289627371338639,-0.189989214150584,-0.261276342929147,-0.0910417514045803,0.0205557998144808,-0.215515640900785,-0.206633819597161,-0.120150009267528,-0.239032904899661,-0.204473308611413,-0.271744113673526,-0.167930665999045,-0.0872260798911204,-0.192360042059758,-0.229138673281355,0.108485294528284,-0.205739551487506,-0.210071053174887,-0.195211373149513,0.124666314997355,-0.138875876222404
ITS_OTU3874_3874,0.238969852304726,0.345384432589006,0.137393536326032,0.187730012789233,0.20794233717823,0.208708193264712,0.254996348445575,0.391019370776557,0.264589190933973,0.344377523483061,0.235149971345407,0.0239389640643307,0.276081503227625,0.188504193905894,0.242393633576385,0.438443403275565,0.208221104958302,0.267622686456309,0.0632039194338437,-0.0261848632050314,0.204582835795674,0.276890061953667,0.260496825050611,-0.023276852973472
ITS_OTU3962_3962,0.0410441870545379,0.0479201537094573,0.0442106243252566,0.140481338053906,0.138940909849991,0.055863394340746,0.248048240820455,0.0198619516265341,0.0598310872458495,0.0426079394980324,0.0936000044644516,0.110447156476516,0.104921845068424,0.110777756934862,0.194945009236171,0.0566783071523202,0.0545648603892131,0.0732123512988807,0.0806648955382305,0.199759162025182,0.112575220781746,0.0392005439373499,0.0908628467601332,0.0828751441810783
ITS_OTU4268_4268,0.291088424922469,0.217619582795233,0.121939892095638,0.52734582579697,0.165581788879854,0.230397727224161,0.211357626811907,0.336790063162079,0.257689540468369,0.237943366674725,0.118640983402311,0.352879716747907,0.222957420810036,0.218078323829721,0.235509721607671,0.392942505593351,0.220443563513755,0.1891462242103,-0.214147662183419,0.341656760255664,0.15750377829596,0.216390149784252,0.197155526112994,0.257223228151136
ITS_OTU600_601,0.0817997639615502,0.0600221038908668,0.0995616057032454,0.128387187998364,0.0703882520044297,0.136688909894509,0.0468984117332447,0.12416983345157,0.0580260978833756,0.105340225002134,0.0823046252783281,0.177277044482504,0.0692249072842984,0.096637928090639,0.0738466768142334,0.066224707062236,0.0930887713437629,0.0374598860079051,-0.112901183923318,0.171266483664563,0.0794691328301659,0.101967114370511,0.0585737892329014,0.087494833515251
ITS_OTU621_622,-0.94153460625388,-0.951444309474082,-0.577253876105739,-0.280100142408968,-0.941378266184985,-0.903947094028738,-0.893985992342064,-0.748039314222817,-0.993669604140574,-0.975140225793457,-0.692350764951268,-0.443613559001085,-0.999544035640167,-0.923139033295125,-0.922857641945824,-0.817403202709017,-0.815233552016573,-0.966429728060496,-0.131955583310536,0.0494211750516178,-0.922974311366457,-0.846391958986955,-0.401689510479339,-0.105548352682617
ITS_OTU763_764,0.146444841756523,0.133647066522197,0.0147682224716709,0.0464588035802629,0.241872934297933,0.218757136050501,0.224297755380472,0.18499650342505,0.172171842012907,0.129626850580379,0.0552527243693412,0.0119408621858208,0.166211356220973,0.194637061719031,0.208581857246803,0.185815997189888,0.128110955513977,0.161937154202367,-0.13093954851478,0.0551056507914262,0.253469544818571,0.170995903420278,0.153067707341116,0.194281057779693
ITS_OTU776_777,0.431873865329025,0.340805510713769,0.272812313865412,0.011331709388724,0.452410587224547,0.420890628449672,0.286803616860252,0.460477188189133,0.382710590331703,0.349210049590063,0.354060663419845,0.0817829674245182,0.380539572440002,0.40165968695515,0.28955792848227,0.377441966381119,0.379172735060099,0.393887097044472,0.0951962637547378,-0.161389504160786,0.468008459634643,0.372293559173889,0.0682079410399946,0.196933649778297
ITS_OTU780_781,0.179601489024692,0.0903116448086993,0.0637388683565959,0.111995438031567,0.273848748741659,0.259244080746838,0.281614310131713,0.128544833890862,0.195006820752022,0.0786448163651103,0.177795078359247,0.176158934004364,0.153808720273602,0.230878463629749,0.273299383352197,0.19193196598589,0.145553426332771,0.187136942570142,-0.0292120872247421,0.124197472039905,0.316521466416908,0.185919529194226,0.163050231170963,0.217727796722003
ITS_OTU822_823,0.136917926665276,0.124877897058805,0.14350913007209,0.0267170962922817,0.093977212811066,0.0371318464037478,0.145024288329457,0.228730623816657,0.120360467532824,0.125840671157621,0.098308111763901,-0.0691845626085074,0.113510190666901,0.0569451449360495,0.138948554375355,0.202247556327788,0.119431342176764,0.120792158684882,0.0596289562571108,-0.144686616793183,0.106413008189436,0.0842806979400597,0.124480278114947,0.0220852453212195
ITS_OTU850_851,0.45269257863562,0.365570842996638,0.186001318735853,0.092671619488661,0.460702849981459,0.404821414271069,0.428217014441181,0.29543962050715,0.442440345362504,0.399902112691221,0.245857722780262,0.0328186023006829,0.396806573375616,0.397803879317464,0.44504901639539,0.383851918435227,0.368786049650301,0.393150355315268,-0.111239384957934,-0.216111116131878,0.492798770559027,0.384515802954487,0.376304872085437,0.111331331268644
ITS_OTU883_884,0.564583917770323,0.453996569396885,0.417492512873861,0.128859363702928,0.493426706593938,0.439329303608413,0.353496302071556,0.494951114049155,0.506775741912874,0.488018462434304,0.397341309691921,0.0483271191925213,0.474704748445252,0.435068398443387,0.371855905560154,0.419030752132261,0.475239643456348,0.46907838341989,0.214647240217674,-0.0435576973631846,0.512446752532362,0.452846194570849,0.170939928376514,-0.145833475042254
ITS_OTU892_893,-0.436097132746805,-0.433665873227335,-0.382878067284845,-0.231563509772796,-0.400570342890596,-0.403442112788548,-0.373807101200601,-0.329227747116864,-0.425164875389145,-0.410207092336431,-0.417404016991339,-0.255210748186005,-0.439421083121569,-0.40379158254208,-0.326589762919993,-0.356596447943803,-0.360383320428206,-0.44160579195896,-0.292470385106525,-0.0819467616735802,-0.35910946511307,-0.379939933651559,-0.069287936205424,0.103878691399836
ITS_OTU899_900,0.298259051158874,0.274087680894584,0.120332514636298,0.158319252611906,0.352705741304627,0.271229979152756,0.308250839958927,0.147289825674367,0.28432292270779,0.244856894847331,0.154391252622557,0.00927545950919172,0.283280738771341,0.325984242484709,0.244750868242888,0.116171566951812,0.264582768853049,0.313832094242679,0.136831586830585,-0.0440433322415227,0.365361037049375,0.230600716123443,0.28770701071493,0.186460663248528
ITS_OTU905_906,0.169249265125851,0.139475112045503,0.0263478645815175,0.197593130690138,0.20716572043807,0.255200030665328,0.1681237778136,0.155302622589831,0.183912605336859,0.1656241211352,0.117076319241771,0.10017592083384,0.169804675032183,0.224596771203226,0.214470745852554,0.145608026091935,0.155146104446141,0.155162117214416,-0.106706093929196,0.231626900989534,0.234203045847857,0.190436016363379,0.142520012158579,0.212699346306244
ITS_OTU907_908,0.196552090096691,0.131266680194037,0.0248897506384027,0.112227031811866,0.0504624757897025,0.118892534786597,0.140292309162291,-0.0722114236201082,0.143167950337251,0.0956797308746883,0.137258669409971,0.357981583814409,0.0512638036366959,0.148686069810331,0.113619697261908,-0.0671035664088917,0.150683274775612,0.167190487111251,0.0894445599421219,0.242516625904412,0.117756596097325,0.0769924494352272,0.123581978403369,-0.122507137376653
ITS_OTU910_911,0.136485324563512,0.178119777728166,0.0687722665264188,-6.34471065550963e-05,0.232862702731849,0.282475202643773,0.028174392580663,0.296827170920708,0.168728032057208,0.158764904446909,0.0479157105840213,0.0804445565509183,0.113753339599321,0.237465618227585,0.0757378160864276,0.213226257464695,0.121119139851087,0.184663111228906,-0.113714601674035,0.133329224510222,0.303420087207693,0.17845647731526,0.118514460669829,0.198327714022283
ITS_OTU917_918,-0.154496476978954,-0.115404404667451,-0.283816419541083,0.00544674064805325,-0.0890921117113292,-0.141043204575792,-0.0720434291118209,0.0657166833857942,-0.11710114939703,-0.0860331103956228,-0.270399062460638,-0.0940010336593124,-0.0996852481064503,-0.106265672396801,-0.0787944830257144,0.0504709419142991,-0.114279982612765,-0.147177570308036,-0.258971829979504,0.0546918612586405,-0.0862236828811246,-0.110458785516072,-0.0857737673527666,0.294704621680328
ITS_OTU921_922,0.235149599883924,0.273025382352423,0.084528896659212,0.00537758154963507,0.17068684118284,0.157983486056233,0.120626415543184,0.313356578896094,0.201686258670626,0.248353773787557,0.088210710234853,-0.091359565795949,0.217627283229594,0.117119135542108,0.108115299117071,0.242453284550138,0.19180445658544,0.206783369876396,0.16786718076932,-0.109840700367652,0.142198377850496,0.234485162428449,0.185938079666783,0.196383343013509
ITS_OTU998_999,0.374309204256349,0.412386866121017,0.0885610478112495,0.00920780087810747,0.428061223212767,0.469957480822695,0.331228225024009,0.587955702424706,0.370048262693067,0.422000713197261,0.156758154814691,-0.0873254307015627,0.398409381405072,0.431112195795803,0.3510502738358,0.544766221124171,0.360874457404859,0.391718898635341,0.0331472179608411,-0.130288896911662,0.43378831199522,0.403289576861025,0.105814229501512,0.241761068230009
elfDC,0.202227424572528,0.238220850774758,0.235436430938508,0.146654914235048,0.256362678328737,0.200129939442919,0.337452321264514,0.246053009313772,0.246256677400241,0.245752936544074,0.174296290793952,0.185739013148643,0.298401910480507,0.202673461412489,0.312412207679909,0.304556198754669,0.164884823802315,0.220873430563854,0.129376247723655,0.0689827280633882,0.19631919588262,0.212013753368703,0.0385517886931506,0.224408516807908
elfPs,0.465876421460116,0.476588824128242,0.264311305679969,-0.0358268036298637,0.507162453970066,0.421158566425052,0.561058557382465,0.469333492731313,0.49546126851592,0.515895773028688,0.355231014596611,0.0746823312942889,0.530988006746255,0.460615726309337,0.54187617794482,0.433971791762998,0.397460218840694,0.447336663565671,0.212712184454295,-0.0759392862102965,0.468736169800979,0.406252097267303,0.227689456232669,0.175376090907322
elfPv,0.19701777871825,0.203762784214149,0.056499446621529,0.104814128622988,0.209336335609717,0.14591016520606,0.195708886217007,0.268454962929195,0.190299486411348,0.194526382099898,0.0374916285405609,0.122340903826049,0.211580272955025,0.155343575314514,0.177452786912508,0.208527262772659,0.155284399166438,0.181138392180594,-0.0329889564371303,0.137789529498104,0.179103720014711,0.170899249617637,0.105564866002155,0.201373399169277
flgPa,0.0601969102540254,0.0899326301187291,0.0112885914424084,0.0873582563519088,0.0144557132950988,0.00731394391764874,0.104435737784274,-0.0711901799879611,0.0289555297204964,0.0302827564356052,-0.0433083831558523,0.123020496961257,0.0141769947662183,0.0317751034823752,0.126496212366783,-0.0449688102276622,0.0615844575444509,0.09795135398774,-0.105134058142089,0.151009706224104,0.0212052288434296,0.0117124541793538,0.0135458691331967,-0.158760086794107
flgPsHRm,0.0349102361120451,0.0266380414561756,0.0283733336742661,0.0328386106519976,-0.000471145113386055,-0.0202785278392852,0.163766220419992,0.0374484232030583,0.0240717730170194,0.00653702808178411,-0.0383702400403064,0.00995365014733542,0.0143414518522123,0.037804373474419,0.161920039111178,0.0765476354294489,0.0348487227062135,0.0425105504375548,-0.17115089348818,0.0576736946754116,-0.00298165888898468,-0.0264099997233998,0.0787813018767251,-0.139193903311405
flgPsHRp,0.314483099940091,0.317574824502731,0.107937478962372,-0.0217140746902508,0.265159445000276,0.196600885397909,0.372321817139034,0.232678974851725,0.295107854924659,0.293628697127958,0.0814441613898486,-0.00165825641985376,0.290890953402621,0.232243242183737,0.353537855195252,0.277962060754506,0.278914670975699,0.316613798185019,-0.0461061512722535,-0.0890912816627466,0.263678013151735,0.231000276882724,0.139351916503841,-0.0992067122015791
flgPv,0.346606890677677,0.362279505844898,0.157630062358704,-0.00669734361978651,0.341156866352,0.374661256270623,0.313587211862796,0.186195325036936,0.374228216225294,0.349978116914328,0.232008702816947,0.0213297434104423,0.382847024609132,0.367953885741164,0.298760364821272,0.144640164167392,0.295089968016804,0.380544988625483,0.0893801726883959,-0.126999507753199,0.325404070120488,0.341622299455039,0.207323442625688,-0.0142204265899115
day10_27C_cut,-0.0136494632937317,-0.0846519830420037,-0.163701847410415,-0.102313125456564,0.0516310786096995,-0.00949770531733125,0.0751392030109156,-0.146321456799868,-0.0236944657597763,-0.0553114622855924,-0.00590292894537459,-0.00159167953469965,0.0237571695928197,-0.00148214964460422,0.0522505920866958,-0.0645440944779578,0.00438699657283198,-0.0222971093714248,0.116880316967941,-0.00887059171225551,0.0292613456514592,-0.0114722112584018,-0.0181483496980098,0.228180197397572
day10_30C_cut,-0.00477058660442461,-0.0137689020547878,0.0190739727662129,0.0442531792765353,0.00380249844001323,-0.0180547627491482,0.0387838930856177,0.0304408422872033,0.00205280447472916,-0.0175181745746988,0.0342694213861605,0.0291087703758481,-0.00256646541873789,-0.0174524344451966,0.0203388515031285,0.0580405322966262,-0.00600833596404602,0.00312981565362978,-0.032961513753777,-0.00801445213057105,0.00699050192575402,-0.00182162726200828,-0.000183698119331424,-0.0400849924789419
day10_30C_uncut,0,0,0,0,0,0,0,0,0,0,0,0,0,0,0,0,0,0,0,0,0,0,0,0
day11_27C_cut,-0.0149220739542966,-0.0719443890177762,-0.122789116286645,-0.104863242945018,0.0346199851783982,-0.0086733944141616,0.0670884348741542,-0.157299844641417,-0.0169740866153732,-0.0494464851379774,0.00155468484574354,-0.0129791492463759,0.0200080534307999,0.0104616409933631,0.0450114587026839,-0.0630791657437776,-0.00200837359689889,-0.0165803487879743,0.134532533488448,-0.00702954783295012,0.0162791750841092,-0.0181094712651456,-0.0477236065681027,0.188818919557872
day11_27C_uncut,-0.294258740287654,-0.41857709670567,-0.365777253706674,-0.273418612119807,-0.343473267486347,-0.394049288389089,-0.296408021837747,-0.409767388604678,-0.318120787561141,-0.363437162596579,-0.37343425592746,-0.301808703362349,-0.323129537274766,-0.405532303104332,-0.249727438140369,-0.296516131071404,-0.273840386408966,-0.382134690579596,-0.130433396526672,-0.123890117001982,-0.347967702729188,-0.292890843539124,-0.313971651997659,0.0677548185360445
day12_27C_cut,-0.0147829502354122,-0.0492533221089264,-0.137469510430878,-0.102386200403046,0.0310148485976939,-0.00546997529342881,0.0766289856054315,-0.154202173714171,-0.0174914359562453,-0.0371114913568296,0.000832751148828836,-0.0184425041871608,0.0168786618185706,0.0123229714291506,0.0479880529220742,-0.0503976467412863,-0.00163159977237648,-0.00750254143634772,0.129976798243288,-0.00980415074299709,0.015996424552438,-0.0173390085042092,-0.0809187177553843,0.148118594853524
day13_27C_cut,-0.0110893299422828,-0.0335616912274909,-0.144025469356785,-0.102293897648669,0.0246756985978879,-0.00827163765256733,0.0771255077552902,-0.155541555850267,-0.0163858536333385,-0.027987478655927,0.00255208311029947,-0.0302166455018073,0.0109426344360471,0.0104009894161928,0.0439761308796232,-0.0454912994610086,9.84389478265519e-05,-0.00200827992249843,0.136151676058902,-0.0155526982040055,0.0152402728841669,-0.0196911133865793,-0.110073854285398,0.124783429361166
day13_27C_uncut,-0.27326373159498,-0.393689859097308,-0.33680736172748,-0.247373644991649,-0.331033334748784,-0.383086083571994,-0.276958648325765,-0.350808834171933,-0.298334640148553,-0.337359792283244,-0.352379450912588,-0.268559220481978,-0.302916792729584,-0.402938225764368,-0.234234038819381,-0.25140794966168,-0.256930527941778,-0.365261021138388,-0.137407105493089,-0.10228509828625,-0.338334655630987,-0.268923671442364,-0.290890568542353,0.0678929114555401
day3_27C_cut,-0.0738311161597852,-0.137067425723037,-0.0855965116937087,-0.170511872575412,0.0665946600273121,-0.108233672876379,-0.13310552766204,-0.174554761404845,-0.0312862315683779,-0.0940451214785006,0.0965024005277501,-0.174162122053791,0.0349551184464217,-0.0624678730594709,-0.096378166477865,-0.121078270973034,-0.0393295367522498,-0.0449262378000449,0.161429735878391,-0.104879555011768,0.0309655076798527,-0.0600018732681053,-0.152979775545878,0.209703799100365
day3_27C_uncut,-0.520652483969854,-0.557906076204145,-0.414434816478993,-0.281458487958685,-0.579700794502312,-0.423408377599179,-0.588379595553278,-0.460500790162544,-0.555013544185223,-0.564792622340981,-0.467045994380228,-0.318176279593482,-0.605492063323367,-0.455642183931305,-0.600104246098905,-0.551763507578456,-0.466001833161904,-0.553284112001939,-0.209869132618111,0.0941110783880135,-0.526424207308075,-0.467821754476444,-0.21554606681264,-0.183426964857224
day3_30C_cut,-0.038594391052623,-0.0937531984078429,0.0247463568019765,0.174236278064926,0.0732853084550775,0.137987172461804,0.15960545082316,-0.252036289262161,-0.0377548335084421,-0.047297873315276,0.15188992760483,0.304934384214109,0.0130843872097107,0.0987305545419698,0.128542693278262,-0.219530731007505,0.00198284684312577,-0.0463791381035585,0.0593928854782371,0.216585773358433,0.0553351868832327,0.0456733955107525,0.10143701796403,-0.0470385239830727
day3_30C_uncut,-0.0682333127908022,-0.00455460079300554,-0.0164778664386581,-0.139161114071475,-0.0412023137098724,0.159379383326867,0.185446064258141,-0.0701783666472066,-0.0283128098897714,-0.0386117427092164,0.0730472988047101,-0.219542002136906,-0.00352409907711778,0.100933280490697,0.149001389099603,-0.157634156278802,-0.032033571702068,0.0295561285560246,0.087853533897183,-0.148671868047218,-0.0289356747152239,0.0509820050660709,0.0774125893414368,-0.518690882291015
day4_27C_cut,-0.0460386392021671,-0.107496736473205,-0.0995513273356812,-0.154203240876552,0.068243370720318,0.0333449453304117,0.0078110752853675,-0.322229607642506,-0.0373649356884583,-0.104149600946521,-0.049226454371096,-0.083504779615653,0.0544352080879918,0.0149511615731089,0.034748970779263,-0.212719781838807,-0.0108816423237991,0.0208911258815998,0.133032847444929,-0.0815731763912677,0.0172570984295341,0.00939758639044646,-0.00817116322436313,0.161462279544982
day4_27C_uncut,-0.723487942565379,-0.772047771275513,-0.523190135506617,-0.331982177759316,-0.69863372775603,-0.628176296350709,-0.595411876743208,-0.567519561360952,-0.749563489124038,-0.767392898773909,-0.531909693426345,-0.4778840614494,-0.758155570004758,-0.661898344776265,-0.629707734979858,-0.676683919574353,-0.626484402111097,-0.752130150164596,-0.175505198555381,-0.0303198469805484,-0.67033599130692,-0.623583779810631,-0.265444727293227,-0.229075698173662
day4_30C_cut,-0.0983221603824933,-0.103075327607181,-0.00598128119887584,-0.0637005303667652,0.0786762219172695,0.0668861410553491,0.0919376423399838,-0.239303615312785,-0.0489196222998449,-0.0584618528314508,0.103657574432544,0.0880884713460277,0.0152595627993407,0.0162554072214896,0.0788286007609835,-0.256422827028826,-0.0410115083969049,-0.0466429572357186,0.0570366114089815,-0.140863114026459,0.0561921221012526,0.0368146986207653,0.0131479447214267,-0.131080686896113
day4_30C_uncut,-0.0133982819593648,-0.013458960573698,-0.137917931896073,-0.136802647223363,0.0383874372942694,0.0368154046044477,0.0112644681856472,-0.0312487509831436,-0.031402650042757,-0.0133134089800132,0.0817711017126493,-0.230726869523261,-0.0404170525616605,0.0328865187725544,-0.00646362505679427,-0.20073984198666,0.0201045851115753,-0.012110955853287,0.116677408006293,-0.163522106471136,0.0938204153583323,0.0199297107365886,0.174133095023381,-0.0938807188289594
day5_27C_cut,-0.0665796282032328,-0.166336708095586,-0.0229817171929876,-0.227152688092736,0.0228677525937017,0.0926141712175543,0.0478794930578582,-0.387390689079314,-0.0492852758407003,-0.100453669171951,0.116403936788125,-0.196712894318506,0.0248660683291024,0.0666987736210455,0.0324095786849059,-0.338681789065061,-0.0175636537856608,-0.0546383579326345,0.191641245720102,-0.102438862900034,0.00315063240601953,0.0204561282121254,0.0113389721410676,0.152872100806788
day5_27C_uncut,-0.528880419542633,-0.566878580933453,-0.411866264535449,-0.389283508600209,-0.528923325994871,-0.484428076413822,-0.464857112373269,-0.553019828090603,-0.544218643829711,-0.521659846059158,-0.423740629818338,-0.49923933478211,-0.545296168700702,-0.49622626511164,-0.476322803956679,-0.541094138253456,-0.453840308625237,-0.576403242843582,-0.125196169787421,-0.215995875634773,-0.508538872957472,-0.465169373612342,-0.465264264684943,-0.258865968336926
day5_30C_cut,-0.0595987274076121,-0.0583717629200436,-0.0882625856600775,-0.0410059054925658,0.0445186049889875,-0.00607322471868841,0.123019306269513,-0.120424939144041,-0.0436475278291795,-0.0333250128621883,-0.0420613868042491,-0.0209229911224247,0.00938647763121499,-0.044892931084557,0.111701399749603,-0.13660990291296,-0.0161293643975975,-0.0305048976815803,-0.0674499927776023,-0.163009930097966,0.022048995518826,0.0193113491582477,-0.0188459423944489,-0.149124760071513
day5_30C_uncut,-0.0213944477533193,0.000526300131753359,-0.0792332449582011,-0.113530105209123,0.0686191045733586,0.0614752246074918,0.104950218099762,0.0407505856448734,-0.0191699290133961,0.0259103183808223,0.114294920535499,-0.122134252803177,0.00670239233993262,0.0302395662445452,0.0692946088770503,-0.104370723205317,0.0025630168842989,-0.0397574077197756,0.216591420238038,-0.114918485788865,0.0713004719882202,0.0396204001860086,0.332904845480081,0.0678335247711222
day6_27C_cut,-0.0506987102440192,-0.151990106166727,-0.0188520172271793,-0.186129831208509,0.0434440731524701,0.0538178152483524,0.0811167528858729,-0.337771631696605,-0.0399935141424154,-0.104324407025583,0.100999691244696,-0.0971635091908905,0.0235924729421299,0.0269376872343049,0.056182407846755,-0.316249470947159,-0.01210016906478,-0.0378351742572379,0.206332539330443,-0.0657128608821921,0.0234657119352287,0.0223330879451525,0.0624318998299731,0.197453645546622
day6_27C_uncut,-0.425155269462115,-0.473776213169853,-0.333427610319296,-0.329754319994791,-0.430420898537904,-0.431290554932316,-0.368198755407695,-0.500414186007176,-0.427843032614023,-0.435175279624013,-0.367101669387026,-0.374710967907451,-0.428232808350135,-0.430520145781419,-0.361978745295128,-0.448555377155959,-0.370897845869128,-0.458174203537839,-0.0676002069561602,-0.224475481402133,-0.420784987634519,-0.385573539867656,-0.444354359489036,-0.158722101173707
day6_30C_cut,-0.0486630730960438,-0.0667947845178612,-0.0416523510121519,-0.0284235274861134,0.0304807674045566,-0.0258438419023972,0.124546207156938,-0.0735485711188529,-0.0175957370568814,-0.0425570712159714,-0.0243148357554211,-0.0634033388333981,0.00737747969648467,-0.0295702299194465,0.112160060254636,-0.0655974247480276,-0.0275616239507949,-0.0305168584083224,-0.0461686245615168,-0.181669068378103,0.0195450641091159,-0.00491745563624064,-0.0535753174500022,-0.117630070024082
day6_30C_uncut,-0.0491882337844353,-0.015433849969388,0.0373298914151022,-0.0032746691760677,0.0534573159492435,-0.0032518183984847,0.0828991365002108,0.034419222055936,-0.016255311975713,-0.00471742564447303,0.0318672378919332,-0.0386066611661801,0.0204858512633132,-0.00131181710047468,0.0746570478364785,-0.0557890505374221,-0.025857012723151,-0.0184839770569128,0.0483285864590366,-0.0347230641565103,0.0354121112360495,0.00297720977498775,0.261575790056959,0.0177905840079235
day7_27C_cut,-0.0557212566795919,-0.140403446222734,-0.0487406965262348,-0.229969101192067,0.0471292008155732,0.0158475766349277,0.0983418824397819,-0.268925422217875,-0.0427872618103528,-0.0938918852468808,0.0790746066801905,-0.113026968596333,0.0224524536134954,-0.00693666633545653,0.0688474698628329,-0.219771391445996,-0.0153190813871817,-0.0388008947882284,0.186530443152879,-0.120549654375465,0.0261428781921859,0.0100449510111222,0.0558255401741287,0.223659394702411
day7_27C_uncut,-0.419759775450895,-0.46449749744428,-0.363985272209341,-0.331253536534807,-0.424202249480036,-0.458092609362281,-0.334024994228287,-0.470627839204075,-0.407241641767228,-0.419748627978766,-0.401314865482181,-0.385122484847549,-0.400347553451989,-0.444678005544914,-0.312718651658148,-0.394111774317925,-0.363558399415269,-0.44230988390659,-0.152180004959089,-0.222769242699229,-0.419926579082285,-0.38564806828967,-0.394994269200927,-0.0970870765319155
day7_30C_cut,-0.0246931826716127,-0.0277107282552488,-0.0616478120549687,-0.01664413556985,0.0161287396980755,-0.0238224616132571,0.075215043593259,-0.0188097499934953,-0.0145230185929958,-0.00567744547717924,-0.0288362376075208,-0.0821510329458499,0.00577841868458314,-0.0257672640061887,0.0595030773161821,-0.0126713753938424,-0.00975909149905166,-0.0295626221307179,-0.0325433104595027,-0.0941675857985092,0.00755127510300556,-0.00424138837819923,-0.0386459719115215,-0.131054482648154
day7_30C_uncut,-0.0158185352477511,0.00239445868654771,0.0168641540108669,-0.0181428906936794,0.00700942566435796,-0.0235394384787816,0.0141028440046745,0.0365741011539127,-0.00523762903309721,0.00930037776933699,-0.0119270862719206,-0.0790091667975553,0.0108762252055832,-0.0249739945621853,0.0168882086223271,0.0335700281585371,-0.00878428193918631,-0.0109455487531983,-0.0162529298119659,-0.0589559518698102,-0.00504385207924748,0.000864786235767814,-0.00552978346555058,-0.0364601382861496
day8_27C_uncut,-0.348015667166092,-0.409232238982538,-0.362084811529588,-0.300882093563715,-0.374100306969384,-0.425380414463851,-0.320694515433749,-0.469341844326349,-0.348808124596981,-0.372302976162694,-0.374334213952435,-0.365304976311263,-0.348570862265823,-0.416212055639465,-0.284350332391051,-0.355815397748201,-0.310119948833525,-0.3837796509854,-0.129878121433723,-0.203368642351127,-0.372333288980638,-0.329045426155733,-0.339953103047233,-0.00862597232588239
day9_27C_uncut,-0.33318050526237,-0.398256723972014,-0.378408067540091,-0.310825750543545,-0.362298181736875,-0.415060877118705,-0.31342598015063,-0.461539412106905,-0.333386258381886,-0.359866500270965,-0.382026047781632,-0.379972625309104,-0.330412237456565,-0.405608417553051,-0.270780839902108,-0.336354357616299,-0.299362291198467,-0.370590180750848,-0.127778088550629,-0.212830536222662,-0.365304432763459,-0.317877993680987,-0.322802511120342,0.0230268292644114
LB_vs_PR_DhighN_vs_lowN,-0.75156411013057,-0.748863202780751,-0.528947103417158,-0.340108363431163,-0.807844141848653,-0.611062826908497,-0.608048614692177,-0.585681669396702,-0.812848141802117,-0.730281518852725,-0.601642240676395,-0.477250154056946,-0.787850666607651,-0.741206997629626,-0.607086555677652,-0.779500686378085,-0.629652586400061,-0.809886345321017,-0.301508687820732,-0.26120418350623,-0.800424611434451,-0.535265010380936,0.206749682580631,-0.304938814865205
LB_vs_PR_highN,-0.120490099048396,-0.160138657252284,-0.0173408502115245,0.0998345311264328,-0.106261149899193,-0.0203037442598076,0.0416317630799693,-0.0365695609478803,-0.110831182685245,-0.139454605228336,-0.0084447466929616,0.0246128712378193,-0.0938258597488199,-0.0603160366895836,0.0369676288219109,-0.0393975687717303,-0.0893297813160427,-0.114235782023401,-0.0338928315895172,-0.0585890502877792,-0.103053936556286,-0.0302084725888048,0.317136740743819,-0.0342112563855106
LB_vs_PR_lowN,0.674833760017124,0.641824151053689,0.526419976728037,0.42317078395889,0.743110269210498,0.607936717134937,0.652121717451997,0.569630176249437,0.74472835276059,0.6386494829217,0.607374545984035,0.505689786188432,0.732200976392421,0.710183173091753,0.647581195892964,0.76521380149273,0.574232018948695,0.739108717763715,0.281748556887159,0.221783786733518,0.737987862244176,0.523047039561698,0.0310589459603363,0.285005129454422
LR_count_DhighN_vs_lowN,-0.453619099345776,-0.535882182021578,-0.411053085599971,-0.101878995603389,-0.50424737758451,-0.42600502527585,-0.447924118423181,-0.232824525780929,-0.488079723124012,-0.515549825084813,-0.429741933088738,-0.337617786225639,-0.504373209673725,-0.518310331354797,-0.422307075665865,-0.389744798968676,-0.399641793118638,-0.510584560692721,-0.250106752675655,-0.220707825558296,-0.484961392932343,-0.3469893738379,0.177136611475026,-0.0213812435050706
LR_count_highN,-0.270759560229623,-0.361664922609168,-0.263792079983945,0.0226368200251275,-0.291869117828649,-0.236241535599206,-0.247812814953851,-0.0904771525308674,-0.277155851133444,-0.35096394194713,-0.261933402681743,-0.183904219829754,-0.291107106587569,-0.299721904721918,-0.227026053588899,-0.175605079177241,-0.243477180643054,-0.288905130786493,-0.153390740095317,-0.148618132736641,-0.278852492393675,-0.198486768969051,0.203976637126372,0.0662221510171235
LR_count_lowN,0.321976678674966,0.276667846218204,0.246021768940246,0.279313881619485,0.380510418037279,0.347115650454352,0.366424300343748,0.28555021704287,0.381594067549062,0.258675976507956,0.291569367701195,0.283337145427364,0.382676307433799,0.391834782709075,0.361875605352248,0.418105611985408,0.271419502620071,0.401744208094117,0.167341259594617,0.114783504665533,0.370554807738668,0.267691333882329,0.117980377951424,0.211106521692454
LRdensity_DhighN_vs_lowN,-0.892096813360156,-0.973941649139508,-0.6942644727392,-0.28287317391681,-0.961127234922987,-0.866853100227624,-0.819076818804394,-0.603802802492073,-0.94734634798675,-0.947648369434656,-0.771040197607033,-0.544801726214728,-0.963716454312302,-0.947462574017805,-0.808080034801483,-0.795476495451373,-0.786122962091602,-0.985434160441631,-0.387986377552438,-0.239960411164263,-0.946604364585679,-0.758518809073205,-0.0501041757638807,-0.155663078120141
LRdensity_highN,-0.392907147502854,-0.489124785998106,-0.296485331314163,0.154455024195579,-0.418429829742674,-0.353339380582771,-0.332240277163606,-0.178131889314778,-0.377671168783443,-0.479427655246688,-0.29107291511687,-0.0949833471644031,-0.406583223926632,-0.38060281755322,-0.318867558169323,-0.195970658211182,-0.362972773824048,-0.407745673730799,-0.203178174205244,-0.0484699757381661,-0.405937843684064,-0.335941523101093,0.053306214474223,0.0392001645526868
LRdensity_lowN,0.515886752209814,0.484490413126888,0.413638406343683,0.528673264859357,0.562191546171907,0.538511621905758,0.510957791367962,0.464048329519726,0.59960881056314,0.466821386415044,0.509360291061817,0.504719286360519,0.580680753154257,0.595907288025846,0.515758194716893,0.662002752785659,0.432701581620628,0.604233715449162,0.182110304404563,0.213625961168101,0.561768620539271,0.436198714053018,0.127591876145653,0.231007429846867
LRlengthave_DhighN_vs_lowN,-0.812849834452881,-0.623525570588435,-0.667427690350418,-0.251735612316094,-0.585314250486379,-0.291921518170574,-0.677989679092792,-0.133748296278684,-0.720779039506003,-0.695885576926329,-0.639286659586145,-0.192346125998445,-0.602727050276677,-0.399673165242871,-0.73882079795713,-0.313714682772853,-0.66119723658137,-0.605675333192253,-0.410186772746743,-0.365048085465826,-0.658301388592656,-0.481339751062247,-0.188179356424376,-0.211865691475542
LRlengthave_highN,0.386889994540406,0.342197357093937,0.281238093070088,0.505904063630246,0.412496902051145,0.399512259280219,0.42337526119954,0.708039623251712,0.403595061664261,0.424613527533241,0.327781467603708,0.436172764322091,0.375531035665124,0.381566037263482,0.475093438868768,0.654958677941097,0.352207777716836,0.336070421229187,0.0208320970122941,0.279091348369996,0.458674181735522,0.352789670309548,0.603353666155604,0.326369810136183
LRlengthave_lowN,1.12435807210528,0.897258026185806,0.895306075748583,0.643844283106197,0.912159680429314,0.603317505264257,1.01490439819037,0.678422839504034,1.04335067609814,1.03408436226053,0.902276320035896,0.529945047115037,0.901593589498382,0.699349687753594,1.11647921401178,0.821121615877201,0.943301998417651,0.874381200271542,0.433837352648228,0.585607207555341,1.02187586665255,0.760514289244081,0.653714794754071,0.465752029167992
LRtot_DhighN_vs_lowN,-0.0239139034262124,-0.0522047767548189,-0.140818918654368,0.248534329934251,0.0208745733683364,0.0947126793694275,0.00137379040695761,0.384721203553082,-0.00365036804024948,-0.0179267265457,-0.109876087892204,0.0971140529426552,-0.00444736339948722,0.039712629256724,0.0358345535299372,0.225683158117834,-0.00806282934667887,-0.0234841822563216,-0.215022163687936,-0.021586835084664,0.0386720042565982,0.0410269802152504,0.436767939909628,0.194154686656942
LRtot_highN,0.231192074237716,0.152891380941184,0.0774715879920044,0.37734925004348,0.229539788405199,0.228498402513161,0.240016917217021,0.507170380559795,0.235806188671255,0.211807374029505,0.108436527223742,0.212520714260504,0.204864502827528,0.201567228146874,0.291655538552361,0.402537547723427,0.204768190788819,0.183500397194951,-0.0885028635919155,0.107615058791876,0.268795642039517,0.210671949468292,0.548503880123245,0.283953264558571
LRtot_lowN,0.829410475042059,0.656722626540658,0.672876665031891,0.498573968638536,0.690796597181914,0.467797005202416,0.783153379462618,0.519378073606845,0.784283607369314,0.748024999547058,0.682419984234981,0.408249956367356,0.685167174399058,0.543026868785133,0.850043116109657,0.649145939148982,0.695603153867361,0.671707154438883,0.34916176960626,0.417166071940988,0.766626070906719,0.568981032072326,0.500169568148364,0.353958862662214
PR_DhighN_vs_lowN,0.482023921898272,0.387138583782515,0.295274105905583,0.223256785152604,0.470329341581614,0.603608341790693,0.424573768447661,0.55973202706411,0.475068747207895,0.456010648733279,0.35799719406598,0.186924593806509,0.4947770372156,0.467606308585049,0.499779511159324,0.423986153884369,0.457880592833684,0.46067992861803,0.0258149585776757,-0.0791981519380059,0.496250694904304,0.5476715569768,0.650317089837714,0.133993258917585
PR_highN,0.242246671025759,0.193810166739264,0.0576003144579011,-0.115039007336418,0.227977831192996,0.278116387511632,0.186813030897993,0.219917781768011,0.217190387562951,0.211609238794458,0.0869055980900534,-0.120125042796348,0.236332417234942,0.186517170276841,0.213548328439129,0.0807128734322275,0.233844134216825,0.233250410390241,0.0908486340330329,-0.195127033933296,0.238776785361632,0.300046432817982,0.575026059398615,0.0956681197877766
PR_lowN,-0.140723618168516,-0.114326001439285,-0.243838405438012,-0.459711569538594,-0.151878966003139,-0.220030569262067,-0.170067395795017,-0.269981505071582,-0.176127143759178,-0.163624151564871,-0.265999017907238,-0.426233426638522,-0.165842851088457,-0.220692096070383,-0.211225967947223,-0.353594420012134,-0.127197417574471,-0.131488044698074,0.127670272802148,-0.246554356178701,-0.163314996298531,-0.116817673122583,0.241072631783222,0.010065163755513
PR_plus_LRtot_DhighN_vs_lowN,0.130721790456126,0.0782433878343951,-0.0220861577626304,0.270941880763021,0.163378093462467,0.264706708070087,0.133359532571034,0.485997466319505,0.144972308672694,0.127486962862828,0.0225127239391047,0.136976322351138,0.150465413736639,0.177793354969782,0.184705397758054,0.314891899472086,0.136050607034181,0.124400473501952,-0.166159777891462,-0.0420863243777015,0.185871129024715,0.203782955600208,0.556383085542085,0.199047688136216
PR_plus_LRtot_highN,0.291119933035864,0.206754786032081,0.0875696154086874,0.259010454055255,0.283730078250073,0.304113009193797,0.274842054934081,0.506722952123948,0.284272130797886,0.262337793998474,0.125231244053992,0.122439999952837,0.26714544921582,0.243361278702804,0.3282746338978,0.362446408330548,0.26601319411954,0.248418013291366,-0.0337018764893862,0.00512898086284437,0.320316021855093,0.298862361395592,0.690807875113604,0.272074743373758
PR_plus_LRtot_lowN,0.448598750466066,0.353367467118791,0.281225693394388,0.0307385764269665,0.351512284978811,0.163338111552125,0.399819590563053,0.165115496312196,0.396773899457622,0.381165326898806,0.2733021412613,-0.00666153741946565,0.338976743707057,0.211784106522152,0.416995374025677,0.196073089289469,0.370359999222628,0.352178627432137,0.307845052828257,0.113648491298309,0.393441372807149,0.29476403107505,0.478019256599169,0.236111929699664
SA_DhighN_vs_lowN,1.71623513957942,1.66375995671027,0.924145702031472,0.583981170790666,1.72102649159419,1.76184940831054,1.32343843603492,1.12693078819446,1.75453106870915,1.6632699031591,1.20545643960204,0.674532537244752,1.75903658143693,1.6434003874913,1.39554201773253,1.14863727230367,1.52373315453018,1.78998851306533,0.310323940025272,-0.116580077796326,1.74624523644927,1.71334844012683,1.09221260044086,0.515461429603909
SA_highN,2.02956646656521,1.96674437014356,1.08364583753317,0.665725744002283,2.04554890449076,2.08670738787113,1.58561279184309,1.34440598888895,2.07375505976907,1.96598883897039,1.41099013574969,0.780867091039688,2.09068227663464,1.96180445606572,1.66742804151844,1.36094657540248,1.80743439196252,2.12448416293645,0.340662813567791,-0.13117212163177,2.06979082888712,2.01022490619824,1.28638589764698,0.609161618420316
SA_lowN,0.577788642484819,0.558340930910287,0.28969710669163,0.138804288930556,0.60337517664973,0.600578891062466,0.49331718663523,0.406657718663492,0.588127508167431,0.557766932951755,0.372028764138159,0.188015089104101,0.616598837707364,0.595957190460394,0.509569243356447,0.39275152789435,0.525796326654405,0.620510277709672,0.0433182101976415,-0.0236971121517496,0.5988960431878,0.539803106987287,0.355549212606689,0.17258951746001
SA_to_PR_DhighN_vs_lowN,1.667826746626,1.6208111139113,0.971844822010059,0.74112271167047,1.67591658800503,1.69972983509585,1.304530204444,1.02313757903183,1.73957520171314,1.61946150396953,1.2718836710935,0.853333821154303,1.72539183724703,1.65582256313541,1.36350600363517,1.16927901668548,1.46267806600037,1.74687401656282,0.347507953453392,0.0527643524232783,1.69546865807097,1.61124619515879,0.870201348362921,0.508491524470464
SA_to_PR_highN,0.0139741365502106,0.0135624371482125,0.00800776011842427,0.00607426137974584,0.0141711482740568,0.0143299470995343,0.0111276703890342,0.00909388483539341,0.0145329478705773,0.0135671112014467,0.0103971831974882,0.00697446281200983,0.0145654856669287,0.0140443916198691,0.0116321013495677,0.0100356600792813,0.0123448583535633,0.0147203617774095,0.00215465426023312,0.000485695026627471,0.0142831189026671,0.0133470809226622,0.00695827647192271,0.00419589340123306
SA_to_PR_lowN,0.940739824444763,0.90911782547106,0.509411829238962,0.379169666483689,0.982408200443413,0.984147126978466,0.7925203266344,0.726802082891878,0.969051584191596,0.912945409926636,0.642902620754268,0.430984267363137,1.00451527668014,0.983019776105802,0.828741203038123,0.728064792082956,0.850749331778293,1.0094209975474,-0.0213405184120111,0.0422807791302222,0.978549255165383,0.864898871549075,0.395272055781171,0.268272930762905
DTF_Oct_2010,-0.0856568381683724,-0.0211125499781932,0.000386153612598036,-0.160840651560585,-0.0937774897173486,-0.113007238227261,0.0414794396816944,0.00884171109704616,-0.0259636572484136,0.0303472325174293,0.0106194612512107,-0.176559114502489,0.019773561215194,-0.0800306105507113,0.0101582071332899,0.0124085620807657,-0.0531359967748311,-0.0482816859445151,-0.0992701119179287,-0.196597125910954,-0.106440361785876,-0.0412593111490884,-0.0512647992483807,-0.0120284223358997
DTF_Oct_2040,-0.0591395780961637,0.00575666001372983,-0.0151440892702982,-0.173614210338352,-0.0611320523281804,-0.040901110679637,0.043387827352328,-0.02763947718102,0.0223306260540602,0.0735699037872788,0.0098811410716563,-0.165605751882147,0.0709323181745577,-0.00466029485828463,0.0356802752287993,0.0191657893981201,-0.0248877985226559,-0.0114644786655576,-0.161006537604873,-0.227667684566445,-0.0728160869467478,4.00553827997566e-05,-0.00222288924341381,0.0111702936629826
DTF_Sep_2010,0.228199004185279,0.244859717170007,0.248162847629145,0.0327796274593579,0.230377232052176,0.241387675663088,0.333348909762654,0.15952701816369,0.304769566380448,0.318961027889826,0.3216674547865,0.0228734155188889,0.32892007663857,0.276719787516044,0.348679160809367,0.218341374066617,0.221832213276289,0.265743685252047,-0.0284460697444121,-0.12669260246875,0.245585621339466,0.250069186291226,0.236167094511131,0.0832953903999402
DTF_Sep_2040,0.193870421164665,0.186782570441591,0.224620949447137,-0.00533084154574462,0.18040729337064,0.21306993191694,0.276026897788265,0.0975457078382774,0.256686983993282,0.264365342182532,0.269033823126036,-0.00938726026330898,0.272595847122731,0.244677412942256,0.296022745007774,0.136960204372833,0.183963611385857,0.204817361851166,-0.050171548301656,-0.121630978134338,0.194237333940565,0.209435823856592,0.16477171771755,0.0197745727583695
X108_Area_sweden_2009_1st_experiment,0.0186922072529912,0.0206087221466647,0.111915471423398,0.120287265222257,0.0241909011533315,-0.0182668241895587,-0.0411654593591744,0.0666231602672704,-0.00589294000265963,-0.0119940706475989,0.034348072858961,0.107933626739387,-0.0114672897746832,-0.033957823576644,-0.0184133057030323,0.0340723504932246,0.01221768007079,0.0151864678806103,0.0840096316269694,0.0579708779837884,0.0213406076583903,0.00466566337682499,-0.0929472021035988,-0.0788059652692199
X109_SizePlantingSummer2009,0.160744397392404,0.214578978245091,0.253921859598857,0.0840219226286506,0.198038892342069,0.148009678031519,0.191229075310512,-0.00835056494223885,0.18490483750358,0.183540670084107,0.20760985749421,0.124180658848595,0.172070034086165,0.150404299225637,0.200149750307619,0.062419693202394,0.136940512354368,0.213296211706674,0.214704736741463,0.0405101587565354,0.207136176032483,0.145847742546171,0.246653339994575,0.0916754507740423
X110_Size_sweden_2009_2nd_experiment,0.221182718275553,0.237128242071715,0.343236269026451,0.050423616476455,0.250453305013881,0.299002730441566,0.298445483112119,0.070284724370831,0.281748106639598,0.27750273303299,0.356987471587152,0.0707414039250259,0.297769513082817,0.295660127541171,0.315130792607328,0.109393885519199,0.211504652057758,0.265976848946949,0.103663810966612,0.0105931687466632,0.269541360025351,0.266710528826027,0.179806803516926,0.0221309116378511
X111_SizePlantingSummerLocSweden2009,-0.216648691294908,-0.227767107035603,-0.295694136812426,-0.0928506834895127,-0.217724552856812,-0.170398016174881,-0.271994661139356,-0.0525346896104958,-0.252507039531907,-0.236343003136943,-0.276955636262365,-0.123006296884638,-0.238535975905295,-0.211823902356469,-0.245009920541264,-0.0653788554557955,-0.170455888849022,-0.224275075924914,-0.292549184350559,-0.0513855019294934,-0.214399924309925,-0.16785862577669,-0.143868724735407,-0.158955685672178
X112_Area_sweden_2009_2nd_experiment,0.0390272161756853,0.00738047655539522,0.144095214949089,0.00959716411467149,-0.0195550395111214,0.0362592579070808,-0.0278903215505771,0.0357918397733735,0.000651179179997979,0.011360936822757,0.00364932974395194,-0.0119894295282697,-0.0203007139565885,0.0244214139847173,-0.0167329498666736,0.0427656448787562,0.0530816359011824,0.02686776824988,-0.0259019495467452,-0.0532678370186163,0.0247876461439947,0.0324330814081734,-0.0734717940294375,0.0286549303833935
X113_DTF_sweden_2008_1st_experiment,0.0897384944082908,0.11967359982728,0.137130875439487,0.0195841256456705,0.0977378969701903,0.125010937227365,0.246901380033039,0.0528933472655576,0.182744145556817,0.19912328422832,0.223408368622873,0.00404470783751942,0.213186593805163,0.172096804475382,0.248694745136809,0.124408046223332,0.103486553949948,0.129209608497439,-0.0858449793621082,-0.115745923905144,0.101437265111684,0.126030797270766,0.0993101631931066,0.0611219529201826
X114_Yield_sweden_2009_2nd_experiment,0.366896068820519,0.321973690706573,0.0960745774270812,0.226807076996066,0.313614411590542,0.38760039591251,0.234708588738419,0.241973179110003,0.333369384211621,0.339328921054031,0.234561957089813,0.196006422400657,0.331817844949413,0.395545995041605,0.25177002525432,0.198064101796394,0.35279728853668,0.353812894026146,-0.0769008700310988,0.0953980388115208,0.352801294596885,0.304368974525379,0.239458040414662,0.198583072909023
X115_SizeLocSweden2009,0.165097282381553,0.174365475697355,0.219854296845642,0.0656903728130751,0.170702046499432,0.200332751689087,0.239007232883751,0.0156400590174786,0.238578160862607,0.229466492641211,0.321983605387731,0.0732179370654502,0.24247069150502,0.237389124190845,0.245909507046396,0.0470395244482913,0.15054298674888,0.193097310341463,0.183168471355673,0.0229873837708197,0.17950777669243,0.179523912538159,0.103179733108592,-0.0352033659963647
X116_DTFplantingSummerLocSweden2009,-0.0648404095044237,-0.0189499599631834,0.0398779776235271,-0.0980171481550169,-0.0660368359050018,-0.0804982591166067,-0.13306895609689,-0.0784905463099697,-0.0447383395712164,-0.0203430171033262,-0.0879002451180649,-0.0496677812323956,-0.0567426702586806,-0.0693262076300469,-0.120583144123297,-0.126996854601182,-0.0525412471745299,-0.0436983374315969,0.035931280846819,-0.0949804551915371,-0.0597409409221648,-0.0434071022626066,-0.22638743122336,-0.151501465885486
X117_DTFlocSweden2008,0.127625635086402,0.138530864623768,0.149061924584953,0.0601728666237558,0.140076772219447,0.174065807860149,0.264457455401331,0.0537835851964051,0.21814853422428,0.220474028575924,0.250277348391201,0.0601659291416481,0.241036314698152,0.212575392352222,0.275854037723206,0.135133975974372,0.131932660931863,0.154816497962146,-0.0620683294135485,-0.0603340097241026,0.143668789881731,0.159715498770047,0.132300517024685,0.0686460557113558
X118_DTFlocSweden2009,0.117456679328804,0.126310739017657,0.0880699923074084,0.0105994643036512,0.110272954928846,0.164553938072279,0.187427265118819,0.0802274320217935,0.185300509187589,0.195224172524765,0.179962486728163,0.00813020976171673,0.200975312022977,0.209321535884538,0.209498215462568,0.130491034709976,0.122447332477665,0.143991622515155,-0.0160359318539316,-0.0715618880534328,0.124840538805951,0.134497807550535,0.100408846442274,0.0127255072491162
X119_DTF_spain_2009_1st_experiment,0.00144109324159476,0.0357182000149705,0.0467743489829227,-0.105422933630744,-0.0210161368031466,-0.00427188416048595,0.124400303796465,-0.018792520054,0.0802910683438928,0.0991426283764177,0.0987687482520064,-0.126616190291661,0.103568088591303,0.0436071910684114,0.119098951957708,0.0392968323300042,0.011610090229525,0.0309810851141128,-0.0995754263952227,-0.194522193471567,-0.0264472822382496,0.023711664418182,-0.0102780232067472,0.00151898481200318
X120_DTFplantingLoc2008,0.0686778401692142,0.0289658285175515,0.0459136796342452,0.0290160808424266,0.0144129868151327,-0.010445419123718,-0.0228921205532323,-0.00560713498559821,0.00226727062943027,0.00632319872920833,-0.0838941575276302,-0.0361120141486579,-0.021828431634157,-0.0124894416702593,-0.0242306641752203,-0.0392406667665039,0.0533144228066899,0.0225851477516714,-0.0699618283492517,0.0418722330950019,0.0286891605607189,0.00463819984352865,-0.0365284958159234,-0.048124515259086
X121_DTF_spain_2009_2nd_experiment,0.0645185750030691,0.0697419951353408,0.060663639050142,-0.0429737979745276,0.0508752279236536,0.0747543275396609,0.178372641584164,0.0313705287889846,0.135999010784423,0.134131335466081,0.167535100055719,-0.0678203729574394,0.158785937233915,0.122736478836994,0.181480075390568,0.0940187831534373,0.0672086624423718,0.0880720506764699,-0.0610157255738085,-0.142750968990028,0.0474580572194939,0.0738428995034425,0.0738789920010328,0.0251367615557879
X122_Yield_spain_2009_2nd_experiment,-0.108864095184044,-0.0930512815244808,-0.0985154732576857,-0.0718211609703297,-0.08937324554867,-0.223647557222006,-0.261641416769054,-0.0320858607431278,-0.126586024331456,-0.101902169066508,-0.136490912819519,-0.0824633821790403,-0.0973355597865779,-0.181580746688286,-0.246467696361048,-0.109549738276991,-0.098720268145025,-0.127874097535175,-0.0483894361591052,-0.112177145370891,-0.131177954425587,-0.155183533333292,-0.239858976541665,-0.038674452094423
X123_Size_sweden_2009_1st_experiment,0.171393412252917,0.176844068812467,0.215446655121883,0.0164650480340687,0.163230255372751,0.218911489857528,0.244277269532844,0.0607117268996419,0.243191676543247,0.234481239377441,0.299473329294128,0.000547735643941226,0.266802073180532,0.251526294011974,0.253560890001777,0.0790338499395367,0.166708045580924,0.209495373763504,0.0657794241933883,-0.0667115615323632,0.170783544479948,0.199411455782175,0.0278404931158324,-0.0338510446265364
X124_Yield_spain_2009_1st_experiment,0.0425052464512251,0.0191357062950987,-0.0561197895119612,0.126456780977694,0.0233173548881494,0.0188261840041215,-0.0178955707202369,0.000991722058496516,-0.0242128070565797,0.0120944394241415,-0.0255411726490304,0.131916367897279,-0.0488786065507541,-0.00358977813694124,0.00294074405756482,-0.0457358993945607,0.0318204654440044,-0.0305613794317447,0.00727007747590565,0.116317151320898,0.0370735111147127,-0.0114043983710486,0.159711074769825,-0.116009958955358
X125_DTFmainEffect2009,0.00289548058762441,0.0379880660765751,0.0485388993102413,-0.104224610860455,-0.0191594236875616,-0.002830988294537,0.126979475930305,-0.0138527058833329,0.0823154052749231,0.100287711005533,0.100550773839788,-0.125938370616168,0.105919397686583,0.0443099703894119,0.119422100185392,0.0421613971127728,0.0125354984021435,0.0336037296094139,-0.0939212421867093,-0.194976436781415,-0.0251857517936829,0.0257964561926194,-0.0108264231951696,0.00387169464995755
X126_DTFmainEffect2008,0.0278793064772806,0.0812296771749697,0.107271100188122,-0.0383369356759344,0.0292522747031708,0.0447667148886754,0.198404654542204,0.0457922712040517,0.115573775438852,0.149599586009806,0.164883158943505,-0.0737658523781054,0.153534222641589,0.0991686860409646,0.186810148854307,0.0969734039999788,0.053475564498698,0.0807423925341833,-0.110127697730962,-0.18060883669065,0.0327583575863878,0.0667240276648636,0.0444297819971343,0.0452951970338177
X127_Size_spain_2009_2nd_experiment,0.217462178057057,0.263971609262343,0.317191599072023,0.0200660707691248,0.227996780139192,0.245055480309901,0.251503605117885,0.0660950287055256,0.252474509685017,0.252633936265858,0.267757515759648,0.030579783670623,0.273183156046261,0.246132019485975,0.26046429349124,0.100137064784425,0.207200275246922,0.288288920084911,0.088249270578697,-0.0848410288921387,0.239679643450746,0.233826567877445,0.103606046383966,0.0612587834325106
X128_Size_spain_2009_1st_experiment,0.083608763298891,0.0803674828157386,0.0899784538834044,-0.05942015513731,0.0619561868694042,0.121071204448362,0.113306584087928,0.0878405974004067,0.112513514057958,0.108522480796009,0.100750820609599,-0.0976590150041645,0.149196278878496,0.128985256554345,0.120924362431616,0.0779243528741672,0.0946569779622207,0.113956337549337,-0.127238071878585,-0.150261719360485,0.0634189180774679,0.114156601222161,-0.0876530315196702,-0.012945619929852
X129_DTFplantingSummer2009,0.0994594895514096,0.0846737644350506,0.0633138060923151,0.000939926238876601,0.0925549445962866,0.119328004384192,0.196847791221951,0.0583671232797181,0.159609412132366,0.144910780492874,0.197155288335126,-0.023802884046434,0.179947872293803,0.163791593300154,0.206699776873488,0.120023532136159,0.097383380331908,0.116354774459927,-0.0343101742919344,-0.0961831772083878,0.0911456499209151,0.0990704403359978,0.12324204804464,0.0370920301382682
X130_DTFplantingSummer2008,0.0595160573422586,0.0736522489034892,0.129599779474372,0.0508656501132779,0.0785614564948316,0.101949885578147,0.209925991986304,0.0501317489815112,0.145898729910684,0.150502999600975,0.207405037122648,0.028193529061687,0.169434990073969,0.136236912361572,0.214094259463665,0.109907706226651,0.0674162710197364,0.0813510436023543,-0.0740521442002378,-0.0484106592044533,0.0762567823887178,0.0934490007656153,0.15526754156154,0.0823525205203201
X131_SizeMainEffect2009,0.0833743796782767,0.0805091051483662,0.0886609227517274,-0.0583056772666464,0.0614090066268763,0.120630248898485,0.113982651946484,0.0859718202505311,0.111946807577361,0.108664019331937,0.100971982995022,-0.0964612539429597,0.148749190227459,0.128497792466049,0.120737357626751,0.076326322613044,0.094643874255437,0.113514064272153,-0.126944519375395,-0.148259730201049,0.0630991791671391,0.113911631955445,-0.0886035053500007,-0.0122658795544785
X132_DTF_spain_2008_1st_experiment,0.0270336056214563,0.0810642972811029,0.105481386524505,-0.039228837148187,0.0276773298011598,0.0432573641276405,0.197493226149691,0.0450782931802154,0.114486035488697,0.149154192349044,0.164400982392119,-0.0743307663341431,0.152068102231785,0.0976948966485622,0.186317467338009,0.0956487241799693,0.052684382756237,0.0799737432618013,-0.107032948889494,-0.180450300497062,0.0315022505073817,0.0657191465327412,0.0431064443144937,0.0424578699656033
X133_YieldPlantingSummer2009,-0.125970366106779,-0.0714201034880101,-0.0348020270881314,-0.132471814515325,-0.084209344030933,-0.130084403433936,-0.0772354898695046,-0.0120358897561232,-0.0783015784314857,-0.0922884557111682,-0.0236321474634246,-0.157434236187905,-0.0486936235012122,-0.128000307250878,-0.114057960188206,-0.0216190041231658,-0.120844110525459,-0.0707824325873034,-0.00337723351850858,-0.0970940315131013,-0.125916385895958,-0.0647393066083163,-0.0621677624431663,0.0643943198536501
X134_DTF_sweden_2009_1st_experiment,0.0687027961502134,0.0918447728695958,0.0753739832602335,-0.0477157475197878,0.053234688071925,0.0922176170846631,0.172124170319673,0.0384526465626568,0.148019397679584,0.163008557175849,0.154364539270218,-0.0600767400916492,0.169018290307416,0.141916874171781,0.180856337535746,0.0957909067980536,0.076441322292525,0.099518874281908,-0.0570881143998445,-0.140921307551219,0.0584427250447186,0.0899984486413115,0.0527515156485493,0.00935515666807177
X135_YieldLocSweden2009,0.197328336036683,0.191737534121008,0.224263912901201,0.0936128673431743,0.2228024937083,0.274099085988365,0.236368067494894,0.188709510402003,0.253160679955916,0.23332116645218,0.298296940507589,0.0764810218654834,0.270295726825097,0.260263892130477,0.258279716880431,0.237598707567465,0.184977448659227,0.222755277445073,0.132480675842533,-0.0181126708446272,0.226067652798691,0.243903116102205,0.0457894495931156,0.107416970813841
X136_DTF_spain_2008_2nd_experiment,0.0548276994524164,0.0877032270693957,0.130956697549529,0.0171177622051617,0.0668878111255811,0.0885286328958079,0.224137792712063,0.0544571463178008,0.147742963099624,0.165856216844998,0.205807914608911,-0.0115733902817786,0.178883636503145,0.134389218623695,0.221883318625985,0.116005852305745,0.0702811255016959,0.0919248178462794,-0.0927549276542069,-0.109111269143925,0.067162276856473,0.0922705302288015,0.119607234775522,0.0720062766244766
X137_YieldMainEffect2009,0.0362148291833724,0.00833596516876624,-0.0307610792353456,0.139414066371243,0.0220791727014937,-0.0227585345574285,-0.0580349176990007,0.00390698958160742,-0.0521462679904975,-0.0303897029617987,-0.0809640651586738,0.170728348481281,-0.0853524630893724,-0.0517371049776699,-0.050351896298672,-0.0517936891647086,0.0201348865662961,-0.0321674014905013,-0.013688517737487,0.187177565507331,0.035743650098864,-0.0397920097808346,0.0641181044075329,-0.0157505151150234
X138_YieldPlantingSummerLocSweden2009,-0.114889405016234,-0.129859411468119,-0.255133593021665,-0.0525664109122771,-0.161738236696693,-0.152947784106024,-0.156228116377294,-0.155683827473077,-0.174134781831764,-0.155056232310171,-0.267565863072419,-0.0429703606366416,-0.206218026264776,-0.142142709069227,-0.176591576017937,-0.206509700915635,-0.106818024665641,-0.15302370729719,-0.17005404584805,0.0327976320309932,-0.143538708699599,-0.170181159658075,0.0330583776454424,-0.0786310424746122
X139_Yield_sweden_2009_1st_experiment,0.282318406502682,0.273553446920509,0.181330627145948,0.264222573639878,0.302253485306234,0.374095618291261,0.296531837687385,0.272283465043798,0.285815794586027,0.299560118051875,0.317526266061784,0.23861186809693,0.307650862484193,0.343047216716009,0.339362349871875,0.303901465677053,0.274859689535539,0.286948778330823,0.0872613590119604,0.0954403973865629,0.317449327576712,0.29600622187325,0.0947244357614293,0.0981655335192414
X140_DTF_sweden_2009_2nd_experiment,0.0696325528762354,0.0922493754019199,0.091383409414939,-0.0614569322902532,0.0562505752044243,0.0892517232359045,0.159715828431982,0.0263818838848631,0.155506476423677,0.165953496352672,0.163847633620857,-0.0653789753757563,0.17478355716769,0.145864242980775,0.174227955153391,0.0762736120023158,0.0777141583662974,0.104368737871178,-0.0406414098687147,-0.166609197792851,0.0609011940338982,0.0901759168672154,0.017465182327072,-0.0266931467372698
X141_DTF_sweden_2008_2nd_experiment,0.118643985819774,0.132567050712788,0.178868738073636,0.0480598893691038,0.113145952053057,0.134621157472635,0.271480390941076,0.0605409204469285,0.202999467368142,0.218894251277465,0.230008429634254,0.00134184471565874,0.227282447394108,0.184961082857933,0.273940684670429,0.128471533596814,0.126923378417273,0.140788132814297,-0.124463435371399,-0.0936912831621763,0.120370966310535,0.137290388755228,0.131633258116891,0.0681853868212739
D2_entrance_per,0.061434038326956,0.0361345070623191,-0.00984550788302841,-0.00442628516516361,0.152702147376492,0.0462682709161612,-0.0227296779848288,0.00707857878847415,0.0202104134521956,0.0282191514922823,-0.0497445267811309,-0.0597833911007849,0.0350913284262046,0.0466403094041946,-0.0328204616862404,-0.103635400739117,0.043650683774553,0.0317700221753645,0.0874058444298492,-0.0571985150480777,0.120920564876547,0.0131886587011646,-0.0470562876377606,-0.0531371486049938
GEMINATION_4D_per,-0.0744051472285479,-0.00713661422279399,-0.125860603233757,-0.0928149251914779,-0.132785492184013,-0.0649833085965573,0.0534114044187112,0.0258814900371283,-0.0215535774478555,0.00848222704503674,-0.0542259377932882,-0.0295518071188159,-0.0166148937612306,-0.0558643304653857,0.0545916483735865,0.129557204710903,-0.0585457806855977,-0.0403995964518226,-0.156395848547242,-0.115252687627894,-0.116861078294464,-0.0299523759289076,0.0668042120434392,0.101423458099374
GERMINATION_1D_per,-0.0789240419905144,0.0592326734223959,-0.325523254831046,-0.154050631944674,-0.0537349556185221,-0.0373281757795521,0.112828969662524,0.0426191037331038,-0.0298469299743356,0.0828611611677639,-0.227221539306523,-0.0928249442238891,-0.00545174856507991,-0.0180169638571822,0.0870919526584673,0.100091016219134,-0.0592234883364846,-0.0421495457891971,-0.258916415001016,-0.290052871837932,-0.0409227525689433,-0.0412157473243623,0.0409210278882748,-0.0242637669630854
Direction_index,0.0334703596782133,0.0735652202163893,-0.0924424697647252,-0.0929838796060288,0.00333540149544505,0.0107649904561544,0.0462877139422097,0.111922163323927,0.0395017486206454,0.0636307894601745,-0.0517948060411297,-0.035107697633868,0.0174149275780701,0.035832237596219,-0.000463116508353699,0.0793088683989428,0.0176132211564739,0.0391800934759081,-0.062555270870626,0.0247171121208507,0.0189812233955218,0.00375713477320427,-0.134546351343909,-0.0781380833218142
Root_angle,0.188178044247858,0.199996935745775,0.253203228835431,0.061121610362139,0.264695689714716,0.107923414180153,0.150392164576347,0.249945506918226,0.185974869358692,0.18330666299137,0.164665548414564,0.0934253803714028,0.231936309286538,0.0969385551290909,0.182751148847139,0.228597394800656,0.177597866905295,0.225816601344718,0.0866568451564506,-0.0342277828441385,0.228068783813072,0.177365576523635,0.130368670517153,0.0317032042545319
NC_0557,-0.018808172788343,0.0154843146010226,0.259042347935784,0.0917902930547866,0.0655432734439239,0.0232493963348721,0.186103046654494,-0.0582260419748586,0.0309995583013878,0.0828257468590573,0.0326257588927985,0.0251483165442665,0.084526877899819,0.0630596001388172,0.153422320533854,0.00039412837036039,0.00168746568021209,-0.00414923331828314,0.0171343980908893,0.156006437953187,0.0494845677984966,0.0208261606723724,0.0112352835134498,0.0967704228145346
NC_0570,0.002802052653599,-0.0598581406201828,0.0643174928846324,-0.0621369338255548,-0.0294504128527056,0.0454806924562852,0.0146055493287914,0.0748426118265003,-0.0133018560827837,0.00328415215072695,0.0777726976564663,-0.0883820139344851,0.0177309458212721,0.0300369257774155,0.0100492659259596,0.0259471031782178,0.0178457564353425,-0.0407914625672181,-0.0300342247717465,-0.140614084927505,-0.0329209463420834,0.0174499692659856,0.175839374465637,0.0898655051043016
NC_0596,-0.136130792724719,-0.18215941720662,-0.101214235061911,-0.0196031830594981,-0.241577640502519,-0.297045966913329,-0.149227960057098,-0.0386660017621436,-0.158673757984357,-0.18619978608433,-0.245689197005023,0.0160130470591314,-0.19940907108876,-0.243086457928709,-0.162779812668089,-0.125104379225682,-0.159828058571245,-0.208037877961805,-0.029523566457769,0.0476807722093166,-0.257774039175162,-0.236748897169286,-0.224231740596705,-0.0644830226465428
NC_0662,0.213133289278348,0.135157411291918,0.184057727374041,0.141621184181876,0.246595003486084,0.255350332571013,0.239442195732227,0.290268664355012,0.186097519009821,0.150890936441066,0.197566249138684,0.147154403666232,0.224058015843859,0.218955574190635,0.246577807447505,0.25573874868381,0.197487520196874,0.172192058714617,-0.0387696353662012,0.141484427118553,0.225092109687252,0.212574290241368,0.545246439367218,0.0682806736815587
NC_0674,-0.0454373790468262,-0.043796332197249,0.0688204218784107,0.0593618406678455,-0.0902242992247004,-0.235791727328012,0.0311256266726063,0.0470959816644535,-0.0989941922172927,-0.073574797664103,0.06986113784047,0.0851742078200248,-0.0983605071274959,-0.187753830194059,0.0254345087868482,-0.00863248740770156,-0.0284549009489714,-0.0479871527237687,0.29641380484192,0.137531181094824,-0.0768941700456721,-0.108542420687971,-0.0611284817763538,-0.0502328671573843
NC_0704,-0.160470626001656,-0.170644641780236,0.0760803444355753,-0.146142815376639,-0.121830323392569,-0.241174287652999,-0.14454539243868,-0.257711553651336,-0.162205994016908,-0.168445119395392,-0.0930227455495007,-0.223901219089717,-0.149117388356091,-0.204801758605329,-0.17084665218483,-0.238091896833644,-0.130050370038131,-0.153328660707923,0.0233245829851513,-0.140333292323909,-0.130834513530913,-0.157256205231277,-0.210620311067504,-0.0671607283684661
NC_0705,-0.136182556767842,-0.126824197716664,0.0762169102747775,-0.0598722450373977,-0.151383963436277,-0.199792868929942,-0.0931524234782986,-0.127752144267557,-0.153938954244656,-0.140915049783981,-0.0140774399626363,-0.0993722048681656,-0.125801311350525,-0.168954038156202,-0.127132384509768,-0.135352402434793,-0.102161202786705,-0.111539569051086,0.144649131008806,-0.0644994806155905,-0.165068970237108,-0.136512032887068,-0.150720382542098,-0.116315083782563
NC_0734,-0.404206947802077,-0.423117215203132,-0.32490517801412,-0.214995053287311,-0.421350672602116,-0.379374954470452,-0.346174118530911,-0.305812148092234,-0.408345305313637,-0.448023616455545,-0.380773520478132,-0.234704265413564,-0.404167723389161,-0.409553964901943,-0.358300423394872,-0.332397515309735,-0.361595051325566,-0.379496681590205,-0.137899880991323,-0.0809541261072092,-0.431971323078491,-0.345338449135588,-0.0361775586212721,0.00102345964187202
NC_0790,0.255417610953145,0.249991645643526,0.056870526538844,0.192806444105632,0.226197720151164,0.349947551145036,0.219878056548025,0.310932745244118,0.267115151221817,0.231631770831971,0.221887977850818,0.278299549727918,0.260061564274262,0.300155194159717,0.261758899167656,0.325420606440302,0.22779989293189,0.293090973706294,0.0759189343720358,0.0503952119210623,0.240331116015688,0.269705895426075,-0.0692709269255689,-0.00828386678237532
NC_0928,-0.109139560083292,-0.239552390788793,-0.0264164454012406,0.0707160483927806,-0.117418976719371,-0.108423043041049,-0.194649079194393,-0.218450656884859,-0.149144083171074,-0.240117890676387,-0.156807780409795,0.00926662512839532,-0.173728543724566,-0.150584635685022,-0.1574904886455,-0.113379169271414,-0.111715792395047,-0.179376540404476,-0.0777217773269416,0.0589880585841268,-0.119922181555986,-0.115821324005617,-0.101155486117665,0.11325539729205
NC_1008,0.0763390395265835,0.0393939257339291,0.0658922161145718,0.134774142259766,0.0927321943970036,-0.000615433739978691,0.0185024824219428,0.0511201623269882,0.0518836444609824,0.0323772428138209,0.11161712380573,0.201019624124553,0.0541174508658697,0.0349298715976903,0.0238917706308244,0.032830613683514,0.0836826077699733,0.0733836468191778,0.0171695334363072,0.207653895525052,0.101581237639954,0.0314967490660064,-0.0302079441271562,-0.00773633933417784
NC_1036,-0.102399689222134,-0.126695453148681,-0.114927223935472,0.0066501957451265,-0.183779440687957,-0.258068663672719,-0.108911679586071,0.00392994177515006,-0.124608294416688,-0.135580364977386,-0.247646610013258,0.078698189755214,-0.141317144625753,-0.203558282317329,-0.140000385042581,-0.0480961181020487,-0.11990958215593,-0.155510667339923,-0.152741287292659,0.131401838777557,-0.20521132840965,-0.199312998042935,-0.206188468364356,0.0324852818389066
NC_1057,-0.0628317607211719,-0.0432532150376028,0.141719903808374,-0.0333757650717452,-0.0872755626725921,-0.12901781067265,-0.0285187794110815,0.00633483159999978,-0.0802014999831095,-0.0654144733667032,0.0461429095047634,0.00125201482144095,-0.0979391272345785,-0.102287596071312,-0.0600821568676424,-0.0545933617705251,-0.0393653554415497,-0.0310034575584072,0.132600625790957,0.00985262864837863,-0.0480262766070032,-0.0632269096338657,-0.135053023109522,-0.125619287774115
NC_1092,0.00685304934407553,-0.12824937605559,-0.0390107037705245,0.118867816974139,0.0207309930551006,-0.0812860337957354,0.0239467049575877,-0.0529951702765414,-0.0358869354198926,-0.0950810399637278,0.0374697094355446,0.0387656446265209,-0.0479032485712544,-0.0950524715508262,0.00380649869210024,-0.0935849037956877,-0.0230067994182591,-0.109292022347386,-0.00522592944685596,0.0936978788218696,-0.0076564170422261,-0.0627728678069371,0.105636831345606,0.0146833063553158
NC_1111,0.140922195208732,0.151877901548971,-0.00827738177860879,-0.000786461503436557,0.164965870058986,0.221619278913066,0.17359161541358,0.123204117938075,0.160169884078874,0.150928137423822,0.0286094561144514,-0.000576799812571358,0.164300666356788,0.244546246285289,0.184348472671532,0.184182186666086,0.131483226871418,0.165229884481359,-0.102139832498279,0.0586404174652516,0.17384743823614,0.134373306005282,0.109602578540672,0.0710535237604012
NC_1125,-0.0189150198481958,-0.00903581179713359,0.0914024789742737,0.0482719079646585,-0.0496750132821621,-0.00587194183502894,0.080398018057158,0.0391457713122744,0.000604367788620514,-0.0139049143871016,0.0993911176017049,0.0480319330984996,-0.0277937134538828,0.0185084976019077,0.0353928118244555,0.100820755886725,-0.0252016602684902,-0.000624955051089389,0.0511342657713856,0.0865970794193384,-0.0262313054772842,-0.0312242511424016,-0.134525601001405,-0.0905445488766363
NC_1142,-0.207895552623776,-0.245931568038228,-0.320496138537169,-0.174080364460442,-0.24682178924541,-0.329939682001858,-0.349979816963003,-0.235504298438586,-0.272758247339635,-0.299147524918297,-0.301998991185415,-0.170417612585083,-0.297575120017846,-0.350642574748532,-0.347193577632788,-0.300133839852116,-0.221681190479177,-0.264874348921995,-0.0337417096165114,-0.0770291590955589,-0.274813891379115,-0.277245865658371,-0.298314044176214,0.0571745986174562
NC_1201,0.00266065330674662,0.0229034363235063,0.15581148156453,-0.0158612996058276,0.0210696772083546,-0.0161331008467937,0.0484989653226938,0.0453730384172308,-0.00663836906233657,0.00136514219540491,0.0883838101672587,0.0198848780755881,-0.0122350825822676,-0.0167430600670725,0.0151135783001828,0.0253703973369014,0.0200044058176901,0.0477136281097697,0.0828847630730556,-0.0149440612458214,0.0472309019885619,0.0171405908649579,-0.0013288750180489,0.0522709565827157
NC_1213,-0.0622567768305757,-0.0528219976519282,0.104252675355107,0.0177011301456244,-0.0627156182644118,0.00247555726644642,0.0149842845276322,-0.0379855122728561,-0.0372460089909741,-0.0522533690864067,0.0730289273951239,0.0344496592164154,-0.0580643185734285,-0.00834730667315764,-0.0220973658168608,-0.118378091336533,-0.0445053216267496,-0.0238641638967788,-0.00443472821071347,0.0686845748569225,-0.0292212724620173,-0.00466617898753434,-0.109688055809941,-0.0459081070457596
NC_1260,-0.14968707673991,-0.227115247664098,-0.105025265188711,-0.109576452504961,-0.200546122943532,-0.180916143899153,-0.257337796798475,-0.20399832413175,-0.188696281070856,-0.244906627674044,-0.133104853199273,-0.0803188839757901,-0.231843231842704,-0.212204603437537,-0.24059782282881,-0.265007449350572,-0.149903051769292,-0.191175697018897,0.0644679558245211,-0.00791753398254872,-0.187685718800742,-0.167900770300689,-0.299990539654921,-0.171982301158209
NC_1295,0.275113039759384,0.341805686281334,0.179489364312778,0.103703469262138,0.322663073786631,0.347442979065047,0.390739040278401,0.162963570496922,0.308076944014039,0.377427457303382,0.221803357232548,0.193898202529953,0.351976020196864,0.341526599849406,0.387146414822336,0.192535104750795,0.283593927265537,0.316374346765463,0.0369647790086262,0.0719821988208456,0.334692578804605,0.324831858053053,0.13640697639745,0.0155649309553684
NC_1334,-0.11277364228366,-0.122206596676023,-0.170752795482803,-0.0338584909898245,-0.0820143512048941,-0.0362854545042717,-0.163942614890117,-0.193135231783508,-0.126943188968517,-0.165339040002385,-0.142254422514511,0.00503608960461111,-0.105887612174494,-0.111404145803963,-0.123902359463204,-0.209403357682057,-0.0920483679869292,-0.0734945309521528,0.00379878788027519,0.0776340553745181,-0.0948925038859896,-0.0442598469207453,-0.219467283014978,-0.18866804596985
NC_1379,0.0169703968287537,-0.032297301388917,-0.0251735852126318,0.0243214745541622,-0.00834410637611347,-0.0372223321129783,0.0514876242664102,-0.0682072419136682,-0.0267805768504664,-0.0162329573709686,-0.0806058016186196,0.00132831552891972,-0.0181671674330424,-0.0399547932073273,0.0343402002645182,-0.125962283489307,0.00646140986498833,-0.0499176649939009,0.0219843636736431,-0.109892292695797,-0.0341504049170274,-0.0244569703070236,0.222727470855681,0.157811196657776
NC_1383,-0.20397000127209,-0.220165007975061,-0.101693519229637,-0.105516511058208,-0.207461695029355,-0.134141808986337,-0.170811136437184,-0.351893091282071,-0.197980947511312,-0.238151886244878,-0.109822517768465,-0.0751880874570155,-0.237469468696271,-0.161259141032021,-0.173387809450738,-0.300772086205042,-0.193864604888428,-0.19787135594761,0.0814693090124446,0.141247060607293,-0.186962154436512,-0.176261014485582,-0.170177999355107,-0.0624298537583019
NC_1393,-0.135741790314072,-0.170822592896899,-0.232045646912053,-0.146327888933438,-0.178513974929226,-0.132939108678891,-0.215012280816618,-0.195633661852535,-0.16624146289899,-0.187003946173623,-0.0949868826517866,-0.127173403337334,-0.177457057587581,-0.161398949937075,-0.217473218481496,-0.244576925818836,-0.134521999522867,-0.163337914254839,0.065852099614667,-0.0941637481542974,-0.184112482235081,-0.149356219831779,-0.240904379989051,-0.216713967127212
NC_1422,0.398787364356492,0.377621473592193,0.0824613795320351,0.253228124083039,0.368773160565545,0.40384755358575,0.335692543366444,0.359274479849965,0.378200838708317,0.425541291774195,0.346743069275608,0.196811869766396,0.386346513428954,0.40165616601114,0.347425850697238,0.370216308617742,0.361789116203633,0.343426618831018,0.000728517189116884,-0.00251657781218644,0.377958647858664,0.33882098746637,0.0414714425937532,0.146815184078734
NC_1427,-0.0524530294542392,0.0058090490486243,-0.154655498408671,-0.0304996319437214,-0.101313009525798,-0.107352187866281,-0.0322369994908834,-0.137771022449841,-0.0296671623444282,0.0198039038106334,-0.0522531080582687,-0.037198837819586,-0.0378490389061389,-0.10467759738604,-0.0500407954614694,-0.152841208778062,-0.06112547299338,-0.0577402929362765,0.0749108421419165,-0.0171478974005169,-0.107070815432767,-0.0517561339959137,-0.0757312965139766,-0.337624176364741
NC_1433,0.112878442843348,0.0716283279687737,-0.0558252178793217,-0.0445632052102559,0.0474175923357117,0.110797226340675,0.0274507173307117,-0.0611799329068109,0.0713842989193741,0.0567597834357636,0.0490459633662916,-0.00171222128007981,0.0304436424023525,0.111500534247828,0.0399507046131355,-0.0652985953240057,0.0879683555321926,0.0733823677164188,0.117318371705083,0.0656877359217148,0.0735548916384112,0.0476815793712458,-0.0036166223722622,-0.0862548614427457
NC_1474,0.214802705606745,0.203943499246389,0.259787595593313,0.209813764629773,0.213968548563004,0.248377898374271,0.260231310052333,0.00125798158918841,0.237429379399638,0.22002159122508,0.18802693748395,0.253612779047054,0.208562459304195,0.229307015907024,0.285590337714973,0.0784720680513175,0.190674400133405,0.221318068818976,0.11429827981949,0.270450921536358,0.239846688400716,0.230070959840059,0.141512737288794,-0.0174250637063013
NC_1542,-0.228124632579766,-0.254454946901504,-0.293103239097068,-0.157322086263855,-0.227291547986249,-0.217001948063279,-0.153494476888115,-0.0941684953268262,-0.249607899595624,-0.255028295887211,-0.271883141442994,-0.152894275457036,-0.27695008335913,-0.213677881806548,-0.176020210556035,-0.133235817576295,-0.228247119831473,-0.294396294943128,-0.206372991287954,0.0146841302970166,-0.232173151891466,-0.243789750280428,0.0206428795890892,0.0456656165888036
NC_1548,-0.174010372303901,-0.213007540193449,-0.193724489834126,-0.178362025348052,-0.21794510277247,-0.176209611965537,-0.307828425211027,-0.0409170538252502,-0.215318745043751,-0.229514673941122,-0.187497595340162,-0.220356778054496,-0.218883110859849,-0.217739644255219,-0.271437700717001,-0.101321399937041,-0.16582019940394,-0.209420247279017,-0.117960158491157,-0.130889689176659,-0.230136800047463,-0.180188396457964,-0.110719851429119,-0.0762587351900219
NC_1971,0.259324686711204,0.247834410499479,0.190236675762967,0.0987591372559834,0.307843868825885,0.253556833631735,0.159741016622055,0.154374864383874,0.270163369970455,0.201670179206888,0.25123944675661,0.0840838067227899,0.28577519622823,0.274281825950238,0.164375114608638,0.233090141266903,0.221917460104785,0.313788925850391,0.0584926099594465,0.0337315718139443,0.290356217683527,0.213958153357872,0.0218666651464976,0.0756811846951293
NC_2426,1.03851852736205,1.04065400361491,0.724350929465401,0.354036399155659,1.07256411559627,0.94533843222852,1.04396941039677,0.780636755757552,1.03867834212544,1.07308867577262,0.809683691123263,0.422410027192012,1.0670608107607,0.972715598799776,1.07846389025341,0.840718594678832,0.941024390398039,1.04729561201281,0.148939553598167,0.0756574168766532,1.08428783853325,0.929284428959905,0.920308764428451,0.0851675289919193
PC_0435,0.465561483707628,0.511123619210955,0.305826677733791,0.146237892497427,0.52258954038634,0.47536750210896,0.432320380014066,0.372601624602074,0.532844248023324,0.558537730570244,0.366889527941323,0.111031751939285,0.54799984059136,0.520352746925284,0.46038677546399,0.366577316474749,0.417468890098767,0.500531434578412,0.0659062335646717,-0.116461412597343,0.526851159422603,0.444058486942388,-0.032135803735784,0.223313653703526
PC_0441,0.175971855601868,0.0641850963157355,-0.0433421871371553,0.136628202170283,0.157674917637818,0.157026435194717,0.00162245545248163,0.0563980453104218,0.171169779177477,0.100253699257706,0.0537225961017899,0.0342347076926061,0.143306412845335,0.169460873509345,0.0327112616308005,0.0870324121973468,0.124854252654413,0.104905829064708,-0.143967533121667,0.00374507471247537,0.150952874076572,0.0983659777894447,-0.237107738471066,0.172312296328308
PC_0446,0.17103535194802,0.155013989917025,0.178605270612986,0.0930200086006934,0.198836465772844,0.15787445236871,0.174500388711513,0.141697805376163,0.193049711267715,0.208547884479795,0.166478490759179,-0.0181297303999602,0.209111951665642,0.187392559347206,0.142778494562396,0.132970954561613,0.138925775078795,0.137758236865082,0.069253566502552,-0.112625201863474,0.174571671505648,0.129528655785314,-0.227753846412123,0.106387323243111
PC_0448,0.0155383800324075,-0.010675312616296,-0.121882274743771,-0.0123101560488732,-0.00686891884018099,-0.0366555130466905,0.00281235152310442,0.100154901771841,-0.0292203532312633,-0.0402566630649176,-0.00114671299853932,-0.0890046936425143,-0.0307097882132941,-0.0389980010349602,-0.0297716131463844,0.127379307715496,-0.0113861610989435,-0.0158234504528389,-0.151596525295513,0.0553766354185489,-0.0202469548010065,-0.0495074893063849,-0.0267982814553533,0.111316384082255
PC_0451,-0.200511030345209,-0.294762277872924,-0.245520262653848,-0.0156867295644045,-0.325918263671617,-0.255104276445107,-0.252735404893792,-0.156808884840481,-0.25224494914744,-0.285750917503496,-0.217205040315796,-0.0461397069666732,-0.324551841661052,-0.305245835534922,-0.266216354651894,-0.182934072953348,-0.21307515281734,-0.288399532260757,-0.107365022519257,-0.00476204855061107,-0.302278097512413,-0.228374437340309,-0.246512899947641,0.025665897672963
PC_0454,0.463322039966576,0.450235828570008,0.137134319603049,0.172329695418768,0.457779443140948,0.416501987723863,0.354577210895891,0.33386342743259,0.451851629105646,0.419149828919346,0.286703526325205,0.183560723518006,0.442810125583617,0.457179654967465,0.360471561253521,0.466477895974814,0.398819024854841,0.469079265110667,0.0910544298558251,0.0306014922104524,0.45688663993081,0.34432533477316,0.109347539170736,0.0134143582988273
PC_0455,-0.0983859153656669,-0.0668590725757813,0.194819413829202,0.0153249105444261,-0.0907036937902536,-0.12038011250737,-0.130704053875815,-0.0529229749269299,-0.100516380055911,-0.0642482727978806,0.038011678499081,0.0349836751517291,-0.088212363237933,-0.0814598865175033,-0.125810408184656,-0.0755119524955838,-0.0663635415606385,-0.0786585044403666,0.0634472043399665,0.181334304594838,-0.0747299545880565,-0.0850768306137283,-0.338203673518554,-0.020810765863145
PC_0490,0.0795410943593415,0.0551211842598565,0.0776773679023294,0.0426597719449377,0.0586869151335754,0.073321169941491,0.0874566575697322,0.0168208996019039,0.0832330799941987,0.0815850157353789,0.0797453034619729,0.013074640912495,0.0654167182416333,0.0684372166488834,0.0898747914965559,0.0391376217755273,0.0628612662485418,0.0552712113471674,0.0339407094012509,0.0177854826849249,0.072514373956952,0.07405858585689,-0.0498560042660914,0.0651227443547651
PC_0499,0.145835877054176,0.0248314770457313,0.203811933189745,0.197094785153279,0.06869023599455,0.132041692437465,-0.0312643181995362,-0.00804474791487004,0.138089235461193,0.0684421772395479,0.163043041350531,0.116629005550299,0.085920003009207,0.119551679016455,-0.0197393660562217,0.0438835185567778,0.105501715823233,0.0730326565410398,-0.00696992484546406,0.0389979404378785,0.0895495952863368,0.105888756071903,-0.468707095609252,-0.0232437304441162
PC_0500,0.133926671417879,0.0114165019090386,0.0930561236470275,0.119570739546282,0.0397022655392602,0.102486289245101,-0.073134234060987,-0.0329167826574407,0.128760609214149,0.0503225740826567,0.130344612221345,0.0443199298988555,0.0615298350974359,0.0877216194472121,-0.0586636274920461,0.0253508147828573,0.0879340768628812,0.0582919746450976,-0.0556694217836901,-0.0406564866198108,0.0688604680006802,0.092002336939333,-0.457128598094779,-0.0114957709931514
PC_0506,0.0242591904025613,0.0670870277548863,-0.0129356647175547,0.0687019768349751,0.0832361387340867,-0.0517863823453421,0.0533175917928757,-0.0164820468812066,0.0258666367346874,0.0715905065116138,-0.045435042707899,0.0866787768643825,0.0257002931599715,-0.00445909524446621,0.00514094166899721,-0.0289229237498619,-0.0162549366743388,-0.0200480676316193,-0.0980348888556323,0.167517136528889,0.0424005655293908,-0.0472977015152675,-0.0773032077373439,0.117581541466982
PC_0512,-0.280982875468981,-0.310082567133566,-0.181420454870691,-0.159601710843118,-0.265790384724169,-0.2836841858501,-0.205466162127141,-0.0744671565535017,-0.302821209518547,-0.345173660903295,-0.219755886648711,-0.201900208662755,-0.288640750882113,-0.315987487506243,-0.245509887443244,-0.0514143581182526,-0.246691075879023,-0.259017174510622,-0.122090546158276,-0.185330699253418,-0.284029123209861,-0.243473566426915,-0.362769088825626,0.0225757939780358
PC_0526,-0.0603726239917193,-0.0668874027457484,0.0270630189989859,-0.264393470868926,-0.123058958715638,-0.124167600696773,-0.162304726562536,0.0872797732878621,-0.0689077936932138,-0.0714864066368089,-0.128541890573295,-0.188451815072539,-0.114790750435718,-0.141905796667845,-0.151605393779349,0.036530625091367,-0.0734079365053661,-0.0765263077767222,-0.00852169897739665,-0.355898523741902,-0.102301230488779,-0.0729877841600855,-0.206788366750497,-0.117496956990768
PC_0544,0.0678762292132959,-0.0727004612095171,0.0755444917837841,0.0236815995662908,-0.0151801941355736,0.0285358497678988,-0.000909105649813625,0.0794592615555265,0.0360882947586316,-0.0654663566842976,0.0873654940974466,-0.0804540729713901,-0.0517707182254799,0.00878205753244084,0.0137373739812391,0.0431209748685711,0.0162769333514371,-0.03420956349196,0.311165256342511,-0.190413857554126,0.00269106476626575,0.0007582423562846,-0.153417540706379,-0.083533130829058
PC_0546,-0.166349695984353,-0.163066923221338,-0.330885775794148,-0.165750585941392,-0.164326830951057,-0.161369059518446,-0.242441064788518,-0.305450125732593,-0.185838191815225,-0.163669992436083,-0.243550825341189,-0.183689929750366,-0.191037043970393,-0.175012682848745,-0.243821479687649,-0.318207765232851,-0.168769817025199,-0.201426855109867,-0.136697172254517,-0.197261545415875,-0.190009168697942,-0.171919852068921,-0.257695822595394,0.159571453919819
PC_0552,-0.000481262820037415,0.000439110819352602,0.178549040763963,0.0424048091064956,0.0680676156766633,0.00793168100200234,0.112581864711983,0.0438787334238274,0.0351822121499143,0.00817549641410469,0.090978834313141,0.0163938745099997,0.0673341054439861,0.0615028703648067,0.0905406816432473,0.00627736489632213,0.0150685371633607,0.0492210804292313,0.0278727109136499,0.0514871292845181,0.0594119073618293,0.010842893894151,0.0465637869009795,-0.00673315951951708
PC_0558,0.173092282006624,0.120965138487972,0.151738121977674,0.136909540069418,0.153772385931815,0.103712081555337,0.104741112071656,-0.0139754121372144,0.169235468790719,0.132491138702582,0.066100260692042,0.0153010087882115,0.141955874213673,0.103002066003103,0.0847401197302981,-0.0143816231081705,0.113752810427518,0.120534565474155,-0.0506017243942517,0.00543085803043337,0.13795210600268,0.108930318437477,-0.103497377417741,0.219886387477622
PC_0570,0.0263990018873923,-0.0742769544167516,0.0478310648472452,0.0539526779632127,0.0430495724760065,-0.0328217493484415,0.0141981048675199,-0.0657637425785304,0.0107472648134448,-0.0569517312173254,0.0410029359372586,-0.0415428527942314,-0.0107529565252518,-0.0300872463571588,-0.0124543750258176,-0.0829424005995982,-0.000556691036242646,-0.0324713339791846,0.00933105829846773,0.066442581405918,0.0314638793413405,-0.0261183623857648,-0.102147161908195,0.153502876157344
PC_0601,0.234659007384793,0.167718482838391,0.0462932753146476,0.00902076085270194,0.118543324785218,0.182272376454131,0.049613775247152,0.22567716875677,0.202855017687237,0.181243364566113,0.160902504687476,-0.0883143914735308,0.148733867449686,0.15283565651309,0.0671513978135998,0.165213578704433,0.176473148977207,0.162077021649169,0.106961663986727,-0.148013925742062,0.134634178120106,0.158165713079066,-0.243731709966768,0.0362159764838177
PC_0615,-0.177796361723747,-0.170166647470396,-0.30885477093306,0.00335696649894337,-0.223146890824407,-0.232511571686111,-0.176630388522662,-0.261237257454541,-0.24703398909587,-0.182360464951887,-0.296311797437164,0.0651093030840862,-0.226735222839008,-0.256652971667705,-0.170137485509748,-0.283409598329511,-0.155911993762578,-0.218370533953422,-0.0791530858850099,0.136346967510055,-0.241237871258591,-0.200219013135593,0.0257014187574339,0.0447713292179511
PC_0626,-0.161424321418434,-0.159298764177525,-0.354986095512759,-0.164564259360227,-0.159441005245046,-0.159904802587209,-0.245792673349419,-0.295649062245139,-0.182607180373088,-0.162109295189532,-0.250633523622983,-0.185733859165805,-0.188130361207284,-0.171884430211283,-0.246403796262163,-0.30809664540262,-0.165871923068981,-0.197875984953202,-0.154069591797291,-0.20183031658344,-0.186340651658032,-0.17257126968396,-0.263126495867137,0.168734052471059
PC_0631,-0.0993786153203692,-0.0839102763459149,-0.0519864091981492,-0.148232340166439,-0.161842104947446,-0.335482342299261,-0.0638635812028181,-0.119075552278699,-0.134822188048547,-0.053992930955264,-0.146658962533772,-0.26454808285358,-0.118188970437577,-0.265197903588714,-0.118682525768518,-0.164280486763994,-0.128000465821046,-0.214508787508817,-0.114306664379267,-0.182341901136384,-0.218788557485435,-0.199142680060419,-0.100863013152898,-0.15610853508388
PC_0633,-0.134298255188642,-0.0792388942691229,-0.179496344501844,0.0302407070082749,-0.0953261204999474,-0.141903522583709,-0.0465643968660188,-0.0131376164344076,-0.108165207413975,-0.120408341372318,-0.0454133002420351,-0.00518728242578652,-0.0922783909130457,-0.0899136640827245,-0.0372255620228149,7.03845097441798e-05,-0.105610699880493,-0.0498873988416167,-0.059620866056041,-0.0524187512520123,-0.0881952952000902,-0.1298417192158,0.0815765060679897,-0.171491315221137
PC_0635,0.232663854392594,0.23650341878176,0.166719777442773,0.169776626696085,0.293149126296379,0.108904523372351,0.345213758717702,0.193536865898539,0.234994079621646,0.224335146687102,0.154325331168881,0.125473220250981,0.257859855255113,0.150601537414216,0.33218736171265,0.186160946330872,0.199659315548674,0.243391746311126,0.0307295939609269,0.0608783068921371,0.272035465494766,0.162367501586639,0.380222943548831,-0.105744486663533
PC_0638,-0.0547528062417252,-0.0410329607404291,0.0485972363353332,-0.055137801373467,-0.0933464272125303,-0.154099303130148,0.00313461991210454,0.0201877192853776,-0.0724486898538279,-0.0501540396268417,-0.0240693372471139,-0.0518627678793273,-0.0827923669959672,-0.126715734092673,0.0180542283291957,-0.0315876091308986,-0.0425448682047858,-0.0494499634399234,0.0803649845978413,0.0550359794809175,-0.0728661615684175,-0.0822420409572689,0.220176141468905,-0.122355360430275
PC_0642,-0.29565421485438,-0.352500963115876,-0.211533135940795,-0.0733784950378648,-0.319475709676446,-0.309123081560344,-0.374546861348151,-0.34674583039389,-0.318019115293573,-0.369793576065602,-0.232191157865687,-0.134535315265889,-0.309901542264256,-0.347765181210151,-0.352053895082407,-0.329414453212323,-0.265565066957659,-0.299916528993632,-0.0679628509434526,-0.0234735821273259,-0.335076596560081,-0.267297352900722,-0.43071368170309,-0.155162773981408
PC_0658,0.048854852929945,-0.0231644531312378,0.0861541294606946,0.155878682324858,-0.0171197295120022,0.0341859849356292,-0.131573606333459,-0.130853973412006,0.0518384226295136,-0.00483930771414754,0.12800422041409,0.15055208080947,-0.00385751806875979,0.04086520596992,-0.127810762512886,-0.0554392846226574,0.0230591676750347,0.0138737140282944,0.0348101836833569,0.0974794606804519,0.0143684574869884,0.0142123667058362,-0.459710811291505,-0.0287910481852656
PC_0673,0.296993059266385,0.248776091996328,0.126383313003548,0.162437116534989,0.311728429765797,0.136549858277085,0.319223118910304,0.211350628368018,0.273806758159771,0.232985716273512,0.114034242889989,0.130588147503653,0.251688930771502,0.159189355580131,0.300566317342983,0.22444952171066,0.228576524875807,0.252581679315206,-0.0268152988731902,0.0568253301831935,0.298087197125894,0.175856211413837,0.318580478168827,-0.00104817471752639
PC_0684,-0.141403749814198,-0.138270538812877,-0.418374876048118,-0.146727621292706,-0.13826692475387,-0.145401012644085,-0.250757238341889,-0.274560942228403,-0.165715978095485,-0.151116769134516,-0.251537928061152,-0.175415898662312,-0.168729880531798,-0.154058949976731,-0.252262113036244,-0.281620644836465,-0.151523622586076,-0.175775980833978,-0.188645332840182,-0.19387588975526,-0.171541149466808,-0.165630412181599,-0.316605710241086,0.193819673162337
PC_0688,-0.151447885293031,-0.138605604240676,0.0388596954573775,-0.0785762817931845,-0.193700324362062,-0.250162653579494,-0.168230198898143,-0.0702050873900389,-0.16639382499599,-0.125018707043482,-0.191021809554146,-0.141332976844194,-0.187519892844693,-0.222869029645651,-0.180907404889415,-0.106076089040651,-0.150453499137368,-0.19209283605917,-0.0487297068661601,-0.179409860225965,-0.190681879209178,-0.180690513737122,-0.135620613282107,0.0748796628893072
PC_0709,0.101673580631782,0.0651023718114775,0.241236538766447,0.102435959094981,0.0812292095462743,0.137705945384236,0.0173769079841691,-0.040464141209699,0.135905674924217,0.0827779603565941,0.217286605491089,0.154812626255216,0.117920164747685,0.147613822866442,0.0151185167953193,0.00414504929865651,0.0901801582374173,0.134761150224747,0.105356907964237,0.15173218468971,0.107287302495313,0.109279691812051,-0.536062066883647,0.0714534244567989
PC_0712,-0.040096393187977,-0.102288275043182,-0.020315349080798,-0.117457475584548,-0.0752296162934935,-0.0111126450450247,-0.00191750690186794,0.0985615266597361,-0.0740539781784968,-0.0472552574736335,0.0329445640855894,-0.147373000549824,-0.0371056686979787,-0.0219526213390029,-0.0130467065345479,0.0465363811872426,-0.0127610679781626,-0.0857302151573391,-0.0507787155313631,-0.199952755677558,-0.0762981925433102,-0.0289338827270731,0.24527215805401,0.135241208477496
PC_0785,-0.218598037268082,-0.232340772479744,-0.193010099689717,-0.00442740400907297,-0.203616481027471,-0.137558350502256,-0.15816389917931,-0.300192692903484,-0.213900362020761,-0.211158753833592,-0.165475047826291,-0.0327334685804277,-0.200312733808847,-0.135187700767436,-0.16881176185463,-0.258563756866822,-0.188551440052185,-0.22542243957501,-0.0694141805295079,0.0212574967954772,-0.215498519229938,-0.185756691101657,-0.29904727415373,0.0286821255456381
PC_0846,-0.284026874428046,-0.421942130493834,-0.151747114586817,-0.0372893642755921,-0.367611182388287,-0.356977630930953,-0.420223720689321,-0.354350479517848,-0.322418263064758,-0.396366797026816,-0.179265564580627,-0.105254357625486,-0.383651737837526,-0.379633804557715,-0.461759047738636,-0.391366544817944,-0.300768602789127,-0.4017412603741,-0.0602310842779882,0.0715858496157452,-0.376396011667784,-0.328137048602046,-0.626513348103622,-0.0163312411955948
PC_0858,-0.0183755080587478,-0.00273637580284768,0.0564898005721375,-0.0223454826619645,0.058808841590186,0.0333714263682759,0.082724571024162,0.0838057198451051,-0.0034667922301163,-0.00936309384044991,-0.048074621787479,0.0190560276407011,0.00471028819636333,0.00850804664413436,0.0768040597078574,0.0155941558536366,-0.0348575337597448,-0.00843516812627748,0.017382028855243,0.0553589191172552,0.0362951303521038,-0.00243239636249712,0.246314941663464,0.198164696972185
PC_0866,0.220927071025466,0.184657959291818,0.115500579028995,0.129928809762006,0.199459852241317,0.196080306144911,0.189738215592566,0.221598374853195,0.2264130794097,0.18106694328501,0.177855150531155,0.144782073317057,0.203012592435751,0.238292606047319,0.200113037074231,0.271337479658119,0.181989071444919,0.216936631363899,0.0277978025684213,0.101086561820879,0.210883571060112,0.143174374177936,-0.0283684873100726,-0.049348901760072
PC_0932,-0.117191573750813,-0.166393102952334,0.0608873201054776,0.0435029283756482,-0.117856616485479,-0.184265186466533,-0.105738597437479,-0.0528645896223147,-0.131847642737998,-0.163781897840636,-0.0186478654650022,0.0278747392627219,-0.124299273336615,-0.181100944638819,-0.13374573402132,-0.0577449729035211,-0.0895819503988884,-0.117084056709963,0.0195611072329077,-0.0181068742508451,-0.121349840123232,-0.109982310413229,-0.358981813108509,0.0363982804378521
PC_1145,0.370645906838471,0.347875796969094,0.151165286702442,0.272175878427648,0.424292621968633,0.291134122661814,0.328848593386016,0.344711177784074,0.352960349665582,0.340183481107635,0.238290450210504,0.300329435147546,0.366741579677054,0.353304235558985,0.337362373907408,0.314487604190999,0.326289616608598,0.362324292102435,0.0209927004009798,0.228384991990293,0.408928651564117,0.262570228725327,0.382368573109552,0.0426924410677432
PC_1181,-0.0251686834437603,-0.0143602239705082,-0.0445843378415997,0.150932406244652,0.0635393434164521,0.138809945987253,0.206040719633412,0.0121912051731549,-0.000183620055754464,-0.00386919688992607,-0.0289677873592606,0.192030622406231,0.0195218608119296,0.116682678571113,0.196058200384709,0.0341887053601132,-0.00645284311195884,0.0156230266870939,-0.100612763623062,0.318031384731853,0.0650140533281335,0.0498917602257093,0.265705029353664,0.155896193710351
PC_1237,0.373347821001676,0.390887022501194,0.166566062124932,0.196101835857217,0.376014888261118,0.396550270076589,0.389337714400593,0.271773977815106,0.394417315865205,0.405934474349079,0.225009354400538,0.201991180091253,0.381017860389196,0.445102880736888,0.418670883309496,0.387580317626242,0.329705786840521,0.374378788566231,-0.0505378554255788,0.211629502432139,0.39275508798314,0.314910402460977,0.219593312709618,0.0971448612711222
PC_1246,-0.263235436651847,-0.298000256200424,-0.19864498599278,-0.0914477738172291,-0.333121175470748,-0.278197116775404,-0.279758527267605,-0.265410216395677,-0.27025444518386,-0.258434163348972,-0.233693421957792,-0.0848941000073661,-0.318506568424742,-0.264075683078586,-0.287088932451849,-0.265504282298798,-0.242467677830003,-0.305305787772719,-0.04520364296605,-0.0235341182358011,-0.301188098957799,-0.269563154561842,-0.42186803893823,-0.0287399933951663
PC_1248,-0.0877296027151094,-0.10823692789644,-0.116986065874573,-0.00945242312013746,-0.132458889124237,-0.232480515252018,-0.155395680560423,-0.265038330481089,-0.118778217216706,-0.128958864807486,-0.100840295147986,-0.0301903597875513,-0.141092407287501,-0.240538471573283,-0.17220021293923,-0.249437558345889,-0.101768004688738,-0.127613260219966,0.106866975279558,-0.0406029641779132,-0.147974306274136,-0.129724273798131,-0.341691528918915,0.0267068956113002
PC_1265,-0.138449806875346,-0.201610111510977,-0.167593318338017,-0.023959572244512,-0.153763262711507,-0.187639353716479,-0.236868398800985,-0.145328315859617,-0.161450514509151,-0.22132794534858,-0.0585463050450004,-0.0230924915497761,-0.206883949614166,-0.190336023526419,-0.224507696308361,-0.183987474350736,-0.142927564708236,-0.160586086833931,0.150684353342206,-0.0213642825056385,-0.143191973823419,-0.167767375283945,-0.301405658516638,0.0946477050826113
PC_1274,0.172035680634326,0.190727045880308,-0.019312156679172,0.0284201983102201,0.16583922870039,0.135831956927528,0.124057630992789,0.158249168511044,0.156394980353217,0.156998787310957,0.0352267756074313,0.0778191677880033,0.129352488931292,0.176666852661995,0.139858650880892,0.165702851978982,0.128057883058578,0.160620620210321,0.0254799156897281,0.10721192451493,0.168322041953959,0.0787287316215409,0.156557429554112,0.0755136270286259
PC_1322,-0.132888890355725,-0.160583590803298,-0.0827607239514698,-0.0748971892987551,-0.119770249146983,-0.253008548171992,-0.203082103080408,-0.136981363097922,-0.183860130097725,-0.193212093365514,-0.156739357835516,-0.0761295845640209,-0.184952281621086,-0.199107764183042,-0.235307733425229,-0.141410370294366,-0.124288747372177,-0.163571738359336,-0.0423942788229835,0.0453888689936138,-0.129647978026481,-0.216962923436287,-0.134650031407865,0.157610224969397
PC_1401,-0.189769511645064,-0.265497709724051,0.0200376604597263,-0.015022904449509,-0.205685322869676,-0.222015986016232,-0.103833496267428,-0.16547357359372,-0.211930775523314,-0.221376409609661,-0.110131177152188,-0.105533576300047,-0.206224716117233,-0.242212179434617,-0.13237450568327,-0.234058132663735,-0.174813937022872,-0.264015180098184,-0.0287429846043812,-0.0766693911060308,-0.224986319123985,-0.176160934220606,-0.0588571866412341,0.0967368654461359
PC_1410,-0.205163222182098,-0.247364105882066,-0.231569883438056,-0.12776635001851,-0.250874540903999,-0.281508174079675,-0.340787378783931,-0.200153122417169,-0.25420795011974,-0.280132899472862,-0.215045636914352,-0.110153154421799,-0.277724862885458,-0.288809994305659,-0.34116230585961,-0.283811188530385,-0.210873868214811,-0.251304021412655,-0.0170567270315851,-0.0564226010970032,-0.265473411608281,-0.261057450419879,-0.246662342267821,-0.00157779880534894
PC_1435,0.111635129020854,0.0877778250679744,0.0315816787231376,0.0656285989903557,0.0424712704617846,-0.0184105634281853,0.0947847727686608,0.0774137803862508,0.0685072278873016,0.0861137336199859,0.00451394988621522,0.0711969215920487,0.0353926529939852,-0.00946279798582935,0.103568471768586,0.0258936382748286,0.0596680406963185,0.0313681378485515,0.0723057381332851,0.0350174596132962,0.0352597703365866,0.014399147430569,0.0898213531295642,0.132074525575225
PC_1465,-0.0149745788584355,-0.0298843107919638,-0.0503688637670785,-0.0306460675464793,-0.0610770432338268,-0.0403437121040923,-0.137387292728258,-0.151420179952441,-0.0370062278304345,-0.0515967114833071,-0.119936560026697,-0.0441504800593223,-0.072071969917556,-0.0602147697039583,-0.112378522302576,-0.0633520842788059,-0.0197046898602141,-0.0322740507084695,-0.0703707829505941,-0.0417538177302789,-0.039621219615331,-0.0252886257209437,-0.147579002417441,-0.00715629053681037
PC_1490,-0.166937000958339,-0.204531195908182,-0.0509967417510524,-0.15699345037894,-0.209949105916051,-0.087536809646641,-0.228014588596686,-0.205828619312477,-0.150122725771859,-0.191686297294062,-0.105273108075286,-0.1096972270192,-0.201038833192669,-0.117207197440259,-0.209772461991623,-0.191004458757566,-0.142959399844952,-0.153549589929969,0.00653510773805338,-0.157595529762794,-0.156685749930796,-0.106179906613981,-0.332240368708426,-0.0779417115150213
PC_1491,-0.345901941309128,-0.396550502203877,-0.0428380464476826,-0.0977022888209879,-0.330588260535844,-0.314800302765709,-0.30126825394926,-0.29261012482778,-0.331000214740862,-0.35300614188312,-0.152266472764483,-0.211722838750236,-0.348112741106165,-0.338967687516502,-0.292852278030092,-0.359657258636895,-0.296165882220191,-0.358761312107161,-0.043905221080562,-0.130779756408029,-0.306029650815688,-0.263437972684244,-0.199513819710734,-0.102474505470532
PC_1493,-0.120089457588519,-0.156764993526594,-0.127592314015714,-0.0197341999725914,-0.150209635906348,-0.0108775568559649,-0.0843450470126627,-0.0631010526831827,-0.112804354785019,-0.123709116376328,-0.109508937674115,-0.0435148903636033,-0.131143481687497,-0.0250461644593031,-0.0514957533419068,-0.0429603240432497,-0.0945523233244813,-0.138715897458234,-0.0304454985619104,0.0469291054323622,-0.121459808515976,-0.0852854273454803,0.0219663052930824,-0.0570567754764287
PC_1528,0.399027213273212,0.358893156829777,0.236475004311585,0.171708846451037,0.359686096736158,0.421479718915627,0.273282895243894,0.147300258278024,0.415950518771631,0.367478593923878,0.278740990156316,0.236721621061948,0.334976896825878,0.442836671174673,0.298352776717502,0.196728323784522,0.327274565540565,0.369358634494528,0.201143112397423,0.142459731810628,0.40478537091188,0.319866547178557,0.0350903521328977,-0.0617345768126868
PC_1533,-0.202922589711068,-0.268879101418861,0.0483574009190173,-0.0590831323348486,-0.174718875354286,-0.1710483970418,-0.198297921802777,-0.201666409693375,-0.181501912031952,-0.21496120077965,-0.073533709313146,-0.214235549350606,-0.197751460738185,-0.179658871921963,-0.179826992290387,-0.236328114493333,-0.173807719840552,-0.226153592366412,-0.0248641868206117,-0.174706618941375,-0.155542731080244,-0.147983595029618,-0.231844535552485,-0.0584177501499236
PC_1732,-0.158992936823774,-0.229904099213662,0.0748398606167556,-0.0157540985697195,-0.166099732106679,-0.188605742378937,-0.078994155092115,-0.146821863830322,-0.174234897930815,-0.185775719107702,-0.0680407646320865,-0.0954561119688196,-0.166144695360219,-0.207428425355695,-0.106189721515311,-0.213069672880398,-0.147352625378683,-0.224971769241895,0.0152810207457811,-0.0878235401562318,-0.187175144650397,-0.144921245502948,-0.101582410647379,0.107138208314134
PC_1734,-0.105316489364517,-0.0938691373535369,-0.069827663513207,-0.00759033008177736,-0.110190226833411,-0.0779994409291303,-0.0902023240797459,-0.115095071181698,-0.103421505712471,-0.0922167707140067,-0.0813995107245743,-0.00648771678853512,-0.105591118072721,-0.0792386322801025,-0.0927850054714742,-0.119139747466479,-0.0962925142306957,-0.106370302531242,-0.029980188066208,0.0707216238909113,-0.111104264490175,-0.0936260026012248,-0.139567675365679,0.00697591167281159
PC_1755,0.0144522818684004,-0.0168374891384457,0.100420944257472,0.030958976278217,0.0237590954385055,-0.0259183048829739,0.0924947223516645,-0.0345233974797967,-0.0112415978148841,-0.00027485141932367,-0.0617877328971157,0.00598187972210225,0.0169541249373118,-0.00338378648705341,0.0339625298387923,-0.0986696019264337,0.0220912606853637,-0.0139063777289836,-0.0653217138898519,-0.0663501026291004,-0.00128466056945336,-0.0320822203410212,0.0886453789356976,0.102593963881235
PC_1782,-0.202391632817753,-0.231902508722902,-0.0606849044560936,-0.0630708287265595,-0.212101545198026,-0.247472799965788,-0.0564174272369066,-0.0977835529916365,-0.23442648738054,-0.221512999010325,-0.230752690205241,-0.105237348257201,-0.21853724525681,-0.212999167496573,-0.109419129660294,-0.189482689721855,-0.172323315747335,-0.227294058112821,-0.0353816632930746,-0.0875171725142427,-0.227825985762223,-0.240675608877982,0.0860694709449331,0.0475915744714945
PC_1857,0.0887069691997705,-0.111749581113439,0.127195720531482,0.0409188120458437,-0.0155807073653338,-0.0593219165824534,0.0122769509697604,0.128384473972169,0.0485244561214358,-0.0532638616871983,0.0790045526460808,-0.0562090042005128,-0.0688751238462155,-0.0402431941783036,-0.00803908016400775,0.0373833543942947,0.011649546669985,-0.0914893220306437,0.106687901632272,-0.0987773666125093,0.0101629547215972,-0.044899119856373,-0.0725964988660861,-0.104851604225489
PC_1976,0.031452530580768,0.0237688239459617,-0.033989222220679,-0.0318290507685752,0.0601952261874295,0.0458815277608704,0.0612435505541816,0.00956566610128279,0.0373443653533036,0.0525774299271576,0.00573384329825685,-0.0602773836379454,0.0621114984810784,0.0559538795440846,0.0591674835852512,0.020206001873883,0.0350263635421945,0.0209042473605365,-0.0183777650377662,-0.0977635307804479,0.0470157132910003,0.0325515260262413,-0.077488133081677,0.160149413923158
PC_1998,-0.300635865546275,-0.337714261273032,-0.356173561603542,-0.171499212365919,-0.295107716182107,-0.273514135288293,-0.156941812528216,-0.172288004411954,-0.326333250840046,-0.306376117690237,-0.313415228488859,-0.227475960574439,-0.305747133638276,-0.267874479027903,-0.185538330769539,-0.233185220085164,-0.26033493674048,-0.342825972514445,-0.102631760067347,-0.105871850147494,-0.311436961054033,-0.287513782743356,-0.100106934839194,0.239514609753103
PC_2045,0.459465844264711,0.338276333828673,0.309031105196376,0.196803988082177,0.404085877462693,0.393453180738428,0.321663720061791,0.332985178165321,0.449208769250854,0.365365909435792,0.403594052340705,0.180645273244688,0.371540367917527,0.407071146315655,0.344342703601146,0.294648351146397,0.362289063374769,0.365716337157126,0.231308497266777,-0.0259830065028287,0.42094667844968,0.340326534333973,0.0698823860702857,0.0428963968381314
PC_2372,-0.221212537428459,-0.305313012180894,-0.283806203249435,-0.151469789029751,-0.183562681206271,-0.283303588489945,-0.158935847458137,-0.36142917130134,-0.23879297216983,-0.338591341482882,-0.327292556655365,-0.248372058508113,-0.246372813143726,-0.329434280228277,-0.182823538047385,-0.251178734020154,-0.217740601724226,-0.248341587258489,-0.132225035323427,-0.168716999321411,-0.216029345711694,-0.210558679375994,-0.185778567896059,-0.034723437202631
PC_2395,-0.122565229073095,-0.255124842723476,-0.346079710153996,-0.172078266617151,-0.177561402615369,-0.209305851707858,-0.219983063682612,-0.453888416957516,-0.173459380531343,-0.279385059922601,-0.382729505997832,-0.286210602919657,-0.223913692755867,-0.248786953803039,-0.215872367412581,-0.274218383732361,-0.152367866807315,-0.225892070349609,-0.160514366372019,-0.175488320756179,-0.202706278065278,-0.187147289385851,-0.204894366822318,0.00632882317870026
PC_2413,-0.0713053096896731,-0.148110461325403,-0.208312144910746,-0.132186101508258,-0.049852575440924,-0.148450642824739,-0.0525222938305246,-0.206928386817168,-0.0957053266876482,-0.17995247206062,-0.254666392692275,-0.252720034660862,-0.113161733253041,-0.187571940280877,-0.0588515225104976,-0.0609580867184016,-0.0851424431145519,-0.110445654551187,-0.118867194743028,-0.278475739694716,-0.0745353478465383,-0.0919324074959027,-0.151014845561729,-0.0817180475703078
met01,-0.0971753472487896,-0.174839680328228,-0.157052981924885,-0.0571804789086739,-0.0760719828404203,-0.111404829161077,-0.242144754017006,-0.178823314944095,-0.107052183356798,-0.19157420293324,-0.161725839116351,-0.172067126929562,-0.127793673628508,-0.105360028838273,-0.220927149538279,-0.166605357394995,-0.114432804229733,-0.129427719163264,-0.0353717272215892,-0.16040842134159,-0.0987087744477073,-0.139642200845208,0.00261650448512939,-0.113056861579462
met02,0.243730907286319,0.332488413494405,0.0609845178611639,0.0527762253626305,0.270534622131833,0.203963564093571,0.195183299697732,0.215526726516716,0.316890648408271,0.343114058571928,0.175856658057298,0.0316201964647203,0.336984141726834,0.24430446524704,0.238051843771351,0.236036109055142,0.224933146082298,0.321575064574011,-0.0721731291298565,-0.134353142150348,0.271884851471554,0.243330874916413,-0.00100158740360936,-0.109405186394088
met03,0.745791087133353,0.736303809268418,0.499945009731848,0.227070607669532,0.758306777517243,0.651187681273874,0.550768585462037,0.665284428828035,0.774751304946508,0.759938708258372,0.497098280554745,0.283441798267788,0.782873220936933,0.719585551814094,0.598187921425291,0.606549249623788,0.679350480635334,0.779795356715024,0.00849892714939397,-0.0474995514865854,0.780855964772736,0.648416582528238,0.229817367851443,-0.0265166591813389
met04,0.414476677189734,0.345794743017135,0.385550434797977,0.133066832797716,0.41788968775251,0.363063426772486,0.345762465965609,0.0347741467974847,0.418487714849245,0.376838724950193,0.197047328927811,0.0720090329964266,0.407511665089796,0.362554576064936,0.383216948596486,0.127050839290725,0.352598219969072,0.374733752777309,0.109943551833615,-0.0220914353665186,0.411480614670004,0.357259518834918,0.373555307153445,0.0762759736496275
met05,0.418877341894937,0.447517860804724,0.339370236039714,0.198879239084295,0.42143064532274,0.401877981524758,0.277721188986089,0.271324753989872,0.48124948016697,0.492868153821779,0.236262240238195,0.201979921503017,0.476106048184348,0.403424082897654,0.360126214325565,0.287280012332758,0.375617205346969,0.440576352399361,0.0158086627448531,0.0253974234428072,0.431145883332561,0.419649819251856,0.123244334127324,-0.0335417296007113
met06,-0.172336991305919,-0.25764133212453,-0.198377938874433,-0.157704758121139,-0.170520050165407,-0.146421929334796,-0.268747548936112,-0.217715887183597,-0.199437150325573,-0.258349827048339,-0.284990163592587,-0.258226185955518,-0.20073583097131,-0.161283318311188,-0.268246199830242,-0.202233030763401,-0.161184319078046,-0.209459764506861,-0.0496931468584113,-0.214609671152738,-0.186572726205565,-0.175946222696375,-0.028081840474011,0.00739414527467658
met07,0.0500814482328489,0.0187086464994948,0.182729768349046,0.138055285032142,0.0939248970596138,0.0650284882977598,0.134813777853058,-0.0874210128805055,0.0653337442036414,0.00344004147952341,0.16618112024843,0.111478413112571,0.0808161999544066,0.0670773116546257,0.0981106381664007,0.0109892755408198,0.0473107871433958,0.0801506250411314,0.0676036619265947,0.0969903652084612,0.079733528606538,0.0491935119102109,0.074804181238606,-0.010519915423245
met08,-0.0689756194149852,-0.0595666113676343,-0.14584472639157,-0.0523489587796034,-0.0656201844361289,-0.0124408649448205,-0.0254668119736444,-0.0440731301840023,-0.0603336643497832,-0.0363001946928678,-0.182872956042427,-0.102175396710965,-0.0121748427798109,0.038540857849052,2.88971932473762e-05,0.0566487288226029,-0.0265250997366248,-0.0387868735576035,-0.217969426077057,-0.114755532946917,-0.0747247556442044,-0.0672851809087926,-0.0219207092966583,0.0554071386885032
met09,0.0145140612594052,-0.0424933465438712,0.00349559058267048,0.0565160853295484,-0.0335100800648774,-0.0426515204198583,0.0131040630659141,-0.290818894692999,-0.016777557008476,-0.0424810407161002,-0.0855334176923518,0.0821789066350046,-0.0472793462154535,-0.0240587546948695,0.0278030881868651,-0.16739179249588,-0.00593531370456761,-0.036429356210357,-0.00235399162643067,0.241068782198717,-0.0303604469754577,-0.0553220014243633,0.15358194800705,-0.0683926030794232
met10,0.205608068510731,0.169115777864345,0.091815532084143,0.0921971966197188,0.233468629390243,0.151248607081565,0.0925165510069327,0.210767832661174,0.204601890719972,0.208745887841944,0.0433140851660987,0.0439040743422525,0.246453415277584,0.194662275889998,0.130497097160337,0.212055149603009,0.200183138820422,0.187961100972205,-0.134584272648452,-0.1460302309805,0.212385226034425,0.152258393157538,0.0516654782761749,0.060350282643328
met11,0.117584575185219,0.00071739779267699,0.116394669551006,0.0410630977775501,0.0799883589128572,0.0398690373278449,0.0973364481875984,-0.223097060205576,0.0699855953731384,0.017524599945723,0.0172958739387428,0.0915875999340015,0.0394727241120623,0.0348761214514162,0.100953383895138,-0.123607285831518,0.0834958401998954,0.0240305015863675,-0.0594302451306264,0.16553721084938,0.0733008157897408,0.0264015410378012,0.201427203674434,0.093508390223682
met12,-0.259266970395003,-0.22854922799439,-0.0306679789522172,-0.0456984441925914,-0.294900716843841,-0.180007954203452,-0.118581380591002,-0.287858627191219,-0.260975910740973,-0.214871466054607,-0.15912580333381,-0.073631909539541,-0.255857349338458,-0.196825168231604,-0.12350857796628,-0.146795884292123,-0.202497275236392,-0.242163066858675,0.0185700928560424,0.063188856518798,-0.267411612274011,-0.188530497881102,-0.0626401410239994,-0.0341859994271443
met13,0.0520015885988743,-0.0354160503537563,-0.0417588115517917,0.0352516939565001,0.03604875448193,-0.0148409568810418,-0.0975835607446811,-0.0631834528728781,0.0235012748117818,-0.063794129920246,-0.0541584502049694,-0.0428028189143722,-0.0113236700287963,-0.0220691242249019,-0.0739254218279995,-0.0574784057221871,0.0114073579042141,0.00524892243259432,0.00333007673428524,0.0317241600864464,0.0223091959787021,-0.0154918996611085,0.162916457060443,-0.144079216504537
met14,0.00572030957132971,-0.0217549138329325,-0.0954537694482819,-0.0357862782252387,-0.00574167505472209,-0.0420701870635156,-0.10007335982153,-0.0639992150010201,-0.0469511757861942,-0.0984154335808188,-0.0529636056401118,-0.170127388940422,-0.0621797350605762,-0.0453040971072161,-0.137316820517297,-0.0378680590330914,-0.00533986099185289,0.015500056076361,0.133951288148343,-0.142792142989671,-0.00670340660610499,-0.0465925951959489,-0.0384716035654818,-0.0973792625514062
met15,-0.403379535408066,-0.435051150366497,-0.42475140104205,-0.237423848353125,-0.381728488189997,-0.381585942172065,-0.530860596903789,-0.465453661885366,-0.457398687172299,-0.468253770671044,-0.528201539981431,-0.326172028273695,-0.42914120163695,-0.421376282547689,-0.527057570420652,-0.417387359103069,-0.360477577556056,-0.428978893841554,-0.174753835448615,-0.168793312829246,-0.422416404076404,-0.372334928863877,-0.148839980916989,0.010194020699612
met16,-0.0559495615734224,-0.0479311792861037,-0.143411823256833,-0.11755658694336,-0.0883208934101879,-0.0831755796562866,-0.0408670832235991,-0.12816922584725,-0.072020928481406,-0.0536642375584408,-0.113727859890229,-0.123004124257892,-0.0655056419677216,-0.040489374461179,-0.0786844520472339,-0.165797203707403,-0.0561997917031769,-0.0728601568662926,-0.124988506960186,0.0431577479544418,-0.097100640680406,-0.103038693544942,-0.0901188156048993,0.0376118606074305
met17,0.201841780801225,0.166585354511466,0.105360198153221,0.110323135325024,0.186854648783168,0.12047589870682,0.226351828265729,0.0804203258392944,0.168651371937285,0.17156554675589,0.201396854751935,-0.0135749231955283,0.195518571286933,0.167064240939599,0.190891516014559,0.120059746592687,0.176084062192559,0.168924858093851,0.0501231778773867,-0.138693636669261,0.159298208594794,0.0949922199806144,0.0309540603137484,0.0101011919007136
met18,0.464128375218153,0.505218269399609,0.362687562111193,0.135170623246787,0.517386009449416,0.459809517277359,0.36654622216755,0.365172612262007,0.542817286559436,0.506197456286576,0.478514205699255,0.212365377633068,0.519580580012023,0.493224635263592,0.3775463738113,0.370957705474987,0.412946787968435,0.54230309567785,0.155576737256803,0.00824743805835335,0.550554182111136,0.435534351771186,0.29103025803899,0.202090972407453
met19,0.436896554312538,0.381051512048577,0.468849020684849,0.132855779633799,0.383723440736101,0.327846956415123,0.347591109468086,0.460302318143403,0.431460718463765,0.419475708202851,0.343833322062994,0.193133968152602,0.385178412523168,0.365373002847305,0.354546003480239,0.395996717665961,0.393681587340696,0.391986280999111,0.0503209575649473,0.0193773255978387,0.428179589218002,0.357351295490592,0.263712340811174,-0.0071126434193218
met20,0.636596096570237,0.635131652645808,0.445541101764668,0.194644565524777,0.656773708693259,0.573339667210883,0.473649634535348,0.591444402329297,0.665927704498732,0.66254295642021,0.423683871075838,0.247186529298115,0.682290954854131,0.624331265629903,0.516547821414241,0.530033660069942,0.590086319997522,0.671421329016594,-0.0199389025292601,-0.0379289782715457,0.677748557154168,0.573697158954211,0.213895404607184,-0.0550912336255543
met21,0.418568284547209,0.407862754414382,0.217066876163114,0.152220224860964,0.426755859664791,0.373676419793886,0.258674339275519,0.36914446859807,0.428446528640336,0.44329092311616,0.292040530824185,0.15656718662495,0.467186465989752,0.414334399643642,0.319211622662597,0.363959788070184,0.397848462233677,0.431525741978582,-0.0595438893935668,-0.112932133244491,0.422176685222455,0.37377323370778,0.0791898967783948,0.0486439040499561
met22,-0.319241961063265,-0.318182237794412,-0.0394033058946892,-0.0964692154357241,-0.35545903261929,-0.251109975734647,-0.171719813664794,-0.325606101459525,-0.332043236011751,-0.309933862690562,-0.214273446799679,-0.132068723651095,-0.334202097822743,-0.277260344748914,-0.194889047020344,-0.212853326654753,-0.262468474162101,-0.31623487502029,0.0729543938550505,0.0443097259785001,-0.330681511712725,-0.250287942559319,-0.0996890540393383,-0.0680853663278235
met23,-0.287796992708439,-0.32234177995735,-0.258088685433192,-0.130186241634745,-0.298640082141735,-0.30342651394658,-0.324795786777293,-0.350418990663833,-0.315859910004654,-0.368337737134989,-0.243584301043645,-0.198405976104939,-0.348551164036744,-0.3298473553933,-0.293830225248419,-0.267327443571595,-0.256982268281651,-0.278622519581265,-0.0320194382871145,-0.0486517108722936,-0.279669783758163,-0.271303720184387,0.0443352608535204,-0.0651485835480362
met24,0.0494813153682959,0.0152604797416036,-0.0589625904452849,0.0507304664642364,0.049212138872106,0.0611144007564751,0.0071128331738302,-0.243873209109611,0.0650073562676687,0.0399791383854948,-0.0873880163093814,0.115146803036058,0.0525915833215118,0.0874436253124049,0.0831574379733091,-0.112891526222138,0.0436815305631686,0.0384510318532859,-0.10658126489513,0.269189798796735,0.0573838213101127,0.0279448027049436,0.0353780652893843,0.158809996506064
met25,-0.0253362380031465,-0.0300574033745012,-0.0200452721791638,-0.0492216729486534,-0.107821450644164,-0.119960474153676,-0.127807309429388,0.0397687654614216,-0.0688763971051415,-0.109951558228558,0.0110701873077053,-0.172049053264247,-0.116525738897742,-0.112626847548712,-0.179207250409926,0.0213257567292957,-0.0522710206394729,-0.0273465270795678,0.100575724018282,-0.107686333824048,-0.0993808366806831,-0.0969562943746619,-0.196214284387213,-0.1771982446256
met26,-0.317609600772557,-0.37842019683009,-0.09514778148898,-0.0614281520818241,-0.272043396386411,-0.32758843138069,-0.195954733815151,-0.194500158090429,-0.378850939083253,-0.404847866837454,-0.193963734655936,-0.0687507127329181,-0.365356199674406,-0.326398569385056,-0.251356607537809,-0.241082204427569,-0.285327687089002,-0.355657922979811,0.156175928058426,0.0824199673268248,-0.291935361420998,-0.350532794591347,-0.0133448952938611,0.00346441833624752
met27,0.389186893541167,0.350437560235338,0.197456747365324,0.0839542077810299,0.492132412375623,0.489097739292779,0.257182575842004,0.20749226959924,0.43320965186415,0.386896927245449,0.232768635701533,0.0687007572311912,0.490221032273508,0.486296566684945,0.327680545990133,0.280193543168968,0.387560416063855,0.456632812736407,-0.12639402280933,-0.116216719456912,0.486977544271013,0.412898983752529,0.106563799232418,0.0341552947028627
met28,-0.12731832512459,-0.185974855113448,-0.172211709919618,-0.0752806641019642,-0.098300262310361,-0.0711766796778191,-0.255482057782416,-0.301777040991007,-0.120845395508634,-0.159965948946576,-0.224450006369636,-0.124297179870196,-0.130412037025059,-0.0842155343520513,-0.173558717934914,-0.21601993803766,-0.107420994562277,-0.145036172397148,-0.101177397689175,-0.0689107680115472,-0.0940400347758231,-0.101570956420095,0.171374943667129,-0.0418931786714484
met29,-0.303388811873878,-0.281155130920035,-0.0868867867003364,-0.0779307550562564,-0.308321581993552,-0.23946625331673,-0.201202351228004,-0.383576855717685,-0.321043903479253,-0.277575456034009,-0.153317835430234,-0.0606544200711074,-0.3147670555446,-0.279759255961632,-0.222800604604305,-0.404423105422688,-0.259171652597573,-0.305805834522767,0.169719766228332,0.0975008346702562,-0.297587115624258,-0.23117148560621,-0.129768670512242,-0.0970534205138998
met30,0.110268695910646,0.0675634452700382,0.0757146650582601,0.0937008589760644,0.105602874065628,0.114420810372564,-0.00134433667734789,0.0196278023515849,0.132850826394132,0.037604595132985,0.0870482123531934,0.0691596543941878,0.123926561318432,0.12819477278075,0.0327411697895867,0.0461989734995866,0.0759636058168864,0.130974203275431,0.0458280752149764,0.0888732002831676,0.0894774960602349,0.074129884944342,0.0242674213339307,-0.14815305589597
met31,0.415542043755981,0.364391156009601,0.108991570418508,0.115098904125871,0.359983583265362,0.30936304981498,0.247460652954976,0.244288193359489,0.382433641741222,0.347864742682273,0.147268370524416,0.066101228105779,0.353880811958527,0.327424785734275,0.253322235488134,0.33061929851648,0.347257731616949,0.373802689746294,-0.161724460464382,-0.0985875009223855,0.362700181553456,0.298131615272933,0.277304364612838,-0.0195126228859188
met32,0.274150230263915,0.282246139812005,0.178508479989019,-0.025570873629379,0.212469808828404,0.161730231437035,0.165431618100777,0.312872160492943,0.244562125834069,0.213043513861622,0.222105289209959,-0.0353246663850092,0.216596284520329,0.203944072240015,0.0944716121941581,0.265669017758868,0.222326301527429,0.295183319726378,0.059444401885573,-0.149194745670547,0.21964711687356,0.166409410011033,-0.117181614640703,-0.0150819093440543
met33,-0.149115005397169,-0.0847160549886985,0.0372105895942632,-0.0391632227359858,-0.18193905056244,-0.044053165111233,-0.0479070728664492,-0.210290910084607,-0.132842101886195,-0.0686648952601003,-0.0702314394481492,-0.0423876038108814,-0.107161701889648,-0.0395307080443798,-0.0516314258440582,-0.0879870245343847,-0.100130253879073,-0.10515834113356,0.0466839215685288,0.0335916360946165,-0.164196135634421,-0.0811492598438491,-0.216804580862758,-0.0492904095267231
met34,0.432678278903479,0.422490010411233,0.256360487050645,0.10480359569644,0.483190972176674,0.393512742717307,0.379016207929262,0.349916911479178,0.480033844359505,0.482806375281676,0.327579278591246,0.0517546019632478,0.510001882246147,0.454293030557848,0.421191576154922,0.356979855310934,0.398517732582154,0.43576954150392,-0.033351622857826,-0.254068247445774,0.47283346131814,0.371486512721972,0.206409461931616,0.112822721192979
met35,0.119812935462627,0.137784443555658,0.0894989566974737,0.080512553005094,0.148579407376208,0.162436711527248,0.111707831445803,0.156662352387007,0.156201784430246,0.190789520386434,0.082472397011042,0.0583000217516381,0.177864163135399,0.169741484457363,0.15745617363941,0.150871950876911,0.113052336497711,0.109137163542442,-0.130963116451786,-0.000845346550943003,0.137780167114954,0.133448629100891,0.143875278075492,-0.00888186456274817
met36,-0.212026124304236,-0.326666578781074,-0.304034507183534,-0.163236248798758,-0.181687610069637,-0.200303248529762,-0.331515963492313,-0.301234893715926,-0.255427529959719,-0.346525456512975,-0.331582493536935,-0.246772659997278,-0.272441159968166,-0.204418130180082,-0.297192387076543,-0.334307970282991,-0.211583284583443,-0.261496529245566,-0.0531424805434775,-0.0517686489418292,-0.198440328206413,-0.244987918916681,0.0212450470646491,0.0293621810697267
met37,-0.33059492216955,-0.402143776137633,-0.287915343417178,-0.182789449771965,-0.321139465176503,-0.364328205078931,-0.347600843017038,-0.2944517348681,-0.38511917293399,-0.454763263313478,-0.320980159344624,-0.269957710504817,-0.390314961751148,-0.380358524511068,-0.40060610356533,-0.292685372722692,-0.308220066483122,-0.352536980427792,-0.0501192730496788,-0.0645210927960956,-0.339954603960496,-0.341517087122685,-0.10614873071348,-0.130292733561814
met38,0.335236705570179,0.271779338591678,0.125633673905745,0.142189714656105,0.377829403144497,0.375515007121076,0.177059619463078,0.2188792854851,0.337174306257479,0.284834247559514,0.184861416034219,0.127166438413253,0.341128410852905,0.359539979388941,0.216685573256328,0.199793056786679,0.288522097074447,0.30893946431016,-0.089262554105882,-0.0254955701070157,0.358077919676066,0.301318571773429,0.19796874557609,0.072261841688146
met39,-0.189974791469626,-0.144062327464677,0.0758999163721421,0.00921300941497707,-0.215472686468224,-0.184233840791782,-0.0285289300260386,-0.245069355369371,-0.20307598026563,-0.13558028291243,-0.0389745417968924,0.0844311660959978,-0.211719821706032,-0.21795788852052,-0.0567682412329357,-0.2797687762513,-0.166242026853661,-0.202536029665272,0.220379968044459,0.197608226642233,-0.198017303690247,-0.14519065333621,-0.0625704830787142,-0.0351953742233016
met40,0.0605687606146726,0.0198627950265084,0.132723430143142,-0.0330616961999803,0.103899881395335,0.0780607034659069,-0.0096540732827085,0.0221836203671831,0.0800160950576653,0.0453647771993113,0.00558805588390481,-0.0306272456180295,0.0983683485463363,0.0974478301744949,-0.00973624916929882,0.0242011080192308,0.0757202221287563,0.0731694186884296,-0.111640374733975,-0.133541390692584,0.105795466273664,0.0864019694225357,-0.0545508794048623,-0.129056037251678
met41,-0.071147111376258,-0.0342287640083675,0.063711067730109,0.029816188245941,0.00535255079126626,-0.022712693239815,0.0208370097586616,-0.028016346671099,-0.0291515886678237,-0.0598188148247356,0.148171942292288,0.0535983593856062,-0.0206632701728545,-0.0180180843310954,0.0106206820930725,-0.0859231122863656,-0.0530516480335349,0.0150322433600902,0.152909132614771,-0.00738785568380173,0.0155327822707261,-0.0200322488109082,0.350155829544763,-0.0576233415070583
met42,0.00384522771273811,0.0085373065993867,-0.0282370049938333,-0.132737279413312,0.00194420143958826,-0.0425219740285477,0.0970157460971155,0.119930543789489,-0.0131673367664748,-0.0152629134771427,-0.09082353955187,-0.126553033895919,-0.00384216352613398,-0.0346014515582878,0.0361563938147923,0.0566320376051221,0.0133942341688943,0.0208626295771095,0.0355809792744931,-0.178908331347164,0.00280769219680958,-0.0132111467369809,-0.11933404764248,-0.0167800329808136
met43,0.220943834013379,0.169028934204377,0.0277492348927764,0.0589818975047166,0.239264997810065,0.143462137902307,0.0827073193633168,0.171396828321859,0.221937743996892,0.170796867707483,0.0842826134066047,-0.00622512778667428,0.206951725519516,0.156218753693139,0.129992600293563,0.158108948553796,0.18326502609909,0.196262174238173,-0.0916300450396166,-0.0927676469983227,0.23481336661147,0.160297727308865,0.215425026535675,-0.0571562001315238
met44,0.0200979374351797,0.0446025352551357,0.0276979235771205,0.0142798986157199,0.0235038807556609,0.0143792839022525,0.0593049531133628,-0.0231868002019206,0.0266768727067326,0.0393334505718188,0.0120852227399714,0.0581755173162291,0.0462460214806048,0.0392256517109063,0.00383705154192249,-0.0459520823601013,0.00459839956448456,0.0193155420523449,-0.0844432720235265,0.190239820293662,-0.0022357745603173,-0.000376105445110725,-0.137659599212103,-0.00343244547859265
met45,0.0114029182270534,0.0888199661359457,-0.0829156579229497,-0.0659250476474008,0.0415728918686728,0.00553392664478354,0.0570525943952004,0.0289651655667599,0.0448183302455188,0.0622199614102966,-0.0347516760202504,-0.0118052665270241,0.0717238740185826,0.0607301270879636,0.0121053114453077,0.0119443349944238,0.00616109954076067,0.0739005429542393,-0.137246638699124,-0.00941996830192256,0.0229487982700616,0.00459721379584414,-0.000867633459972029,0.0477784518500514
met46,-0.18814608111007,-0.244728825501118,-0.256744080584613,-0.10585468597136,-0.145431921525608,-0.186498851980732,-0.288035552125949,-0.301570366107226,-0.195660490487818,-0.248052664906265,-0.282907139389889,-0.133213478047116,-0.210574726941328,-0.212007344737338,-0.221872669322576,-0.254867083024591,-0.167088472054208,-0.196994470483594,-0.0754239923753051,-0.0341025054154303,-0.143318471595711,-0.16400794228885,0.155662189879196,-0.000197727377524423
met47,0.129322221886343,0.130253475496794,0.172766884869994,0.0293587118321123,0.00494284343688186,0.0130280373040405,0.0810069345614093,0.157916889314945,0.0899180093379506,0.0894596533611974,0.155449362188921,-0.0697670357981338,0.040282204096797,0.02342166609547,0.0168160914734801,0.139081582334734,0.0808005735129049,0.0913975073856617,0.0800428531569894,-0.0602818332226565,0.0146720240062741,0.0423666647706351,-0.243582304140508,-0.178021544787989
met48,-0.364102806973618,-0.382278748527242,-0.300499811387999,-0.220356877402953,-0.355630863971547,-0.332406125359743,-0.278633877809137,-0.273212326258432,-0.366662727766472,-0.427529479130077,-0.305930487336763,-0.304420829660115,-0.372614537984799,-0.345727809349908,-0.317339990889031,-0.226588353608571,-0.327131756058713,-0.328952494492897,-0.0551853326658158,-0.108502833320282,-0.361493086305724,-0.32953285291,-0.011599275633304,-0.062804082141773
met49,0.147843054692026,0.162238248853589,0.150438286623772,0.00233995402054145,0.0551479710551015,0.0323966687736107,0.0880707268278427,0.166048816424037,0.111380976659064,0.105579986778968,0.169757536853957,-0.050884959550753,0.0558287440517663,0.0435709902841775,0.0232643986815797,0.150720189964088,0.0957779274917845,0.125899106173782,0.141477402826066,-0.0563062404532906,0.0690123495922451,0.0645121109961459,-0.177551637379946,-0.105415815389082
met50,0.0921878961013792,0.0414878981778905,-0.0460421390349618,0.102127554473503,0.12130564240006,0.14047643995868,0.078644553504944,-0.000111238297180396,0.133191456933777,0.120764533064231,-0.0232900466513574,0.00419543064346389,0.169347300714544,0.136490856242617,0.154955134087431,0.0490117307163794,0.106212608064523,0.0794821680278425,-0.189046796140538,-0.0754133018476579,0.110121337406914,0.129723714287357,0.178886945698405,0.0158055284358597
met51,0.0558254548179136,0.0911388614290757,0.0751672783899868,0.0424511411080038,0.0971642859837688,0.0940472611878493,0.0928924797166867,0.129342552707675,0.0747425250495428,0.108938864708874,0.0705313590751072,0.066605804159466,0.111104110072264,0.115558352648548,0.0416374802254824,0.0605572823506398,0.0468359373486544,0.0616807758161398,-0.108008949620403,0.00122453387115289,0.0672939591534875,0.0607836631235872,-0.0568696405889711,0.0903584114143045
met52,0.162177082444022,0.156292918906414,0.214460958143429,0.0687187323504332,0.103000403860668,0.0446854296763372,0.00276099122386456,0.0852564878671152,0.124191650179579,0.112988858255738,0.132008339521449,0.0755871991110702,0.102492811258553,0.0617167083856059,-0.00989875476089754,0.0753616949508309,0.138961845239573,0.167507833384022,0.0760790801328139,0.000713053266225975,0.11885682014421,0.0890423990326097,-0.13802780437215,-0.150821234569459
met53,0.0944276089859348,0.0478029874135379,0.0252834537045426,0.0444101782698974,0.0918231401517744,0.134032050834465,0.0251171878450034,0.0683420756973057,0.0652126688021207,0.00244258613050236,0.0436019044896245,-0.0169856387129255,0.0732915467216465,0.13360279444515,0.00738612861086548,0.133065484613555,0.0934645959588692,0.122247649898006,0.091104254902506,-0.062785391807402,0.0885538851329752,0.0844911592130465,0.0336084581162728,-0.0109229380982306
met54,-0.301336839195159,-0.255707017775483,0.00426461814692165,-0.0283127248134491,-0.313929567164975,-0.270522009904374,-0.121358570153186,-0.286468102260461,-0.309994978096115,-0.247185231263881,-0.1004340232975,0.0318969924344197,-0.306850601896806,-0.302854440508836,-0.157622970512541,-0.324059222537815,-0.256323700033847,-0.301601899397373,0.260155966357992,0.173044841956901,-0.300108620880252,-0.232446055044836,-0.160710026981535,-0.0610244389481285
met55,0.194160127490682,0.207187057710979,0.14020545189935,0.178091572799818,0.142494971226004,0.11669228642819,0.243153398883898,0.119549193193552,0.176261256936962,0.221951948396833,0.0358267868682204,0.186797079549159,0.178295705935847,0.16963813810517,0.275932095326651,0.223298851618217,0.178681134092797,0.169101385737855,-0.168626658936986,0.200304034046808,0.148006731784842,0.102838632802222,0.0966308359415723,-0.023751098586222
met56,0.407769005367583,0.410961459509457,0.399009346388487,0.141353380052019,0.412564423117006,0.353139125714211,0.3283634785492,0.313166783725396,0.43547909527304,0.452815357783753,0.27257329067565,0.171318620622405,0.440981212357096,0.402901116668544,0.357660966682709,0.29969258741781,0.38500213567134,0.416568948611071,-0.0947800613435925,-0.0624042002384483,0.433938367614554,0.372273990847086,0.0682002164508507,-0.0120312000277275
met57,-0.239358737694239,-0.240102509874555,-0.0637457884232838,-0.0634347379529004,-0.220000274416626,-0.223489303847222,-0.196653168046382,-0.27258101417153,-0.217512234101798,-0.251111295353785,-0.174556528232446,-0.125450912509069,-0.236966272192222,-0.263260120708583,-0.220833501329423,-0.301413984170029,-0.232424812890423,-0.23527505278648,-0.0852714145807617,-0.0339401346744007,-0.233750380140336,-0.184962335935374,-0.0975681991877533,-0.0290756134862377
met58,-0.313712377797086,-0.422259903706341,-0.305897472158681,-0.162332385247998,-0.326722846213324,-0.336149978427297,-0.382914760924491,-0.405686009091417,-0.374326005405182,-0.449672846192776,-0.439237904765686,-0.234926198880149,-0.391010602756273,-0.354057383129887,-0.348376701159726,-0.419203914551618,-0.29666093812312,-0.363668290037863,-0.0987502838783137,0.0543002779955893,-0.337852470859216,-0.337297336697704,-0.0283202503106355,-0.0238450941659985
met59,-0.327517419757843,-0.291381131032077,-0.250404298329374,-0.168406204865562,-0.239778744137556,-0.21571583547841,-0.295876503152054,-0.261637157532287,-0.292907402559237,-0.277094923272097,-0.267989740205952,-0.174247513120643,-0.257892101453275,-0.197693627128166,-0.318599532866377,-0.27046658865663,-0.270984498443122,-0.29247233783343,-0.106241605360844,-0.0497211666411575,-0.263368301481051,-0.254461571242595,-0.041778049566724,0.0406250134922107
met60,-0.142426460720474,-0.14574300746375,-0.258094656795341,-0.0616685642850199,-0.138571685824906,-0.131709789647503,-0.311949110976028,-0.286462413230142,-0.142779951534807,-0.190233796370207,-0.200333326463242,-0.171251967029458,-0.167458833548671,-0.140828368762439,-0.228061561379264,-0.169213648497949,-0.132842967545681,-0.113598667575949,-0.0495425892050775,-0.113694828237778,-0.133994623216387,-0.142547962476472,-0.0593589292631054,-0.132600488745082
met61,-0.0985163164361191,-0.188953923860594,-0.225891385458868,-0.048494570289624,-0.180086230447699,-0.143879381464906,-0.104280449424119,-0.0139317134011661,-0.152325968675543,-0.194457558042231,-0.143730802721624,-0.184191719467158,-0.177262792328702,-0.174288712091895,-0.090496161371952,0.0381666886293551,-0.115223485850811,-0.17701944398522,-0.148471798690049,-0.0115664363255123,-0.18080150712308,-0.147350606246032,0.0601389719003461,0.125416842518438
met62,0.0287395722946221,0.0240007073566835,0.188147415557223,-6.03363744017413e-05,0.067078830686767,0.00905103911953617,0.106696446094467,0.0846338668823814,0.0126098954343968,0.0507626407317585,0.0266415856096436,-0.0591253043215508,0.0628855813757394,0.0391482595770285,0.0984819617741816,0.0788205200024572,0.0530790027934628,0.0241112149569779,-0.0166157750124949,-0.156629304680615,0.0478731222012785,0.00604643317881654,0.197749544731382,0.0166833006378201
met63,0.172837301423717,0.138469295500078,0.161480659346997,-0.0334514534844215,0.174607568472338,0.196955547257516,0.252280242194311,0.110034966981338,0.202103140413973,0.188608412786826,0.144487152246804,-0.0184088507443655,0.195317716660386,0.241453229673894,0.214344271413463,0.136833209491425,0.14967638359217,0.151024361838116,-0.0168367034569094,-0.128982002676247,0.176415490903362,0.135196697591143,0.307193462662178,0.123265026955677
met64,-0.488278270174265,-0.496869111605691,-0.296171705978882,-0.153512295226815,-0.520054935952629,-0.453179848250249,-0.492733163657705,-0.473322943987765,-0.505881106641379,-0.516734568066534,-0.472990521090205,-0.238016860614771,-0.520571940947341,-0.471049301127725,-0.439355525816072,-0.391368437764427,-0.43300677271539,-0.49537964555247,-0.173515432613713,-0.051097270892618,-0.517625735297281,-0.43326455049709,-0.132922382168447,-0.190204033346312
met65,-0.0833837064576575,-0.0914178640331723,-0.0149578085751118,0.00622171253747619,-0.182191427989956,-0.187184811720538,-0.0877829580742486,-0.123788499904401,-0.167926147858359,-0.179658153765269,-0.0193162092473878,-0.0897913498182421,-0.185985909598194,-0.174192724658598,-0.125073677466556,-0.123185773552518,-0.0849465143731526,-0.0904225517704911,0.0621036679522492,0.0601405961788782,-0.182062673746721,-0.174495232236607,-0.143059732860209,-0.209663732573827
met66,-0.0296174656187439,-0.00495473314801828,-0.0657720856974115,-0.00465721187779962,0.0179403285305985,0.00426892066783249,0.0427654153195414,0.110186401071087,-0.00237278189570726,0.0334935112619538,-0.0769463485375625,-0.0950936826565574,0.0517221149541909,0.0300064745713196,0.0647898977764156,0.153096550245345,0.00497422003638271,0.00154802922687615,-0.173388074339081,-0.140568410283048,0.00604052713377039,-0.000946347491426136,0.00344728752927164,0.101174034949142
met67,0.141933339246679,0.242819260939233,-0.053911544164945,0.0471640346076341,0.147004881858277,0.125739792086552,0.123689352311274,0.110192709509436,0.199831954137482,0.244945598620638,0.0962402145182749,0.0720872947699297,0.225825387504583,0.178988865942461,0.157544290193667,0.164740599348961,0.142137852047469,0.217567680199079,-0.198190528043572,-0.0452882030504842,0.150926598840357,0.145214733133406,-0.137859730443231,-0.0831642224797845
met68,-0.121333697270435,-0.108758041904196,-0.195573789819295,-0.0109817291237594,-0.103470799483798,-0.127408734813592,-0.11328908676517,-0.349265880351763,-0.122189464514205,-0.11115346274281,-0.228978646191039,0.122533946890861,-0.12516482192064,-0.0962725830870107,-0.086004001398005,-0.296702731836841,-0.118556015354318,-0.133512641016544,-0.0487868034097497,0.286379278638196,-0.116894810098238,-0.147936738987493,-0.13886058963885,0.167667916339535
met69,0.00480859342222963,0.0413542705337093,-0.1180731796136,-0.0243144290157943,0.0195823749652173,0.00855428024905829,-0.140022789761919,-0.0292105362371387,0.0479744619807901,0.0351949829070828,-0.0499849401892369,-0.0280789801207293,0.0410908709824948,0.0186594458208733,-0.0633113953443062,-0.0210464999010987,0.0151630998752376,0.0655443194075336,-0.138313527877883,-0.079812528989602,0.0342816736648271,0.0345988758055844,-0.0883631435755973,0.0731656648770245
met70,-0.327427033988648,-0.347691202173567,-0.257808150329815,-0.0543600514358967,-0.3266384672147,-0.306528812171874,-0.36951982088227,-0.373471721479917,-0.336936934627334,-0.390097330241792,-0.202968341174455,-0.141266020527395,-0.365741288220174,-0.342996140384054,-0.31516351753741,-0.292272296221257,-0.289105654477637,-0.303120610048126,0.0427897422406806,0.00469001094083076,-0.310710577938059,-0.282310697481158,0.0245699808360687,-0.133856821146208
met71,0.148737830669858,0.14778781176733,0.251296777275044,0.0770179523799158,0.108023693455024,0.0677616257199037,0.142254929802284,-0.0884264690847165,0.168746506683901,0.1751383090091,0.0597267313646607,0.0229374299923012,0.143951663478088,0.100935695313404,0.213141104202728,0.0398484549200879,0.126965557000429,0.148965805815326,0.00786615979783554,0.0743524101505965,0.133724240722993,0.111709820472181,0.411831859497687,-0.108231810263955
met72,-0.169187837729923,-0.24610629554161,-0.104242286029562,-0.0226612384204211,-0.194016178242724,-0.181869427772564,-0.255540834479893,-0.264618376313322,-0.188360717494956,-0.249320760124746,-0.141027905325192,-0.108920491557314,-0.225786555272417,-0.19474109317911,-0.203132672317493,-0.143082435554599,-0.153079032575181,-0.197083962063076,-0.0709976961714767,0.0139856880131745,-0.169582251741477,-0.174655205063993,0.060133787345233,-0.103304409878111
met73,-0.176733179794453,-0.160667640658161,-0.283569061140528,-0.247276268684934,-0.207499895997014,-0.209049662135668,-0.165094988641323,-0.233147544417779,-0.180633711297177,-0.198320929042237,-0.29855132077006,-0.267347061183859,-0.19179049210124,-0.165184908640402,-0.156753289399813,-0.216427320719232,-0.159681711276795,-0.141813764798645,-0.14271955316555,-0.151441963640888,-0.200909243987153,-0.206199357349194,0.112923419536554,-0.0356686041958853
met74,-0.248242813313982,-0.28040423618389,-0.14215738617133,-0.144943597802764,-0.291932351023903,-0.294614283733168,-0.26214626037747,-0.262872577738203,-0.301463416644268,-0.339728153237918,-0.204174470400731,-0.191586260841671,-0.325317555612698,-0.296211344956733,-0.298626552670614,-0.220867017647911,-0.226038520047167,-0.244745775389155,0.0119403872042158,-0.0650455074368846,-0.280113592483522,-0.277742676426068,-0.0601801058414187,-0.0741176262726502
met75,-0.495703348089209,-0.442562314169739,-0.472964176020305,-0.23465588341032,-0.440107516508925,-0.420674037095832,-0.449503799723222,-0.426106794418173,-0.4623557622788,-0.452088828883695,-0.472824248475241,-0.259399965572892,-0.454477353451394,-0.4092725741947,-0.427207958353557,-0.373000818775334,-0.433403496795497,-0.455010694273498,-0.29640276966573,-0.00226510741856693,-0.447353062935662,-0.414956474142727,-0.20807539457183,-0.0110836324789903
met76,-0.420566602211379,-0.438456394142137,-0.238456272580212,-0.0839650765009438,-0.43826354777321,-0.42819762604342,-0.400287905582058,-0.411444365115514,-0.438442326939396,-0.456326533348026,-0.356156717962065,-0.21252824962489,-0.470996031521421,-0.453249219124335,-0.341914196633224,-0.315006547909674,-0.362300421571583,-0.414843884032268,-0.0559263370516418,0.0373230572303478,-0.404383278568762,-0.378924198152133,-0.0256147197780017,-0.235228565857352
met77,-0.0310833346441064,-0.110225748460623,0.0667439160184077,-0.0018040512588374,-0.0944481493469876,-0.0969457624079647,-0.142714237164022,-0.152965594453834,-0.0834065574870518,-0.147813819334456,-0.100393342735971,-0.0529846034466925,-0.144047199854315,-0.122611616170681,-0.135353872686052,-0.130570832972454,-0.0540351570140039,-0.0784165418111365,0.161820482712095,0.0792283096313147,-0.0728551860426159,-0.0779506444174613,0.0628540611701727,-0.203324113488612
met78,-0.316319304891573,-0.381876949823577,-0.323867314029261,-0.100352460400082,-0.341612316451651,-0.309556105616179,-0.361790870563567,-0.426198214525481,-0.364387116873497,-0.433275354040669,-0.338927368294227,-0.168357253029329,-0.393060038524544,-0.33346219570646,-0.340950238086901,-0.324220355731677,-0.286590441161744,-0.328228788635435,-0.136187637231375,0.120507885313743,-0.333801297481651,-0.3223540857397,-0.144999287419082,-0.093183903460869
met79,-0.129017429870058,-0.184408531658948,-0.00551684657579498,-0.0775893944031092,-0.168181470513626,-0.185096321240937,-0.168887574434912,-0.0809976739495349,-0.176791058992121,-0.200482679717817,-0.180289937852486,-0.0657241859718386,-0.216166877516155,-0.180759697086577,-0.175686375946906,-0.0671626515581459,-0.11485317135732,-0.181361410853517,0.0510420266757558,-0.00366850136868586,-0.148194179236417,-0.172028512372773,0.174214285468328,-0.118019610570099
met80,-0.341071126046933,-0.324150694027037,-0.32782335596904,-0.0505344171725031,-0.365471783469018,-0.376722673261968,-0.244978860008682,-0.26269718672337,-0.379155143670114,-0.34844149330789,-0.426214558039762,-0.0569882963279261,-0.342287422846115,-0.390907558210717,-0.259390704602549,-0.268261000065676,-0.294434344347957,-0.340619270345303,-0.186717982397349,0.15565376485275,-0.396474940162412,-0.335449099588233,-0.0475193421503926,-0.0868462593382787
met81,0.0503291157796155,-0.0324219781889435,0.0594204755787517,0.0460782025937582,0.0181863069261134,-0.0226699102721162,-0.00797225105503147,-0.142129573924864,0.0122169820665159,-0.0540786341919994,0.0247068821111159,-0.0112101400351714,-0.0116972139256267,-0.0207638407535297,-0.0333962348488555,-0.110234453505968,0.0197766903239762,0.0105292134689532,0.102558600926238,0.0447750847143504,0.0134359050545025,-0.0251516613650163,0.113735472242053,-0.122882018340403
met82,-0.231761005690129,-0.330049445556773,-0.243978960071868,-0.147347341761703,-0.248455157942731,-0.272740605701087,-0.444451597247217,-0.194558684135947,-0.291590968830201,-0.370873973854494,-0.268627896438529,-0.198449908799498,-0.314404617097365,-0.312385686116998,-0.424461154362554,-0.190293442634203,-0.222091072111571,-0.276134096943303,-0.12206534876936,-0.0767685533293337,-0.253847549209306,-0.251259640367055,-0.40612534224723,-0.184015469132678
met83,0.248682786666721,0.217988930206308,0.0623674434298514,0.0539864766659632,0.247762502346281,0.252186972473415,0.15731574911638,0.023892836852505,0.253806221196737,0.251482675835155,0.0684836248279071,0.148990613096642,0.264492713336156,0.305719840237199,0.204737520085632,0.0599429944912914,0.226522347803434,0.229347317482426,-0.100947110626621,0.152075140485671,0.246160346842021,0.187623570848537,0.0598230968772894,0.151631157886894
met84,-0.116665714634049,-0.193486764455977,-0.0359794583817264,0.00125131412088623,-0.207326585814118,-0.213226834296376,-0.240617271853613,-0.149892066297836,-0.195299301480461,-0.262951697843824,-0.131164035842244,-0.156247320475999,-0.241989517822124,-0.229602738091478,-0.260418505137854,-0.126109476028117,-0.123271894755489,-0.155250797357591,0.053543981875854,0.00171892861221561,-0.192068788226162,-0.188099963061212,-0.0896722553056017,-0.191219986615547
met85,-0.291743152867035,-0.394463172960162,-0.235101420950796,-0.148906482754519,-0.294631175230494,-0.339885358242455,-0.353810504722376,-0.408791499613952,-0.330697357946346,-0.414878872704608,-0.372501129748311,-0.218435938061785,-0.360563980683455,-0.358721497827555,-0.332459160470528,-0.37943410720111,-0.287504765097832,-0.345011277652994,-0.0581630447859371,0.042910191753171,-0.30698900338925,-0.315060704980213,0.0212401763545006,-0.086752598139058
met86,-0.260106322004305,-0.304442200848895,-0.240870759295477,-0.0734365627613312,-0.25074027300804,-0.254190629651291,-0.323749656706821,-0.299463135298661,-0.261007755021551,-0.310491490625305,-0.242598122204666,-0.16316075671881,-0.288217679468812,-0.276153108548699,-0.241083831357267,-0.187038617937265,-0.224760358226562,-0.259189145703493,-0.119107461455155,-0.0659853691540739,-0.229858876542837,-0.223409403870418,0.0655354469357879,-0.0930306915054969
met87,0.10005694600194,0.0734124838765776,-0.15530517102302,-0.0175913478087212,0.100615237184166,0.0828618321727085,0.0410371150757566,-0.128553275598436,0.111401864539737,0.105711328132575,-0.0983639992194824,-0.0295684689187928,0.107312467759558,0.124771063813143,0.124850842759169,-0.0407412238911123,0.0883317622826564,0.0756228959896172,-0.229837096707275,0.0576611413963395,0.100291406919086,0.0561180751531592,0.186694430495883,0.095245261019759
met88,-0.198209270203019,-0.204813354835832,-0.0591180178003879,-0.113358412774939,-0.215333261571451,-0.211410755751708,-0.22045112931859,-0.191858278102141,-0.25052580631754,-0.249865004712376,-0.139639134511791,-0.154886558381751,-0.237001391723556,-0.184213010707624,-0.270479101054415,-0.179127685804746,-0.168168705846347,-0.188249059515383,0.00571763489706342,-0.0519896554616416,-0.218000211388529,-0.233992897543634,-0.166358515378011,-0.0202878176551568
met89,0.10655208840005,0.095848810249761,0.0426215498572034,0.0425411319467398,0.0850417296547304,0.148513949485879,0.212820643554547,0.121537480648263,0.120291118614787,0.147656048821024,0.0190253412159868,0.0454692798945978,0.163454940483044,0.191504267515791,0.184055678664949,0.123349150475178,0.10911619589825,0.0907874452393488,-0.198714580405756,-0.00349055328827428,0.0654541095658425,0.0846436772228246,0.0249863198095384,0.194902814702533
met90,0.0228211404644558,-0.071417085601207,-0.00240523962727181,0.0616187623598931,0.0237886790469955,-0.0136618999407691,-0.110152226381001,-0.131698827180914,0.0182877618613668,-0.0522626633818466,-0.122375983156854,-0.0361050718633791,0.00480635286383468,-0.0342074455273589,-0.0889077434676879,-0.124687648394873,-0.00130313923588817,-0.0276119439091153,-0.0909406165530432,-0.0176587849928271,0.0050350116900971,0.00214361671827769,0.0574478715838956,-0.0952980488851772
met91,0.106100898525049,0.0930818122777643,0.0620383983203818,0.0951911277265491,0.0826453028868217,0.0585513746312641,0.157763331999435,-0.0784452802594377,0.0917453146323444,0.103289511300173,-0.0243102695810312,0.128517900725878,0.096245269882541,0.0870608589756161,0.127857217597773,-0.0125022767758948,0.077207473335083,0.0690272477691101,-0.158414490539354,0.143770595850272,0.0615251996804269,0.0512428032634845,0.261745432496561,0.0297851963795456
met92,0.103850295064467,0.0301162020165179,-0.00105334743892917,0.0406659316007178,0.106348590761818,0.0425765492786389,-0.0375221182475908,0.0547737602133112,0.0947981510101633,0.0252806768678555,0.0115428925308255,-0.0500012448717349,0.0746156395010132,0.0448652436821714,-0.0078179992455983,0.0442539285977052,0.0637495225567984,0.0599219057114859,-0.0877401828285203,-0.0813085990390566,0.0877797336628028,0.048087990277902,0.187330587217843,-0.122203046411519
met93,0.112939679599723,0.149264676963844,0.146578559280427,0.0107833879517965,0.0706109004479833,0.0291321299336981,0.0895416259912304,0.171510811614154,0.0954061823402413,0.107334994113075,0.13280888910067,0.0486966914740559,0.063562801830197,0.0517050031064384,0.0514716442891868,0.11623411052145,0.0754330379922693,0.115679821784194,-0.000586030814607843,0.0380756182973612,0.0790408652612952,0.0448589788363008,0.0602258152625336,-0.0822213947863806
met94,0.0568518949839382,0.116317871329169,0.006157538631087,-0.00867808488178795,0.10865399095225,0.0926414369992334,0.120129241619534,0.173941463829716,0.0987226936977654,0.103474858569127,0.158988037717343,0.0120634335939888,0.123491280467224,0.133993008365048,0.108733894204785,0.0600965222972208,0.0573997917021883,0.132446903339589,-0.00568663577325463,-0.103325815248432,0.1044081842615,0.0609441514977164,0.282854680176211,-0.00904174510979815
X142_Mature_cell_length,-0.0762056286585263,-0.155934232946856,-0.101847706618319,0.0153012928322268,-0.0483882413748924,0.0167581478450355,0.0569084439280437,-0.103619574273992,-0.0599952276870829,-0.0637582796911159,-0.111675049881331,0.0921981198065649,-0.0754107320721138,0.0203939451257172,0.0454799928311452,-0.0726640772666959,-0.0737704969909174,-0.160305486746583,-0.213243050669925,0.146172299390061,-0.0372216644710636,-0.0562979174129184,0.0319761950294013,0.0260967688105293
X143_Meristem_zone_length,-0.273328873409948,-0.334193240210241,-0.317967722031447,-0.0993316593766586,-0.243166595136148,-0.160718435727643,-0.108522739474242,-0.268585519134031,-0.247437318500795,-0.250013510532997,-0.275856576635984,-0.0405113491099311,-0.269555524267208,-0.179647581925148,-0.134729203497142,-0.248300300862433,-0.250091432804251,-0.34640010190757,-0.224506158901643,0.0983655449164038,-0.228574451328905,-0.202036840185258,-0.0608015425251873,-0.063869711016015
LR.no_ABA,-0.525537328896072,-0.544349118771559,-0.212723534174203,-0.110991157470052,-0.545609557487632,-0.587460587737377,-0.50556637022196,-0.431348035445478,-0.611702389381116,-0.610277018124141,-0.262361585807613,-0.278144450631666,-0.598765696442849,-0.623446086760317,-0.489972700992972,-0.462865673361066,-0.472340617848476,-0.555356053084747,-0.0740891497816882,0.0530319713569743,-0.575492284576144,-0.515502246532673,-0.267325006054379,-0.316217565340385
LR.no_C,-0.343374660311394,-0.376575110313046,-0.151547853086614,0.0323166661244924,-0.405504225859368,-0.363552097738988,-0.486342219255606,-0.193310289607838,-0.423340209355372,-0.401267596986274,-0.218486024635057,-0.0670861079746985,-0.433944530989624,-0.437557515551493,-0.462522860870326,-0.244573530083233,-0.314673138367847,-0.410374617310313,-0.0935399470169282,0.162290759260066,-0.421830462010529,-0.326872627580901,-0.480139235118349,-0.146661831504305
LR.no_CK,-0.691991816845457,-0.692173001556612,-0.378623830848609,-0.193209574431218,-0.692127722288769,-0.702874750660127,-0.652893461651381,-0.397898080572479,-0.728202095392161,-0.735701078227369,-0.509566584155157,-0.22876560450057,-0.745170732838106,-0.711253860816886,-0.639436086198364,-0.457078514206551,-0.624969101106633,-0.699125453477568,-0.134371515383054,0.0710283868839018,-0.696191678237928,-0.648651537195013,-0.38022364382272,-0.19802449759124
LR.no_IAA,-0.403324892941842,-0.494733897866815,-0.375941522315092,-0.132942249278099,-0.423081926480435,-0.373763341839808,-0.413376783004452,-0.138331605136149,-0.440756962037014,-0.474964778978927,-0.433289355699717,-0.187742591250843,-0.504349029904936,-0.402960474803174,-0.399803972886698,-0.21555977101002,-0.384564445150334,-0.491159099533581,-0.230143754139042,0.0414846263170043,-0.38867333220006,-0.39077168665795,-0.117885072953789,-0.153023813321876
LRD_P_ABA,-0.255494558878471,-0.234555055917305,0.149064364316349,-0.0251442608740486,-0.253843643198332,-0.326576880902957,-0.277331862626599,-0.239757802705154,-0.326120452518252,-0.311196437072773,0.0307816878395776,-0.172768949840337,-0.302636700152148,-0.342421529579095,-0.262253677887926,-0.263369809303351,-0.214182366620427,-0.232482326650884,0.0702811813651576,0.0393940687551106,-0.266899031748381,-0.261205642995973,-0.0979260130898693,-0.38331572386123
LRD_P_C,0.0545803924830218,0.0583722396608211,0.338923422651796,0.114137789908371,0.0498101662537571,0.0459139778435422,-0.136069921511962,0.0582362238628348,0.0108516204337547,0.0318218876848381,0.218843306096742,0.0317641466171285,0.0238134504697857,-0.00352406905261235,-0.112315785931487,0.0570432189075045,0.0621021123085734,0.0596377945408038,0.112893206112294,0.048479725306822,0.045603703648444,0.0601979118020651,-0.234783883871825,-0.269314984041832
LRD_P_CK,-0.348819160007514,-0.313325729992932,0.0298591213128522,-0.0385162444722086,-0.320050936520961,-0.369074930406622,-0.360175984693739,-0.166362540255261,-0.368947093786713,-0.364425505452327,-0.139736323784119,-0.0519140602587274,-0.364828889431847,-0.3642427497825,-0.346077934509542,-0.198085898876531,-0.303460122329064,-0.309254823935276,0.0267385410423182,0.0921948942553941,-0.322018062869347,-0.323628872479861,-0.1750665723564,-0.244128806765413
LRD_P_IAA,0.216519414597884,0.186148832479064,0.42990376785704,0.100860593254121,0.202020412598147,0.194719611879755,0.0252378520177187,0.186992009401275,0.202330905241869,0.19409301515903,0.27311863620553,0.00406849423180684,0.185326340079545,0.184030480831376,0.0622757556246182,0.23668906668194,0.181714718303926,0.190376951555131,0.122787466591259,-0.0223359700592628,0.210545653278211,0.179538120129776,-0.0471671004775283,-0.276120743118123
LRD_R_ABA,-0.0987215542454769,-0.115185681138263,0.0149049597629607,-0.0163212820495661,-0.108582956978133,-0.125402931468779,-0.126977326316421,-0.0627991789818349,-0.138309357094151,-0.135935587071258,-0.0148371398316553,-0.0952254840161561,-0.126753364917391,-0.14010358362695,-0.115581462161806,-0.0640264122692854,-0.0841769868134367,-0.109336866246063,0.00932097373695743,-0.0131010888938627,-0.118327540220515,-0.106142325550461,-0.0768252102844726,-0.180984698214737
LRD_R_C,0.125830175996055,0.0832078326756795,0.241714469608975,0.177296789953678,0.0644207760316497,0.0714302275973559,0.00168933448952222,-0.00751818189322826,0.0828925413369547,0.103673319862513,0.253962723249432,0.121594579606551,0.0595351885392792,0.05163667413825,0.0397278464390063,0.00660453247816476,0.123183374548037,0.0801472899287268,0.0454475771768594,0.163778219153767,0.0907093769620538,0.0924688886913793,-0.0273956597424061,-0.0900567158053504
LRD_R_CK,-0.0442502944751952,-0.0273694238185021,0.269792568136827,0.0715755682722602,-0.046073675144112,-0.0358721717582257,-0.11102250512778,0.0318961712923278,-0.0403697991284373,-0.0582419482695318,0.103097305120759,0.0334006798582646,-0.0400625263075343,-0.0347573038508515,-0.081565563013812,0.0424141315684377,-0.0241867815007023,0.00700865102502848,0.0303377889100645,0.068780397362732,-0.0291493568371099,-0.0248448885136169,-0.03576350521035,-0.170372041233426
LRD_R_IAA,0.12573708882089,0.100254642029827,0.304401551530905,0.0200496440965096,0.115249487907497,0.122567399135294,-0.0529568131132337,0.131316725132397,0.100278314161437,0.0969283108105427,0.148394491790596,-0.0927627500823383,0.0929066602721726,0.0955057522037803,-0.0295821863843769,0.148736331507554,0.104871654271282,0.105290139928279,0.0786695236208253,-0.0955693637231169,0.11851905394328,0.105695502291412,-0.0594351424389611,-0.271157757835888
LRL_ABA,-0.758646375617847,-0.712537521989481,-0.350424037652352,-0.128078387102623,-0.759811813900478,-0.747274758602392,-0.670350621237153,-0.46447008427519,-0.829994402285585,-0.78882585030228,-0.380119062635283,-0.217988739778175,-0.794527216020047,-0.77822282229655,-0.70557633544905,-0.529826243850909,-0.632886052023705,-0.722848727102597,-0.136109502183238,0.17706249986761,-0.76914692121152,-0.665513224161079,-0.235269844236305,-0.197571369939998
LRL_C,-0.372271322403855,-0.453504985605493,-0.0367129142200216,-0.0165950196232957,-0.46880833496264,-0.46799640659898,-0.451574700420797,-0.258566413584796,-0.458612639078381,-0.460216192855783,-0.134790835817078,-0.127954144327823,-0.512023686550276,-0.517097162850919,-0.427364478125991,-0.263127996077437,-0.332778830337082,-0.46016505560068,0.0231723135733237,0.0623771422048862,-0.431685226225118,-0.367390104824503,-0.116184051869503,-0.269887431697093
LRL_CK,-0.124005033807625,-0.184326352721029,-0.196208547333227,0.091642569462545,-0.199942683752525,-0.16810397719046,-0.29062109898422,-0.0422240424289474,-0.185274927230892,-0.185108943618959,-0.202429885258963,0.0326204568624146,-0.216338448422036,-0.195945175427862,-0.261536777077475,-0.0486651302262461,-0.106502519637508,-0.177086470341476,-0.142785022242415,0.102555557673025,-0.168659062053811,-0.137394149307755,-0.296174933732429,-0.0851742011253836
LRL_IAA,0.261678383612259,0.253880822173898,0.0640200542915704,0.370567337510611,0.244531346822856,0.123109406291608,0.0683902810639831,0.199182498371235,0.208772178978591,0.260063010723737,0.0512386233471782,0.438842983238464,0.195213309761369,0.15642925298179,0.149505216265572,0.189018699272566,0.24136917734225,0.224311096752498,-0.271396242375147,0.334986726205309,0.274824230321017,0.162819072485707,0.157653221431042,0.0082933337855019
LRR_ABA,-0.305418368135239,-0.261170752611934,0.192765792636521,-0.0248050285426829,-0.299779333731127,-0.372774763254016,-0.295271623517691,-0.275570951871397,-0.378785995112684,-0.347712127766688,0.0499895646670259,-0.179999737764389,-0.352587272717585,-0.38114059446706,-0.304395526110504,-0.312173702411246,-0.251001950741807,-0.271213921315904,0.092506132443156,0.0819578934635222,-0.306786987053099,-0.305341663239099,-0.054865400198053,-0.347235012962526
LRR_C,0.0138463565992693,0.00688725896426626,0.43942298607986,0.123948198353052,0.00439227047433658,-0.0230681109264079,-0.155093193629954,0.0726090871396718,-0.0434102675535214,-0.0239676903372903,0.26295496933246,0.0270311201700388,-0.0463225864023742,-0.0666765632080375,-0.133892005196429,0.0846181329950008,0.0349315330835551,0.0169358213067671,0.176634518851862,0.0451944039870654,0.0272883784388201,0.0205170962051256,-0.04064759293766,-0.357488012973272
LRR_CK,-0.214792867115042,-0.207710727404899,0.0909693841014612,0.0287440988847229,-0.198295184647151,-0.243219911216224,-0.328836133621684,-0.0548058688173589,-0.250343744054756,-0.248555497791291,-0.0643867152037523,-0.00667555044244407,-0.249079381302196,-0.262553703954963,-0.305219670065243,-0.0687767337029965,-0.176977493125138,-0.190885303826729,0.0329107222661852,0.0624784417876372,-0.188277195453986,-0.191325119119151,-0.188123520718003,-0.292146832169164
LRR_IAA,0.272131233421344,0.248431480070258,0.318967133980712,0.272626924511917,0.254894555699091,0.183687484632287,0.0438248916654885,0.228978355680984,0.232078821410897,0.254449938372361,0.202725544622066,0.243758405622011,0.215286546452454,0.194645140502596,0.107852067233908,0.250959380634924,0.243045948748478,0.239346088565797,-0.0673356252748459,0.176878384755534,0.278328254563587,0.196966544309915,0.0791023148507111,-0.178323256155885
P_ABA,-0.427640600415857,-0.437009520854207,-0.608491766054917,-0.281758289353903,-0.364474748755671,-0.34999858392334,-0.345385606723146,-0.0864875349665303,-0.462258493457264,-0.43361623820722,-0.560400334928125,-0.23502103017883,-0.464029049388263,-0.385000010970884,-0.378708676003091,-0.211447304753364,-0.386710299410095,-0.477133265774113,-0.396190805494697,-0.0469848444404256,-0.363232800398062,-0.379965125721516,-0.220492035522866,0.0268388213893313
P_C,-0.920014096821243,-0.92325213769497,-0.87165115523678,-0.35573593811174,-0.950524587811741,-0.920485949375746,-0.775097566592721,-0.434738387930748,-0.979585156037024,-0.948329721011534,-0.916699266036072,-0.312275726795656,-0.992258583651832,-0.934873353490535,-0.806694538621697,-0.586195658016651,-0.807497455024471,-0.952944285890136,-0.426930792062387,0.0889309004061806,-0.934501022956478,-0.84022973390213,-0.302172186740803,-0.0432585365727968
P_CK,-0.814007863216926,-0.892685602237626,-0.809325418716269,-0.413822085760625,-0.873178465715504,-0.785971188538765,-0.761795980852658,-0.452320116197619,-0.875747158810426,-0.877570184056522,-0.845239624999117,-0.451669004182133,-0.929270356065924,-0.81850337827133,-0.760196178635125,-0.560547047348919,-0.731279674652196,-0.904557248346161,-0.437350377111495,-0.114332873469769,-0.831836812158868,-0.759345388686739,-0.437369208078853,-0.134481338261569
P_IAA,-0.633422896729942,-0.687634767799386,-0.695485712799433,-0.273447407579855,-0.618778407561971,-0.564582305848692,-0.475460729334139,-0.31341430129604,-0.656066019530173,-0.679012505258598,-0.655708928575835,-0.224772287810773,-0.693398305852876,-0.585931249369754,-0.50465056530524,-0.446661094529831,-0.559838404075006,-0.670196676009616,-0.329022307305397,0.00767439417829065,-0.580141721651391,-0.561549067848013,-0.054238119254296,-0.0260304499054172
P2_ABA,-0.127821852375541,-0.141956432954206,-0.355508304885827,-0.161429246593929,-0.121372891129097,-0.0872283590229372,-0.160706420891046,0.0889715406761062,-0.164598810903245,-0.1372667019981,-0.328624424320681,-0.150025917485343,-0.191339362134456,-0.111341372514306,-0.163025832199751,0.00729193651465174,-0.134824260462637,-0.190106408273656,-0.32288201032588,-0.0698818616699728,-0.106496536438356,-0.143617318853187,-0.270684821682156,-0.024486226469755
P2_C,-1.00056065072343,-0.998331958278733,-0.870865555172856,-0.368428458120767,-1.04894273108449,-1.03477222716324,-0.825692451705078,-0.538847202148962,-1.05186370261633,-1.00803420581026,-0.921547266771087,-0.339399786140643,-1.0699067709943,-1.0328763379222,-0.84535668685476,-0.66805325311006,-0.890859952434055,-1.05986357433884,-0.397465673049108,0.108409583952621,-1.04514081086581,-0.93079269801803,-0.282938465888667,-0.0577442106897944
P2_CK,-0.524788645213478,-0.593178817404548,-0.582079313400038,-0.315151407434793,-0.629553171134139,-0.553026412508824,-0.58351773768131,-0.30232247559608,-0.584614447187904,-0.575365894514027,-0.635913456400921,-0.400610851374851,-0.650589103273626,-0.567772824334621,-0.554445603646451,-0.374266287436596,-0.488076047431593,-0.626210853561685,-0.4243778142694,-0.168746356423493,-0.586996112363545,-0.531183723930099,-0.466484051963888,-0.15560069834546
P2_IAA,0.413718999828927,0.436964467449377,0.256675010792299,0.23707693926197,0.458758310139799,0.374151806457346,0.472092195331482,0.274829685732608,0.414879660113368,0.407498130711943,0.276738234245038,0.261208360471516,0.409332705351443,0.383158987303136,0.496676136154359,0.141209928030474,0.351869003764078,0.429999195224295,0.0811241395785927,0.108161110376426,0.453010885978869,0.340794513731969,0.291681402548174,0.27751206339533
R_ABA,-0.586527857054237,-0.645345403836604,-0.331592852479298,-0.184021744663691,-0.631514544113055,-0.64672987048994,-0.601380926546691,-0.435232976011031,-0.676332133375375,-0.676507490916432,-0.363087810361084,-0.348134703819898,-0.682548698306655,-0.692371926252481,-0.59826745777032,-0.454375956569864,-0.536299143258919,-0.670752411017856,-0.148949483021713,-0.0336231904283534,-0.654429116712646,-0.572813567675007,-0.393399252567364,-0.330139516767323
R_C,-0.595065726693358,-0.634176206901006,-0.468533012820243,-0.0981515498599687,-0.667303572095024,-0.595826565119935,-0.674311994960243,-0.328902489536202,-0.668053221233485,-0.658938072127991,-0.498384164979168,-0.145760299370116,-0.682669305226964,-0.670417426290157,-0.675940489253172,-0.393306954656187,-0.543890320189017,-0.670487428070214,-0.189115354920301,0.142161593003809,-0.692091283064713,-0.545348293717737,-0.607917868112169,-0.133106068388028
R_CK,-0.837111870220565,-0.855954948107817,-0.563608838073037,-0.277757094780136,-0.834751080507032,-0.837697562118633,-0.73712075219678,-0.501773752788412,-0.880520071753241,-0.881633198959982,-0.680053297954652,-0.287078303337043,-0.900225497350278,-0.854776425764089,-0.715217215506754,-0.581279012597495,-0.764918348961219,-0.882369788899228,-0.207130426831139,0.0759239992157041,-0.850694279814712,-0.787051624730026,-0.366127106955333,-0.138576579159038
R_IAA,-0.521775650863738,-0.573295430906346,-0.498396359196863,-0.183834039952856,-0.502591744139462,-0.471310114996184,-0.38910611123033,-0.243056558948185,-0.533556751591887,-0.558257781453469,-0.481175017157038,-0.122673364527883,-0.570855248348656,-0.477369038484506,-0.403890021138679,-0.336458308731545,-0.45844500514316,-0.551832092528142,-0.246572856251426,0.0786239917868293,-0.462146324021425,-0.462459461661052,-0.041969573058536,-0.0524608612404403
TLRL_ABA,-0.658248785757173,-0.64612571827654,-0.199361585731138,-0.116347630667923,-0.680048949928074,-0.719666109575448,-0.580580573919261,-0.543414061483264,-0.753981767196159,-0.72899198428351,-0.270766529212022,-0.308319889997597,-0.740222348543225,-0.746989639785477,-0.601245110001081,-0.593519454828836,-0.583874262923132,-0.681255107954129,-0.0566799898377814,0.133228264211326,-0.704323497154135,-0.640552183863586,-0.230428515078948,-0.256528211338647
TLRL_C,-0.303290426263053,-0.365264181001417,0.0390495718585048,0.105942927073554,-0.384361218543555,-0.366128167726029,-0.45017789711781,-0.148096171857219,-0.401625899004884,-0.38958166037177,-0.0760194289780148,-0.0281057242275702,-0.440768348937894,-0.437474929562786,-0.421507257682988,-0.163096169539179,-0.272971342041102,-0.385536305447006,0.0107153939250077,0.175595576737946,-0.364189160092587,-0.299486018779889,-0.240054783226964,-0.217843898023265
TLRL_CK,-0.499118792718851,-0.531153548434904,-0.28239591394976,-0.0738470923000685,-0.516550379510184,-0.524451633928701,-0.56842100276065,-0.262131629890046,-0.547852144423009,-0.56287889919924,-0.378632965943883,-0.128671189474214,-0.569460527837172,-0.556514694227853,-0.540639895342213,-0.289970862223383,-0.451304281131312,-0.527252467620446,-0.102427381706369,0.0798625895823904,-0.51325203512109,-0.466407706885322,-0.377017499017192,-0.202432007899941
TLRL_IAA,-0.0877178221093641,-0.151555468286273,-0.202302143497838,0.143730815816883,-0.121368490033146,-0.150716135744015,-0.208177999818642,0.0420663979506338,-0.139411843490984,-0.134758901914115,-0.23042075821646,0.14353828846395,-0.189250743609848,-0.149646099399897,-0.155686668073396,-0.00478396655899321,-0.0923016702248551,-0.166558357032153,-0.302538446970597,0.222878572548606,-0.0840913761171081,-0.139712616861993,0.0275744262979411,-0.0802178691384726
TRL_ABA,-0.632474578633676,-0.638389383320249,-0.679371896176856,-0.321769898872906,-0.574664761119341,-0.571773188222728,-0.525463130091719,-0.250665361140774,-0.696372863895175,-0.659725543859367,-0.651756150408275,-0.331603922480016,-0.694059539016375,-0.615595171178743,-0.565584161978526,-0.392921983115168,-0.568536706596099,-0.689763680230452,-0.420459775170153,-0.00799112448582984,-0.580662317154612,-0.578623944849656,-0.293507171341203,-0.0494138770776437
TRL_C,-0.858677677786722,-0.902536788562083,-0.594690441360104,-0.182354772889961,-0.934767651729625,-0.901146171595406,-0.853942477314709,-0.408959612155682,-0.967043688546502,-0.936704582399801,-0.703931662098158,-0.241277101320504,-1.00231567132156,-0.959231929309356,-0.85722501645939,-0.526899314789772,-0.758203404720066,-0.937278848237391,-0.29691539345497,0.181081307971323,-0.909828731064804,-0.799296689206888,-0.376192197286301,-0.176877798991732
TRL_CK,-0.814315238935987,-0.883714481521611,-0.686821186996363,-0.310668800226582,-0.862682799924271,-0.810688856343973,-0.820266694309334,-0.443755441715844,-0.882324059435252,-0.892134941219018,-0.765368956781264,-0.366686405889727,-0.929429305325016,-0.850190741418025,-0.803275341539414,-0.529900953261564,-0.733227670940715,-0.889170442806719,-0.34233437662133,-0.0282515717248675,-0.833989393768438,-0.760094937756056,-0.500038029938415,-0.203427979121074
TRL_IAA,-0.41435418281486,-0.484972947908974,-0.521105617065929,-0.0655378678158134,-0.427040973292462,-0.414589931748468,-0.399855434267914,-0.151676701649921,-0.45947202975268,-0.469595482122422,-0.5160721619065,-0.0380254804864672,-0.511771362022769,-0.426042808741025,-0.383666728294309,-0.256565316157475,-0.375439784135871,-0.484436691845823,-0.375612672933699,0.143457809762812,-0.38184155304036,-0.406000358111056,-0.0135856729619991,-0.0648400170524738
X289_Root_length_Day_1,0.00348808498719027,0.0227663316149339,-0.0345360128175057,-0.0194975253571884,-0.0220324294043354,-0.0127672174452372,0.0165444606257649,-0.0765828667969592,0.0112411688295808,0.0587364883535055,0.0934058301558147,-0.109092105600703,-0.0276670145920323,-0.0545453199428809,-0.029273096685435,-0.148965933560921,-0.00154403062898314,-0.0155664837637492,0.163542564170034,-0.0688457141291601,0.0104056126526462,0.0355237587479021,0.0186623886664334,-0.175555000696125
X290_Root_length_Day_2,-0.0432705279179138,0.0432487168067148,0.00855194632641839,-0.109062580289807,-0.0199936856833877,0.0371911341066917,-0.0117280296991554,-0.0355697681789776,-0.0366312146913442,0.0340255813838622,0.0240062861503925,-0.199344825816268,-0.00980401683677284,0.00246257949899895,-0.0493576183854204,-0.132918318107429,-0.0107993058137808,0.0234993025287221,0.165334626052836,-0.199033921573268,-0.0112318090011792,0.0276176719453431,0.0198148733089918,-0.127422193447718
X291_Root_length_Day_3,-0.0615434226072458,0.0424046914006522,0.12743446880703,-0.122595024097129,9.90089924225357e-05,0.0381766128283574,0.0145100993685696,0.037856737112452,-0.0413576907532677,0.0204835236180795,0.029098525352085,-0.151281199521941,-0.00279629436052158,0.00494739397635245,-0.0443041174135444,-0.0553788610102844,-0.0244354741962153,0.0338649353343457,0.235605206428461,-0.126658143804012,-0.000901722442785135,0.0275796808825214,0.0339462926184588,-0.0212123530423656
X292_Root_length_Day_4,-0.0287187506124101,0.0293860989960149,-0.0626637333998348,-0.120628208033816,0.00727609283106728,0.0207781708588465,0.016928027011698,0.135623430678285,-0.0214170378173683,0.0284956560785164,0.0297321561981231,-0.159092596650733,0.00439999301849534,-0.00532172473147951,-0.0706870578641918,0.0562924552240735,-0.00794889860658079,0.0136535011690451,0.0789194846892542,-0.140702217065069,0.00252376245999257,0.0160109319461451,0.0484601815471193,0.0520689556369809
X293_Root_length_Day_5,-0.0496704573877478,0.0146317844638857,0.0328392959349571,-0.0909564163478696,-0.0208525228463534,0.0330524552933688,0.0113872770560085,0.11241259980875,-0.0313156014446579,0.0181139013948181,0.0391103567738118,-0.133221854924548,-0.0236308690493988,0.0063173808460175,-0.0536208788966019,0.0384664644289146,-0.021625431054335,0.00546933791345496,0.183120407928143,-0.107433914540319,-0.00302429958760305,0.0154368724196766,0.0361101554081556,0.0501272212179887
Average_root_width_avg,0.0525712357211559,-0.0176954716266992,-0.113091612219126,0.130929957678722,0.032042729549831,0.0880443007764141,0.0235333304472556,0.0385916272758013,0.0317089655217891,-0.0123117651924585,-0.0819615545221547,0.165466811209659,-0.0162846628969466,0.0631334859314378,-0.0333358991990619,0.0145770572278745,0.0341837277931088,0.0104984950955193,-0.314320027873768,0.213683114466502,0.0630640564790906,0.0432695518360393,0.0195970788269689,0.0590655645338512
Average_root_width_day001,-0.049687830711163,-0.0168527690965743,-0.138887639884594,0.0479840662161458,-0.0141802636582432,0.0583807324029309,-0.0352849589194237,0.0329739241477646,-0.025035068231554,-0.0444065596901841,-0.0942950827006913,0.103000953545733,-0.017353790730726,0.0287231257267265,-0.0857734344513108,-0.00947291957685472,-0.0319085322952691,0.0176393773696261,-0.287347197069152,0.0457716462860358,-0.00712357321413801,0.020964179130295,0.0581512603290075,0.11244082179451
Average_root_width_day002,-0.0720768123219749,-0.163886438316669,-0.123083951802589,0.13437090837534,-0.0673458746224275,-0.0619403170427936,-0.0705689239347437,-0.0425767064723038,-0.089869095835089,-0.150207910062885,-0.122499886447336,0.184003469147565,-0.132481887706332,-0.0885459500233988,-0.126337099909092,-0.0767846233563161,-0.0756584382322282,-0.122153652179413,-0.280282903302909,0.294890773028766,-0.0443798260107877,-0.0638535920122877,-0.0702987034692985,0.147914986571314
Average_root_width_day003,0.107434192563864,0.0299371689841061,-0.0438504158531862,0.1506190141525,0.11425118199641,0.155939344097307,0.0829821556812586,0.0570506757265911,0.111480694529016,0.0559054326899472,-0.00953018329820107,0.224838202524036,0.0713061613878368,0.145311123947524,0.0346894040544723,0.0698778335860689,0.0902300483299349,0.0776942184663559,-0.253304933191139,0.24226947652609,0.145507046198835,0.112959112527002,-0.0349936613446462,0.0766977082215949
Average_root_width_day004,0.149904296661598,0.051610182690779,-0.0499113597313419,0.189773987625912,0.0978440050378887,0.134653657401574,0.161046622402812,0.0834277802310655,0.132825600328418,0.0975445288327427,-0.00495701753449212,0.202905356257348,0.0746494405719336,0.108511202357022,0.108624331215264,0.067543820403397,0.113569582494026,0.057219413365521,-0.28493920406304,0.288264496243676,0.134754185320936,0.127471551564661,-0.0108568472579874,-0.0592782713938256
Average_root_width_day005,0.00182905362936016,-0.107846279955765,-0.178737311632273,0.0561987031355038,-0.0432490598153774,0.030091208660975,-0.139530356842531,-0.178358937289041,-0.0257902861102605,-0.0945861344107961,-0.155350628230914,0.160691215132282,-0.0946578815167616,0.00351782043227141,-0.138551433006604,-0.0967714792283869,-0.020094963384195,-0.0569942223767901,-0.266490774781285,0.195638965222938,-0.00130926191630605,-0.018685559884928,0.0203685314328976,-0.00122888872950603
Euclidian_length_day001,-0.160534007421458,-0.253369269446519,-0.222130606352328,-0.0109363538791313,-0.119273850409854,-0.166019142119499,-0.116322433723859,-0.11188761244302,-0.182568613127761,-0.235206216108694,-0.280779688436867,-0.0107662452606955,-0.224840351963978,-0.196737433543724,-0.137210216135162,-0.112173559115259,-0.136925387625902,-0.20711040481902,-0.11805342154518,0.0164999422137305,-0.0759415089057206,-0.124506937543797,-0.0147978990955701,-0.0354770739336801
Euclidian_length_day002,-0.219449112611202,-0.359666345899935,-0.274537423867975,-0.0387915187449246,-0.165141594825331,-0.205625985910856,-0.213902361249874,-0.196592188500133,-0.25694432259347,-0.335941907291474,-0.325975528272409,-0.00214241470545382,-0.283260452877334,-0.258463687662983,-0.255237515376789,-0.187966788751063,-0.192660697659893,-0.294610307713641,-0.0852199980927526,0.0276661730993654,-0.148626683498561,-0.182507204455045,-0.123707524571266,0.0375245980176793
Euclidian_length_day003,-0.256853373266702,-0.412505495300368,-0.310725162545527,-0.0400007166118405,-0.210597733839417,-0.240287312648522,-0.272592600930012,-0.258497843291735,-0.298766691386932,-0.386399091480125,-0.363030756659246,0.0125658063329057,-0.327064891998995,-0.305567959572603,-0.306482250612787,-0.256331330334544,-0.230974760385848,-0.345658764101403,-0.0964276464034369,0.0578397744266138,-0.199676116010655,-0.215693515183606,-0.185684258751431,0.0254842137532139
Euclidian_length_day004,-0.196370732329588,-0.345134636438575,-0.271438844533139,-0.0172832620047919,-0.15129090633107,-0.168249985093911,-0.220950734844495,-0.206572663737015,-0.225650727346774,-0.305968356517192,-0.318519819932795,0.0546889797072074,-0.250050545765552,-0.235338902659674,-0.250171453976461,-0.205287440915538,-0.177630842720139,-0.285353297418225,-0.128593202354577,0.0993841191995341,-0.142654712204105,-0.149236708493039,-0.153448106284876,0.0764942329727899
Euclidian_length_day005,-0.180502925345426,-0.315316899446226,-0.295747342597585,-0.0334202197451009,-0.127323290425059,-0.142580313542123,-0.220033404597802,-0.197507205776772,-0.208190528708636,-0.275981974532726,-0.333771675174038,0.0455076554273463,-0.226815907784352,-0.20914066078509,-0.243507549733868,-0.189214714435451,-0.16436397773376,-0.268144966710981,-0.139278408193701,0.0943527533298915,-0.124018615440722,-0.134857953390757,-0.137239447587808,0.0777028071355378
Relative_root_growth_rate_avg,0.129770821542767,0.172312145466903,0.19632549396791,0.0391329633598748,0.10199174912378,0.0687969480779916,0.153770378966402,-0.0441618542359268,0.102451701670868,0.123011620118056,0.245440773303429,0.013460548088942,0.13376656381724,0.0869730492634762,0.14151125653058,-0.0223714066013715,0.101091834202953,0.140278001905982,0.112546750902746,0.0606342095858279,0.0560522549007242,0.0568497273447111,0.0454775336403554,-0.0375383250117235
Relative_root_growth_rate_day001.day002,0.178305131198129,0.1844377749812,0.177956961154745,0.0944968762136289,0.164420217568666,0.135389042568685,0.163219495080679,0.002198844583537,0.164948935122689,0.159698258758571,0.236774723367193,0.0840518117346314,0.181944423914426,0.133244919546009,0.165174947193903,0.0278670268483849,0.138741651776211,0.166365306696773,0.0850948614659329,0.105289673272604,0.12466845172204,0.123396139650431,0.0131057309299638,-0.0443899502286767
Relative_root_growth_rate_day002.day003,0.232332707206836,0.272052729876837,0.282669501231762,0.0822804879040963,0.162024100222641,0.139539662394692,0.278084843236925,-0.0113182601248189,0.186533706320876,0.22442462815589,0.357753232279652,0.0180113805967955,0.211756712193266,0.164860423371831,0.261793815421347,-0.003631055232601,0.190766025523235,0.227774176551981,0.144365835821177,0.0789720896026855,0.127102383046099,0.129205072456019,0.114323982533367,-0.0889095456684796
Relative_root_growth_rate_day003.day004,0.271282796772901,0.344118460747802,0.298346431276559,0.104166425696918,0.23741878559231,0.23567010038372,0.311384175240926,0.0907240248735317,0.26668539237406,0.335302914222792,0.361057722872943,0.0399847964888579,0.289870235202299,0.269910069478915,0.325090697142871,0.104396973465291,0.2322842270745,0.273291830624327,0.0909450589413126,0.0958604888953533,0.214328724395146,0.197042254345748,0.146363657635155,0.0150341516526673
Relative_root_growth_rate_day004.day005,0.128345912111515,0.205809591399467,0.210231726996508,0.0735944728352296,0.0569561622301804,0.0861836723956533,0.230082984587977,-0.158741434605471,0.0890590941722257,0.188437964104079,0.263108966035142,-0.00679067807173388,0.115719354901254,0.134293752357716,0.25386110441601,-0.138708026708359,0.113889075738577,0.113701680475412,0.046976445400232,0.15478178095486,0.0419208559128935,0.0425402655752535,0.161507117297758,-0.141733738990594
Root_angle_avg,0.275666744966474,0.367617465004272,0.518932957734735,0.0771743539902095,0.378974080663033,0.29688992674332,0.437442435888245,0.455233601764273,0.357200079024814,0.383782106346095,0.417446132895761,0.21521361529289,0.431979025269097,0.330819878299392,0.436467839310959,0.408800222245732,0.272716875094394,0.391960914157885,0.173020905287206,0.00114916654171346,0.347843783139084,0.33139033264015,0.306844572427591,0.162577473481343
Root_angle_day001,0.291008906651315,0.32093708431971,0.384258316646536,0.0879184883916137,0.334719316370143,0.279437497992649,0.426510076413275,0.150220190135326,0.39768874903648,0.386595847387784,0.373403753064658,0.139215709603096,0.417250358535942,0.361381194544412,0.431613027259643,0.231846441163684,0.250060645820696,0.332769343616079,0.122717454088846,-0.0557573286292838,0.325765490199791,0.27272828029283,0.150470292519223,0.0439736183671022
Root_angle_day002,0.331733205152124,0.454782805743904,0.403740070851874,0.0944562422054386,0.413656889123286,0.359239227924585,0.439934075952422,0.565226537487794,0.396027402753048,0.465376720839107,0.386229817408533,0.297894239932555,0.470135488262541,0.374266358414246,0.445867546649517,0.444590686942192,0.324791828022481,0.448027635880861,0.0890564104672488,0.0692998381774862,0.389185761566465,0.39175897846687,0.260035368349263,0.190654789505881
Root_angle_day003,0.157125170490537,0.261055471579188,0.328244688598769,0.104024776247669,0.249102077821885,0.194331268029908,0.288378396449438,0.429208682081826,0.219475833425261,0.267127205606428,0.294350233599745,0.262471045402367,0.294667537489263,0.195167946446478,0.278106091736654,0.324136185149393,0.166936697274065,0.265313763267917,0.0629641648916107,0.0845114057459108,0.213896267391514,0.238183228354922,0.246002493766513,0.18283874721544
Root_angle_day004,0.108693895268816,0.18696856845099,0.213540083329672,0.0791978108609824,0.194629735391773,0.100611508728506,0.222422688587656,0.313389554333511,0.13401554662816,0.153367714902794,0.176149172466563,0.169578866772987,0.205778594946417,0.0697487453946834,0.210423677740128,0.244188462408937,0.119316144397435,0.198031066239053,0.0640595195809269,0.0243859796885888,0.144345452037682,0.175284288101031,0.245899183920714,0.0674368919879527
Root_angle_day005,0.0769875536749901,0.14071066865437,0.246308457009731,0.126747846204662,0.175766681130786,0.078942363602161,0.236966118676728,0.222516504490303,0.11338129499313,0.132102349569723,0.19105103397272,0.235385524999461,0.185161557174698,0.0663195693039493,0.222121610655354,0.174490837938623,0.0931901693185807,0.159199480569359,0.0463402292396371,0.112550497679533,0.129572026664714,0.145231624857906,0.239837667433109,0.035792174662421
Root_directional_equivalent_avg,0.102582772210428,0.168119013288213,-0.0285345165197623,-0.0423799243782708,0.0642327247662256,0.0633164383695968,0.119520013297812,0.205869748399668,0.124840838424813,0.172439616043553,-0.0322683137719565,-0.0230591848098325,0.0766056140117586,0.103358469105969,0.098398903079971,0.147570517991923,0.0808198836569425,0.116264738949068,-0.148008291001191,0.051550933433407,0.115541858531891,0.0775627852252775,-0.0340108313343602,-0.0991504760582224
Root_directional_equivalent_day001,0.106025072796129,0.187449378758385,0.0327770796175669,-0.00464817258781625,0.1419778601155,0.061082615901766,0.146947315967356,0.295201586842304,0.139642016759676,0.170647397381343,-0.0137001527554999,0.00874183033006166,0.12760761522212,0.0620047124057909,0.144072037490513,0.219222101236575,0.103437704538883,0.174274194377635,-0.0591967710004694,0.0295607071844206,0.174969887934567,0.142251715434848,0.058518616055631,0.0133047972949598
Root_directional_equivalent_day002,0.0939718971231455,0.181700213717727,-0.0678771173108147,0.00785322445962641,0.0582791969354315,0.101456954736887,0.0909044767091812,0.213813204993166,0.136175339308206,0.187866948047925,-0.039368015690183,0.0903921520311705,0.0950936178688594,0.122989755354437,0.0867275335588761,0.118898840138492,0.0799177687254333,0.132227044805027,-0.237132661834255,0.145103445970777,0.107352081270854,0.113208312679507,0.0117354410876582,-0.122291229589936
Root_directional_equivalent_day003,0.0858027358902237,0.158704844180248,-0.0833929851004725,-0.0372942041895203,0.0311609231029024,0.0939036264905138,0.0538561582532026,0.162223850691057,0.114677321330292,0.168639661382456,-0.039556657688743,0.0201885946563634,0.0723566777680945,0.11773894612541,0.0300335952610978,0.0933399119973823,0.0706431648262013,0.103525197394769,-0.237662659001911,0.113036344851934,0.0804996616755906,0.0872929067117519,-0.0821228859106856,-0.101139722258867
Root_directional_equivalent_day004,0.0443142072977825,0.0825043674500218,-0.144400073865371,-0.0607088956422105,-0.0403399080725578,-0.0147407834854016,0.0138434796222852,0.0784739956969939,0.02914181194943,0.0771496793739768,-0.109150446839935,-0.037195404844199,-0.0345367141896565,0.0200026218580941,-0.0206145648469365,0.0295426152836508,0.0152589504661014,0.0100037895715927,-0.138727901320967,0.0963643548395591,0.00573973622950183,-0.0199161039534305,-0.128207217509186,-0.158383110851203
Root_directional_equivalent_day005,-0.0393951806640148,-0.0420302360799131,-0.174613087071211,-0.125721865062716,-0.151953937181686,-0.120906667510793,-0.0613898691275768,-0.0395432132289656,-0.0539690823350518,-0.0296397397732292,-0.191352272377939,-0.117897318436898,-0.145718729621995,-0.0859045025931467,-0.0891913245259271,-0.0511523970946095,-0.0714054952092281,-0.10751173699817,-0.157598517870288,0.0527723366949732,-0.093494745271658,-0.108512440779425,-0.149852703301387,-0.150106592949638
Root_growth_rate_avg,-0.224394376575027,-0.355831028255106,-0.273475836919057,-0.0568321066248819,-0.197339030857465,-0.205203597331021,-0.251155950777332,-0.270260755443477,-0.268175793572745,-0.321295167790615,-0.324942489829922,0.0244946525519746,-0.282438493352328,-0.263264577266453,-0.288474263926609,-0.275427930618915,-0.210181070841034,-0.330367052202056,-0.134675153277894,0.130826893321734,-0.2075194022371,-0.206632295247397,-0.162957158516629,0.0548155446219436
Root_growth_rate_day001.day002,-0.220473332591101,-0.379846814865071,-0.250966585488579,-0.0205310819837153,-0.176472032840522,-0.196603651156904,-0.268488736552314,-0.270120375898274,-0.265613960893269,-0.364888550880956,-0.278033171668266,0.0507555409556548,-0.269601770044422,-0.270173533983133,-0.325373298428804,-0.277384063508487,-0.200217216269781,-0.30358850990918,-0.0696597560639897,0.0880135468757811,-0.192945486997653,-0.184832920902931,-0.237811099064148,0.0841869982399427
Root_growth_rate_day002.day003,-0.274134786002228,-0.390300357965373,-0.290355386105679,-0.0982026651087435,-0.234590715557145,-0.239404396956913,-0.299713227001263,-0.308077001941094,-0.313752308416844,-0.3683149152821,-0.349522168401033,-0.0119679690801041,-0.327193892111064,-0.292996355159013,-0.327997758004015,-0.303044735485177,-0.253562991163797,-0.360557733944327,-0.114384420258822,0.0852323815700115,-0.246835988226758,-0.24782636117839,-0.215352286254654,0.0227345626309253
Root_growth_rate_day003.day004,-0.0289627098535655,-0.11746901407388,-0.0952471144235105,0.0091904442065861,-0.0260011070243181,-0.0282907287301258,-0.0427925320405217,-0.0817284020437191,-0.0546148005499537,-0.0707377153678902,-0.113495315449955,0.0515889279096093,-0.0707592127267392,-0.0681309918351464,-0.0646811553320834,-0.104409656849464,-0.0377423731981054,-0.126290181859878,-0.0820302554739775,0.14343724163965,-0.0294054705770383,-0.0334762242927067,-0.0877697475142098,0.0749271270594534
Root_growth_rate_day004.day005,-0.146170626733124,-0.238291996221596,-0.279325072391982,-0.025540231324105,-0.145735266573981,-0.130062443102723,-0.136823453884242,-0.245308113247083,-0.18377770552415,-0.184800390364181,-0.318263386054972,0.0783085571599927,-0.207083432634134,-0.15898630435523,-0.153326459731719,-0.239273787830734,-0.14022245561458,-0.259403742851326,-0.244587206006874,0.246274811167278,-0.137573249101371,-0.147700902071032,-0.00771266664130393,0.0579774201847746
Root_horizontal_index_avg,-0.128683655499292,-0.234977663062097,-0.229689199837279,-0.0598463170925058,-0.174718012793161,-0.101297271583852,-0.228200701043303,-0.193206468562223,-0.145371396086518,-0.204402599163991,-0.204859826835923,-0.10781479758842,-0.21586259347069,-0.131931755380444,-0.245210611568903,-0.200998613281599,-0.13066198170167,-0.210397335906351,-0.13925109977353,0.0746882032974961,-0.121356980989597,-0.118067156285488,-0.244443089095947,-0.0294995120555117
Root_horizontal_index_day001,-0.198999387203805,-0.203624668471182,-0.178558713622004,-0.100604898723671,-0.151138135845772,-0.236860459918489,-0.155860629617186,-0.0410395975440036,-0.175075337600535,-0.202712025995571,-0.263256280225294,-0.130458018796285,-0.204058340289271,-0.257506617667058,-0.168579908295599,-0.0828405682192323,-0.166042441688309,-0.176118683387181,-0.0576126666742512,-0.0338025474880625,-0.108520024696957,-0.119402911034116,-0.0991422803061377,0.0350706734105336
Root_horizontal_index_day002,-0.248209397981267,-0.291199915901974,-0.273549098765324,-0.0787099378502743,-0.221222977430996,-0.187852886399131,-0.239771853155153,-0.135156644594072,-0.230973858945985,-0.278519558390897,-0.286161936904705,-0.0932436055816828,-0.264073285704839,-0.233088077691802,-0.269534210972354,-0.188128412459475,-0.217254550297881,-0.258481724956856,-0.205844499338488,0.0996625549871134,-0.188610398921855,-0.152819919161111,-0.133178028743208,0.0114370864686873
Root_horizontal_index_day003,-0.310582048414424,-0.393724612752687,-0.323454484165267,-0.0946960988487889,-0.32892090583795,-0.267012135650761,-0.357921424937355,-0.266902281898003,-0.329996435706894,-0.385263621518216,-0.331034014018286,-0.128640490473324,-0.382573702166017,-0.310656510473454,-0.400141260387362,-0.311626868131094,-0.287868638700384,-0.371699375076893,-0.204638123609015,0.136000688630137,-0.294776047058095,-0.264218319288255,-0.259386593879452,-0.0636095064351073
Root_horizontal_index_day004,-0.133712688060202,-0.242574629336129,-0.230878549503212,-0.045082656108574,-0.201270304964713,-0.132352300119204,-0.221601352335311,-0.236992874737396,-0.171747665153274,-0.216031789595077,-0.19756260883679,-0.0748640332094368,-0.244756200543384,-0.141482411157068,-0.259545188096437,-0.233360323459647,-0.140930392378037,-0.238713700934859,-0.122264803763325,0.137804589147809,-0.153388394391104,-0.167354600745333,-0.241571418691764,-0.0512630898609122
Root_horizontal_index_day005,-0.0995646411338396,-0.216396461295922,-0.237547788376583,-0.0774490287850109,-0.192318965260006,-0.09975544955069,-0.229880175768713,-0.267354816840551,-0.139904304709436,-0.184041816214516,-0.204219858740321,-0.0950566597167433,-0.22167885292814,-0.105641656046471,-0.248606602673467,-0.241706287212563,-0.112536958513186,-0.211016471124745,-0.115926583465278,0.1000074723625,-0.136295129595996,-0.144731225730051,-0.254076537298633,-0.0035513594007735
Root_linearity_avg,-0.183054653676942,-0.312109982085401,-0.117902489825094,-0.0782198990305423,-0.22324068667839,-0.137363902800224,-0.218382968730517,-0.23663659902535,-0.222673621712655,-0.293170745039845,-0.0489827678507284,-0.232483279927879,-0.286049572726726,-0.160055456560777,-0.228915373155431,-0.207031452396997,-0.194858646717235,-0.295034718913581,0.125621872311382,-0.110093221616376,-0.197706405802011,-0.217890185458907,-0.189395490180724,-0.0803287889040174
Root_linearity_day001,-0.195084037428206,-0.216485989602941,-0.0804763746618613,-0.12007461023274,-0.170325616176653,-0.174894293068983,-0.229754911506095,-0.254211405532407,-0.179478529476862,-0.221281207291188,-0.0671636719786832,-0.158465230802675,-0.162759026221482,-0.201754044670922,-0.224638820790325,-0.211493577067389,-0.179764733415347,-0.196075226903164,0.200458461785342,-0.134594743784894,-0.204040792461205,-0.160552409151049,-0.153067706926474,-0.059363711820472
Root_linearity_day002,-0.159303703234613,-0.164955624665553,0.00264958870746331,-0.151455572512274,-0.0847606820241974,-0.0719426446259514,-0.0486921157880761,-0.0717900612702573,-0.129747254972296,-0.167863062930552,0.0925692755651468,-0.305004356143548,-0.119885079440939,-0.114110640847547,-0.0751020497073087,-0.0830879083930676,-0.151592801286058,-0.158869394740437,0.17062472001871,-0.155511972706011,-0.102252114986184,-0.0856472922201352,0.0234639829255928,-0.133511348869967
Root_linearity_day003,-0.354269972175364,-0.414109098034894,-0.148970424628042,-0.0653933666485754,-0.33844715125244,-0.285825092321257,-0.287457039466657,-0.316482217739225,-0.379246688660068,-0.439759400267218,-0.117351383527314,-0.179423723323592,-0.415374280281081,-0.315560144801201,-0.331152173400583,-0.341549563337117,-0.340747843708843,-0.406188821033125,0.0193922694626272,0.0221735987611109,-0.336836274015397,-0.339039926077147,-0.218308730971777,-0.109318695939784
Root_linearity_day004,-0.224643576277572,-0.368956361687491,-0.270726947662722,-0.051916930212348,-0.285084316808943,-0.203470051276476,-0.253443051841846,-0.372150695604166,-0.280289637847903,-0.341990344588817,-0.220419844438028,-0.132249827170614,-0.355571466808352,-0.212055706598041,-0.271046528001297,-0.310923469225374,-0.231832124181518,-0.359571821256668,-0.0214219757267161,-0.00202808758016585,-0.25167789603781,-0.275331377350783,-0.251003312477033,-0.128083508232509
Root_linearity_day005,0.094594692179329,-0.0534736912092301,-0.0863908022361877,0.0255590402783339,-0.00971630248021536,0.0570834364989655,-0.00510369034848175,-0.153431055505957,0.0358682162399079,-0.0256101773279959,-0.0236288432630003,-0.0642088307101093,-0.0559438757101812,0.0755611219841129,-0.00398810682595152,-0.0500066643664887,0.0497390851019785,-0.0380571712371445,-0.00834959329903867,-0.0321097275779224,0.0444781387599339,-0.0233427789386699,-0.118712209250231,0.0138286371959685
Root_tortuosity_avg,0.167390950916759,0.255305820595968,0.138006116492734,-0.019956251676237,0.139841323044589,0.141962368761557,0.239149770449698,0.263883409418717,0.216819631999999,0.257183381103834,0.0883137148385694,0.0161162579521696,0.209597901689015,0.180638259310075,0.216352095666171,0.211262821749385,0.152977385271754,0.228980791392192,-0.144635028181175,-0.0374481086688421,0.165798409891179,0.176181951650108,0.0887124634037412,-0.102458082665912
Root_tortuosity_day001,0.127372193159982,0.192385055416656,0.0203042767662946,0.0268952975481162,0.113495946907867,0.0577026297444304,0.210489900101044,0.326597882416851,0.129857427208866,0.15823900525045,-0.0287785353866626,0.0206928579559851,0.114781083253544,0.0508853224887505,0.177168124870261,0.214229954695751,0.126189378692753,0.187619839543919,-0.155684528429032,0.0207020278300938,0.158510888341929,0.149132575942176,0.092197827403734,-0.0712887197993782
Root_tortuosity_day002,0.148944142201882,0.235623243977565,0.0917915257482987,0.0641088176470496,0.167356766113041,0.160997278104667,0.202936902004945,0.200341917910807,0.238284777218479,0.248085453350599,0.0731981698497796,0.188550163973491,0.238442389831166,0.172924650960843,0.218512205816168,0.156845904227463,0.14082921258936,0.241755178986541,-0.238342540969445,0.0885983841917927,0.187408066092265,0.222434939900805,0.0828055629155421,0.00228084651538342
Root_tortuosity_day003,0.16368838585452,0.244781525737539,0.168574174999316,-0.0209407756003717,0.17948362618079,0.174924076368556,0.132185635255826,0.447982519295102,0.234318144682537,0.252727511927071,0.090316192717441,0.102376301186855,0.241163445814806,0.162198215455333,0.120185491376441,0.323225742299134,0.147931342365418,0.241375457154727,-0.19567528683968,0.0555114370659052,0.188896344410781,0.236582132660243,0.0649163721932676,0.0626487664903819
Root_tortuosity_day004,0.156353163070658,0.252471066665935,0.105684824482103,-0.116151270033165,0.0713006946773494,0.114896948901639,0.191327347546289,0.2054599098624,0.149558134570745,0.238444393438877,0.0825098339644332,-0.121978291432916,0.135926796017155,0.17776565831669,0.132216600466121,0.161620627308479,0.141428431495897,0.170749412158633,0.0065884601436776,-0.144216124949287,0.0928672798619291,0.0880020520701615,0.0669667254664888,-0.26199331430851
Root_tortuosity_day005,0.0631788160529143,0.079701325678526,0.0797224010073917,-0.151671229336688,-0.0163378598360244,0.0167931192123983,0.121876832344235,-0.00337310708563083,0.0718083850214335,0.0813330715450673,-0.0209485274293395,-0.131133853698641,0.0276804755669634,0.0639789866694708,0.0882762454189296,0.0195435314672602,0.0451526521407475,0.0601869726626092,-0.0805126560471761,-0.0718117654648608,0.0198592366443589,0.0204397411177152,0.00415647121178345,-0.11686197509787
Root_vertical_index_avg,-0.108069425840449,-0.259127969378399,-0.24167843896228,0.0130405734267672,-0.0570353604573242,-0.071719966886897,-0.161440744934882,-0.165599673420703,-0.126717620220499,-0.218017661200773,-0.250362106009541,0.0738612159365701,-0.152255110656197,-0.155344167972406,-0.172962139019406,-0.15113478328331,-0.0981859625176309,-0.187400900384614,-0.117822899849302,0.0575148747857691,-0.0442240564577689,-0.0468415307015637,-0.148050280114198,0.0502701762006458
Root_vertical_index_day001,-0.157488106069109,-0.254692130474716,-0.229288919840465,-0.000562925597168086,-0.121426789850487,-0.163724109847556,-0.113412089272742,-0.116387797125852,-0.184063210080014,-0.235818223153189,-0.283507537126639,0.000944671511747799,-0.22728301683141,-0.195299210194113,-0.136281215051523,-0.116354310061221,-0.134177882612903,-0.208484800451609,-0.134104955611653,0.0292909797074013,-0.0763641145418549,-0.124950350818439,-0.0128258599621358,-0.0483369640586551
Root_vertical_index_day002,-0.208902493087662,-0.35031148650358,-0.268766363906799,-0.0310105144656269,-0.152897018803365,-0.200189589993241,-0.203117325704842,-0.191208445916889,-0.248181435176788,-0.327441128006259,-0.322222624661958,0.0103829238086977,-0.27365686242552,-0.25157540226058,-0.244720382521227,-0.180474736868049,-0.183591911411684,-0.284855971717575,-0.0823198810807581,0.0278983305603125,-0.137697909689217,-0.177137855655207,-0.122324499142678,0.0360496281951599
Root_vertical_index_day003,-0.245041087666741,-0.398966810960242,-0.301584415292171,-0.0350424569703684,-0.19412331333647,-0.232429772114762,-0.257549032764842,-0.239256196051189,-0.286922900961116,-0.373655527905519,-0.358507860007108,0.0246423327283594,-0.312544910398488,-0.297685263224232,-0.289894272406928,-0.239368831338253,-0.219980004090707,-0.331700751437614,-0.0917731625697706,0.0546303668994631,-0.185359821921879,-0.204540923008459,-0.178310464654127,0.031613543567481
Root_vertical_index_day004,-0.181983094530931,-0.326822284577956,-0.257897928071786,-0.0146935554268823,-0.131581582589773,-0.156904681707707,-0.201052482777599,-0.181314956003212,-0.209905211172767,-0.288461430718584,-0.309526056251738,0.0643185524522378,-0.231276362983999,-0.223905283146428,-0.229893968339535,-0.182060313187371,-0.164093324375136,-0.267045816643014,-0.124965947042133,0.0919695080075134,-0.1250224252821,-0.134426329312016,-0.136915368107445,0.08107871386389
Root_vertical_index_day005,-0.172398113243015,-0.303493020895672,-0.285420090896267,-0.0303087697554016,-0.113910216005932,-0.136280124858351,-0.202747765901339,-0.184962651103013,-0.197396651781531,-0.265079581228183,-0.32874224411255,0.0567843522437604,-0.213153408762758,-0.203810567027094,-0.226473683600564,-0.176646119363848,-0.156727043997624,-0.25546263609359,-0.143949835250542,0.0925702514812326,-0.113068217579459,-0.123618073796888,-0.121467408606172,0.0795828189732349
Root_width_100_avg,0.209180855542866,0.0636025276081978,-0.0871021579210721,0.136950932543243,0.131620964283246,0.204881357795224,0.0987119784508615,0.0192658677089779,0.19604262262019,0.137666853614216,-0.00490289248456956,0.168626078000878,0.118220317973928,0.171803012397693,0.0716410152545094,0.0375864508629575,0.157842145365332,0.0816161837021347,-0.26641631181299,0.212148190809788,0.175739262268109,0.171342810854532,-0.00110492594720629,0.0521169452249036
Root_width_100_day001,-0.109872328296469,-0.206643902169188,-0.241849118963846,-0.066867525234754,-0.140053331093443,-0.0314093291778741,-0.188843502008677,-0.187101834224679,-0.0870879320963075,-0.159563411276787,-0.180051918933315,-0.0299903686366623,-0.117824160455447,-0.0699382476791282,-0.229191710976584,-0.149641375519334,-0.0995720055827075,-0.148410558606194,-0.211879383264323,-0.0725341340774495,-0.122426275698231,-0.0508445922342525,-0.15824487973544,0.178459221233158
Root_width_100_day002,-0.0725196124245211,-0.251589880771854,-0.1999476123286,0.0188084981230917,-0.133962941579503,-0.0845117199522688,-0.195156777652993,-0.202982399642705,-0.0962737611521895,-0.181787189085934,-0.22037228142738,0.0567625829023008,-0.173907901738186,-0.11290058503833,-0.233736814483261,-0.181640618217091,-0.0929837525459663,-0.215463589260217,-0.271976524882222,0.213912584061048,-0.102515261438538,-0.0936877607334502,-0.252482598569735,0.0792160472497492
Root_width_100_day003,0.395550197082056,0.299619352601463,0.0947753995261758,0.178244306025678,0.345876268713156,0.414140149374789,0.289320742033294,0.178796888349122,0.399797217372989,0.376593616496,0.193010544793932,0.268618410770124,0.349414403771968,0.407191648384431,0.271138340773162,0.191171088433215,0.341661543503236,0.315684914866791,-0.187770910595653,0.246729779868211,0.39139409023615,0.355099098120087,0.0426361839819945,0.123861413233762
Root_width_100_day004,0.335635224994456,0.225453611399317,0.0300794856031932,0.224779051855826,0.253847122450291,0.299041209412591,0.288778287888351,0.200249487556983,0.330091786588405,0.313886531493,0.105506522981192,0.264796462088699,0.264104086914528,0.267163546419481,0.272812773020946,0.18387565502493,0.270584040670245,0.204814287914149,-0.262396918560616,0.311199459428402,0.294807461095866,0.294566970478241,0.0923489487623448,-0.0192377456191744
Root_width_100_day005,0.328467564711741,0.219839010245522,0.00561035965734092,0.136478991310747,0.269246382862932,0.330696213827456,0.154589525986317,0.0936332645101769,0.323756793731661,0.283356917667437,0.0914974583767914,0.253397465849336,0.260578450737123,0.318613862355802,0.183825867726332,0.15832614527887,0.27003431777499,0.246920269750778,-0.229342291209119,0.21642780643707,0.317550529400682,0.278772253408444,0.180822214886419,-0.0131683254977428
Root_width_20_avg,-0.212205684209851,-0.141937723209628,-0.217613884827754,0.0244590450745653,-0.162398032718481,-0.144960009487404,-0.210592628723573,0.0463429681058895,-0.235883296513608,-0.209853486116683,-0.295730193167012,0.0689665782355429,-0.233417488228064,-0.159037172833976,-0.247810724825482,-0.0484658181024612,-0.177590248643875,-0.145744977909569,-0.302098546589637,0.117688183150191,-0.150605441446563,-0.171467423129156,0.00519693350636839,0.0298929658928569
Root_width_20_day001,-0.220474609747024,-0.122212597973407,-0.290433156122039,-0.066460020348111,-0.154786087238095,-0.126370710065485,-0.192295874361878,0.0605747575517474,-0.202221172412876,-0.191522089913878,-0.360153372203154,-0.0158179829121979,-0.191609679747259,-0.160531208617193,-0.229202682359735,-0.054401147735316,-0.184905267132503,-0.112296516328263,-0.334868557328398,-0.0416171946976083,-0.145623378459358,-0.126255202171675,0.0730419488533627,-0.0561441794021855
Root_width_20_day002,-0.237141504825141,-0.177671956681457,-0.173757962102152,0.0796151683362267,-0.159243216709143,-0.234886798303116,-0.164225319149214,-0.0331935067215132,-0.25633197251847,-0.225685832937297,-0.251769394643207,0.166503202606976,-0.238723008978678,-0.231001470781376,-0.202126091986003,-0.124268294863435,-0.196748406945462,-0.181506257158414,-0.209062748511772,0.222401143772152,-0.158980416376004,-0.203817382878897,0.0599833275854854,0.0743207920335178
Root_width_20_day003,-0.120586167271728,-0.073874385439317,-0.148579383210734,0.0872385272684641,-0.062582278154103,-0.0830454969600111,-0.119266452498199,0.0345886879779297,-0.134852737854486,-0.143636032380369,-0.210464978379124,0.15436647376336,-0.137091497047317,-0.0911151052459185,-0.147102777299085,0.0123477525058026,-0.0993734401306465,-0.0534485135161243,-0.216729092793079,0.163862192029995,-0.0548145047185178,-0.0901200702891712,-0.0314609217990766,0.0150404022661714
Root_width_20_day004,-0.169268179147908,-0.172594752067095,-0.139413456815619,0.0870165583855167,-0.170054429864158,-0.177759178643504,-0.101588848051514,0.0354057100830163,-0.202842012725154,-0.212954611825539,-0.175654968443907,0.0502893346295749,-0.233615591177818,-0.20093398903729,-0.177580405737651,-0.0380457558449929,-0.160590820014347,-0.176395510053309,-0.224700259867775,0.166089190774954,-0.151383417043419,-0.161029448845945,-0.111558981173878,-0.00461984846346445
Root_width_20_day005,-0.297749705813062,-0.317219929947023,-0.282077287298429,-0.0482763057506439,-0.293785261642422,-0.253759494385679,-0.364203144904427,-0.29177968828032,-0.330553135035349,-0.367927200926656,-0.337850187226075,0.012646911610593,-0.367642013698119,-0.273898727135937,-0.366609920272398,-0.241909502487179,-0.273513787840972,-0.282929621014184,-0.200467271208383,0.0789267879556838,-0.273035970946613,-0.278400030868451,-0.0366771890322515,0.0133820129979554
Root_width_40_avg,0.0713231199099455,0.0177817112871758,0.0174176595109698,0.154029709444902,0.0687779078677146,0.108394515920252,0.104290811119499,0.0828447480531725,0.0565883096333432,0.00674225538804262,0.0714396160500943,0.160418210586041,0.0309485197971476,0.0913751542198984,0.0421504394959147,0.0571197629166094,0.061246701048894,0.0642670189729419,-0.16700241985919,0.158049803924216,0.0876106687521753,0.0669184511775692,0.072886115018272,0.0529739523357394
Root_width_40_day001,0.0737672533434497,0.158075927998552,0.108474192808171,0.153805894784122,0.148851222697482,0.148656032945375,0.140627516204862,0.177906690433608,0.0985547286878914,0.113291705586227,0.13909150565966,0.218854280739005,0.145688532561904,0.144699362603744,0.113910550045218,0.123575631956644,0.0893519432733043,0.18260346463912,-0.0564318665122924,0.0871118147386924,0.134284362278274,0.121515972060112,0.159819650369112,0.107776570544148
Root_width_40_day002,0.0842931565465149,0.0119567772553372,0.0792930939877773,0.253085921790023,0.0767073486360456,0.088597373009234,0.096824443337908,0.147093912327908,0.0723292864541576,0.0018639915002248,0.139000070074869,0.25328563604585,0.0264947606193678,0.0552741416733403,0.0558397078150147,0.100443935310231,0.0610337412997201,0.0603879323513338,-0.128366172679765,0.306306574892949,0.102384790270427,0.0806065541100424,0.00670857784938828,0.178306842193773
Root_width_40_day003,0.0364525566496455,-0.0706747270947882,-0.0405747568561356,0.130203968764819,0.0593691011366219,0.100007864801169,0.0526651196497334,0.00839885534310639,0.0462687705716346,-0.0427017243385588,0.0199212017008425,0.142918566897907,0.0115607741430578,0.0780519161027627,-0.00729915022100197,0.0408916735898346,0.0259714794530955,0.000558828008146316,-0.211496373927603,0.173590582688701,0.0772084687589481,0.0559312998257519,-0.0145029775142244,0.0923549950677133
Root_width_40_day004,0.100112568220734,0.00293781120724086,-0.0475418656000221,0.154904299002785,0.0799722248923095,0.128879750940012,0.150604625806349,-0.0289494155672416,0.0971534038635754,0.039694865057245,0.00883619583313834,0.141582441414801,0.0611761507246132,0.106800945540863,0.0979012729579505,0.00999227698802823,0.0822563611305285,0.0416840496047276,-0.255282017934756,0.191978411184214,0.1032945464389,0.103734504521125,0.0116420089737152,-0.0991459664242053
Root_width_40_day005,-0.186820915785039,-0.324140165344872,-0.245172014650395,-0.00772014240711117,-0.213247651332436,-0.131198497573517,-0.289938163422054,-0.330699188533271,-0.218116902665656,-0.304815355162635,-0.227539730236882,0.0665826731376857,-0.269962672138598,-0.162687286087002,-0.314773355684374,-0.248859750078758,-0.177968530782512,-0.250020421507665,-0.273247340718695,0.143102172403766,-0.183910959612737,-0.179953726124105,-0.140063857906807,-0.0177033543524709
Root_width_60_avg,0.125605357534844,0.000189328903397697,-0.0371886910100426,0.134423070852237,0.0833132480639779,0.134212485360178,0.108180489061865,-0.017572188413383,0.108797442196117,0.0342228483822415,0.0219511375780945,0.159748869299285,0.0504834919460694,0.109262712276882,0.0453057564011888,0.00238814878977078,0.0906896645820658,0.0442198421126319,-0.263920022571645,0.223066969409819,0.112933004808107,0.0993487513537076,-0.015620993688619,0.0843446100132957
Root_width_60_day001,0.132031085034904,0.117203358791605,0.0593347485658162,0.16777628615132,0.110302703478861,0.186125580834463,0.147750388611489,0.0458174746153205,0.129459166813301,0.111735262386889,0.175506055802098,0.212344533639293,0.115569642758072,0.169724822623849,0.0924708169926912,0.0416793198123397,0.120686809561669,0.13531104390966,-0.211788175202619,0.228786285630398,0.126103059309649,0.133618325484253,0.0460128055882057,0.198630833741658
Root_width_60_day002,0.0243752406254243,-0.113641182802557,-0.0518833143786204,0.100855691001554,0.025515668693129,0.063154323837443,0.0265841193371291,-0.0215998207080256,0.0221266164542896,-0.0770745903257805,0.0117798237762004,0.101140533890844,-0.0159730915936855,0.0214402603387686,-0.0331385541634736,-0.00183620370945311,0.00754645842567874,-0.0429297509268541,-0.258855196460533,0.185761305508974,0.0405007110858291,0.039174271406357,-0.0703199822391077,0.198020069350086
Root_width_60_day003,0.0181303150427695,-0.0815040572803326,-0.0779505575593692,0.0640251741802764,0.0140788119130178,0.0748252585851592,0.0188598974490226,-0.0483896660330151,0.0359634446881976,-0.028889753513012,-0.0588497891909394,0.108445177217248,-0.00539761389531134,0.0657478129064944,-0.0407933525336425,-0.0338662109287812,0.00808699407252504,-0.0295665759703801,-0.254500883317687,0.17099558316548,0.0428854697898367,0.0400124384226681,-0.124667101392287,0.0667884596458893
Root_width_60_day004,0.137272071561607,0.02502130110786,-0.0446299491665032,0.143385969664351,0.0882473323320126,0.124851652399868,0.144020213224192,0.0255759700875596,0.124888891067855,0.08293305215874,-0.00754297601154478,0.18161727769427,0.071784054702298,0.109545996223256,0.0964360821012358,0.0266717944451078,0.105881596590335,0.040535821649243,-0.239364310769048,0.269984108060955,0.122510619406316,0.11510461550689,-0.0505441938057715,-0.0819197483246259
Root_width_60_day005,0.149886586698131,0.00174146176923334,-0.0822760633929963,0.106362560394488,0.0890220268775819,0.154032298448122,0.00872131841034088,-0.149525096737226,0.126156407074489,0.0383559610924968,-0.0431665268231216,0.227424482883898,0.0517522878391315,0.132272552402917,0.00465022736215245,-0.0519520116864335,0.108562352639012,0.0654615675313879,-0.224316192169149,0.250484649120888,0.132956587080464,0.110993698862617,0.00733484810648263,0.016133687940109
Root_width_80_avg,0.218446209476343,0.09199975649607,-0.0440112656891864,0.139770690572511,0.154636632396899,0.226782555278565,0.165214259042724,0.0227741607165314,0.209913289334732,0.148306251814495,0.0448040856348701,0.167499445211226,0.142926070777967,0.210449707181957,0.122227938449215,0.0594836082739948,0.16767678251862,0.116231725079019,-0.243538024513366,0.204837027844186,0.18841101551987,0.174174550117607,0.0203267672951857,0.0352846745080408
Root_width_80_day001,0.0788566332291015,0.0189342837221413,-0.065420002298925,0.03622497232412,0.0597845816680187,0.173111767265812,0.0529476673211991,-0.0884103914413079,0.107050369391044,0.0546403668143917,0.0757468789262456,0.0256596581290229,0.0990222079405171,0.15860716305373,0.01655180407639,-0.00808969030651294,0.0715452689197456,0.0593849440115509,-0.201461177553613,0.00574085517098753,0.0627164586587464,0.102069845972508,0.00437447112812326,0.140615253394784
Root_width_80_day002,0.0459680346941703,-0.106336223333836,-0.113561461949069,0.0588961253830187,-0.0152899383201916,0.0533300964539164,0.00708479216860158,-0.110786102492637,0.0359399861304657,-0.0413107431957668,-0.0842400936396497,0.0933811072083799,-0.0338532079747447,0.0292652551615191,-0.037370961529848,-0.0839670703177151,0.0165825433424053,-0.0671981208656281,-0.256591705498356,0.216032905186807,0.0176502731682797,0.0293818530410446,-0.151941851609801,0.061559350971836
Root_width_80_day003,0.264187250109979,0.149845336859525,0.0754340076306755,0.17185453529061,0.226104023835296,0.278862114388987,0.225609752330439,0.0848130077118726,0.272269379860286,0.223975031597042,0.152082248304387,0.26428992539201,0.220358893306725,0.28455360362708,0.19670498107665,0.114932155320773,0.223386066959194,0.184891898801001,-0.139635443797044,0.24945321437021,0.265911267830996,0.233336435239088,-0.00620068318577542,0.0405595221942046
Root_width_80_day004,0.307710489368265,0.186402091788347,0.00438340264287072,0.226301500375833,0.225172589980313,0.27036972993452,0.264572987290932,0.130450882682225,0.292513768839729,0.259884947889449,0.0828271403629977,0.266289364222831,0.22246193475028,0.250425062902429,0.236767361638179,0.126477347554283,0.247898973105116,0.184256808069051,-0.25475198130533,0.325644124648282,0.270562290103166,0.256234590900909,0.0293432223996449,-0.0641031097984408
Root_width_80_day005,0.301894011433252,0.189490352502551,-0.0248972509105506,0.152242479641048,0.214440660063992,0.302757764900831,0.136033029082024,0.0781957747160005,0.287563135794529,0.235043144770066,0.0591226267443998,0.26003617482439,0.202066733094081,0.274589849687886,0.147464369053133,0.138756547404105,0.23570651480649,0.211634636218458,-0.231532420417354,0.24163632907952,0.266991737392405,0.245384296460111,0.145893322788553,-0.0122679918207127
Total_length_day001,-0.146867721919637,-0.234211637621486,-0.218371088136723,-0.00502589515630655,-0.107006869471191,-0.159236177251553,-0.0966689928657281,-0.0859358784765347,-0.168306461704893,-0.218961141823079,-0.282491362460067,-0.00289929065760037,-0.212704002878358,-0.190095853102168,-0.119333225561487,-0.0939264377950612,-0.12477619074491,-0.189357870190175,-0.135539176659097,0.0263966940978627,-0.0601861703375716,-0.110331792254189,-0.00583135323013479,-0.0405682415303531
Total_length_day002,-0.215455020291373,-0.34914946759116,-0.280700674649779,-0.0358061458121629,-0.160128719258407,-0.20567207649547,-0.20862347532845,-0.183380854463711,-0.248286973916576,-0.325881260678484,-0.338945573516773,0.0116129834333524,-0.276801873597205,-0.257732618281596,-0.250212712061002,-0.182686135652946,-0.188901302368757,-0.284798576893973,-0.115255056000489,0.0407524309582396,-0.140349112194614,-0.174074387633701,-0.127794413739634,0.0357063924651041
Total_length_day003,-0.25959400986306,-0.411445597290565,-0.321448671531575,-0.0456674112834607,-0.213500854997093,-0.245581882645677,-0.280263491801051,-0.240862188984128,-0.299744516827283,-0.385939023608919,-0.382194798113331,0.0161266980518275,-0.330021795185387,-0.31249281731665,-0.31596228463369,-0.250263358089496,-0.233698524698012,-0.346054341138502,-0.126396914608932,0.0700500860784539,-0.200210793757888,-0.214321528085211,-0.199089651675083,0.0246133843484785
Total_length_day004,-0.191602188698959,-0.337231366423662,-0.278668076659885,-0.0275360627575364,-0.151994334279488,-0.171508766361322,-0.218966264173679,-0.186539887320663,-0.222309469322021,-0.297673440833067,-0.33055748952473,0.0477874295340484,-0.2513014502768,-0.234805238745287,-0.254894311868232,-0.193241165253713,-0.174817689450512,-0.283702352711897,-0.147501898150435,0.1018004725537,-0.13947684206161,-0.150690266657699,-0.165573558105712,0.0690416562216411
Total_length_day005,-0.186802936941117,-0.322963341327941,-0.306964844184844,-0.0510956972831679,-0.141448013584248,-0.155621942678897,-0.225795153351362,-0.203432623942009,-0.21486643315233,-0.28247646943199,-0.356712991012601,0.0339982969002704,-0.240379637102896,-0.21985284565094,-0.254413503781038,-0.195966814822372,-0.172272080190906,-0.278445421270286,-0.166108906888835,0.100353705555568,-0.133112374014655,-0.144106091599148,-0.149976422426234,0.0722195571773597
X286_Mo98,0.285752244295532,0.2945969420671,0.133939686775155,0.0773474606025039,0.272863826620143,0.380192125061009,0.2743493672326,0.24214611517201,0.291678916391506,0.284884384203937,0.232326053434266,0.0587464568448432,0.30712932292112,0.330027622766495,0.306254491730654,0.249434614927276,0.265386003646627,0.310586817302467,0.107143155787942,-0.0849895733898947,0.269734957352224,0.31449090877124,0.252540022478263,0.0978627647522907
X282_Zn66,0.0731447885150025,0.0429759880370722,-0.0878089837455149,-0.016707939294146,0.0622675882772105,0.0198481817840838,-0.139203438857543,-0.0989967199685725,0.0857518664240208,0.0030762032384131,0.0299721294406588,0.0267044599076288,0.0490673420710309,0.0410130815669818,-0.120542655578376,-0.0996394902768149,0.016881967151733,0.0779758938866794,-0.0155733110903817,-0.00404223279568412,0.0416228883537687,0.000701622135753828,-0.710813597755309,0.00688771716525815
Xyloside_percentage,-1.09857902752591,-0.983135335463349,-0.581963862119234,-0.204820427428858,-1.13947514679368,-1.19017630104292,-0.81436333659684,-0.951504540855641,-1.16252757544325,-1.03592409579195,-0.824924420376755,-0.250997487339817,-1.20458188468039,-1.15850236613056,-0.873072930206727,-0.952520811026727,-0.988908280814124,-1.15927715365321,-0.336133727637976,0.338040542860635,-1.13241895862219,-1.03036835274854,-0.473534795364413,-0.196851116625558
PC1,1.05545296030282,1.06780358225402,0.759368270928173,0.972207045274862,1.11462769862815,1.02148290366346,1.1635850188583,0.820217961183791,1.10947117940769,1.16275217807833,0.90657283563629,1.11499456829531,1.10881189934847,1.21349784659932,1.19573375508219,1.0064341633337,0.942857702110097,1.01504455258605,0.0721903994629626,0.662971919563532,1.12729478726819,0.806837542085613,0.545711001755729,0.305639141016748
PC2,-0.212803041818203,-0.263742403285596,-0.271330131744263,-0.493009080120896,-0.321076088399266,-0.395511254897648,-0.744178260644763,-0.178166711114421,-0.251216194574307,-0.32213155208951,-0.282938458305885,-0.66794544904192,-0.330633654050409,-0.573707194305387,-0.742625876220276,-0.272855950936231,-0.249494369752,-0.257398038496492,-0.0343161902798628,-0.550540666737462,-0.30208735851136,-0.0852965745102315,-0.668420831976509,-0.0011741451542486
LD12_peak,0.0481579204452087,-0.0622618630938865,-0.0356438861933413,-0.0189814828645326,-0.0209248316170625,-0.117759228988978,-0.185446034865071,-0.220892920471781,0.0987307067753564,0.00172367176332455,-0.107626141777551,0.0281105360135459,0.0204375847423235,-0.0840869801990308,-0.0795374675029873,-0.206019341573371,-0.00492210031724566,-0.015233394161446,-0.512555209350435,0.107073762948012,0.0011483945721837,0.0245081231827157,-0.0427570857109119,0.16771711911136
LD12_period,0.774365729868823,0.759707969051216,0.35567395311137,0.185154091085649,0.78404544169953,0.705609803037455,0.699481953453184,0.237011244252789,0.799877015410018,0.738919209522975,0.473451428839683,0.261464963280228,0.755357804660455,0.737416253084696,0.712241092386541,0.566921427819682,0.658216994466318,0.78624296497633,-0.038011842862665,0.0291921630123454,0.803069531812597,0.660147889044732,0.321325183483888,0.0504445305023464
LD14_peak,0.204305938420334,0.0359992248572494,0.11661838177101,-0.163030959951284,0.147546304204475,0.0377460442920469,0.0613196792095812,-0.0142497096988354,0.24256887403312,0.113196598744442,0.095763061475939,-0.0434641457704847,0.164260290111368,0.065740215120485,0.116333099119995,-0.06264224328486,0.146217235294876,0.135867039457666,-0.208198630407009,-0.0803849711851145,0.191613897372245,0.161832185636141,0.0666262177134408,0.122683918064659
LD14_period,0.672286942170466,0.628902994446747,0.340021070054332,0.226882546587229,0.691259611232526,0.579580455975654,0.625194537426438,0.230236255107696,0.725352668839052,0.649220662582738,0.410737859834104,0.298432454672984,0.676058840938818,0.610955806454716,0.681645088646608,0.470881471324754,0.565939983095331,0.667719143541842,0.00237260330250115,0.0999568948827902,0.717412178677063,0.60342802484631,0.282365113152888,0.163560457261423
LD16_peak,-0.277337007200672,-0.398668409767682,-0.180710427344449,-0.21088427116159,-0.294949558456893,-0.360095441492693,-0.387830445273245,-0.39785360097129,-0.230770753283298,-0.336215621107837,-0.300884670133559,-0.181357782292262,-0.289433645046963,-0.336691941880873,-0.343822200227714,-0.44683130570588,-0.284243077539008,-0.326792051487415,-0.465150936539735,-0.0019485399435825,-0.279929562440802,-0.253793709260323,-0.152856982601224,0.0570831544051364
LD16_period,1.09707749533235,1.03241466666588,0.661201396700166,0.312853646063565,1.10212364160099,0.968670857788079,1.09508247598071,0.574556815943356,1.15486998241462,1.05663947253079,0.833073586101496,0.444331361409552,1.11349895998755,1.03542810632568,1.11715333511616,0.885405579303485,0.942859802875194,1.0995768175941,0.280151733399536,0.0702128374266861,1.12855442152181,0.95431887915637,0.499711734810436,0.192741597059002
SD10_peak,0.0865802319208654,-0.0356614291661741,-0.0338962793769382,-0.0393240222200588,0.00700696016176499,-0.0986516375479756,-0.0386446445227682,-0.0958103576479119,0.122753125423161,0.0439250233487431,-0.0432924650542769,-0.00727993915069653,0.0327483933307487,-0.0379110678335145,0.0358546689577848,-0.0900721540809202,0.0314496270117538,0.000855924012600823,-0.233882092915472,0.0369013850038538,0.0476393523594894,0.0120717776190174,-0.0122860862441947,0.10345843025701
SD10_period,0.703636486796057,0.752300231262463,0.401001614198991,0.13005688624165,0.77274932122033,0.719003631481567,0.678205798501428,0.181891787107645,0.729476106391452,0.737014097797029,0.513659664699254,0.220297223422676,0.793757375869562,0.741973434886933,0.679286569456407,0.390548736748504,0.646857220206685,0.791035280056425,0.148856136418566,-0.115360565461801,0.760147634065191,0.652094974426915,0.344809050553229,-0.00304387243302011
SD8_peak,-0.00273846931041884,-0.118349315318464,-0.116966963975294,0.0045923647273874,-0.0793459475772608,-0.12429237865135,-0.188274032526911,-0.0963187406648582,0.00206159512890418,-0.0770636792362791,-0.120364307670454,-0.00250578858968848,-0.0583926705912483,-0.0887747380292177,-0.158336846107723,-0.145967732333854,-0.03282196675457,-0.0663808608074465,-0.229577671158408,0.0388817223436889,-0.0522901755739389,-0.0624982645547202,-0.0376892138571133,0.0947625537994206
SD8_period,0.645858631661756,0.574978984352022,0.38867581492125,0.048131559023298,0.612856400336356,0.563797288606822,0.625458007653064,0.242674081684767,0.639802742197859,0.562925060647395,0.470670617206062,0.169741465364696,0.592543531337961,0.545257806669987,0.5948497718206,0.490408482544501,0.558398153914817,0.632493220783474,0.131436036364157,-0.0501535995036917,0.652178820180969,0.580354308636745,0.297119460720755,0.021864905668872
Agro_PPV_infection,NA,NA,NA,NA,NA,NA,NA,NA,NA,NA,NA,NA,NA,NA,NA,NA,NA,NA,NA,NA,NA,NA,NA,NA
Mechnical_PPV_infection_Hampes_Rosettes,-0.467477155875676,-0.511955940206451,-0.221411050589581,-0.186894897658185,-0.554880876813055,-0.484411473882998,-0.403114448696366,-0.345458967014392,-0.481999350901439,-0.456513704951629,-0.309358287560985,-0.34501071124535,-0.530567077042108,-0.420745132180085,-0.416175637838978,-0.403507464836423,-0.431697705903115,-0.578191889241557,-0.205712482991832,-0.139089831360135,-0.540454967086043,-0.501509207670293,-0.0930604501709816,-0.31129663468312
ile_ileleuval,-0.0183544825244916,-0.0427848248375119,-0.00801048363201307,-0.15012104552219,-0.011881216915745,0.0122422630284611,-0.0703027542378924,0.153027366483318,-0.0170170584298977,-0.0150873611926674,-0.0493605611569897,-0.230531348278411,-0.0232826033760377,0.013674674578948,-0.0376080455021149,0.0485544842181846,-0.00793918110761594,-0.0365321515892426,0.0556792587629847,-0.33847220183003,0.00193240230530847,-0.0099670826385083,-0.00317275166984694,0.0235314098936779
ile_t,-0.149556343992943,-0.17868864220851,-0.0434618063006095,-0.0976032161322972,-0.168572172835469,-0.127272315631849,-0.169759845871191,0.0525559881796267,-0.139528033960318,-0.157361065630232,-0.0945886001983033,-0.188999449202698,-0.162061673765281,-0.0901233771094695,-0.150928739155359,-0.0747312725155447,-0.140602417254582,-0.173065775267894,0.0740816449016744,-0.202045746717947,-0.161574108016613,-0.163449262113586,-0.0458604053280885,-0.0870712096649099
ile,0.365169435497551,0.370021727312332,0.250370680471461,0.169228845650026,0.390405453103283,0.309603104764106,0.397918189215808,0.201926193627722,0.361195336846513,0.361757181135739,0.270282896820716,0.255831084977695,0.384824084565631,0.291795163101591,0.371658354433772,0.350679449656451,0.329972570146665,0.381264613301748,-0.0838780856018406,0.141219321678567,0.385135474229473,0.339050412657971,0.0875225510596209,0.102929314947133
leu_ileleuval,0.054704379464502,0.0691071416560362,0.111929509322252,0.0781366934453411,0.0664741746894372,0.14864469991569,0.175362088316804,0.0626893065648785,0.0839071822619235,0.0937572608734918,0.136997850455244,0.134781507496917,0.13462953166716,0.104977608448285,0.19439308836381,0.0882274482196454,0.0771988128197858,0.095169988114973,0.0348068476609199,0.0906520457866574,0.0602865967264704,0.142790637730197,0.0669227793181892,-0.00750398131501381
leu_t,0.151558017318118,0.167813424658743,-0.00787364373797984,0.00033386480892008,0.172098878683631,0.0925093062456163,0.0884098209434463,-0.000573008822561871,0.126096163987062,0.144398150561096,0.0185020949533561,0.0534854773870277,0.12458225001013,0.0724308814559278,0.0723849964967724,0.0843088410235846,0.134455680092521,0.151954839906809,-0.0797636306924029,0.030465166939592,0.175141894973174,0.126563656266601,0.0142533256962906,0.140071591685363
leu,0.415674168412959,0.404141922901947,0.244397495345049,0.0948222485835807,0.439785739540511,0.308560983773654,0.379915556963537,0.316983479004694,0.393621880441472,0.386002020422696,0.230800055412913,0.15323843927214,0.399189845697667,0.310718552734582,0.360429578050853,0.42749246834987,0.367006656314541,0.417121033583007,-0.0909336573231162,-0.019695766923007,0.44129519738054,0.340016427423816,0.141435189543494,0.136135460494434
val_ileleuval,-0.0285695732702416,-0.0179783176180314,-0.0657598410609349,0.0514088406304069,-0.0401329829670294,-0.107303472370937,-0.065009141972947,-0.144684086972739,-0.0473497659864406,-0.054150186966512,-0.0544168065364137,0.0705663596490431,-0.0741542398427974,-0.0808882727666152,-0.0992367612279163,-0.085726571045189,-0.0480285618409319,-0.0377893395880277,-0.0632651122095797,0.174404227290636,-0.0450962265138604,-0.0874352498346626,-0.0490840447753541,-0.0091899684017688
val_t,-0.233816000683352,-0.248930444410397,-0.109931943802079,-0.0345258653018066,-0.268064382051161,-0.258972080318143,-0.260783707941527,-0.112871128157657,-0.231819160616928,-0.257822686053053,-0.152196088390721,-0.129698834930873,-0.270602575821445,-0.193690017916525,-0.274731477600047,-0.207394695974567,-0.236257090990821,-0.261643831166843,0.0607167156441664,-0.033783667252035,-0.275197661198714,-0.287869705376514,-0.0784763666051885,-0.149448257540841
val,0.32587357194297,0.312427542915798,0.261762565773773,0.0765001047452675,0.361704898257158,0.301031755817417,0.368610594802772,0.302146122383335,0.325269015821957,0.322835109654507,0.240754918621841,0.13783348109122,0.357839774413594,0.268821030765183,0.361674149597072,0.405653677455678,0.307586681528719,0.340766250141464,-0.0981233830358866,-0.0307993162323096,0.364640214316428,0.330071950605354,0.0245739903705787,0.106836791577003
beta_carotene,-0.493781299938548,-0.430487305795975,-0.201984511521418,0.0502825399548661,-0.41503462730284,-0.42536370054987,-0.408967066007779,-0.503622197761634,-0.445741531174044,-0.454486165271735,-0.276909690592342,0.0388158436948131,-0.415851542199609,-0.436550333066863,-0.448965270813043,-0.508714056428249,-0.446789968211317,-0.444788102047367,-0.0175662169999371,0.178058836678095,-0.463097543942693,-0.383913919768437,-0.314658699760304,-0.13482373814956
Seed_size,0.419835728026868,0.374838800886026,0.26138757120918,0.210597221737484,0.404932836953491,0.420698561306178,0.387893037845332,0.1610720798778,0.467505488289344,0.40886685949309,0.336405092826227,0.196479189423867,0.458672883971468,0.458849437033139,0.381766074070394,0.23607623665699,0.359302471105329,0.410740945858161,0.123577863308708,0.0404679741745706,0.397711250752877,0.366749610876464,-0.0908751360345639,0.233070821755376
Aphid_reproduction,-0.0476471481398854,-0.00915168587916445,-0.0259853746988968,-0.0321095529334338,0.0109339813284579,0.011227318172709,-0.0359127205239124,0.056655575830901,-0.0098684167380626,-0.0358337351481576,-0.147238135857458,0.0128684461608128,0.000303143640649464,-0.00014637026323128,0.0114127941577604,0.0311108723330021,-0.0442098218896689,0.0215978793854691,-0.0234979056744778,-0.00151120206876021,0.0115792665550321,0.00589760801010455,-0.0887026733425393,0.0365949272801206
Thrips,-0.0478485006591744,-0.0172383259762543,-0.0690752277780617,-0.0359248859104032,-0.063673605090193,-0.0779700850877295,-0.0480266194977098,-0.0673199527885901,-0.0722553962874943,-0.0418017431104756,-0.0485448498912315,-0.0504905196149089,-0.0713248350739627,-0.0668352920576106,-0.019918844635355,-0.0958589136931634,-0.0424059565880419,-0.0378153945491111,0.0617119457649318,0.0200786789269529,-0.0543262637001387,-0.0537635679745139,0.0697120859918811,0.00439741151500681
Botrytis_and_Pieris,0.0207858109041873,-0.00927443194167932,0.055363594507509,-0.0311467684488297,0.0226041075793539,-0.00451127110352146,0.0567631727183769,0.0498196663997808,0.0513773722689084,0.0441687202397971,0.099280838473175,-0.0398777207843558,0.0395503719390785,0.0179319287545529,0.0397683569513756,0.00499817885940726,0.00294183069088433,-0.0315711337971206,0.00240354897863347,-0.0951864846236382,0.0177818816071318,0.0134943214941873,0.0312050517270799,0.0119952374770534
Drought_and_Pieris,-0.260278155386533,-0.258863089135706,-0.106544304133529,-0.139438062696982,-0.217835588757967,-0.226813003845079,-0.0916730453374874,-0.191712443230837,-0.228818628057834,-0.246635762201321,-0.0663018615249557,-0.210509996140866,-0.183874482035422,-0.219492159592007,-0.1326212002873,-0.195420253175378,-0.216461032502184,-0.236021810941111,-0.0366674448016479,-0.177315882449337,-0.243364145911362,-0.199388643790278,-0.0562979146945045,0.0282872512133678
Drought,-0.0181452208326004,0.052302272264721,0.0309416730543708,0.054444688036934,-0.00196972154161767,-0.00157468877602786,-0.0241240551509881,0.0948945765120589,-0.0100300421525519,0.0734214834928177,1.0125964062218e-05,0.0262106983737487,-0.0240638384667962,0.00823935538122736,-0.0192282946282733,0.059162040050533,-0.0227065277612707,-0.0458655162952162,0.0676362835080201,-0.00560541453421566,0.00452849044397856,-0.00740721813517718,-0.0651655456419592,0.0319947437455691
P_rapae,-0.0745367617394192,-0.111836674629868,0.0857622224180671,-0.0304826702250156,-0.0593979333113326,-0.0881822858497266,0.0369072760306855,-0.109265557344554,-0.0560338318428339,-0.0706265777701141,0.0849084303907199,-0.06411795018778,-0.0681518773583763,-0.0718212815236912,0.00979407567180824,-0.150017410115027,-0.0844571517428146,-0.131375872694659,-0.0090067017461047,0.0272910235417177,-0.0693424275558994,-0.0772841991572034,0.00911886731734505,0.106801378984297
P_xyllostella,0.00378513390564192,0.0167234895533219,0.0628071719263581,0.024771602223853,-0.0149506656919768,0.00210853976209502,0.0281368498845132,-0.0998689184023715,0.0238231136217392,0.044752856156667,0.0753817920050174,0.026208739656697,0.0276831760137869,0.0129257653160778,0.00149746480513285,-0.0773849979463323,0.0165754346248785,0.0136209110811135,0.0862986971728017,0.0187682885422454,-0.00449200963119452,0.017373889117262,-0.0122166794766068,-0.0022097448844823
FT_mhi,0.395711853864497,0.370142605758582,0.0830256867638021,0.080568091589498,0.341954089525098,0.276584234401442,0.355240199087641,0.303021984357543,0.463862759350235,0.439837018193571,0.116437209975085,0.0653155453463997,0.435770545499794,0.366082706704932,0.353187591674992,0.335828933129626,0.527179455921537,0.377322564097788,-0.100962476327293,-0.127821841537539,0.356182597002247,0.291425779115926,0.207465970043843,0.108582953054518
FT_mhp,0.397666856202547,0.393425589327671,0.149403244560913,0.0831988582737343,0.36973191476696,0.288244955102333,0.364673053999333,0.342977720021151,0.473417170535291,0.475181613336134,0.121725921969878,0.0568242388890557,0.470023463504791,0.394997489853156,0.36201283543737,0.368782314688217,0.341904432507968,0.396408429284774,-0.111978161978119,-0.142352630420607,0.383199687274048,0.311742952420374,0.209738548813001,0.0855493107356699
FT_mli,0.180008861076489,0.184463409720557,0.205165960104498,0.0279803073752507,0.144165001317238,0.155351800373126,0.201232910274591,0.121042349306557,0.19790465009688,0.189596632576602,0.213465844679638,0.0413120483812177,0.17105551097458,0.176336454966375,0.190706346821715,0.132409688659163,0.141269925350322,0.178254840448042,0.358886301649583,-0.0379624347843244,0.156317519803735,0.13090332672846,0.0595321152755218,-0.00738774270229278
FT_mlp,0.0809757097846604,0.101985734178396,0.156764440383475,0.39113535940385,0.0812795031930213,0.124178865518267,0.121804010429113,0.126693270349021,0.0928364188259552,0.0894157893166228,0.1527148888564,0.453357581892696,0.0808102244911001,0.12183759372318,0.103300111154022,0.0796973718282755,0.0535632646723727,0.109995006282025,0.13980757287608,0.541472845873669,0.0987204575107071,0.123600898546614,0.00326717979813915,0.000238713465252512
FT_thi,0.583100853966154,0.576067834966022,0.325620195116781,0.18771325880827,0.553764950416444,0.480997755939813,0.516345687985555,0.466505392858789,0.631618844012784,0.63042149585365,0.324267724130913,0.192169845637235,0.632938951915558,0.5549097994775,0.519066753230108,0.485398683690853,0.512103542029442,0.587133378608836,0.0171341831926297,-0.0695791861906704,0.565453807111204,0.486777040273926,0.281380992284746,0.108454746874956
FT_thp,0.443573114476203,0.445787449809124,0.262542878991179,0.146976744236151,0.413584169542204,0.361315992522785,0.411506289043259,0.370077702007862,0.495007421800288,0.491298104195568,0.221975424077361,0.126752685531191,0.492950918923358,0.432446565671939,0.392580343720965,0.384176619432759,0.383196505634534,0.452442903509506,-0.0315655749959506,-0.0683875429682037,0.422417246673791,0.367344924024338,0.21037932038611,0.0760768433790591
FT_tli,0.338381205102255,0.343185532454794,0.234063963559258,0.151767614000328,0.338734278848568,0.298776954246137,0.323037990350042,0.2344322531409,0.338572290420066,0.342474533513566,0.247199144881662,0.141562045377579,0.34174286174244,0.310840779807912,0.30184801933904,0.225202107413595,0.288148063530689,0.342317905902391,0.096938960940547,0.0127957415458299,0.339058011876589,0.285349635408792,0.29813890325649,0.0451938878917751
FT_tlp,0.109102445401901,0.100673901744314,0.142475937574341,0.111056454170361,0.109514542736642,0.152493979407203,0.0774870143919465,0.203823871482699,0.0750767521269147,0.0718298336892707,0.19030121129427,0.136422372520783,0.073824579030822,0.112086397312077,0.109467279394256,0.173947926898268,0.0794632105577786,0.105359741106016,0.11929100130177,0.127875040418183,0.108841815791552,0.0954311937082728,0.0596569195231967,0.0860553443113639
Flavonol.glycoside01,0.54603691623165,0.447011633030639,0.599275445326435,0.47304248967014,0.503508556080392,0.422290225601622,0.423129907833051,-0.000555762834476849,0.502998022156255,0.456822440578896,0.451209793927089,0.502850232575625,0.50360203783283,0.420503354322249,0.457951079745055,0.0970466675906643,0.458534474066461,0.460254382589255,0.308263545931763,0.410848341171332,0.481474923830376,0.429481594213349,0.44443492156337,0.035869054277164
Flavonol.glycoside02,0.0809804428226973,0.278525479393125,0.0326958379109829,0.37953900869477,0.218512026802961,0.392659801695006,0.0315119839148848,0.247602622950728,0.0762169429929022,0.19482180788846,0.229797768859472,0.217005113244208,0.206903337689431,0.337468451419628,0.0293696391044883,0.0952807721175466,0.117973073113587,0.201029538395867,0.263832426348794,0.171558324865581,0.145476703068392,0.144349367164841,0.228658453619233,-0.285942481416252
GLS.1,2.7087448183408,2.78991784310527,1.52471416709445,1.03772963489121,2.70185931357046,2.68632635942589,2.33940956266679,2.27900834785371,2.80244199917974,2.84010470782586,2.04865201789631,1.17392920368218,2.8030444154337,2.75506610115916,2.42184007299685,2.30583182320517,2.41003095542914,2.79907768381096,0.393957326041344,0.0176799665442524,2.74680642268303,2.42001721259337,1.24639167095016,0.473350228521139
GLS.2,0.6631102286687,0.778222918288335,0.37091876050692,0.111037271928769,0.624483189894894,0.724949908237846,0.487078836175248,0.79754840807232,0.688829552169201,0.748577685983286,0.584786790264727,0.175557228905149,0.692499104707092,0.722865398084084,0.505670716865885,0.626361772283168,0.588870881594452,0.724805375251844,0.0521508610311903,-0.117360138727492,0.627239549951503,0.603195251999064,0.339564652371581,0.134556270547494
I3M,-1.33760243302078,-1.31083620687067,-0.497147804417582,-0.495227087738575,-1.31484470749039,-1.33182330202184,-1.09294887439724,-0.841473851077954,-1.40508903368608,-1.46188411568463,-0.806343536163217,-0.554731310062622,-1.40435179141877,-1.35901015042922,-1.1796156485266,-0.957093285273195,-1.19404369074448,-1.2900410533524,0.0635639271813266,0.0654105178541158,-1.33849987204164,-1.23215591004668,-0.675044203641531,-0.288959555319143
Is3A7R,-0.389607338590924,-0.683156178381631,0.0425092681592699,-0.431673381426463,-0.54552185413329,-0.777008955791272,-0.410261908326879,-0.498260670597183,-0.468853311667217,-0.680351833668237,-0.191018687696671,-0.220749699654349,-0.566079236800392,-0.731667379498577,-0.433181295078005,-0.482348412519469,-0.414708882289855,-0.567432793153408,-0.0186251046484372,0.135844683060602,-0.536869616638359,-0.534648840054046,-0.358960697448056,0.121602920345096
Is3G,-0.193052030872664,-0.256196636184242,0.297468155402173,0.377977173344741,-0.10792571112671,-0.137240040062692,-0.0979497525958555,-0.541817085002395,-0.202468453326997,-0.275121804752454,0.0827027600821897,0.420802611179488,-0.158956386767055,-0.147260228227519,-0.102616749606774,-0.382925040882836,-0.163625999219111,-0.195572918900253,0.439618151047959,0.748755044503603,-0.141631239070667,-0.162969446267397,-0.236571558078421,-0.0893601955060047
Is3G7R,-0.00714595536775984,0.0567865800740731,0.212025924705179,0.161354726940666,0.0349101462001407,0.148407123162515,0.10070208879116,-0.127168710335782,-0.0224218298936236,-0.0105333056854726,0.209060340550236,0.208961277036658,0.0173210401369946,0.0730327127794711,0.0463126885181168,-0.031872654732161,0.020283198963508,0.0649366010737798,0.522798689629857,0.320719556562438,0.0410168954270127,0.118955445896474,0.115678011276584,-0.0343703203168534
Is3R7R,-0.421521163116828,-0.456587246599825,-0.00950522453121662,0.0776336746161283,-0.390176030531875,-0.385667024494676,-0.4901916673678,-0.408009910801776,-0.467445526448109,-0.516863625659395,-0.106877967811836,0.0529300739739379,-0.417004208504246,-0.41639922092212,-0.498981913658559,-0.473330555020587,-0.384900434171391,-0.441780808741452,0.21154868685021,0.373021767235439,-0.460804178801244,-0.403191443682161,-0.253803087461031,-0.102575609333763
K3A7R,-0.332741663104261,-0.385708869596483,-0.10290141001011,-0.430313148222974,-0.332721513309727,-0.449543888881078,-0.154631144240147,-0.274173849193143,-0.341032246714817,-0.403869167193791,-0.236208458737542,-0.342210711845944,-0.373656032374928,-0.458390278331999,-0.223633616771674,-0.250469246661729,-0.3028374457254,-0.335016147943821,-0.0923350196806394,-0.233842301933689,-0.312297797034734,-0.28928624754775,-0.291999963159006,-0.0382091614847567
K3G,0.100068669773296,0.0110943567939229,0.469731316389476,0.409245943997658,0.110088199717262,0.0958578642608926,0.124986970757279,-0.272552059782636,0.0799074463383003,0.0038850873982981,0.244991936726156,0.481107434480754,0.0915724043277846,0.0926509527008978,0.134554927788671,-0.130897391285998,0.0821140395252828,0.0663828632385329,0.454645214471043,0.694898069641287,0.0967557184288882,0.0755019546398555,0.0560986456327098,0.0485487854907816
K3G7G,-0.147632326035637,-0.335370298774535,0.0243175620284961,0.074401415402179,-0.248740276374125,-0.277837488826552,-0.37667666734805,-0.630904423243448,-0.243775438000393,-0.306276514342455,-0.0903201758628087,0.101972846104845,-0.251062711491642,-0.259534586616276,-0.304997569956695,-0.524336535241983,-0.161892490620556,-0.31260901223633,0.191548006871753,0.347186800264252,-0.274634445727733,-0.264548720009203,0.165553874550059,-0.0402899074778575
K3G7R,0.030263219787654,0.158159023259766,0.251424309987332,0.184125238365819,0.0900240554705064,0.218030653664491,0.230774563159984,-0.0669480934143408,0.0169823654754193,0.0607145548843079,0.174257628387739,0.181521688996684,0.0576604270586262,0.100101936873993,0.141265050055449,0.00758067875124909,0.0595472742186316,0.141896613857217,0.524340336257413,0.217921968323398,0.104170913757323,0.218462348946333,0.248087251880505,-0.108951588556737
K3GG7R,0.427024104756248,0.307747671743684,0.207719070203126,0.123112039793833,0.220603202005932,0.149331282167469,0.19906193493517,0.250102728932773,0.381845450043127,0.317109153583243,0.340092318703116,0.221209465736184,0.276079161655609,0.132780229826766,0.245681262172038,0.27869180395843,0.325904248032662,0.306158830950687,-0.067548502261456,0.0293400908409501,0.267672310478407,0.307602057715023,0.322723270203576,0.115317583023768
K3GH,-0.602210910450308,-0.482292805841617,-0.235885367447261,-0.172384695286332,-0.561593305979042,-0.553794642327164,-0.273456025028788,-0.514188476862531,-0.618939689256115,-0.567646901262499,-0.294383976895339,-0.196005385524532,-0.593175752355368,-0.660079248911874,-0.40409189035991,-0.461286083649383,-0.521671925600267,-0.540204959250933,0.162720934848971,-0.0869853443373668,-0.572727949502253,-0.396148979417611,-0.12443882921591,-0.186753075814643
K3GR7R,0.0606451690027224,0.0681694340656752,0.0799981214194107,0.0156826389700206,0.0480467803359877,0.0676674420415394,0.0458022792044768,0.00411966301719941,0.0485130219589767,0.0474566286375239,0.0821476511467131,0.0341458125564112,0.0460166165896323,0.0425269664799076,0.0383411287475644,0.00927707350153667,0.0543205240764584,0.0677363014313245,0.102959977172248,0.0325399846508614,0.0551418646096689,0.0808589060618014,0.0704745088408793,-0.0127068362450682
K3R,0.0582060956812587,-0.0395274632990655,0.307062622209007,0.34369927437134,0.063067409366201,0.00626827463307069,0.013877217811748,-0.302730861154851,0.0145634908710647,-0.0480954600764262,0.120742942350373,0.337484759756347,0.0353946156116346,-0.00921358996788659,0.0259731938266145,-0.240416845160309,0.0347655528327104,-0.00982010183770022,0.283979963216357,0.490229846688246,0.0240905160111265,0.0150912659742802,0.092346661004842,-0.0513274017173354
K3R7R,0.0519523669024212,0.114116818219716,0.191237900484813,0.130381241530592,0.0688058122785445,0.114612576732999,-0.0209970104692951,-0.137785470206939,0.00694596805746271,0.0230086156670438,0.172161950779885,0.0989313601184313,0.0438583463589091,0.000910128186234121,-0.0587711573103017,-0.169483101081371,0.0464241414660941,0.0854102631377376,0.307339330626057,0.107444377198913,0.0387780955484925,0.160169644658162,0.133719176832934,-0.137862351904227
Polyamine01,-1.29101848886866,-1.28769608036974,-1.00052034649909,-0.740377096763774,-1.45273137330302,-1.28266211518316,-1.26660227792011,-0.84338823422156,-1.35599708059589,-1.29659040735364,-0.955342753587194,-0.743565905633218,-1.39735582695257,-1.34671202694829,-1.28417729988462,-1.11018365561767,-1.16165217449637,-1.39857226384646,-0.296566709285728,-0.169732219102663,-1.44869389146646,-1.14739055806828,-0.457665427009944,-0.0797686168148921
Polyamine02,-0.696966778898731,-0.58700811345289,-0.141672694113011,-0.0667170872075168,-0.66286949454456,-0.604533914333271,-0.3875123441567,-0.264750562616718,-0.704810339968166,-0.686598924672448,-0.256098136274436,-0.104735370431551,-0.671510741189183,-0.659056595088692,-0.502100921541299,-0.325049116852893,-0.611877029032923,-0.623578813846426,0.321083552789855,0.18706039784726,-0.690245290464824,-0.537567701336712,-0.266375833995409,0.0746021820001786
Polyamine03,-0.637242630423351,-0.530887847730596,-0.0894884414134238,-0.0815324534359647,-0.606383449231342,-0.553921958042772,-0.322453210611248,-0.304554148334119,-0.649902790609663,-0.624327226517351,-0.223045627840681,-0.10903533018191,-0.619107962606124,-0.625915709497284,-0.433561988181686,-0.335006646487462,-0.553858675276453,-0.567854794223419,0.321105324041513,0.141816541383026,-0.622852873927177,-0.459037343119314,-0.178647498939009,0.0372968490877339
Polyamine04,0.0776223211741403,0.0800866316474697,0.135783664187455,-0.286110966883738,0.0155686774051169,0.0691708388675933,0.160412814330189,-0.216776209380835,0.00610495102760584,0.0561138176422732,-0.069735633102193,-0.22361993224632,0.00681035018379812,-0.0289083815738933,0.108673975881913,-0.408853895063222,0.0706038740099551,0.0179840354139324,0.0122285519794553,-0.154944078864005,0.0206684573786198,0.114860680709368,0.502553938323249,-0.329879514369611
Polyamine05,-0.270602968287827,-0.252784616688775,-0.0858647008571189,-0.342611362980702,-0.308895031568211,-0.236597164140419,-0.145312376976499,-0.368912809176603,-0.348240856884007,-0.302029018065382,-0.3016227124647,-0.340874883761002,-0.33536013103617,-0.350354427007649,-0.21048309213586,-0.586068585905743,-0.233555273293329,-0.311810789736644,-0.0125893964827459,-0.144864016408388,-0.314782117451348,-0.178854702164808,0.314578619990607,-0.384714651705472
Polyamine06,-0.203430966219268,-0.181578880974361,-0.0425911694643337,-0.327464155445467,-0.238426167285057,-0.16933978279604,-0.0673188285113953,-0.337825309545665,-0.280099094833914,-0.230624105057454,-0.255031956622405,-0.316614175666097,-0.26660643099731,-0.283590665152717,-0.134760527293757,-0.543321064577829,-0.171700126718922,-0.240214790075296,-0.00416139060029367,-0.154457745588535,-0.240976053001696,-0.117763610938743,0.370060171605239,-0.40922587615732
Polyamine07,0.0365111226420986,-0.0627746299301039,0.278760669628873,0.125477439874371,-0.0242513831828599,-0.0468097512274316,-0.0384086890760805,0.159321452078905,0.0688770127065831,0.00278914254446262,0.35596864831612,0.28664384404922,0.0589536844279976,0.0169677320770068,0.0119677259131332,0.271849415270434,0.02051885129759,-0.0148890819052702,0.134932005010382,0.32935480355731,-0.0291841774075367,-0.0279986006052715,-0.118969594701487,0.466766081870615
putative.HDX,-0.906839828934482,-0.784723378656413,-0.462345215518819,-0.712160197620907,-0.798953133886272,-0.778864718401883,-0.776284963631941,-0.476159223929221,-0.879791235414255,-0.887079593822278,-0.416249554076343,-0.602869917232258,-0.843783369319037,-0.764989898972457,-0.864355660268173,-0.638621784007422,-0.790443281833303,-0.77619552852639,-0.033852906710428,-0.185195935663472,-0.83402907472078,-0.796724900836091,-1.0331181315883,-0.134920683993547
Q3A7R,-0.724176378264955,-0.866564678964454,-0.131033279546097,-0.755010475558479,-0.719753385617875,-0.90921050063422,-0.427510251543424,-0.623781883352222,-0.746862265461839,-0.880767868572932,-0.404976470209985,-0.555097353287644,-0.785216791581337,-0.889662105304512,-0.521364866426283,-0.543242945280551,-0.649547544285935,-0.748577018101132,-0.0523519137087078,-0.215909781252439,-0.695128002837966,-0.683446981214826,-0.562384720683736,-0.0158895969414068
Q3G,-0.226769697618508,-0.377811028921839,0.276298565989283,0.278881611146736,-0.236374840939057,-0.251925223022179,-0.249676480925496,-0.571063309861252,-0.2820876306668,-0.358873841905684,0.0502255342197874,0.331497676654084,-0.252052342197514,-0.239375164742032,-0.201853045913039,-0.421696026097033,-0.203136993271219,-0.319662162689585,0.399817213798039,0.680859745836191,-0.265019355857702,-0.270997693432091,0.0444538722809033,0.00296629547340555
Q3G7G,0.298270129291238,0.19345810854966,0.461371649458951,0.477308683885846,0.299689409358129,0.260708987007888,0.335121628588269,0.0915793003290607,0.27974212100108,0.196207837787392,0.329153828241253,0.503838546830721,0.282435163191679,0.312088412344577,0.352630303599749,0.298971097039605,0.260275612455466,0.275692396193914,0.438756763031058,0.536836391607686,0.305215084650345,0.190123059081061,0.285876048100647,0.133187564312222
Q3G7R,-0.0215893916399966,-0.0347100340939953,0.203674147213764,0.248259764484987,0.0148058340660571,0.0549668108517629,0.0737255179404698,-0.105800567410201,-0.0479427201086587,-0.0863106763421281,0.134963122085879,0.253985911127216,-0.0189761949008115,0.0284108118287531,0.0377267160191109,0.0143734573500634,-0.00681534442703122,0.0110934466731087,0.460976293432829,0.386878868766961,0.0122572495734482,0.0151133121647378,0.112058497866983,-0.0171472394366847
Q3GG7R,-0.706206222575988,-0.667706703191439,-0.413424986117896,-0.162411168106231,-0.682784271069205,-0.723978858903764,-0.508541171881576,-0.903555104432902,-0.723501020105426,-0.696904438149054,-0.374612644332209,-0.120027265498912,-0.705994936153862,-0.771641890968427,-0.583058356940186,-0.757405315398703,-0.62896305161817,-0.719785671885981,0.000490956760469879,0.0745876415596267,-0.71283677896722,-0.606601391191895,-0.342206096225514,-0.314522225232648
Q3GH,-0.724359546447213,-0.562551231352981,-0.200115752641999,-0.129749824386335,-0.641368960552451,-0.616827593427791,-0.377600787919321,-0.222096835517213,-0.704253340805502,-0.652345016318493,-0.285001736246823,-0.211038466072511,-0.658955361386517,-0.693889560086348,-0.48844773269788,-0.242545266581039,-0.61846078133969,-0.606646457335018,0.125123805306632,-0.0808565404247696,-0.662800951178837,-0.495365790649455,-0.303153583247106,0.0161117420370187
Q3GR7R,-0.197826765910422,-0.231847723832068,-0.0495504346800777,-0.00174757101484264,-0.20310949357823,-0.189984840015435,-0.168774453699743,-0.277778734216803,-0.230601240573837,-0.255660049210767,-0.107155598689328,0.00108846970931078,-0.224988700346296,-0.192653239030193,-0.184535322007335,-0.192483113197164,-0.177067163241462,-0.209496412404277,0.192159204775845,0.140974227106165,-0.206065238967785,-0.194038529425416,0.00671406597077064,-0.039320476393063
Q3R,-0.364805438263862,-0.526616883118093,0.101454472898288,0.166497655852179,-0.380755310247145,-0.441877469760948,-0.626459833243197,-0.828003429545889,-0.422954786085015,-0.497633055557786,-0.103694915097656,0.185917264767802,-0.394556150960235,-0.421758686120174,-0.525285298826969,-0.775409612876731,-0.348944447439283,-0.498743151336642,0.138530325518287,0.586985643494469,-0.449117059105692,-0.434556203716814,-0.306648991244989,-0.0439074148256128
Q3R7R,-0.0480350163696019,-0.0622183628345769,0.184386067816779,0.130533081043445,-0.0232385560793149,-0.02816559039755,-0.0985860364406157,-0.239819467252604,-0.0758492139554898,-0.119010588128871,0.136285810767281,0.157416671959271,-0.0493945941234195,-0.0837432665207603,-0.125022897635883,-0.16538563734736,-0.0484513762978797,-0.0349162987527605,0.307383388802044,0.254448559831645,-0.0528126518552385,0.00686466713555057,-0.0685840303098799,-0.0311244329156852
saiginol.A,0.585978514624437,0.609104692530605,0.379274436465635,0.0123815602229064,0.635723315395238,0.683661855157752,0.412201607953325,0.493732072086527,0.645503891350389,0.637818939824477,0.644959119248513,0.211972464720093,0.69349621742484,0.71618834129993,0.411324032292613,0.36239241856157,0.525049284597988,0.620499044982395,0.234398817079666,0.15430401849525,0.597369422536705,0.543943860375859,-0.227092056711084,0.31650727355591
saiginol.B,0.457775262666602,0.591527146359605,0.352053624485266,-0.0133504602424134,0.579235344032037,0.652893597384848,0.29594813262787,0.463124430756538,0.540910728119838,0.593495249998164,0.599552581894128,0.12928365855377,0.632953055504161,0.69266383367347,0.291933394038096,0.330517566504534,0.426317162633301,0.567706252574663,0.202322094732455,0.0156011555966945,0.510941161244298,0.453114404426976,-0.304172987324603,0.285220116824051
saiginol.C,0.555271086423884,0.610155646551072,0.379222668950702,0.00195769572554191,0.624032806247286,0.682794891391708,0.385825018976146,0.49948204091611,0.620200060826946,0.632631799366408,0.643315023405893,0.185679759446023,0.682943411588611,0.715445571210341,0.385074080434113,0.364996830413569,0.503728854815033,0.610337190847547,0.227808835535103,0.10538640224293,0.577361136959925,0.525525920771187,-0.22178859096388,0.310060282705655
saiginol.D,0.57620894056617,0.612987876523222,0.380573763966784,0.00836537884066618,0.635660332493262,0.692990057078774,0.396983143507263,0.482483825298452,0.639018638258165,0.642875643490583,0.646987030265747,0.203838230726792,0.695881370470121,0.726686794181245,0.399246156192343,0.354932058046978,0.519885707799773,0.618440109784791,0.233828676792606,0.137492958743089,0.592388414387564,0.539684680712577,-0.221862617928023,0.317413978047351
saiginol.E,0.452681629716851,0.585412915169062,0.345884414850881,-0.0167807769006913,0.574745858595198,0.649370333117885,0.310813188255985,0.453503139189536,0.534912588782433,0.591468816412462,0.58438234448691,0.122993971646268,0.62883467885483,0.688443102890725,0.302785966702157,0.328985777223067,0.423250104946956,0.559911633899565,0.202565197638477,0.00337196315224949,0.506807453220671,0.450377016297586,-0.267718205592368,0.28267647447775
saiginol.F,0.458637140699586,0.592659894678952,0.353777031035647,-0.018504779064388,0.574930444017338,0.656374903587011,0.30763588120934,0.470595693812092,0.538734066799436,0.59769699107498,0.596344039082279,0.1224144340727,0.632498965128197,0.69355396934571,0.302591263876524,0.338810538941421,0.428771498546245,0.564795089638856,0.20372300323307,-0.000103776897238708,0.507663435199838,0.455466728956125,-0.243840393224374,0.285215597878573
saiginol.G,0.582861108080014,0.614196252999964,0.38083397623038,0.0120313429255381,0.643067300266124,0.692693254636632,0.40315912320582,0.482807815678881,0.646666202380275,0.643572119907018,0.650143503694685,0.210968860726444,0.700581779655343,0.727598830691376,0.403992582797886,0.35509014338543,0.524170503439055,0.62409339842967,0.23539303896244,0.15073529908734,0.600640573971862,0.544074930311451,-0.25241752422754,0.319143034298777
saiginol.H,0.37467616437734,0.457974391314734,0.277450775690347,0.0190128019422913,0.557464873193749,0.625693769310578,0.0982277638670693,0.015469835636755,0.473927499619998,0.531121037872605,0.527270546275434,0.171861380571916,0.599920264910657,0.68545126840187,0.16089444562954,0.0409885831973389,0.369784832214051,0.457403190265945,0.182509279855504,0.133085752331406,0.47385394532877,0.392979236653164,-0.515421917431555,0.265748049723404
saiginol.I,0.582279361588584,0.607746598997897,0.377965054828239,0.0108252794340359,0.638893034073995,0.685234826871,0.415907232281416,0.485518029952445,0.643692397968772,0.638668714266169,0.642899762755479,0.208636359617112,0.695648348861102,0.718427754043395,0.413890054299933,0.359808197699116,0.523614029403231,0.619101034639542,0.235019543595253,0.146791900060642,0.598822019948389,0.543622374252553,-0.229321210851705,0.316189386184702
saiginol.J,0.585162900756264,0.612836131806696,0.381574644124759,0.0124710859912291,0.642714545662861,0.697220757077307,0.397039805273341,0.470353014466751,0.647780651429679,0.646369132831886,0.651749345245913,0.213725085003167,0.702519855296727,0.731833056730397,0.402226470136901,0.347111696374707,0.526956985040605,0.62221345543423,0.236228021390341,0.155620887643126,0.600571444765979,0.546098634738303,-0.237347398429224,0.320659603063123
saiginol.K,0.344526841273769,0.42311067219738,0.256585764991187,0.0151332503854873,0.516059617270648,0.579025866495305,0.0979774551720126,0.0160396181434254,0.436487249620381,0.491899764423007,0.485959413827754,0.154523994673205,0.555286060200614,0.633736355169544,0.154123501871027,0.0416162597533825,0.341561925298747,0.421813970641405,0.169311261174221,0.113326296913295,0.438266631238632,0.36380150036095,-0.463095065951412,0.245088508756742
saiginol.L,0.454041651486021,0.584791111708761,0.350272398962973,-0.0147762614213829,0.572654632995282,0.65278917428914,0.288047170199133,0.447029432044692,0.535038374659679,0.591828362319629,0.595660545239725,0.127454133303505,0.629056951056073,0.691309302260714,0.288539615629766,0.32106828460319,0.424703974228153,0.559235016570961,0.201396185033136,0.0130395438181401,0.504788713250125,0.450824516278807,-0.272309410386212,0.283808246242714
saiginol.M,0.539399391626548,0.622130680454317,0.380741917504913,-0.00155153474492202,0.623580595316667,0.686778872955923,0.365689673954954,0.514270022903987,0.61145844459496,0.633789989620118,0.646790950913324,0.173735229975813,0.681557924571405,0.72251817164902,0.36230082103443,0.369329634543387,0.490772782064187,0.614970115829825,0.224271558459606,0.0833299967256228,0.569688049592944,0.514292519109862,-0.267064337403154,0.309470264353789
saiginol.N,0.455902134568807,0.589046640419006,0.349621067417536,-0.0113619430346076,0.581036286997886,0.651128542847226,0.291982124540905,0.453289372890357,0.540645812780325,0.591229324088858,0.597953240150742,0.131707350952829,0.632899283262762,0.69226252512404,0.288266372618001,0.323648058831303,0.424440402192745,0.567028676013603,0.201791188544581,0.0214310879607199,0.512012730280831,0.451406934697198,-0.328026299799604,0.284845205259396
saiginol.O,0.451827741369601,0.586666612255736,0.347762532335227,-0.0153443861459452,0.571888733471551,0.641683697344814,0.306318683760148,0.47473788420366,0.533847753995542,0.585522073146091,0.589297006340528,0.123084598426555,0.623868813032215,0.680264436740063,0.296775439338757,0.339204516509585,0.420367387029793,0.562629535606737,0.200018122365102,0.00566819212179464,0.504911051953471,0.447558360994751,-0.292841011637142,0.280532584552074
saiginol.P,0.586749145671529,0.616529401855292,0.384857106556275,0.0105875406288381,0.643236761613342,0.697672700514283,0.40342436420748,0.48677846165511,0.648758388347846,0.647869330602685,0.655647175679565,0.210619009746955,0.70331939468176,0.73117084191912,0.406646029493639,0.358350510888569,0.528423692969386,0.625156481871109,0.236664652280359,0.148218628101408,0.601463387399253,0.548044096066491,-0.227534024705245,0.320715583788062
saiginol.Q,0.566588851641103,0.605339288320535,0.376998247141405,0.00707824567259517,0.633354679283389,0.687446881403637,0.393019141645681,0.470940720007082,0.630884260397993,0.636662770006242,0.642564985815641,0.198782264897688,0.691508154325984,0.721353361455105,0.395307457968014,0.349343339095546,0.513330930623885,0.611481263707429,0.231776437261901,0.12925252659505,0.588622876434701,0.5342941336812,-0.229802694297328,0.313788335448839
saiginol.R,0.460155677678075,0.595468428081118,0.356038559600191,-0.0169601985635971,0.580931516200411,0.659732690174069,0.30304032038088,0.469172490791999,0.542293328967197,0.599839149747906,0.603252043225896,0.125073271845017,0.637235046896108,0.698105327753861,0.299167794035203,0.33711696425244,0.43025918713217,0.569128122984707,0.204382630296356,0.00425446849355943,0.512370762944656,0.457480337660393,-0.270626805059084,0.286882864116908
SinG1,-0.808766286240343,-0.910643135394188,-0.521812653993155,-0.216275896328618,-0.815272425074335,-0.871005888118676,-0.694083502817189,-0.904236453771117,-0.898893654445203,-0.956072467912669,-0.671018425178908,-0.316827382463693,-0.909292330852881,-0.934246528063556,-0.728179351737674,-0.763632003185048,-0.719199482238592,-0.866714908536847,-0.00543544587569763,-0.00205044409616483,-0.808440971730942,-0.720526171162998,-0.155044069009669,-0.396253087338316
sinigrin,3.14423388545033,3.20915098979386,1.765272313303,1.26895688770163,3.14411029978391,3.07302759845568,2.75922028037584,2.63073838023208,3.23545989872937,3.26406954015185,2.34302875124546,1.37097528068878,3.23550314914539,3.15692105698538,2.85214078719032,2.71839297375,2.79848752278174,3.23864592193491,0.485044067210641,-0.0134945945319183,3.20197436316127,2.79556885676637,1.54339311212221,0.514375212910852
SinM,-0.284647532911586,-0.391115391369019,0.0432215493246613,0.318440696406258,-0.205084505504554,-0.397191718787548,-0.150387066305362,-0.531030956786194,-0.302452559396058,-0.40111413483458,-0.189991610475334,0.223729806020643,-0.285906889558387,-0.376064206594177,-0.181018203046848,-0.305305656903317,-0.272098308604926,-0.320775560708096,0.187113267198937,0.365810433678149,-0.247166092510619,-0.297514201028444,-0.271835593358191,-0.0294245814059646
X1MOI3M,0.176239409393354,0.393740388902094,0.609303651052985,0.201922624804303,0.430929838235294,0.453300042896053,0.180021354524636,0.0593246193657629,0.2784081502134,0.351529376543116,0.43406149663061,0.233586615867687,0.404824018243508,0.472392864273551,0.198533668226524,-0.0282195211648805,0.203709775330057,0.373487260857839,0.209669569690438,0.258266726907343,0.352289703768235,0.25939924846469,-0.482878860350332,0.00330499377827709
X3MSOP,-0.857951556703722,-0.820018528641524,-0.351847181251749,-0.391474548729781,-0.751208389935228,-0.737130446161607,-0.721379017324072,-0.934104569157555,-0.910034294430467,-0.880635058402793,-0.500948643219625,-0.418771126975053,-0.830386103543705,-0.772561891686199,-0.762486191947001,-0.95402755435972,-0.730543841293818,-0.830307658663013,0.126129834517392,-0.00540027191200953,-0.799766356973822,-0.744814269868758,-0.384561050342449,-0.388830197477777
X4MOI3M,0.16938302601844,0.414644648431039,0.459555783910655,0.0492628225531948,0.452786473779327,0.487331482774067,0.34364687426543,0.163018673285793,0.294805703433011,0.333459682176261,0.457481779000728,0.170295868928484,0.39941155368986,0.495951785127616,0.274585155747154,0.190391120482156,0.209072295834248,0.445793044021357,0.34555745819261,0.167276009317281,0.417591315445797,0.309816511840933,-0.654310050548968,-0.0230482356465325
X4MSOB,-1.57180060568103,-1.69975364317484,-0.690853235028123,-0.541478403402262,-1.54734552965248,-1.57754883852573,-1.50933069283147,-1.62081512887657,-1.63340803745346,-1.73493341615144,-1.0257312785784,-0.506258871086179,-1.61333433255891,-1.57895298902327,-1.54847245958941,-1.5825940121124,-1.42077816978125,-1.65525935164373,0.0606086790314418,0.382741162744183,-1.6211620457908,-1.46739844534903,-1.08644043775203,-0.135445882527251
X4MTB,-2.13972140879635,-2.09574788852854,-1.08532217931521,-0.773165897027301,-1.99830585111749,-1.87908823785149,-1.93414490358623,-1.55083145784174,-2.1236959462472,-2.13820140989625,-1.31594094778838,-0.787114108311975,-2.04256537690205,-1.87447878190809,-1.98491871339485,-1.64149055601264,-1.87587726006889,-2.08653201627526,-0.118859354242906,0.249126597401204,-2.08815448426542,-1.8835029979861,-1.56221146203981,-0.107800866819638
X5MSOP,-2.12479225767185,-2.11226969934224,-1.17813765806274,-0.966754979922953,-2.17023958992764,-2.01899554033656,-1.958067591751,-1.50854646019676,-2.18696540035384,-2.18738494150002,-1.45825754903797,-0.977071696449049,-2.18360741589359,-2.06424794215693,-2.02542183618954,-1.73556192388554,-1.89877503841738,-2.16453139912512,-0.250214266365423,0.024648434803792,-2.22294333002036,-1.91899289822081,-1.07220467357674,-0.219124742875861
X6MSOH,-0.658966486112006,-0.499539258646827,-0.238819920598567,-0.369284786201199,-0.643739018975041,-0.495527218166439,-0.562321140879803,-0.0925943280812305,-0.606999997147378,-0.533154491330034,-0.245028480198702,-0.293803665299802,-0.586497037667527,-0.514579584612613,-0.576130537304404,-0.335051112618713,-0.565486258294876,-0.573325330798988,-0.228921691322532,-0.0264878981881371,-0.662354646862127,-0.538884148778789,-0.474938875553811,-0.0188793337987637
X6MTH,-1.24099531907527,-1.20570998169558,-0.446980409326176,-0.446314270005269,-1.20402974154404,-1.2201021056547,-0.987620876569163,-0.712961673042154,-1.28871187006009,-1.34127293242507,-0.735770263494324,-0.496192902984128,-1.28470360129259,-1.2318770866487,-1.06703555309009,-0.843575070876008,-1.10447081372278,-1.18400139505915,0.0270206264170775,0.0881216491188513,-1.22768077452829,-1.15078568317815,-0.682641318658796,-0.261266637112345
X7MSOH,-0.302974286994695,-0.0768100071992939,0.116530559460492,-0.0557877204073755,-0.181461873874199,-0.0522365085232467,-0.0929259586781951,0.140908258777469,-0.220496394506436,-0.135684022497188,0.137529063935091,0.0166772483221554,-0.154396404754037,-0.0775033110608516,-0.13538130756711,-0.00456223765057061,-0.222821882814442,-0.129649936919727,0.0742908632293878,0.139558864903085,-0.203324303167852,-0.153783588669379,-0.376963694412657,-0.0260636592313712
X7MTH,0.0391265838037383,0.179251306641093,0.226220723259556,-0.0320508482722126,0.204902050899611,0.243161323568905,0.0548246493489039,0.452254470509549,0.120855438671363,0.135041270779732,0.390184135175799,0.0370053271416292,0.213327491054772,0.275193350540777,0.0314176186072712,0.31534310700249,0.0710934044956654,0.201662785191791,0.165067593741994,0.0495860521398388,0.151240187072388,0.0902137190507728,-0.49764399189601,0.177397320718731
X8MSOO,0.91622376935619,1.05953292261573,0.811151883767874,0.437039031704949,1.03897660479291,1.00160108262437,1.02043241777318,0.845296400805101,1.02204946621301,1.05730665801045,0.884321689539989,0.520911559097167,1.05045635947212,0.983965824969463,1.01449244892624,0.877236825095081,0.851204320028785,1.0698676914004,0.172848204226062,0.0879337204380374,1.06518875678162,0.966797721511816,0.150328035859141,0.138039139969007
X8MTO,0.571145696505061,0.60341467905997,0.464580971596501,0.292797505372054,0.701797924024758,0.657520146472787,0.572515511336831,0.808647806574229,0.671583450576602,0.626831213213883,0.605204854656663,0.354476825128983,0.713958932120894,0.72829067472574,0.580972106728677,0.796591338986201,0.528436802127174,0.680628897379366,0.12693095146314,0.162029648731861,0.687336400688072,0.52970121007828,-0.239040650529095,0.332369643145137
Fitness_Finland,-0.156643011939969,-0.0871698304133231,-0.111176673151765,-0.114669544472673,-0.185382174950404,-0.44086263029224,-0.0129118402687646,0.195819426670511,-0.141245594518406,-0.109584665139917,-0.310896355110522,0.112542243146522,-0.218672076908983,-0.296086577169823,-0.143800213174188,0.219188173815498,-0.193582750054019,-0.186489021389186,-0.32002978769582,0.1230890823541,-0.179309413005046,-0.281028104662333,-0.0417949267645975,0.0606345895017582
Fitness_Germany,0.259299689352521,0.334347773968621,0.0822829129162611,0.139144618229447,0.314324429906179,0.269131102413464,0.274332523059755,0.174821981748204,0.260589153425769,0.283551680545568,0.138655664465805,0.156080689887382,0.292586887527967,0.275154869495307,0.303072424364287,0.253381853113872,0.245789006918348,0.339796914914132,-0.0151464768221259,0.061342931458524,0.30593304881233,0.233706150881258,0.134606101519862,0.168311150659044
Fitness_Spain,-0.218243302576238,-0.141898435078477,-0.185855807125486,-0.039979693060133,-0.239113650243361,-0.211804550511231,-0.11228609286936,0.166341095956253,-0.227479901790885,-0.212909039214064,-0.248600000405523,-0.0372844877797376,-0.224854751610415,-0.219424163197807,-0.14296716337121,0.0392308725228136,-0.211418968709734,-0.187115329844997,-0.102226860591752,0.108956106537114,-0.256502065344078,-0.216837062398314,0.0595739862658811,0.238079777851942
Fitness_UnitedKingdom,0.279566775007939,0.365265072760032,0.319022047493963,0.238774316559766,0.261879045769076,0.295843042137879,0.234067297171333,0.146605497982434,0.272997030083987,0.331406729525474,0.17122250583417,0.158269346250925,0.319432588110449,0.285222967945063,0.289030636834768,0.208090467549802,0.268692102376054,0.348486189045119,-0.0102619013491764,0.00921608949852429,0.256470714422161,0.283723202341302,0.299885072122528,0.195108974985192
Seeds_Finland,-0.233891432768005,-0.151970130270743,-0.157068018883021,-0.183523671389075,-0.255916694549742,-0.503041102328943,-0.05302009017502,0.107795579080438,-0.217951438449359,-0.162874910120532,-0.366665801649725,0.0184635493135664,-0.287755740789136,-0.355794135772986,-0.194892021779972,0.127388469062182,-0.265218514931636,-0.281214325424378,-0.302949161151493,0.0507756607293217,-0.260371888166627,-0.35215416740157,-0.0724314567172232,0.00606693739268605
Seeds_Germany,0.367526809941899,0.415353770838128,0.144431495227504,0.270530075785379,0.377681200698337,0.334791079363112,0.366980753511311,0.230785645960031,0.360358581543719,0.371824135244058,0.207193165451797,0.25259283340134,0.366058902099675,0.355891820933263,0.398655839425685,0.319940136815003,0.330672973844863,0.421472119789048,-0.039348894576903,0.149927504796498,0.387044270336037,0.29834310266745,0.195181199536558,0.201278443638024
Seeds_Spain,-0.179435480544832,-0.115116092084383,-0.155985258068175,0.0197510336479682,-0.204757719878299,-0.184627251288114,-0.0853420383513758,0.152965708308995,-0.192767965414578,-0.174503431468005,-0.198350454253558,0.013065416355619,-0.187869668941902,-0.18610039247062,-0.0986915952117289,0.0455645739832022,-0.172719771587119,-0.157952184653109,-0.0748426100655489,0.14760909556921,-0.218771205711819,-0.190462891377846,0.0853053277918515,0.265613671078988
Seeds_UnitedKingdom,0.177873336862624,0.265480658627646,0.246872068917106,0.190147101733486,0.156099791103666,0.19694850945818,0.143193926645729,0.0739122328326707,0.166723272100506,0.223424461595709,0.0901810197192151,0.0973747406887063,0.211272427661027,0.178935750848508,0.191894568997475,0.123713009677364,0.176078638567945,0.24703281882681,-0.0388142342013826,-0.00514566090003949,0.148365815485221,0.193797639159228,0.268959327227942,0.176204924437508
Survival_Finland,-0.641950172887795,-0.565287029808799,-0.345270403782355,-0.25284462197442,-0.698033213429837,-0.89194345058421,-0.460793147740214,-0.0940301494810172,-0.638564720935949,-0.596323005497748,-0.530482596256325,-0.0494745826400891,-0.71955171199901,-0.765378928871878,-0.61807386434173,-0.115249787267158,-0.605564574021658,-0.672095315380987,-0.329721707400449,0.132080402334702,-0.682164336005927,-0.69205810089025,-0.248095201306078,-0.125637441411328
Survival_Germany,-0.399957246192343,-0.264891401434749,-0.337793812577537,-0.234304777089877,-0.283052851933304,-0.31277210649717,-0.396875750663363,-0.307665342838318,-0.390344563592139,-0.355206794800771,-0.400465259612261,-0.219042054487834,-0.326649707716653,-0.32605232045106,-0.404418563296212,-0.264680995669798,-0.341528272043004,-0.282288710075529,0.0101168628204467,-0.0471980401435163,-0.331902791681237,-0.31857449688054,-0.342366466306381,0.00656520066694062
Survival_Spain,-0.436168269335769,-0.347110173325106,-0.477657838230739,-0.402676471624352,-0.391714515061717,-0.3427418609855,-0.363225533314999,-0.0287425591197242,-0.421383124192828,-0.390906904204662,-0.562288088553562,-0.361885092657533,-0.409402361310271,-0.357742530909293,-0.445864378783078,-0.215131241013397,-0.397984983534188,-0.403052117902443,-0.333794846394417,-0.138093075955089,-0.416308800322095,-0.358257467607238,-0.263553476543828,0.074540371091745
Survival_UnitedKingdom,0.934686333948681,0.918020688887493,0.663542933892826,0.371554260846625,0.958562942370298,0.91412969350852,0.810309221961708,0.644477459512167,0.976406160288207,0.990778984382922,0.746520587583415,0.496533729494086,0.983799637929474,0.968360294430718,0.877253761524819,0.772300824869119,0.845790429797666,0.933242718376911,0.283273816463377,0.0801895731582755,0.989412247555933,0.83409073016941,0.231557094828229,0.202484505909274
HopAM1.cell_death,0.477144310276848,0.548609652366927,0.116754571262959,0.482158348349998,0.463002057723958,0.488668746510613,0.475263168387908,0.484850768252935,0.478783099659895,0.532856307360821,0.178705256491741,0.416775920826276,0.459858162140097,0.518450976821327,0.48523465139767,0.437080575613954,0.41293407142962,0.483261973374317,-0.146192037961395,0.239670117366945,0.470504569031128,0.389091348000338,0.00745213999471069,0.352761749238674
HopAM1.rosette_chlorosisis,0.704764414682452,0.645931416353418,0.593684745436986,0.276135414186744,0.699782818354641,0.628353020850391,0.534580143768658,0.450926257701937,0.701086933691973,0.624513802957698,0.610233746750801,0.292225976899646,0.712456509715953,0.59881567408056,0.616597096317773,0.443706944997822,0.617222841225338,0.733623895680213,0.139098003541163,-0.0175488356979887,0.696087678085506,0.63602063301611,0.493743969242348,0.182914310862415
Pollen_Tube_OG_S,-1.03176186113889,-0.990707651973614,-0.691569535203603,-0.834192525458487,-1.05538419605582,-1.01572355645734,-1.08608210447657,-0.817824456539622,-1.10719641597847,-1.02147483961172,-0.82820732421306,-0.897169582702399,-1.08802762242696,-1.12742634395051,-1.10961312926063,-0.967442597596426,-0.897171749371594,-1.0627841670202,-0.294478289547709,-0.448957195306428,-1.0676654709494,-0.857533115175986,-0.890612988523017,-0.342578818957432
AZL,-0.483506677145268,-0.391077877029663,-0.327858191574388,-0.164595189019975,-0.423974957468338,-0.39680494583017,-0.284991098531454,-0.383521198157431,-0.482233972303463,-0.409576055024022,-0.332176606494038,-0.157882996795326,-0.460289862163112,-0.427814957319621,-0.31875530189074,-0.359977621538119,-0.387854355890404,-0.428105851981514,-0.113861402968496,-0.0305706984838459,-0.407589464671003,-0.351811274713938,0.0138221627777704,-0.0405536324268571
BsZL,0.245882088314109,0.227467289128066,0.213501922441283,-0.110681449452938,0.283167665918646,0.262105963998111,0.224469234684361,0.0882095386550109,0.288316455293741,0.259529741255939,0.249603729994151,-0.06593733287914,0.291923528943315,0.300614985629542,0.190284174419487,0.105239811399139,0.225273942232942,0.26445670723779,0.170547132322038,-0.178808923436286,0.28701341295048,0.24605836846845,0.0615732257111579,0.109200080245571
BZL,-0.0869350385184496,-0.0917193871747883,-0.147311126699497,0.0282916372239658,-0.111489056690045,-0.0373602991722234,-0.0927724711180751,-0.0371281310913747,-0.137992156717173,-0.116295591436357,-0.158254403830681,0.0602510384213733,-0.125155694034114,-0.0960610786346963,-0.0603945108622911,-0.0368547180517323,-0.0566176442240435,-0.0910361198812098,-0.298073091934706,0.0277393086999277,-0.105332183354543,-0.046653808218292,0.0960047332130909,-0.115663201847286
LRA,0.0237881619148688,-0.00203778108149974,-0.109482410712975,-0.106588836427662,0.0285088964265613,0.0319115993066398,0.106687286420882,0.0161528119166771,-0.018431446293595,0.00957686593852367,-0.00187419892539832,-0.015888055414521,-0.00490994901512883,-0.00299294587132347,0.0808114942099899,0.005860771592101,0.0307596836404882,-0.0135025842082303,0.159433072307261,-0.0499130012176413,0.0256934234480151,0.0377995909432373,0.158845231784993,0.0782482726582701
LRD.BZ,0.124511901333204,0.11539582766403,0.0788160799110345,0.0431429430500017,0.158698988682094,0.0908087720615126,0.130424473190473,0.119532790434894,0.149251541472765,0.121427094540547,0.155396235134624,0.0462844768579512,0.140184104062346,0.138032176830031,0.0936260669671145,0.1299994697527,0.0796171600210996,0.112411306478925,0.115977989849659,0.0255945080210152,0.133377719070501,0.0544267501803703,-0.251517512192271,0.071680693479681
LRD.MR,0.142948365300783,0.0997518104295149,0.0738363205720685,0.191000004476402,0.0774218947182283,0.168454577230169,0.0599343382445411,0.128197871477335,0.0941518958050475,0.0751361273645417,0.074117843557357,0.178391552058504,0.0818367238248081,0.127579847588264,0.111825502809235,0.145328443748112,0.106251295128875,0.103662987324348,-0.135739803521887,0.127074308447758,0.0668851547063388,0.0951162962749925,-0.07565136896054,-0.0852791101547271
LRL_0_25,0.165998540527224,0.176086038783675,0.135900838438178,0.190934293756165,0.118137304447792,0.12448600832242,0.214257346922681,-0.0743414134660412,0.110418884367626,0.16947052678753,0.170541294147101,0.273102667765427,0.0882520172023411,0.0695013462853622,0.222558713396786,0.0575732767919561,0.155457949880329,0.13263316827826,-0.000844779564717939,0.168104760552284,0.148936357021088,0.161530032555672,0.131466280480703,-0.105113085163872
LRL,-0.0109659044781755,-0.0153121881956093,0.0347177364148156,0.0553442439254348,-0.0380724230003602,-0.0296553477686806,0.00639586472955882,-0.254060395790153,-0.0725504226365959,-0.0190299167170902,0.0657004234847307,0.131984804322523,-0.0969413289769393,-0.0885160423746503,0.0105956676475986,-0.158962021345713,-0.00306835402197452,-0.0574417390831927,0.0558052958677569,0.102850885990431,-0.0109626598285043,0.000900107117378944,0.00628806567565491,-0.0696000456116994
LRN,-0.106054831877509,-0.103557152646531,-0.142994558916668,0.0778088247468634,-0.126002928362609,-0.0329292389250916,-0.0718828477548402,-0.0303886139408859,-0.153748684424222,-0.132361355227639,-0.134581996955094,0.0922207152708595,-0.144739925277598,-0.0814495439460816,-0.0382842187761708,-0.0120352520910639,-0.081242186794226,-0.109290892190591,-0.294444195372949,0.0586317235039486,-0.125536384056398,-0.0814411393364357,0.0144811566739047,-0.133892598919772
LRS_0_25,-0.145067277390483,-0.13654287720479,-0.120852111819067,0.0588695689947186,-0.19595877935872,-0.150228246878616,-0.080537225710643,-0.194759277329273,-0.212506600117342,-0.152798146436269,-0.0996274627921103,0.0955985823123622,-0.228180649659679,-0.211436037809763,-0.0785026461384612,-0.129402359421351,-0.121255715945222,-0.187261688933693,-0.157008812992645,0.0984755164348473,-0.174994478011881,-0.122902273564805,-0.0183526745073394,-0.162407842008093
LRS,-0.0482512818993674,-0.0621822165788385,-0.0432576419380846,0.0758576221240476,-0.0787187181372006,-0.0163543728604115,-0.011145794089524,-0.129189638244494,-0.112280516085789,-0.0753382969350874,-0.0126405216942219,0.128766593811235,-0.119399703124735,-0.0809003563384491,0.0167008082089767,-0.0699718308818797,-0.0324258433972796,-0.0841338776708798,-0.113596334266281,0.0708654185367179,-0.0651685771904198,-0.0303967579522904,0.0334714055078986,-0.181251472315051
MRA,0.032794631347543,0.0024072461387885,-0.268929340441299,-0.0499298103916115,0.0535708228706269,0.0425841365775409,0.0633883019832498,0.121830675970538,0.05883695166849,0.000545328148713851,-0.196428644234555,-0.176259620979948,0.0673353993372776,0.0635737078206548,0.0398245964171319,0.114172726478174,0.0252626338608247,0.0503895454380885,-0.193613221466124,-0.129631553801983,0.0435409499113831,0.0317634639050512,0.219289681384906,0.109357728810521
MRL,-0.318168497331908,-0.267531417077383,-0.265423315091554,-0.0932993320660079,-0.293580911543251,-0.233623203674968,-0.204722906238908,-0.244113113874392,-0.344458562087716,-0.290429805244925,-0.27092673105662,-0.0646933860500036,-0.322934738393786,-0.284473136261534,-0.208644423542517,-0.227965556663041,-0.24410399467998,-0.28540977477246,-0.234669590498989,-0.0203580101266073,-0.279507426091581,-0.214042194759703,0.0743198044486198,-0.0842721244669297
MRV,-0.30309101698387,-0.248002599459493,-0.257431878723969,-0.0989080773970513,-0.27462641618747,-0.225927913036422,-0.192345721756366,-0.229800824451261,-0.328448453627183,-0.270686876819505,-0.265194917046066,-0.0600749274159045,-0.306251551553317,-0.271665971330067,-0.198690737999042,-0.205220969231232,-0.230662718154316,-0.26931873171376,-0.236424049503956,-0.0301437059934242,-0.261113575430529,-0.20589716526565,0.0751934627491567,-0.0768651389396951
OAD,-0.292637039662071,-0.233456046419173,-0.21333395101459,-0.0888749731937915,-0.270194305763118,-0.220308428946438,-0.187201142876511,-0.230649833021693,-0.322454186545681,-0.257099779515933,-0.227330321847265,-0.0302112522938104,-0.302312100880441,-0.268042607200324,-0.192946961550461,-0.208977733972997,-0.221866634403955,-0.2613949016027,-0.20678592562574,-0.0173713989446769,-0.254854785050545,-0.199192071165392,0.0548218846618387,-0.101505052033912
TRS,-0.161307595350331,-0.150883309125294,-0.136686980820225,0.0162068797163074,-0.172970742572579,-0.104984643571452,-0.0897498904282498,-0.188796657020334,-0.217001988485023,-0.169325141706034,-0.117284895170807,0.0649811580221733,-0.21341612729774,-0.170867155255693,-0.0716699435350823,-0.140554011953001,-0.120516753409951,-0.173523357077862,-0.174016828165404,0.0418596013260407,-0.157780663041097,-0.107060861748836,0.0533439015969187,-0.161597840449693
alpha_bacterial_richness_1_tn2_ranef,0.221924903257701,0.280292318403373,0.0662364881779911,0.0693679693709957,0.135893238760865,0.19854378643977,0.0768056016334629,0.234160088026798,0.203047774201534,0.281367791334392,0.0095556423024055,0.0639383837756657,0.170474385673145,0.240236596894414,0.104168759276518,0.238803566674392,0.189615274196578,0.196340187759184,-0.0485530492955207,0.0057649636945574,0.158733614159702,0.14883859030318,0.000949919245732592,0.0749274638262653
alpha_fungal_richness_1_tn2_ranef,-0.0338178861208602,-0.0389086799093591,-0.0556161942231182,0.0759162061161218,0.0136620359009922,-0.04157274408201,-0.0316922546835501,-0.0934346430601066,-0.048705661303362,-0.0357612384066478,-0.10609534654935,-0.0587886324699435,-0.00385455704651106,-0.0590123807882777,-0.0229052803200981,-0.103045632342994,0.0102451052250305,-0.000397128166216397,-0.052251553931824,0.0308310525126762,0.0216106346799974,-0.006439661559057,0.108052277935451,0.0303458799299208
alpha_slant_1_tn2_ranef_diff_exps,0.0213110667626894,0.0260757849419729,0.042561553269903,-0.0640625142930738,-0.00610041593300142,0.0496601180500875,0.0636428042388428,0.0784571436788388,0.0315824207635565,0.00946161493013511,0.069973961277395,0.083443198194008,-0.00399156869477369,0.053338935025589,0.0411988420134075,0.0825158804562121,-0.0191969061397047,-0.000173185549836907,0.0532842223221367,0.0118943751989896,-0.0201973872727777,0.0108681215149267,-0.0831134368019734,-0.0685610579118343
alpha_total_1_tn2_ranef_glmer,0.153614285122869,0.246178193934991,-0.013946903877195,0.149560453885895,0.0681164222211658,0.0489499524227801,-0.0251004437903453,0.124170330835037,0.131759161745271,0.228662885645648,-0.120138823604781,0.164417715264734,0.113386244322115,0.102762403267578,0.0267077827794342,0.12233399437086,0.143110993656818,0.167635931032719,-0.0722242462988011,0.0937612481468676,0.0968839119106087,0.0770656323363439,-0.0246322596597845,0.0880500858379111
beta_root_1_combined_pca_tn2_bac_n100_glmer_fun_n100_glmerPC1,-0.150315474410589,-0.149662265532845,-0.0298360591781211,0.0254207774160977,-0.104752374191484,-0.103551844248137,-0.0210870496684418,-0.192519815266487,-0.140941071984777,-0.173914755487441,-0.0930761573240685,0.110059922017735,-0.130340540797071,-0.113906872375799,-0.0230539560282948,-0.240057112437176,-0.124440364224575,-0.10109508648938,-0.0426649315575353,0.130292805003053,-0.102764482907685,-0.109764913777403,0.334774421300677,0.046467084782678
beta_root_1_combined_pca_tn2_bac_n100_glmer_fun_n100_glmerPC2,0.561907928113751,0.521375189093995,0.307495681945678,0.186945391657813,0.544574418470141,0.546294979771083,0.507006394432382,0.245499289698123,0.532220044889432,0.495103408985689,0.408825242345152,0.222413592511516,0.569716603793031,0.536575690541027,0.494407010533896,0.276788736649846,0.519470075159118,0.599309800663812,0.135901852329551,0.0539847390008148,0.543171049988695,0.498874353653334,0.196243140675568,-0.0280583261957085
beta_root_1_combined_pca_tn2_bac_n100_glmer_fun_n100_glmerPC3,-0.0640447826962531,-0.0973524456950173,-0.0119450542060989,-0.160456711127448,-0.122220505249335,-0.128337650803878,-0.101724855908564,-0.018116559862976,-0.0574836261104227,-0.0589093246961943,-0.0423378917804801,-0.109818445425568,-0.0754381621801183,-0.0693693514435434,-0.066318581593039,-0.0774835764636515,-0.0554443270255778,-0.0887977955410698,-0.0452313403285625,-0.0784771193374954,-0.103328047179076,-0.115971218978095,-0.0182541017581958,-0.174471537165227
beta_root_16S_1_raw_tn2_glmer_pca_n100_PC1,0.547886588070117,0.550068504788863,0.301360418519167,0.268980105613095,0.539096512900181,0.520396066191015,0.502446754584516,0.254288908628584,0.520800894606499,0.488820858188295,0.360094923398291,0.328107184126281,0.56765170473959,0.518840683333774,0.497460867595823,0.282746459326005,0.511442143027793,0.633197041832494,0.126426816649802,0.150994988174152,0.533770201650845,0.486403831967673,0.267256356416993,0.0419049956183406
beta_root_16S_1_raw_tn2_glmer_pca_n100_PC2,-0.126857979379433,-0.167826990935476,-0.0557663473938696,-0.116612130204329,-0.0993643522695396,-0.108921485426676,-0.0898739916613904,-0.186353870314965,-0.132927313549736,-0.185036280289329,-0.0910633490843446,0.0161177503414561,-0.13285847284088,-0.106167264210119,-0.0887217341005833,-0.248342070995265,-0.107535191768746,-0.0985566452274989,-0.0377472784774237,0.0577956079601723,-0.0921653011165871,-0.123523767472134,0.230908966864861,-0.018068729949384
beta_root_16S_1_raw_tn2_glmer_pca_n100_PC3,-0.0690265572919577,-0.0271334090193629,-0.101834527555549,0.119129990473984,0.000572348781348503,0.0132352829398823,-0.00798861687283637,-0.0666715779294556,-0.0778763659836639,-0.0578741411026926,-0.0835845456238238,0.125958763461375,-0.0632979129120479,-0.0201179145135176,-0.0580231025140288,-0.0614869799435866,-0.0568831352589674,-0.0528274956027131,-0.0159461342340549,0.096003943312617,-0.00845032902075451,-0.0176318096000263,0.0894433966420424,0.28837803403115
beta_root_ITS_1_raw_tn2_glmer_pca_n100_PC1,0.190658146161618,0.180129437611578,0.0496057223034591,-0.064501906046688,0.162559193036235,0.152969396050355,0.0240804405237909,0.199229236034044,0.168956336680275,0.191028616483561,0.119578122085557,-0.0965540337316675,0.161488039818437,0.155361497167034,0.00950148068663072,0.235474578076884,0.165339877038234,0.150738841811124,0.0747687596250904,-0.127640331004723,0.164880611070275,0.146894977392722,-0.376044698734548,-0.0470007636982265
beta_root_ITS_1_raw_tn2_glmer_pca_n100_PC2,-0.671369672042672,-0.656568879284885,-0.411543077684836,-0.189918629911232,-0.592707265589313,-0.571383546174099,-0.476863934956008,-0.409583169159393,-0.668425255193222,-0.673809832574773,-0.449664262568794,-0.249723897624216,-0.614353837143576,-0.676871325968582,-0.495028487638197,-0.389487216385661,-0.579236587240684,-0.637049231732942,-0.112157222164857,-0.0270944262785052,-0.637741278416014,-0.492024570928786,-0.307751008525702,0.0614239382432289
beta_root_ITS_1_raw_tn2_glmer_pca_n100_PC3,-0.447037066672897,-0.443864652249332,-0.203455387023726,-0.219294397823862,-0.431508658196725,-0.44773314041533,-0.43924487399887,-0.376089684987404,-0.462966018745895,-0.455731976658981,-0.296851687443148,-0.145626773563662,-0.462519785155881,-0.501544455415184,-0.437929679771815,-0.339450391432644,-0.385873235287215,-0.437061067838827,-0.0815781063894783,-0.072908148458377,-0.423987306633683,-0.358506571001169,-0.580741042055129,-0.151224279808182
Relative_leaf_temperature,0.0389901183248596,0.0145833005479614,-0.00523676991240125,0.0622461891666777,0.0218755491568308,0.0153149833802944,0.0174369274026402,-0.0549424747095689,0.0327698233309084,0.0233547454887469,-0.0754007992862184,0.0446298800689234,0.0133349142616789,-0.00191149651733573,0.0260645067600738,-0.00577685717863418,0.0358685794150155,0.0318759584682129,-0.115180542772759,-0.0074096129301647,0.045695085333385,0.0477183300177228,-0.0110464817745589,-0.0909447784245122
LeafAreaMaturity_mild_drought,-0.458815452659249,-0.4903600047663,-0.608991733015595,0.445514388657173,-0.413278389478015,-0.266122339735643,-0.423615145256952,-0.125113427393506,-0.467541142901856,-0.5708568957831,-0.587054379593411,0.192539782422832,-0.443367948360392,-0.354673956629687,-0.367504531021336,-0.214546700069585,-0.394463025439332,-0.368141145670234,-0.759337795581071,0.326009774928325,-0.430179077494856,-0.340584998675614,0.341815795327676,0.500589161229872
LeafAreaMaturity_well_watered,-0.407313942359713,-0.345085880162207,-0.461144792920395,0.247593831398945,-0.224434121242253,-0.143209300541859,-0.240293434019923,0.0302641476910256,-0.357745707602831,-0.420136423080453,-0.528656729126582,0.0830597043792799,-0.312069563833106,-0.216310136025531,-0.25896018761788,-0.17032825675108,-0.33727802796114,-0.252304080299254,-0.558688202580244,0.190213412788648,-0.245619087655887,-0.238339208288523,0.719509320154333,0.496688657455297
LeafAreaMaturityCell_mild_drought,1.8456616182851,1.82252538287277,1.38077781659947,1.15016313665293,1.92414897027738,1.98097426459609,1.8488271210375,1.28552692469329,1.92445267585612,1.83511739528664,1.51697120027918,1.28372631570162,1.97426322344117,1.92049140855193,1.9228017788257,1.53130787397563,1.66850498344884,1.99484179001816,0.223354272288769,0.454701328360275,1.93534237804889,1.77212820496734,1.16504760661603,0.440095905506589
LeafAreaMaturityCell_well_watered,-0.543752142697085,-0.515353187026673,-0.448253980961437,0.322476807364847,-0.414925389153879,-0.293291439473377,-0.329357955179857,0.044335654604423,-0.481721839695881,-0.55109266021239,-0.544641694396591,0.113469397987776,-0.457804378706696,-0.342211871574818,-0.348253788955459,-0.194172273720908,-0.471510707681291,-0.433412503838358,-0.590542608578236,0.164246866365529,-0.432174694501658,-0.386451204911835,0.5507959114428,0.305515845554464
LeafAreaProliferation_mild_drought,-1.41412887764112,-1.46700520149443,-0.998358053665826,-0.780129870204394,-1.43023085580857,-1.36220568814745,-1.34883613201024,-1.15296610245573,-1.49378376080284,-1.4263535553986,-0.99855623840204,-0.849928334890976,-1.47436356597761,-1.4080415927791,-1.34032785154447,-1.25451278621695,-1.22732292619821,-1.52944539822715,-0.205781251253225,-0.335312481064987,-1.44177572609602,-1.26001670046868,-0.466364937708021,-0.0868820567065084
LeafAreaProliferation_well_watered,-1.52002254954005,-1.67013083989353,-0.791539935583469,-0.604440430594612,-1.56474174486049,-1.44784201712436,-1.33850820593164,-1.31943677941406,-1.61421882257068,-1.52827190614845,-0.801828478597242,-0.55498909539749,-1.59933134396311,-1.5165048762051,-1.29424721657307,-1.33499930404301,-1.31903797973007,-1.74607772896349,-0.103008530259741,-0.0553064176009902,-1.57322272321145,-1.351121146654,-0.49359861588989,-0.0483638601908841
PavementCellArea_mild_drought,1.74468348574396,1.72165935399644,1.25311065190129,1.15866510808663,1.81684280876967,1.88023990337878,1.7997981095853,1.36089541067209,1.83143794770648,1.78235211074298,1.48717179273432,1.22019403408303,1.87126037922497,1.88325767060368,1.86941603799624,1.45497666127201,1.58345970872279,1.85468283180897,0.220550623408773,0.412235946479653,1.8432465290453,1.63449429924692,1.62764000516513,0.519208265952916
PavementCellArea_well_watered,1.43373244966879,1.37406742583374,0.997077226554188,1.07909362949172,1.48633275388743,1.5302435317729,1.43226650144125,1.23588624013455,1.51024124898761,1.46375966926546,1.11531546308007,1.06470822934135,1.51054729239969,1.51772159533494,1.49766990677646,1.17289863857027,1.28343501656122,1.46666008151481,-0.0220370810375639,0.44208242273702,1.52356504803338,1.34190253777955,1.37860735018244,0.513460803013966
PavementCellNumber_mild_drought,-0.258238233074661,-0.191812249662652,-0.196667855648668,-0.182572224641272,-0.177766027171228,-0.153808003966434,-0.210290740218951,-0.354629401684324,-0.296515017895618,-0.311206704080036,-0.261444032454773,-0.165703894178817,-0.243859773053998,-0.285465408550876,-0.198907677864168,-0.211034634007071,-0.199210515710214,-0.150956176620905,-0.104574504039507,-0.15324542926695,-0.202961204890216,-0.113101948962548,-0.3251842072589,-0.0580411333390244
PavementCellNumber_well_watered,-3.60032902124823,-3.49260391409526,-2.39848069460728,-1.5777433107105,-3.51331539414449,-3.40479719021444,-3.09818948127408,-2.50154028397699,-3.68089213140956,-3.66531501492079,-2.80781262013255,-1.81926795360598,-3.64557742237175,-3.51399503112591,-3.24057753561306,-2.71296236241777,-3.18212651217048,-3.55082660300154,-0.680032557526666,-0.456814716991175,-3.58571607634874,-3.14986140656332,-1.44490074477402,-0.517054741912468
RosetteArea_mild_drought,-0.0858642396446706,-0.0916789728412426,-0.161250320065364,0.514317138908733,-0.0493981756731243,-0.073410631935475,-0.140363388017378,0.314299947614509,-0.0772320521340052,-0.122043884076969,-0.141965859642835,0.367387167542295,-0.100143868754759,-0.113974718852905,-0.105723605311441,0.23229123809411,-0.0846973333821735,-0.0635243054495683,-0.448198479519013,0.375987160210432,-0.0381256153620033,-0.0552376742815552,0.507942891342242,0.549794055806918
RosetteArea_well_watered,0.205236931007811,0.263481611543644,0.0941983430111699,0.383142359834265,0.391034469920835,0.357658918379176,0.267523918480028,0.632561614110184,0.253551487948937,0.23742601576796,0.0941501380078858,0.307619012903727,0.287962297018524,0.271332720509457,0.260989565330518,0.473237868080078,0.210482180844901,0.319103137866029,-0.272054871013225,0.131085536412439,0.395156707673404,0.31081510409637,0.803024613640011,0.502869083099543
StomatalIndex_mild_drought,1.91042745389313,1.87195369065031,1.3647215969264,1.03975485063012,1.82345684755757,1.70059301843323,1.50895942296685,1.33661208581329,1.96379144443688,1.94467431841727,1.61266341960086,1.16451608442021,1.89521788962006,1.7675925077371,1.59862209091929,1.60240447921399,1.65572378338407,1.85512447683118,0.390619431988393,0.323287934666809,1.86975260465387,1.64555544014972,0.484938362364383,0.297287186141769
StomatalIndex_well_watered,0.923038588010391,0.943047776820469,0.573092067192513,0.670621557986223,0.843901719022099,0.732212235039418,0.714883232248958,0.785566332001429,0.964083401661494,0.96965225239292,0.685515893808227,0.675914311279779,0.898274965877581,0.871828890837743,0.735226850157985,0.857551498964897,0.775241306424193,0.871331889154849,0.0299595551930695,0.220329418772362,0.86640976459822,0.708903866657736,0.189124177666213,0.0782219675768598
Emco5,-0.879560107313476,-0.720791439970672,-0.640078326656649,-0.562601117633199,-0.783012029580726,-0.937633483920903,-0.674726318907304,-0.132090545760944,-0.914321107308148,-0.784760832188338,-0.869460472134315,-0.503745101835724,-0.900383917396291,-0.945172943589342,-0.805816589691132,-0.414649918281347,-0.768575308449041,-0.87227119888364,-0.214461628089749,-0.0494707133231458,-0.796131717817417,-0.734185789651842,0.0885489540777828,-0.0250755666427425
Emoy2,1.95532670700112,1.95135629594108,1.34703210623328,0.618961456883204,1.91007122453983,1.56759330322568,1.66849125126169,1.24188344736017,1.93337781415511,1.99393755542553,1.5414651190613,0.853191568409626,1.90285012790489,1.7073306779324,1.70953956906641,1.2960584724065,1.70100565868233,1.86947485718158,0.462375913642691,0.214256533313879,1.93068044578683,1.59238364460222,0.974524782061122,0.421939860439084
Emwa1,1.63037744835885,1.42869133955299,1.02880128725824,0.201912617248351,1.53651286392226,1.42689172439079,1.2201027894935,0.891151952810617,1.59562374334905,1.48622225867712,1.22743579366965,0.280862144069089,1.59315160879186,1.37229148072607,1.32316370846187,0.843894919684488,1.42576522293758,1.56894949418105,0.466531922104342,-0.212026788892013,1.55164353298723,1.43994542882346,1.02546347671449,0.44807952205261
Hiks1,1.15743351544389,1.1456287803992,0.65451601089397,0.000188955288127243,1.1908035493531,1.02787695727805,1.12405417315484,0.804715238525473,1.18220356332704,1.13956896343226,0.794135257317165,0.178880659542198,1.23593488551894,1.16829662686436,1.09130357008123,0.734733664723286,1.02702443241864,1.20185245545688,0.483251967879196,-0.283896744918775,1.15613740630599,0.950464111934676,1.07330400185278,0.105010982616525
Noco2,0.0438541004029727,0.0760278670936048,-0.230095129000282,-0.181880955360785,0.119298936798449,0.145597703036148,0.160605575807183,0.0174979563513403,0.0690083091147035,-0.0390412723659099,-0.305689071585168,-0.18398240792896,0.134018360191113,0.198992497358741,0.111525214160068,-0.114028306177478,0.0523958960885431,0.219396336433782,-0.253711620842523,-0.184281793361997,0.0710722523666062,0.0424995673292842,0.09127555441837,0.0205790984229019
aphids_making_long_probes,0.0794149078831156,0.0929838604157,0.0660393756704099,0.087558043777584,0.053303224487133,0.0307693128573869,0.177823935324356,0.150729945392583,0.107428822914041,0.154362655048946,0.117524458102817,0.0904022956172025,0.105658336025297,0.0570449198733744,0.18680123153149,0.107094397483187,0.0889694228536922,0.0589617898667407,0.12303750533317,0.0834053299385484,0.077787127639776,0.0922786126133567,0.129457277327978,0.0125617268446108
time_aphids_spent,-0.0343261841240448,0.0232402990494543,-0.0980655750514216,0.0338067636631715,0.0189664972500918,0.0501651370009987,0.0758082328639799,0.173072764725196,-0.015404765370254,0.0438367449720277,-0.0944644699633022,0.00639182797893063,0.0378618620813552,0.0641047281774201,0.063393156786939,0.171549464556652,-0.00337713415806123,-0.00883417391777156,-0.0973324890300651,-0.00931265289946065,0.00356945105502228,0.0198038025745168,0.273208469631684,0.0244336085557663
Normalized_disease_index,-0.717276614772208,-0.681728716252385,-0.27688820154819,-0.406157231280054,-0.595926527982116,-0.792707491794742,-0.402616546677877,-0.642359897008199,-0.706067316455711,-0.746509541452007,-0.449933661992152,-0.330395616885314,-0.688260623681047,-0.740240071220898,-0.51315983016831,-0.414109814264569,-0.657312565724729,-0.667380908911047,0.252842301354461,-0.167528741069782,-0.646352889138479,-0.656844236410733,-0.817806521294464,-0.205623251967979
A0_Expo2,0.189039230143799,0.132686086182759,0.0723384332584048,0.0195550342573093,0.147827436232497,0.120940785553027,0.232837702651801,0.22132322832268,0.172349041592497,0.137819226642722,0.140656747605196,0.0674519097740234,0.150430780902692,0.109583853954992,0.210215373207391,0.225727479990429,0.164515241218854,0.155013869533169,0.0836644009126693,0.0552493806050383,0.170020465021824,0.16291122801768,0.0730740245990077,0.0598042216057253
FW_rosette,0.115048265945561,0.122414642630548,0.213238546817428,-0.00378886927015162,0.190355188925045,0.121036389251351,0.11501247840542,0.177464323494474,0.12363436220995,0.110118086198497,0.154643568239202,0.0163084122722117,0.135112966211447,0.119140357726839,0.108512738960168,0.140016046219473,0.106197136170042,0.129068254178624,0.112494668435041,-0.000991834252506615,0.178504239029859,0.120874297112343,0.0752556512653086,0.0644015866017805
PLA11,0.36782414018026,0.349080557333058,0.300358190678107,0.199746463509227,0.362268324188274,0.320626864549363,0.375261313460607,0.243685703329117,0.359335842728122,0.351585824038162,0.324663671411821,0.211340276753736,0.365146856813811,0.324783086200756,0.374393229379525,0.262514735397437,0.325504403101262,0.351531967960214,0.108341016852604,0.206403475835756,0.357811185998367,0.310281147542379,0.130371807745962,0.041562746477376
PLA14,0.206683268957145,0.216274591366586,0.16275643944104,0.0821225004345156,0.215524960331492,0.195904357124058,0.188112928017546,0.191008645937755,0.204937262254687,0.204693197696642,0.187719371909694,0.0678515969941363,0.208499861172877,0.189868127352029,0.197676694242945,0.184855806711584,0.190067810109833,0.215799094758962,0.0371255275642201,0.0946563348535027,0.219549161361779,0.199605601773206,0.00749471080562004,-0.0100884715325807
PLA16,0.224063785507105,0.21414203795066,0.220802834601223,0.0613816274380424,0.231938914978164,0.187697479870477,0.218730428738632,0.19306005747708,0.213502445627325,0.197540552252957,0.210081663828806,0.0823803585797184,0.214758100011194,0.180920274549836,0.210089892491879,0.182009304687776,0.201389498835149,0.221781682332037,0.145953186138708,0.090569345927982,0.23140389852901,0.197733056515666,0.00166374118107252,0.0119860395812924
PLA18,0.121805314372679,0.124529094358103,0.170784733635019,0.0308799677448298,0.145078098470545,0.101083055992919,0.122970673083442,0.14572793551962,0.118196500053848,0.116086996208673,0.152096271562088,0.070168999573728,0.120379331657661,0.0969915717987434,0.125175600670752,0.105277815252871,0.110968711272441,0.117387763694326,0.147339598597184,0.117592466675819,0.146427000600851,0.116556200666929,0.014984944778136,0.0316645963037519
PLA20,0.169393861575168,0.16699424546494,0.177413997465838,0.0377906647246329,0.197128357454912,0.146414432957799,0.167902897542597,0.192224495916861,0.168181849044895,0.166493112282463,0.180627300238822,0.0655155327172024,0.175681787543372,0.143982033891176,0.172534707630831,0.173548415941873,0.156744794633715,0.162859937419409,0.15374163090832,0.0718605544179728,0.197189555625324,0.161408164490618,0.0546820445582069,0.051842261558409
PLA22,0.183288867053573,0.179384662836072,0.251475540912423,0.0704367329916006,0.207438594720843,0.160802240671637,0.181842043947067,0.162048849534585,0.179477791070099,0.179672265155204,0.221147529582215,0.0987781069622252,0.191728910862968,0.158037725929529,0.189485408593737,0.152808894017544,0.169387322674051,0.177070530566107,0.182463403191631,0.103685005910243,0.205961738664421,0.174741655213338,0.0853136204622817,0.0195423598920636
PLA24,0.190645578539245,0.191799067702929,0.23347737498568,0.0631878851288266,0.230032760966875,0.181698777414633,0.202819927235707,0.227510387784488,0.192535864492245,0.192518374493421,0.218967813920414,0.0889583529000821,0.206060148585864,0.172085064521137,0.206366267354334,0.180542658319161,0.171569274199763,0.186207857518506,0.20861216383414,0.0890343369146496,0.222361221985972,0.192524317965481,0.120573604517537,0.00784238264423819
PLA25,0.158942911076851,0.170184317164759,0.251851103919954,0.059500914785851,0.222557137511441,0.169192183978906,0.167585252552816,0.243512134105849,0.170800864651279,0.170928092361603,0.227817951048494,0.0921381669110245,0.195641541358175,0.161405997334079,0.174789920393276,0.187640109712274,0.149674464646894,0.173063944677577,0.187847231532695,0.0842209081703992,0.21227714286167,0.177457746533336,0.0951450798126309,0.0269900232604569
PLA26,0.138569425394384,0.133330143368801,0.234479679264064,0.0497925172071432,0.173985400822798,0.117352946701393,0.139688034418786,0.184107100002473,0.131796252698208,0.133395047800514,0.198930023764196,0.0606542368729617,0.143465046064866,0.113479801163207,0.145122578118235,0.128819882210047,0.123865018959241,0.124877666299167,0.20568882197665,0.0979930876910145,0.165657288276248,0.130650307527968,0.0979192672385263,0.020930379033105
PLA27,0.134355073277773,0.134612336399211,0.255965094928323,0.0604748661710298,0.181651865647293,0.121618069832881,0.126152621784821,0.167979364435263,0.132700988847549,0.132303330666104,0.18823219719446,0.0690616647956765,0.146432754833445,0.120020046328192,0.13593979694748,0.12144088384075,0.121589751414244,0.12994603436573,0.183200596939348,0.105597364049123,0.171707587018165,0.129824304546718,0.0869183796133643,0.00707040704587342
PLA28,0.245335709895936,0.272333360910118,0.286988920679645,0.112716868571635,0.292787084715345,0.219800120759781,0.21184106143734,0.246995976048268,0.239888629968841,0.26966322961299,0.273153730283868,0.133748495323922,0.260843204255464,0.215516081751302,0.21626957642942,0.182335813521107,0.219552869979021,0.239596265675117,0.200659314248084,0.131157380325697,0.276507340888071,0.226498679078752,0.130845384709353,-0.00574832400252524
PLA8,-0.0203790091972871,-0.00242401250214905,-0.0178034833803415,-0.0269307469306053,-0.0157268420780099,-0.0731583416298636,0.0411371726299986,-0.0508140181714332,-0.0124820255673372,0.000945909974959492,-0.0352640549331707,-0.0538889081029174,0.0086217764035179,-0.0518259894894154,0.0254139849284174,-0.0192916168656699,-0.0110662150325033,-0.00877811997780923,-0.107068553236897,0.0607791902154681,-0.0315127457133816,-0.0467757593807464,-0.034695431397587,-0.0145450623258912
r_Expo2,-0.103359009384991,-0.120384038784722,0.10983018637813,0.0711156852534029,-0.094507279255612,-0.103740664577582,-0.165592032047161,-0.144147451151698,-0.110164148297263,-0.122347258254014,-0.0247554012131897,0.0317540332506797,-0.122029229903831,-0.106159805458127,-0.140754920684565,-0.157024788565267,-0.104243375851491,-0.118487263752859,0.0352126221897728,0.126132225194364,-0.0973102897883528,-0.104168576257714,0.0530333432917562,-0.109299899133186
WC,-0.152575368627351,-0.196762952594826,-0.0614974744202952,0.0688729920436048,-0.145753060306557,-0.0724053775775792,-0.0922863382642438,-0.069132534316286,-0.152527074305935,-0.199983729946823,-0.0729850749623224,0.0852720034137882,-0.160769697009466,-0.117279752426114,-0.126484336720016,-0.161892918717064,-0.141852745991312,-0.160649665803491,0.0113267535241793,0.213192485554243,-0.148036382981996,-0.0937131097068801,0.193358700266029,-0.0604334761057381
control_aantalSkld5m10t20_c,0.0568769281464381,0.0461449294988714,0.0838029656893492,0.0770220938618739,0.0533972918986108,0.151122997694105,-0.0186382912684878,0.130234649665653,0.0755844919573467,0.0533411847001503,0.0674776874500016,0.150759636225316,0.0692187541724042,0.144909344289196,-0.00265618148432548,0.163856581590238,0.0478186259952218,0.055935807055242,0.022498385444334,0.0948214574848169,0.0540500999340979,0.0717154207058487,-0.152275730023537,0.0667650341848358
control_avgSL0t10_c,-0.0834631344627878,-0.0916096876892886,-0.0948001056254782,-0.142360677196212,-0.0758018930917092,-0.188612374076255,0.0859001752413041,0.0451084666625933,-0.103158503061138,-0.0663980092327371,-0.0897012808935432,-0.243435339069819,-0.0924771214454393,-0.207404101453548,0.00523104141284673,-0.104289124909733,-0.0776507629271482,-0.120466319043927,-0.0333642685279954,-0.196549593897726,-0.0765836562526682,-0.0718542095721127,0.386463875918774,0.158792572772267
control_avgSL10t20_c,-0.0804706307827799,-0.113964171425205,-0.164296894179733,-0.112820745521454,-0.0808332173418858,-0.187409713844982,0.00656825288219553,0.0483170420455565,-0.0771266663323845,-0.0944819847224796,-0.1563663226455,-0.165182387009838,-0.0869650036639257,-0.194275875286662,-0.0313455314966306,-0.0357240773082328,-0.0823430977098861,-0.104091754254346,-0.16911913203989,-0.161285446644177,-0.0791606101823841,-0.0763115753145298,0.0914461502004109,0.0896280024513008
control_avgSL20t30_c,-0.0512132534991999,-0.143577679525082,-0.0761598245234376,-0.0724915948112758,-0.0515078116431558,-0.160134089800453,-0.0258949612026254,0.0799370984558424,-0.0712417672778557,-0.110821414552507,-0.114977890177876,-0.162150846533998,-0.0730594953797008,-0.140020082561464,-0.0480405919853014,0.0567045783315345,-0.041995729669863,-0.0878858150417139,-0.125384468043237,-0.180094571317594,-0.0454671970357462,-0.0873352951935611,-0.0397274486454449,-0.0647144229693008
control_avgSLm10t0_c,-0.0633199747016611,-0.0349636190911274,-0.0238348477330364,-0.170689402088516,0.015950677070802,-0.0783769192425823,0.140346541738395,0.0212533730681173,-0.0716655813608469,-0.0269266833798228,-0.00571786865449215,-0.156430800271632,-0.0286136315193161,-0.0846382076550501,0.068088620255526,-0.122823271213893,-0.0359018438699543,-0.0452505475943838,0.0485767637840276,-0.0791545518353619,0.0112928326381102,-0.0146020092113886,0.424135062943699,0.144517372594337
control_avgSLm10t20,-0.113188990901296,-0.100978216570949,-0.108126316796133,-0.202166751227161,-0.0476144135410088,-0.178522630344924,0.0787745139546912,0.0574246677555697,-0.109692817847517,-0.0787800101834229,-0.121695775022197,-0.28351764682541,-0.0771735072045798,-0.170541884226039,0.00392192073146879,-0.0716913602394844,-0.0868155021152095,-0.103739359184974,-0.100272511472704,-0.262836164640107,-0.048911633983554,-0.0752539623948689,0.257707372583652,0.18066546091938
treatment_aantalSkld5m10t20_t,-0.0426034390312644,-0.0739181425376411,0.072734868091779,-0.0294437778521998,-0.0338432873893018,0.0122025134917435,-0.0396204526954887,-0.067585484823413,-0.00542058915143911,-0.0771370142390659,0.0739944782352354,-0.0562153003335393,0.0238628269143096,-0.00599896670514758,-0.0496938552080319,0.0291344835658788,-0.0255489657283383,0.00339387480728972,-0.0572960471825161,-0.113517419411233,-0.0484138521009114,0.0133427779358481,-0.178908583179331,0.0240809225996136
treatment_avgSL0t10_t,-0.0707351862986255,-0.0736345178312997,-0.0938934263539509,-0.0451466707125102,-0.105550586969204,-0.140859478249261,-0.0501391844832449,0.0643501338545903,-0.12844938577045,-0.0726576330470629,-0.160168061492209,-0.0391697314974065,-0.162489311932938,-0.157850908054693,-0.073552413246798,-0.0331568789424462,-0.0799148194953791,-0.144258754387985,0.0266117017797453,0.024238974608066,-0.0951526423985358,-0.113696533997426,0.152847093533877,-0.0618774160725608
treatment_avgSL10t20_t,0.194609108953388,0.164643096038399,-0.0264101445941179,0.0798324865866452,0.17592508476088,0.129056845808141,0.125258949399457,0.200256742380969,0.165583790881806,0.160788908187318,-0.0290694729381076,0.0837221564475301,0.111568536822575,0.13718564793081,0.125336806621967,0.119222291803798,0.135809399692253,0.135511723127796,-0.0443900530125521,0.0289935202140978,0.183439881660615,0.106488488375984,0.101955421370746,0.0207871234681752
treatment_avgSL20t30_t,-0.0504341236480912,-0.0949988637875889,-0.224788345127057,-0.0267369403668348,-0.125362583890686,-0.111035466432379,-0.0190013249992891,-0.021908655825475,-0.119723570416001,-0.0938786096635383,-0.212508582522182,-0.0473199502057504,-0.163426971090266,-0.137668890545626,-0.0470968193598728,-0.190312601990854,-0.0543375103172153,-0.139695652179347,-0.0460057083366734,0.0552110056033409,-0.0998191153416239,-0.0635322156870777,0.210385401096149,0.0748930820078685
treatment_avgSLm10t0_t,-0.0861164655402518,-0.0323061245751954,-0.0702641073978995,-0.0428615681621138,-0.0494088126544953,-0.140838257531325,0.150714094323084,0.0534773432845906,-0.112856759479384,-0.0252570615130929,-0.0597912911187577,0.0214374729715913,-0.0914507526359042,-0.127496131610796,0.0947709669747135,-0.0961757650063681,-0.0656425960063081,-0.110931618250232,0.164282933130101,0.098129706341647,-0.0530960319595209,-0.0817692663845206,0.385822327782949,-0.0832062459539787
treatment_avgSLm10t20,0.0112860866087612,0.0508935461457559,-0.115590326267996,-0.0560672330937028,0.0451485443376857,-0.0150188355718873,0.0823616805723697,0.220394994738315,-0.0159661295947639,0.064552929469037,-0.152496440720285,-0.028478247817061,-0.0211736045172094,-0.0194636550888565,0.0752136950517964,0.10237786378353,0.000526461644502817,-0.0349137729624697,-0.0173437540797702,0.0208074698009459,0.0381176766974647,-0.0162131195770165,0.115231693941372,0.0802965861352191
Redness_control,0.146499491296946,0.170289615744966,0.0449097344259115,0.0823928466025165,0.143575543809326,0.130996442692925,0.192147812998741,0.0911352681744729,0.184481694060368,0.183521729888238,0.141936812255107,0.0912809720221477,0.15890950751664,0.139016617323159,0.225220753749171,0.157132171168072,0.124972310070353,0.158759428124593,0.0787618296559002,0.0228634684384941,0.159675482333987,0.138182791670359,0.0620886851586276,0.0701932027711641
Redness_PEG,-0.102503212583792,-0.0677984954636911,-0.0927691608061847,-0.0912834886133286,-0.121322755749164,-0.0664730585516653,-0.037175231112932,-0.185551584005306,-0.0903479132673365,-0.0499948229446689,-0.112012400866799,-0.077318169567353,-0.0453744366941388,-0.0699665858750967,-0.0211250786986332,-0.155941124069237,-0.0711247782213901,-0.0834738897824036,0.00777394166532351,-0.053103089371127,-0.141761550657986,-0.0599715165025831,0.116173193517239,-0.14665430324236
AA_1,-0.208662139585731,-0.117224628849489,0.0198070544557639,-0.103228471929264,-0.160102695844199,-0.159046718179017,-0.168684306852822,-0.229860124238515,-0.151209732845853,-0.116478574781557,0.0578048269216241,-0.0765040109118666,-0.146369982318879,-0.153442700617926,-0.168468360989107,-0.146574959973358,-0.180385805508614,-0.147994862099893,0.0693947960319094,-0.0216931041155692,-0.158547941499926,-0.143537995696423,-0.39536859334058,-0.0220352204036928
AA_2,0.140188100482207,0.226733501151795,0.141273224615805,0.00898583426218418,0.142207841464732,0.0720258475499741,0.241563436122653,0.1194885408797,0.201322111608331,0.248678166691288,0.30246377773084,-0.0284275929800663,0.199206843214909,0.124272183613619,0.196988820131046,0.114475106061922,0.115967752549789,0.166004945771093,0.100161731759629,-0.146125998988837,0.141794154293571,0.117128698055715,-0.0475187016604611,0.0361003497835891
AGP_1,-0.182659745511912,-0.185195876240095,0.154680180287829,-0.0106932602778219,-0.151137168666962,-0.260021731500357,-0.16060187385567,-0.181701597140446,-0.205290119438429,-0.16960384109611,0.0140267194309182,-0.0124025688745258,-0.216654967928414,-0.248395257379409,-0.153635515283201,-0.228861768974702,-0.177505793282641,-0.248301393075358,0.129293601819593,0.0284890514596595,-0.165716925617084,-0.215807909182409,-0.181799391643746,-0.142857619426646
AGP_2,0.151697632828194,0.183238367840509,-0.0170550145848667,0.0656034263612503,0.130065042112226,0.0390541412582851,0.0876962077076286,0.141822661434988,0.158035090777497,0.185101220727997,0.0498194816431344,0.0478244447735612,0.143634042270435,0.0865667863970751,0.107080630416907,0.156378844705944,0.141585920214725,0.167353918592782,-0.013852419496637,-0.122152954563439,0.146961472334096,0.0803082007599176,0.147714943039442,0.0772607709873415
aINV_1,0.0640820019842432,0.106243591894751,0.025865052776371,-0.00214118012251576,0.0579464076738284,0.119052108209463,-0.0132551383453881,-0.00707652812872885,0.046783402883894,0.0797436060139668,0.107756804526644,0.056180732679264,0.0308370223646147,0.114896408103644,0.0365999880638067,0.0084406257797821,0.0495705501263452,0.0665900215938572,0.168931111896314,0.0812271644474648,0.0683877245428005,0.0391708346503348,-0.0598791502244269,0.0960807555264569
aINV_2,0.00876394176423233,0.0115439567936949,-0.151615792826455,-0.0419985669659514,-0.0686289038232709,0.0400708484816541,-0.0309958957324917,0.0960788254727978,-0.011210168200938,-0.0467898226272363,0.00114338017599223,-0.107523137553531,-0.0318187619756376,-0.000425584535848968,-0.0544900483858842,0.0355541790918831,-0.0146447179855531,0.0142724490886051,0.0556337466796059,-0.0429978355393032,-0.0773721034862925,-0.00306885698380592,-0.0927432858487949,-0.00510071528155777
ChlA_1,-0.0949758981459384,-0.051619564588153,0.0813037887247233,-0.00801166249620099,-0.0267385987442328,-0.139523306005076,0.00936405680081577,0.0232330786934369,-0.0678847825235826,-0.041582211136494,0.0267585920404803,0.0370410192317376,-0.0517773816933561,-0.106723508249547,-0.00200703803816621,0.054032842370844,-0.0654763311526358,-0.0584740756412573,0.0482573500641524,-0.00674095011500574,-0.0257277474939521,-0.07536161822723,0.0242628987728818,0.0742603388375674
ChlA_2,-0.101299839141426,-0.00627432360477154,0.0374208362384689,-0.0323182446430006,-0.0518184461760926,-0.125059491143853,0.0128530177738623,0.0616400155938571,-0.0437511730565396,0.0235044612047718,0.0334192798005429,-0.0198981667075473,-0.00853449464556383,-0.0806299032642992,-0.0043532800842857,0.0883374773304897,-0.0697568595512196,-0.0490916992073657,-0.0250283907473096,-0.141929134143282,-0.0615647554154114,-0.063629316044935,0.0505199557094922,0.0556984181104535
ChlB_1,0.169197616415612,0.141751829329652,0.122115738908781,0.0785039596197039,0.199409479179352,0.192165841615437,0.176007813362239,0.213122496257075,0.187834753069666,0.154294267107535,0.0681467739180762,0.103325821628021,0.189814191871058,0.206060765120673,0.170288244632804,0.156488496417018,0.157796689019236,0.174134690832337,0.0382467437877524,0.0491273544903512,0.197881888635222,0.165143504711855,0.0681243524840262,0.189857962243945
ChlB_2,-0.27683080533929,-0.197674862640206,-0.00598461912885208,-0.0750916615250546,-0.23240912264302,-0.265646286400374,-0.00279194694651271,-0.043092498950202,-0.209089666601128,-0.140220759839197,-0.108128326627836,-0.103282965243354,-0.175508424308178,-0.224158403678099,-0.0464125888880581,-0.0556045405858106,-0.221620174154334,-0.24037799535217,0.0336099560144759,-0.0848380236697314,-0.241380179766076,-0.206046893368297,0.155064860193591,0.0392107301975436
cPGI_1,-0.25963509380362,-0.194183614304636,-0.0819714265890496,-0.0887054742016569,-0.184579747864454,-0.276642233504853,-0.0952267094402945,-0.210854719075198,-0.248948933221917,-0.183402324411044,-0.0481623557520594,-0.0309770025571737,-0.223735481041348,-0.264904699557982,-0.126289161548629,-0.260697823730463,-0.206889621145189,-0.229091041519571,0.0511581704313046,-0.00602054926760668,-0.182967482241157,-0.209979296842673,-0.164365118447327,0.0154563565084767
cPGI_2,0.102060978861853,0.205919265140003,0.131311727203765,0.0479573094080257,0.141094564872599,0.143180742584574,0.260288377376203,0.086869207715051,0.178078345171859,0.240234525304525,0.130572047251318,0.122165867260802,0.223209959203413,0.202834686875448,0.244434341303705,0.101173753485603,0.127594148356864,0.202107775219543,-0.081232538844711,-0.0269790586539144,0.147987167476459,0.143048649927169,0.0318643390571336,-0.0383659229298097
FBP_1,0.0504956804069862,0.0638313418261107,0.0352465999352289,0.00472808035186791,0.053707271786226,0.0412043940427986,0.0959448258593929,0.16161327096929,0.0802890307500246,0.0997624629744107,0.0504992741257542,0.0509409591188275,0.0564925163452698,0.0678883791231668,0.109004978405061,0.115119800500569,0.0459773285480392,0.0347700014174703,-0.0291784072453371,-0.0612762041700492,0.0682158253831454,0.0324432550872566,0.0486580872498151,0.127357189616327
FBP_2,-0.0568555218952368,-0.0505296310668096,-0.220059504699629,0.0164436524718673,-0.0925451852993736,-0.0678802079439393,-0.0118831451273607,0.0197074550208204,-0.0673112805350465,-0.0427617469822443,-0.0128723366720089,0.007861297246484,-0.0638820876499503,-0.0727223953994395,-0.0147170241095412,-0.0245845556274159,-0.0280046614841065,-0.0518298309608026,-0.0335270019819273,-0.0230725090191017,-0.0752470277627415,-0.0274198060232761,0.201419423292576,0.225475409346276
FK_1,0.184144069716351,0.165530208878219,0.147413107919652,-0.0348326821398729,0.212249958149601,0.155651895183882,0.187797396068241,0.272050015896742,0.175356516779287,0.190833899676425,0.196429372387084,-0.0661365816076917,0.165920111621759,0.172951214176028,0.182802481335971,0.256577994706662,0.155837490810752,0.139931290764487,0.179203460335648,-0.153419931552862,0.216328422187635,0.12742341085437,0.147818979418464,0.203220745105594
FK_2,-0.050928273932116,-0.0138974461580825,0.146774450956343,-0.0580240723607704,-0.0434592422563241,-0.0428881989008826,-0.0756434299947546,-0.1047394196501,-0.0500692449765162,-0.00356920420166412,-0.0161424021165128,-0.13127111979923,-0.0482928375539293,-0.00294979892626544,-0.0572119810407,-0.078003764846558,-0.0278670194444357,-0.0443146719028451,0.084853192577137,-0.0982005267251903,-0.0298370937454416,-0.0580150946014942,-0.286549791165854,-0.0544845582415052
Fru_1,0.406954771633604,0.317239228568325,0.574698544008487,0.241540515294008,0.420563140071087,0.257277553321705,0.355406044207188,0.350121246722876,0.38886548459441,0.322684141305815,0.384006030575106,0.2084489289709,0.35630518410084,0.275209747025536,0.343993031101838,0.36980060666614,0.363270610691984,0.384898312573381,0.169458767896143,0.115593758686726,0.447750268280903,0.322064050051952,0.236713976860634,0.00857621496543809
Fru_2,-0.154221731275926,-0.139746106387597,0.168476827666367,-0.10906337453201,-0.143118812572098,-0.15910645641641,-0.00998975558265345,0.141707048560283,-0.133771139274728,-0.12997139894035,0.0920828062127754,-0.0980507017401584,-0.135201620823748,-0.162621829275072,-0.0724324695208685,0.0226237888169625,-0.106123030556265,-0.121514564052381,0.146789721991036,-0.135092839225457,-0.115827911917286,-0.0854980214014323,-0.0575875995224303,-0.104659474188605
Fum_1,-0.0793312316010565,-0.12316298529811,0.13071609394145,0.0821931627729656,-0.0434896928151412,-0.129132897823387,-0.0402485989590693,0.0056593230559244,-0.0708454897195151,-0.0898577727813107,0.00286188917778416,0.0329274768801867,-0.0826578542989087,-0.134790233563824,-0.0389630395536375,-0.054260450254607,-0.0790225673596379,-0.116326563862232,0.0557350104823925,0.103415001880155,-0.0488625423514555,-0.0843595310174689,0.0834812288812816,-0.0265115931152442
Fum_2,-0.0661023853858501,-0.0688347170855113,0.0288022629350612,0.0271143067979495,-0.0451599556497714,-0.106947084602816,-0.0865365210431601,-0.021433301409974,-0.0208133935022043,-0.0354554768386949,-0.0646597778520958,-0.00957725759327891,-0.0213128410419359,-0.11737054176698,-0.0769034950651289,-0.0464758055232503,-0.0636628263104361,-0.0630452847561514,-0.0511811069942836,-0.0305595253768004,-0.0543004375199846,-0.0285107366094291,-0.0969328692765509,-0.0284842274249759
FUMARASE_1,-0.277095195373775,-0.259191308586119,-0.0936670304778271,-0.159527705513841,-0.250823134983412,-0.308215479556544,-0.165462965946127,-0.210501709604393,-0.264461504908919,-0.243301433720274,-0.100823709608411,-0.176802324810168,-0.300270345449567,-0.282363034163514,-0.216850692563883,-0.217974849524085,-0.256716241106291,-0.293395904528988,0.10813466213984,-0.168494377672492,-0.230107775515657,-0.277570748493633,-0.000165473193120205,0.038618457594112
FUMARASE_2,-0.432045989626238,-0.411201626299375,-0.141674544224104,-0.17247364259117,-0.440935966976927,-0.413867458146969,-0.373682492492836,-0.343356276329093,-0.476118380422958,-0.444967920674445,-0.292097862280112,-0.23099794010999,-0.480285796071477,-0.460218106818024,-0.406112573522103,-0.372897141348691,-0.370612262410552,-0.434586687004468,-0.040305702647204,0.0140233768496873,-0.438848777600652,-0.371342033897329,-0.100091387379443,-0.0771462280893828
FW_1,0.258374637148973,0.222583198984074,0.064107825924629,0.133951040634841,0.265231161529826,0.278757492976999,0.24926051838829,0.249540829176857,0.250504276795151,0.200644886629737,0.147377705638742,0.137406156950952,0.277247389006506,0.280476710236789,0.22778051447157,0.167438918055262,0.236060583404635,0.284287986395814,0.0559276286850866,0.0491230926079422,0.249515840116493,0.232165759998773,0.296436515289062,0.0363842251668411
G6P_1,0.0832362607135584,0.169167642206226,0.243456729137083,-0.0200947159784413,0.13052562782366,0.115876846889649,0.145111475975988,-0.0295301503448928,0.1091076310615,0.148047801443627,0.246974703967441,0.0576682537477203,0.0861216905730025,0.118380941987357,0.116977132234817,-0.00876502330306064,0.084048069945605,0.138156048308322,0.266179314031446,0.0493218496312749,0.166609065133008,0.114006422859641,0.0010750205324293,0.0929088706779223
G6P_2,0.240007160319913,0.328908142943666,0.415316181798853,-0.0587175470880953,0.276644990125561,0.290608020548752,0.291859827760672,0.270654085781776,0.316444691990571,0.345230338433944,0.351196824189937,-0.0413557568119416,0.322964458648627,0.345813003302873,0.283434082190676,0.295775083093708,0.248237746935754,0.339714845094675,0.154124333295585,-0.183196262497284,0.319198417906309,0.273198492841514,0.256884549969259,0.0723788481923886
G6PDH_1,-0.143223057819347,-0.185660629904317,0.0355149816039312,-0.0364587764074255,-0.16933105570781,-0.213299869425488,-0.148965870923344,-0.237933894809312,-0.159727939831549,-0.172168684351809,-0.0240105473697241,-0.133816560538731,-0.187097776254211,-0.212986468953799,-0.184076507904611,-0.131210174604182,-0.151257564298888,-0.212131789906949,0.063784474317178,-0.111074465087485,-0.177075114965449,-0.166530151543704,-0.462242025422047,-0.0415745379248258
G6PDH_2,-0.0821131657950226,-0.0370925395644757,-0.128334898620925,-0.0755158715332706,-0.0390729870586294,-0.0240104094337331,-0.0462596064290985,-0.126575791291131,-0.061801924503857,-0.0374952821929643,0.0401452690584873,-0.034121629897305,-0.0399133408739678,-0.0175399702210316,-0.114372132571368,-0.1960242270251,-0.0597705548453255,-0.0428008695744602,0.209282599160097,-0.0520894834871519,-0.0542176513848186,-0.0403475586678819,-0.442691525556989,0.0591228245946998
GDH_2,-0.0800196817010258,-0.0458664127904097,0.00762198453048924,-0.091122640109093,-0.0642344328279756,-0.083012298800352,0.0282209558884184,-0.0657520769746779,-0.0436949081803563,-0.0221403089040064,-0.0836705776254918,-0.115023921478103,-0.0455778293119492,-0.0582609597548913,0.0147677690550736,-0.0302234574412436,-0.0573268490874625,-0.0592253440846499,-0.110149355379777,-0.165649047074775,-0.0495805340917578,-0.0548184467970019,-0.0263618012807466,0.0413154493975382
GK_1,0.1066773582696,0.0990698205777645,0.300146412790124,0.0454476543552147,0.116793170422442,0.0476649154896648,0.170535771028277,0.0424075837615591,0.0981485399527142,0.101522848309217,0.078331412548269,0.0974689503522848,0.090111393077616,0.0688659015753033,0.131416556596517,0.0712893535332152,0.0904697863435795,0.0900142985070587,0.204238869801049,0.0281342405747724,0.12269553968397,0.0637032178637013,0.199022100475288,0.0184105969536134
GK_2,0.160456510368814,0.179783577042474,-0.139697237971375,-0.0184598216672048,0.199214633403418,0.200088659861549,0.162440781387266,0.142011237146796,0.160538738334532,0.203607119011448,0.0326916156795123,0.0538298132384497,0.186155565470331,0.204057269607999,0.138783367762489,0.192023205340279,0.160935335757418,0.177575940059211,-0.0863807945827971,-0.0777692928285871,0.21242734141871,0.16316478882133,0.0476611747717561,0.176160187968601
Glc_1,0.215373746621159,0.173827170722754,0.33555319221066,0.20520182236141,0.252364127849891,0.134370603166417,0.27452973238121,0.300386764755217,0.225458518543378,0.187574355714822,0.248887131137582,0.221420421398464,0.222037300663497,0.148648068846543,0.280325848504056,0.306463377874858,0.193048193416255,0.211321160050341,0.142694230670997,0.172367551951658,0.26167766940417,0.182651862003536,0.20628690172021,0.00676479858440298
Glc_2,0.167530691602727,0.182628433361412,0.185108203894097,0.005223185749238,0.210973475901042,0.137282219581263,0.135074251639713,0.254767644899516,0.193084471911382,0.206768803260179,0.191544921551907,0.0206223426660246,0.232057540078565,0.163118151263327,0.155289857390662,0.234301194207132,0.186133648592334,0.206002423259099,0.042023983382076,-0.122950893795645,0.221262226015824,0.179257929177627,0.0299917733809482,-0.0944820102026004
iRub_1,-0.274761452583726,-0.228884515900055,0.0694419453137858,-0.0341344037630707,-0.220400357948356,-0.303586613680914,-0.089622867388728,-0.178960813590451,-0.283767453415396,-0.222276701423147,-0.0331904979680442,0.0199840807395906,-0.255560762916716,-0.295667364220889,-0.13234097924932,-0.24704482681016,-0.222679711270434,-0.266547560860693,0.0229909947082764,0.0479719274172923,-0.224857581292079,-0.229144126603898,-0.0989359758828104,-0.0671413306411285
iRub_2,-0.238286435424485,-0.199478027546922,-0.236327507952273,-0.100318681731986,-0.205948693543795,-0.175227704528938,-0.246598516179249,-0.16830071835199,-0.2089852309599,-0.196018235098856,-0.199231954862804,-0.0954837832086851,-0.196837466269963,-0.159808682865703,-0.241320596589974,-0.172892487211079,-0.215694458380341,-0.223489608794476,-0.171516588347605,-0.0247962168656187,-0.223357811780255,-0.204086915987966,-0.182142348566326,-0.0115590467724773
Mal_1,0.143692505278932,0.196721264414582,0.44346314699783,0.089409169759528,0.189401062364945,0.156687012365181,0.227744933957227,0.108941375841473,0.183546182591339,0.203624453945335,0.324484464104804,0.0955115906298789,0.17625465193556,0.144875060884211,0.26765089892337,0.17524554297682,0.140789050305903,0.198640749014375,0.294314807897022,0.00761775965327429,0.220447441775194,0.193285255968412,0.186850447414523,0.089247443539063
Mal_2,0.188125357933182,0.272090637248001,0.292367394021694,0.0210302761308394,0.226999286617328,0.166762276070015,0.31917752576633,0.147886665649123,0.269910220764959,0.319936172113574,0.243167667665757,0.0334010009390826,0.289272319656212,0.201816750362889,0.345902934041029,0.204830916220273,0.178690028970406,0.237939064143745,-0.00608163544423693,-0.148335990667559,0.230006060020157,0.223038048636748,0.203710308352503,0.120311365341961
MDH_2,-0.120599782345283,-0.0222098547351774,-0.0514950740198639,-0.199316016038258,-0.0956072712398939,-0.0889929303228034,-0.111109733825165,-0.0543499718870618,-0.109251650581843,-0.0185262224150981,-0.1640019345136,-0.201424829466491,-0.060647261879561,-0.0639985818044407,-0.119571427610749,-0.0595772074278112,-0.0589419390636147,-0.0443005746810327,-0.0593854012268619,-0.320524195620697,-0.0872423310419577,-0.0691118162454641,-0.11232624600489,0.0153774603676005
mRub_1,-0.13797268918431,-0.0569065850621406,0.171778668898288,0.0575006306269343,-0.0787103056136433,-0.134393314930171,0.0346513374234732,-0.00482165009613587,-0.141140222954515,-0.0584978970156949,0.109603886884883,0.138130300408784,-0.104606195859959,-0.130552105136751,-0.00731761900842846,-0.122338434459704,-0.084555406050048,-0.094313420714035,0.109338399375561,0.149441699306913,-0.0737491154753657,-0.0888803302615048,0.0393643210790253,-0.0459270674058232
mRub_2,-0.158880903696931,-0.14367536684725,-0.248758102154133,-0.0903409235554818,-0.149972275976659,-0.137583308601753,-0.180587697668734,-0.125039991757692,-0.170794211889705,-0.128241641471798,-0.180041002644125,-0.0642692319747243,-0.152864737264021,-0.138327649532084,-0.178326910351563,-0.169888428842646,-0.127533744788303,-0.172756625135671,-0.102553002573479,-0.0319196456534003,-0.154335032676949,-0.136992319654203,-0.143395934033553,0.13148812711028
nINV_1,0.0337269275045241,0.0646598805924209,0.20759770424016,0.089243105489634,0.0370142760129827,0.00159608365536941,0.0646052942557381,-0.046580494030899,0.0375425247291246,0.0653930141489933,0.20631250943336,0.0959055607994814,0.0291735267616273,0.0310685204487107,0.0740911750382826,-0.0117082063325289,0.0182602306497834,0.017619074104818,0.0798508507427913,0.132022204464627,0.0283002793176528,-0.00782533834464502,-0.0288460348633382,0.0355193573300746
nINV_2,0.134156421473989,0.189892234187236,0.0417248854820383,-0.0753505170063128,0.105032177226781,0.183170871718199,0.0591621360364366,0.240234399563419,0.152312435917365,0.19229491740065,0.0780339939754589,-0.0567034701765325,0.154049155094579,0.221367592087522,0.0896502272186152,0.253531034837322,0.143508061451182,0.185581839323557,-0.0835625464714823,-0.206633053618517,0.137795360241554,0.121869405624513,-0.0139283152032288,0.0560623723130194
NO3_1,-0.116685489917488,-0.0934253398731735,-0.427461469898165,-0.176261035753826,-0.115511196986552,-0.0824427869803332,-0.129769176484659,0.0377680736015046,-0.119824186025319,-0.128006824242221,-0.182225384537807,-0.17899029711934,-0.0894613771754287,-0.0729329255057327,-0.159377612748994,-0.01988134514231,-0.0933753108575259,-0.0673496131879064,-0.228436765765575,-0.168900360436501,-0.131949592554123,-0.116865665253965,-0.214003937464175,0.053200864423739
NO3_2,-0.00506910917301273,0.0027333250412481,-0.107646784299622,-0.0648302128861566,-0.0625660783073179,-0.0143200069244599,-0.0159177509211308,0.060330895771753,-0.0522916550716613,-0.0420624611684413,-0.00232442968693604,-0.0973269263288019,-0.0641242175853688,-0.00621056187465412,-0.0581514224946273,0.0145076106871412,-0.0116401037234731,-0.00917529895728503,0.0630995523583022,-0.0686019529909549,-0.053398983579454,-0.0489410319960586,-0.0948021666259875,-0.0942397141530568
NRVm_1,-0.29929041903109,-0.228354979440545,-0.0665727296293567,-0.157534825567604,-0.250474275081989,-0.279111474319729,-0.205697018951305,-0.257333471737588,-0.29434469243429,-0.228525275791311,-0.114923778979401,-0.165263107681111,-0.285981133476434,-0.29579514193878,-0.239116932865766,-0.309400366934441,-0.251391675860931,-0.279520618837089,0.0419612526117641,-0.0822059877053604,-0.244031620391355,-0.230731369016418,-0.20340190141549,0.0197002165501452
NRVm_2,-0.194183502353347,-0.12934062690176,-0.217664547277544,-0.102966879938791,-0.205252374649316,-0.174185770042323,-0.163794491202766,-0.149734394991094,-0.217000624801515,-0.184668317912569,-0.169053605488817,-0.144258811217095,-0.228651647155781,-0.162505606891175,-0.192302435609851,-0.155405321602224,-0.163116034947755,-0.147549273207472,0.0194941472735438,-0.0240510478714887,-0.183359885996134,-0.184457189068362,0.114553688692963,0.0762272461035167
NRVs_1,-0.295639744627106,-0.230086871247228,-0.101635062550889,-0.121603369427992,-0.274197840481771,-0.297442366886199,-0.21231627664338,-0.301471675984306,-0.275538850027926,-0.231920703946493,-0.127135596041731,-0.0991578305711215,-0.291796669345207,-0.300430816714519,-0.228697899057781,-0.285315785653323,-0.265537862879037,-0.279019923860492,0.00203135747077389,-0.038419322230177,-0.266959713640666,-0.250816310065,-0.238115873211766,-0.0226192591489778
NRVs_2,0.0202397575866086,0.0910193293289903,-0.0122071847561079,-0.0490921306596702,0.00531045216269359,0.0465117512756746,0.0242649884008587,-0.000408599643678284,0.0415830675216491,0.0684845959729862,0.012122343470273,-0.0477648633432378,0.0263866163779514,0.0675968490361879,-0.0164236990563598,-0.00454039831907674,0.0217347777349072,0.0742553067896079,0.0866856725263997,-0.0234319294832583,0.0305513837488921,0.0351832713368075,0.190608920557701,-0.00966466170599071
PEPC_2,-0.0390988726853657,0.0359144372097585,-0.0756854419439996,0.0791730713834862,-0.0338505715148932,-0.0210273002544181,0.00977584127141787,-0.00542156946849015,-0.0110849559141105,0.00570702946320023,-0.0550886669836171,0.0798326715914161,-0.0132717612232457,-0.0238530268354401,0.00857096511840458,0.0550068227657943,-0.00322685349875369,0.0668590940378112,-0.0313992996088485,0.0453558910998327,0.00539146498312949,0.0117713457475278,0.230999473626074,-0.00302392832623898
PGM_1,-0.209836099794008,-0.172187317260445,0.0460052323285228,-0.0444575822527334,-0.180179343869498,-0.257682287295082,-0.0247629081022712,-0.197135220015582,-0.239200482757844,-0.187419064193263,0.0158687281502537,-0.0400742412699965,-0.243501768610525,-0.255965794128782,-0.100586054814992,-0.247772595556018,-0.178483324132747,-0.21883199923201,0.10399610346766,0.0649620335977633,-0.171646327781018,-0.205010441094888,-0.0484386287101379,-0.025502603029828
PGM_2,-0.00222844450355912,0.0950469575439091,-0.134674547901277,-0.0719411545126884,0.0375123058564271,-0.000898677729044994,0.0889691908894808,0.149053965042491,0.0359191658613868,0.087042061486173,-0.00682924784138866,-0.162013375699396,0.077659419542642,0.0560984479447927,0.0515579338068635,0.186415415294747,0.0293928471759736,0.0925751753094079,-0.201096030129575,-0.236210190995749,0.0426417597718098,0.0118032006931791,0.0618396371741354,0.081409869298004
pPGI_1,-0.164212210375514,-0.168957650727789,0.109474367822828,-0.0394842263304795,-0.176982909335677,-0.214100793571718,-0.0632557219914046,-0.129015564393033,-0.204130972557622,-0.162023915789947,-0.0206123647312111,-0.0685040517467732,-0.221859491034712,-0.199092786510692,-0.0810285363640909,-0.155230397467788,-0.140205787635715,-0.217876471729057,0.130675377176192,0.0274688334560963,-0.167108182075254,-0.199415670466846,0.000494064121411462,-0.0627901185912584
pPGI_2,-0.121722157630286,-0.149955159111436,-0.185945736607035,-0.153957599170321,-0.0886723919113829,-0.0797845514288179,-0.178320192461786,-0.0353768988200618,-0.140869869624778,-0.178975478518683,-0.121611045919825,-0.226185756551608,-0.135684350000643,-0.0859729823126597,-0.178883442148154,-0.0231690309741992,-0.0903493408709386,-0.0949296974737932,-0.0413795895555755,-0.234975944058491,-0.0790849861500243,-0.108332088739397,-0.0552809739110928,0.135605666802068
Prot_1,-0.188728370203644,-0.111488215162889,-0.0835763587064573,-0.0986780786080147,-0.177837308536826,-0.186950628723288,-0.102657368921977,-0.0939814764981037,-0.177427986448754,-0.120503648593534,-0.0368096103537183,-0.0639041215969783,-0.159791245208815,-0.175499147982967,-0.10214595088058,-0.0491852824111358,-0.148301488003538,-0.149001363881723,0.00605274504436229,-0.105972332594914,-0.17226666108808,-0.152003061712427,-0.153667839442044,-0.0134442115257304
Prot_2,-0.0631564314471887,0.0574702656612828,0.0436897101215016,-0.0931376165780425,-0.0282209258219884,-0.108628869231777,0.0206217654141757,-0.0212425255603863,-0.00457760757084335,0.0597177837417987,0.0535750380042706,-0.0672131477239479,-0.0122016748690817,-0.0597236531533875,-0.0107134020101097,-0.00953207026799635,-0.0602896414731568,-0.0189898210429352,0.0796465447797728,-0.159355705152903,-0.0275685998056996,-0.0510389222637741,-0.0557513072356808,0.0268383581931896
SKDH_2,0.12028380876233,0.204874536343092,-0.0110696025487136,0.100162426864041,0.209045542799978,0.282722405110987,0.178709467210347,0.108333105878124,0.168773603518637,0.210129177899462,0.114641801117708,0.0828266492152666,0.229560197082287,0.259808918931976,0.186212380214931,0.157678604373153,0.148541881464359,0.218797977614495,-0.0792943123702613,-0.013481106099811,0.202525446016843,0.214392855406852,0.0644339673353478,0.220066808799881
SPS_1,-0.188645885366421,-0.0832349348244117,0.133139866835076,0.0934525179847393,-0.188719520891935,-0.250697197008996,-0.0176027579417854,-0.0997266977544296,-0.160051685694148,-0.118545854458113,0.121036865752817,0.223201152258186,-0.174765243472901,-0.190661736996094,-0.0231329405014211,-0.104628930453763,-0.173430811855316,-0.14088911478167,0.0869823558490653,0.214077250684085,-0.186214948729168,-0.19774120166635,0.141002672050949,-0.0131325183432307
SPS_2,-0.0270104190859774,-0.000500984512703784,0.0265803795795967,-0.137173298676982,-0.00969335494724819,-0.0615301249154374,-0.00820101120882585,0.10583986495594,-0.0288703825914179,-0.0278735132014785,-0.0307438498545461,-0.0742323152770403,-0.0211004668362346,-0.033518993530755,-0.0498132925593601,0.0845263289948525,-0.00143132794179926,0.0404629783982181,-0.00245427100900557,-0.185247063719385,0.0109250591937535,-0.0236390444446007,0.162889424463988,0.0118274896637661
starch_1,-0.0201293884108495,-0.0373561771177228,0.0961302738128783,0.0283813649011194,0.03708741598704,-0.040422049082137,-0.0860815769603547,-0.194586119748387,-0.0131884843340947,0.00679145024725277,0.0701589489690611,0.0218151716401788,0.000251618120838019,-0.068487235275364,0.00559594433448933,-0.0953878047089751,-0.0212271971461492,-0.0571159102820309,-0.011688726402575,0.0913763664500694,0.0245738538653605,-0.00305837305762617,-0.234035664560805,0.0467633796953231
starch_2,0.16189955462267,0.177226812798891,0.111293496899569,0.0438194968272268,0.198732909656228,0.122321740224918,0.164261617537523,0.217306356671797,0.223056878262828,0.24271387777642,0.157482881883009,0.0506979548625701,0.238546463535368,0.155060685109251,0.216343269583741,0.198422076140009,0.150865794754711,0.165085117254748,-0.0564833006190627,-0.106025107500292,0.193624390520629,0.161141052529186,0.124238488279525,0.0815026012552226
Suc_1,-0.137195392046523,-0.0861528242513429,0.0998643218001713,0.0213144774315407,-0.143301116902791,-0.13020615159442,-0.0343399281815909,-0.171460399555196,-0.123495027849392,-0.0870464355230974,0.103225695340376,0.104468888578432,-0.145030542388629,-0.141917339591026,-0.0621167800115691,-0.132198840272252,-0.111683507953995,-0.111981687868889,0.210451818015275,0.136399786104111,-0.111741488589756,-0.0915047865072301,-0.183230076911893,-0.00456006942912748
Suc_2,0.182689362775307,0.217717458469619,0.107642095527686,0.00247616390706975,0.207821546325589,0.151901733152554,0.125994087107165,0.102856855604597,0.22583342260306,0.231712393299344,0.202303477064624,0.118862928901387,0.221378071995659,0.184707763156921,0.155470579212867,0.16711956615612,0.154681678204509,0.202975999636276,0.0321367581565957,-0.0328178105758271,0.207242060841788,0.163733525204906,0.00641231347582258,0.126788968695774
TK_2,-0.0327817541060947,0.0119772028893879,-0.0574480036154249,-0.0831559446679933,-0.0149378434515574,-0.0233158981944374,0.026249453375609,0.109719340056614,-0.00257671608878936,0.00206779233746711,-0.0474760037710104,-0.11591654759135,0.0133133880240198,0.0258406950816635,0.00796199392547424,0.157449411731792,-0.00342866427658037,0.0377492648682325,-0.119368481635664,-0.211184804419243,-0.00497538691991609,-0.0350409494591659,0.0621679721371407,0.0433388517719982
tPGI_1,-0.250063036657471,-0.230218809325588,0.00215690947872378,-0.106620804461663,-0.213662578969133,-0.309605257709621,-0.121578671609758,-0.26707027602722,-0.267809360335256,-0.222628628698923,-0.0559036159118914,-0.099400432333508,-0.272455930563703,-0.301801520951044,-0.148402627253873,-0.281585100111426,-0.211220732367195,-0.272357903358203,0.101130331484449,-0.0372635002271511,-0.207678437979718,-0.244946379045345,-0.125911427563721,-0.0727596195623865
tPGI_2,0.0170242288808359,0.10097790917928,0.0774502097523959,-0.0458198840574,0.0598359577474745,0.0503050366177212,0.115441016620425,0.0544253924987489,0.0735921965627609,0.120903868388014,0.0450258441734022,0.0052311039451289,0.114527193332802,0.110927340188061,0.109067246626145,0.0647330178166394,0.0663520163128965,0.126980025748866,-0.0713865655814977,-0.128238566610007,0.0818119743080786,0.0570774827397156,-0.00110442515762304,0.0504698696125243
TPI_2,-0.0525493753168901,0.0318181509890661,0.0294524990349884,-0.125726197287268,0.0188778077539981,-0.0396796827487787,0.0141137931920156,0.0513082583888783,-0.0107171970232079,0.0447212461599716,0.0436411298255794,-0.146265706175043,0.0287860469055684,-0.0124279678656345,-0.0161103321022988,0.0399615321626999,-0.0179061844790123,0.0163412948456686,0.0316900822889216,-0.229891738801218,0.0202599295672193,-0.00314824206529347,-0.00713415584848263,0.223117485022813
UGP_1,0.0349612544869794,-0.00840698421373315,0.238739858572474,0.026103678108012,0.0656330421341834,-0.0387587476857531,0.0378484443375826,-0.137565866102578,0.0312209790337611,0.0326278952882412,0.0992010229941852,-0.0268120929895741,0.0194178123600819,-0.0358618665261973,0.0497396152343914,-0.0370336574495873,0.00931152554355305,-0.0367835638478557,0.0458555178874651,-0.067782779173009,0.0482973622289126,-0.00988443440495634,-0.116984438747831,-0.128554669057823
UGP_2,0.249342877634718,0.290489991969411,0.183563268868672,0.0849159908393763,0.257709812455286,0.218391808508505,0.279660945211785,0.226405468882663,0.287397051507131,0.314535584379507,0.20188011644089,0.00400392655386253,0.322691727100249,0.217252606549935,0.284887137367753,0.286575056351418,0.232140619901776,0.279361118607582,-0.0226751827920102,-0.159672850730093,0.24512889282943,0.261919690435729,0.136936620942944,0.0556945312598571
FT.1,0.0485622929384683,0.0869112918722209,0.10535359391015,-0.0088408531299245,0.050701467175977,0.0634127133348969,0.20447704859033,0.0676502392845334,0.116775441177161,0.149463531957661,0.207490794766011,-0.0737585252139962,0.156094274835664,0.0988132540410615,0.197138406085737,0.0925347881756982,0.0694522313479473,0.0879142096936732,-0.075734886001172,-0.189945560336033,0.0488644816116451,0.0746060140694185,0.186313516930982,0.129691692437417
LL,0.198335142586295,0.214382693004255,0.134492782118742,-0.0537441332912418,0.234856162535872,0.185110775320293,0.192017442846908,0.132343243475312,0.236842609690336,0.235768425961605,0.217060471212772,-0.0735247546717045,0.2602360511827,0.186522792936756,0.215083432615851,0.0961593458591867,0.183835454260306,0.217715362240675,0.0608138904217409,-0.176459343652999,0.225144392835528,0.200856468467161,-0.0118555245470198,0.222196048206227
MSB,0.10115490796415,0.100405992427341,0.158275269696557,-0.0614442233129343,0.119273851824261,0.0762781539966393,0.209964161061233,0.0693896782975081,0.116689676173177,0.129494092238086,0.145732719055813,-0.188989849709126,0.138658285892575,0.0684815381642709,0.159714956864417,0.0747784834576746,0.105579445162742,0.119538591707948,0.103568870847846,-0.323887975270494,0.124776454501821,0.113241200327602,0.190187202435065,0.148132219718167
PH1S,0.289578062024169,0.204556279579848,0.325597788514482,0.0698831521968043,0.285024411979532,0.201553782709477,0.16618635818791,0.137486089865258,0.221841721739003,0.178592478066473,0.283641799894424,0.055915802983145,0.189555320330322,0.131701166234465,0.146855375027351,0.0743106117199715,0.235054561821718,0.224537305283315,0.316432848659271,-0.017452740410667,0.292495001749953,0.246328268335033,0.018286035807326,0.0794676024448493
PL_div_LL,0.247188218441829,0.259211112334788,0.132144659325635,0.0953570755961474,0.210147054901048,0.255020278506491,0.219915984086354,0.12973333324147,0.252322108615873,0.244074394740944,0.196136171348851,0.0724039172211268,0.273058031878237,0.244920439007978,0.246514511515984,0.177246769779673,0.244820855684572,0.302747537519218,0.0310591034904556,-0.0342279754669163,0.224481538935662,0.254485656441095,0.126095006054047,-0.0953293129845138
PL,0.218443329881591,0.248073520632286,0.125396517881759,0.0115945157375362,0.219125149680193,0.22879438141806,0.206157473876847,0.130025945695739,0.247538075107718,0.24930859879745,0.210642342145969,-0.0144858697868245,0.276534052594744,0.222721942485036,0.235244395757005,0.13087445834623,0.216510546068364,0.271512090368559,0.0570744814222924,-0.128049677176232,0.222161864565588,0.236125874085628,0.0590066225908252,0.0583213419869624
RB,0.0297282326132907,0.0010949247816857,-0.0227458956788849,-0.0146055969797924,0.0425544227878845,0.0304033885390085,-0.15801783843675,0.0573313145605409,-0.0020434997640805,-0.0507338970270263,-0.0201080382603847,0.0315935431518739,-0.0315686307745074,0.00156992960535817,-0.133049219523071,-0.014245309660258,0.00370022592659653,0.0242335191161653,0.0148957329090753,0.112421018575801,0.0398336105653824,0.00227623308673828,-0.099975174374006,0.0678668754967618
RGRav,0.0757167446857521,0.0335607197107308,-0.0347719141457668,0.0107531885447073,0.0707439278813972,0.0386478912631785,0.00182793513266948,0.103013055333001,0.0476686684270977,0.0175619428799459,-0.0701611665074988,0.0972965801579191,0.0149016432304987,0.0309733564386404,0.00171188296819941,0.0750585567303437,0.049979003155213,0.0341802641528277,-0.00213749680246949,0.134289765656118,0.0781820907131608,0.0276117615906055,-0.0328573794514375,0.233904597989969
RGRbv,-0.720489888136549,-0.723181219448947,-0.387408861251571,-0.300899941898797,-0.746058999065349,-0.704731006382437,-0.667156074630352,-0.442269377696456,-0.749241789794836,-0.738223765937107,-0.518573546765143,-0.301061885250443,-0.750267117261352,-0.726279681586109,-0.675298498334023,-0.568556885572698,-0.628186089827637,-0.731189347929703,0.0102871403440851,-0.06427414496182,-0.741677912134192,-0.636216136529673,-0.26262944342509,-0.0976350114354303
TPH,0.447317321129957,0.406192820258732,0.275545912145165,0.22686383430047,0.394737213258798,0.392670725569332,0.404885163117018,0.249683552064794,0.430182798027718,0.392100232166577,0.383061574577781,0.242940277431199,0.412526766536961,0.38039869263374,0.396633742326996,0.239560102742097,0.390997612697445,0.432198460052182,0.216513507243193,0.0948505400691424,0.403115083490805,0.38541289851542,0.112108235209761,0.0402586873548127
days_after_dark_treatment_2,0.100604910112917,0.201412090253673,0.127254855987165,0.0493528386561823,0.13705210409457,0.17634067815927,0.165077828351353,0.102909903021845,0.183877991855276,0.173798609282914,0.139836186149846,0.0560023157848177,0.21302532407088,0.194030105143964,0.138657683131094,0.175156115000627,0.0937846742780043,0.227525349657087,-0.0793593631807564,-0.050846106349251,0.123286368485939,0.14794139347441,0.0294792562805472,-0.0738369964325976
days_after_dark_treatment_3,0.0660769208695857,0.168375830906141,0.0250788871449351,0.0337511322528877,0.115384378204988,0.14123137890485,0.137030187569319,0.107536661034446,0.142101211959182,0.141376122829178,0.0546711619398667,0.0338712310637245,0.183017927567241,0.15902916437651,0.106314898311344,0.167345195504237,0.0635670012941055,0.185820646169145,-0.156944775420622,-0.0490834610700209,0.0908004781038462,0.109861081040854,0.0182744602782351,-0.0167454306648066
days_after_dark_treatment_4,0.105087575799585,0.189427760949254,-0.0287958398535413,0.0405246971535427,0.124238055461204,0.141766812072733,0.166427580332778,0.149908448979398,0.157196696028929,0.171349065486628,0.0231470934474035,0.0378484769209456,0.194932542323795,0.17095859238457,0.136621416067028,0.194573459698839,0.0948616106301054,0.18950109907615,-0.18705817308137,-0.0538225816215968,0.100216794694251,0.107581875412203,0.075234081264894,0.0226714573670667
days_after_dark_treatment_5,0.175158913318676,0.244184678838926,-0.0293956206499522,0.0865521051651557,0.166610102480871,0.178687286052387,0.217342460451267,0.201751261722359,0.207191185823472,0.237644800491287,0.0393931939626732,0.0851996188192796,0.240802218559648,0.216770192384838,0.192202351929327,0.236285196059656,0.158137809937385,0.230055121423348,-0.210633448801919,-0.0234864925115864,0.149641675864842,0.146051652472333,0.157119475074758,0.0605740570451306
days_after_dark_treatment_6,0.216516138215453,0.281005122731583,-0.0396365314348681,0.133891810771773,0.1905881636592,0.203077814272087,0.248557494538174,0.211686849342803,0.240736594413615,0.279525504576777,0.0460171494118232,0.122672669205588,0.274734878836878,0.246828171735809,0.224410304946579,0.241419109934441,0.196315147757131,0.257386769367411,-0.252378286753402,0.0128259146194459,0.176444172261644,0.175321090442949,0.175655366867798,0.10779987850706
days_after_dark_treatment_7,0.159743050469036,0.191155756827046,-0.117107824937673,0.157194735808492,0.128675043944864,0.138610414064112,0.15373780189765,0.0917081561774652,0.172952564337794,0.198326394063008,-0.0571439165303883,0.10016715796327,0.198001592168902,0.162699594468817,0.146812556934666,0.133992970618174,0.140613717895501,0.169177707360359,-0.357866768214243,0.0805723461622824,0.112667739063799,0.129654879937698,0.0800931912437359,0.0812761410657409
Alllyl_2008,0.817412705057284,0.787376395932723,0.490964005912869,1.00081297392103,0.785846640339723,0.870429672805785,0.853988607073531,0.733911729675356,0.836196078987148,0.870909021425999,0.548585718876303,0.922332990136211,0.811429285564234,0.911223656063259,0.934158430507208,0.714470467075867,0.730275917963056,0.756419628976892,-0.332779792465751,0.565305024848693,0.823477724176349,0.708080776312607,0.646533553059828,0.242005013659901
But_3_enyl_2008,0.888943750716946,1.09015808277846,0.769822612577336,1.02911555961021,0.947348765817596,0.855902513963825,0.722733492391101,0.919989281986521,0.999724516492883,1.05482459057478,1.10701045344633,0.99123984964437,0.925434101373824,0.946956963517295,0.742879687049031,1.23941158569672,0.757209754487441,0.984797098672921,0.351880313961174,0.508534207477719,0.994044225895932,0.762436035630025,0.656111858873079,0.455884552583392
Indol_3_ylmethyl_2008,0.436166072330882,0.437862476987322,0.315051148873634,0.0416920653067444,0.39133397443417,0.161680172928542,0.245627454327956,0.127429948012062,0.363157796188751,0.47051876113687,0.412421985331052,0.0433367320150763,0.30420813552204,0.109285442656894,0.24982003264174,0.119227780794073,0.361930047642973,0.290105831012755,0.198490061547538,-0.0678133624423864,0.434093145625937,0.438531771414559,0.633091420346249,0.364852428905232
N_methoxy_indol_3_ylmethyl_2008,-0.670480909565754,-0.737042358355358,-0.33019955786189,-0.39988576285264,-0.644729980461053,-0.670714777427903,-0.583396707431158,-0.507552157395159,-0.738260705771513,-0.597204233096398,-0.32674549953425,-0.374725265700683,-0.749068370940417,-0.747937114813426,-0.54180927236967,-0.546603264710267,-0.565845823754346,-0.857886842648463,0.153596586470383,-0.14317909088729,-0.610226909951432,-0.558854390349835,-0.069210381825079,0.104681500559155
Pent_4_enyl_2008,0.839946047613235,1.01214908606602,0.674953503718662,0.833876080780514,0.909504700265164,0.857152127595651,0.668037010708656,0.886100259744507,0.938345642916844,1.02637494499314,1.06308539667661,0.80579551555554,0.888725223196109,0.933999425278499,0.700065882498766,1.14638149634109,0.738450696152574,0.900122212166816,0.39647910908263,0.308200430725666,0.958287745177855,0.743891906560471,0.779885890786801,0.432586781820609
Ratio_of_C3_methylthio_to_total_C3_2008,0.295656556217474,0.268126466528744,0.178144609407626,-0.0432344645624976,0.439151793396517,0.683389459554665,0.425241849491937,0.148674064701448,0.33597408271003,0.226057488635786,0.265517053113448,-0.0294261241493425,0.459579585671235,0.515091967565692,0.471796314644912,0.26074566861807,0.332444946570457,0.52165977545575,0.189219253605804,-0.235514285851367,0.405359858622387,0.469771510566951,0.356874924569268,0.144894212944936
Ratio_of_C3_to_SC_Aliphatic_2008,-0.0709977799292509,-0.0488384795892319,-0.0783165267742022,0.243344344983069,-0.15209953591642,-0.00820866268027201,-0.0396866396885013,0.0438071394192621,-0.092918795742578,-0.00205303480484873,-0.121494260885996,0.226989374018421,-0.118619216244418,-0.0542830105416597,-0.00704886016292869,-0.16661082248478,-0.064833655339605,-0.172693427440884,-0.211446078055373,0.199306333263131,-0.132992115766567,-0.0187073668249874,0.626913975899939,-0.0872784463814102
Ratio_of_C4_methylthio_to_total_C4_2008,0.295042115740064,0.216369319923251,0.204993406119954,-0.187706440188565,0.442850577897595,0.766397382276674,0.389624902065866,0.0969817947292234,0.357068503565168,0.165666180135171,0.306103052709551,-0.18010730910981,0.503901638807919,0.552013998069535,0.43678386616492,0.26763601149478,0.338173451787159,0.575025803148836,0.289568018231962,-0.425370981336071,0.39560555795947,0.520988261589153,0.139261232513549,0.048975380266267
Ratio_of_C7_methylthio_to_total_C7_2008,0.714546109966357,0.69675420735518,0.515184602914403,0.277863418167646,0.79118216389771,0.71785167939512,0.726100932405584,0.462850719195309,0.716974974357018,0.729687917803111,0.623136202278908,0.367507338382159,0.749827077422982,0.723849813763944,0.768147021554527,0.589556893872751,0.659865460360947,0.744280910542169,0.207433750682969,0.105060051013483,0.798411183018119,0.637962276749821,0.2882470690959,0.302594256685441
Ratio_of_C7_to_LC_Aliphatic_2008,1.16638245126606,1.15780903003974,0.712820410414522,0.315850910607035,1.2922658076605,1.03925614477713,1.22591951843964,0.71006142970053,1.15527118464753,1.16482838996813,0.819749254476108,0.455773557668215,1.20564186228145,1.13406972571341,1.25065400980047,0.903474481387855,1.06480751186546,1.23340973597624,0.311813890101205,0.168602732179991,1.29452298236785,0.957161908728957,0.387242090670282,0.494932503689967
Ratio_of_C8_methylthio_to_total_C8_2008,0.0487096850768102,0.103141017958297,-0.127427140633738,0.0411751275360604,0.0413559478901297,0.373085126615734,0.0398306813520664,0.251345309619622,0.109306383262548,0.120507485411686,-0.0605138163989169,0.0929050182004838,0.121780043154755,0.288723366722179,0.0797037371892719,0.133707032425728,0.0767188825645204,0.121512804465718,0.166917511493733,-0.0583212637071408,0.0621387575018274,0.185229633312131,0.523266555220514,-0.125200792728849
Ratio_of_NMOI3M_to_TIND_2008,0.262073752367435,0.329824270636776,0.0737855868402837,0.0973997130179112,0.337266351872205,0.395021172431426,0.134052411007726,0.30432524026102,0.304360562929226,0.256419265554663,0.068160298931243,0.169411681707423,0.341211549149186,0.35472071779861,0.140698555896594,0.329549174407931,0.241581758233303,0.410127651207611,-0.156346350436118,0.0207198468119978,0.310475690000103,0.280557022440052,-0.510898934237559,0.00620926073501946
Ratio_of_TOH4_to_TIND_2008,0.2915803797615,0.357897208548611,0.104897387725089,0.090853640234819,0.355721221763261,0.410271660164045,0.141417664745137,0.314710198356069,0.333166748890008,0.288218412055335,0.101352209414761,0.161898746203504,0.365159861615258,0.368873242118952,0.147953428543418,0.352033615579204,0.26512502807811,0.431514487596954,-0.133385833221956,0.000178396148853544,0.33125419813034,0.307219776843143,-0.563303979922772,-0.0257627115411287
Total_Alkenyl_Aliphatic_2008,1.56204981278035,1.61491072014007,1.00978354700291,1.43537416020742,1.57536139840856,1.44825520631377,1.47200623011819,1.32072838421678,1.60739173878493,1.69242819483045,1.25764607297616,1.38820976579279,1.54751022024236,1.59659737734596,1.56096064422725,1.48284678916938,1.37616800248672,1.51962330013844,-0.0684199252600106,0.773314768642529,1.64023535282052,1.27924172938636,0.915609875903957,0.599761000201921
Total_C3_Aliphatic_2008,0.471380254660533,0.446481426468682,0.283856133230525,0.759500513017755,0.416384991580037,0.47925210218929,0.47792924375431,0.402873097151075,0.460902507770906,0.509466348688143,0.305930637661373,0.642940565012846,0.423745753463854,0.465679574112964,0.541676649275914,0.339164671788646,0.409866534211599,0.377997675721712,-0.342752212781889,0.415133005873235,0.44956832639021,0.437500869669414,0.622107924479298,0.19746280952991
Total_C3_and_C4_Aliphatic_2008,1.45794241704033,1.50220822298342,0.979147105552354,1.30629736253874,1.47605597368599,1.37581290625055,1.32557688882897,1.16162229746652,1.49854677914574,1.55630785330644,1.24818379718113,1.21373508399009,1.44593799573631,1.44654261132436,1.41446349857372,1.35998539146601,1.28161022439819,1.4403445108303,0.00404848708766966,0.601151855838655,1.53420647416609,1.26125444568554,0.927802927708502,0.609598786915387
Total_C4_Aliphatic_2008,1.13054906921507,1.20924097209476,0.796169680609795,0.630935942288861,1.21349422325981,1.02805894282488,0.972006116729593,0.869810521173215,1.18877301189928,1.19967058825368,1.07821418907866,0.657372725675253,1.17085504164152,1.12410748306833,1.00127680448503,1.16817844288604,0.998927720885252,1.21622937828531,0.392530527631091,0.215863643866046,1.24225157652196,0.944485021400949,0.354652663739364,0.471965980084221
Total_C5_Aliphatic_2008,-1.18097061938735,-1.15292931847966,-0.722815741436216,-0.501186330475514,-1.16990992123501,-1.12601265477087,-1.00045375416061,-0.800716226466561,-1.20545550775932,-1.18355530129428,-0.877975689733921,-0.572543043922858,-1.20421098942862,-1.16197516325088,-1.04805226090809,-0.874968397344619,-1.04450823328222,-1.18972444509026,-0.188802493120459,-0.0904051134082053,-1.18348113506681,-1.0364349223478,-0.45787407351821,-0.206440316130318
Total_C7_Aliphatic_2008,1.18928542670023,1.14281314198139,0.736358075493152,0.394948012045773,1.20559995047731,0.798420900929231,1.12330594892206,0.661841051099173,1.13542637993259,1.16503367953301,0.776651972323859,0.487321717277332,1.10894404441986,0.955177583557894,1.1533235234673,0.820025141119034,1.04057966787984,1.13335639460444,0.193035830119986,0.326486625605256,1.23512581425551,0.851783573579709,0.102674201852073,0.489976422222269
Total_C7_and_C8_Aliphatic_2008,2.2070792023024,2.12645607727008,1.41021201894042,1.08031942425072,2.18812426992798,1.75728879822003,1.85638471618385,1.46489864843654,2.15155028578194,2.21688325391693,1.58409419613049,1.20107965601663,2.10812165187639,1.8952551625125,1.96017284671894,1.59091339839642,1.93591450545239,2.07556632108705,-0.028565480527157,0.582880563094267,2.23715762451823,1.762576697694,0.383684322170063,0.731278950899945
Total_C8_Aliphatic_2008,2.23254140255002,2.15169195735564,1.4319504758999,1.13628244212234,2.20720279570823,1.81207101552894,1.849218594005,1.51143331702184,2.18193471167524,2.24932219251728,1.62024901874939,1.25209105582039,2.1387210135436,1.93247677803664,1.96022507275623,1.61792122746721,1.95884994847445,2.09604012559161,-0.077332203829426,0.586723075071433,2.25608043076005,1.80568101313562,0.412296802642001,0.717422833965216
Total_Hydroxyalkenyl_Aliphatic_2008,0.938560906623323,0.917120668353018,0.491194776119425,0.185873018168015,0.972329785746073,0.627201050425957,0.838854918443888,0.551837038365404,0.89438108559839,0.957251471272626,0.587529723659666,0.272334209737725,0.885095272910264,0.780730281075879,0.856599104078608,0.630061344144199,0.832521260972702,0.873314302518584,0.148266680165989,0.096367079522627,0.994283580783142,0.662451772776335,0.103517049244897,0.385831246903005
Total_Hydroxyalkyl_Aliphatic_2008,-1.19619999479577,-1.15780637822478,-0.720290755671491,-0.71586197049817,-1.24184549516727,-1.24017844946189,-1.17207350201092,-0.981331461526467,-1.25673764664772,-1.2269909405951,-0.87741474223267,-0.800936372516182,-1.28963376805611,-1.38157182027641,-1.23897391591075,-1.09310434853066,-1.08300228773676,-1.23788577880496,-0.0823292856827434,-0.321290815665094,-1.24426958881666,-0.941833146756797,-0.295993253218243,-0.181810717208222
Total_Indolic_Glucosinolate_2008,0.531370258428403,0.556421701159763,0.353021372647082,0.055649489768683,0.504793854692606,0.244679648002347,0.269636856196145,0.203639962167601,0.456787658243686,0.567559486150029,0.451034703835922,0.0784525615676861,0.399576804099092,0.17448655120328,0.273473993573168,0.19839473344962,0.443879999460584,0.406791903646351,0.143680431558362,-0.0700832705909717,0.543799578763741,0.537866984131231,0.482740059308059,0.415181942457317
Total_Indolic_Glucosinolate_with_4_hydroxylation_2008,0.485252827483522,0.577111823579817,0.223265202161522,0.100249436502192,0.542365532299287,0.393871316398863,0.187728594700776,0.350280599137652,0.4739448040138,0.491037768696712,0.241782186412444,0.174724576224916,0.471531884572861,0.329760697513864,0.182982805458565,0.36381584006121,0.414441547021538,0.556929667559098,-0.183217809717191,-0.00134621074418645,0.532507428697697,0.487789273697371,-0.432633353488454,0.236634939758469
Total_Methylsulfinyl_Aliphatic_2008,1.4252133713936,1.21400124530772,1.01413905430532,0.0519099596570303,1.36661427755627,1.05018203713694,0.871354345735133,0.585231457556797,1.39863203062563,1.25697829194956,1.21619213077097,0.106349003859758,1.40449099164529,1.08086318164986,0.933392661683298,0.815785980189062,1.20978032266853,1.34840855227373,0.419388476664921,-0.423238927570558,1.3291688363452,1.12676046109591,-0.487752596296791,0.119538207906387
Unknown_Alkenyl_2008,0.565014945291598,0.476799246782799,0.262112025351561,0.0314990270874056,0.515431691517142,0.320312176992125,0.341174933477947,0.284104718685694,0.500576799932854,0.566833643016134,0.407247007655796,-0.0256433307145327,0.465330632881116,0.368893070326216,0.41252184644974,0.291212032087622,0.504971216793342,0.429275942039664,0.0941821637402515,-0.0937506683169975,0.565611463880085,0.387826470143235,0.0610039687291036,0.295150612539027
X_R_2_hydroxy_but_3_enyl_2008,0.934360748450663,0.914726272413943,0.488435747436959,0.185453013239913,0.968687970573576,0.62330685228315,0.8352732980252,0.54939462099149,0.890068720012065,0.95378814219013,0.583170308729651,0.272070992175099,0.880889769905086,0.776644935151495,0.852646463452047,0.627574270324193,0.828754740986536,0.869956112694816,0.144622183938943,0.0973885775620357,0.99036874809688,0.658850738766556,0.0958270872341793,0.383696941785692
X_S_2_hydroxy_but_3_enyl_2008,0.952850700966455,0.925697193747178,0.499910335493472,0.186980978077389,0.984959147182402,0.640156795146171,0.850168677057878,0.559710516219057,0.908994134467845,0.968846115373181,0.601351950004123,0.272917074679881,0.899405066994102,0.794311483678776,0.86910617185088,0.63798869731514,0.845241991165624,0.885259999990968,0.158531078375208,0.0923266379881096,1.00765796876761,0.674575979500132,0.124871434311629,0.392909666169602
X3_hydroxypropyl_2008,-1.19619999479577,-1.15780637822478,-0.720290755671491,-0.71586197049817,-1.24184549516727,-1.24017844946189,-1.17207350201092,-0.981331461526467,-1.25673764664772,-1.2269909405951,-0.87741474223267,-0.800936372516182,-1.28963376805611,-1.38157182027641,-1.23897391591075,-1.09310434853066,-1.08300228773676,-1.23788577880496,-0.0823292856827434,-0.321290815665094,-1.24426958881666,-0.941833146756797,-0.295993253218243,-0.181810717208222
X3_methylsulfinylpropyl_2008,0.709094364788123,0.644876195748692,0.436848855255764,-0.105885900464239,0.668432428699196,0.397907451560972,0.347687734888465,0.193753460143547,0.661819438212252,0.671211144782381,0.627790175891565,-0.0785297934632478,0.665244546162189,0.447041331299669,0.38412534407725,0.206747434761824,0.579984715962579,0.587653704062742,0.354916590172569,-0.403205432801,0.62571234469781,0.490986999408663,0.338934866100089,0.0828915013669358
X3_methylthiopropyl_2008,0.509690925934682,0.462083193375051,0.306950395602481,-0.0737731576398364,0.750338912181681,1.15422876675619,0.72200389038482,0.253014263358863,0.576252756895912,0.392122254833713,0.45744714362265,-0.0502112867030134,0.784203934635615,0.873630261160927,0.800906149882603,0.440908328372189,0.56915996102106,0.886605030801148,0.322945568005856,-0.40186995981945,0.69258048722413,0.796646207556298,0.608977572860711,0.246346408673593
X4_hydroxy_indol_3_ylmethyl_2008,0.56102359265895,0.572975639166892,0.45256725898417,-0.0532588317446065,0.444708672921058,0.39929417760254,0.198563431520714,0.239019366996267,0.55078084869964,0.573660069303444,0.495796886936843,-0.0362488817850459,0.495962614873623,0.328582485580997,0.198271810502166,0.358305593752078,0.461878133119277,0.508114871065866,0.262837332401425,-0.290120760151366,0.468554491546017,0.570183025442804,-0.497665885895415,-0.263114496678939
X4_methoxy_indol_3_ylmethyl_2008,0.464757160340707,0.558839629013485,0.201243885157946,0.106969525018465,0.531265652972803,0.380866815076858,0.1809960827677,0.346232526992338,0.45374342966646,0.469912575660408,0.217565696736194,0.182773353667096,0.454801611156505,0.319243247967245,0.176114318325049,0.352484877424629,0.398055553941053,0.542199066395337,-0.206216803502903,0.017397065069566,0.5195416985353,0.466783240399163,-0.414523486641484,0.261394932805143
X4_methylsulfinylbutyl_2008,-0.754931460726615,-0.953002056005905,-0.313452014093553,-0.944266032167566,-0.790738612295569,-0.485319121375283,-0.889081681839108,-0.726116216730859,-0.682911442807449,-0.991590671861334,-0.374171011453425,-1.01790955092448,-0.623786407890673,-0.661036939114973,-0.929379688449604,-0.511274589726859,-0.665200561763073,-0.596829707032108,0.306064692843524,-0.863801904257862,-0.84555876234327,-0.497813504003087,-1.55804847495097,-0.688227407533523
X4_methylthiobutyl_2008,0.558045420682141,0.481558378105411,0.357259994246125,-0.130162258642101,0.791838582920723,1.23601540413975,0.731410762560402,0.262817414024203,0.638687351133321,0.410215571348754,0.516902609152862,-0.107032521584078,0.853433516656311,0.935394010170902,0.810582208109198,0.490281221876472,0.61272036513286,0.959019300885469,0.384740210004822,-0.49868783639194,0.729788466974379,0.864206619724811,0.448453600837752,0.177270134678509
X5_methylsulfinylpentyl_2008,-1.18097061938735,-1.15292931847966,-0.722815741436216,-0.501186330475514,-1.16990992123501,-1.12601265477087,-1.00045375416061,-0.800716226466561,-1.20545550775932,-1.18355530129428,-0.877975689733921,-0.572543043922858,-1.20421098942862,-1.16197516325088,-1.04805226090809,-0.874968397344619,-1.04450823328222,-1.18972444509026,-0.188802493120459,-0.0904051134082053,-1.18348113506681,-1.0364349223478,-0.45787407351821,-0.206440316130318
X7_methylsulfinylheptyl_2008,1.21469228840409,1.19607040255006,0.739622865919009,0.404406618118119,1.25671191831097,0.812433458944109,1.16319551285905,0.688707659270027,1.16738152351382,1.1985130946831,0.769884954203691,0.528408227306298,1.14746136837702,0.994235239872238,1.17633991284483,0.855177741380184,1.06105077301378,1.18118863432575,0.166393974370795,0.345044337746787,1.27619966159756,0.861805298763555,0.030787201568241,0.497274886656252
X7_methylthioheptyl_2008,1.09079554737713,1.01934974381921,0.686522950750838,0.359505120487602,1.08107150137276,0.73302961352948,1.01581476317147,0.589457679641083,1.03325634164885,1.05627537481923,0.728445203264743,0.415514752156012,1.00233880884835,0.855277645115374,1.05979339893449,0.730290489119753,0.955444142686546,1.01916919428129,0.200595358964238,0.290586643740443,1.11758711438106,0.788237518089956,0.149942431098235,0.451724398408769
X8_methylsulfinyloctyl_2008,2.11767205318864,2.03644256533967,1.38828304848204,1.10795868475512,2.09900051353975,1.66988980515837,1.76945341239462,1.38523799079153,2.07016469761414,2.11339699324898,1.54643434594974,1.22140929550399,2.02060647560088,1.80615834386683,1.8671052990459,1.52890424992247,1.84630920488211,1.99361308873171,-0.0659587027681821,0.596800947544065,2.14110792798735,1.68369465424775,0.259352252545415,0.706316836904576
X8_methylthiooctyl_2008,1.819291,1.76474,1.06271,0.8214045,1.778373,1.630423,1.45097,1.389597,1.774789,1.896694,1.284873,0.8990676,1.766418,1.65753,1.567033,1.333105,1.634412,1.687211,-0.09026413,0.3431341,1.833189,1.563485,0.77318,0.5069983
AgNO3_Camalexin_1,-0.1596065,-0.04106081,-0.1616908,-0.2684937,-0.04812009,-0.06120972,0.05390304,0.05888914,-0.1729996,-0.05726331,-0.2505752,-0.1972264,-0.1025141,-0.06452568,0.002524202,0.07961054,-0.0822072,-0.08289955,-0.03455956,-0.08055256,-0.05771738,-0.08444055,-0.2923109,-0.1723652
AgNO3_Camalexin,0.1184978,0.238379,-0.06644055,-0.05886693,0.2792112,0.3577722,0.2994567,0.3222257,0.1333255,0.198865,-0.1148361,-0.02074469,0.2276973,0.2912004,0.279504,0.3537412,0.1772165,0.2820252,-0.1017682,-0.0845295,0.2651753,0.2433192,-0.1714322,-0.03630249
Alllyl_1,0.7998665,0.7186988,0.3451697,0.8626638,0.7458302,0.8695276,0.7786714,0.5961288,0.8401715,0.751285,0.4309862,0.7355984,0.8282813,0.9319878,0.8332849,0.5614344,0.7051501,0.8053273,-0.3771631,0.3966637,0.7621189,0.6878824,0.666804,0.2124848
Alllyl,0.571559,0.4824211,0.2932332,0.6993339,0.525367,0.6436608,0.5965444,0.4104166,0.5945444,0.5357255,0.3403685,0.606596,0.5845213,0.6701131,0.6539693,0.3868063,0.5066434,0.5435455,-0.2859867,0.3349035,0.541657,0.5033314,0.5130999,0.1496142
Benzyl,-0.1121131,-0.1463958,-0.06992984,0.1178075,-0.1962101,0.01933407,-0.002601611,-0.1759163,-0.1143762,-0.1377359,-0.1001264,0.07399241,-0.1198352,-0.05282713,0.002682007,-0.2738896,-0.08872354,-0.1280697,-0.1302105,0.006111067,-0.1810834,0.01463899,0.4592473,-0.1916752
But_3_enyl_1,0.6183833,0.8029862,0.575247,0.8607412,0.6804626,0.6450083,0.5441842,0.6478701,0.7195605,0.7610185,0.8405539,0.8402431,0.6700591,0.7187495,0.5472345,0.9386228,0.5270877,0.7216617,0.2645953,0.466858,0.7093766,0.5465351,0.5432929,0.3320404
But_3_enyl,0.7889261,0.9327562,0.670784,0.7768648,0.771405,0.8071619,0.5370105,0.5379164,0.886221,0.938811,0.9365658,0.8685699,0.8074389,0.8974086,0.5799229,0.8416597,0.6612493,0.8269335,0.4200575,0.7008459,0.812575,0.6583374,0.6120709,0.4725002
Control_Camalexin_1,0.9676867,1.059505,0.6146857,0.5168187,1.078301,0.7702924,1.243385,0.8269903,0.9816596,1.073083,0.5585182,0.8088888,0.9958412,0.9856705,1.167371,0.9694784,0.8687635,0.977251,0.287675,0.6897523,1.083221,0.7327958,0.667859,0.3460007
Control_Camalexin,1.041641,1.1564,0.6418695,0.5177781,1.164129,0.8552678,1.287605,0.9171542,1.057837,1.162797,0.5880537,0.8326169,1.08235,1.066361,1.202522,1.047379,0.9396047,1.065465,0.2372051,0.682282,1.164412,0.8149902,0.6235463,0.3292884
Fresh_Weight,-0.3744805,-0.3226405,-0.3917202,0.2191165,-0.2710383,-0.08564021,-0.3882074,-0.01693678,-0.3115844,-0.3620279,-0.3155777,0.1213943,-0.2961334,-0.166738,-0.3759242,-0.1063789,-0.3192706,-0.2661325,-0.3785769,0.04253194,-0.2800195,-0.1963035,0.145553,0.2587434
Indol_3_ylmethyl,-0.7921523,-0.7190979,-0.781489,-0.2398691,-0.78698,-0.7568339,-0.7556355,-0.4791164,-0.8026782,-0.8397474,-0.91164,-0.4337623,-0.8382592,-0.8251661,-0.801295,-0.6901179,-0.7302059,-0.7310067,-0.3805785,-0.1608478,-0.7893793,-0.6200794,0.06254295,0.07006086
Leaf_Area,0.9713266,0.9471915,0.5049582,0.7643772,1.021568,1.135861,0.7427244,0.8373292,1.045259,0.9407404,0.6983343,0.72276,1.036501,1.058298,0.8290956,0.8430673,0.8486502,1.061744,-0.0168859,0.1696989,1.031361,0.9729015,0.7460806,0.5160321
N_methoxy_indol_3_ylmethyl,-1.757715,-1.765237,-1.149287,-0.3461831,-1.726836,-1.466768,-1.452823,-1.167714,-1.763628,-1.715211,-1.274391,-0.4645521,-1.78423,-1.577615,-1.453218,-1.285719,-1.538957,-1.832541,-0.2991502,0.07792835,-1.711401,-1.444478,-0.1862572,-0.06108005
Pent_4_enyl,0.3753472,0.4592512,0.3038528,0.3844066,0.4144025,0.3976795,0.3135435,0.3723624,0.4214989,0.4666556,0.4904786,0.3802251,0.405021,0.4359322,0.3256001,0.5092273,0.3341298,0.4071721,0.1840991,0.1529975,0.4345069,0.3367084,0.3683698,0.1967456
R_2_hydroxy_but_3_enyl_1,0.6555969,0.687708,0.3034564,0.09720251,0.7392065,0.480075,0.6278842,0.3546383,0.6373291,0.6866046,0.3794678,0.2166914,0.6622387,0.6134616,0.6141379,0.4370253,0.5920239,0.6629703,0.05347943,0.04852096,0.7318461,0.4701407,-0.03085582,0.2675812
R_2_hydroxy_but_3_enyl,0.428251,0.4537298,0.3214923,0.2882781,0.3767548,0.4425333,0.2326284,0.2120703,0.4679736,0.4750685,0.4221182,0.3756837,0.4237447,0.4729431,0.2701106,0.2933096,0.3532157,0.4141625,0.2100287,0.3445217,0.3950544,0.3587884,0.3462636,0.2310337
S_2_hydroxy_but_3_enyl_1,0.6432815,0.6738639,0.2959233,0.08991349,0.725416,0.4728788,0.6131416,0.3469847,0.6249699,0.6750439,0.3751146,0.2059145,0.6498387,0.6027478,0.6010183,0.4269828,0.5817427,0.6487586,0.05585904,0.03739627,0.7186975,0.4623877,-0.02697345,0.2625836
S_2_hydroxy_but_3_enyl,0,0,0,0,0,0,0,0,0,0,0,0,0,0,0,0,0,0,0,0,0,0,0,0
Unknown_Alkenyl_1,0.6294819,0.6668131,0.2829596,0.08563303,0.7169968,0.4592407,0.6003472,0.3345222,0.6129386,0.6562685,0.3501834,0.2063934,0.6396614,0.5904523,0.5832516,0.4143126,0.5674638,0.6467221,0.03026096,0.0390529,0.7057112,0.4494643,-0.08443587,0.2546708
Unknown_Alkenyl,NA,NA,NA,NA,NA,NA,NA,NA,NA,NA,NA,NA,NA,NA,NA,NA,NA,NA,NA,NA,NA,NA,NA,NA
Unknown_Glucosinolate_Like_1,-0.1832662,-0.04225068,-0.02136652,0.0184911,-0.1431281,-0.3308807,-0.1418394,-0.1673069,-0.1637326,-0.06790882,-0.0419181,0.08789818,-0.2002802,-0.1811177,-0.2056907,0.09122316,-0.1821417,-0.1791804,0.1216853,0.2794105,-0.1383488,-0.2857157,-0.7379855,-0.05136063
Unknown_Glucosinolate_Like_2,-0.9836967,-1.013482,-0.5444394,-0.02855103,-0.9669214,-0.812913,-0.8181656,-0.7062768,-0.9656441,-1.051076,-0.6601189,-0.1463392,-0.9692843,-0.8865456,-0.8304865,-0.6487485,-0.8739859,-0.9350391,-0.3462654,0.1691472,-0.978827,-0.8183631,-0.6167524,-0.09664312
X3_benzoyloxypropyl,-0.5543914,-0.4794012,-0.304377,-0.3361359,-0.5026188,-0.7564789,-0.4383041,-0.4655539,-0.598904,-0.491659,-0.3609312,-0.3512741,-0.6081477,-0.6503126,-0.4996231,-0.3038469,-0.4865367,-0.5911634,-0.01726371,-0.004190736,-0.4979412,-0.6173849,-0.8602738,-0.07413973
X3_hydroxypropyl_1,-0.7376945,-0.6927528,-0.4837642,-0.6338685,-0.735855,-0.8977611,-0.7540301,0.001369198,-0.7652641,-0.7145789,-0.6567346,-0.6966092,-0.8251516,-0.937499,-0.8088076,-0.3328982,-0.6899481,-0.8062142,0.09425178,-0.4280903,-0.7191591,-0.6538499,-0.001080788,-0.04494853
X3_hydroxypropyl,-0.4546411,-0.4565588,-0.4129476,0.05609199,-0.5507338,-0.4137532,-0.4273144,-0.4273863,-0.4848021,-0.4843476,-0.4884778,-0.114699,-0.5116689,-0.4761596,-0.4349188,-0.5794869,-0.417087,-0.4984871,-0.4241117,0.0583844,-0.5444564,-0.3357965,0.2877529,-0.1083622
X3_methylsulfinylpropyl_1,0.3321623,0.3063081,0.1790034,0.02805658,0.3275795,0.2654431,0.158502,0.1144312,0.3371848,0.3131494,0.2785915,0.07361646,0.3358843,0.2731222,0.1855567,0.137824,0.2685555,0.3044988,0.2287452,-0.1263258,0.3054651,0.2546407,0.1930194,0.06826605
X3_methylsulfinylpropyl,0.4631873,0.4010852,0.1920362,0.2432794,0.4755775,0.4567732,0.3337711,0.2535796,0.4952559,0.4036838,0.3150421,0.2772625,0.4977048,0.4814021,0.3689888,0.2547887,0.3851569,0.4697143,0.1653041,-0.01417158,0.4516891,0.3725118,0.4674773,0.1988057
X3_methylthiopropyl_1,0.6209192,0.562772,0.3739536,-0.03313251,0.8500204,1.230495,0.7767967,0.2336739,0.6849043,0.4979384,0.5620518,0.0043135,0.8918975,0.9644865,0.864171,0.4530937,0.6588425,0.9789693,0.3649611,-0.4015626,0.7842516,0.8691341,0.6265762,0.2509092
X3_methylthiopropyl,0.3355079,0.2855552,0.1214453,0.1554114,0.3532633,0.3302199,0.2264742,0.17041,0.3557705,0.2860542,0.2265872,0.1805374,0.3664623,0.3455161,0.2559707,0.1599312,0.2784448,0.3394554,0.1245991,-0.03925381,0.3269817,0.262313,0.4022325,0.1654078
X4_benzoyloxybutyl_plus_2_benzoyloxy_but_3_enyl,-0.716185,-0.7070431,-0.4716058,-0.2215847,-0.7907021,-0.6185248,-0.6980457,-0.5652514,-0.7478827,-0.7169395,-0.5683451,-0.2717413,-0.7631882,-0.7389112,-0.7200923,-0.7126308,-0.6333748,-0.7646869,-0.2831723,0.02366499,-0.783229,-0.5080278,0.08923446,-0.1542889
X4_hydroxy_indol_3_ylmethyl,0.9793841,0.8925117,0.5998305,-0.2319493,0.8548375,0.558437,0.2480761,0.4740555,0.9659843,0.8958379,0.7369206,-0.1971737,0.9244551,0.6216564,0.2634412,0.5503956,0.7846658,0.8787532,0.2496237,-0.644017,0.8177275,0.7060139,-1.101725,-0.3019058
X4_hydroxybutyl,-0.9366546,-0.7418876,-0.4903526,-0.2589641,-0.8015393,-1.009878,-0.6577759,-0.6099668,-0.9299563,-0.8257772,-0.5671874,-0.2491394,-0.9250784,-0.8873694,-0.7707068,-0.4014325,-0.827604,-0.8670772,-0.04265861,0.1579542,-0.8215718,-0.9197639,-0.7546866,-0.06097224
X4_methoxy_indol_3_ylmethyl,-0.7170685,-0.5882737,-0.5722211,-0.5138139,-0.6246728,-0.7503559,-0.8434783,-0.6447269,-0.7684935,-0.7265781,-0.6875897,-0.5685901,-0.7226533,-0.8224366,-0.8885322,-0.6603988,-0.6417176,-0.6280731,-0.5078101,-0.3185227,-0.687736,-0.6177651,-1.264307,-0.1479255
X4_methylsulfinylbutyl_1,-2.44095,-2.387051,-1.314214,-1.383744,-2.424017,-2.077486,-2.196599,-1.823566,-2.451142,-2.466378,-1.633045,-1.545694,-2.388673,-2.314047,-2.280401,-1.656572,-2.124947,-2.321885,-0.133889,-0.6495271,-2.472457,-1.970079,-2.278073,-1.037152
X4_methylsulfinylbutyl,-0.956934,-0.8898051,-0.5616842,-0.7640614,-0.798763,-0.7839821,-0.6673716,-0.7993284,-0.9711401,-0.9617462,-0.6893761,-0.759025,-0.8656143,-0.8423242,-0.7395854,-0.6030036,-0.7885563,-0.8034073,-0.000287216,-0.3931023,-0.8490708,-0.7725702,-1.174493,-0.336986
X4_methylthiobutyl,0.3888058,0.3448524,0.2640768,-0.1379597,0.6154845,1.061142,0.5928097,0.1045395,0.4568122,0.2716605,0.3993208,-0.1221135,0.6667859,0.7622678,0.667296,0.3498558,0.4643471,0.7732984,0.3136602,-0.4296782,0.5559601,0.7082464,0.3187166,0.118194
X5_methylsulfinylpentyl_1,-1.884443,-1.816872,-1.045958,-0.9139588,-1.820932,-1.768685,-1.419434,-1.352336,-1.922054,-1.868616,-1.364802,-0.9537472,-1.882042,-1.809847,-1.528893,-1.284187,-1.642217,-1.849066,-0.09928033,-0.06153817,-1.852669,-1.646806,-1.016985,-0.4559915
X5_methylsulfinylpentyl,-1.827811,-1.779637,-1.04511,-0.9840374,-1.796271,-1.800118,-1.526287,-1.345677,-1.878509,-1.814064,-1.299381,-1.080276,-1.858254,-1.833956,-1.621833,-1.274978,-1.600557,-1.837641,-0.1452318,-0.2942404,-1.818183,-1.624575,-1.405061,-0.5438829
X5_methylthiolpentyl,-1.508071,-1.415181,-0.9068378,-0.7571356,-1.475065,-1.573289,-1.334544,-1.059045,-1.559789,-1.480569,-1.14203,-0.843461,-1.556405,-1.569299,-1.430767,-1.006738,-1.330567,-1.505432,-0.3295961,-0.1385864,-1.493561,-1.385671,-1.500358,-0.4161862
X7_methylsulfinylheptyl,-0.1882632,-0.1589185,-0.04617068,-0.100634,-0.1750278,-0.2402818,-0.123998,-0.3396505,-0.1913248,-0.1454026,-0.05392026,0.00579152,-0.2000146,-0.1622888,-0.1493823,-0.1500698,-0.1652072,-0.2059095,0.1740383,0.3069763,-0.1697835,-0.238095,-0.2411639,0.09745236
X7_methylthioheptyl,0.7836975,0.6749593,0.4003794,0.03575252,0.889274,0.7164972,0.656771,0.247347,0.8323662,0.5751559,0.4998433,0.1541292,0.8922551,0.7987762,0.62614,0.4307092,0.6824434,0.9687621,0.08961774,-0.1421464,0.8297535,0.6407801,-0.3057868,0.3416724
X8_methylsulfinyloctyl,1.49888,1.569961,0.6852241,0.7015305,1.621348,1.506277,1.292335,1.158833,1.554115,1.493853,0.8248147,0.8407368,1.606055,1.591166,1.308376,1.190515,1.339244,1.675249,-0.2094852,0.2576844,1.595609,1.309813,0.2667726,0.4541507
X8_methylthiooctyl,1.151841,1.252354,0.3936612,0.2780171,1.141033,1.160636,1.015483,1.153229,1.159781,1.2158,0.4352738,0.3410176,1.21745,1.259668,1.016656,0.8517337,1.061345,1.247906,-0.3661275,-0.01613318,1.13732,0.9766977,0.5675819,-0.0680643
aconitic_acid_exp2,0.1629644,0.1923646,0.0348275,-0.3809515,0.1320733,-0.06715811,-0.09398627,0.2325063,0.1293142,0.1764671,0.01257761,-0.3224984,0.0902514,-0.04415144,-0.1108143,0.1563853,0.1211391,0.1281105,0.2220151,-0.02630474,0.1527399,0.06872078,-0.00990648,0.2310097
adipic_acid_exp2,0.3566607,0.3519222,0.2427251,0.06342302,0.4346475,0.4620797,0.440755,0.1937276,0.3752704,0.3080369,0.2029892,0.1720882,0.4287249,0.4605666,0.4738407,0.2502624,0.3371244,0.486012,0.05385838,0.04578192,0.4092528,0.3032324,-0.2085452,0.06857267
alanine_exp1,-1.644087,-1.533601,-0.8583271,-0.4847437,-1.607254,-1.576869,-1.293707,-1.372247,-1.703486,-1.584436,-1.059885,-0.531754,-1.695813,-1.639329,-1.379185,-1.236359,-1.429684,-1.650319,-0.3610613,0.2004749,-1.609663,-1.395715,-0.9534359,-0.2604477
alanine_exp2,-0.1441914,0.004827904,-0.1998255,0.04263228,-0.02781052,-0.1606514,-0.1630196,0.1327583,-0.1509929,-0.0454243,-0.2549803,0.0693462,-0.1255963,-0.1403725,-0.2188132,0.1941021,-0.1015136,-0.07736864,-0.4284477,0.1916796,-0.03328614,-0.119825,-0.8531227,0.03826238
alpha_ketoglutaric_acid_exp2,1.945582,1.849249,1.359136,1.171636,1.913385,1.889363,1.90908,1.221654,1.975985,1.966467,1.531605,1.329106,1.934045,1.914419,2.040104,1.467549,1.717331,1.886517,0.6100384,0.5821215,1.973531,1.722725,1.177546,0.4964858
arabinose_exp1,0.9726445,0.9086469,0.8483945,0.7192866,1.03193,0.8720208,1.111008,0.3907878,0.9434555,1.005025,0.953324,0.8510142,0.9616866,0.8949505,1.171072,0.6436835,0.8719489,0.8758181,0.2474919,0.3855943,1.036837,0.8458129,0.5676913,0.3412866
arabinose_exp2,-0.2241489,-0.1413767,-0.1155286,0.1916072,-0.1503083,0.005788809,-0.1551101,-0.299161,-0.1929645,-0.156058,-0.004951479,0.2247802,-0.166801,-0.01785448,-0.09924674,-0.2085455,-0.1754196,-0.153823,-0.07317368,0.04258453,-0.1622016,-0.1666385,-0.2011089,-0.01464684
arachidic_acid_exp1,0.5708132,0.5563307,0.4608553,0.2915973,0.7324773,0.6020624,0.5876788,0.6969137,0.5846443,0.5774807,0.4987559,0.4380488,0.6007477,0.5095328,0.6289469,0.7150101,0.5231286,0.6141156,0.2172504,0.06175307,0.7453388,0.6004634,0.2292796,0.4938279
arachidic_acid_exp2,0.02561094,0.003621552,0.01314525,0.09249859,0.07216601,0.1042114,-0.02938975,-0.1307407,0.02490932,-0.02694369,0.02232654,0.04407177,0.04965159,0.05537555,0.009431275,-0.003538063,0.03442376,0.1020275,-0.2094425,0.08779239,0.06224046,0.04122456,-0.5419403,0.1549404
ascorbic_acid_exp2,0.5706974,0.6887157,0.494749,0.2257184,0.6399928,0.5316874,0.6286028,0.5379392,0.5615364,0.7156935,0.5795298,0.3334005,0.5758751,0.5434034,0.6459984,0.6750872,0.5419943,0.5837693,0.297637,0.09250744,0.6699051,0.5134992,0.1272082,0.05379059
asparagine_exp1,1.369823,1.309824,0.8880838,0.5127621,1.248306,1.268413,1.108537,0.67059,1.380409,1.365508,1.135226,0.5232985,1.344596,1.287665,1.198411,0.8157037,1.197085,1.322611,0.5104395,-0.006646035,1.28581,1.196884,0.8486622,0.1183261
asparagine_exp2,1.001722,1.084142,0.7029811,0.4883638,0.999205,1.070896,0.917741,0.5686847,1.025821,1.10083,0.8032794,0.7346374,1.051749,1.092398,0.9540518,0.7107237,0.910489,1.042341,0.1921607,0.4059866,1.003111,0.907992,0.3136298,0.03491689
aspartic_acid_exp1,0.4998805,0.4141608,0.4352717,0.382603,0.4680449,0.517928,0.4418321,-0.2451485,0.474121,0.4450828,0.5528346,0.4373589,0.4845083,0.4519306,0.5034891,0.05267899,0.4512997,0.4758118,0.09832737,0.3142642,0.4742421,0.4984638,0.09060753,0.2228761
aspartic_acid_exp2,2.109729,2.188826,1.316549,1.051516,2.083043,2.018891,1.811825,1.359514,2.110305,2.240942,1.558146,1.153245,2.102365,2.048592,1.928979,1.593874,1.888714,2.112745,0.1955717,0.4007405,2.13414,1.864341,0.4781607,0.2844094
behenic_acid_exp1,2.05255,1.969053,1.421265,1.339007,2.078905,1.921443,1.896085,1.725654,2.115908,2.059905,1.666353,1.376022,2.046453,1.949083,2.016367,1.895066,1.791308,2.027684,0.5232776,0.4473067,2.148218,1.811804,1.238298,0.7314877
benzoic_acid_exp1,-0.1603947,-0.2035195,0.3127018,0.1432853,-0.1648628,-0.2393069,-0.1433545,0.113995,-0.161855,-0.1201302,0.3287458,0.1284254,-0.2165384,-0.3309943,-0.1123404,0.1767255,-0.1731162,-0.2905209,0.3847656,-0.01993216,-0.1418238,-0.1050358,0.1558982,0.02431241
benzoic_acid_exp2,-0.2924122,-0.1907808,-0.02636541,0.1370973,-0.2314049,-0.1529379,-0.1445986,0.1693393,-0.2781173,-0.1239799,-0.05513133,0.2048008,-0.2622609,-0.1976724,-0.164502,0.1796869,-0.2265868,-0.3323607,0.006892332,0.3211517,-0.2191681,-0.177643,0.2150945,-0.03987442
beta_alanine_exp1,-0.07316522,-0.1020292,0.2300587,0.2996107,0.01747463,0.1191618,0.1533054,-0.4159949,-0.0571713,-0.09257287,0.3023187,0.3353712,-0.003913619,0.03726284,0.1817975,-0.02701616,-0.03086807,-0.001760764,0.1536947,0.2615417,0.001368203,0.03259875,-0.1812023,0.08893304
beta_alanine_exp2,0.8812308,0.8912125,0.6082255,0.7838855,0.8153394,0.8338081,0.7539681,0.5441651,0.869504,0.9747108,0.7627676,0.7153218,0.8444376,0.8569456,0.8376977,0.7498954,0.7952197,0.808007,-0.05755174,0.49986,0.8644676,0.7434174,0.2364532,0.1446611
beta_sitosterol_exp1,-0.6154508,-0.8252538,-0.1871631,-0.2675957,-0.6615703,-0.5962295,-0.5376367,-1.026705,-0.6637154,-0.7839618,-0.1863483,-0.4006645,-0.6565594,-0.7446543,-0.5001234,-0.7834184,-0.5570025,-0.6954491,0.2056931,-0.2303258,-0.6785858,-0.4703701,-0.3006762,-0.06502652
beta_sitosterol_exp2,0.397609,0.5741353,0.0210203,0.3606082,0.4822181,0.4769292,0.3329735,0.6590517,0.4440647,0.4907919,0.09530292,0.2526738,0.468307,0.53503,0.3330742,0.621228,0.3721848,0.5530143,-0.3397418,-0.02578752,0.4788383,0.3328375,-0.1972161,-0.03169953
caffeic_acid_exp2,1.248397,1.224478,0.9177246,0.4249275,1.198458,1.217022,1.130281,0.5951548,1.235324,1.281786,0.9581867,0.6788562,1.242152,1.217252,1.198626,0.7446538,1.125225,1.228148,0.2370787,0.3283342,1.224201,1.11702,0.05995845,0.07130748
capric_acid_exp1,0.1900721,0.2874768,-0.06208338,-0.1910562,0.2896354,0.07743172,0.1165157,0.2892366,0.2048326,0.1564873,-0.04086911,-0.2791942,0.2150765,0.1229525,0.05898811,0.350524,0.1675813,0.3623403,0.01311862,-0.2379802,0.2861219,0.1451134,-0.3142048,0.2159796
capric_acid_exp2,-2.049872,-1.906444,-1.280791,-0.5930177,-2.035124,-1.89842,-1.727503,-1.24933,-2.074094,-1.998098,-1.678174,-0.7101423,-2.096356,-1.952699,-1.815261,-1.338803,-1.817035,-2.009181,-0.5885798,0.3717342,-2.042034,-1.798805,-1.082196,-0.2781398
cellobiose_exp2,-0.09655539,-0.1054914,0.04112582,-0.3630566,0.002326129,0.04672517,0.1338693,0.04884563,-0.1087293,-0.04325773,0.1030568,-0.3051673,-0.03919997,-0.01989055,0.1374547,-0.001581439,-0.02241161,-0.08909258,0.3430348,-0.4676705,0.004925689,0.02639774,0.4459665,-0.06207908
cellobiotol_exp1,-0.679051,-0.6105184,-0.4262316,-0.0200588,-0.6262784,-0.5480246,-0.2832617,-0.4314441,-0.6504651,-0.6639693,-0.5263269,-0.09235795,-0.6440479,-0.4833693,-0.3195219,-0.3269517,-0.5761589,-0.5711751,-0.06091456,0.1454183,-0.6166714,-0.6319656,-0.3228196,-0.1746761
cellobiotol_exp2,-0.5143091,-0.4516042,-0.472533,-0.2327593,-0.5704364,-0.6136132,-0.5786928,-0.1745605,-0.5515419,-0.4726785,-0.6023402,-0.2951256,-0.5955203,-0.5885585,-0.6034851,-0.3709887,-0.4737288,-0.5692185,-0.2698381,0.2391498,-0.552014,-0.5254602,0.03956234,0.09566719
cerotic_acid_exp1,1.586863,1.59074,0.9099254,0.7423408,1.59988,1.350232,1.437118,1.409785,1.645378,1.59656,1.097055,0.7849601,1.570357,1.472989,1.465758,1.449492,1.366824,1.605476,0.5609709,0.1064024,1.654086,1.332764,1.083406,0.5076924
cholesterol_exp1,-0.6632016,-0.6822745,-0.1365711,-0.135769,-0.5091328,-0.438544,-0.2250411,-0.4777003,-0.6728556,-0.6359333,-0.2195137,0.05503435,-0.5933025,-0.5282555,-0.2379527,-0.3870867,-0.537368,-0.6501746,0.2275852,0.3888372,-0.5382651,-0.4940806,0.5454889,0.2665169
cholesterol_exp2,-1.021865,-1.07215,-0.3466167,-0.1987543,-1.036085,-0.8970894,-0.8815009,-0.7008683,-1.052955,-1.007192,-0.5466102,-0.1755843,-1.094524,-1.061052,-0.8377373,-0.7107442,-0.9110639,-1.127041,-0.04887766,0.2050365,-1.012908,-0.8141499,-0.5817519,-0.04640959
cis_sinapinic_acid_exp1,-0.4962024,-0.4271615,-0.1482106,0.2175227,-0.3504689,-0.04835576,-0.05176691,-0.3036141,-0.4768904,-0.392328,-0.1400445,0.2806698,-0.3888882,-0.1759091,-0.008424188,-0.2329565,-0.3559138,-0.4088367,-0.05850616,0.288756,-0.3558192,-0.2609626,0.4591149,0.05735756
cis_sinapinic_acid_exp2,-1.497835,-1.417147,-0.8744775,-0.3585154,-1.503456,-1.437515,-1.187579,-0.8071133,-1.526796,-1.438247,-1.147508,-0.4460536,-1.554866,-1.475472,-1.27643,-0.9055246,-1.320319,-1.536215,-0.3907733,0.3341252,-1.487811,-1.287675,-0.3706301,-0.1684719
citramalate_exp2,0.1458755,0.0985502,0.0832629,0.2145778,0.08716243,-0.04345509,0.1419697,-0.1142698,0.1049995,0.07511883,-0.02930809,0.1563361,0.05386561,-0.01223384,0.1811592,-0.0898548,0.08381023,0.089758,-0.08881805,0.1546742,0.09155072,0.01832964,-0.269366,0.0465929
citric_acid_exp1,-0.3910515,-0.4281627,-0.1851036,0.1302793,-0.3847892,-0.3201358,-0.2859252,-0.9900446,-0.4338296,-0.4904889,-0.1689051,0.05785731,-0.3936772,-0.4069077,-0.2805978,-0.6559268,-0.3318597,-0.3406618,-0.2982593,0.1897528,-0.414302,-0.2788446,-0.6292325,-0.04602162
citric_acid_exp2,-0.9072918,-0.8189086,-0.7491512,-0.286008,-0.9055892,-0.9093961,-0.8873159,-0.8203815,-0.909332,-0.957545,-0.7820401,-0.4808226,-0.9063318,-0.8937915,-0.9670776,-0.7959515,-0.8211975,-0.8158815,-0.4552906,-0.2731267,-0.9424592,-0.8067842,-0.7712467,-0.3166482
citrulline_exp1,1.814653,1.684211,1.365225,1.129733,1.796412,1.760959,1.606887,1.07268,1.875105,1.786614,1.627329,1.266104,1.837547,1.753777,1.706471,1.434027,1.586533,1.774626,0.5272228,0.3794815,1.832772,1.655638,0.5888158,0.398578
coniferin__ref_Tree_Physiol__exp1,0.6987149,0.7172697,0.4261452,0.5129837,0.6832207,0.6419822,0.6877992,0.3055509,0.7258508,0.7005538,0.5937944,0.4608827,0.6952488,0.7059381,0.7196588,0.5110965,0.6089789,0.7402024,0.268153,0.1865859,0.7121375,0.5849467,0.5442771,0.235465
coniferin__ref_Tree_Physiol__exp2,0.385518,0.3889124,0.3921763,0.4062584,0.4525254,0.6044998,0.4485827,0.1385143,0.4090731,0.43973,0.5804515,0.4170771,0.4635984,0.5447818,0.5243392,0.3636843,0.3847806,0.436003,0.2140846,0.3144622,0.4533218,0.4098929,0.6590848,0.3096715
dehydroascorbate_1_exp1,-0.814507,-0.8257877,-0.3756886,0.0705915,-0.7939973,-0.6613085,-0.592004,-1.176483,-0.8442138,-0.8379372,-0.3973415,0.05980654,-0.8248541,-0.7481528,-0.595416,-0.8506957,-0.7009988,-0.8119061,-0.1900936,0.4386152,-0.8032563,-0.6306442,-0.4154151,0.0561327
dehydroascorbate_1_exp2,0.2474373,0.4303157,0.1774834,0.4018584,0.2740067,0.2101135,0.273626,0.3006452,0.215557,0.4310491,0.1609434,0.4164798,0.1872712,0.2148835,0.3107603,0.3358701,0.232479,0.2244827,-0.1270215,0.4321412,0.3145235,0.2053441,0.07460332,0.1581949
epsilon_caprolactam_2_exp2,-0.1533163,-0.097459,-0.1572842,-0.08534006,-0.1884169,-0.245922,-0.2071978,0.176783,-0.1817103,-0.08368126,-0.2636608,-0.1840292,-0.196274,-0.2178076,-0.2246263,0.05919009,-0.1367777,-0.2079282,-0.2991075,-0.01638023,-0.1780064,-0.1906168,-0.4312556,-0.2159208
erythritol_exp1,0.1627651,0.08916798,0.2753639,0.3544732,0.2167413,0.1839089,0.2318297,-0.2175302,0.1345291,0.1156331,0.3424632,0.3580258,0.1406183,0.08052695,0.2897939,0.01116139,0.152807,0.1402444,0.04605631,0.1752066,0.2247593,0.2245269,-0.02016727,0.3010574
erythronic_acid_exp2,0.1154182,0.2046355,0.1826425,0.183933,0.1328306,0.2648089,0.2057882,-0.1171167,0.1462536,0.1792945,0.2396285,0.276511,0.164679,0.2681406,0.2315488,0.05182747,0.1212729,0.1962656,0.1458,0.09612886,0.1297257,0.1267092,-0.1771412,-0.1822105
erythronic_acid_lactone_exp1,-1.243281,-1.253462,-0.3989105,-0.3536745,-1.181657,-1.037814,-0.8005688,-1.219972,-1.285562,-1.25046,-0.5659367,-0.3195077,-1.231173,-1.190155,-0.8168361,-1.000226,-1.064375,-1.241337,0.02977211,0.0406697,-1.209764,-0.9761528,-0.6479878,-0.3281059
erythronic_acid_lactone_exp2,-0.9025991,-0.806893,-0.7040987,-0.2528396,-0.8507328,-1.00516,-0.8137291,-0.5172228,-0.9673299,-0.8714314,-0.8386792,-0.4124056,-0.9860356,-1.009347,-0.8458571,-0.6385117,-0.8068556,-0.9193505,-0.4437071,0.1614739,-0.8481549,-0.8540237,-0.1855728,0.2500951
ethanolamine_exp1,1.157953,1.287247,0.5690556,0.5659929,1.08848,0.8976174,0.9085684,0.4941471,1.143033,1.219986,0.6873734,0.4641401,1.11564,1.058291,0.9257755,0.7355221,1.005395,1.194564,-0.1982484,0.05253963,1.100367,0.8762065,-0.627909,-0.1763046
ethanolamine_exp2,-0.7543291,-0.6280576,-0.3161841,-0.1484739,-0.7206909,-0.9138355,-0.5404623,-0.2853379,-0.7890069,-0.6068171,-0.5244742,-0.1002472,-0.8129295,-0.7755556,-0.6081682,-0.2594364,-0.667032,-0.8387255,-0.2811449,0.3771114,-0.7134606,-0.8336536,-0.954022,-0.2090212
fructose_1_exp2,-1.562447,-1.373999,-0.9401037,-0.1868248,-1.42627,-1.458451,-0.9242732,-0.8158958,-1.595721,-1.440715,-1.185487,-0.3262874,-1.58304,-1.433613,-0.9965452,-0.8889196,-1.35031,-1.521065,-0.4176913,0.17335,-1.425475,-1.397118,-0.2898303,-0.1669981
fucose_1___rhamnose_2_exp1,-0.7581304,-0.8572556,-0.21537,-0.1908478,-0.7554212,-0.8783167,-0.6856195,-0.9315128,-0.8231271,-0.8346396,-0.2530556,-0.2233152,-0.8489451,-0.968675,-0.6772225,-0.7358399,-0.6918948,-0.8692296,0.03286623,-0.002873159,-0.7580647,-0.6642217,-0.6344206,0.05639037
fucose_1___rhamnose_2_exp2,0.2787974,0.2253116,-0.03775085,0.1184623,0.2405538,0.2230802,0.005790242,0.05768802,0.252831,0.2266785,0.002748327,0.03975068,0.2466302,0.2174332,0.06774637,0.04347947,0.2359754,0.2579875,-0.2945817,0.07804897,0.2385027,0.1819663,-0.3454729,0.1621497
fumaric_acid_exp2,-1.254057,-1.115976,-0.7160846,-1.189973,-1.058788,-1.12392,-1.199156,-0.7448293,-1.227706,-1.223327,-0.7783809,-0.9844838,-1.156248,-1.179183,-1.305323,-0.7149388,-1.088561,-1.089642,0.3527644,-0.5343339,-1.12139,-1.053943,-0.9636769,-0.1390787
GABA_exp1,0.00427534,0.01937618,0.2649961,0.4175329,0.06142273,0.2782938,0.2216579,-0.03104046,0.01691652,0.05868719,0.2365296,0.4797352,0.05232901,0.1655469,0.2818354,0.1562394,0.05888804,0.06113483,-0.1349548,0.3849597,0.08241391,0.1346057,-0.348834,-0.02122834
GABA_exp2,0.4885015,0.6374297,0.4861084,0.3175776,0.5706982,0.617905,0.4063093,0.4541881,0.5330412,0.6319502,0.6624034,0.3749749,0.5551619,0.5488826,0.4220556,0.6419708,0.4547488,0.564941,0.2429722,-0.03908204,0.5755397,0.5635693,0.1060817,0.008175043
galactinol_major_2_exp1,-0.9943847,-1.083628,-0.4803249,-0.180061,-1.065782,-0.8462936,-0.9395478,-1.190792,-1.026081,-1.062073,-0.4967274,-0.2564252,-1.040349,-1.007992,-0.9246608,-0.9739222,-0.8767985,-1.048137,-0.03835538,0.2712474,-1.05584,-0.7572711,-0.238995,0.006707511
galactinol_major_2_exp2,-1.540568,-1.346228,-1.342763,-0.6923398,-1.55054,-1.515477,-1.643326,-1.09027,-1.557878,-1.569351,-1.484543,-0.9968113,-1.57565,-1.526419,-1.701541,-1.22318,-1.395141,-1.383044,-0.6434403,-0.3205704,-1.587102,-1.432213,-1.229941,-0.3357269
galactose_exp1,0.3631671,0.3508569,0.3880795,0.3758211,0.468198,0.5849051,0.4198461,0.1565498,0.4148654,0.3697291,0.4825839,0.4811049,0.4631181,0.5548122,0.4829552,0.3633827,0.3493351,0.4597352,0.07778621,0.2032746,0.4519189,0.3692027,-0.1737226,0.1830334
galactose_exp2,0.8482503,0.7359489,0.3111494,0.09503002,0.8103611,0.855938,0.4960774,0.6931957,0.8762168,0.7548261,0.4570301,0.1293827,0.8879816,0.8519967,0.5586851,0.5691343,0.751757,0.8830405,0.05409744,-0.1560863,0.8115824,0.7265043,0.2597672,0.1836031
glucose_1_phosphate_exp1,-1.058002,-1.096298,-0.5813535,-0.5048134,-0.9896648,-1.276921,-0.8819952,-0.8652397,-1.128913,-1.126213,-0.7787464,-0.527302,-1.137861,-1.257952,-0.9471304,-0.8249472,-0.9623259,-1.131163,-0.1587594,-0.03710405,-1.018425,-1.036533,-0.8778921,0.04224943
glucose_1_phosphate_exp2,0.7966028,0.8709374,0.4476488,0.357389,0.8473767,0.9352612,0.6965127,0.2204284,0.8466582,0.8234114,0.6980332,0.4178962,0.8820989,0.9687168,0.758477,0.481381,0.730125,0.9517084,0.2488148,0.03452723,0.8447161,0.7134148,0.1364717,0.1670435
glucose_2_exp1,-0.536175,-0.5426968,-0.483148,-0.2628379,-0.5939104,-0.7286547,-0.6802157,-0.7435127,-0.5812942,-0.6187459,-0.5098905,-0.3897767,-0.6257703,-0.7195691,-0.7106083,-0.6402819,-0.5193396,-0.5616336,-0.1217949,0.01589499,-0.6020434,-0.5482264,-0.4884042,0.06394885
glucose_2_exp2,0.04831088,0.156828,-0.02364303,0.09657448,0.0596123,0.06969701,0.09556947,-0.1710785,0.02514449,0.1166964,-0.01300015,0.1447822,0.03067842,0.07969583,0.1026518,-0.1333786,0.05429741,0.07779049,-0.05414569,0.2772486,0.06488666,0.04566293,0.3066288,0.1629856
glucuronic_acid_exp2,-1.359023,-1.283733,-1.059257,-0.4493303,-1.392994,-1.476374,-1.364567,-0.7177056,-1.411343,-1.361843,-1.344507,-0.5512217,-1.494912,-1.497754,-1.42803,-0.9975124,-1.245964,-1.414216,-0.5595579,0.3037739,-1.372668,-1.247727,-0.4705064,0.1682347
glutamic_acid_exp1,0.1159121,0.1028778,0.1147316,0.2222767,0.02073026,0.1449627,0.07927027,-0.6402314,0.0875209,0.09241648,0.2071833,0.2096361,0.08849894,0.1127043,0.09940873,-0.310103,0.1105309,0.1095864,-0.003583565,0.3338386,0.02808551,0.1459046,-0.08030924,-0.04071512
glutamic_acid_exp2,1.941621,2.049077,1.147078,1.145055,1.886762,1.817784,1.592218,1.291549,1.932871,2.089726,1.373436,1.16365,1.891167,1.845706,1.71374,1.489833,1.72709,1.922112,0.007672372,0.5423307,1.954974,1.70225,0.4504346,0.3620835
glutamine_exp2,-0.2501103,-0.1672502,-0.1678675,0.08995503,-0.3538184,-0.2170852,-0.2672877,-0.1708435,-0.2763705,-0.1366931,-0.1845927,-0.03992618,-0.3287604,-0.2600025,-0.229259,-0.1460662,-0.2169925,-0.3159169,-0.01723114,0.251403,-0.2999193,-0.2015852,0.136946,-0.1021244
glyceric_acid_exp1,0.1699664,0.1254968,0.3157974,0.0319868,0.2337875,0.2989442,0.350161,-0.06735367,0.134863,0.2328847,0.373273,0.2778132,0.2025216,0.2241284,0.3882769,-0.03508706,0.2020003,0.09061492,0.2722138,0.2012506,0.2244485,0.2383062,0.763228,0.1855114
glyceric_acid_exp2,-0.7572966,-0.7003435,-0.4241542,-0.02674662,-0.7621607,-0.706879,-0.4929341,-0.3380991,-0.7869339,-0.6593768,-0.5806833,-0.117508,-0.8031434,-0.6812511,-0.4818635,-0.3538109,-0.6479373,-0.8109179,-0.2144633,0.3707828,-0.7322746,-0.741121,-0.2799532,-0.1057005
glycerol_alpha_phosphate_exp2,0.6075369,0.6035971,0.2802603,0.3538561,0.5261478,0.4951963,0.4262322,0.4999906,0.5881253,0.6538852,0.3283218,0.3612889,0.5101766,0.4990487,0.5057288,0.403429,0.5155978,0.514114,0.1561492,0.3399955,0.5882555,0.4942204,0.7463942,0.4024447
glycerol_exp2,-0.9198143,-0.7796079,-0.5364751,-0.7262504,-0.8925558,-0.7631915,-0.8496631,-1.037322,-0.9599955,-0.8757247,-0.6494168,-0.6370933,-0.8857868,-0.8234798,-0.8885075,-1.007176,-0.7855748,-0.8260087,-0.1852362,-0.1706277,-0.9493926,-0.7715746,-0.7930419,-0.3750439
glycine_exp1,-0.2811663,-0.3213187,0.07980242,0.1150192,-0.3275023,-0.5576859,-0.009819986,-0.1383951,-0.3806892,-0.1511204,0.009326644,0.1113205,-0.4391155,-0.4938163,-0.001349328,-0.2023249,-0.2560768,-0.5964594,0.1544708,0.3541497,-0.2780776,-0.359037,0.8069355,0.1730284
glycine_exp2,0.07257027,0.1808268,0.08303134,0.3162716,0.04560947,-0.03430399,0.09189302,0.2159831,0.03559932,0.2480647,0.0641575,0.3252071,0.009365313,0.06707724,0.119857,0.2082741,0.07726501,-0.03998381,-0.2508281,0.4272286,0.07783229,-0.0726472,-0.2243954,-0.07126902
glycolic_acid_exp1,-0.4327495,-0.4488463,0.1302626,0.304484,-0.4676758,-0.3224117,-0.09747378,0.02630729,-0.4338801,-0.3251083,0.014418,0.2821666,-0.4908906,-0.3989036,-0.04007702,0.00829411,-0.3732096,-0.5607882,0.2077568,0.3475876,-0.4045178,-0.331686,0.3742377,-0.0845191
heptadecanoic_acid_exp1,0.4529333,0.4276222,0.05966021,0.08975334,0.5023132,0.3761214,0.4470276,0.534709,0.4706196,0.3832758,0.0597923,0.0628752,0.4566927,0.4172882,0.4398467,0.4014308,0.3893883,0.5178886,0.0661961,-0.08740011,0.5138127,0.3818056,0.5269927,0.3550822
hexonic_acid_exp2,-0.7412478,-0.6539844,-0.6251173,-0.3012367,-0.8105122,-0.7549168,-0.8669833,-0.3649146,-0.7542742,-0.7166977,-0.7108682,-0.4976275,-0.8250172,-0.7994741,-0.8601349,-0.483613,-0.6848543,-0.7319929,-0.1492852,-0.01992663,-0.7773023,-0.6721029,-0.2862528,-0.01400338
hydroxylamine_exp1,-0.913535,-0.8412907,-0.6771521,-0.417363,-0.9277484,-1.059244,-0.8297262,-0.9078938,-0.9618018,-0.9404941,-0.8174786,-0.5388625,-0.9697974,-1.001608,-0.897956,-0.8838536,-0.8399908,-0.9159991,-0.294204,-0.1581552,-0.9666747,-0.9112349,-0.8112596,-0.3084607
hydroxylamine_exp2,0.8723442,0.8624869,0.511887,0.6425379,0.831649,0.7838435,0.6232402,0.2955881,0.8458063,0.830846,0.639694,0.5262306,0.8248662,0.7214206,0.7046323,0.4854125,0.7561011,0.8877573,-0.1565709,0.2357907,0.8479006,0.7921905,0.04522505,0.2907525
inositol_myo__exp2,0.3759897,0.407472,0.314751,0.3509805,0.4204512,0.3132256,0.4986772,0.286317,0.3803051,0.3847153,0.3853486,0.2282726,0.3777356,0.3259057,0.510761,0.4503629,0.3392528,0.4205666,0.09907464,-0.1850757,0.4352067,0.335326,-0.115803,-0.08900997
inulobiose_2_exp2,-1.130612,-1.121618,-0.7271766,-0.3466041,-1.199501,-1.215215,-1.0152,-0.6069632,-1.195094,-1.073204,-0.8951929,-0.4787719,-1.255478,-1.186737,-1.016231,-0.8138665,-1.006014,-1.276346,-0.3399708,0.2365313,-1.157951,-1.109293,-0.198369,0.01362694
isoleucine_exp1,-1.047206,-0.9743963,-0.380053,-0.197836,-1.064053,-1.008101,-0.8172699,-1.078363,-1.100994,-0.9632246,-0.4998243,-0.09381099,-1.107883,-1.071525,-0.8560252,-0.8860242,-0.9158925,-1.125786,-0.01996456,0.5190969,-1.061098,-0.8857421,-0.2895259,-0.09021389
isoleucine_exp2,1.986176,2.093723,1.25861,1.099491,2.005292,1.915675,1.829759,1.490618,2.00314,2.161924,1.459418,1.24468,1.998456,1.993988,1.916199,1.675487,1.788409,1.988013,0.1705141,0.5560929,2.059746,1.739844,0.6721551,0.3519923
lactic_acid_exp1,-1.964679,-1.975329,-0.8521236,-0.5321734,-1.932745,-1.623061,-1.554384,-1.490056,-1.987917,-1.981941,-1.05808,-0.598757,-1.986407,-1.911496,-1.572222,-1.428667,-1.719871,-1.968846,0.01595568,0.06578078,-1.929751,-1.476868,-0.2266788,-0.1445977
lactic_acid_exp2,1.49683,1.539618,1.044756,0.9517082,1.477647,1.22437,1.200251,0.9010154,1.454977,1.560403,1.220199,1.009278,1.43201,1.241539,1.254619,1.070988,1.304744,1.419527,-0.07442688,0.5608049,1.495325,1.285732,0.5933012,0.4899877
lactobionic_acid_exp1,-0.01621898,-0.01867451,0.2676705,0.372051,0.0846822,0.09136068,0.04277996,-0.140845,-0.02576414,-0.01143876,0.3125159,0.4611146,-0.01291758,-0.05648885,0.09031332,0.06109452,0.0002491377,0.004032402,0.01157969,0.4305777,0.08934673,0.1101322,0.06735353,0.4508823
lactobionic_acid_exp2,-0.06099175,-0.08716569,0.0966048,0.6127462,-0.05392008,0.1141292,0.07761433,0.2275418,-0.03934074,0.008851304,0.08988705,0.5482525,-0.07591397,0.06801548,0.1823153,0.2182361,-0.04222455,-0.1195411,-0.1216347,0.5138114,-0.007453639,-0.04551771,0.2776829,0.2195037
lauric_acid_exp1,-0.04269228,-0.1792109,0.06977621,0.1089342,-0.0941851,-0.1255521,-0.2132668,-0.2709412,-0.0595546,-0.1654434,0.1201362,-0.03429571,-0.1196806,-0.2257511,-0.1400068,-0.1526107,-0.08063439,-0.101467,0.09633025,-0.1199382,-0.07485476,-0.02215444,-0.3111725,0.1838815
leucine_1_exp2,-0.02696532,0.04294004,-0.1170181,-0.3297668,0.008973506,-0.1297465,-0.04233502,-0.533676,-0.09608503,-0.06093303,-0.1294995,-0.3703775,-0.02909144,-0.09788514,-0.05405421,-0.4477835,-0.008769172,0.04525867,-0.3285581,-0.4853938,-0.0447948,-0.0849953,-1.037062,-0.337398
leucine_exp1,-0.3417045,-0.3849477,-0.002990358,0.4609572,-0.3985508,-0.2492081,-0.4814276,-0.1761485,-0.3568254,-0.2984807,0.01988769,0.3917971,-0.4024434,-0.3853587,-0.407358,-0.1103156,-0.3064304,-0.4600528,-0.3532371,0.6103873,-0.363031,-0.2366574,-0.1640523,0.2098829
leucine_exp2,0.07068728,0.1034262,0.1142306,0.3196991,0.0474831,0.03427837,0.2343928,0.454978,0.09419845,0.1923793,0.06371238,0.3383612,0.04758168,0.1235428,0.2169587,0.4895312,0.07608763,-0.006203555,0.09525255,0.3799932,0.1040287,0.009418268,0.04838879,-0.1060055
leucrose_exp1,-0.6415876,-0.5795203,-0.389462,-0.1277556,-0.7434169,-0.6817997,-0.6266195,-0.6100758,-0.6420648,-0.6188115,-0.4736823,-0.1975577,-0.7235051,-0.6932391,-0.6637319,-0.499965,-0.6011476,-0.6675161,0.08133335,0.1792859,-0.7078862,-0.5523536,-0.3154903,-0.1744498
leucrose_exp2,-0.07954116,-0.1312998,-0.1029474,-0.07288168,-0.07282048,-0.14223,-0.03502124,-0.1749342,-0.142068,-0.1341106,-0.1541281,-0.2308099,-0.1219297,-0.1847263,-0.00129726,-0.1010476,-0.04772423,-0.08078873,-0.2027487,-0.06944089,-0.06296488,-0.09554439,-0.4797249,0.01682226
levoglucosan_exp1,-0.7932176,-0.788464,-0.3188804,-0.2410412,-0.7981408,-0.7020274,-0.7767835,-0.4291799,-0.8195456,-0.7457842,-0.3760083,-0.2849373,-0.8295633,-0.8113192,-0.7453132,-0.4579475,-0.6926476,-0.8523656,-0.05533561,0.1245728,-0.78441,-0.6671992,-0.2285809,0.01183797
lignoceric_acid_exp1,1.380975,1.374207,0.645578,0.6619291,1.422566,1.138412,1.077579,1.194768,1.417156,1.320286,0.7730015,0.651936,1.345518,1.189966,1.109453,1.1907,1.171247,1.436076,0.1744796,0.1262051,1.458225,1.184068,0.5974418,0.6988537
lignoceric_acid_exp2,-1.107622,-1.069081,-0.6324546,-0.3099276,-1.131606,-1.089101,-1.11837,-0.6147641,-1.129726,-1.051434,-0.7800249,-0.3125824,-1.175794,-1.128221,-1.137683,-0.6707161,-0.9874013,-1.180131,-0.2921116,0.3119159,-1.110301,-0.9989659,-0.7629106,-0.0366526
lyxitol_exp1,1.378848,1.282627,1.008433,0.7362942,1.478294,1.335059,1.273708,0.623869,1.374725,1.329064,1.211935,0.9168944,1.420758,1.321723,1.363743,0.8666299,1.236013,1.388121,0.1195669,0.2211007,1.464523,1.233676,0.228498,0.5050871
malate_exp1,-0.1373532,-0.2091062,0.03721376,0.2406184,-0.1452384,-0.05659221,-0.0234981,-0.411295,-0.1797819,-0.2464808,0.02273553,0.08981241,-0.1622543,-0.2109571,0.02040675,-0.2631293,-0.1012276,-0.09099388,-0.2665337,0.08072098,-0.1362096,-0.003419506,-0.1895825,0.05840722
malate_exp2,1.680967,1.755143,1.101016,0.4284473,1.717958,1.687856,1.410512,0.9422661,1.689179,1.758804,1.29193,0.7225249,1.741343,1.658131,1.471648,1.121793,1.518394,1.754272,0.3720682,0.05417185,1.714571,1.562397,0.2691087,0.1408979
maleic_acid_exp1,1.258872,1.187633,0.9827238,0.7001814,1.182373,1.040588,1.021036,0.3963081,1.224235,1.229434,1.127401,0.7836923,1.173408,1.026414,1.118768,0.6593471,1.084214,1.17014,0.2283461,0.2494057,1.213884,1.085251,0.02832183,0.2439365
maleic_acid_exp2,-0.7566321,-0.6603234,-0.5644498,-0.08016865,-0.6077266,-0.733168,-0.5485693,-0.2927854,-0.7613462,-0.7455676,-0.7665074,-0.07010339,-0.7647114,-0.7454767,-0.6005902,-0.3108551,-0.673856,-0.6744586,-0.2840929,0.4166348,-0.6170083,-0.6701678,-0.3150853,0.3928049
maltose_1_exp1,-0.708701,-0.5982881,-0.3607911,-0.155623,-0.6744755,-0.6508039,-0.6613642,-0.5000453,-0.7129244,-0.6673392,-0.4017398,-0.2239367,-0.7301927,-0.7425008,-0.6904117,-0.3531511,-0.6275528,-0.6460003,0.009470591,0.1513352,-0.6639236,-0.5505953,-0.3412174,0.03911281
maltose_1_exp2,-1.096496,-1.027618,-0.6522489,-0.7276514,-1.113827,-1.132047,-1.003401,-0.7597945,-1.16789,-1.079291,-0.7917189,-0.8473851,-1.166792,-1.198191,-1.044061,-0.8553508,-0.9517867,-1.097124,-0.1953956,-0.2501676,-1.102785,-0.9596846,-0.5759107,-0.2087925
mannitol_exp1,-0.6495736,-0.6937287,-0.4213653,-0.2011049,-0.6554304,-0.5331181,-0.4884212,-0.5863375,-0.6771505,-0.7111028,-0.5076109,-0.4003745,-0.6566276,-0.6157231,-0.469127,-0.5094361,-0.5521496,-0.611613,-0.1869362,-0.09638882,-0.6528405,-0.5335052,-0.4711343,-0.154118
mannitol_exp2,-0.4018898,-0.3733727,-0.2662028,-0.3289438,-0.3953702,-0.3700618,-0.2584091,-0.487265,-0.4485013,-0.3841775,-0.3303092,-0.3125054,-0.3916036,-0.3377827,-0.2577977,-0.5855863,-0.3358332,-0.4146518,-0.177034,-0.1476188,-0.4366184,-0.4213317,-0.0819155,-0.2346858
monopalmitin_1_glyceride_exp1,-0.3502855,-0.2403433,-0.3062444,-0.1230085,-0.2583711,-0.152788,-0.02847713,-0.2490635,-0.3516654,-0.2834467,-0.3362277,-0.1234101,-0.2871741,-0.1586561,-0.0572633,-0.2351162,-0.2528615,-0.2394662,-0.0520057,0.04581515,-0.2649045,-0.2430523,0.3102881,-0.02757303
monopalmitin_1_glyceride_exp2,-0.06821356,-0.06911807,0.07881638,0.1811969,-0.1123561,-0.07533331,-0.1977211,-0.3359829,-0.09842027,-0.07721638,0.1677744,0.05330141,-0.1217469,-0.1810841,-0.1482929,-0.1653442,-0.06820933,-0.09254243,-0.0855178,0.03887434,-0.09624153,0.001055157,-0.2427866,0.04618596
myristic_acid_exp1,0.7750483,0.6794202,0.5919726,0.5149841,0.8447047,0.7814614,0.7352551,0.531057,0.8199549,0.6737686,0.7050851,0.5399652,0.8128086,0.7405535,0.7884835,0.7050398,0.6745866,0.848506,0.2593046,0.05777313,0.8524601,0.7290485,0.1806821,0.3802393
myristic_acid_exp2,-0.2805139,-0.3209102,-0.05631967,-0.2388056,-0.2915669,-0.156023,-0.2299357,-0.4606515,-0.340075,-0.2748017,-0.05199785,-0.2219506,-0.2927978,-0.2833543,-0.1915206,-0.3695791,-0.1910366,-0.2992539,-0.05937431,0.08143324,-0.2757096,-0.1516803,-0.1547919,0.01480386
N_acetyl_D_hexosamine_exp2,-0.9376713,-0.8731183,-0.6324851,-0.09405899,-1.013677,-0.9648724,-0.7814683,-0.4307856,-0.9784355,-0.8692896,-0.7951797,-0.2926719,-1.05163,-0.964981,-0.791395,-0.6014374,-0.8355423,-1.018126,-0.3753896,0.2473152,-0.9578309,-0.8599694,-0.05058011,-0.04369999
N_acetyl_D_mannosamine_exp2,-1.124961,-0.9805127,-0.6630857,0.06152175,-1.166111,-1.09422,-0.9001235,-0.6073333,-1.154284,-1.076488,-0.9971734,-0.09722188,-1.217498,-1.139341,-0.9290017,-0.6768672,-1.020404,-1.100996,-0.5797679,0.5825881,-1.144903,-1.006695,-0.6019766,-0.1175857
oleic_acid_exp1,0.1308885,0.09112829,0.2822274,0.224471,0.1522071,0.1597891,0.228621,0.2374934,0.145083,0.1069262,0.2374311,0.2157867,0.1147393,0.05438056,0.2451385,0.3352337,0.1130302,0.1406851,0.2389536,0.06672709,0.1858078,0.2281596,0.06800659,0.1049007
oleic_acid_exp2,-0.06262488,-0.0614956,0.04342745,0.1682424,-0.09227808,0.1298603,-0.1681027,0.01880849,-0.0616889,-0.009789316,0.08820434,0.1641079,-0.07753892,-0.04446806,-0.1198715,0.08116915,-0.02162061,-0.07430188,-0.07969288,0.2325612,-0.04068939,0.1316543,-0.07314787,0.08752024
ornithine_4TMS_exp2,1.537028,1.576739,1.125856,0.948317,1.419434,1.491752,1.172436,0.8809128,1.554047,1.595114,1.349685,0.8963171,1.515193,1.446749,1.275584,1.194666,1.358926,1.557434,0.07947105,0.3204948,1.472247,1.406096,-0.02417521,0.01363642
oxoproline_1_exp2,-0.5567679,-0.5478198,-0.2335245,-0.2977451,-0.6190969,-0.5874714,-0.6263138,-0.4035573,-0.6066226,-0.4851186,-0.2575008,-0.2991273,-0.6410904,-0.6771772,-0.6333763,-0.4246425,-0.4856396,-0.6840916,-0.002241837,0.05673851,-0.5825726,-0.4236569,-0.1125805,-0.03102527
oxoproline_exp1,0.8725369,0.8896527,0.6212622,0.4070961,0.8878917,1.031643,0.8190299,0.570223,0.9214158,0.8622955,0.8326681,0.3682104,0.975322,0.9837305,0.863137,0.762894,0.8082275,1.023833,0.25672,-0.008973764,0.8879088,0.8559398,0.5722468,0.04650057
oxoproline_exp2,1.628998,1.50198,1.033841,0.5700966,1.65144,1.461085,1.381467,0.888451,1.61416,1.528741,1.244225,0.6435428,1.64934,1.481138,1.466493,1.031992,1.444123,1.639181,0.1682928,-0.04021379,1.641856,1.391161,0.3275762,0.3715281
palatinose_exp2,-0.6543771,-0.710259,-0.4924533,-0.1752551,-0.7054457,-0.6600822,-0.6149686,-0.5367547,-0.7003275,-0.7233582,-0.6873607,-0.2684556,-0.7410821,-0.7355687,-0.6115916,-0.7084457,-0.6059327,-0.71868,-0.3404974,0.1838607,-0.6964522,-0.5448179,0.04357407,0.1908775
palmitic_acid_exp2,-0.2059797,-0.1062442,-0.2511927,0.2723872,-0.222368,-0.1176704,-0.2492287,-0.007676034,-0.2223757,-0.1358313,-0.2885954,0.07356071,-0.2551082,-0.1725939,-0.1884466,-0.04455622,-0.1725277,-0.1745261,-0.448883,0.2571732,-0.1825528,-0.1654321,-0.2791385,0.09669433
pelargonic_acid_exp1,0.2514301,0.219526,0.3431688,0.1761119,0.257872,0.2032643,0.1384134,0.1990796,0.2341611,0.219063,0.3697821,0.08060239,0.2029162,0.0702753,0.2010813,0.3191294,0.2133719,0.2528984,0.1039567,-0.1736789,0.2873472,0.2994465,-0.4379155,0.06700797
pelargonic_acid_exp2,0.8352578,0.8639189,0.6027982,0.2426095,0.8446215,0.7139301,0.5994337,0.7917257,0.838598,0.9047739,0.5308432,0.5233332,0.807832,0.7321147,0.6143119,0.8001082,0.7286514,0.7993476,0.09927085,0.5055959,0.8696294,0.7127933,-0.2047477,0.3216081
pentadecanoic_acid_exp1,1.047703,0.8841174,0.8446051,-0.03656488,1.070407,0.7263862,0.8125837,0.4812168,0.991631,0.9477235,0.9892509,0.05422753,0.998717,0.6985085,0.8536205,0.6067737,0.9074851,0.9449359,0.5185391,-0.4034958,1.064473,0.8988788,0.1849928,0.329846
phenylalanine_exp2,0.9524242,1.086358,0.3846122,0.6987132,1.040315,0.8969585,1.041936,0.7719724,0.9479055,1.011477,0.5170281,0.5948393,0.9806964,0.9697114,1.047136,0.8458908,0.8786385,1.077004,-0.215712,0.2288904,1.056866,0.8243629,0.6558031,0.3037083
phosphoric_acid_exp1,0.6797584,0.5036678,0.5036767,0.437308,0.5248468,0.7271381,0.1835706,0.2441391,0.6707907,0.5780045,0.6909794,0.3023927,0.5964602,0.5024027,0.3562148,0.3283923,0.5725339,0.5998146,0.158404,0.110925,0.5844489,0.7221765,0.2961782,0.3802659
phosphoric_acid_exp2,-0.1052277,-0.061379,-0.151384,0.2892147,-0.04574337,-0.0686041,-0.08065253,0.4508214,-0.07294089,-0.02909135,-0.2125312,0.2496874,-0.1174472,-0.06583644,-0.07664499,0.4292514,-0.09255359,-0.1070911,-0.07069538,0.4949566,-0.001666958,-0.0949655,0.1123257,0.3732557
phytol_exp1,0.6483259,0.598243,0.3869833,0.2440873,0.5654512,0.4151372,0.3224,0.04999343,0.6430057,0.5154109,0.5061526,0.09814369,0.607787,0.4183539,0.3191913,0.3237878,0.5240352,0.6909802,0.0440977,-0.05793199,0.5595404,0.5401434,-0.3446196,0.07715693
phytol_exp2,0.8896428,0.9619008,0.652914,0.3844687,0.9273555,0.9299633,0.5161248,0.7434319,0.9437009,0.9631577,0.8435106,0.4922426,0.9534499,0.8795982,0.5425231,0.9385804,0.7920198,0.95728,0.1055198,0.02503889,0.9277043,0.8660228,-0.4446365,0.03097066
pipecolic_acid_exp2,1.388256,1.288617,0.9994899,0.4073411,1.398663,1.039788,1.264441,0.776258,1.349365,1.386019,1.114418,0.6511646,1.344442,1.154101,1.287176,0.9192739,1.214136,1.248427,0.4329803,0.2091367,1.404089,1.102846,0.4880717,0.3723544
proline_exp1,-0.1186517,-0.08455287,-0.05118742,-0.1155726,-0.1752844,-0.1762763,-0.2105999,-0.2285754,-0.1265915,-0.1326324,-0.02822915,-0.1715292,-0.1508691,-0.2081623,-0.2383988,-0.1630329,-0.1205124,-0.1044175,0.04861055,-0.09871833,-0.1679262,-0.06762616,-0.1034836,-0.1077416
proline_exp2,0.9997556,1.126295,0.7439584,0.2818655,1.016771,0.9502045,0.8516086,0.4750247,0.9744067,1.125606,0.8770137,0.4309055,1.019725,0.9456611,0.8768684,0.6636758,0.9151212,1.022106,0.1297649,0.03916231,1.011451,0.9147323,-0.04615111,-0.08374624
putrescine_exp1,0.190849,0.2080305,0.2725308,0.2347263,0.2975692,0.1566812,0.3301699,0.1461402,0.1762774,0.1938362,0.2650564,0.2599838,0.1907626,0.1067038,0.3347278,0.29877,0.1797171,0.2239124,0.09751327,0.1251938,0.3004242,0.2166925,0.004737134,0.25586
putrescine_exp2,1.342528,1.375379,1.055838,0.819517,1.340732,1.418122,1.312579,0.6194971,1.365534,1.422757,1.200305,1.010861,1.381977,1.420178,1.402233,0.9592378,1.218539,1.379146,0.2533017,0.4176388,1.365469,1.226278,0.01090364,0.03521808
pyrrole_2_carboxylic_acid_exp1,1.196086,1.27402,0.7604486,0.452988,1.19533,1.174238,1.05594,0.8031467,1.22397,1.257445,0.9983395,0.5474377,1.231793,1.171775,1.067748,0.8804743,1.069431,1.253277,0.3927495,0.009792221,1.213529,1.140068,1.108656,0.2062018
rhamnose_1_exp1,-1.213849,-1.142183,-0.8107761,-0.4447293,-1.213095,-1.003422,-0.9697665,-0.9215535,-1.224374,-1.209769,-0.9564746,-0.6011367,-1.207614,-1.090005,-1.013219,-0.8974521,-1.045622,-1.129776,-0.2593808,-0.08445177,-1.211624,-0.972903,-0.5551555,-0.323091
rhamnose_1_exp2,1.023215,1.040844,0.9565652,0.757805,0.9650806,0.9276499,1.172782,0.7189029,1.025513,1.223211,1.054564,0.9168136,0.9848313,1.070787,1.243138,0.9009504,0.9199645,0.8448097,0.4581337,0.5700988,1.02618,0.7955409,0.7326804,0.03809163
ribitol_1_exp2,-2.10312,-2.011242,-1.231361,-0.754195,-1.975321,-1.949436,-1.760173,-1.279221,-2.134283,-2.09871,-1.41966,-0.9637033,-2.114681,-2.058359,-1.81818,-1.323115,-1.841885,-2.030215,-0.3599999,-0.2044029,-1.994017,-1.815614,-0.9228378,-0.1168176
ribitol_exp2,0.02872424,0.1002295,-0.1681366,0.1903254,0.03359653,-0.06034373,-0.0707908,0.1759515,0.03821647,0.02984907,-0.1877694,0.04731722,0.002149052,-0.04035058,-0.1221074,0.110183,-0.001881554,0.05819803,-0.3799208,-0.02040849,0.03888065,0.05279518,-0.1157782,0.07219932
ribose_exp1,0.04103691,0.03525618,-0.09755875,0.07092859,0.04195303,-0.1487917,-0.1142008,-0.312519,0.01815916,-0.05564243,-0.04894009,-0.03736651,-0.0161322,-0.1501359,-0.1348156,-0.1211754,-0.004873738,0.0729618,-0.03448244,0.07473475,0.03614229,0.008282224,-0.2062273,0.3061926
ribose_exp2,0.8036199,0.8051866,0.6492206,0.3264527,0.8080719,0.9166394,0.7093064,0.5567957,0.8137882,0.8514739,0.6318814,0.5738191,0.8186252,0.8356469,0.793422,0.6243907,0.7351324,0.8256062,0.1917236,0.3271951,0.834824,0.782731,-0.1149885,0.1177151
serine_1_exp1,-0.009851519,0.03069905,-0.2191614,0.07866017,0.02849117,0.00636759,-0.1085971,0.05414166,-0.009868849,0.01149374,-0.2337975,0.1356671,0.01135232,0.05381027,-0.1288912,-0.04889991,-0.009234654,0.001557153,-0.361528,0.3930344,0.003907194,-0.05056592,0.2250552,0.3175553
serine_1_exp2,0.08976089,0.04726759,0.1846144,0.3926442,0.03204045,-0.05334174,0.1657498,0.3527369,0.08916597,0.1225412,0.1323339,0.3664592,0.00738953,-0.0136727,0.1618065,0.3737926,0.06118496,-0.02454192,0.09416171,0.533016,0.09629042,0.03248081,0.4152658,0.2412367
serine_exp1,-0.4807875,-0.4680285,-0.06162603,-0.168163,-0.4645049,-0.4061559,-0.2678993,-0.3018243,-0.4920784,-0.445133,-0.1143672,-0.1675813,-0.4904759,-0.4956855,-0.2770021,-0.182212,-0.3959981,-0.4852401,0.1761474,-0.1808506,-0.4402221,-0.3310224,-0.5120057,-0.3359344
serine_exp2,1.080915,1.232468,0.6881306,0.008629276,1.161815,1.105411,0.8330894,0.5051952,1.099137,1.164392,0.8983861,0.1800954,1.188076,1.123991,0.845261,0.6854698,0.9852544,1.227566,0.2397793,-0.4004154,1.111978,0.9826105,-0.2772485,-0.1688444
shikimic_acid_exp2,-0.9903888,-0.9634923,-0.6287506,-0.3100106,-1.083982,-0.9257757,-1.086554,-0.675667,-1.04481,-0.9586222,-0.7314463,-0.4850681,-1.094353,-1.062017,-1.04093,-0.7876612,-0.8759027,-1.059795,-0.3815165,-0.02844309,-1.045599,-0.8300479,-0.7273006,-0.2012046
stearic_acid_exp1,-1.816344,-1.709706,-1.140167,-0.8285002,-1.910566,-1.867891,-1.710162,-1.41673,-1.886733,-1.763509,-1.354481,-0.9627071,-1.928281,-1.901776,-1.806181,-1.462348,-1.621235,-1.892295,-0.288315,0.06285946,-1.905145,-1.620848,-0.6893928,-0.3623272
succinic_acid_exp1,-0.3946942,-0.380772,-0.1150084,0.0696342,-0.3067305,-0.2261355,-0.2331135,-0.9422153,-0.4100582,-0.4243445,-0.07767974,0.1192549,-0.3487681,-0.3128698,-0.2237297,-0.5867615,-0.3274393,-0.327149,-0.09467236,0.1068118,-0.3520826,-0.2501486,-0.6187796,-0.02827133
succinic_acid_exp2,0.8563852,0.849122,0.4414215,0.6477145,0.9532422,0.8831933,0.7641734,0.7238595,0.8675893,0.8735992,0.4882653,0.7341169,0.8660227,0.8501773,0.824802,0.7787337,0.7672916,0.8816797,-0.09848616,0.5302255,0.9753453,0.8031771,0.3938367,0.6742484
talose_exp1,0.8426721,0.9530538,0.4145916,0.3351074,0.9132549,1.013036,0.8522224,0.5971352,0.8912831,0.8887855,0.5455401,0.3853337,0.9640804,1.041403,0.8460914,0.6586988,0.7933275,1.026598,-0.07562952,-0.01715755,0.8987989,0.8233911,0.3429333,0.007773322
talose_exp2,-0.04971228,-0.1501913,0.08086253,-0.0385352,-0.05905983,-0.05096935,-0.03746096,0.1548683,-0.0454933,-0.05129909,0.07169503,-0.04332222,-0.05757387,-0.06296449,-0.01729205,0.1034584,-0.04127153,-0.1453367,0.07622851,-0.1457864,-0.04378449,-0.04102296,-0.1338102,-0.07686969
threitol_exp1,0.4519299,0.5683873,0.0770546,0.2704203,0.5312771,0.5392039,0.4889438,0.1528581,0.4901179,0.4619438,0.08454785,0.3206551,0.5408647,0.6363328,0.4674637,0.2522404,0.4118371,0.6265694,-0.2496349,0.1882286,0.4927927,0.3673818,-0.1822633,0.05823723
threitol_exp2,-1.159175,-1.016354,-0.5052189,0.1084889,-1.097038,-0.9632444,-0.5996688,-0.5774416,-1.150344,-0.9763275,-0.7096663,0.1544412,-1.141269,-0.9190388,-0.6591715,-0.5156913,-0.9847073,-1.189598,-0.2682763,0.5216223,-1.0865,-1.018312,-0.4025287,-0.3855103
threonic_acid_exp1,-1.761599,-1.777324,-0.8224879,-0.5572193,-1.8052,-1.590129,-1.337111,-1.448626,-1.824586,-1.731932,-1.121188,-0.57657,-1.837714,-1.7311,-1.350243,-1.425944,-1.540347,-1.871244,-0.1412604,0.04801157,-1.794274,-1.465974,-0.8939664,-0.5274078
threonic_acid_exp2,0.06940499,0.2534029,0.1344466,0.04677541,0.2002309,0.1660503,0.0595418,0.3304474,0.07770179,0.2349035,0.08651982,0.2417459,0.09933338,0.09723686,0.05350447,0.3463701,0.08455983,0.124711,0.02560067,0.218171,0.1993818,0.1539432,-0.2238992,0.1407944
threonine_exp1,-0.4540729,-0.4696072,-0.1321194,0.01372731,-0.4002006,-0.4551267,-0.2925611,-0.7476403,-0.5043194,-0.4960228,-0.1492392,-0.001802383,-0.4591062,-0.5193898,-0.3174542,-0.4558099,-0.3781309,-0.4432749,-0.2041169,0.1733557,-0.4247963,-0.357529,-0.6460003,-0.03827701
threonine_exp2,0.1328039,0.1769635,0.08092065,0.3478528,0.1211643,0.1276842,0.1248818,0.1407646,0.07847411,0.1863661,0.1292289,0.1897966,0.07447144,0.04756632,0.1953013,0.1287856,0.1433398,0.1058114,-0.2931643,0.1073892,0.1558291,0.1434415,0.07967533,0.06930163
tocopherol_exp2,-1.342627,-1.33321,-0.8055971,-0.7120696,-1.376631,-1.365032,-1.221593,-0.732599,-1.403714,-1.320828,-1.072594,-0.6876518,-1.43656,-1.446603,-1.286598,-1.009541,-1.196526,-1.454863,-0.1906506,0.1051176,-1.365057,-1.149128,-0.06103044,-0.01455885
trans_sinapinic_acid_exp1,0.8570874,0.6901736,0.5682602,0.521482,0.7811771,0.8465835,0.6996977,0.5344378,0.8687418,0.788309,0.7383222,0.4878391,0.8054952,0.7803687,0.8274462,0.5592893,0.7429914,0.7746691,0.3944434,0.1056325,0.8433144,0.7915498,0.8889097,0.4332254
trans_sinapinic_acid_exp2,0.346594,0.3861404,0.1810081,0.2523828,0.2696552,0.1412791,0.1946188,0.3569035,0.311162,0.4230415,0.178317,0.2097038,0.247154,0.2096206,0.2118256,0.2874444,0.2893763,0.2385462,-0.1867959,0.2451171,0.3158074,0.2168317,0.01085517,0.1127891
trehalose_exp2,0.3566462,0.355821,0.1676233,0.4483279,0.2737767,0.2561869,0.1226097,0.2349775,0.3521306,0.3863256,0.2855747,0.2874946,0.2787068,0.2593093,0.1908552,0.293835,0.2844483,0.2821751,-0.04369835,0.225359,0.3179226,0.2697199,0.2053687,0.2253724
tyrosine_exp1,-0.01098756,-0.04007866,0.1891485,0.297057,-0.04593489,-0.05703582,0.08622433,-0.3711265,-0.04536822,-0.004549275,0.1979961,0.2990592,-0.07438797,-0.08785212,0.1173519,-0.1494606,-0.01436242,-0.08550958,0.07005759,0.3613221,-0.0220701,0.003265105,0.02675176,0.1227538
tyrosine_exp2,0.1159981,0.1896496,0.03373711,0.3428248,0.1334118,0.04967233,0.1245381,0.3083361,0.1047181,0.203562,-0.002075414,0.3496522,0.05225586,0.07766232,0.1474224,0.2802008,0.1010126,0.08293481,-0.1343102,0.4721606,0.1824212,0.06350242,0.1263409,0.3392568
urea_exp1,-0.9463185,-0.8802769,-0.6112654,-0.4179082,-0.8951819,-1.088282,-0.870075,-0.575981,-1.002638,-0.9310893,-0.7809298,-0.5097902,-1.032966,-1.126944,-0.9214091,-0.6083928,-0.8628303,-0.9875606,-0.1260958,0.008577812,-0.8989625,-0.8598376,-0.4301154,0.1150218
urea_exp2,0.7136836,0.8877855,0.4031466,0.5402218,0.8625568,0.9215859,0.7612081,0.8123231,0.7797522,0.847276,0.5191025,0.6262058,0.849484,0.9321306,0.7525037,0.8599196,0.6786271,0.8753695,-0.154725,0.1166637,0.8446999,0.7303183,0.2233309,0.04686444
valine_exp1,-0.3457099,-0.286584,0.01430451,0.2237316,-0.3049794,-0.3257192,-0.160201,-0.5718917,-0.3720163,-0.2455303,0.03894769,0.261593,-0.3604882,-0.3290369,-0.171839,-0.2839325,-0.2919899,-0.4155813,-0.03851933,0.3547265,-0.3105173,-0.2823752,-0.2452666,-0.02650762
valine_exp2,0.8099775,0.9395603,0.4328104,0.4276466,0.8546072,0.738775,0.6330705,0.4459022,0.786448,0.9213025,0.5775858,0.5041077,0.7908681,0.7457724,0.6750229,0.5869524,0.7320023,0.8338212,0.01868559,0.3545653,0.8731771,0.7113294,0.2892444,0.3842191
X1_2_4_benzenetriol_exp1,-0.1160775,-0.01135633,-0.01966669,-0.2947839,-0.1082139,-0.1746276,-0.1246304,-0.3156539,-0.1041926,-0.09446245,-0.04681204,-0.1830713,-0.1024024,-0.1512978,-0.1921548,-0.1683785,-0.123953,-0.05407749,0.2909794,-0.1879504,-0.1376735,-0.09383773,-0.4044452,-0.2748971
X1_2_4_benzenetriol_exp2,1.027174,0.9513583,0.5005485,0.3008737,1.058878,1.077262,0.6802432,0.6873604,1.040741,0.9361443,0.6526147,0.3462809,1.08475,0.9987717,0.7455862,0.6930604,0.9289289,1.117247,-0.181401,-0.1296948,1.0491,0.9800885,-0.1880275,0.2296458
X1_hexadecanol_exp1,-0.03641788,-0.0227895,-0.1089712,-0.5546522,-0.01797858,-0.4366284,-0.2752075,0.007934322,-0.08381559,-0.1306353,-0.1558503,-0.6636351,-0.1205601,-0.3957802,-0.3357511,-0.005561421,-0.0849545,-0.01864801,0.09704948,-0.6013401,-0.03150266,-0.1464062,-0.8189365,0.01721281
X1_monostearin_exp2,-0.2289244,-0.1671299,-0.2134455,-0.02619015,-0.2050215,-0.2645178,-0.3413067,-0.02255853,-0.2572554,-0.1997591,-0.2882878,-0.02263521,-0.266061,-0.2914242,-0.3392033,-0.141841,-0.2100409,-0.2332702,-0.3587687,0.2478354,-0.2077597,-0.2218482,-0.1925408,0.2254546
X2_palmitoleic_acid_exp1,-0.7668645,-0.7853586,-0.2785118,-0.4582917,-0.7690748,-0.7868091,-0.6581853,-0.8763792,-0.860102,-0.7219387,-0.3642904,-0.3906,-0.8244993,-0.8343779,-0.6337181,-0.9159627,-0.6590382,-0.910894,-0.2045708,-0.2124243,-0.7959573,-0.7056179,-0.7168582,-0.3121723
X2_palmitoleic_acid_exp2,-0.3286957,-0.2892359,-0.4633387,-0.0332041,-0.3628071,-0.4296071,-0.4904925,-0.1748542,-0.3503355,-0.3707097,-0.542405,-0.2438641,-0.3918394,-0.4078373,-0.4835566,-0.2998581,-0.3263081,-0.3095259,-0.5113605,-0.05404826,-0.3641946,-0.374865,-0.60646,0.006803349
X4_hydroxybenzoate_exp2,0.2540602,0.2207806,0.3943472,0.165686,0.1934596,0.3656761,0.2439564,0.006468297,0.255791,0.3208139,0.3969085,0.3718402,0.2407977,0.300428,0.3033259,0.06377258,0.2350081,0.1618964,0.2498483,0.2324224,0.2172818,0.2992773,0.1018949,-0.08727653
X4_hydroxyproline_exp1,0.496807,0.5844149,0.231822,0.3748027,0.5007675,0.5491081,0.365881,0.3014385,0.5576225,0.4876102,0.3381152,0.4042507,0.5312524,0.5566246,0.3591379,0.4154092,0.4271297,0.6422038,0.04465293,0.183094,0.5154561,0.492325,0.1284851,0.1733233
X4_hydroxyproline_exp2,0.1011515,0.2566726,0.1162157,-0.03064105,0.07724149,0.05347145,-0.07964571,-0.2031378,0.06647144,0.2132418,0.1826376,0.07911519,0.07436086,0.03999389,-0.08992188,-0.1322406,0.09537765,0.09816996,-0.1395357,0.04089677,0.06859106,0.1096958,-0.3771065,-0.158654
X5_aminovaleric_acid_exp1,-0.7146108,-0.7462489,-0.2658584,-0.07517,-0.6528145,-0.6187368,-0.5783627,-0.8330311,-0.7312958,-0.7461488,-0.2626235,-0.01766689,-0.7227251,-0.7024485,-0.5696332,-0.6552454,-0.625551,-0.7229234,-0.01689099,0.1929048,-0.6631564,-0.5721278,-0.3336498,0.1711137
xylonic_acid_exp2,-0.6088084,-0.5171014,-0.2468596,-0.2045863,-0.6278781,-0.6143149,-0.5117472,-0.3738631,-0.6596697,-0.4978331,-0.3669604,-0.192321,-0.6841614,-0.661381,-0.4992681,-0.3695411,-0.5235848,-0.668585,-0.03957401,0.2140809,-0.5956171,-0.5461879,-0.3887504,-0.1044381
xylose_1_exp1,0.05743928,0.08472988,0.1210003,0.5192959,0.1582216,0.2660529,0.3090457,-0.2414356,0.05042029,0.06020595,0.1330751,0.5589652,0.09823038,0.1685405,0.3425393,-0.001810677,0.09460269,0.1477578,-0.1725903,0.5683672,0.1585389,0.1778841,0.2372356,0.346089
xylose_1_exp2,-1.12183,-0.9882672,-0.7605042,-0.06639351,-0.9433254,-0.9833058,-0.7918549,-0.3857382,-1.156276,-1.019608,-0.9457417,-0.1076022,-1.151804,-1.058725,-0.7982829,-0.5281032,-0.9639373,-1.092257,-0.3987459,0.5092778,-0.9276895,-0.9493122,0.1414368,0.5342661
Lesion_0_m_cx_Apple517,-0.2824987,-0.1565968,-0.05810166,-0.2556573,-0.1567753,-0.1509968,-0.1317217,-0.2347597,-0.2412649,-0.1976574,-0.1262242,-0.14013,-0.1841864,-0.1656469,-0.218723,-0.2444918,-0.2213028,-0.1636876,0.1718897,-0.1824,-0.180751,-0.1651969,-0.1598442,-0.2062538
Lesion_0_m_cy_Apple517,-0.178201,-0.1602984,-0.4042012,-0.06808503,-0.1847408,-0.1758908,-0.1721254,-0.03397728,-0.214897,-0.2033368,-0.2462348,-0.1343062,-0.2072543,-0.228131,-0.2303533,-0.09715167,-0.1569687,-0.1741923,-0.09319215,-0.01751489,-0.1852108,-0.1437727,0.02810114,0.2353374
Lesion_0_m_eccentricity_Apple517,-0.5630867,-0.4288419,-0.4133745,-0.3745106,-0.4612938,-0.3419099,-0.2056624,-0.4266248,-0.5419351,-0.410644,-0.4791552,-0.3270916,-0.4929246,-0.398152,-0.2622409,-0.4612599,-0.454098,-0.5085654,-0.1478014,-0.2513701,-0.4598862,-0.3760021,-0.02465191,-0.5370636
Lesion_0_m_eccentricity_B05_10,-0.7317246,-0.7227139,-0.7584827,-0.4238897,-0.7706353,-0.7109364,-0.6504105,-0.4244942,-0.7806967,-0.7677586,-0.8538354,-0.5230047,-0.7648807,-0.7765502,-0.7052728,-0.4541855,-0.6805844,-0.7754628,-0.3458554,-0.1497493,-0.829638,-0.6623291,-0.4875272,0.04245957
Lesion_0_m_eccentricity_Ctrl,0.2397325,0.2813176,0.09517144,-0.01024338,0.252185,0.2209543,0.2320683,0.2240399,0.2478443,0.2455538,0.08096995,0.003212278,0.2780262,0.24118,0.2161677,0.2024241,0.2148572,0.2925143,-0.103547,-0.1747583,0.2284094,0.2078115,-0.06204203,0.09255239
Lesion_0_m_eccentricity_Supersteak,0.1837062,0.02783544,-0.2693984,0.2162013,0.25798,0.2230445,0.08394213,-0.2544625,0.158785,0.09562569,-0.07410221,0.191837,0.182139,0.2258723,0.1531933,-0.1746189,0.1840626,0.1149318,-0.04777861,0.1919861,0.2581842,0.1604723,0.06947242,0.02392573
Lesion_0_m_eccentricity_UKRazz,0.07024492,0.13796,-0.2821833,-0.02532595,0.08678372,0.1165168,0.05437501,-0.03405317,0.07934934,0.1331275,-0.1780512,-0.02981994,0.1299248,0.1473513,0.0731625,-0.03504029,0.07411949,0.1240344,-0.3041889,-0.1292448,0.05754894,0.06577919,-0.121265,0.05464071
Lesion_0_m_theta_Apple517,0.7384055,0.7146186,0.3906545,0.4018232,0.6849675,0.529472,0.5671919,0.4994772,0.7124143,0.6821825,0.3954571,0.4297975,0.6858062,0.5620261,0.644183,0.5899977,0.6248787,0.724164,0.1619551,0.353999,0.6730835,0.5649448,0.4914746,0.3007998
Lesion_0_m_theta_B05_10,-0.2631282,-0.2903258,-0.1217741,0.229386,-0.4163747,-0.3359755,-0.2147777,-0.1474339,-0.3240788,-0.2872829,-0.176727,0.1329425,-0.3705832,-0.3391585,-0.2273152,-0.1708563,-0.2300942,-0.3265307,-0.1405834,0.4246141,-0.3627068,-0.2758209,0.04312458,-0.0642791
Lesion_0_m_theta_Ctrl,0.2071141,0.1339057,0.07802207,-0.08006494,0.1528655,-0.01838951,-0.003178376,-0.0465848,0.14373,0.1108994,-0.03511906,-0.1258432,0.1232051,0.03611763,0.0412359,-0.003222523,0.167594,0.159721,-0.01609463,0.04347556,0.1539003,0.05562403,-0.2548872,0.3272669
Lesion_0_m_theta_Supersteak,0.4876669,0.4194222,0.2734901,0.2965854,0.3843004,0.3696522,0.3397669,0.1224171,0.4531252,0.4473214,0.2701074,0.23607,0.4066192,0.4054835,0.3533293,0.3367621,0.419868,0.4173773,-0.0548168,0.1778955,0.4247646,0.3557656,0.1043696,-0.081121
Lesion_0_m_theta_UKRazz,0.5237453,0.5760596,0.07434272,0.2283289,0.5356663,0.5210677,0.4340153,0.3415623,0.5244713,0.5873621,0.3429445,0.2208128,0.6005864,0.5605381,0.4557736,0.4133679,0.4960503,0.557569,0.02138646,-0.04466366,0.5026066,0.4663942,0.07789112,0.3539956
Lesion_Bblu_m_eccentricity_Apple517,-0.5687739,-0.5712094,-0.4022668,-0.4700127,-0.5150559,-0.4440378,-0.4213639,-0.5203759,-0.5534463,-0.5585396,-0.4611726,-0.36764,-0.537889,-0.4755448,-0.4091391,-0.6775302,-0.4897735,-0.550449,-0.1557794,-0.2889499,-0.5252415,-0.4442234,-0.166346,-0.54929
Lesion_Bblu_m_eccentricity_B05_10,-1.091146,-1.048203,-0.6988379,-0.4446552,-1.061252,-0.9070808,-0.7175478,-0.5813458,-1.076473,-1.074328,-0.7708504,-0.4641286,-1.085605,-0.9572484,-0.8126384,-0.6739503,-0.957212,-1.055441,-0.3109425,-0.0939766,-1.051753,-0.8947608,-0.3459189,-0.2613282
Lesion_Bblu_m_eccentricity_Ctrl,-0.65375,-0.6437839,-0.03276102,-0.4410657,-0.4656915,-0.4804574,-0.5379794,-0.5058531,-0.6089429,-0.6233589,-0.2352762,-0.4448578,-0.5047909,-0.537451,-0.5805393,-0.5465073,-0.5383089,-0.583348,0.1802182,-0.1353873,-0.5273303,-0.4465565,-0.3355291,-0.03850851
Lesion_Bblu_m_eccentricity_Supersteak,0.5709043,0.546224,0.2992644,0.3404764,0.5732252,0.6291769,0.5220874,0.06590927,0.5561589,0.6005876,0.2803219,0.2974938,0.5689175,0.6503299,0.5928972,0.1212205,0.5391542,0.5384902,0.0807324,0.1718525,0.6005054,0.5061414,0.2647659,0.1622098
Lesion_Bblu_m_eccentricity_UKRazz,-0.3332789,-0.329218,-0.6659309,-0.2291913,-0.3414034,-0.2214682,-0.293042,-0.1952866,-0.3222705,-0.3257144,-0.3918287,-0.2490104,-0.3052874,-0.1954262,-0.296904,-0.2614059,-0.2817219,-0.3060235,-0.4002267,-0.3601568,-0.3418792,-0.2885165,-0.2892337,-0.325268
Lesion_Bblu_m_majoraxis_Ctrl,-0.3318826,-0.2732239,-0.1991464,-0.2247239,-0.1941018,-0.1781124,-0.3159308,-0.3841666,-0.3036505,-0.2543352,-0.1063579,-0.2434509,-0.2248274,-0.1488157,-0.2628357,-0.348163,-0.2252921,-0.2458996,0.1844375,-0.1468753,-0.2000107,-0.2343961,-0.08084302,-0.1586999
Lesion_Bblu_m_theta_B05_10,-0.2836384,-0.3418589,-0.3658903,-0.1534853,-0.348454,-0.23051,-0.1797499,-0.190243,-0.299774,-0.3053252,-0.266295,-0.1965018,-0.3523329,-0.1782089,-0.2105682,-0.254054,-0.2377769,-0.3395492,-0.09128509,-0.1099817,-0.2885331,-0.2981392,0.1244232,-0.1403512
Lesion_Bblu_m_theta_Ctrl,-0.7914649,-0.7823466,-0.2673177,-0.3745165,-0.6716415,-0.5984103,-0.6531885,-0.6575672,-0.7832821,-0.7434106,-0.5340381,-0.477141,-0.7485687,-0.6510004,-0.6917163,-0.659568,-0.672643,-0.8074677,-0.1423699,-0.1854812,-0.6717784,-0.6168153,-0.356716,-0.278517
Lesion_Bblu_m_theta_Supersteak,0.1691544,0.1438903,0.08334286,0.1651667,0.1748221,0.1297755,0.05550432,0.03512142,0.1555082,0.1721344,0.1435209,0.1029725,0.1688581,0.1645639,0.1033245,0.101005,0.1732017,0.155446,-0.02999441,0.03663572,0.1927792,0.1296606,-0.05459631,0.03399668
Lesion_Bblu_m_theta_UKRazz,-0.3669765,-0.3736724,-0.2741024,-0.1508623,-0.3476978,-0.2718133,-0.4444949,-0.3241121,-0.3753925,-0.3596204,-0.1803874,-0.2166027,-0.333554,-0.3102111,-0.4458157,-0.3205365,-0.299418,-0.3753567,-0.1033027,-0.1024628,-0.3710742,-0.2698685,-0.2398557,0.07736906
Lesion_Bgrn_m_eccentricity_Ctrl,-0.4625092,-0.4569647,-0.3472723,-0.4330088,-0.3849548,-0.4254424,-0.2947005,-0.2667205,-0.4686017,-0.48102,-0.4497067,-0.3516879,-0.4401071,-0.4606931,-0.4044961,-0.3858856,-0.4073543,-0.4415792,-0.05544868,-0.2134431,-0.4054849,-0.3850366,-0.2775044,-0.09698197
Lesion_Bgrn_m_theta_B05_10,-0.231909,-0.206043,-0.1634811,0.1935456,-0.3400543,-0.2454729,-0.1810654,-0.06671609,-0.2671678,-0.2272946,-0.1337204,0.1780757,-0.2941453,-0.2313552,-0.2105427,-0.1090526,-0.1945587,-0.2470718,-0.0203607,0.3112498,-0.3053363,-0.2324546,0.2618299,-0.0776679
Lesion_Bgrn_m_theta_Ctrl,0.3999919,0.382898,0.4677799,0.1905579,0.3652895,0.3779028,0.3235559,0.4375611,0.402447,0.3784566,0.4443415,0.1348206,0.3726571,0.4080628,0.3594247,0.4228489,0.3483775,0.3984583,0.06852073,0.05368453,0.3946489,0.3234676,0.05520756,-0.2245498
Lesion_Bgrn_m_theta_UKRazz,0.3204929,0.375183,0.1372972,0.1968916,0.3284741,0.3074708,0.2537842,0.2683674,0.3282455,0.3843829,0.3644506,0.2475167,0.3970006,0.31913,0.2462661,0.2868062,0.3128064,0.356406,0.1507346,0.07482238,0.2911273,0.3147494,0.04785705,0.185859
Lesion_Bgrnblu_m_eccentricity_Ctrl,0.6397775,0.6214132,0.37931,0.5542119,0.6977609,0.5235752,0.4864129,0.5047741,0.708199,0.6288761,0.4888755,0.6275207,0.7160692,0.5666735,0.5489643,0.7124997,0.5305301,0.6817221,0.02931573,0.3446275,0.6521821,0.5540555,0.1867718,0.4019584
Lesion_Bgrnblu_m_eccentricity_UKRazz,0.2399611,0.2377005,0.06532035,0.2690443,0.2534574,0.2260591,0.03071862,0.2004661,0.2375667,0.2320283,0.1444206,0.1709162,0.2332657,0.2164264,0.09020901,0.24787,0.2369566,0.2827002,-0.2401262,0.157784,0.2974171,0.2416702,-0.1762729,0.06841827
Lesion_Bgrnblu_m_majoraxis_Apple517,-0.2890181,-0.2311698,-0.1454058,-0.3500228,-0.271573,-0.2505753,-0.1716125,-0.1414495,-0.2956838,-0.2542768,-0.280818,-0.2891766,-0.3054553,-0.2819015,-0.214205,-0.2417921,-0.2369335,-0.2550991,-0.026453,-0.2013768,-0.2422653,-0.216535,0.009267801,-0.2829135
Lesion_Bgrnblu_m_majoraxis_B05_10,-0.4260413,-0.3272872,0.03242734,-0.215166,-0.3039009,-0.2759238,-0.1177375,-0.2312231,-0.4164835,-0.3163964,-0.3162004,-0.1811126,-0.3694714,-0.2863019,-0.1612462,-0.3301081,-0.3352784,-0.390671,0.09026728,0.02559357,-0.3086532,-0.3166777,-0.02770292,0.132597
Lesion_Bgrnblu_m_majoraxis_Ctrl,0.1497581,0.3195654,0.04125399,0.0671805,0.1935438,0.206544,0.3040283,0.1527166,0.1647415,0.243531,0.1049985,0.1478432,0.1927174,0.2035099,0.2418283,0.1175605,0.1643045,0.2842707,0.06526262,0.0315673,0.2054457,0.1827052,0.1470968,-0.3931069
Lesion_Bgrnblu_m_majoraxis_Supersteak,-1.279111,-1.175879,-0.4727528,-0.5204819,-1.211861,-1.192113,-1.096874,-0.8194359,-1.273134,-1.21964,-0.7252237,-0.6025338,-1.237441,-1.233016,-1.167803,-0.7854786,-1.12722,-1.250696,0.05079114,-0.2057375,-1.267631,-1.091995,-0.5205563,0.1420228
Lesion_Bgrnblu_m_majoraxis_UKRazz,0.1837099,0.2391236,0.2316591,0.06188061,0.2758504,0.2090543,0.1500364,-0.007533029,0.2262923,0.2674863,0.1262519,0.1013618,0.2906656,0.1710282,0.1610053,0.06141949,0.1772846,0.2196271,0.08536921,-0.06216299,0.2248034,0.2467803,-0.03515131,0.2462505
Lesion_Bgrnblu_m_theta_Ctrl,-0.2295441,-0.2686269,-0.08026464,-0.2991156,-0.2297604,-0.1754503,-0.331032,-0.2960312,-0.2600445,-0.2701753,-0.0916312,-0.3842659,-0.2203252,-0.2097888,-0.3165759,-0.2924155,-0.1967531,-0.257166,0.03427655,-0.2214954,-0.2744608,-0.1939665,-0.3329496,0.1669799
Lesion_Bgrnblu_m_theta_UKRazz,-0.2793137,-0.2935159,0.01148458,-0.002614755,-0.2544264,-0.2634197,-0.373963,-0.2221103,-0.2936458,-0.2999665,-0.1339192,0.002772186,-0.305512,-0.2803918,-0.3746719,-0.2594663,-0.2384105,-0.2888344,0.02028313,0.1099681,-0.2345082,-0.2397066,-0.2020345,-0.1051383
Lesion_blu_m_eccentricity_Ctrl,0.3423516,0.3313761,0.09698712,0.1482962,0.2531871,0.272714,0.3803684,0.2185176,0.3398235,0.31426,0.2156757,0.2025878,0.292175,0.3133638,0.3668881,0.264801,0.2721364,0.320661,0.02757622,-0.0264767,0.2519229,0.2383702,0.2928343,-0.2002118
Lesion_blu_m_majoraxis_Ctrl,-0.5119748,-0.4771285,-0.3568701,-0.1582426,-0.4364257,-0.3939587,-0.3551301,-0.3689825,-0.4826789,-0.4749554,-0.284819,-0.2044423,-0.4548226,-0.3923183,-0.4216138,-0.3374731,-0.4323725,-0.4612725,-0.121782,-0.1291005,-0.4413899,-0.404574,-0.1256446,-0.1762324
Lesion_blu_m_theta_Apple517,0.6751436,0.7034517,0.4260888,0.4446037,0.6533363,0.5678546,0.6078617,0.3488407,0.6706826,0.7316926,0.5181557,0.4195701,0.6992145,0.6206964,0.6679763,0.54714,0.6131417,0.6627352,0.2660885,0.2336864,0.639687,0.5556897,0.4836283,0.4534433
Lesion_blu_m_theta_B05_10,-0.1871306,-0.232142,-0.1960905,0.2450245,-0.3075394,-0.2177439,-0.0968887,0.001581561,-0.2097526,-0.1975738,-0.0917714,0.1681039,-0.2617115,-0.1801251,-0.09588567,-0.04762604,-0.1634989,-0.2498921,-0.07857253,0.3127166,-0.2516868,-0.2141394,0.3094173,0.06246135
Lesion_blu_m_theta_Ctrl,0.103768,0.04007101,0.09180273,-0.1066034,0.0124523,-0.1899052,-0.0888681,-0.166469,0.04668236,0.01924204,-0.06570036,-0.07149042,-0.023524,-0.1317772,-0.0650852,-0.06437448,0.05627651,0.03144101,-0.02080986,-0.001607141,0.04322715,-0.06368013,-0.1051203,0.007024027
Lesion_blu_m_theta_Supersteak,0.5188142,0.5317115,0.3534581,0.238798,0.563235,0.4801391,0.4699064,0.2586366,0.5350612,0.5385552,0.4742173,0.2783193,0.5456409,0.5275007,0.4573259,0.4315205,0.4830458,0.5593244,0.1717379,0.02804289,0.59155,0.4502465,0.1754149,-0.1279315
Lesion_blu_m_theta_UKRazz,-0.2092275,-0.1554388,-0.4212584,-0.09651489,-0.1071915,-0.139905,-0.1671514,-0.3400635,-0.2002849,-0.1537141,-0.1699214,-0.0273331,-0.1115222,-0.1243901,-0.1815224,-0.3153139,-0.1423017,-0.1562783,-0.09307551,-0.1090576,-0.1568815,-0.1485363,-0.1803351,0.2326257
Lesion_Bred_m_eccentricity_Ctrl,0.08969479,0.09270495,-0.2805392,0.02285908,0.02054304,0.1007677,-0.01915631,0.2472081,0.0364838,0.03987225,-0.09260888,0.01492788,-0.0002284978,0.1328121,-0.02538487,0.1891311,0.06814844,0.07008526,-0.2420166,-0.05445176,0.04081994,-0.004274516,0.009933388,0.01802312
Lesion_Bred_m_majoraxis_Ctrl,-0.4458244,-0.4036269,-0.5259675,-0.1023981,-0.4840168,-0.4998714,-0.4973877,-0.3164029,-0.5056418,-0.4351122,-0.5137273,-0.2161834,-0.4807914,-0.5065572,-0.5531813,-0.3299698,-0.3969493,-0.4737042,-0.2794568,0.08961995,-0.5085455,-0.4421895,-0.4876511,0.1972334
Lesion_Bred_m_theta_Ctrl,0.3608325,0.3522352,0.0470936,0.2415709,0.2248578,0.2830832,0.2892845,0.2303015,0.3168317,0.3460626,0.208252,0.1741405,0.234891,0.3162417,0.2941774,0.2367919,0.3121976,0.3057181,-0.1329456,0.09058666,0.3022189,0.2453912,0.1999305,-0.1892143
Lesion_Bred_m_theta_Supersteak,0.3369393,0.2712967,-0.0801324,0.3098355,0.2448688,0.2152372,0.2227721,0.1003547,0.2869972,0.306485,0.08597243,0.1904688,0.2464007,0.2772219,0.2156005,0.2473693,0.2900195,0.2513023,-0.2145099,0.1138405,0.2874134,0.1896851,-0.09548571,0.160815
Lesion_Bredblu_m_eccentricity_Apple517,0.5252295,0.5720887,0.445551,0.1943135,0.5811822,0.4428133,0.3523734,0.2905555,0.5525753,0.4926343,0.46712,0.3105074,0.5835658,0.4668277,0.4239477,0.3350654,0.4714473,0.654774,0.1719312,0.1140372,0.5470824,0.4640599,0.04456441,0.05566123
Lesion_Bredblu_m_eccentricity_B05_10,-0.2790151,-0.1383587,-0.1070123,-0.2305736,-0.1309373,-0.1279496,-0.1932036,-0.08013213,-0.276257,-0.1621372,-0.1882924,-0.1851964,-0.1639419,-0.1669378,-0.2140047,-0.1551485,-0.2070527,-0.2108858,-0.06997736,-0.2211983,-0.2080282,-0.1681963,-0.1333708,0.1132542
Lesion_Bredblu_m_eccentricity_Ctrl,0.1753811,0.1420348,0.1638779,0.2599817,0.200075,0.09041703,0.04727289,0.2943701,0.2025482,0.1475169,0.1997942,0.2945092,0.1986023,0.127993,0.1113423,0.3669822,0.1453135,0.1991162,0.05179778,0.2390696,0.1921118,0.1304251,0.001124112,0.300333
Lesion_Bredblu_m_eccentricity_Supersteak,0.2409206,0.3192523,0.3008717,0.07266211,0.2649055,0.2692755,0.3135774,0.4632274,0.247856,0.322049,0.3527007,0.03179646,0.3136704,0.2568886,0.2894127,0.4745616,0.225287,0.2442991,0.2589619,-0.110332,0.2059911,0.2440374,0.2740065,0.2999283
Lesion_Bredblu_m_eccentricity_UKRazz,-0.1571264,-0.0936329,-0.03159087,-0.07381611,-0.05997624,-0.08145916,-0.1825884,-0.01917658,-0.1562946,-0.09541546,-0.07543634,-0.1458797,-0.1156222,-0.1393487,-0.1706677,0.03131608,-0.1097833,-0.1244499,-0.01926989,-0.04096442,-0.06490732,-0.06363587,-0.190171,0.007672859
Lesion_Bredblu_m_majoraxis_Apple517,-0.1017115,-0.138653,-0.1941339,0.1538195,-0.08791033,-0.09416435,-0.07783563,-0.2651672,-0.1127116,-0.1026167,-0.2029272,0.1175195,-0.09780417,-0.1002523,-0.04624482,-0.2040118,-0.07276732,-0.1288479,-0.06589655,0.179933,-0.09004065,-0.07589395,0.07038628,-0.09862331
Lesion_Bredblu_m_majoraxis_B05_10,-0.2131263,-0.1753915,0.1827878,-0.3442545,-0.137864,-0.1179627,-0.006926481,-0.02218451,-0.1489796,-0.1510292,-0.08666819,-0.2748725,-0.1787414,-0.1464712,0.001756433,-0.06615588,-0.1829619,-0.1841607,0.05350658,-0.2539884,-0.1004316,-0.103828,0.172823,-0.8037628
Lesion_Bredblu_m_majoraxis_Ctrl,-0.01581748,0.007440673,-0.06802453,0.03069892,-0.02660087,-0.03103964,-0.05532648,0.047781,-0.01696906,-0.007624447,-0.0592987,0.02183357,-0.01385609,-0.01489273,-0.04507093,0.008543746,-0.01101494,0.0008991939,-0.04583366,0.03164556,-0.02527001,-0.02404728,0.01494066,0.004543024
Lesion_Bredblu_m_majoraxis_Supersteak,0.2704148,0.2507649,0.5470744,0.2579435,0.1799944,0.1924164,0.3054716,0.03634193,0.2569231,0.2827227,0.3111849,0.2218397,0.2275163,0.209715,0.3325662,0.09799881,0.2448447,0.2192547,0.3236644,0.2889054,0.2041924,0.2138496,0.3583288,-0.1020415
Lesion_Bredblu_m_majoraxis_UKRazz,0.1491862,0.1331461,-0.006482683,0.06224643,0.1875034,0.2519998,0.07621859,-0.1518874,0.1616258,0.1181359,0.008794047,0.09291025,0.2092601,0.2404753,0.1116907,-0.1174067,0.1539585,0.2179887,-0.1517241,-0.06953482,0.1635971,0.1832799,-0.180626,0.03001683
Lesion_Bredblu_m_theta_Apple517,0.5837086,0.595608,0.5753394,0.4279052,0.5891273,0.4559215,0.3814681,0.3236301,0.5859496,0.5742514,0.3816722,0.4407383,0.5678603,0.470389,0.4580578,0.4053663,0.4968279,0.5928699,0.1688267,0.283283,0.5966342,0.481163,0.1766964,-0.01472649
Lesion_Bredblu_m_theta_B05_10,-0.3459045,-0.2982168,-0.3966577,-0.2619629,-0.4194322,-0.3681557,-0.2245356,-0.1306594,-0.3723402,-0.3274786,-0.2236651,-0.3267381,-0.372732,-0.3850552,-0.2723561,-0.1647271,-0.3081159,-0.3677022,0.08259004,-0.2197409,-0.4411368,-0.3232015,0.05529853,-0.09443642
Lesion_Bredblu_m_theta_Ctrl,-0.02189008,-0.03134748,-0.1685432,-0.155972,-0.08629792,-0.02570409,-0.2067728,-0.008865987,-0.04110105,-0.04878886,-0.05019868,-0.2737302,-0.01576261,-0.05543697,-0.1999111,-0.03599581,-0.02164646,-0.0345457,0.05013068,-0.2906851,-0.1140899,-0.01288772,-0.1324958,0.06169488
Lesion_Bredblu_m_theta_Supersteak,-0.007548853,0.02759496,-0.2504769,0.09247468,-0.09726562,-0.0211242,0.07809553,0.08523116,-0.03995395,0.05158982,-0.08219318,0.01318796,-0.0433764,-0.01564705,0.04837642,0.08141997,0.02144539,-0.03005435,-0.1357691,0.1037736,-0.05138865,-0.004481695,0.01445396,-0.03726335
Lesion_Bredblu_m_theta_UKRazz,0.1905746,0.2225146,0.215921,0.139862,0.1953808,0.08195917,-0.05827149,0.1113346,0.1622713,0.159766,0.07762803,0.2076575,0.1166732,0.1038917,-0.01939536,0.1196183,0.1682453,0.2264126,0.04426853,0.245517,0.2442968,0.1143563,-0.06272757,-0.1799113
Lesion_Bredgrn_m_eccentricity_Apple517,-0.05760361,0.05718007,0.01211181,-0.1415415,0.01010799,0.01000583,-0.1128711,-0.0496254,-0.02518865,-0.00846191,-0.01016271,-0.03565035,0.01649613,-0.02340635,-0.09096842,-0.1567707,-0.01831028,0.09103459,-0.07218717,-0.1990116,0.004371011,0.03919204,-0.09697279,-0.1043793
Lesion_Bredgrn_m_eccentricity_B05_10,-0.3185717,-0.2350132,-0.09723352,-0.1700822,-0.2413337,-0.07898173,-0.285,0.0338979,-0.2679277,-0.2872541,-0.05968319,-0.1734415,-0.2553683,-0.1289444,-0.3273511,-0.1536345,-0.2468036,-0.195912,-0.1434612,-0.2659826,-0.2154866,-0.1558226,-0.1458786,-0.05763765
Lesion_Bredgrn_m_eccentricity_Ctrl,-0.09199702,-0.1368884,-0.07165244,0.2270062,-0.1672919,-0.1790276,-0.2361941,-0.1244751,-0.08743125,-0.1488774,-0.01969524,0.172428,-0.1150355,-0.1492685,-0.1375762,-0.08900753,-0.09805638,-0.08373624,-0.07885693,0.2818028,-0.1531839,-0.1234094,-0.07981207,0.1597689
Lesion_Bredgrn_m_eccentricity_Supersteak,0.3308099,0.4100125,0.3229561,0.3449004,0.3657868,0.3687984,0.3318059,0.3245861,0.3556769,0.3890097,0.2752955,0.4046147,0.3882504,0.3741046,0.3245307,0.2978677,0.2972748,0.3793075,0.1162194,0.2077043,0.3332521,0.3195544,0.3275697,0.3637993
Lesion_Bredgrn_m_eccentricity_UKRazz,-0.6231074,-0.6009136,-0.3731016,-0.3572647,-0.5765656,-0.517267,-0.5704119,-0.3462075,-0.612163,-0.61884,-0.3865627,-0.3573556,-0.6086349,-0.5404516,-0.5843722,-0.507932,-0.5468515,-0.5979269,-0.2210777,-0.1553752,-0.58493,-0.5179814,-0.5036855,-0.2010399
Lesion_Bredgrn_m_majoraxis_B05_10,0.3545185,0.342595,0.1963514,0.1396151,0.4784872,0.4708773,0.3894145,0.3348495,0.4277942,0.400215,0.2670768,0.1456744,0.4406268,0.449348,0.3974009,0.3491346,0.3370636,0.382088,-0.09604117,-0.3229451,0.5014249,0.417922,0.1568914,-0.1843882
Lesion_Bredgrn_m_majoraxis_Ctrl,0.2355027,0.1345336,0.2689999,0.2175776,0.1837398,0.2400595,0.0686403,0.06637755,0.2518348,0.1692426,0.216303,0.168492,0.2331342,0.2571739,0.132244,0.1033174,0.2006605,0.2090421,-0.03058218,0.01451176,0.1967899,0.207184,0.1428477,-0.2077724
Lesion_Bredgrn_m_majoraxis_Supersteak,-0.09981547,-0.0814636,0.2454392,0.08168328,-0.09741263,-0.1601301,-0.1083948,-0.108582,-0.09761555,-0.13447,-0.02664444,0.1484115,-0.1069671,-0.1766704,-0.1415043,-0.1305892,-0.1082599,-0.06816362,-0.0574368,0.1388345,-0.126599,-0.0919599,-0.198343,0.29539
Lesion_Bredgrn_m_majoraxis_UKRazz,-0.0648728,0.005249549,-0.002032369,0.06297541,0.03956014,0.09836028,-0.03017703,-0.1155768,-0.06770461,0.01384067,0.04461917,0.008242421,-0.06968948,0.02736911,-0.07292563,-0.1101964,-0.005210602,-0.03356997,-0.06917017,-0.05246994,0.1097467,0.0483842,0.03988687,-0.2997365
Lesion_Bredgrn_m_theta_Apple517,0.04484359,0.02042163,0.1866259,0.2116985,-0.03409292,-0.02290163,0.1214821,0.01831068,0.02793902,0.0366076,0.09277731,0.094385,0.03583138,0.01972499,0.1587033,0.1272687,0.03882363,-0.004195084,0.2201029,0.2213901,-0.05509354,-0.015523,0.2824054,0.2885078
Lesion_Bredgrn_m_theta_B05_10,-0.1173023,-0.05476934,-0.1579826,-0.0157143,-0.1162328,-0.1108955,-0.2385618,-0.03457742,-0.1571183,-0.1064502,0.03822255,0.02676063,-0.1277796,-0.113446,-0.205449,-0.05070655,-0.0870095,-0.09480348,0.1556646,0.07723476,-0.1362044,-0.1198102,0.1780958,-0.03582785
Lesion_Bredgrn_m_theta_Ctrl,0.4627612,0.3746061,0.1585973,0.1695569,0.3751249,0.3903046,0.2898114,0.1531148,0.4019736,0.4275122,0.333521,0.07731426,0.3949051,0.4303758,0.3199185,0.2386781,0.41341,0.3478827,0.1854394,-0.06433349,0.3904632,0.318699,0.3110353,0.1859796
Lesion_Bredgrn_m_theta_Supersteak,0.399028,0.4481388,0.406641,0.4948424,0.3070697,0.2465608,0.3916641,0.4218613,0.4130082,0.4421002,0.3436281,0.4664882,0.3559273,0.3219053,0.4443576,0.5824768,0.350822,0.4193604,0.1480515,0.4321512,0.3621599,0.2955284,0.2363844,0.04210889
Lesion_Bredgrn_m_theta_UKRazz,-0.1640568,-0.1730729,0.1804291,-0.1269732,-0.2617217,-0.1985756,-0.1618064,-0.1461227,-0.1836864,-0.1416889,-0.0006494535,-0.1693112,-0.2110447,-0.2191104,-0.1577957,-0.08447976,-0.1313434,-0.2052106,0.1100475,0.08167504,-0.219005,-0.1285147,0.03363805,-0.2459498
Lesion_Grn_Apple517,0.01269554,0.06453555,0.1878014,0.4083462,-0.02288272,0.02192678,-0.01387428,0.07407377,0.05365556,0.03071291,0.06027216,0.3612891,-0.03409582,0.04610274,0.01569692,0.156614,-0.01952893,0.04718044,-0.1990854,0.2960354,0.03285389,-0.002776174,-0.02219364,-0.1651241
Lesion_Grn_B05_10,0.0365302,-0.03442961,0.127484,-0.1003459,0.02302377,0.05273008,0.1441755,-0.1094177,0.06224243,-0.0124497,0.1276767,-0.05653411,0.01375772,0.03058728,0.1407064,-0.09130475,0.01628293,0.01043004,0.06921829,-0.07168767,0.04408002,0.05119613,0.1601459,-0.3590664
Lesion_Grn_Ctrl,0.149514,0.1488941,0.1476135,0.6173816,0.1608067,0.1219794,0.1540767,0.1430651,0.2060217,0.1468534,0.1575376,0.6308401,0.1574236,0.1716903,0.1631613,0.3141089,0.1044051,0.1801172,-0.08142274,0.4735549,0.1797589,0.1119559,0.05586031,0.148407
Lesion_Grn_Supersteak,-0.2178993,-0.2001067,0.23524,-0.1287646,-0.2048712,-0.2084568,0.01405896,-0.06715272,-0.1836149,-0.1750324,-0.0902292,-0.1645883,-0.2131112,-0.2068075,-0.005250632,-0.02386961,-0.2135085,-0.2458502,0.03458837,-0.09862664,-0.2031234,-0.1888301,0.04924574,-0.2026184
Lesion_Grn_UKRazz,0.006648077,0.04294816,0.2990312,0.05204152,-0.02531846,-0.05548678,0.06409951,0.0109122,0.02025693,0.02620405,-0.005854752,0.06333141,-0.04033453,-0.05626465,0.1001335,0.02699367,-0.01064215,0.01847389,-0.01305763,0.05187897,0.02647519,-0.003118327,-0.02155003,-0.4393962
Lesion_grnblu_m_eccentricity_Ctrl,0.2359077,0.1872628,0.04310057,-0.1147429,0.2371733,0.3330713,0.3418,0.2557097,0.2390087,0.2143599,0.1663554,-0.08450408,0.27012,0.3060993,0.3006981,0.1158518,0.1968887,0.1906524,0.1166539,-0.2527738,0.1943041,0.2292677,0.3053614,0.06158785
Lesion_grnblu_m_majoraxis_Apple517,-0.4190683,-0.2989144,-0.3383266,0.01852951,-0.4248867,-0.2786092,-0.1992295,-0.2036367,-0.3971007,-0.2997427,-0.4211142,-0.04033041,-0.4430855,-0.2777309,-0.2477662,-0.1742226,-0.3444458,-0.3725054,-0.2523561,0.03826349,-0.341355,-0.3195955,0.05632336,-0.2557032
Lesion_grnblu_m_majoraxis_B05_10,-0.01399776,-0.1340487,0.1241718,-0.2236845,-0.01635576,0.03352427,-0.0610766,-0.1059416,0.006922773,-0.1113154,0.05575788,-0.1685654,-0.02370284,0.009384233,-0.07087787,-0.1371758,-0.01418605,-0.01386836,0.03150365,-0.192002,0.01647106,0.02293607,-0.004194925,-0.2590693
Lesion_grnblu_m_majoraxis_Ctrl,-0.05630782,-0.07619612,-0.4269501,-0.007650581,0.01641853,0.1156302,-0.001457571,-0.2180769,-0.06955596,-0.03154705,-0.1764993,-0.0416945,0.02912255,0.132494,-0.005892113,-0.194263,-0.005236403,-0.05145981,-0.03565845,-0.08906333,-0.03740773,-0.02534104,-0.103245,0.4497619
Lesion_grnblu_m_majoraxis_Supersteak,0.3246561,0.2441279,0.3274539,0.01035653,0.3372663,0.2793306,0.1796958,0.1294014,0.3245396,0.2638726,0.2689012,0.05735123,0.3337387,0.2466928,0.2094863,0.09116522,0.2610867,0.2695919,0.08747117,-0.06487368,0.2855084,0.2892523,-0.09567384,-0.07293694
Lesion_grnblu_m_majoraxis_UKRazz,-0.7468334,-0.6311738,-0.3663915,-0.432073,-0.6349536,-0.5286558,-0.5753648,-0.656101,-0.7434095,-0.6563297,-0.5062402,-0.4458298,-0.6341298,-0.6174019,-0.607854,-0.6591063,-0.6134302,-0.6788264,0.1153294,-0.2197898,-0.7081206,-0.5262185,-0.1505535,0.08841494
Lesion_grnblu_m_theta_Ctrl,-0.04034243,0.00590521,0.1509712,0.3604137,-0.08748581,-0.1195667,-0.0376566,-0.03403853,-0.05462247,-0.01351939,0.0596271,0.3016715,-0.08167825,-0.06797457,-0.009303448,0.001216676,-0.04819138,-0.04610404,0.001765583,0.4473322,-0.07500864,-0.1040061,-0.1002971,0.03462758
Lesion_Prop_Apple517,-0.130475,-0.07967131,0.1130732,-0.1564881,-0.09922117,-0.04714823,0.07701295,-0.2774513,-0.1038441,-0.04239546,-0.05218692,-0.1787428,-0.07977533,-0.09046884,0.002869714,-0.252609,-0.07743203,-0.1104397,0.1703511,-0.08898566,-0.08452759,-0.01428226,0.1972142,-0.3910782
Lesion_Prop_UKRazz,-0.02414444,0.1254088,0.2834648,-0.02305846,0.1337065,0.1959087,0.3042283,-0.1443999,0.01449892,0.09807061,0.09865635,-0.02745395,0.07408205,0.1008733,0.22198,-0.1127904,0.04418826,0.1084666,0.1939225,-0.008786251,0.1512228,0.1598799,0.1814486,-0.4451632
Lesion_redblu_m_eccentricity_Apple517,0.4680707,0.4837249,0.6756144,0.09552684,0.5798031,0.5183784,0.4001024,0.3131543,0.52597,0.5028864,0.6262041,0.1740812,0.5657785,0.5226224,0.4477021,0.363619,0.4415039,0.545782,0.3906932,-0.04138069,0.5703695,0.4802721,0.2805237,0.2192976
Lesion_redblu_m_eccentricity_B05_10,-0.6741975,-0.5911007,-0.2425387,-0.2188551,-0.507465,-0.4829574,-0.599026,-0.4736139,-0.6660696,-0.6353399,-0.4291844,-0.2245891,-0.5644506,-0.5410076,-0.6194699,-0.5298787,-0.5499289,-0.5700104,-0.2226735,-0.05132277,-0.566031,-0.4872991,-0.4992445,-0.14309
Lesion_redblu_m_eccentricity_Ctrl,0.1884134,0.1467955,-0.159331,0.02390457,0.2291128,0.3308735,0.2898023,0.1627625,0.1926638,0.1615926,0.1206956,0.001633176,0.2369251,0.2987825,0.2484683,0.08368554,0.1715952,0.1737595,-0.03507737,-0.2526887,0.1841159,0.211368,0.09124173,0.009781026
Lesion_redblu_m_eccentricity_Supersteak,0.2771978,0.3893015,0.3267146,-0.01626964,0.3347814,0.3252147,0.2977499,0.3121288,0.2955654,0.377857,0.2232464,-0.02649678,0.3597165,0.3486563,0.3165444,0.2590823,0.2797269,0.3494265,0.1488233,-0.1618755,0.310372,0.2746852,0.09433989,0.3598948
Lesion_redblu_m_eccentricity_UKRazz,-0.3522107,-0.3170353,-0.1121072,-0.05747543,-0.2034923,-0.2033089,-0.3370781,-0.240954,-0.3535426,-0.3397714,-0.1514233,-0.132174,-0.2678911,-0.2427658,-0.3565279,-0.2236927,-0.2614593,-0.2638504,-0.01748421,0.1143669,-0.2276118,-0.2255061,-0.1857975,0.2746747
Lesion_redblu_m_majoraxis_Apple517,-0.03431314,0.01623217,-0.04303133,0.3053806,-0.06965281,-0.02730821,0.04669497,-0.1274039,-0.02650556,0.01789734,-0.06767827,0.2348061,-0.04828304,2.181192e-05,0.07571959,-0.04638485,-0.02831171,-0.03291278,-0.07328859,0.1421166,-0.0543163,-0.04434755,0.1571231,0.07516354
Lesion_redblu_m_majoraxis_B05_10,0.05674456,-0.0274647,0.376169,0.004608753,0.02942987,0.04980745,0.1612145,-0.03366319,0.0762214,0.008984025,0.1342998,-0.01833955,0.02232236,0.04793658,0.1458366,-0.02854417,0.04140476,0.02843274,0.05682017,0.002792343,0.07019204,0.05472856,0.08331158,-0.1989544
Lesion_redblu_m_majoraxis_Ctrl,0.2129634,0.2689313,0.4544152,0.2296559,0.3326041,0.3630321,0.4881265,0.300538,0.2526985,0.3021884,0.1617563,0.2427379,0.2902376,0.3925484,0.4441665,0.2702015,0.2280842,0.2659681,0.165317,0.2355465,0.3487217,0.2440348,0.2829797,0.3646779
Lesion_redblu_m_majoraxis_Supersteak,-0.1003504,-0.1119444,0.005134897,-0.09794221,-0.08319075,-0.1218316,-0.1530551,-0.2100105,-0.1070578,-0.1219043,-0.1022372,-0.05291162,-0.08806956,-0.1475947,-0.1365754,-0.2554607,-0.09834132,-0.1082342,-0.06037984,-0.05875321,-0.1252071,-0.08152058,-0.2709697,-0.0422093
Lesion_redblu_m_majoraxis_UKRazz,0.01233182,0.09897456,0.05024348,-0.1753799,0.0130305,0.03161035,0.04287951,0.3646095,0.06737636,0.09737062,0.0929355,-0.1434106,0.1028779,-0.009664687,-0.03661169,0.271229,0.005711878,0.05743867,0.1148509,-0.2393989,-0.02559594,0.09831052,0.1581496,0.1671531
Lesion_redblu_m_theta_Apple517,0.1703436,0.178534,0.2425099,0.2633919,0.1397329,0.09364645,-0.1196465,-0.0577077,0.1378671,0.1795962,0.1421224,0.1700337,0.1550491,0.09952265,-0.001612214,-0.02182713,0.1550006,0.1473005,0.04674518,0.3143235,0.121649,0.1190617,-0.09119005,0.2192669
Lesion_redblu_m_theta_B05_10,0.2505945,0.2424025,-0.06754952,-0.01315255,0.08671541,0.07820182,0.1680569,0.3280862,0.2121665,0.2257677,0.11036,-0.006090395,0.1729263,0.111063,0.1669894,0.243682,0.2001811,0.2007931,0.0621476,-0.105201,0.1006008,0.1348803,0.2532663,0.02773314
Lesion_redblu_m_theta_Ctrl,-0.6470154,-0.6194699,-0.1941623,-0.1545067,-0.6501811,-0.6652856,-0.5347661,-0.309554,-0.6515715,-0.6284863,-0.4188257,-0.3096224,-0.6560347,-0.6904871,-0.5500608,-0.3317757,-0.5785776,-0.6609789,-0.1263897,-0.07874495,-0.6528718,-0.55918,-0.4701582,0.04723877
Lesion_redblu_m_theta_Supersteak,0.3073376,0.3714673,0.08079694,-0.1474849,0.2841231,0.1882928,0.4051005,0.4455377,0.3048959,0.3731298,0.2603726,-0.006023273,0.2934006,0.1914211,0.317605,0.3556518,0.2790774,0.3165969,0.1209698,-0.2053495,0.3109773,0.271438,0.2738907,0.2610442
Lesion_redblu_m_theta_UKRazz,0.2176635,0.1479487,0.1764463,0.4568252,0.06357226,0.06268245,-0.08129271,-0.02151597,0.1536396,0.1392418,0.01706198,0.3626581,0.07633961,0.109259,0.03624573,0.03995094,0.158021,0.1218377,-0.1932227,0.5079352,0.09352075,0.05808765,-0.06994415,0.02373181
Lesion_redgrn_m_eccentricity_B05_10,-0.9190146,-0.8538318,-0.8998195,-0.529912,-0.9910007,-0.8711908,-0.7794996,-0.5159136,-0.9691117,-0.900812,-0.9032287,-0.5791479,-1.001707,-0.9055921,-0.8731545,-0.6218096,-0.8152344,-0.9395458,-0.3752176,-0.2153273,-0.9640842,-0.8274778,-0.4357059,-0.2112528
Lesion_redgrn_m_eccentricity_Ctrl,0.1683062,0.1634153,-0.06292755,0.1272175,0.07252464,0.1163746,0.1658093,0.04597208,0.1262992,0.147891,-0.08675236,0.1193548,0.0786074,0.1427884,0.1885567,0.06389513,0.1189218,0.1048305,-0.2078441,0.09203072,0.07959339,0.06447365,0.1481236,-0.1411273
Lesion_redgrn_m_eccentricity_UKRazz,0.007615593,0.008758022,0.06306368,0.1872368,0.02203016,0.01018931,0.03553712,-0.2785722,0.04125146,0.03965719,-0.03873957,0.1988605,0.07146975,0.001309171,0.04950456,-0.150961,0.009159977,0.03825212,-0.144742,0.1801351,0.002412942,0.05399329,-0.04889239,0.03893765
Lesion_redgrn_m_majoraxis_Ctrl,0.09698318,0.07130091,-0.386531,0.291947,0.00803961,-0.006187514,0.03219812,-0.1146884,0.05280609,0.08343971,-0.2142769,0.2003078,0.0290672,0.05021632,0.04377723,-0.03338827,0.06047263,0.01509492,-0.2550386,0.2108598,-0.002782308,-0.03029705,-0.06543195,0.1229858
Lesion_redgrn_m_theta_Ctrl,0.4446773,0.3642193,0.2733624,0.255419,0.2838645,0.2359246,0.3488125,0.3659925,0.4125762,0.3574278,0.2495343,0.2537682,0.3047273,0.2961136,0.3989945,0.4599927,0.3331139,0.3519549,-0.09737241,0.09801555,0.3213305,0.2473701,0.2228099,-0.3957618
Lesion_redgrn_m_theta_Supersteak,-0.08309579,-0.03230544,-0.2725853,0.1720791,-0.1582045,-0.1354635,-0.1334585,-0.04606889,-0.1171575,-0.07917809,-0.1189982,0.1281647,-0.1537176,-0.0703107,-0.1737554,0.01695716,-0.06370153,-0.04900457,-0.2460135,0.1501972,-0.105821,-0.1463854,-0.2783253,-0.01764791
Lesion_redgrn_m_theta_UKRazz,0.218076,0.2292334,0.009375948,0.0324125,0.2624841,0.2138939,0.1591103,0.07901222,0.2546159,0.2167816,0.217548,0.1165975,0.318171,0.2317241,0.1528384,0.1422952,0.209517,0.2909702,0.01610439,-0.1336963,0.2143989,0.2262172,-0.01268082,0.3061955
Lesion_Size_Apple517,-0.3480163,-0.2833022,-0.1948965,-0.1112702,-0.370529,-0.3898178,-0.405244,-0.2264074,-0.3621203,-0.3039291,-0.291461,-0.1364096,-0.3794617,-0.3845992,-0.3922635,-0.2275756,-0.3073087,-0.3523746,-0.06038311,-0.02309563,-0.3646634,-0.3251935,-0.07805438,-0.1801157
Lesion_Size_B05_10,0.0524932,0.02788027,0.1258127,0.1410094,0.1326964,0.1054138,0.122331,-0.1013222,0.1182165,0.06487395,0.00800209,0.1711523,0.1057166,0.1102703,0.1409055,-0.07672282,0.05366998,0.08136005,-0.03453628,-0.008646091,0.1486824,0.1043999,0.1204719,-0.4071095
Lesion_Size_Ctrl,-0.1463126,-0.2397185,-0.4690711,0.2238337,-0.1932947,-0.2640367,-0.212287,-0.2515962,-0.1759035,-0.2267254,-0.4213022,0.1231524,-0.1951949,-0.1996554,-0.2190075,-0.197538,-0.1562016,-0.2104063,-0.2619432,0.2589045,-0.2038909,-0.2421326,-0.2280156,0.3380355
Lesion_Size_Supersteak,-0.1672991,-0.1569888,0.2428615,-0.2588114,-0.1587221,-0.1750248,-0.1450822,-0.1905717,-0.1420418,-0.1474689,0.03033728,-0.2022357,-0.1120256,-0.1848745,-0.1561089,-0.2388275,-0.1484694,-0.1620276,0.1468817,-0.1972851,-0.209573,-0.1159813,-0.1038875,-0.07728127
Lesion_Size_UKRazz,-0.01817755,0.08064159,0.2496157,0.1385268,0.08526507,0.09110842,-0.01448088,-0.105888,-0.006596092,0.05130041,0.1541617,0.1329408,0.04501253,0.04539951,0.0128638,-0.02624814,0.01790707,0.05834833,0.09161786,0.1089231,0.06632633,0.0634855,-0.01341089,0.01143722
Lesion_Ylw_B05_10,0.04805428,-0.06344775,-0.002425644,-0.03050228,0.02747206,-0.05897304,0.1115965,-0.1615158,0.07956768,-0.02319215,-0.03120804,0.09068492,0.003769347,-0.008168549,0.1398276,-0.1404463,-0.001334345,-0.01564048,0.07352225,-0.04337861,0.04109953,-0.0287264,0.1167898,-0.5574001
Lesion_Ylw_Ctrl,-0.1727447,-0.3513608,-0.4284975,-0.02640224,-0.2497861,-0.2847422,-0.1609991,-0.2725015,-0.198643,-0.3081756,-0.4181948,-0.08089085,-0.2301911,-0.245785,-0.1476249,-0.2375359,-0.2055479,-0.2955008,-0.1857958,0.01325698,-0.2836059,-0.2643803,-0.1169621,0.2352569
Lesion_Ylw_Supersteak,0.1000835,0.0633456,0.4169466,-0.05165364,0.01362762,0.002725971,0.1032872,-0.1000176,0.1034358,0.07180203,0.1874905,0.043705,0.06555458,0.01768494,0.1028733,-0.1136828,0.05167562,0.04986843,0.1423013,0.02963151,-0.005988816,0.0426565,-0.1087229,-0.2870091
Remaining_Leaf_Apple517,0.2223871,0.2453431,0.03507217,0.1625004,0.220699,0.2407916,-0.05374378,0.405284,0.2243986,0.1984694,0.2551532,0.1640389,0.2368015,0.2594236,0.02605938,0.3602066,0.1820201,0.2614659,-0.05699866,0.004085923,0.194737,0.1644177,-0.07309027,0.3837625
Ylw_Lesion_Proportion_Apple517,0.005386443,0.04041904,-0.06760303,-0.1182855,0.05470923,0.08034576,-0.1687006,0.1479628,-0.01822442,0.01665435,0.09488807,-0.1177693,0.05218628,0.05379056,-0.1297268,0.06814698,0.01626146,0.0229479,-0.0427566,-0.1258997,-0.006106188,0.01804937,-0.2915024,0.3529011
Ylw_Lesion_Proportion_Ctrl,0.2241763,0.2818791,0.04717921,0.03302244,0.2473394,0.2265448,-0.006466907,0.3146217,0.2143522,0.2264969,0.1706128,0.0860486,0.2353989,0.2217052,0.05180739,0.1849762,0.1892217,0.2645983,-0.1314139,-0.1182593,0.2106966,0.1845237,-0.2085007,0.08858104
Ylw_Lesion_Proportion_Supersteak,0.2280145,0.3017176,0.04408627,0.2794688,0.2431455,0.2681785,-0.02017576,0.2622494,0.204258,0.2643246,0.2645903,0.2591886,0.2220158,0.2700129,0.04215147,0.2711656,0.2117939,0.2579856,-0.05963591,0.1985252,0.2375342,0.1878808,-0.0665331,0.3457443
Allyl_MS_and_allyl,0.2246105,0.175094,0.1907591,0.3634916,0.311919,0.2749894,0.3726127,0.09341249,0.2612755,0.1958335,0.3674914,0.2016957,0.3037463,0.268659,0.3383719,0.1226737,0.2172783,0.2467698,0.0651543,0.2436136,0.2946492,0.2597552,0.1192921,0.1250464
Allyl_MS,0.2581356,0.2017978,0.3011014,0.5162083,0.3807173,0.3780062,0.5153332,0.1429473,0.3225015,0.2271712,0.5106059,0.3040586,0.3827983,0.3561421,0.4762003,0.1785119,0.2588667,0.3080101,0.1111675,0.3823574,0.35864,0.3427172,0.2303807,0.04888752
I3M_MS_and_allyl,-0.81582,-0.8373762,-0.8471872,-0.3783936,-0.8339676,-0.7915729,-0.6863645,-0.6655051,-0.8637725,-0.8246194,-0.7190669,-0.4532866,-0.8401363,-0.76088,-0.7846422,-0.7516494,-0.6976112,-0.8585867,-0.1513142,-0.07409826,-0.8351926,-0.7637948,-0.4506342,0.02174399
I3M_MS,-0.6663446,-0.6636418,-0.3246806,-0.1508343,-0.6579372,-0.6636353,-0.4463472,-0.4496232,-0.6958818,-0.6969322,-0.4929453,-0.1626132,-0.7126246,-0.5931279,-0.538911,-0.5138406,-0.5676116,-0.6497835,0.03720241,0.3167208,-0.6218623,-0.65611,-0.09194698,-0.09581766
Long_chain_GLS_MS_and_allyl,-0.5325523,-0.6303602,-0.554006,-0.09329423,-0.5106385,-0.5222572,-0.4696804,-0.4910703,-0.589666,-0.603071,-0.3120176,-0.2489628,-0.6063218,-0.5410411,-0.5560832,-0.5904991,-0.4496582,-0.6184469,-0.1610981,0.1325587,-0.4740341,-0.4886195,-0.5145339,0.1522118
Long_chain_GLS_MS,-0.6135147,-0.6641869,-0.5805765,-0.0997826,-0.6713658,-0.5826492,-0.3975756,-0.5334502,-0.6606872,-0.6537793,-0.3734518,-0.1900689,-0.6888282,-0.5859988,-0.4891802,-0.6296974,-0.5144532,-0.6691762,-0.04240421,0.2955185,-0.6186671,-0.552166,-0.2037065,-0.3340177
NMOI3M_MS_and_allyl,-0.5351802,-0.5618897,-0.5954366,-0.2994427,-0.5374569,-0.4912755,-0.3254474,-0.4736206,-0.5695635,-0.4782242,-0.4617182,-0.410931,-0.5446897,-0.4824909,-0.3918065,-0.5151888,-0.4459826,-0.6408144,-0.03300341,-0.1645376,-0.5348491,-0.4811087,-0.2049055,0.05105809
NMOI3M_MS,-1.133665,-1.065142,-0.666653,-0.4211958,-1.175213,-1.116709,-0.7095882,-0.6420291,-1.183969,-1.088651,-0.9512357,-0.4237803,-1.217278,-1.10625,-0.8418296,-0.7553571,-0.9916913,-1.16407,-0.0846863,0.1200371,-1.142124,-1.045077,-0.261073,-0.2255326
Short_chain_GLS_MS_and_allyl,-0.5953866,-0.6339569,-0.3918891,0.02411173,-0.5436549,-0.5295724,-0.3559726,-0.4685501,-0.5941078,-0.6227015,-0.3518514,-0.1856635,-0.5663553,-0.560561,-0.4120104,-0.4510011,-0.5118937,-0.6101954,-0.1262978,0.2019576,-0.5586885,-0.4800303,-0.2770204,-0.01828745
Short_chain_GLS_MS,-0.4172009,-0.4698889,-0.1162363,0.2534388,-0.3146936,-0.2855903,-0.05565911,-0.3498472,-0.3687607,-0.4467467,-0.03902009,0.005370448,-0.320687,-0.3201523,-0.1162529,-0.3092013,-0.3422219,-0.3937969,0.02094987,0.3859817,-0.3378348,-0.2631238,-0.06716524,-0.0708347
total_Aliphatics_MS_and_allyl,-0.3844257,-0.4657218,-0.308894,0.1539672,-0.3548942,-0.3419377,-0.2674842,-0.3303903,-0.3920195,-0.4404484,-0.1325264,-0.05984048,-0.3930319,-0.3462172,-0.333027,-0.3198162,-0.3242428,-0.4202741,-0.06098722,0.2359583,-0.3385944,-0.3287315,-0.2513548,0.1974196
total_Aliphatics_MS,-0.3322088,-0.418187,-0.1397933,0.3282399,-0.2724235,-0.2270626,-0.06926413,-0.3386271,-0.2990805,-0.3953784,0.03088979,0.085154,-0.2822024,-0.2391421,-0.1392823,-0.2973746,-0.2683666,-0.3239316,0.0477728,0.4472786,-0.2649331,-0.2260828,-0.08227626,-0.001435174
total_alkyl_MS_and_allyl,0.1945469,0.1184141,0.1473354,0.4670857,0.2298217,0.2223825,0.2916447,0.08047082,0.2156282,0.1503013,0.341115,0.2844647,0.2278361,0.2363881,0.2518576,0.1543098,0.186613,0.18727,0.08255915,0.3471077,0.2355237,0.1936247,0.1077396,0.2980868
total_alkyl_MS,0.2213567,0.1390501,0.2885985,0.6137272,0.3028379,0.310903,0.4384461,0.07144257,0.2748783,0.1617449,0.4804944,0.3863673,0.3084363,0.307528,0.3887812,0.1598578,0.2194075,0.2562449,0.1440379,0.5076743,0.2972751,0.2731151,0.1827365,0.1460429
total_C3_GLS_MS_and_allyl,-0.6503601,-0.6247098,-0.4076906,-0.1766443,-0.7060658,-0.6559561,-0.5147584,-0.4495682,-0.6894288,-0.6262192,-0.6048011,-0.2114293,-0.6910002,-0.6780979,-0.5312058,-0.377608,-0.5801958,-0.6968079,-0.1082079,0.09451309,-0.7202548,-0.5959929,-0.2122444,-0.10518
total_C3_GLS_MS,-0.6787959,-0.6644162,-0.3669794,-0.2013223,-0.7325202,-0.6829213,-0.5171404,-0.4971874,-0.7089377,-0.6605799,-0.5868151,-0.196957,-0.7232014,-0.6952609,-0.5517554,-0.4529433,-0.6059057,-0.7216353,-0.0442792,0.1546244,-0.7360986,-0.6211862,-0.2178638,-0.1761671
total_C4_GLS_MS_and_allyl,-1.553469,-1.552979,-1.182665,-0.8161809,-1.589318,-1.510738,-1.505063,-1.052179,-1.608338,-1.582728,-1.336531,-0.8852837,-1.657195,-1.552358,-1.53955,-1.194179,-1.382061,-1.600305,-0.4259074,-0.2950986,-1.559966,-1.397344,-0.9094262,-0.2815406
total_C4_GLS_MS,-1.640441,-1.623493,-1.14318,-0.9074746,-1.688865,-1.645875,-1.59814,-1.17143,-1.683936,-1.648983,-1.417157,-0.9566769,-1.73507,-1.666764,-1.609924,-1.228394,-1.47033,-1.698255,-0.3140616,-0.372679,-1.678065,-1.501896,-0.8898049,-0.207476
total_C7_GLS_MS_and_allyl,0.05334524,-0.06194542,-0.1393023,0.2371666,0.04552559,0.03807468,-0.1417872,-0.1210573,-0.002686324,-0.009121259,0.1436721,0.02498544,-0.01927844,0.0547774,-0.1468084,-0.1764288,0.0900867,-0.02228072,-0.01079989,0.1977737,0.1179316,0.01933993,-0.2229124,0.3615468
total_C7_GLS_MS,-0.673525,-0.767917,-0.5476917,-0.09150824,-0.7450985,-0.6791334,-0.5607523,-0.6032353,-0.726911,-0.7429631,-0.379312,-0.2314438,-0.7657026,-0.7022145,-0.6120313,-0.669035,-0.5663567,-0.7427124,-0.05293939,0.3106911,-0.6803633,-0.5966137,-0.3534278,-0.1036582
Total_C8_GLS_MS_and_allyl,-0.8057151,-0.8727065,-0.7088226,-0.2822319,-0.7689678,-0.779816,-0.5903216,-0.6322165,-0.8517653,-0.8673459,-0.5422473,-0.3729858,-0.8651957,-0.8173539,-0.7109946,-0.7393178,-0.70908,-0.880415,-0.2245765,0.06893513,-0.7622411,-0.7197903,-0.597686,-0.01259264
Total_C8_GLS_MS,-0.5708806,-0.6064411,-0.5712373,-0.1045964,-0.6220963,-0.5292598,-0.3412267,-0.4900852,-0.6142052,-0.6001359,-0.3645646,-0.1771605,-0.6371757,-0.5282647,-0.4377979,-0.5898423,-0.4783149,-0.6199037,-0.04675576,0.2663241,-0.5758346,-0.5150743,-0.1570149,-0.3783618
total_GLS_MS_and_allyl,-0.4518411,-0.5300157,-0.3963574,0.09573767,-0.4241446,-0.405486,-0.3177488,-0.3877493,-0.464595,-0.500478,-0.2077853,-0.1175695,-0.4609151,-0.4071851,-0.3919581,-0.3881925,-0.3807054,-0.4941559,-0.06928879,0.2017431,-0.4091871,-0.3915011,-0.2790047,0.1933699
total_GLS_MS,-0.4754894,-0.5488455,-0.2057989,0.2618448,-0.4194139,-0.3719135,-0.1578149,-0.4045356,-0.4509679,-0.5345949,-0.09338443,0.03031721,-0.4408187,-0.3755834,-0.2495893,-0.3903319,-0.3927029,-0.4662795,0.05016753,0.4704132,-0.4039104,-0.3654316,-0.09994226,-0.03527034
total_Indolics_MS_and_allyl,-0.6658278,-0.6801864,-0.7813183,-0.3592203,-0.6679303,-0.6201773,-0.4862891,-0.567498,-0.7077306,-0.6370737,-0.611719,-0.451328,-0.6741096,-0.6030975,-0.5799502,-0.6441082,-0.5588266,-0.7306388,-0.08707318,-0.1477055,-0.6702504,-0.607775,-0.314039,0.06295504
total_Indolics_MS,-0.8401306,-0.7970864,-0.3872397,-0.2691652,-0.8449138,-0.8225187,-0.4902789,-0.435158,-0.8771292,-0.8365355,-0.6474254,-0.2710599,-0.9073501,-0.7821621,-0.6211552,-0.567958,-0.7244581,-0.8333624,0.02125832,0.2303148,-0.8021058,-0.7920873,-0.1177975,-0.1772816
total_methylsulphinyl_MS_and_allyl,-2.441984,-2.407084,-1.750985,-1.240057,-2.451004,-2.27185,-2.186066,-1.617148,-2.509378,-2.434838,-1.932349,-1.315555,-2.538686,-2.373571,-2.299395,-1.815172,-2.158304,-2.511522,-0.5167695,-0.4305624,-2.436357,-2.130071,-1.085089,-0.5873004
total_methylsulphinyl_MS,-2.213858,-2.201789,-1.585098,-1.103354,-2.282931,-2.088356,-1.965475,-1.638432,-2.260833,-2.21095,-1.758728,-1.124729,-2.311204,-2.138693,-2.039985,-1.770144,-1.960076,-2.283656,-0.3690032,-0.2586945,-2.259197,-1.957989,-0.859741,-0.6847275
Weight_MS_and_allyl,-0.7238119,-0.7408783,-0.7289088,-0.4326107,-0.7820171,-0.6385957,-0.6940805,-0.5388467,-0.7765457,-0.7048413,-0.739723,-0.4673024,-0.8186765,-0.6899902,-0.7387555,-0.6078773,-0.6411434,-0.824774,-0.3222876,-0.2790129,-0.7351079,-0.6414143,-0.2188251,-0.2107033
Weight_MS,-0.1841583,-0.2132124,-0.1040586,-0.07984704,-0.1366916,-0.07107681,-0.08850022,-0.2260584,-0.1469213,-0.1748213,-0.1077929,-0.06484366,-0.1463123,-0.08030005,-0.1474458,-0.1966118,-0.1486249,-0.1729357,0.06674088,-0.1000529,-0.1126398,-0.1062838,0.1441611,-0.05386502
X2OH_Butenyl_MS_and_allyl,0.5102122,0.460602,0.1863925,0.2235221,0.4539207,0.3137938,0.213905,0.2642214,0.4240181,0.4332635,0.300618,0.1272566,0.3774599,0.3657052,0.2126578,0.1900469,0.4524449,0.4637947,-0.08155831,0.1036632,0.5076028,0.3229682,-0.4313348,0.3819424
X2OH_Butenyl_MS,0.3798864,0.3125914,0.1102972,0.2493939,0.3250791,0.2514574,0.0859743,0.1936258,0.2961603,0.3078315,0.2234608,0.121585,0.2458086,0.2747019,0.09807259,0.1079306,0.3555777,0.325641,-0.02797682,0.1783259,0.4053113,0.25394,-0.2665054,0.3178996
X3_butenyl_MS_and_allyl,0.4658411,0.3914288,0.2680563,0.3612137,0.4275645,0.4363224,0.2611211,0.3336606,0.4717765,0.417742,0.4966335,0.3243443,0.4246817,0.4935797,0.2522667,0.3713653,0.4115608,0.4482173,0.1679898,0.1139846,0.4775754,0.3585958,0.1685106,0.4293974
X3_butenyl_MS,0.4451278,0.3483502,0.2415776,0.4247692,0.4010828,0.4091292,0.1858328,0.1998175,0.4519446,0.3524602,0.4369514,0.3732478,0.3968308,0.4635246,0.1841899,0.2839555,0.3851574,0.4449807,0.123276,0.1998323,0.4512831,0.3347013,0.05017363,0.391125
X3MSP_MS_and_allyl,-0.7069033,-0.6238723,-0.3018908,-0.4806343,-0.6357659,-0.6277677,-0.6284932,-0.4306617,-0.7163041,-0.6436427,-0.4862844,-0.4562306,-0.6708025,-0.6678051,-0.6678877,-0.4523442,-0.6151665,-0.6895168,0.04204774,-0.2606872,-0.67413,-0.5910508,-0.211303,-0.2605427
X3MSP_MS,-0.7467243,-0.7284918,-0.2387627,-0.4950009,-0.6996602,-0.7062147,-0.6816815,-0.5561653,-0.7402549,-0.7178591,-0.5154075,-0.4600638,-0.7185025,-0.723153,-0.7021937,-0.5868332,-0.6632793,-0.7562678,0.04491284,-0.2090097,-0.7320279,-0.6428314,-0.2328974,-0.2367984
X3MTP_MS_and_allyl,0.08860746,0.1212899,0.2057994,-0.09046644,0.06927409,0.05456765,0.1023509,0.009197739,0.0906582,0.1206449,0.07580807,-0.04003862,0.09824723,0.07218737,0.1085074,0.02540346,0.07837367,0.09010376,0.1316714,-0.1222595,0.06026612,0.06234159,0.08178813,-0.1286241
X3MTP_MS,0.04884951,0.07493688,0.1698549,-0.01430579,0.08400179,0.05597031,0.1519129,0.01045506,0.06828055,0.08500943,0.08551721,-0.001034284,0.08400942,0.06354866,0.1330975,0.01800352,0.05021664,0.06441187,0.1168968,-0.02178208,0.07611415,0.05850378,0.08591086,-0.05309756
X3OHP_MS_and_allyl,-0.5369189,-0.5349906,-0.3917027,-0.05481124,-0.6163153,-0.561072,-0.4102965,-0.3813908,-0.5782451,-0.5313616,-0.5462241,-0.1056519,-0.5934705,-0.5770251,-0.418338,-0.2975823,-0.4832147,-0.5936375,-0.1459865,0.1894351,-0.6204823,-0.5055452,-0.1862849,-0.03354536
X3OHP_MS,-0.5825895,-0.575617,-0.3849382,-0.08830261,-0.6643371,-0.5995257,-0.429215,-0.419571,-0.6223222,-0.5755783,-0.5473968,-0.09588828,-0.6477959,-0.610217,-0.4607056,-0.3608628,-0.5220108,-0.6321018,-0.08313785,0.245371,-0.6578198,-0.5466401,-0.2003107,-0.1290921
X4MOI3M_MS_and_allyl,0.2157024,0.2943973,-0.196313,-0.1337314,0.2851171,0.3038878,0.2812387,0.1434236,0.2286614,0.2769548,0.02416373,-0.1029841,0.2846246,0.2729045,0.2401254,0.08011618,0.2185275,0.2752583,0.1132554,-0.2650358,0.2687048,0.2560039,0.2149502,0.09978944
X4MOI3M_MS,0.2369994,0.2849736,0.4661418,0.06173882,0.2809914,0.2814392,0.4012431,0.512711,0.2497994,0.2437847,0.2926244,0.08774169,0.220626,0.2743372,0.3091289,0.3105068,0.2194442,0.2888944,0.1819128,0.02609589,0.3225111,0.2402932,0.2697618,-0.07833377
X4MSB_MS_and_allyl,-2.127339,-2.104238,-1.548141,-1.057267,-2.156993,-1.992559,-1.938597,-1.409806,-2.164242,-2.13267,-1.758714,-1.112052,-2.205233,-2.072569,-1.987822,-1.555179,-1.894561,-2.172217,-0.5164464,-0.3695736,-2.144529,-1.857068,-0.8944343,-0.5470762
X4MSB_MS,-2.235164,-2.212132,-1.622091,-1.107024,-2.254813,-2.088318,-2.047508,-1.533633,-2.255396,-2.227795,-1.821705,-1.163449,-2.288789,-2.158182,-2.070546,-1.625877,-1.990342,-2.278395,-0.4671801,-0.390369,-2.259459,-1.947877,-0.9466421,-0.4194161
X4MTB_MS_and_allyl,-0.09845226,-0.1150053,-0.1935811,-0.1934822,-0.1040014,-0.1007875,-0.1592194,-0.04105456,-0.07941538,-0.1035077,-0.1357445,-0.1621502,-0.08768944,-0.09370229,-0.1296679,-0.02753342,-0.09313258,-0.09692833,-0.01469699,-0.2126788,-0.1069982,-0.08483634,-0.1051431,-0.02327712
X4MTB_MS,-0.2093521,-0.2152869,-0.2517475,-0.231615,-0.2308357,-0.240965,-0.2473592,-0.1661366,-0.1986167,-0.2034009,-0.256652,-0.2090403,-0.2235445,-0.2163311,-0.240268,-0.1442329,-0.2044594,-0.2294746,-0.1016094,-0.2034571,-0.2318738,-0.2197075,-0.2774084,-0.01369381
X4OHB_MS_and_allyl,-0.6884264,-0.6286438,-0.04014967,-0.2552608,-0.5986948,-0.5592676,-0.3980273,-0.4647483,-0.6784933,-0.6411069,-0.4860853,-0.2467978,-0.6506491,-0.577041,-0.4431068,-0.5135572,-0.5815593,-0.6379697,0.04998726,0.1022076,-0.6013283,-0.5533502,-0.2309332,-0.008489873
X4OHB_MS,-0.2060951,-0.1457791,0.197972,-0.2656966,-0.2279186,-0.3510542,-0.1650883,-0.1811052,-0.2229155,-0.1897011,-0.2175077,-0.2077143,-0.2268221,-0.3204116,-0.1707434,-0.1124786,-0.2039551,-0.2108858,0.1699271,-0.1801728,-0.2557018,-0.2639374,-0.05477017,-0.009384372
X5MSP_MS_and_allyl,-1.710482,-1.634554,-1.33122,-0.9174546,-1.85218,-1.552052,-1.49604,-1.093639,-1.782573,-1.669381,-1.469197,-0.9688212,-1.825215,-1.580705,-1.565804,-1.285217,-1.507551,-1.764536,-0.431276,-0.3717738,-1.815037,-1.533981,-0.6793079,-0.6730066
X5MSP_MS,-2.100973,-2.056035,-1.505238,-1.062772,-2.185223,-2.016763,-1.897097,-1.559758,-2.150844,-2.081606,-1.725541,-1.099269,-2.204213,-2.034343,-1.958515,-1.670158,-1.87068,-2.159532,-0.4584405,-0.33984,-2.172004,-1.90064,-1.061103,-0.4524569
X7MSH_MS_and_allyl,-0.4556276,-0.5023797,-0.4302721,-0.09999173,-0.4633585,-0.3729517,-0.5828197,-0.3530585,-0.5207914,-0.4676152,-0.2377887,-0.2819423,-0.5343773,-0.3898935,-0.6171658,-0.4750571,-0.3490842,-0.5156804,-0.08345557,0.01240482,-0.3845014,-0.3969098,-0.3540516,0.1233172
X7MSH_MS,-1.663316,-1.662458,-1.27565,-0.7723142,-1.795152,-1.590951,-1.547547,-1.32038,-1.740114,-1.678335,-1.252968,-0.7836408,-1.80682,-1.636422,-1.631979,-1.463843,-1.451805,-1.729716,-0.2190003,-0.08236267,-1.731231,-1.484973,-0.720911,-0.5402413
X7MTH_MS_and_allyl,0.5837488,0.4166135,0.1697824,0.5372214,0.5764207,0.4690768,0.3356091,0.1501814,0.5454829,0.481379,0.5168974,0.3352909,0.5290497,0.5186701,0.3641376,0.1699951,0.5421994,0.5035528,0.06731978,0.3398536,0.6311586,0.457438,-0.05527663,0.5594399
X7MTH_MS,0.4311528,0.2969858,0.2885854,0.5297589,0.4369553,0.3664666,0.5098294,0.2407872,0.424406,0.3467735,0.5148461,0.3454549,0.4223646,0.372634,0.5061762,0.2779694,0.4064406,0.3902093,0.1363205,0.5300593,0.4758607,0.3945205,0.1369196,0.2766026
X8MSO_MS_and_allyl,0.4933176,0.3903263,0.2295506,0.468445,0.5739446,0.4426433,0.491243,0.1652191,0.4969207,0.4191946,0.5059587,0.3417128,0.5153187,0.4740465,0.4790463,0.1862943,0.4504894,0.4725269,0.06204014,0.3597417,0.5724011,0.4216782,-0.02608022,0.3462074
X8MSO_MS,0.3176157,0.2735,0.1180674,0.4203612,0.3913448,0.3387447,0.4479767,0.2820122,0.3184782,0.2879977,0.4322039,0.2705136,0.3645683,0.3412575,0.3947132,0.2433332,0.3172226,0.3247556,0.1431256,0.363449,0.3905556,0.3186397,0.1008868,0.2026546
X8MTO_MS_and_allyl,-1.464509,-1.475283,-1.13796,-0.7422808,-1.478921,-1.392977,-1.173495,-0.9783915,-1.530135,-1.491367,-1.126266,-0.7678927,-1.562468,-1.467428,-1.327575,-1.137772,-1.301555,-1.548661,-0.3522528,-0.1859675,-1.468548,-1.294729,-0.7828942,-0.2898816
X8MTO_MS,-0.9931586,-1.011628,-0.8571855,-0.425834,-1.1158,-0.9520851,-0.7727842,-0.8612916,-1.053221,-1.013666,-0.7908607,-0.4207774,-1.118022,-0.9516623,-0.8688243,-0.9707003,-0.8676502,-1.065442,-0.1619396,0.118066,-1.051044,-0.9197062,-0.2863902,-0.6639777
ozone_sensetivity,0.73041,0.7096888,0.4163255,0.581231,0.5863119,0.5406497,0.405361,0.5462192,0.7687226,0.7838439,0.6302201,0.5575673,0.6612055,0.6939017,0.4802295,0.517552,0.5763995,0.5898824,0.324327,0.4579739,0.623798,0.4462091,1.114837,0.3794653
Relative_NIP1_expression,0.8848179,0.9137251,0.5001826,0.2001422,0.768205,0.7686003,0.7680666,0.8551684,0.8825022,0.97954,0.6181175,0.2763233,0.8229362,0.8112499,0.7589279,0.8494047,0.7857337,0.8131498,-0.00620331,-0.1305852,0.8359659,0.7499248,0.1041938,0.1326276
Relative_root_length,0.2396841,0.2260206,0.2254148,0.04498253,0.2898091,0.2500938,0.1360497,-0.08425352,0.2807445,0.151242,0.2733704,-3.883147e-05,0.3128008,0.1992521,0.1385364,0.03321152,0.1809712,0.3504062,0.2093846,-0.02638062,0.2281171,0.2485669,-0.3110699,0.0486946
Average_leaf_surface_area_eaten_cm2,0.7429173,0.7266817,0.2760107,0.1490769,0.6828824,0.7574782,0.5750386,0.6093431,0.7340812,0.750258,0.3945205,0.1611165,0.7809028,0.7934972,0.5851947,0.4285412,0.6964082,0.7509919,-0.267721,-0.04630373,0.6853435,0.6552074,0.5378043,-0.05377758
Average_weight_gain_by_larvae_mg,0.6595539,0.6302223,0.2789376,0.1712499,0.6310005,0.6727443,0.4857987,0.5738466,0.659341,0.6559372,0.388295,0.1993277,0.6988287,0.690446,0.4943941,0.442682,0.6136762,0.667186,-0.2323411,0.00352408,0.6306491,0.5938786,0.39398,0.04582762
Proline_mmol_g,0.2803914,0.2666334,-0.03390223,0.0003114264,0.253133,0.2479549,0.2453581,0.08064931,0.3173449,0.2849784,0.171919,-0.01896355,0.2995582,0.280091,0.255529,0.09773019,0.2385644,0.2995379,-0.1326246,-0.06254139,0.273626,0.2545119,0.2654236,0.002821478
As_V_tolerance,-0.2680042,-0.3886309,-0.06633998,-0.213668,-0.2974671,-0.1519071,-0.1956408,-0.2453948,-0.2489502,-0.2916311,-0.07260688,-0.02032418,-0.2148355,-0.162888,-0.1381585,-0.4417703,-0.1849338,-0.2834462,-0.1123479,0.1425216,-0.270537,-0.1492479,0.3214941,-0.02765404
X144_M216T665,-0.3004124,-0.2255777,-0.1546644,-0.1393038,-0.2863557,-0.2233438,-0.1582502,-0.04657447,-0.2887853,-0.2310823,-0.1890352,-0.1319046,-0.2767778,-0.2181638,-0.1984932,-0.1435227,-0.2505955,-0.2635809,4.187203e-05,-0.03926694,-0.2763175,-0.244897,-0.00770149,0.0004342166
X145_M130T666,-0.2842701,-0.1994048,-0.1423865,-0.1133427,-0.258878,-0.2234775,-0.1197848,-0.05376214,-0.2729374,-0.2114746,-0.1307393,-0.07650646,-0.2471645,-0.2170633,-0.1699742,-0.1716256,-0.2338126,-0.2375977,0.04102478,-0.01262311,-0.259041,-0.22588,0.07876948,-0.02392912
X146_M172T666,-0.2493225,-0.173151,-0.1071029,-0.1125869,-0.2486953,-0.2026008,-0.1211738,-0.06544333,-0.2410223,-0.1788564,-0.1492906,-0.09574485,-0.2323935,-0.1932112,-0.1511885,-0.1537264,-0.2085445,-0.2197057,0.05768926,-0.03250187,-0.2398129,-0.2063488,0.06788686,-0.04158372
BC160,0.09035155,0.06548884,-0.06961891,-0.1621473,0.06105341,-0.05203743,-0.001819657,0.1516063,0.05302791,0.05863267,-0.06669734,-0.2026728,0.02293823,-0.008940497,0.006564953,0.1067829,0.05703896,0.03466069,-0.06694222,-0.2028781,0.07110806,-0.01230454,0.1304592,0.02478905
BC180,0.02095656,0.03468347,-0.003155981,-0.138593,0.05194543,-0.05935469,0.0281856,0.05224748,-0.0008519842,0.009287306,-0.04043308,-0.09742845,0.02190217,-0.07344282,0.03712425,-0.03898828,0.02370164,0.02955924,0.1166174,-0.07124487,0.03144388,0.0200779,0.1209754,-0.01893125
BC181,-0.4010851,-0.3588761,-0.1798126,-0.1192487,-0.3345307,-0.3344364,-0.2562891,-0.270405,-0.3807456,-0.3690732,-0.2292177,-0.07236188,-0.3558784,-0.3621305,-0.2515462,-0.2492537,-0.3470296,-0.3669078,-0.02729233,0.01888219,-0.3545068,-0.3006893,-0.1700588,0.0263051
BC182,-0.1132837,-0.07806454,-0.02820801,0.1840304,-0.1418546,-0.03639237,-0.1548587,-0.1277923,-0.08441014,-0.07753188,0.01139932,0.06976442,-0.08874703,-0.04356419,-0.1645569,-0.1109213,-0.1012771,-0.09583325,-0.0384745,0.1411232,-0.1458762,-0.08203058,-0.2412961,-0.2551809
BC183,0.1949548,0.1624225,0.1611855,0.07616249,0.1725779,0.1022883,0.2303376,0.1397176,0.1802301,0.1786236,0.09989125,0.1306456,0.1672016,0.1164669,0.234565,0.1847161,0.1768185,0.1709001,-0.03457612,-0.01137905,0.190509,0.1534087,0.2952743,0.1692244
BC200,0.2260012,0.2016479,0.08671138,-0.1041945,0.2106469,0.2036066,0.1677601,0.2464628,0.2097577,0.2007012,0.09208501,-0.09892414,0.204189,0.2020371,0.1858985,0.2004219,0.1952553,0.2089815,0.1201303,-0.1418211,0.2114405,0.1839013,0.1741796,0.1467967
BC201,0.2641626,0.21725,0.05639319,-0.08486834,0.2600684,0.2284537,0.1862756,0.2409275,0.2300182,0.217676,0.1140981,-0.03656261,0.236533,0.235816,0.1818321,0.1892241,0.2286149,0.2383235,0.09373066,-0.1035148,0.2591543,0.1982133,0.1364466,0.112251
BC202,0.2954273,0.2826709,0.2049767,0.2161707,0.2587826,0.3299614,0.199642,0.08580943,0.2966308,0.2948261,0.2767121,0.1278555,0.3013428,0.339549,0.1767032,0.0997972,0.2752336,0.3051337,0.06381643,0.0938112,0.2721536,0.2647624,-0.01709214,-0.104945
BC221,0.3761227,0.3192297,0.1756966,0.09415984,0.3674566,0.3988553,0.2612322,0.2615687,0.3790984,0.3450349,0.2601798,0.06963318,0.3652574,0.412644,0.2815423,0.2765414,0.3292618,0.3586101,0.1146329,0.001601571,0.384226,0.3143718,0.09792816,0.06668033
BCpl,-0.3527688,-0.318838,-0.2017369,-0.2051214,-0.2960961,-0.3578871,-0.2465483,-0.197385,-0.3507402,-0.335656,-0.2567006,-0.1668064,-0.3340342,-0.3708705,-0.2371214,-0.2103559,-0.3128527,-0.3393112,-0.03280502,-0.07390124,-0.3158583,-0.2944096,-0.09564784,0.02885519
BCpufa,0.06716213,0.05951175,0.1328276,0.2503363,-0.002538764,0.07284445,0.02032842,-0.04384896,0.08437109,0.07837019,0.11481,0.1801079,0.05987923,0.07818035,0.01067296,0.01360608,0.05641,0.05550994,-0.04579938,0.1467748,0.01242153,0.05652194,-0.04724797,-0.1197825
BCsat,0.1532637,0.1380239,-0.008404363,-0.1412185,0.1414431,0.0276347,0.06537213,0.2101175,0.1173103,0.1175375,-0.007431255,-0.158617,0.09884654,0.05216882,0.08036951,0.138187,0.1192367,0.1196319,0.03750989,-0.1684808,0.1438213,0.06797628,0.1981152,0.06760804
BCvlcfa,0.3198359,0.2739471,0.09787208,-0.04765164,0.3078086,0.2935277,0.2187963,0.2532587,0.2916656,0.2791086,0.1649882,-0.02972605,0.2946605,0.303751,0.2167281,0.2114942,0.2802887,0.2973108,0.1114612,-0.09006824,0.3119391,0.2501124,0.1259401,0.09352151
MPboxcox,0.1728353,0.1471868,-0.04986072,-0.1603602,0.1816832,0.09238585,0.07688036,0.2141593,0.1375055,0.1212864,0.01629696,-0.1310268,0.1293147,0.1173005,0.1035452,0.1396977,0.1389526,0.1554685,0.1074312,-0.1596211,0.1817809,0.09074007,0.1490405,0.09677194
k_light_0_nutrient_0,0.001619657,0.003706513,0.05497386,-0.1833964,-0.04732589,-0.1060013,0.002906352,0.1103224,0.009453381,-0.004435257,-0.03392252,-0.1235731,-0.04356492,-0.1082272,-0.01897414,0.06719543,-0.00934682,0.009033795,-0.1319194,-0.2190326,-0.008937832,0.01932118,0.2744473,0.06868928
k_light_0_nutrient_1,-0.0237349,-0.07158844,0.05177529,0.08201284,-0.04217739,0.03136514,-0.09492232,-0.256092,0.004191616,-0.02732875,-0.03064017,0.1155246,-0.03369355,-0.005171372,-0.0386363,-0.1334562,-0.02500357,-0.04939212,-0.2542226,0.1350328,-0.009253515,0.056409,0.009302209,0.09802137
k_light_1_nutrient_0,0.005455809,-0.04806985,-0.02285729,0.2501539,0.01846228,0.1325373,-0.1342076,0.1180964,-0.001170336,-0.04153144,-0.03227282,0.2099994,-0.003697174,0.07123935,-0.02293796,0.04460693,0.00813548,0.001671262,-0.1142215,0.2318359,0.02419069,0.03897298,0.1730243,0.02941961
k_light_1_nutrient_1,-0.01636555,0.04621796,0.1169682,0.04341711,-0.01806547,0.01986434,0.1860656,0.1913383,-0.02760756,0.05187834,0.09777993,0.0824559,-0.0299915,0.02368283,0.1874806,0.149708,0.001187647,0.001902734,0.1549211,0.1687531,0.006789126,-0.009701394,0.3625472,-0.07082221
tmax_light_0_nutrient_0,-0.007084571,0.02776964,0.1514019,-0.1961709,0.03722174,-0.03976318,0.1042483,0.2222003,-0.01452093,-0.02651018,0.08677623,-0.1282029,0.002068012,-0.02500621,0.02810421,0.1621481,0.002060409,0.05281798,0.2718668,-0.2326074,0.03689754,0.004433189,0.3155121,0.07971002
tmax_light_0_nutrient_1,-0.03557284,-0.09884748,0.1501868,0.1269498,-0.006679893,0.04625352,-0.02245021,-0.1918537,-0.006314476,-0.03697895,0.03050733,0.1742517,-0.01726353,0.002687356,-0.03680681,-0.08568397,-0.02623241,-0.06578138,-0.03216159,0.1844179,0.01074309,0.05905447,0.09357336,0.2044095
tmax_light_1_nutrient_0,-0.03673511,-0.06065076,-0.1169799,0.06667682,0.004941444,0.1476264,-0.1023387,0.009296158,-0.0004402116,-0.0276075,-0.06379175,0.07387102,0.007796227,0.08099939,-0.04562392,-0.0279614,-0.02801395,-0.0368513,-0.232522,0.08404528,0.00127039,0.04776785,0.2465937,0.03781432
tmax_light_1_nutrient_1,0.01324181,0.01363366,0.1516121,0.01943491,0.001295913,0.01850894,0.1612008,0.06192677,-0.01377289,0.05927486,0.1502425,0.07463236,-0.0009094113,0.03848251,0.1625455,0.01886076,0.01940118,-0.0343714,0.2894815,0.1649597,4.540208e-05,-0.02509585,0.2835656,-0.1186393
Fe_minus,1.278119,1.179133,0.5211818,0.854325,1.16637,1.134874,1.113471,0.9360644,1.265542,1.197135,0.608032,0.6713728,1.22208,1.216832,1.227725,0.912602,1.113005,1.246672,-0.1759424,0.2558384,1.2078,1.022632,0.7231424,0.262797
Fe_plus,-0.3616374,-0.3778636,-0.4099174,-0.2522182,-0.4896892,-0.4764968,-0.4964458,-0.3584346,-0.4453983,-0.4226149,-0.4961251,-0.3276768,-0.4830782,-0.523515,-0.4438011,-0.4971711,-0.3350805,-0.4335143,-0.1891365,-0.04267183,-0.4726258,-0.337634,0.02124789,-0.08446483
Fe_response,-0.3717516,-0.3357722,-0.1441165,-0.288894,-0.3489343,-0.3616288,-0.3503091,-0.287245,-0.3815146,-0.3452275,-0.1688543,-0.2209296,-0.3722119,-0.3980924,-0.3742892,-0.2919693,-0.3230455,-0.376142,0.07008911,-0.09588265,-0.3580025,-0.2890357,-0.2051582,-0.08231438
Mn_minus,1.421167,1.524137,0.5560761,0.4810712,1.478437,1.356817,1.267739,1.010492,1.45668,1.436838,0.7523411,0.3702065,1.511363,1.411503,1.350757,1.092442,1.294749,1.602817,0.1345356,-0.1558056,1.480204,1.276945,0.7581357,0.3511893
Mn_plus,1.122696,1.232939,0.6291587,0.5131704,1.15612,0.7307551,1.04784,0.9853523,1.152744,1.190757,0.7704116,0.3952813,1.119662,0.9394255,1.065142,1.062836,1.001461,1.17175,0.1459558,-0.04320046,1.194233,0.8428612,0.06646457,0.2506166
Mn_response,-0.3932201,-0.4309438,-0.01760762,-0.008314377,-0.490995,-0.6321494,-0.4371345,-0.2454754,-0.418043,-0.3534075,-0.08745754,0.06938792,-0.5195642,-0.527544,-0.4674867,-0.2908918,-0.3922921,-0.5892834,-0.009854723,0.3058242,-0.4546243,-0.4988774,-0.5095278,-0.08803874
Zn_minus,1.157376,1.217592,0.5385192,0.2360363,1.156862,1.06619,0.9344144,0.9971506,1.140498,1.175619,0.6861537,0.238582,1.168794,1.029105,1.018121,0.9778913,1.055042,1.230313,0.3074641,-0.2370864,1.180313,1.083131,0.9330403,0.2775484
Zn_plus,1.399707,1.334087,0.8527674,0.7807033,1.288195,1.453998,1.221037,0.8415071,1.400434,1.375539,1.037581,0.806117,1.396694,1.433582,1.323638,1.060292,1.252864,1.411515,0.2331795,0.2773339,1.330357,1.253314,1.149454,0.317296
Zn_response,-0.7703974,-0.8624389,-0.2729546,0.08819295,-0.7932095,-0.6234266,-0.5055761,-0.8007529,-0.754848,-0.8027095,-0.3657525,0.06564125,-0.7725544,-0.6010583,-0.5575249,-0.6669297,-0.697301,-0.8289742,-0.2692175,0.3698818,-0.8027444,-0.726504,-0.4689829,-0.1513366
density_deficiency,-0.6409123,-0.5462254,-0.4541816,-0.4415322,-0.5092964,-0.4968479,-0.4204065,-0.2983645,-0.6448166,-0.5889609,-0.4940117,-0.341375,-0.5939907,-0.5471423,-0.4393487,-0.3392899,-0.5333012,-0.5697617,0.09989219,-0.2791737,-0.5271585,-0.4809435,0.2722402,0.1280943
denstiy_control,-0.02457411,-0.05984424,-0.02842332,0.1026592,0.002044981,0.04994648,0.1893122,0.01879107,-0.0343597,-0.009847886,-0.04395536,0.1757284,-0.01667797,0.03924895,0.1646117,0.1116799,-0.00137993,-0.05881962,0.09827631,0.01780764,0.01332628,-0.002371685,0.6457187,-0.010899
length_control,-0.5765713,-0.6134455,-0.248416,-0.2562315,-0.634306,-0.6600228,-0.4896884,-0.3807823,-0.6546162,-0.6016752,-0.3249852,-0.2922033,-0.654447,-0.6912978,-0.4979716,-0.4025479,-0.496952,-0.6620865,-0.05109567,-0.1590324,-0.6253714,-0.5503087,0.05721617,-0.1607248
length_deficiency,-0.8541122,-0.7454197,-0.4981239,-0.5865781,-0.758136,-0.7744412,-0.7488908,-0.5526991,-0.8922268,-0.8326235,-0.5564126,-0.5787862,-0.8260609,-0.8398202,-0.7660695,-0.5845731,-0.7098278,-0.7567508,-0.05188483,-0.3290409,-0.7838338,-0.6952754,-0.3589904,-0.0351165
high_RFR,0.2214244,0.1620368,0.07451159,-0.156659,0.2609344,0.2197384,0.07881294,0.02429352,0.169828,0.1517074,0.1042684,-0.06873183,0.1683961,0.1519209,0.1537119,0.01115772,0.2091309,0.2038209,0.1415686,-0.06909435,0.2756318,0.236506,0.0420093,0.1188458
low_RFR_response,0.2533783,0.272968,0.09221426,0.2833882,0.2752118,0.3168207,0.3573708,0.4229215,0.3285208,0.3057644,0.2040743,0.2318247,0.3656696,0.3261971,0.3341541,0.4475077,0.2218001,0.3036191,-0.1849963,0.02023927,0.2478065,0.2586183,0.3723236,0.2461952
low_RFR,0.4723985,0.4080485,0.1639166,-0.004726034,0.5400415,0.5153587,0.35843,0.3332315,0.4578853,0.4177866,0.2828162,0.07448161,0.4824544,0.4326201,0.4406485,0.3334223,0.4337,0.4849697,0.05490337,-0.07668565,0.5399021,0.4960153,0.3205542,0.3320344
resid,0.5322354,0.5064598,0.1883885,0.2416006,0.5959692,0.615527,0.5464309,0.5863228,0.5875001,0.5412438,0.3638765,0.2496209,0.6358827,0.568731,0.5809293,0.6076822,0.4792895,0.5839642,-0.1233381,-0.03339885,0.5722093,0.5524295,0.5342153,0.4329065
slope,0.2524281,0.2768085,0.08804848,0.3551243,0.2346738,0.2865898,0.3427666,0.3852885,0.3159739,0.2964987,0.1848382,0.2430249,0.3413364,0.3199941,0.3087532,0.4191969,0.2149901,0.2994003,-0.1698167,0.06518287,0.2156667,0.2258713,0.3600831,0.2060727
AA_NH4_fed,-0.03156814,0.1457362,-0.1537829,-0.07243747,0.08642479,0.04469076,0.2454294,-0.2833799,0.02810094,0.03215306,-0.1451993,0.03507671,-0.03855164,0.004927015,0.1322203,-0.1312703,-0.06406453,0.09901042,0.07643591,0.1923465,0.1345173,0.02651096,0.4402653,-0.4743768
AA_NO3_fed,0.02418549,0.08922356,-0.2004821,-0.256797,0.007296554,0.09163972,-0.053542,-0.02902421,-0.0332303,0.04972485,-0.2447639,-0.2250997,-0.01981746,0.06152152,-0.04916879,-0.06961237,0.05646908,0.0334932,0.03050447,-0.1130666,0.02843746,0.03323774,-0.2546711,-0.05862309
GDH_animating_NH4_fed,0.05000235,-0.03608847,0.5146021,0.6670142,-0.07896385,0.06050456,0.4623015,-0.08681016,-0.003983721,0.03262415,0.2285563,0.5022853,-0.01528428,0.04006494,0.3799443,-0.06871815,0.03013569,-0.06994677,-0.1908417,0.378743,-0.07641316,0.01605645,0.677098,-0.219134
GDH_animating_NO3_fed,0.04607016,-0.1827384,0.6843242,0.08766403,-0.08178383,0.02853469,0.2542765,-0.0316123,0.005897579,0.02779895,0.2617899,0.2096662,-0.02259181,-0.01344076,0.302152,-0.1384508,0.02967581,-0.1920367,0.2386291,0.1785824,-0.06007283,0.0289183,0.9939782,0.09389368
GDH_deaminating_NH4_fed,-0.01954693,-0.04446253,0.4488876,0.4426943,0.01674481,-0.02228125,0.1485523,-0.06073862,0.01637103,-0.002071657,0.1462998,0.4040299,0.006932828,0.05210854,0.1609917,-0.09644582,-0.03612302,-0.03972519,-0.07107165,0.5618247,0.0003735224,-0.06325629,-0.1799067,0.1231072
GDH_deaminating_NO3_fed,-0.02407602,-0.01245768,0.109856,-0.05907492,-0.04089691,-0.08325867,-0.04255745,0.08579367,-0.03815747,0.008992058,-0.1822933,-0.07148232,-0.005393996,-0.009257295,0.007114481,-0.0640116,0.02782717,-0.0184591,0.0930969,0.1149348,-0.04719687,-0.0595753,-0.4887769,0.1861266
GS_activity_NH4_fed,-0.07028482,-0.04343064,0.4450111,-0.253198,-0.06485603,-0.005962555,0.1057694,0.4013599,-0.0993236,-0.0006248503,-0.1195513,-0.3004642,-0.01040902,0.008501303,0.08838418,0.1808267,0.03725,-0.03703282,0.2643942,-0.2364354,-0.05782153,-0.01587659,-0.2336883,0.03092186
GS_activity_NO3_fed,-0.02786214,-0.03493043,0.1738395,0.01472683,-0.04627515,-0.01188308,0.05615393,0.360721,-0.05901361,0.0403237,-0.1568901,-0.0743709,-0.01798233,0.008363412,0.1020938,0.1795885,0.04014157,-0.07150403,-0.02210373,-0.1222983,-0.03162995,-0.01443825,-0.1952381,0.1035876
NH4_content_NH4_fed,0.06473411,0.07372451,-0.006718796,0.5318851,0.003916647,-0.1947286,0.2650767,-0.1621806,0.07593066,-0.02352837,-0.1970402,0.4511556,-0.05065152,-0.1338289,0.1818697,0.1733023,-0.01249034,0.08330909,-0.09605618,0.504895,0.0521029,-0.05109255,0.003738642,-0.04844725
NH4_content_NO3_fed,-0.04253176,0.1142062,-6.406227e-05,-0.08235328,-0.00687276,-0.01034372,0.02662944,0.2533764,-0.121569,0.1153755,-0.01549765,0.006777945,-0.01797253,-0.03709675,0.1097812,0.2618848,0.08996159,-0.009744561,0.1230364,0.004722215,0.004174774,0.02031708,-0.4020699,0.07825213
NR_activity_NH4_fed,-0.006698538,0.03146727,-0.3005451,0.4077042,0.05678855,0.02556193,-0.1157264,-0.2545772,0.05336215,-0.02936739,-0.3155816,0.3052758,0.01106963,0.1678668,-0.06290096,-0.3339037,-0.04892275,0.05733411,-0.4263488,0.6376873,0.03629679,-0.1069654,-0.8781163,0.1595653
NR_activity_NO3_fed,0.04872501,-0.1018754,-0.1368108,0.4453817,0.03779312,0.09253526,0.06147513,-0.3043656,0.05583624,-0.02981459,-0.05096377,0.5809363,-0.01457742,0.1148678,0.1154197,-0.1709866,-0.002117224,-0.06205845,-0.2304369,0.6823196,0.05234865,-0.01729514,-0.5004628,0.1008144
root_hydraulic_conductivity,-0.1851775,-0.1957543,0.06774024,-0.1671572,-0.1778015,-0.2376543,-0.3467295,-0.3057478,-0.2176209,-0.2223618,-0.08604899,-0.2272394,-0.2521919,-0.2548713,-0.3404988,-0.3097892,-0.1843482,-0.2215364,0.1762413,-0.1768625,-0.1793356,-0.2088412,-0.3566769,-0.3112953
Delta_13C,-0.05196723,-0.008679505,-0.08548431,0.02414994,-0.02436515,-0.06706168,0.08980462,0.005675468,-0.006773011,0.01356148,-0.0922697,-0.02894255,0.001841177,-0.00718959,0.09347981,-0.006893148,-0.03582573,-0.01983776,-0.1616237,-0.01051009,-0.02679321,-0.06838834,0.1144264,-0.07839402
leafsize,-0.01804569,0.01521207,0.03895595,0.01637439,-0.007743478,-0.01415635,0.01168767,-0.08746663,-0.0002396175,0.01239534,0.02019409,0.04031993,0.005853025,-0.02082743,-0.01405966,-0.09321589,-0.01282229,0.00354787,0.05006184,0.0300207,-0.01606889,0.01200428,0.09165904,-0.0975395
stomata_density,0.01435044,-0.003749222,-0.04481468,0.01338704,-0.08044117,-0.07427294,-0.0006894778,0.01390152,0.01952054,0.02195549,-0.04449651,-0.047506,-0.01229361,-0.03590874,0.0224942,0.04037395,-0.00274075,-0.02465408,-0.0303502,-0.05658497,-0.07252265,-0.04292022,0.005672936,-0.1094664
stomatasize,0.006221225,0.0003499472,0.007358006,0.004382856,0.06563128,0.06684929,0.03233978,-0.01343571,-0.02237406,-0.01914484,0.01500022,-0.03900026,0.01423788,0.03816942,0.002955316,-0.03943972,0.02241303,0.02067799,-0.01768085,-0.02903512,0.0564821,0.03624598,0.03867915,0.0194253
Cotyledon_area,0.7484245,0.8130956,0.2402837,0.4370262,0.6724846,0.6638515,0.4854941,0.7790244,0.7498966,0.8167243,0.3065752,0.3583615,0.7461925,0.7596287,0.5974314,0.7619807,0.6811988,0.7580862,-0.09503867,0.09081248,0.6969809,0.5972963,0.3288954,0.342529
First_leaf_area,1.113834,0.9010574,0.6673693,0.8302662,0.9537561,0.9345946,0.8885274,0.8710428,1.116879,1.060895,0.6499734,0.719299,1.02206,0.9969049,0.9572639,0.8741116,0.9261227,0.9086837,-0.1197748,0.1185845,0.9916654,0.8840023,0.481578,0.3388569
LA_vs_CA,0.6257586,0.3547025,0.5653713,0.4778799,0.5294694,0.523559,0.6056044,0.3173269,0.6167782,0.526792,0.5358298,0.4823578,0.5380416,0.4881515,0.605056,0.3518309,0.494001,0.403951,0.03279528,0.03007401,0.5509327,0.524875,0.317205,0.09350966
Pavement_cell_density_in_cotyledon,-0.3291763,-0.3528183,-0.3196678,-0.05697214,-0.3563058,-0.2773189,-0.3090871,-0.5317985,-0.3262278,-0.3599108,-0.2333471,0.1060383,-0.387182,-0.3090054,-0.3249387,-0.383595,-0.3344336,-0.3652856,-0.04610376,0.3920423,-0.339983,-0.3033692,-0.1211397,-0.09082828
Pavement_cell_density_in_first_leaf,0.1471173,0.2333335,0.05129161,-0.01469683,0.1803662,0.082213,0.1184755,0.02662351,0.1330852,0.202423,0.07490198,0.1970088,0.08594388,0.04304782,0.1111947,0.2594141,0.1202912,0.1503331,0.09751685,0.2046318,0.2222602,0.1323228,-0.2645824,-0.03281121
PDL_vs_PDC,0.4092084,0.5122367,0.4172075,-0.01141031,0.4732741,0.2850955,0.3730631,0.5450993,0.3942802,0.5116194,0.2606656,0.03161776,0.4060724,0.2826475,0.3907052,0.570412,0.3960902,0.4281859,0.1639395,-0.2010879,0.4988053,0.3746942,-0.1551799,0.07748588
SDL_vs_SDC,0.794015,0.770006,0.4834614,0.2639871,0.7645948,0.6190105,0.6010322,0.7938034,0.7923164,0.7885341,0.4279282,0.2193583,0.7870058,0.6632724,0.6013061,0.8220013,0.7127299,0.7901025,0.07671996,-0.2181934,0.7792464,0.6648298,-0.2970288,0.1913084
SIL_vs_SIC,1.154637,0.9825469,0.5442174,0.5840841,1.02902,1.021118,0.8453044,0.9709172,1.188424,1.020759,0.5600472,0.4454879,1.154251,1.10719,0.8511284,0.9619987,0.9954138,1.14126,-0.06775409,-0.1362834,1.039783,0.9528475,-0.01147609,0.3194667
Stomatal_density_in_cotyledon,-0.6458798,-0.6518544,-0.6128331,-0.1490678,-0.6943864,-0.6032128,-0.5943479,-0.7111912,-0.6651558,-0.6885909,-0.5965798,-0.06342979,-0.722051,-0.6276409,-0.6277166,-0.6017033,-0.6080369,-0.6723347,-0.2339062,0.3340255,-0.6829871,-0.6032958,-0.4399372,-0.1529964
Stomatal_density_in_first_leaf,0.058239,0.04763708,-0.2625205,0.08075091,-0.01737076,-0.05799637,-0.09779752,-0.03095373,0.02667768,-0.006195868,-0.2377385,0.132222,-0.02275275,-0.04290821,-0.1334424,0.1411515,0.02936034,0.05743193,-0.2271117,0.1369301,3.868505e-05,-0.01954233,-0.8698531,0.02321409
Stomatal_index_in_cotyledon,-0.8394819,-0.8181435,-0.8639287,-0.1666723,-0.9038644,-0.8310947,-0.7619461,-0.742975,-0.8853895,-0.901732,-0.9271447,-0.2063037,-0.9231179,-0.8305065,-0.8120467,-0.6745144,-0.7586083,-0.8306943,-0.4438585,0.2213931,-0.8999086,-0.8013282,-0.8575091,-0.1845348
Stomatal_index_in_first_leaf,-0.06961656,-0.1916265,-0.5128039,0.2004958,-0.2364032,-0.1968259,-0.2484692,-0.1362038,-0.1082216,-0.2468989,-0.5253276,0.06597819,-0.1592064,-0.1327566,-0.2983772,-0.07000304,-0.09614781,-0.0871685,-0.4939266,0.08286802,-0.2404779,-0.1877745,-1.037014,0.05469334
avrB,-1.406799,-1.252284,-0.8134114,-0.4280548,-1.266195,-1.207735,-0.8736172,-0.8923461,-1.436915,-1.308786,-0.9561554,-0.416481,-1.356529,-1.218402,-0.941624,-0.8901705,-1.182348,-1.32253,-0.1835823,0.1819437,-1.296645,-1.237495,-0.08853783,-0.1678993
avrPph3,0.09891131,0.00183177,-0.02223021,-0.3267233,0.02538304,0.1348432,-0.007304218,-0.06959378,0.1022403,-0.02243794,-0.00408293,-0.3388288,0.08045228,0.05321893,0.0246118,-0.1602384,0.07780523,0.1385166,0.3393342,-0.3152807,0.04589953,0.1533003,0.3997904,0.07911116
avrRpm1,-1.274859,-1.147557,-0.664789,-0.3436822,-1.134115,-1.066769,-0.7383076,-0.8116128,-1.308194,-1.170316,-0.7963371,-0.2940394,-1.226033,-1.092169,-0.7886433,-0.7956133,-1.060751,-1.219949,-0.143887,0.2271513,-1.159809,-1.107438,-0.03659849,-0.1380009
avrRpt2,-0.9562834,-0.7535563,-0.3708351,-0.7434219,-0.8289819,-0.816204,-0.7460518,-0.6880156,-0.9436367,-0.8063595,-0.4422248,-0.5486185,-0.8969555,-0.8588632,-0.8206609,-0.5956769,-0.8282494,-0.8863356,0.4142894,-0.3918604,-0.8720862,-0.7665011,-0.601484,-0.412544
FT.2,0.1925676,0.1684961,0.1200683,0.1140064,0.1913941,0.2140299,0.1772819,0.108828,0.1997315,0.1766278,0.1651767,0.1051204,0.2068717,0.2121298,0.1915248,0.1289094,0.175445,0.2028947,0.009377208,0.01787336,0.1927208,0.1785192,0.1474605,0.05628156
X1_FT_Diameter_Field,0.3966558,0.3410119,0.2360825,0.1646247,0.3743711,0.3170405,0.2319595,0.1104826,0.3575257,0.3248838,0.1796536,0.1896651,0.3107179,0.3216184,0.3028643,0.1925025,0.3377051,0.3659949,0.09375084,0.1966529,0.4163999,0.3066005,-0.09276397,0.03105666
X10_Bs,-1.033285,-1.049682,-0.506433,-0.6440273,-1.024589,-0.8848769,-0.8934353,-0.6798815,-1.062156,-1.057443,-0.70457,-0.7390348,-1.060737,-0.9550831,-0.8951591,-0.6999678,-0.9225027,-1.081215,0.04508264,-0.2574746,-1.057714,-0.8919685,-0.5818601,-0.2225096
X100_4W,0.6703469,0.6951695,0.435194,0.08552735,0.7049528,0.5644904,0.8059906,0.6775969,0.8043276,0.7721827,0.7712315,0.0868917,0.8845941,0.6558978,0.8278884,0.7688492,0.6096645,0.7279949,0.05295669,-0.2550854,0.6466116,0.6018842,0.5572462,0.4652917
X101_Li7,-0.9265843,-0.8553663,-0.6856362,-0.2194888,-0.8166049,-0.71652,-0.7652389,-0.4158766,-0.9043549,-0.8910531,-0.7881418,-0.2037535,-0.859319,-0.7278902,-0.8111568,-0.5401861,-0.7987436,-0.8584649,-0.4064751,0.17945,-0.8528354,-0.7906922,-0.2034535,0.05555705
X102_FT22,0.1527523,0.1604612,0.1185925,0.03229419,0.2288964,0.2174633,0.3178276,0.1818552,0.2455285,0.2171337,0.3029997,0.01659006,0.2671058,0.2406423,0.3174929,0.2241109,0.1433093,0.1830386,0.0316558,-0.07905679,0.2138771,0.181824,0.1771654,0.1465909
X103_As2,-1.532334,-1.489952,-0.8093046,-0.7950447,-1.458851,-1.391202,-1.25022,-1.028313,-1.520825,-1.491708,-1.034637,-0.802971,-1.521181,-1.415351,-1.332284,-1.041667,-1.334491,-1.523124,-0.2940022,-0.3552257,-1.452289,-1.31791,-0.6948259,-0.3242627
X104_SDV,0.06294529,0.1399223,0.07182125,-0.1790427,0.09556431,0.009957571,0.2591389,0.1332886,0.1761574,0.1541926,0.1836966,-0.1041951,0.2231549,0.09817317,0.2297669,0.2197586,0.05488007,0.1511192,-0.09423152,-0.3153903,0.04118478,0.03792727,0.09757568,0.1706502
X105_Mg25,-1.943946,-1.827194,-1.258323,-0.8329245,-1.81685,-1.834244,-1.596166,-0.9632574,-1.963614,-1.914297,-1.512569,-0.9262096,-1.92633,-1.882484,-1.724737,-1.191377,-1.704751,-1.893816,-0.449787,-0.3023055,-1.860446,-1.675205,-0.7302169,-0.3256822
X106_Secondary_Dormancy,1.279166,1.246598,0.8313621,0.5386883,1.248503,1.206316,1.130147,0.7841796,1.309866,1.266685,0.9387553,0.5520202,1.330922,1.305059,1.135058,0.7646114,1.135491,1.286432,0.1014181,-0.08939537,1.237337,1.114974,0.8578239,-0.1041506
X107_As,-1.114806,-1.093341,-0.7315897,-0.5755954,-1.158119,-0.9934458,-0.9685046,-0.6537812,-1.139968,-1.10378,-0.7727921,-0.6944389,-1.129418,-1.019402,-1.036448,-0.6457981,-0.983584,-1.131445,-0.0525137,-0.3693686,-1.177017,-0.993989,-0.7746181,-0.1309425
X11_2W,0.311019,0.2738829,0.1848122,-0.01427542,0.3593078,0.3304682,0.3640538,0.3913032,0.4085904,0.3474823,0.4345845,-0.03035066,0.4427127,0.3741668,0.3916603,0.4282278,0.2772367,0.3279891,-0.003941759,-0.2072923,0.325217,0.2987288,0.2760911,0.2280168
X12_Rosette_Erect_22,0.5523185,0.4773421,0.3163085,0.3917595,0.599181,0.694495,0.577057,0.3449092,0.598882,0.5440167,0.5841786,0.4024283,0.6113551,0.7036919,0.6007878,0.4063518,0.4998636,0.5479729,0.09603755,0.2411254,0.6137836,0.5268336,0.394965,0.4449359
X13_Cd114,-0.02762789,-0.04619427,-0.03009807,-0.105961,-0.1287041,0.1599669,-0.1531595,-0.1386888,-0.0410997,-0.04136248,0.01526687,-0.2187481,-0.005630494,0.03596644,-0.1030155,-0.1371582,0.0174031,0.01350419,-0.2071649,-0.2419848,-0.1186588,0.07855329,-0.4140326,-0.4484231
X14_Width_16,-0.4311161,-0.3555944,-0.4233251,-0.03004966,-0.4708158,-0.4191807,-0.4717375,-0.2269126,-0.4564432,-0.4281785,-0.4025518,-0.1115939,-0.4779706,-0.4819191,-0.4484284,-0.283978,-0.3851546,-0.3811064,-0.266191,0.03709333,-0.4510097,-0.3484426,-0.1754252,-0.1403769
X15_Storage_28_days,-2.652713,-2.587171,-1.452376,-1.042769,-2.589662,-2.603574,-2.082932,-1.758553,-2.710383,-2.66209,-1.939956,-1.097823,-2.68455,-2.605879,-2.262118,-1.874078,-2.343272,-2.672324,-0.4639797,-0.005862825,-2.647435,-2.384258,-1.073058,-0.5650838
X16_LY,1.80498,1.826809,1.283426,1.241374,1.711271,1.553646,1.821681,1.071411,1.863916,1.857725,1.443629,1.255239,1.806567,1.816124,1.849368,1.467661,1.564902,1.795804,0.3318708,0.5077075,1.745807,1.400295,0.3000064,-0.09479648
X17_avrRpm1,-1.838911,-1.724409,-1.057043,-0.6671691,-1.674679,-1.564754,-1.150163,-1.230542,-1.868122,-1.802735,-1.241142,-0.6809255,-1.754117,-1.588382,-1.253272,-1.229603,-1.545214,-1.704417,-0.2502755,0.114828,-1.719302,-1.59397,-0.1289178,-0.2149847
X18_Width_10,-0.4960072,-0.4342534,-0.2810432,0.08725337,-0.533915,-0.35722,-0.5254921,-0.2948906,-0.5163123,-0.4706595,-0.3282715,-0.0700008,-0.5280807,-0.4021655,-0.5168378,-0.2861194,-0.4288876,-0.4754401,-0.1514894,0.1230087,-0.5224201,-0.3890378,-0.2533324,0.1014053
X19_Chlorosis_22,-0.4316342,-0.3224149,-0.2482146,0.06070881,-0.3531527,-0.3537796,-0.3027177,-0.1670191,-0.3644536,-0.3327912,-0.2914881,-0.08921042,-0.3288512,-0.3723248,-0.300044,-0.1397137,-0.359677,-0.3323955,-0.1603773,0.04576597,-0.370169,-0.3132647,-0.2234899,-0.01991321
X2_At2_CFU2,-0.7571932,-0.7500088,-0.3693048,-0.05312603,-0.7165445,-0.6601525,-0.6256935,-0.4744497,-0.7599842,-0.7582385,-0.5712067,-0.2259399,-0.755603,-0.6700805,-0.7115393,-0.4063875,-0.6615976,-0.7609672,-0.2210404,0.08751278,-0.7248093,-0.6676123,-0.5624723,-0.2437873
X20_Storage_7_days,-1.316869,-1.24191,-0.6572908,-0.6542312,-1.197534,-1.273389,-0.9037203,-0.873198,-1.32929,-1.293733,-0.9545036,-0.5675695,-1.281086,-1.199975,-1.041933,-0.9372109,-1.154493,-1.291408,-0.1123988,-0.03757547,-1.255486,-1.204985,-0.4006912,-0.3891797
X21_As2_CFU2,-0.8483537,-0.7499975,-0.560201,-0.3258434,-0.8210168,-0.7962024,-0.645558,-0.618535,-0.7975784,-0.7542804,-0.6983923,-0.3327648,-0.7835073,-0.7975428,-0.6596434,-0.5188732,-0.74018,-0.7965464,-0.3482216,-0.1043273,-0.8392153,-0.7072062,-0.5502382,-0.1676506
X22_Co59,0.4686003,0.5379381,0.2995021,0.7647211,0.5120101,0.6439764,0.409686,0.4632021,0.5686873,0.5296619,0.451026,0.7232684,0.5671626,0.7154786,0.4422914,0.6505454,0.4115648,0.570993,-0.1453002,0.4089254,0.5075815,0.3963697,-0.02910174,0.09882668
X23_FW,0.5527909,0.6514037,0.3363567,0.4903715,0.6938099,0.6599683,0.5695015,0.7127999,0.635658,0.5971755,0.5001114,0.5201674,0.6502011,0.6814878,0.5694042,0.7199684,0.4871681,0.691266,0.1559724,0.08386426,0.6830976,0.5396463,0.8352079,0.4167104
X24_Cu65,0.3066055,0.1611375,0.1613024,-0.4692464,0.3109262,0.3009681,0.356866,0.3621094,0.2396172,0.2643733,0.100889,-0.2956764,0.3013341,0.2691306,0.417995,0.135252,0.3321828,0.2506911,0.2770576,-0.01084869,0.3286915,0.2203976,0.6105213,0.2487898
X25_Bacterial_titer,-0.6313983,-0.6774244,-0.2759137,-0.35454,-0.7180854,-0.6000409,-0.5689,-0.9196707,-0.6692086,-0.6946058,-0.2358092,-0.489117,-0.6935663,-0.6948807,-0.5372844,-0.8304721,-0.5678201,-0.6592518,0.2329201,-0.3222367,-0.7049701,-0.5045462,0.0437868,-0.158855
X26_Width_22,0.3076178,0.3273038,0.04895334,0.1960774,0.2818267,0.3132232,0.3653395,0.3150087,0.3310054,0.3449907,0.1615577,0.1975639,0.3298326,0.3159983,0.3911278,0.3637586,0.2665638,0.3299849,-0.173567,0.111154,0.3052609,0.2779938,0.4383955,0.2607109
X27_Storage_56_days,-1.642697,-1.6551,-0.865632,-0.6105134,-1.608937,-1.655513,-1.20869,-1.064655,-1.683831,-1.688908,-1.263016,-0.6778312,-1.658842,-1.647515,-1.317319,-1.1228,-1.440827,-1.659107,-0.410056,0.06405807,-1.641106,-1.502955,-0.7776624,-0.5008488
X28_YEL,1.491967,1.609943,0.8944921,1.608037,1.401972,1.579872,1.580588,0.9563461,1.604838,1.562936,1.180508,1.381221,1.563794,1.782639,1.650708,1.173883,1.304142,1.617505,-0.1254389,0.4610227,1.43207,1.232703,1.058879,-0.09180214
X29_FLC,0.5141295,0.475498,0.3107429,-0.05268268,0.5591249,0.6940125,0.4529664,0.3311995,0.5768741,0.5327583,0.4885286,-0.06887242,0.589562,0.6375722,0.4970111,0.3330603,0.462606,0.536094,0.1765514,-0.3203298,0.5619796,0.5686082,0.3743336,0.2633979
X3_Leaf_serr_16,0.4530169,0.4626708,0.2914837,0.3036989,0.4538263,0.44947,0.3942768,0.2001941,0.4443787,0.4107001,0.3996255,0.2300256,0.4202374,0.4389192,0.4312973,0.2748557,0.393131,0.4928124,0.1475169,0.01407845,0.4778371,0.3834464,0.2383449,0.2261378
X30_FT16,0.2148158,0.2330648,0.1684153,0.08797021,0.2676662,0.2736183,0.3302595,0.1942893,0.2953362,0.2785912,0.3202688,0.05282878,0.3147521,0.2943778,0.3108656,0.2303403,0.193414,0.2432652,0.07376171,-0.04299368,0.254769,0.2344983,0.2176845,0.1673015
X31_FT10,0.2818963,0.3009325,0.1336763,0.07326896,0.2909921,0.2159354,0.361847,0.2561255,0.3701887,0.3426862,0.3105649,0.01592084,0.3921363,0.2761751,0.3573995,0.2918378,0.2467,0.3253293,0.02272005,-0.2109506,0.2701049,0.2429303,0.26977,0.1633115
X32_FT_Duration_GH,0.4161425,0.4620736,0.3678585,0.328912,0.4517126,0.5211929,0.4333105,0.3211612,0.4395154,0.4836547,0.3294938,0.181593,0.4650703,0.5480112,0.4661672,0.4065661,0.400888,0.4640706,-0.0970222,0.1331404,0.4726586,0.4033395,0.419174,0.09472435
X33_Se82,0.2734451,0.2348988,0.2550257,0.4766813,0.1611397,0.001022337,0.1460189,0.3347889,0.2776773,0.2979694,0.267566,0.3752757,0.1627809,0.1296283,0.1766541,0.3839689,0.1831038,0.1266603,0.0247,0.3507613,0.2119801,0.05730192,-0.1062306,0.08089263
X34_LDV,0.3155847,0.364442,0.1308226,0.06975392,0.354987,0.3001275,0.4796481,0.2792608,0.4156496,0.4017459,0.338158,0.03694437,0.478314,0.3657493,0.4429032,0.3295743,0.2936309,0.3862623,-0.07926957,-0.1690624,0.3154116,0.3001977,0.3053643,0.2353305
X35_Noco2,-0.3179756,-0.3637875,0.01010678,-0.05905752,-0.4334786,-0.5306403,-0.5757089,-0.2925317,-0.3564308,-0.3029689,0.07546432,-0.1791406,-0.4452457,-0.5801317,-0.5544028,-0.1155823,-0.3125433,-0.4692714,0.0914332,-0.004759667,-0.3817954,-0.3168321,-0.7801193,-0.1078394
X36_8W_GH_LN,0.1390512,0.162816,-0.006537717,-0.02776218,0.1769322,0.1003154,0.2140574,0.2343948,0.1952619,0.2196947,0.06763997,-0.07685571,0.2321706,0.1406748,0.2076214,0.2702323,0.1451053,0.1611953,-0.2238515,-0.1296311,0.1744089,0.1271453,0.2027998,0.1767406
X37_0W,0.4500707,0.463091,0.2313621,0.02338293,0.486235,0.5104236,0.4108192,0.2460907,0.5152796,0.4751094,0.4111145,0.07597506,0.5566479,0.5588496,0.4165643,0.2991223,0.4008118,0.517038,0.0411755,-0.1473902,0.4604972,0.4044419,0.3446884,0.3772054
X38_MT_GH,-0.2939145,-0.3021483,-0.3548935,0.08790265,-0.3745398,-0.4556305,-0.4183222,-0.2606219,-0.3975422,-0.3502915,-0.474456,0.1058626,-0.4646611,-0.4060297,-0.4381982,-0.3088609,-0.2872279,-0.3823546,-0.2351868,0.2586266,-0.355564,-0.4018198,-0.458713,-0.181993
X39_After_Vern_Growth,0.02941292,0.05418382,0.1268688,0.01007988,0.04562929,-0.111899,-0.05506689,0.3033367,0.05602945,0.06750721,0.1071178,0.06885658,-0.003399544,-0.08880661,-0.05315251,0.3220303,-0.00578524,-0.004129605,0.1750312,0.07670715,0.07289573,-0.0241646,-0.1395783,0.07413111
X4_Seed_bank_133_91,-0.2224742,-0.2909886,-0.1568976,0.04033587,-0.1873856,-0.2069851,-0.258956,-0.05035618,-0.2178844,-0.2416731,-0.1686009,0.02841078,-0.2170778,-0.1959375,-0.2480992,-0.04946687,-0.1983406,-0.2640236,-0.1085639,0.1873802,-0.1940864,-0.2398656,-0.1697416,0.2571276
X40_Aphid_number,0.007395763,0.04763776,0.136459,-0.3354573,-0.08447678,-0.04494231,-0.3788186,-0.4072815,0.01455701,0.0392321,0.2128693,-0.1163474,-0.0482584,-0.1061613,-0.3741402,-0.339516,-0.04788814,-0.05442003,0.4435263,-0.01510136,-0.0834306,0.06599217,-0.01398093,0.1004477
X41_LN22,0.2531888,0.2358401,0.1918908,0.07124095,0.3812382,0.3346253,0.5010333,0.2197405,0.365536,0.3005856,0.4411576,0.03316825,0.4217262,0.3637583,0.4926487,0.3071359,0.2464941,0.3009872,0.006387848,-0.1089485,0.3470003,0.286383,0.2773036,0.2390853
X42_Bs_CFU2,0.6283202,0.6352279,0.4087755,0.09661369,0.6402866,0.6262207,0.4586621,0.2572164,0.6794351,0.6249583,0.627903,0.2969526,0.6911648,0.6560639,0.5108868,0.2531916,0.5729176,0.7107362,0.1971172,-0.1006651,0.6396348,0.5919016,0.265792,-0.003797735
X43_avrRpt2,-1.234766,-1.0714,-0.5507975,-1.124519,-1.088754,-1.051335,-1.015444,-0.9759733,-1.194269,-1.1745,-0.6162556,-0.9216453,-1.124199,-1.096222,-1.138266,-0.8688119,-1.079649,-1.086401,0.5407951,-0.7107181,-1.160714,-0.9835636,-0.7526859,-0.5022689
X44_Hypocotyl_length,4.20506,4.064271,2.628367,1.380747,4.193286,4.066984,3.43293,2.632564,4.250871,4.139764,3.201304,1.672654,4.272933,3.963607,3.614618,2.932388,3.732626,4.277188,0.9527755,0.02214232,4.241701,3.90845,1.867859,0.972986
X45_Germ_22,0.3623695,0.2450919,0.05493002,0.1426977,0.2730395,0.3209676,0.1042975,0.1871958,0.265756,0.215229,0.1883684,0.09717916,0.2553088,0.3177455,0.1342571,0.1540416,0.3178793,0.3279966,0.1790481,0.09622281,0.2892158,0.2293501,0.1539789,0.3087531
X46_Leaf_roll_22,0.2194008,0.2289754,0.1329128,0.2196179,0.2454017,0.1691795,0.1521324,0.266493,0.2446673,0.249453,0.2087538,0.1842927,0.2602413,0.1664036,0.1403324,0.2051222,0.202456,0.2309641,-0.1007799,0.03579344,0.2575855,0.2278607,0.1759941,-0.009921949
X47_SD,0.3584583,0.3416129,0.259746,-0.03160453,0.4195768,0.3747603,0.4296311,0.3477817,0.4510684,0.4012176,0.4638243,-0.0792355,0.4992879,0.4069332,0.4021179,0.3910357,0.3199621,0.3871012,0.0134747,-0.2568307,0.384534,0.3560083,0.3017654,0.3308211
X48_8W,0.1514953,0.1521838,0.07716489,-0.0004283272,0.2011552,0.174441,0.3096674,0.2526686,0.2496251,0.2230938,0.2529669,0.007661579,0.3073162,0.2280916,0.3221992,0.3233668,0.1509907,0.1934723,-0.1275867,-0.1105345,0.1672006,0.1606504,0.1915481,0.226667
X49_FT_GH,0.2742939,0.245424,0.199189,0.08952204,0.330384,0.3371216,0.3280593,0.3049216,0.358436,0.3164689,0.3570704,-0.02227526,0.3841311,0.3498142,0.3518305,0.3148961,0.2496256,0.2848636,0.1312492,-0.09854147,0.3180698,0.3045036,0.2379221,0.1012312
X5_Na23,-0.2736897,-0.2445186,-0.2086468,-0.07934393,-0.215923,-0.2931602,0.0222698,-0.09822185,-0.277191,-0.2512741,-0.3070835,-0.07057324,-0.2470203,-0.1838952,-0.02753867,-0.1284079,-0.2260554,-0.2604783,-0.08323474,0.01982565,-0.2340512,-0.3260684,-0.04242555,-0.1406662
X50_DSDS50,1.299048,1.302275,0.7001376,0.5261723,1.268299,1.292239,0.9395571,0.8511983,1.321963,1.354009,1.068481,0.5532774,1.306607,1.294217,1.026421,0.9210445,1.151278,1.286269,0.3070833,-0.04839858,1.300382,1.177603,0.6357179,0.4221097
X51_Ca43,-2.368786,-2.192894,-1.480919,-1.27287,-2.168675,-2.092236,-2.020483,-1.262986,-2.368452,-2.326337,-1.733298,-1.285758,-2.282268,-2.229292,-2.180608,-1.4831,-2.061288,-2.225271,-0.3360095,-0.5999774,-2.244437,-1.936604,-0.9960677,-0.4545225
X52_LC_Duration_GH,0.5873941,0.6028105,0.5659181,0.272165,0.6718347,0.7246083,0.5989771,0.597368,0.6906525,0.6566056,0.6427593,0.1582088,0.7178901,0.7316783,0.6184771,0.6735188,0.5380353,0.6509306,0.09275705,-0.0007380986,0.6846794,0.6138692,0.4849694,0.3331034
X53_0W_GH_FT,0.2840577,0.2586634,0.08315129,0.04847705,0.3355355,0.3403461,0.3798833,0.2285115,0.3599989,0.2829996,0.2996954,-0.03933695,0.3953545,0.3842674,0.3744935,0.262786,0.2482012,0.3323726,0.101441,-0.1558805,0.3004962,0.2707415,0.2384486,0.1303754
X54_B11,0.005182786,0.004103649,0.04649571,-0.06503006,-0.1282081,-0.1757667,-0.1903812,-0.2770391,0.003379953,0.05220362,0.04201073,0.0567191,-0.08992877,-0.05794013,-0.1799931,-0.2774755,-0.05895871,-0.1471558,0.2305915,0.2186383,-0.110493,-0.1333903,-0.01206623,0.01626816
X55_Chlorosis_10,0.1122492,0.1280436,0.08096344,-0.07019991,0.1329497,0.1436805,0.09879016,0.1644423,0.1509791,0.136921,0.1030855,0.01505887,0.0835531,0.1562903,0.1398792,0.1525926,0.08527252,0.1259208,0.09782951,-0.003974311,0.1874819,0.1003459,0.07193517,-0.164799
X56_RP_GH,0.2049961,0.2379227,0.0793036,0.4039658,0.1688693,0.1752663,0.1216504,0.1595135,0.1442127,0.2216719,-0.03427364,0.2626978,0.1203339,0.2409667,0.1333845,0.2085783,0.1893845,0.1771301,-0.2702252,0.337509,0.1986244,0.1000136,0.07619474,-0.03225359
X57_Chlorosis_16,-0.01139113,0.03375181,0.237982,0.1961662,0.006954518,-0.01268747,-0.0897203,-0.009695803,-0.007293685,0.01421767,0.1772456,0.1028699,-0.05498568,-0.04449233,-0.08835446,-0.01872303,-0.007122053,-0.003211225,0.1271387,0.1280985,0.05386017,0.03468876,-0.1298516,-0.06352822
X58_LFS_GH,0.5289151,0.5411742,0.5240634,0.2063467,0.6129022,0.669993,0.5580642,0.5255303,0.6300431,0.5931656,0.6081721,0.1084221,0.6638259,0.6658933,0.5790203,0.5947285,0.4887333,0.596352,0.1281406,-0.04441155,0.6215212,0.5696823,0.4770205,0.3050849
X59_Germ_10,0.5061203,0.5191244,0.3640369,0.2915693,0.4970871,0.5182571,0.4810833,0.2897166,0.5645173,0.5284381,0.4338799,0.190882,0.5516905,0.5313497,0.519843,0.344363,0.4440329,0.5616762,-0.0169174,0.04843915,0.526654,0.4959508,0.1238205,-0.0005310784
X6_Leaf_serr_10,0.7439921,0.7881851,0.6982159,0.4867876,0.8052025,0.8262894,0.7359966,0.4117047,0.7858288,0.7700683,0.6897108,0.3657654,0.822513,0.8031135,0.7692009,0.5194277,0.6860867,0.8403534,0.1559451,0.08501608,0.8126065,0.7428253,0.3958799,-0.01253076
X60_Germ_16,0.1896919,0.1438993,0.09650872,0.04695386,0.1057828,0.1011037,0.05874286,0.2182129,0.1643721,0.2013722,0.1370769,-0.03831365,0.1376104,0.1246846,0.0963001,0.2616678,0.1589716,0.1023591,0.1112333,-0.02037102,0.1204883,0.113934,-0.228235,-0.1037975
X61_Anthocyanin_16,-0.1652098,-0.1432424,-0.07287346,-0.2597597,-0.2801534,-0.2276091,-0.2891357,-0.2246676,-0.2201539,-0.1885432,-0.1821131,-0.3433055,-0.2368801,-0.2500436,-0.2955008,-0.3185451,-0.1540597,-0.184085,0.05208569,-0.3261515,-0.2815693,-0.1618922,-0.2719566,-0.3188714
X62_Anthocyanin_10,-0.4204131,-0.4182282,-0.2764942,-0.2836026,-0.4652343,-0.3646425,-0.595547,-0.4121081,-0.4710313,-0.4383686,-0.3707321,-0.2884391,-0.493866,-0.4591497,-0.5622639,-0.4162526,-0.3688142,-0.4399069,-0.08274512,0.01812474,-0.4438313,-0.3235198,-0.4968324,-0.00892425
X63_At1_CFU2,-0.1453213,-0.2237732,-0.009439805,0.02385683,-0.2145764,-0.0995283,-0.1987775,0.006985392,-0.1571183,-0.2141263,-0.05839988,-0.0612327,-0.2131974,-0.1379456,-0.172514,0.02478451,-0.1511293,-0.200705,-0.0443143,0.1184282,-0.1961571,-0.1364717,-0.197722,-0.1112317
X64_Ni60,-0.2585812,-0.3515032,-0.1485926,-0.1429444,-0.2690777,-0.3408769,-0.2177479,-0.1947823,-0.2871272,-0.325922,-0.2478776,-0.213479,-0.3011903,-0.3565833,-0.2126924,-0.1798225,-0.239913,-0.3137692,-0.03727272,-0.06613265,-0.2659974,-0.2633942,-0.4231217,-0.02469305
X65_P31,1.469869,1.513779,1.004446,0.8598704,1.446657,1.12137,1.305595,1.080501,1.497779,1.559378,1.161868,1.025574,1.418706,1.32674,1.304811,1.239073,1.253176,1.380308,0.3637274,0.558769,1.484784,1.140584,0.7509811,0.4443581
X66_Emwa1,-2.03498,-1.858184,-1.274977,-0.4287758,-1.92293,-1.880549,-1.5525,-1.295062,-2.011617,-1.927833,-1.469135,-0.5558233,-1.97858,-1.765329,-1.697335,-1.232788,-1.785982,-1.984724,-0.5987785,0.03057795,-1.975908,-1.865739,-1.285511,-0.6024478
X67_As75,0.8538034,0.859044,0.7033433,0.4501734,0.9026377,0.9224763,0.7600426,0.3757956,0.9171868,0.8445081,0.9254799,0.5307384,0.9195437,0.9047724,0.8079802,0.6739285,0.7475037,0.950646,0.5300894,0.09685805,0.9035556,0.8121338,0.4876256,0.3207182
X68_Germ_in_dark,1.702063,1.665618,1.011845,0.7400028,1.672178,1.629673,1.360881,1.388802,1.744118,1.75172,1.233468,0.8947815,1.678169,1.645187,1.510697,1.475617,1.488834,1.675729,0.3461624,0.4229838,1.746963,1.462612,0.5683112,0.562179
X69_FRI,0.1772488,0.201544,0.01092251,-0.02999087,0.1585928,0.204441,0.1754424,0.08012488,0.2115811,0.2445174,0.06918305,-0.01570417,0.2313501,0.2414322,0.1885642,0.1064216,0.1569186,0.171747,-0.001142148,-0.04607613,0.1386826,0.1559365,0.04575934,0.1310611
X7_Emco5,0.7692567,0.630269,0.6194893,0.6357491,0.6044921,0.8908019,0.6157685,-0.04602238,0.8061299,0.7137274,0.8737374,0.4533063,0.7751031,0.8967215,0.7745395,0.3486723,0.6813597,0.757318,0.2661382,0.09593671,0.6452226,0.6373699,-0.1518908,-0.1642131
X70_As_CFU2,-0.02741066,0.0294485,0.1330584,-0.01109297,-0.03972182,0.02442638,0.05753956,0.06711336,0.01979975,0.01038486,0.02451109,-0.02343659,0.009242385,0.02904027,0.02588956,0.1582206,-0.02336591,0.04062351,-0.116302,-0.08265527,-0.03266253,-0.0001744805,-0.1795766,-0.3012489
X71_Trichome_avg_C,1.415326,1.332068,1.075745,0.6095403,1.278451,1.214573,0.8942655,0.8239943,1.484171,1.419539,1.195485,0.794558,1.374734,1.312159,0.9812515,1.098844,1.170778,1.320332,0.558608,0.4266558,1.310662,1.121419,-0.3057314,0.2012062
X72_Vern_Growth,-0.0600042,-0.01182041,0.08250175,-0.007807675,-0.06786407,-0.08420404,-0.1191633,0.01490035,-0.0280612,-0.01841197,0.08934662,0.04245672,-0.0603952,-0.09437138,-0.1207313,0.1669721,-0.06967215,-0.04547065,0.1317648,0.006778897,-0.054663,-0.0487416,-0.5195213,-0.1371646
X73_Mo98,0.810098,0.7183575,0.5185093,-0.2031257,0.7369046,0.8056348,0.5132808,0.1933988,0.7774311,0.7712756,0.6166114,0.007260094,0.7933117,0.7144229,0.5821599,0.1941138,0.7283557,0.7692295,0.4179278,-0.08373532,0.747689,0.7875947,0.4569641,0.2067037
X74_Hiks1,-1.668048,-1.792498,-0.9783534,-0.2334707,-1.794227,-1.600966,-1.806173,-1.445154,-1.722353,-1.776562,-1.072903,-0.5951897,-1.803318,-1.806694,-1.756046,-1.346859,-1.511466,-1.788393,-0.5683677,0.1348111,-1.766514,-1.410288,-1.208336,-0.07339509
X75_Anthocyanin_22,0.1508823,0.1452556,0.04187963,-0.1618155,0.134629,0.1610062,0.1497871,0.07171491,0.1837605,0.1654057,0.08250185,-0.1780132,0.2241426,0.1236518,0.1981802,0.07913263,0.144611,0.1798616,0.03577485,-0.3505473,0.1091776,0.196754,0.1238289,0.2009049
X76_Zn66,-1.612493,-1.520329,-0.813212,-0.8274495,-1.510598,-1.61446,-1.190262,-1.164676,-1.634944,-1.555228,-1.039408,-0.7014883,-1.600837,-1.549128,-1.320269,-1.063716,-1.413297,-1.608755,0.0844769,0.03830503,-1.551741,-1.49732,-0.8661116,-0.313683
X77_Trichome_avg_JA,1.389886,1.323497,1.094422,0.4656597,1.221674,1.176497,0.7802263,0.9160995,1.464148,1.411824,1.211838,0.5982112,1.354589,1.255882,0.8560134,1.205968,1.151665,1.298913,0.5443645,0.1051498,1.255668,1.114822,-0.9249426,-0.1842197
X78_LES,1.029807,0.9789506,0.8376397,0.339575,0.9842854,0.6991063,0.991938,0.5664665,1.022788,1.04256,0.8317344,0.4984397,0.9860399,0.8578515,0.97781,0.8622282,0.8861063,0.9402354,0.4426031,0.263463,1.003007,0.7512508,-0.3425643,-0.04556711
X79_Silique_16,2.452819,2.392642,1.694417,0.7891358,2.374851,2.241776,1.759064,1.625721,2.523716,2.466624,2.026944,1.121674,2.432278,2.262407,1.883914,1.782494,2.102894,2.407878,0.9741498,0.3441625,2.42298,2.153143,1.186706,0.8063921
X8_Leaf_roll_16,-1.111695,-1.066319,-0.7556666,-0.543179,-1.142558,-1.161568,-1.120894,-0.7770826,-1.158615,-1.126349,-0.9077203,-0.6532188,-1.150258,-1.185311,-1.162397,-0.8909986,-0.9953267,-1.111735,-0.2101542,-0.2607879,-1.171942,-0.9929488,-0.7691662,-0.1515493
X80_Emoy,-2.33035,-2.370224,-1.558867,-0.8882169,-2.25749,-1.96294,-2.043347,-1.663461,-2.356021,-2.41121,-1.783295,-1.173413,-2.284791,-2.137992,-2.079414,-1.722789,-2.021226,-2.270095,-0.7203389,-0.4324833,-2.308773,-1.939661,-1.539856,-0.5201372
X81_K39,1.229283,1.079193,0.6769791,0.3583659,1.072391,0.9013074,0.9666978,0.9591869,1.186733,1.1806,0.7398652,0.3134659,1.096413,0.9722904,1.063412,0.7464355,1.047097,1.049471,0.2464154,-0.03944814,1.138104,0.9495141,0.8724976,0.2802337
X82_0W_GH_LN,0.5351585,0.5567944,0.3300121,0.122435,0.5685333,0.5695924,0.5207347,0.4416809,0.6312477,0.6191486,0.413462,0.1196031,0.6886252,0.5746718,0.5362591,0.4444404,0.4739248,0.5732727,-0.0392201,-0.1071457,0.5288939,0.5474746,0.436762,0.3515967
X83_At2,-0.9681894,-0.8619143,-0.5730295,-0.4610694,-0.9058334,-0.8660789,-0.7564033,-0.5520532,-0.9374569,-0.847309,-0.7031205,-0.5280837,-0.8961104,-0.84852,-0.7996365,-0.5286822,-0.8247129,-0.9342648,-0.1872284,-0.251108,-0.9262955,-0.8241843,-0.5786322,-0.08677254
X84_At1,-0.9593553,-0.9149023,-0.5098385,-0.5089879,-0.9040064,-0.7702428,-0.7685703,-0.712228,-0.9531604,-0.91872,-0.6566524,-0.5773174,-0.9242968,-0.8099059,-0.8241135,-0.7118705,-0.8284059,-0.9339293,-0.01545202,-0.2531136,-0.9184828,-0.7864327,-0.5479672,-0.1159314
X85_LN10,0.3804021,0.3809793,0.2378657,0.07842126,0.4293316,0.4065599,0.4352452,0.4682827,0.472191,0.4234603,0.3965508,-0.009942134,0.4772039,0.4516058,0.4231894,0.4852665,0.3368865,0.4261974,-0.06327895,-0.2148758,0.4421048,0.3527125,0.3695135,0.1728202
X86_FT_Field,-0.06038404,0.0578932,0.03272872,0.07803598,-0.03129546,-0.1128422,0.09480365,0.209911,0.02886278,0.1022602,0.006237164,-0.07744495,0.08408966,-0.05862078,0.06309249,0.2425995,-0.03546353,-0.007845286,-0.254696,-0.2017481,-0.06780947,-0.01507786,0.02008375,-0.1509833
X87_LN16,0.3838017,0.4101508,0.2952296,0.1752889,0.4610884,0.4646241,0.4855208,0.3114448,0.4594215,0.4357404,0.4639409,0.1245639,0.4931187,0.4903648,0.4785926,0.3598599,0.3521649,0.4394581,0.1323394,-0.04348956,0.4474464,0.3859691,0.3203463,0.1828003
X88_avrB,-1.805228,-1.692824,-1.037682,-0.6549489,-1.644004,-1.536093,-1.129096,-1.208003,-1.833904,-1.769715,-1.218409,-0.6684533,-1.721988,-1.559289,-1.230317,-1.207081,-1.516911,-1.673198,-0.2456913,0.1127247,-1.68781,-1.564774,-0.1265565,-0.2110469
X89_LD,0.3380399,0.3372179,0.1187904,0.01147754,0.4014662,0.3525,0.436601,0.2923149,0.4353775,0.378062,0.3723629,-0.006228008,0.4918809,0.4041231,0.4097603,0.3422173,0.2987434,0.3871351,-0.03689232,-0.1861208,0.3507382,0.3171094,0.3145065,0.396883
X9_Leaf_roll_10,0.1122915,0.02281499,0.1574505,0.004162637,0.06379408,0.1088479,0.06677431,0.08747379,0.1052564,0.02232727,0.11585,-0.02199242,0.05828501,0.1019362,0.08815067,0.06735802,0.08212079,0.0881975,0.07583283,-0.14595,0.08756657,0.08324851,-0.07530969,-0.1752817
X90_Seedling_Growth,1.060399,1.112272,0.5767671,0.3818844,1.098502,0.951295,0.926158,0.9849756,1.074275,1.125372,0.8171217,0.4563881,1.059989,0.9642602,0.9707261,1.038342,0.9446081,1.084687,0.3392088,0.04170391,1.138502,0.9368585,0.5075897,0.4324372
X91_S34,-0.3485618,-0.4364462,-0.04508405,-0.3186368,-0.504142,-0.6880589,-0.5661092,-0.2397763,-0.4153486,-0.3706236,-0.1437443,-0.3753033,-0.5240901,-0.7014022,-0.5603824,-0.241474,-0.361381,-0.5557698,0.1586314,-0.05408285,-0.4540976,-0.4116062,-0.6952721,-0.1460081
X92_Leaf_serr_22,0.3698772,0.4199137,0.4420162,0.2385184,0.3893806,0.4047057,0.3718026,0.09468376,0.3961695,0.3563283,0.4682243,0.2312796,0.3648123,0.4024827,0.3833996,0.2069251,0.3269168,0.4588742,0.2094687,-0.0302847,0.4268727,0.3467484,0.1194509,0.05167226
X93_DW,0.5293459,0.6288258,0.3132893,0.4841794,0.6637338,0.5990423,0.4982961,0.7032713,0.6055813,0.5757691,0.4810126,0.5111102,0.6063308,0.6125102,0.4953331,0.6909893,0.4578705,0.6450244,0.1381053,0.08867414,0.6572888,0.5229483,0.8540377,0.4711785
X94_Seed_Dormancy,1.981798,1.909948,1.199686,0.8123631,2.037119,2.141273,1.648016,1.371452,2.060642,1.92545,1.579583,0.8184975,2.097068,2.043621,1.782769,1.514444,1.772543,2.126437,0.4523889,-0.2096373,2.050912,1.904869,1.06249,0.5037196
X95_Mn55,0.3902421,0.4702098,0.1623521,0.8126042,0.5600645,0.6898485,0.714939,0.1538588,0.4753885,0.3996305,0.3003171,0.7906084,0.5529162,0.7533056,0.7179253,0.3705358,0.3793059,0.5985404,-0.179275,0.4688446,0.5205409,0.3978338,0.7734749,0.3649635
X96_Silique_22,2.005638,1.846603,1.225653,0.6434396,1.823424,1.813691,1.277213,1.030776,2.010558,1.961989,1.522316,0.8061161,1.908327,1.780484,1.445658,1.05697,1.713945,1.853598,0.549314,0.2584143,1.885927,1.768079,1.089525,0.7200474
X97_avrPphB,0.2137696,0.09037194,0.1849967,-0.4476555,0.1215538,0.1602283,0.1102748,-0.1345037,0.1562268,0.1236288,0.2199773,-0.4269243,0.1473946,0.04939357,0.1794283,-0.2324087,0.1906515,0.1554548,0.4760239,-0.4219242,0.1455953,0.2349096,0.5497848,0.06687166
X98_Fe56,-1.290329,-1.282094,-0.6947853,-0.9366132,-1.291016,-1.404984,-1.058669,-1.145866,-1.387021,-1.322084,-0.8862891,-0.8986793,-1.381418,-1.487122,-1.14383,-1.212157,-1.138347,-1.357409,0.1072416,-0.2671576,-1.3017,-1.103009,-0.2323971,-0.1602647
X99_8W_GH_FT,0.01804567,0.05107582,0.006471459,-0.002423262,0.08953327,0.05762159,0.1926104,0.1628763,0.1025907,0.106469,0.1160694,-0.1066245,0.1490189,0.08729191,0.182655,0.1913812,0.03740574,0.06397862,-0.08489297,-0.1444318,0.07308469,0.06463706,0.1613897,0.07293351
freezing_survival,-0.1546933,-0.1142129,-0.003336555,-0.07749502,-0.1462418,-0.2030969,-0.08090153,-0.06700759,-0.1552583,-0.1229698,-0.1088162,-0.07282117,-0.137822,-0.1855615,-0.07752707,-0.1048865,-0.1238771,-0.1393387,-0.003228263,-0.03423273,-0.1476191,-0.1379173,-0.06219998,-0.06332243
X294_Germination_rate_21C,-0.01771577,-0.00645887,0.2398299,0.2050687,0.002877126,0.02830944,0.01517988,-0.00606913,-0.02583882,-0.04626528,0.1931754,0.1077707,-0.01147416,-0.03132144,-0.03571576,-0.0343738,0.009819459,0.04022165,0.3957293,0.1882993,0.009146967,0.06561422,-0.0726077,-0.1548786
X315_GR21_warm,0.03176746,-0.0438183,0.1541379,0.3730061,0.02337661,0.0258054,0.09815753,-0.02948246,-0.01293443,-0.04973844,0.2193789,0.1559367,0.00176546,-0.02557984,0.09975962,-0.01122692,0.04433901,0.003567785,0.2239626,0.2981011,0.02019043,0.05960819,-0.0001403818,-0.05570326
X316_GR21_cold,-0.01598515,-0.06192829,0.1375855,0.3022051,-0.01354753,0.007103491,0.06148689,0.05496783,-0.03041044,-0.04871701,0.2227789,0.1190718,-0.001766153,-0.01162179,0.06539889,-0.007010922,0.01733151,-0.02413974,0.1763729,0.3164456,-0.01117711,0.02163064,-0.0004832457,-0.07735329
X320_GR63_warm,0.05989503,-0.01735509,0.1441182,0.2393991,-0.009092674,0.03591545,0.05075355,-0.04926541,0.008222359,-0.03043011,0.1848302,0.1197129,-0.01897002,-0.02297565,0.0639498,-0.04415563,0.04885795,0.009991546,0.2576135,0.2236062,0.005136847,0.06947328,-0.00444278,-0.08965252
X325_GR105_cold,0.002770905,-0.03532348,0.09153575,0.3787962,-0.01297221,0.003919892,0.06772327,0.0298974,-0.0226576,-0.04208437,0.1688793,0.1358438,-0.01151805,-0.04296985,0.07132338,0.009529994,0.02600715,-0.004887652,0.06642833,0.3625052,0.000127097,0.05252572,0.0002944626,-0.08385828
X326_GR63_cold,-0.00626947,-0.0544645,0.1529365,0.4880956,-0.00992296,0.01789161,0.1006668,0.01220173,-0.04153389,-0.05935798,0.2445565,0.196213,-0.006439567,-0.01417285,0.1009766,-0.001596026,0.03690514,-0.005749019,0.1696205,0.4223996,-0.003446007,0.0365624,0.00246534,-0.1067085
DNA_content_mean,0.110982,0.1068865,0.1864614,0.1630007,0.1207054,0.1453062,0.09701947,0.1738596,0.1108113,0.09864773,0.2537567,0.08816759,0.1169438,0.1279931,0.09605881,0.2069743,0.123426,0.1453713,0.06994592,-0.06411303,0.1351186,0.1357262,-0.05101797,0.0892351
BiomassUV,-0.02656872,-0.06384684,-0.06018995,-0.01994598,-0.0528061,-0.03480782,-0.04942412,0.01271809,-0.06015285,-0.07435142,-0.1305683,-0.0495322,-0.08338711,-0.04779167,-0.06632664,-0.05262347,-0.03197822,-0.06212967,-0.1792443,0.01171937,-0.04086834,-0.03208008,0.04654159,-0.02233249
LeafareaUV,0.02304392,0.002756228,-0.00371996,0.01036889,0.007294894,0.04670429,0.02542813,0.0001821425,0.005457234,-0.006534567,-0.08824509,-0.008838918,-0.004440108,0.03360951,0.01805538,-0.03959304,0.01973235,0.01474483,-0.1786635,-0.009455172,0.01439466,0.03299597,0.02894922,-0.05398572
LeaflengthUV,0.1318021,0.0984905,0.09778453,0.04253943,0.1023626,0.1433176,0.0777057,0.04174327,0.1091952,0.08617991,0.02857675,0.04823148,0.09461696,0.1213164,0.07443198,-0.009778787,0.1095973,0.1133168,-0.0587266,-0.003602552,0.1082388,0.1301624,0.02644984,-0.03936217
Fitness,-0.01222502,-0.0356256,-0.03647133,-0.03079855,-0.01911893,-0.07567048,0.007930593,0.0022886,0.01177254,-0.001381886,-0.1935937,-0.05946092,-0.006916825,-0.04224305,0.01363391,0.04593065,-0.02012738,-0.03564733,-0.1336292,-0.0590303,-0.01687258,-0.04739326,-0.02778817,-0.05753086
Flowering_time,-0.069124,-0.07553951,-0.1337906,-0.05037637,-0.1151731,-0.2130567,-0.04416519,0.0007635353,0.002301206,0.01083989,-0.3227225,-0.06480603,-0.02162598,-0.1007812,-0.09738026,0.001797879,-0.0643272,-0.09405308,-0.2754408,-0.05321044,-0.09275009,-0.1010086,0.07193456,0.0391896
Fruit_production,-0.01904363,-0.06052773,-0.0570068,-0.02963793,-0.02391929,-0.09173491,0.01269841,0.005643149,0.01520603,-0.01536636,-0.1931315,-0.05998083,-0.009643576,-0.04549354,0.009791118,0.02715864,-0.02865842,-0.05110371,-0.1782991,-0.09009068,-0.01963182,-0.06014355,-0.01277948,-0.004149063
Germination_10C,0.0128899,-0.03042207,-0.08210749,-0.0237646,-0.02158053,-0.001449411,-0.08169172,-0.03979828,0.01129426,-0.03044491,-0.149128,0.01640579,-0.02192879,-0.00474681,-0.04809527,-0.03726314,0.002143956,0.006910106,-0.1252808,-0.01884344,0.001239575,0.003204621,-0.08110509,0.01489885
Germination_22C,-0.01419978,-0.07320082,-0.1156853,0.08438688,-0.01396004,-0.02083156,-0.007639219,-0.04235204,0.004596504,-0.05397006,-0.1652229,0.09775238,-0.01709122,-0.003833056,-0.02627878,-0.05218826,-0.01415834,-0.01402054,-0.157571,0.05932962,0.005399456,-0.01601425,-0.02062577,-0.03735857
Germination_30C,-0.006553763,-0.00669205,0.01470473,0.06941703,-0.03811969,-0.05070935,0.03804476,0.01914787,0.01193798,-0.01557624,-0.04632179,0.05206367,0.0006941399,-0.02147047,-0.007699349,0.009475797,-0.01301764,0.006569434,-0.08086955,0.07846721,-0.0393371,-0.03286522,0.0757199,0.1009205
Number_of_adults,0.02106043,0.0337305,-0.009072899,-0.02306316,0.008380265,0.01939351,-0.0219269,-0.01617504,-0.005247147,0.016592,-0.06713589,-0.01769484,0.007531057,-0.02553364,0.01174986,0.04506857,0.02285783,0.0273426,-0.005768065,0.02795445,0.001656917,0.04761964,-0.01418533,-0.03045408
Number_of_rosettes,0.01317068,0.01680577,-0.02862307,0.005453019,0.001747951,0.01190319,-0.01430511,-0.03741129,0.006420354,0.01152716,-0.1083502,0.02187066,0.001882687,-0.03318831,0.004977256,0.02673544,0.006346985,0.01362087,-0.03650294,0.06877798,0.0005480578,0.05019483,0.05077926,-0.01227265
Seed_Weight,-0.02898309,0.003799028,0.0486256,0.006515871,0.004012102,-0.1078997,0.0475699,-0.006776322,-0.006790193,0.03090099,0.04739751,0.03379039,0.01568074,-0.08511259,0.01802705,0.03697304,-0.01956263,-0.02973246,0.043588,-0.001210803,-0.007770006,-0.01027942,0.1129531,-0.08603806
Bc,0.00264397,0.01759804,-0.05031321,-0.06046278,0.02811008,0.02199261,-0.1513165,0.1284606,-0.006424932,-0.01449134,0.005042366,-0.07998797,0.01030829,0.03103589,-0.1068564,0.0778186,0.002668919,0.03645791,-0.02581629,-0.07188593,0.02337954,0.0006866388,0.003088638,0.04685571
Dr_plus_Bc_residuals,-0.2614893,-0.2981966,-0.08117286,-0.06124317,-0.1871996,-0.2465564,-0.09218047,-0.1018331,-0.2460808,-0.2930094,-0.1305943,-0.08568589,-0.2036792,-0.2825712,-0.1491189,-0.07567687,-0.2463839,-0.2662241,-0.1674558,0.0362174,-0.2442072,-0.2014428,-0.05605199,0.07884527
Dr_plus_Bc,-0.1890277,-0.2058816,-0.09262623,-0.08482369,-0.1179192,-0.1652873,-0.1677124,0.01098604,-0.1838064,-0.2234008,-0.09193427,-0.1156197,-0.1417611,-0.18556,-0.1797382,-0.003551055,-0.1779902,-0.1700336,-0.1393152,-0.02130001,-0.1626526,-0.1465171,-0.03884511,0.08863262
Pr_plus_Bc_residuals,-0.07532055,-0.1191481,0.04543746,-0.1666329,-0.01718983,-0.03086022,0.02358515,0.1069873,-0.06228408,-0.1005313,-0.005212019,-0.2101284,-0.01347899,-0.08228703,0.009531219,0.1378874,-0.05577411,-0.06316847,-0.02313017,-0.2780903,-0.05164952,-0.01426268,-0.06682594,0.06880683
Pr_plus_Bc,-0.04400689,-0.05944324,-0.0103861,-0.1476286,0.01080955,-0.002178999,-0.100306,0.1627422,-0.04291843,-0.07239783,0.0006387534,-0.189001,-0.0004192009,-0.02673852,-0.07518588,0.1432263,-0.03204759,-0.01094905,-0.03370102,-0.2243748,-0.01382719,-0.008192144,-0.03848066,0.07755372
log2_PDF1_2_MeJA_and_ABA_vs_PDF1_2_MeJA,-0.0361097,-0.04136685,-0.291767,-0.0671089,-0.05806628,-0.07000148,-0.01525472,-0.02032335,-0.0386493,-0.01510204,-0.2261048,-0.05385212,-0.03830935,-0.04363394,-0.0314316,0.03558611,-0.032596,-0.05672724,-0.307559,-0.01415,-0.0567727,-0.0714369,0.007181962,0.08062482
log2_PDF1_2_MeJA_and_SA_vs_PDF1_2_MeJA,-0.1692311,-0.2086606,-0.07928954,-0.08725432,-0.2333796,-0.1620781,-0.1741142,-0.1454561,-0.1879209,-0.2156954,-0.1228136,-0.1286632,-0.231184,-0.1844546,-0.1901544,-0.1332709,-0.1455174,-0.186976,-0.09661046,-0.09410408,-0.2029397,-0.1579664,-0.09476515,-0.1446201
log2_PDF1_2_vs_PPA2_MeJA_and_ABA,0.23153,0.2396687,0.4129022,0.1581381,0.2382295,0.211813,0.2786327,0.1807362,0.2598018,0.2712887,0.3419359,0.1851092,0.2447109,0.2192594,0.2483785,0.1493651,0.2288243,0.2552226,0.2979725,0.04099742,0.2787027,0.2418723,0.2627005,0.06079271
delta_Lateral_root_formation,-0.1461756,-0.1722481,-0.1535087,-0.1931341,-0.1414779,-0.1160414,-0.2100925,-0.09184992,-0.1755917,-0.1840308,-0.1482782,-0.1809496,-0.1969812,-0.1461253,-0.2153182,-0.06283138,-0.1309212,-0.1635318,0.07543331,-0.1050194,-0.1249398,-0.1225668,-0.119274,-0.09631958
delta_Primary_root_length,0.3479644,0.3961173,0.2489026,0.2536411,0.4141344,0.408748,0.3638203,0.2949402,0.427761,0.4636203,0.2528174,0.228229,0.4632477,0.4751111,0.4406087,0.4274479,0.3293287,0.3996274,-0.1256872,0.08798408,0.4143183,0.3253835,0.1650717,0.1333545
delta_Shoot_fresh_weight,0.08206429,0.05614366,0.0424854,0.1315692,0.08718153,0.08156449,0.09802072,-0.07094302,0.1083337,0.09799674,0.05469091,0.1243402,0.08946704,0.09035607,0.1322301,0.1159032,0.07691044,0.07922388,-0.01544666,0.1311236,0.1148908,0.08445681,-0.007829856,0.000964924
post_S_sclerotiorum_infection,0.4292071,0.2470463,0.2874219,0.2536396,0.1806235,0.05823831,0.1828532,-0.07453802,0.4235514,0.3310943,0.4870056,0.2539147,0.2758285,0.2245643,0.212047,0.187586,0.2613454,0.2244414,0.3780733,0.1691281,0.2067108,0.1179697,-0.3226318,-0.09264094
Telomere_Terminal_restriction_fragments,0.04147159,-0.004549641,-0.01582514,0.1266289,0.08322086,0.08191554,0.006586097,0.132385,0.01456369,-0.01979779,0.02006297,0.07494616,0.0406384,0.04364491,-0.02492035,0.09708124,0.03406525,0.02293109,-0.04416345,0.1456503,0.04985115,0.04815897,-0.0828686,0.08891074
Xcc12824,0.1526811,0.1395334,-0.1152046,0.1780547,0.1406891,0.07922863,0.1362449,0.2587223,0.1420845,0.1253563,0.01737029,0.1656987,0.1458647,0.1561118,0.1029111,0.197978,0.1131575,0.1368798,-0.06735298,0.18435,0.1232085,0.06977505,0.1641677,0.2577119
Xcc6943,0.03445433,-0.02792962,-0.1452965,0.1567831,-0.0463458,-0.1101585,0.06392118,-0.06547315,0.001301471,-0.009792094,-0.1570586,0.0164699,0.01609367,-0.07295243,0.08550605,0.01229218,0.02375852,-0.0257131,0.01425869,0.18438,-0.06676262,-0.03684896,-0.08654122,0.1547511
Xanthomonas_campestris_10dpi,0.6909068,0.6834916,0.1916661,0.3217011,0.5790164,0.6606186,0.4514708,0.3769511,0.6616295,0.6587694,0.3554878,0.235294,0.6349575,0.6552169,0.4456342,0.4576336,0.5756991,0.6637176,0.110327,0.1446555,0.5756505,0.5690405,0.1393772,0.3715182
Xanthomonas_campestris_5dpi,0.291541,0.2733709,0.05852787,0.04029909,0.1697506,0.3347177,0.05413198,-0.1317753,0.2701286,0.2892963,0.1084682,0.07190289,0.2494504,0.3267334,0.09250041,-0.1067442,0.2403177,0.244389,0.0422512,0.1123467,0.1705236,0.2510074,0.1084901,0.206207
Xanthomonas_campestris_7dpi,0.4865748,0.4979692,0.1206304,0.240504,0.4056494,0.5550142,0.3146826,0.1533075,0.4718976,0.4906134,0.2392407,0.2134022,0.4499544,0.5200941,0.3273407,0.1821329,0.4095722,0.4679564,0.01290461,0.1909293,0.4083998,0.4514663,0.2775385,0.3348827
grown_on_zinc_deficiency_mean_Total_length_day001,-0.4134231,-0.4366723,-0.467699,-0.1865166,-0.4291885,-0.3483199,-0.3111939,-0.3361641,-0.4140899,-0.4451487,-0.4347075,-0.1803769,-0.4443702,-0.3694483,-0.325062,-0.2837504,-0.3799796,-0.4237075,-0.1135992,-0.1164334,-0.417698,-0.3559691,-0.108987,-0.1044064
grown_on_zinc_deficiency_mean_Total_length_day002,-0.4725306,-0.5156682,-0.4730438,-0.1708216,-0.5036581,-0.4456944,-0.3890721,-0.3992926,-0.4979432,-0.5121131,-0.4686615,-0.1996203,-0.5277229,-0.46307,-0.4006005,-0.3648898,-0.4303861,-0.5226679,-0.09804035,-0.03551407,-0.4931129,-0.4273838,-0.1224505,-0.06990963
grown_on_zinc_deficiency_mean_Total_length_day003,-0.5477374,-0.5986318,-0.558267,-0.2325432,-0.5680436,-0.4937588,-0.4324021,-0.4747348,-0.5655679,-0.5863973,-0.5358938,-0.2083954,-0.5913146,-0.4992892,-0.4420482,-0.415967,-0.4964291,-0.5959939,-0.1118813,-0.0173858,-0.5617193,-0.5034462,-0.1447708,-0.0418025
grown_on_zinc_deficiency_mean_Total_length_day004,-0.5048595,-0.5451047,-0.4992325,-0.20575,-0.5247916,-0.4644496,-0.4176868,-0.4540109,-0.5273735,-0.5487248,-0.4936402,-0.1780335,-0.5506603,-0.4758221,-0.434242,-0.4269556,-0.4604243,-0.5476218,-0.09960696,-0.01029126,-0.5229201,-0.467412,-0.1664215,-0.08652287
grown_on_zinc_deficiency_mean_Total_length_day005,-0.5691613,-0.6166687,-0.5686199,-0.2335771,-0.5954283,-0.5396386,-0.4760068,-0.5334126,-0.5890179,-0.6118933,-0.5466314,-0.1912793,-0.6283833,-0.5427506,-0.4771195,-0.4733366,-0.5267113,-0.6299749,-0.1025347,-0.02334348,-0.590851,-0.5397452,-0.1626211,-0.0774393
grown_on_zinc_deficiency_mean_Total_length_day006,-0.1882245,-0.2305691,-0.244554,-0.09984394,-0.2120263,-0.2084919,-0.1718041,-0.2451922,-0.1911361,-0.220427,-0.261731,-0.05287584,-0.2301102,-0.1928302,-0.1650803,-0.1678212,-0.1977853,-0.2434757,-0.03279368,-0.0279609,-0.2149199,-0.2108177,-0.07124719,-0.05261921
grown_on_zinc_deficiency_mean_Total_length_day007,-0.551532,-0.5814547,-0.5625084,-0.2456819,-0.5892265,-0.5510397,-0.503211,-0.5157441,-0.5799079,-0.5969725,-0.5832849,-0.2147631,-0.6154465,-0.5413341,-0.509233,-0.4775736,-0.514705,-0.6031968,-0.1282619,-0.0313512,-0.5926172,-0.5455427,-0.1988462,-0.06760171
mean_Total_length_day001,-0.1641912,-0.1479352,-0.1173968,0.03503213,-0.1314689,-0.1055451,-0.06223926,-0.1696859,-0.143114,-0.1369635,-0.07363174,0.06716788,-0.1303534,-0.1127137,-0.06382138,-0.1471257,-0.1307669,-0.1473664,0.05425281,0.06746365,-0.1334603,-0.09997845,-0.09859891,-0.2106518
mean_Total_length_day002,-0.1051661,-0.1288513,-0.1023182,0.01093294,-0.08239708,-0.01830834,-0.01576027,-0.1162214,-0.0842415,-0.08814193,-0.09904635,0.05562937,-0.09127856,-0.03706168,-0.02538378,-0.07592931,-0.09214525,-0.1340334,-0.07458819,0.05415089,-0.07814466,-0.05111271,-0.07674103,-0.1371638
mean_Total_length_day003,-0.3743809,-0.3655979,-0.3064767,-0.1460596,-0.3450704,-0.2938515,-0.2410292,-0.331517,-0.3621921,-0.3422781,-0.3380847,-0.12219,-0.3704274,-0.3122418,-0.2754182,-0.2974308,-0.3298772,-0.395523,-0.1200371,-0.03085118,-0.3401876,-0.2946587,-0.1785342,-0.1978124
mean_Total_length_day004,-0.5003541,-0.4595039,-0.3675134,-0.2154028,-0.4678749,-0.3982737,-0.3628874,-0.4090903,-0.4762264,-0.4372148,-0.4275844,-0.183433,-0.4802429,-0.4263629,-0.3916115,-0.3929612,-0.4469224,-0.5169725,-0.1861976,-0.05319744,-0.4722174,-0.3912518,-0.2230296,-0.213552
mean_Total_length_day005,-0.4122332,-0.3977408,-0.3560254,-0.2347904,-0.3952962,-0.3403478,-0.2731456,-0.3649035,-0.3924816,-0.3762362,-0.3586854,-0.1676546,-0.4068549,-0.3640551,-0.289914,-0.3370181,-0.3786035,-0.4368854,-0.1298846,-0.1144661,-0.3964034,-0.3325341,-0.2162412,-0.1783765
mean_Total_length_day006,-0.5560313,-0.5127158,-0.432761,-0.3165596,-0.5328814,-0.4712246,-0.390041,-0.4254765,-0.5354163,-0.503174,-0.4707046,-0.2903211,-0.547779,-0.4896643,-0.4079453,-0.4173143,-0.5010214,-0.5615881,-0.1244589,-0.154175,-0.5301277,-0.4614538,-0.2259985,-0.1777286
mean_Total_length_day007,-0.4459221,-0.4207746,-0.404925,-0.2162325,-0.4201542,-0.378729,-0.2989211,-0.3806994,-0.4288774,-0.4040227,-0.4327879,-0.1790279,-0.446907,-0.3929805,-0.3117586,-0.3365389,-0.4098606,-0.4679148,-0.1591264,-0.1067995,-0.4158407,-0.3767248,-0.1464125,-0.1667751
X271_Na23,0.09974508,0.07943603,0.1781087,0.1341056,0.1282895,0.09183912,0.07939607,0.03443787,0.07871685,0.03807684,0.07643549,0.1862382,0.08597688,0.08531783,0.06733404,0.04211495,0.08565617,0.1184564,0.1447098,0.09384941,0.1139368,0.07963404,0.09260602,-0.2210218
X269_Li7,-0.0356249,-0.07383076,0.2545117,-0.003961763,-0.07571234,-0.1595276,-0.08516759,-0.04558625,-0.06160573,-0.06031218,0.0291287,-0.05745009,-0.1109919,-0.1602157,-0.09234456,-0.09348733,-0.04182406,-0.08927384,0.172861,0.1123087,-0.03805313,-0.05924074,-0.06105349,-0.2396857
X270_B11,-0.1501055,-0.1725278,-0.3185198,-0.1102646,-0.1416699,-0.1082654,-0.1907867,-0.2820717,-0.1245987,-0.1670398,-0.2128721,-0.112449,-0.132352,-0.1059396,-0.1980185,-0.2530857,-0.1560009,-0.1685991,-0.08702558,0.0149767,-0.1646262,-0.131781,-0.1240235,0.02220273
X272_Mg25,0.08531305,0.06331661,0.1483353,-0.03520312,0.1046468,0.07804433,0.04248267,0.0829699,0.09409492,0.08154096,0.1012411,-0.01290091,0.09690271,0.07960803,0.02417375,0.0511981,0.08440113,0.08668142,0.04308578,-0.07963805,0.1156369,0.1052195,-0.108832,-0.03563304
X273_P31,0.1908681,0.242934,-0.1127407,0.180792,0.2366335,0.1774607,0.1382855,0.06377736,0.2029061,0.2331827,0.06013916,0.2896546,0.2395387,0.2310641,0.1721392,0.1211885,0.1693577,0.2116556,-0.1468665,0.1631528,0.2014531,0.1325919,0.1004524,0.2532819
X274_S34,0.06629623,0.08603153,0.006187467,0.1404144,0.09112516,0.03941269,0.07502732,0.07474895,0.04145733,0.02207841,0.02585629,0.1228937,0.04877637,0.02436787,0.08758443,0.06178107,0.05010811,0.09918657,-0.0001502143,0.1420217,0.07475925,0.03647766,0.103195,-0.1218439
X276_Ca43,0.04203993,0.00250376,0.172462,-0.06999023,0.04540415,0.04611011,0.01736638,3.033846e-05,0.04425482,0.02338831,0.1176651,-0.07199896,0.04689832,0.03729439,-0.01460118,0.0002035743,0.04757972,0.03824965,0.1022188,-0.1158422,0.05816232,0.07135488,-0.1847686,-0.004818376
X277_Mn55,0.2085735,0.1724767,-0.007113293,0.06638197,0.2028365,0.1469608,0.06993816,0.08486676,0.1986639,0.1807155,0.1302692,0.09473804,0.1637856,0.17801,0.133307,0.1632694,0.163905,0.1588618,-0.1226174,-0.02291151,0.2016006,0.1331539,0.01006116,0.1995134
X278_Fe57,-0.02191283,-0.05712157,0.1113293,-0.06678019,0.004518133,0.002595023,-0.003745926,-0.04941204,-0.01942918,-0.03489432,0.04645122,-0.02806529,0.0007957154,-0.01693867,-0.04531848,-0.03142546,-0.009842269,-0.02541958,9.412616e-05,-0.09103612,-0.00126778,0.02288309,-0.1770171,0.04716885
X279_Co59,-0.03054293,0.01668992,-0.0212115,0.1492551,0.05888739,0.1042121,0.07011908,0.03842919,-0.003605498,-0.0172922,0.01739768,0.1282906,-0.01662955,0.08567978,0.04231885,0.04445992,-0.009375429,0.05655455,0.1238743,0.239054,0.0971101,0.03600196,0.03812793,0.1258903
X280_Ni60,0.0851886,0.03933954,0.3529656,0.01405656,0.04681915,0.0738741,0.06842201,-0.03405792,0.08521924,0.05894779,0.1736275,-0.02325971,0.06479567,0.05617729,0.03318169,-0.02229655,0.07154921,0.0658606,0.1495624,0.01336188,0.06520909,0.0965351,-0.07379033,-0.06448925
X281_Cu65,0.07875354,0.07271403,-0.2351195,0.1542424,0.03820945,0.02081911,0.1423113,0.02708535,0.0543126,0.07463644,-0.05506247,0.1756455,0.06010396,0.03077853,0.1379918,0.1120388,0.04546043,0.0202485,-0.2365386,0.07416809,0.003499152,0.005901643,0.02906999,0.1174361
X284_Se82,0.0845527,0.08596213,0.2307722,0.1673849,0.09689462,0.02180997,0.1003915,0.109185,0.07297297,0.05629851,0.1076562,0.09944588,0.05886118,0.01844066,0.107847,0.09277014,0.06470675,0.09187097,0.0491387,0.1949602,0.1011406,0.05450267,0.103958,-0.2133764
X285_Rb85,0.2660634,0.2811986,0.07372551,0.1561355,0.2609773,0.2777414,0.1910692,0.177399,0.2654284,0.2792225,0.09571747,0.2290812,0.2662279,0.3032545,0.2370129,0.180526,0.2432828,0.2910889,0.02002616,0.1039109,0.273778,0.2128547,0.1833966,0.0723387
Sodium,-0.01189278,-0.01032144,0.02485811,0.03668447,-0.01631721,0.02188275,-0.05912346,-0.03468245,-0.02330752,-0.01536968,0.05095015,0.02675152,-0.03322243,0.007966607,-0.031973,0.003441329,-0.02422974,-0.02075468,0.06763761,0.0301487,-0.01237466,-0.006010076,-0.04758473,-0.03463813
X283_As75,0.08523361,0.1160465,0.330199,-0.004353074,0.1602427,0.02042138,-0.01642575,0.07564618,0.08090232,0.071189,0.08360128,0.09107727,0.07681123,0.005958054,-0.01155065,0.05573122,0.07665568,0.1299859,0.1291052,0.1120679,0.1668483,0.08724586,0.1368495,-0.1947809
X287_Cd111,0.02214512,0.04795126,0.01198878,0.1856618,0.002908488,-0.04759356,-0.04907039,-0.001035188,0.02826754,0.04828039,0.01751728,0.1400881,-0.008272632,-0.02125664,-0.0569652,0.01915129,0.01309686,0.02573582,0.07999618,0.1326694,0.0368592,-0.00358119,-0.144871,-0.1276219
X275_K39,0.2661648,0.269815,-0.03045932,0.1108818,0.2798399,0.3459133,0.2047494,0.1349872,0.2904091,0.2867293,0.08794902,0.1930615,0.3101824,0.3558577,0.261713,0.1828553,0.2435487,0.2975345,-0.04713308,0.004005835,0.2745254,0.2463915,0.2166223,0.1199386
Weib_all_LT50control,0.2419834,0.3049785,0.1524328,0.4369292,0.3338575,0.3424734,0.5913913,0.3130898,0.2879286,0.2592958,0.09934944,0.407363,0.3334975,0.4203876,0.5435428,0.5165855,0.2464013,0.3841922,-0.04990172,0.3208616,0.324408,0.203481,0.04092565,-0.07871651
Weib_all_LT50submerged,0.6257272,0.6369526,0.3077768,0.577149,0.6801851,0.700245,0.7746646,0.5821951,0.6528366,0.63409,0.3395601,0.5011368,0.7056662,0.7565747,0.772129,0.6943894,0.5942087,0.7137508,-0.2859,0.1633013,0.6755939,0.5527027,-0.05847559,-0.1052242
base_perc,-0.07961155,-0.08050475,-0.05134923,0.00414584,-0.1221163,-0.1263733,-0.07793559,-0.04588236,-0.08004005,-0.07393494,-0.1534357,-0.07940712,-0.07840903,-0.09660116,-0.1235495,-0.0514059,-0.06502377,-0.0807161,-0.08721237,0.002527168,-0.1173525,-0.08841391,0.00964821,-0.02833366
d11_10C_perc,-0.04181364,-0.05880171,-0.08192196,-0.01272725,-0.07817263,-0.1016639,-0.05564753,-0.0171603,-0.05463743,-0.05113751,-0.1896421,-0.1013382,-0.04716712,-0.07144183,-0.1178883,-0.04766146,-0.03797704,-0.06470282,-0.06273079,-0.01852248,-0.08645276,-0.07357342,-0.01683949,-0.03606179
d11_4C_perc,0.01622539,-0.01627676,-0.02439619,0.03777456,0.002952916,-0.0136398,-0.03052675,0.009179164,-0.01598638,-0.02438484,-0.085713,-0.0421394,0.0002981815,-0.01166952,-0.07499233,-0.01453409,0.01972349,-0.003131819,0.01538183,0.02940611,-0.006924258,-0.006702787,-0.03165049,0.002699627
d15_10C_perc,-0.06227482,-0.08705915,-0.05744406,0.004163971,-0.1014613,-0.1182503,-0.06945229,-0.006747062,-0.07801472,-0.07396383,-0.1745767,-0.08953012,-0.06410972,-0.08898364,-0.124397,-0.05489888,-0.05302713,-0.09162095,-0.05310916,0.005495535,-0.1134086,-0.09064648,-0.007483902,-0.04244653
d15_4C_perc,0.03762259,0.002306082,0.0005819357,0.0650877,0.007938182,-0.007796235,-0.005700714,0.01732722,-0.002690071,-0.00730218,-0.06110272,-0.01936896,0.01014575,-0.003576749,-0.05640572,-0.01913072,0.03353241,0.004380432,0.02227693,0.04606198,-0.003885068,0.0007450648,-0.02105327,-0.004886088
d22_10C_perc,-0.06269365,-0.08795612,-0.06371741,-0.009175804,-0.104859,-0.1256491,-0.07989368,-0.01531394,-0.08435625,-0.07818074,-0.1760775,-0.08919637,-0.07332585,-0.09188211,-0.137379,-0.06300879,-0.05398512,-0.0950377,-0.06651667,-0.01210925,-0.1151551,-0.1013354,-0.007789706,-0.05190734
d22_4C_perc,0.00797956,-0.02404843,-0.01297639,0.04970001,-0.0249099,-0.02663256,-0.04399709,-0.009329267,-0.04039098,-0.03843063,-0.08036178,-0.02501233,-0.02375668,-0.02290961,-0.08343341,-0.05175232,0.01103937,-0.02436253,0.03563673,0.06046409,-0.03536294,-0.02855063,-0.042829,-0.01729862
d32_10C_perc,-0.06680056,-0.06906762,-0.04691856,0.006033479,-0.08885622,-0.1084154,-0.07624992,-0.03023422,-0.08234094,-0.06669466,-0.1428896,-0.07495776,-0.0647896,-0.08216409,-0.126059,-0.06901673,-0.05069561,-0.074984,-0.02480978,-0.003629179,-0.0982537,-0.08689746,0.01030667,-0.04979525
d32_4C_perc,-0.002052955,-0.01492433,0.000400681,0.07366461,-0.01345938,0.009734154,-0.01883985,-0.0169464,-0.04467122,-0.0418777,-0.05973344,0.004877844,-0.0257503,-0.008128753,-0.06521574,-0.05473476,0.004655125,-0.01274578,0.04050837,0.07988426,-0.02260177,-0.01085165,-0.02907818,-0.03236762
d4_10C_perc,-0.03225423,-0.05736663,-0.06418577,0.0002195297,-0.0662597,-0.1105781,-0.07146971,-0.01385496,-0.05312832,-0.05102842,-0.1786535,-0.08317974,-0.03791847,-0.07914327,-0.1288619,-0.04000059,-0.0273142,-0.05866765,-0.03773673,0.01166526,-0.07870821,-0.07006608,-0.02048756,-0.02652593
d4_4C_perc,-0.009168125,-0.0355151,-0.039054,0.01570251,-0.0455441,-0.08133217,-0.06251901,-0.0006451641,-0.03853071,-0.03180492,-0.1396937,-0.04998737,-0.02785727,-0.05950449,-0.1145379,-0.02865924,-0.004300584,-0.03816064,-0.01747239,0.04041635,-0.05013817,-0.04423808,-0.05124239,-0.001738265
d8_10C_perc,-0.05362999,-0.07774587,-0.06620694,-0.01226255,-0.09182971,-0.1202248,-0.08386548,-0.03615046,-0.07413204,-0.06982734,-0.1827821,-0.09476052,-0.06541463,-0.09254727,-0.1372314,-0.06298641,-0.04798761,-0.08248518,-0.04162186,0.008782946,-0.09965626,-0.08706518,-0.03736022,-0.03656999
d8_4C_perc,-0.008130721,-0.04137038,-0.03991044,0.03015563,-0.03782946,-0.0658051,-0.04790925,0.004773288,-0.03645493,-0.0407971,-0.1342009,-0.04679257,-0.02816673,-0.04956395,-0.09453173,-0.04004615,-0.0078179,-0.04045815,-0.02259197,0.03640767,-0.0466551,-0.04233166,-0.01444857,0.003024813
DSDS50.1,0.114041,0.1043821,0.1567271,0.03376695,0.1652093,0.1604503,0.1015166,0.0228514,0.08335521,0.08108422,0.2757908,0.1222064,0.09823685,0.101041,0.1634269,0.02801122,0.1059481,0.1145851,0.1095696,0.02631419,0.1549962,0.1346517,0.0512259,0.04469661
DTbolt,-0.05020616,-0.01915613,-0.1121172,-0.05553172,-0.08521124,-0.1148497,-0.01507472,0.002505519,0.03855488,0.04845399,-0.1572123,-0.0613741,0.02797525,-0.01183869,-0.02764346,0.01704406,-0.04826979,-0.03989374,-0.1919664,-0.08332508,-0.08056125,-0.07747312,-0.01524751,-0.08452033
DTflower,-0.01779807,-0.004354078,-0.09808669,-0.04550582,-0.05887885,-0.08724566,0.0103409,0.01712543,0.06577941,0.07030283,-0.1458218,-0.05131161,0.04629601,0.007423539,0.01461964,0.03040495,-0.02075511,-0.02136532,-0.2029493,-0.09915984,-0.04807143,-0.04678731,0.003263058,-0.03657673
DTfruit,-0.02776993,-0.01768822,-0.1129763,-0.05415857,-0.06271518,-0.09615039,-0.002250572,0.01355442,0.05836337,0.05923729,-0.1629384,-0.05552552,0.03925181,-0.002631031,0.0002829067,0.02554748,-0.03039689,-0.03202321,-0.2130175,-0.09661433,-0.05373781,-0.05406225,-0.002176512,-0.02667956
DTgerm,0.01070013,-0.01003239,0.02244171,-0.07706264,0.05318135,0.003978918,0.03472177,-0.0029775,-0.001555729,-0.02494736,0.08201272,-0.0309753,0.01393324,-0.02493687,0.04438812,0.002566773,0.01994946,0.02250209,0.04431663,-0.0455758,0.04259943,0.03644079,0.05643101,-0.003768648
DTharvest,0.008117235,0.01875319,-0.06819319,-0.05323895,-0.03749051,-0.07915936,0.02706209,0.03899966,0.06278048,0.07445271,-0.1575459,-0.1003282,0.04948607,0.008805268,-0.006921589,0.06033155,0.009140157,0.002708345,-0.1612905,-0.1069181,-0.02428407,-0.03536062,0.03794532,-0.01307218
germination_3days,-0.7506451,-0.7386681,-0.3879901,-0.1849121,-0.6605773,-0.6312475,-0.5525365,-0.4712537,-0.7647357,-0.7555482,-0.5024159,-0.2451385,-0.7189744,-0.6864804,-0.5417485,-0.5344565,-0.6262824,-0.7206377,-0.09054568,0.1536425,-0.6713211,-0.592819,-0.313465,-0.1199337
germination_7days,-0.6344705,-0.6513923,-0.2936729,-0.1742708,-0.5460723,-0.5488858,-0.4763403,-0.3701133,-0.6474355,-0.650179,-0.4422939,-0.2347504,-0.6120995,-0.6064562,-0.471388,-0.4665299,-0.5348593,-0.6305691,-0.1107687,0.08883091,-0.5579154,-0.4968243,-0.3418865,-0.08627858
sex_ratio,0.04183455,0.04001533,-0.2111941,-0.2303198,0.0228156,-0.05339055,-0.0424664,-0.1077406,0.008348609,-0.02033457,-0.08606579,-0.1328785,-0.04059687,-0.0193763,-0.0132384,-0.06294485,0.01271601,0.06139315,0.07280192,-0.1198103,0.04743108,-0.05201226,0.06584975,-0.07484293
number_of_egg_masses,0.06173007,0.08946237,-0.00981458,0.006579884,0.07361348,0.08503227,0.1219163,0.06899995,0.09672992,0.152047,-0.03685444,-0.0185307,0.1048991,0.1040935,0.1241076,0.1468171,0.0568429,0.0357368,-0.1577868,-0.03858673,0.06434744,0.06258611,-0.02888677,-0.007883992
Cala2_cotyledons,-0.8622151,-0.8504686,-0.4640228,-0.835818,-0.9067556,-0.8049532,-0.8106109,-1.1523,-0.9121137,-0.9054406,-0.602799,-0.7226712,-0.8976829,-0.9028566,-0.850685,-1.09363,-0.757085,-0.8471954,0.1169876,-0.3018308,-0.924208,-0.6703234,-0.7451037,-0.3252894
Cala2_true_leaves,-0.321601,-0.3599004,-0.1142381,-0.5793372,-0.4454706,-0.2992239,-0.5305299,-0.74839,-0.3634668,-0.3805495,-0.1590895,-0.5355799,-0.3804559,-0.4354669,-0.511266,-0.6688446,-0.2920962,-0.340176,0.1339438,-0.3673489,-0.4392162,-0.1828314,-0.8355687,-0.3569592
Emco5_cotyledons,0.04719858,0.1377725,-0.1710641,-0.3017608,0.2277092,-0.007209125,-0.008240626,0.2444727,0.044451,-0.01225869,-0.1983257,-0.230432,0.1125853,-0.03503896,-0.0851441,0.1055675,0.04224553,0.2146971,-0.1407443,-0.2604298,0.1653303,0.08002499,0.08482905,0.3275489
Emco5_true_leaves,0.03574731,0.1047535,-0.1576092,-0.5199828,0.1482878,-0.1009064,-0.2569269,0.268269,-0.003700185,-0.07408169,-0.2221057,-0.5758118,0.04470604,-0.236245,-0.3222976,0.111739,0.02656585,0.2063321,-0.3012204,-0.5281147,0.104784,0.1230509,-0.5798706,0.1848989
Emoy2_cotyledons,2.176138,2.161525,1.263693,0.7226564,2.163472,1.971921,1.545312,1.593881,2.206504,2.124229,1.556251,0.7308721,2.200645,1.952836,1.618879,1.681369,1.90009,2.257784,0.1498176,-0.1843261,2.170101,1.943541,0.2875142,0.3666002
Emoy2_true_leaves,1.34344,1.3414,0.7495542,0.2611838,1.289303,1.192105,0.771022,0.816222,1.329101,1.282886,1.005528,0.1398302,1.342545,1.115258,0.8304493,0.8889703,1.181184,1.414991,-0.05591487,-0.4493478,1.288151,1.233364,-0.1629978,0.052963
Emwa1_cotyledons,1.060903,1.053667,0.6051675,0.1989574,0.9996437,0.8730662,0.6823373,0.7578967,1.043124,1.03025,0.766875,0.2387105,1.012548,0.850179,0.7333044,0.661092,0.9145487,1.057901,0.245235,0.004267796,1.022262,0.9188059,0.8858982,0.4259238
Emwa1_true_leaves,1.833599,1.793814,1.056718,0.4873405,1.748319,1.557665,1.259367,1.251209,1.815331,1.79112,1.326936,0.5047646,1.779278,1.552103,1.34819,1.207984,1.59313,1.817822,0.2728506,-0.0196854,1.780807,1.582458,0.9828869,0.5493446
Maks9_cotyledons,0.6795642,0.7047133,0.3705139,0.09314869,0.7018258,0.5593658,0.596417,0.3175394,0.6536298,0.6699781,0.4715002,0.0816606,0.6767165,0.5962124,0.5981885,0.3806936,0.6136807,0.7253475,0.03758545,-0.04204081,0.7043712,0.5812917,0.3360958,0.2591564
Maks9_true_leaves,0.2906517,0.3436092,-0.1197053,-0.008599721,0.3300418,0.2408488,0.2159247,0.2064895,0.2566325,0.2564041,-0.09470022,-0.105987,0.2844911,0.2416449,0.1973506,0.08381983,0.2786498,0.3835618,-0.3861663,-0.06250308,0.3326471,0.2809522,0.2604713,0.2972379
F3GG7R,-0.1325658,-0.05831513,-0.05111744,0.261112,-0.113123,0.06347737,0.04326915,-0.1065481,-0.09796196,-0.1096119,0.006212563,0.1452129,-0.08926215,-0.008325237,0.06207629,-0.07544517,-0.1136365,-0.04670217,0.09151763,-0.06108234,-0.1179926,-0.009647275,0.6301806,-0.08209458
salt_survival_days,0.1394192,0.1509089,0.1050418,-0.1042898,0.1522046,0.1243548,0.07846864,0.08321783,0.1200794,0.1265204,0.09217999,-0.06578261,0.1443523,0.1351319,0.07468288,0.06117032,0.151828,0.1740602,0.05755038,-0.213063,0.1622739,0.128436,0.108043,-0.03604517
ANGc_2013,-0.2815967,-0.2873042,-0.2932997,-0.06093801,-0.2929893,-0.1818769,-0.2495998,-0.2261426,-0.3095328,-0.3140757,-0.1347051,-0.08797791,-0.3101587,-0.1754485,-0.3106494,-0.1267082,-0.2427297,-0.2799395,0.08445576,0.109533,-0.2904217,-0.2756708,-0.4776993,-0.1315773
ANGLEr_2013,0.01372321,0.03597212,0.01578938,0.003377439,0.01169379,0.002867139,-0.005213414,-0.03999509,0.01568817,0.02146715,0.01041868,-0.001146611,0.01194837,0.01340074,-0.003515627,-0.02013747,0.01304049,0.03285751,-0.007571893,-0.02466804,0.01623742,0.007573195,0.006477122,0.01408646
ANGs_2013,-0.04582352,-0.009721461,-0.1868621,0.1158877,-0.05284374,-0.0188386,0.02992101,-0.0429595,-0.04025619,-0.06818401,-0.09748301,0.09816841,-0.0378106,0.01007609,-0.04639056,0.08671189,-0.04712719,0.009112545,0.02718287,0.1470793,-0.07143383,-0.06450381,-0.3877055,-0.2240578
AREAc_2013,0.7949554,0.8668451,0.6493552,0.1810077,0.903909,0.8430517,0.6675133,0.6428367,0.8420959,0.9136721,0.5550426,0.2371536,0.8858457,0.8259559,0.7789859,0.5579035,0.7566381,0.8567071,0.0747769,-0.1687441,0.921662,0.7921498,0.6263454,0.2521943
AREAr_2013,-1.508314,-1.520869,-0.9394106,-0.6231172,-1.544,-1.481836,-1.410679,-0.98652,-1.609664,-1.584857,-1.037493,-0.7424804,-1.619318,-1.503743,-1.482642,-1.091913,-1.345937,-1.56259,-0.2792817,-0.1200064,-1.556487,-1.429479,-0.7768692,-0.1476473
AREAs_2013,-0.03941562,-0.001410138,0.06410647,-0.1577226,0.02539112,0.009952559,-0.1871233,0.03350879,-0.07390587,-0.003029409,-0.03176796,-0.1530057,-0.04169752,-0.01309743,-0.1222945,-0.08623917,-0.004411055,-0.03633273,-0.1567797,-0.1791866,0.02695194,-0.04238815,0.08390561,0.2104281
CHLc_2013,0.09802622,0.09437425,0.2800937,0.06260343,0.08685643,0.0669462,0.0779854,0.05810942,0.1078243,0.1202356,0.3038501,0.02215444,0.08452777,0.04207553,0.1307059,0.1202212,0.09251058,0.08798643,0.2603815,-0.02318687,0.1272593,0.1222264,0.2112066,-0.07081505
CHLr_2013,-0.07119777,-0.06059258,-0.1368071,-0.05593645,0.005184914,-0.05820714,0.08020075,-0.1887282,-0.05426238,-0.06786734,-0.1348962,-0.08426035,-0.01141678,-0.02660646,0.02249695,-0.1771148,-0.06755693,-0.04493667,-0.117405,-0.01240584,-0.05037339,-0.06987494,-0.09970276,-0.04256441
CHLs_2013,0.00499953,-0.02469843,0.1468033,0.01893072,0.01096903,-0.03910426,0.1300693,-0.09980628,0.02920022,0.01469763,0.1520632,-0.08133835,0.03133547,-0.03841335,0.1308164,-0.02149571,-0.007264391,-0.01673658,0.1069972,-0.09613008,-0.000671741,0.02445694,0.1491071,-0.1472151
Dry0_2012,-0.59773,-0.5747057,-0.4708854,0.01238295,-0.5800603,-0.5192315,-0.4893844,-0.448371,-0.5993576,-0.6230375,-0.5628744,-0.07611205,-0.5814714,-0.5129686,-0.4744501,-0.5005301,-0.5149535,-0.5355032,-0.2041265,0.1877094,-0.5901865,-0.5328101,-0.1552987,-0.06334856
Dry500_2012,-0.1420169,-0.117932,0.01493636,0.001705082,-0.1683855,-0.1185404,-0.1181882,-0.0977697,-0.1312276,-0.1208139,-0.008648201,-0.07147657,-0.1342133,-0.1334498,-0.1286488,-0.09917231,-0.1295642,-0.1281315,-0.005712076,-0.03152012,-0.1704894,-0.1085098,-0.0995386,-0.05354939
Dry500p0_2012,0.2119138,0.1999152,0.2722393,-0.01309081,0.1706819,0.1781801,0.1497577,0.1512695,0.2186752,0.2271421,0.2962703,-0.03201225,0.2030132,0.1632253,0.1372677,0.1883951,0.1724095,0.1788063,0.07554416,-0.1506223,0.1726013,0.1950061,-0.03879018,-0.07400373
DWc_2013,0.7062982,0.6296117,0.7810842,0.2202741,0.767656,0.7300551,0.6559128,0.5525964,0.7626855,0.7175446,0.6704749,0.1952868,0.7900732,0.6780654,0.7050297,0.5011226,0.6330755,0.6955592,0.3172366,-0.1626969,0.7594731,0.7244641,0.8116628,0.113289
DWr_2013,-0.3060667,-0.3582677,-0.3325565,-0.04585126,-0.4147744,-0.4293081,-0.2648787,-0.163357,-0.3659867,-0.3530035,-0.2558404,-0.1305507,-0.4006714,-0.392968,-0.2589128,-0.1790475,-0.274608,-0.3755383,-0.2744747,0.03351936,-0.3820685,-0.3793951,-0.3545055,0.0461762
DWs_2013,0.4619133,0.3787147,0.4265612,0.1965176,0.4786571,0.4457055,0.4920077,0.4169655,0.4935705,0.4518831,0.4479927,0.1471937,0.5122722,0.4153907,0.5479168,0.3954154,0.4172514,0.4360322,0.1068946,-0.1134846,0.4775123,0.4528214,0.5900988,0.1781814
Elc_2013,-0.4156556,-0.5582877,-0.2239204,-0.1261116,-0.4955441,-0.5518342,-0.3279642,-0.1182509,-0.5113607,-0.5920976,-0.3041304,-0.199516,-0.555075,-0.5594158,-0.421727,-0.1269322,-0.3956065,-0.4991627,0.01778374,0.06893619,-0.4817472,-0.4725449,-0.2875402,-0.09738567
Elr_2013,0.6392589,0.7245351,0.4193431,0.1483086,0.6695771,0.7533912,0.3851902,0.3726339,0.6776637,0.7571787,0.5760873,0.1370717,0.7201349,0.7561002,0.4876162,0.3522238,0.6021662,0.6832783,0.1843054,-0.2433052,0.6702903,0.6294195,0.4555154,0.263136
Els_2013,0.05649023,-0.07774308,0.1227852,0.06721573,-0.0583646,0.01189953,-0.1947384,0.02105884,-0.06389805,-0.09099719,0.06872146,-0.03100524,-0.102639,-0.02849825,-0.2270515,-0.06551399,0.04772725,-0.04804271,0.0932956,-0.02669109,-0.02068757,-0.003304038,0.003771309,0.1291689
Fresh_min_Dry0_2012,-0.7138117,-0.693278,-0.5456495,-0.2026161,-0.7486817,-0.6432452,-0.5657004,-0.5617737,-0.7103276,-0.7379927,-0.6337181,-0.2676716,-0.7232452,-0.6680348,-0.5848193,-0.6340191,-0.6292746,-0.6716089,-0.2317509,0.02994927,-0.7460151,-0.6119626,-0.1180173,-0.03508267
Fresh_min_Dry500_2012,-0.05194572,-0.002163335,0.05518966,0.08642957,-0.05882894,0.07908945,-0.01918019,-0.002040354,0.0118899,0.0007383596,0.04385502,0.04596292,0.00249166,0.05735811,-0.03784682,-0.003770825,-0.05907215,-0.01237773,-0.0390973,-0.05165377,-0.0684821,-0.0003632277,0.08830618,0.06637297
Fresh_per_Dry0_2012,-0.1370055,-0.1387195,-0.08149738,-0.2522459,-0.2042812,-0.1308958,-0.06285254,-0.1323148,-0.1206527,-0.1297685,-0.08606292,-0.2153684,-0.1547169,-0.1831382,-0.1166886,-0.1611453,-0.1377885,-0.1581422,-0.1240201,-0.1730247,-0.1949541,-0.06989022,0.08244365,0.02487785
Fresh_per_dry500_2012,0.01249363,0.0601581,0.01351374,0.06039527,0.03064352,0.09003427,0.04725216,0.0459244,0.04878381,0.0617672,0.02380034,0.09026139,0.0579011,0.09148639,0.04731905,0.03107019,0.01643896,0.05004897,-0.01850764,0.02404751,0.02698602,0.04028218,0.08424788,0.07973293
Fresh0_2012,-0.7167806,-0.6941907,-0.5500722,-0.1777249,-0.7459014,-0.6439503,-0.5712069,-0.5602636,-0.713953,-0.7412936,-0.6421408,-0.2474803,-0.7229613,-0.6645793,-0.5857801,-0.6316599,-0.6300742,-0.6696732,-0.2344854,0.05370878,-0.7446621,-0.6175876,-0.1270495,-0.04061873
Fresh500_2012,-0.08344925,-0.02356729,0.07192721,0.08564643,-0.0909774,0.04562022,-0.03415641,0.009026096,-0.0222707,-0.01780917,0.0607442,0.0452627,-0.02408279,0.0273801,-0.05522428,-0.01635331,-0.08129287,-0.0374935,-0.02534505,-0.03149471,-0.09872238,-0.02292204,0.05885702,0.04994416
Fresh500p0_2012,0.2276212,0.2673364,0.3267245,0.1065038,0.2313034,0.3059875,0.1874123,0.2322707,0.2780597,0.2996054,0.3571304,0.08479432,0.28134,0.2984906,0.1779188,0.2453291,0.1935322,0.2405329,0.07633221,-0.1261525,0.2237434,0.237886,0.05843176,-0.006964903
FWc_2013,0.5931352,0.5521084,0.5678114,0.1863832,0.6540714,0.6707593,0.570401,0.5204335,0.6498848,0.634893,0.539376,0.162664,0.7022679,0.6341252,0.6644204,0.4395533,0.5642176,0.6114449,0.2289458,-0.1679099,0.6518244,0.6262594,0.870997,0.1849252
FWr_2013,-0.2480724,-0.2682461,-0.2903088,-0.1226288,-0.2644983,-0.3700044,-0.308621,-0.2137546,-0.3179815,-0.3414584,-0.2906798,-0.1868694,-0.3478258,-0.3176342,-0.3528254,-0.1956794,-0.2512355,-0.2611969,-0.2871957,-0.08133615,-0.271038,-0.3691377,-0.6225944,0.05586853
FWs_2013,0.4021054,0.3437255,0.3827368,0.09240657,0.4446245,0.4249155,0.3297235,0.3408147,0.4110222,0.3980017,0.3728656,0.04883438,0.4386818,0.4040751,0.4056176,0.305724,0.3732278,0.3824788,0.06821356,-0.1912274,0.4419597,0.3736839,0.5378569,0.1867243
Surf0_2012,0.3268935,0.4042651,0.2046552,0.005039188,0.3654836,0.4760259,0.406417,0.2838043,0.4018036,0.442148,0.2847135,0.004760567,0.4557628,0.4445022,0.4529174,0.2811835,0.3312978,0.4238722,-0.03257599,-0.2499243,0.3661968,0.4222442,0.2718444,0.2378651
Surf500_2012,0.2936787,0.3595388,0.3520077,0.16099,0.3153246,0.3922972,0.3709103,0.2907977,0.3456115,0.403536,0.3995687,0.1138262,0.372382,0.3923653,0.3496973,0.2205341,0.2783686,0.335639,0.01629918,-0.05427915,0.3171956,0.311274,0.3199808,0.2185844
Surf500p0_2012,0.09330079,0.04621027,0.1277056,0.1870491,0.07103993,0.04368773,0.07359561,0.01025934,0.07214748,0.07243605,0.1197893,0.1163372,0.04604736,0.04726333,0.02788542,0.0004378303,0.05577647,0.01404184,-0.02851562,0.1875323,0.06511521,0.02604467,0.005900002,0.01205516
WC500p0_2012,0.2059908,0.2434059,0.2754943,0.1040878,0.2147545,0.300632,0.1625972,0.1790235,0.2615826,0.2683315,0.2980692,0.073859,0.2601688,0.2879703,0.1577446,0.2119285,0.1705982,0.2210583,0.05142221,-0.1420743,0.2037442,0.2179653,0.08970759,0.01104864
WCc_2013,0.585762,0.5217276,0.5625486,0.2130154,0.654523,0.648179,0.5058568,0.5131666,0.6129071,0.5794996,0.4955517,0.1854171,0.67132,0.6234807,0.587968,0.4331803,0.5535901,0.600211,0.2261338,-0.1341913,0.6415277,0.5765493,0.81182,0.1178199
WCr_2013,-0.1191773,-0.1827338,-0.1878696,-0.03977203,-0.1977826,-0.2787781,-0.1412729,-0.1495342,-0.1740061,-0.196391,-0.1597722,-0.1515291,-0.2188569,-0.2554316,-0.1517417,-0.1542281,-0.1310223,-0.1761433,-0.3493931,-0.06614432,-0.1774799,-0.2113731,-0.3618921,0.1693336
WCs_2013,0.3930367,0.2942812,0.3452281,0.1697789,0.4014899,0.3743104,0.3482159,0.336578,0.3844576,0.3555351,0.3299135,0.1004584,0.4026794,0.3427673,0.4119883,0.2964702,0.3609499,0.3448021,-0.0423265,-0.1216367,0.4038553,0.3552346,0.5192597,0.2307137
salt_0_mM_NaCl_aLRL_vs_MRL,-0.01445873,-0.001382698,0.137039,0.07764206,-0.01073443,0.02665173,-0.04802842,0.03554784,-0.01036175,-0.02212978,0.01083191,0.09046599,-0.0383832,0.007675126,-0.05600416,0.04467418,-0.0130587,0.009272963,0.03436643,0.05294839,0.01390993,0.00953213,0.009168305,-0.1113592
salt_0_mM_NaCl_Apical,-0.2018358,-0.2117335,-0.3041878,0.03945307,-0.158808,-0.1467768,-0.09158353,-0.1260338,-0.1796081,-0.1883341,-0.2541224,0.03329463,-0.1632769,-0.1615646,-0.06647114,-0.08234987,-0.175035,-0.209271,-0.2753216,0.1712308,-0.1785319,-0.1403794,-0.1897293,0.124465
salt_0_mM_NaCl_Basal,0.2236724,0.2204977,0.1635678,0.06500359,0.2127383,0.272308,0.1453676,0.2315388,0.2194212,0.2349385,0.1879176,0.07566051,0.2365878,0.2637146,0.195862,0.2095711,0.2187107,0.2346973,0.07446697,-0.05301276,0.2177427,0.2218003,0.1993174,-0.07319195
salt_0_mM_NaCl_Branched,-0.3198259,-0.3093857,-0.3839704,-0.08711556,-0.2913345,-0.2794969,-0.2653313,-0.1761275,-0.3045407,-0.3156636,-0.3440606,-0.05787214,-0.3108046,-0.3048172,-0.2763219,-0.1519227,-0.2886045,-0.3142659,-0.21082,0.08414322,-0.2994151,-0.2490853,-0.3724894,0.04717554
salt_0_mM_NaCl_Depth,-0.06835116,-0.0574316,-0.1993528,0.03925855,-0.04080459,-0.07843945,-0.0318169,-0.0580498,-0.06223574,-0.04574676,-0.1714836,0.05679198,-0.05745136,-0.06880152,-0.01986758,0.01963258,-0.06662328,-0.08982119,-0.1874503,0.1144263,-0.06121017,-0.07378707,-0.1661916,0.1358562
salt_0_mM_NaCl_LRD_vs_BZ,-0.0681646,-0.04787582,-0.009263564,-0.02297384,-0.02011777,0.04158639,0.01711776,0.03337029,-0.02779151,-0.04565311,0.02250187,0.02157258,-0.008376416,0.02101755,-0.0007555383,0.01842205,-0.04579869,-0.007885347,-0.05168952,0.009026719,-0.01685258,0.01031285,0.02733544,-0.05783819
salt_0_mM_NaCl_LRD_vs_MR,-0.1347908,-0.1021516,-0.008322293,-0.08313947,-0.08964201,-0.06877678,-0.09285962,0.01262109,-0.1046586,-0.119544,-0.0492468,-0.02271781,-0.09627183,-0.08756171,-0.1257824,0.01138664,-0.1086045,-0.07355321,-0.04023194,-0.05159502,-0.08225893,-0.06451577,-0.08679637,-0.09422159
salt_0_mM_NaCl_LRL_vs_MRL,-0.1964483,-0.1686381,0.006628627,-0.01279439,-0.1836819,-0.1446073,-0.2131304,-0.06829435,-0.1866424,-0.193168,-0.1515673,0.03477479,-0.2247628,-0.1702193,-0.2326709,-0.04309255,-0.1761792,-0.1678643,-0.02317763,0.02992333,-0.1548134,-0.1453223,-0.1786988,-0.1399634
salt_0_mM_NaCl_LRL_vs_noLR,-0.1855092,-0.196637,-0.05614948,0.07762148,-0.2123934,-0.1493956,-0.1948816,-0.103591,-0.1886585,-0.2101903,-0.1909908,0.08650632,-0.2495403,-0.1806851,-0.2010025,-0.06295633,-0.1787704,-0.1983689,-0.06192208,0.1448456,-0.1798116,-0.150999,-0.2048756,-0.05255536
salt_0_mM_NaCl_LRL,-0.3757043,-0.3601796,-0.2598834,-0.08054489,-0.3828418,-0.3364876,-0.3404816,-0.2219924,-0.3724423,-0.3728673,-0.344279,-0.05452394,-0.4148156,-0.3574097,-0.353162,-0.1827701,-0.3432018,-0.3782136,-0.127381,0.06152849,-0.3633003,-0.3222765,-0.368843,-0.01982149
salt_0_mM_NaCl_MRL_vs_TRS,0.2103652,0.1950057,0.07367479,0.01416385,0.2039173,0.1557185,0.1996272,0.08582473,0.2012907,0.2166532,0.170684,-0.03364962,0.236068,0.1829059,0.221309,0.06262077,0.1926521,0.1905638,0.06127008,-0.05901152,0.1828126,0.158928,0.2360126,0.04776023
salt_0_mM_NaCl_MRL,-0.2474397,-0.2443788,-0.3578038,-0.04757403,-0.2187777,-0.2333535,-0.1972506,-0.1876626,-0.2418843,-0.2350106,-0.3165926,-0.04396145,-0.2317307,-0.2411934,-0.1771052,-0.1432316,-0.2222366,-0.2672381,-0.2411684,0.0819089,-0.2432712,-0.2108941,-0.285888,0.111466
salt_0_mM_NaCl_MRVA,-0.3264148,-0.351618,-0.3142374,-0.2608662,-0.3211391,-0.2958649,-0.3361517,-0.2063944,-0.3329289,-0.3534068,-0.2973419,-0.2898464,-0.3048408,-0.3215971,-0.314994,-0.3289502,-0.2786261,-0.3232403,-0.1489967,-0.1906111,-0.3382328,-0.2437674,-0.2497556,-0.1048197
salt_0_mM_NaCl_MRVL,-0.1547522,-0.148719,-0.2814649,-0.009440403,-0.1250379,-0.1566865,-0.1107166,-0.123148,-0.1492213,-0.1384713,-0.2541471,0.003563295,-0.1414958,-0.1552762,-0.09432957,-0.06099323,-0.142878,-0.1767072,-0.2227719,0.09585786,-0.148831,-0.1397038,-0.2143386,0.1226532
salt_0_mM_NaCl_noLRpMR,-0.3382663,-0.3127802,-0.3480284,-0.1279674,-0.2993547,-0.2704575,-0.2408351,-0.1639486,-0.3050558,-0.3114428,-0.3158937,-0.07481148,-0.2998025,-0.2869558,-0.2517913,-0.1375701,-0.2997663,-0.3118154,-0.22196,0.0252739,-0.3086399,-0.2571019,-0.3484073,0.06315461
salt_0_mM_NaCl_PC1,0.2894599,0.2621973,0.2405368,0.07484116,0.2495086,0.2373031,0.2378429,0.1442179,0.2665823,0.2801345,0.2800323,0.003859478,0.282866,0.2602581,0.2540368,0.1005571,0.2645695,0.2681881,0.1318947,-0.08066833,0.2519182,0.2245148,0.3097824,0.005067168
salt_0_mM_NaCl_PC2,0.03709986,0.05463986,0.2024942,-0.00541996,0.00921983,0.05523714,-0.01766413,0.05442251,0.03214426,0.02326132,0.1218161,0.02524585,0.005952602,0.03967787,-0.05059476,0.03148721,0.03063361,0.06706364,0.168372,-0.04439923,0.03745337,0.03940392,0.07290489,-0.1327325
salt_0_mM_NaCl_PC3,-0.1859732,-0.1948915,-0.001483854,0.03899086,-0.173494,-0.09418764,-0.1300926,-0.06457527,-0.1684548,-0.196551,-0.09751603,0.03831084,-0.191788,-0.1254066,-0.1243554,-0.08583078,-0.1587579,-0.1619467,-0.03982029,0.09461681,-0.1484278,-0.1081893,-0.09500497,-0.0842765
salt_0_mM_NaCl_Straightness,0.6533834,0.6755854,0.5374914,0.2501999,0.6661992,0.5378639,0.6165387,0.4639229,0.6547785,0.6863696,0.4309774,0.3133832,0.6431567,0.598043,0.5999607,0.5877253,0.5628843,0.6375469,0.1046767,0.07943766,0.6690609,0.5097533,0.4875906,0.09125619
salt_0_mM_NaCl_TRS,-0.3659067,-0.3543408,-0.3457012,-0.07572926,-0.3563066,-0.333538,-0.318212,-0.2367708,-0.3610395,-0.3579045,-0.3798758,-0.05709663,-0.3834257,-0.3509679,-0.3164243,-0.1893442,-0.3323681,-0.3773528,-0.2020841,0.0804558,-0.355811,-0.3131985,-0.3805406,0.04247064
salt_125_mM_NaCl_aLRL_vs_MRL,0.02618349,0.01410732,0.1378891,0.007469832,0.03585362,0.08634124,0.04566756,0.06771142,0.04741757,0.00473748,0.03430483,0.01132252,0.03794579,0.09335585,0.06277266,0.09094754,0.02583468,0.0448358,0.1519321,-0.08228746,0.04948758,0.04169453,0.08053603,0.03576556
salt_125_mM_NaCl_Apical,-0.06177045,-0.1189637,-0.08864754,-0.04325527,-0.06149647,-0.04534568,-0.10311,-0.1545342,-0.07472768,-0.1112583,-0.1100759,-0.06321287,-0.07929353,-0.07908413,-0.1113299,-0.1497803,-0.0697231,-0.08970275,-0.08416953,-0.02500004,-0.08146168,-0.05196071,-0.391518,-0.08347458
salt_125_mM_NaCl_Basal,0.1202515,0.09491938,0.05235818,-0.08205947,0.09870251,0.05496354,0.08283452,0.08877302,0.1063169,0.1044267,0.02388876,0.0220669,0.08188735,0.07096269,0.09383166,0.05001828,0.1015416,0.09370565,-0.03557955,0.03279789,0.1161604,0.08247357,0.2157462,0.02167983
salt_125_mM_NaCl_Branched,-0.2628561,-0.2821436,-0.3208579,0.01314463,-0.2575104,-0.230101,-0.2479599,-0.3022603,-0.2738818,-0.2741872,-0.3169816,-0.0003731796,-0.2792541,-0.2607492,-0.2422745,-0.2406661,-0.2483048,-0.3032912,-0.1867543,0.1332278,-0.2756358,-0.2311045,-0.2426636,0.07581488
salt_125_mM_NaCl_Depth,-0.1471311,-0.1759196,-0.2705439,-0.05147273,-0.140015,-0.120233,-0.1601317,-0.1981049,-0.1707,-0.1725596,-0.2601131,-0.0482344,-0.177938,-0.1610109,-0.1593188,-0.1390474,-0.1462143,-0.1896407,-0.177605,0.01227053,-0.159338,-0.1289737,-0.2951907,0.06697935
salt_125_mM_NaCl_LRD_vs_BZ,-0.02690474,-0.059839,-0.006289401,0.005601791,0.008214584,0.04419885,-0.02142728,0.1779902,-0.03646161,-0.06022149,0.02459841,0.03260524,-0.0290432,0.03836589,-0.02167202,0.113326,-0.008589064,-0.01711543,0.1597819,0.06024315,0.02328868,-0.01089695,0.1839768,-0.1523112
salt_125_mM_NaCl_LRD_vs_MR,-0.1465148,-0.1822562,-0.1261881,0.02248669,-0.1526598,-0.1278264,-0.1332143,-0.06185271,-0.1674605,-0.1942355,-0.137022,-0.003011398,-0.1805314,-0.1278431,-0.1475754,-0.02857363,-0.1349422,-0.1673202,0.02145092,0.07730458,-0.1470637,-0.1595682,-0.01478991,0.003034868
salt_125_mM_NaCl_LRL_vs_MRL,-0.08787835,-0.1045279,-0.1484754,0.0533789,-0.1315541,-0.06216992,-0.05533436,0.005612229,-0.1213035,-0.1253999,-0.1643915,0.06860823,-0.1451387,-0.07634434,-0.07833529,0.009961531,-0.08684493,-0.1234763,0.002776177,0.03970444,-0.1192503,-0.1047034,-0.02822765,0.06342934
salt_125_mM_NaCl_LRL_vs_noLR,-0.01699335,-0.03422044,0.02846984,0.03085662,-0.0275136,0.03879238,-0.0002977774,0.02459409,-0.01925926,-0.04691405,-0.05361926,0.04194981,-0.03566587,0.03204298,0.003193217,0.04619129,-0.01954294,-0.02533412,0.09453985,-0.02966189,-0.01662868,-0.01078559,-0.01263172,0.07640057
salt_125_mM_NaCl_LRL,-0.1426928,-0.1611401,-0.2305704,0.03657189,-0.1934588,-0.1119846,-0.1118445,-0.08840437,-0.1845933,-0.1747131,-0.2313205,0.04838565,-0.2040615,-0.1305338,-0.1361351,-0.06036533,-0.13813,-0.1918793,-0.07625643,0.06229551,-0.1901922,-0.1596517,-0.1741918,0.08069193
salt_125_mM_NaCl_MRL_vs_TRS,0.0757584,0.1103584,0.1400598,-0.04997327,0.09874307,0.03908931,0.09423169,0.01725672,0.1080741,0.125152,0.1377264,-0.02385724,0.1331366,0.0544811,0.09496968,-0.008755881,0.08019426,0.1203773,-0.03943267,-0.02998137,0.0925127,0.09522146,0.04897128,-0.03626207
salt_125_mM_NaCl_MRL,-0.2018283,-0.2256983,-0.2966667,-0.05226293,-0.1983505,-0.1704631,-0.2050563,-0.2564728,-0.2243888,-0.220149,-0.2999412,-0.06567749,-0.2238841,-0.2100289,-0.2000599,-0.2048861,-0.1891318,-0.2399111,-0.192075,0.02749489,-0.2185634,-0.17187,-0.3142608,0.04821499
salt_125_mM_NaCl_MRVA,0.3107131,0.2690915,0.2738827,0.1109976,0.3105629,0.2868009,0.2421077,0.2323168,0.3135632,0.2585628,0.2510028,0.1658998,0.2775317,0.2794774,0.240385,0.193155,0.2528493,0.2937982,0.1103743,0.098675,0.3185523,0.2693153,0.1332772,0.07936052
salt_125_mM_NaCl_MRVL,-0.1668752,-0.1918455,-0.2815426,-0.05601062,-0.15943,-0.1360172,-0.1721125,-0.2193222,-0.1882206,-0.187131,-0.2753879,-0.05782666,-0.190768,-0.1778562,-0.1686481,-0.162533,-0.1611638,-0.2058781,-0.1831006,0.007453427,-0.1802206,-0.1413788,-0.2993535,0.06336652
salt_125_mM_NaCl_noLRpMR,-0.2730311,-0.3094239,-0.2992931,-0.0461773,-0.2767068,-0.2271612,-0.2611959,-0.242413,-0.3014896,-0.311496,-0.3059163,-0.07935733,-0.3069775,-0.2406683,-0.2682798,-0.1806842,-0.2507272,-0.3098733,-0.1132786,0.04701247,-0.2875519,-0.2701451,-0.263983,0.05781753
salt_125_mM_NaCl_PC1,0.1904127,0.2150455,0.2390499,-0.002423101,0.1886879,0.1362102,0.1722963,0.1309994,0.210764,0.2328679,0.2399105,-0.00258006,0.2237023,0.1663359,0.1802874,0.07867766,0.184477,0.2211477,0.014382,-0.05396711,0.1990004,0.1771404,0.1529848,-0.01337545
salt_125_mM_NaCl_PC2,-0.06369402,-0.06888745,0.0008325792,0.06010482,-0.0743995,-0.03521782,-0.02867744,0.05455392,-0.06823588,-0.08099269,-0.02571837,0.0418515,-0.07810441,-0.02122699,-0.0298982,0.05695863,-0.05155286,-0.06473527,0.1319111,0.0406853,-0.05523437,-0.06846022,0.1949183,-0.003106012
salt_125_mM_NaCl_PC3,0.1357359,0.1134582,0.1846969,0.0190076,0.1243648,0.176833,0.1133771,0.1618971,0.1403899,0.09724112,0.1064081,0.04143052,0.1253013,0.1790074,0.1208526,0.1479369,0.1192867,0.1471629,0.1514971,-0.07699502,0.1381205,0.1244371,0.004807241,-0.02436781
salt_125_mM_NaCl_Straightness,0.2779022,0.295523,0.1543903,-0.0165764,0.2888736,0.2495455,0.2427046,0.3293201,0.2817166,0.2818402,0.2439136,0.0679917,0.266738,0.2496915,0.2329593,0.339499,0.2278483,0.2778606,0.07471923,-0.1443546,0.2844417,0.2258547,0.1719046,0.1368658
salt_125_mM_NaCl_TRS,-0.2040439,-0.2293372,-0.3153165,0.001503237,-0.2398663,-0.1660277,-0.1828207,-0.1906096,-0.2460318,-0.2366585,-0.3174702,0.00368264,-0.2601742,-0.1990626,-0.1983334,-0.1446893,-0.1944701,-0.2589985,-0.150177,0.05947197,-0.2473247,-0.2019455,-0.2822406,0.08318914
salt_75_mM_NaCl_aLRL_vs_MRL,-0.1313476,-0.1508851,-0.1262292,-0.1133738,-0.1647073,-0.08754706,-0.07660751,-0.003076096,-0.1752717,-0.1986612,-0.1103276,-0.1470699,-0.1945148,-0.09171637,-0.08537782,-0.04199034,-0.1057929,-0.1285348,0.07732155,-0.1027723,-0.1411423,-0.1368608,-0.02394902,-0.05180869
salt_75_mM_NaCl_Apical,0.4405218,0.4213165,0.1223618,0.2733057,0.4474417,0.4022033,0.4420721,0.3260484,0.4539669,0.4404351,0.2504521,0.2146358,0.4716104,0.4363612,0.4456704,0.356342,0.3975171,0.4422848,-0.02400867,0.06649464,0.441996,0.3813644,0.07384379,0.2616679
salt_75_mM_NaCl_Basal,0.1270822,0.1445111,0.06803617,0.03792467,0.1260761,0.1381876,0.009909666,0.1216209,0.1078795,0.1536584,0.1641079,0.04233336,0.1207844,0.1546459,0.02946005,0.06641733,0.1137167,0.1090132,0.01212568,-0.009951893,0.117926,0.08511974,0.1046975,0.1493881
salt_75_mM_NaCl_Branched,-0.1316839,-0.1381266,-0.2191442,0.03036777,-0.08780027,-0.1202084,-0.1147054,-0.136613,-0.1194556,-0.1359528,-0.2093988,0.01373578,-0.1080744,-0.1452405,-0.1206723,-0.1510517,-0.1216528,-0.1338804,-0.1406792,0.06517197,-0.1125523,-0.08818176,-0.2288403,0.09323223
salt_75_mM_NaCl_Depth,0.1786509,0.1765681,-0.07611831,0.1116436,0.2255185,0.1441664,0.1297986,0.06182132,0.1821252,0.1846595,-0.003206026,0.08479787,0.2028008,0.1432143,0.1318551,0.05793186,0.1484137,0.1625798,-0.08191185,-0.0004298673,0.1916845,0.1550018,-0.09838857,0.2138402
salt_75_mM_NaCl_LRD_vs_BZ,0.01579932,-0.01449693,0.1396163,-0.06901268,0.0124158,0.07828323,0.05295766,-0.009229695,0.03798252,-0.01912316,0.1187749,-0.06756537,0.04844682,0.05898915,0.02590566,0.01351595,0.009514532,0.03782002,0.1209958,-0.05597964,0.0006393134,0.04804604,-0.1100118,-0.00705243
salt_75_mM_NaCl_LRD_vs_MR,-0.1904548,-0.2001148,0.001411257,-0.1495009,-0.171765,-0.1041845,-0.2063311,-0.1980604,-0.1793156,-0.2070162,-0.1070575,-0.1316657,-0.1743092,-0.1399331,-0.2060673,-0.167934,-0.1668596,-0.1734402,0.0240475,-0.06481998,-0.1804627,-0.1266412,-0.1889988,-0.1932685
salt_75_mM_NaCl_LRL_vs_MRL,-0.12289,-0.1514386,-0.1901132,-0.006359928,-0.1392355,-0.03076171,-0.1239046,-0.1115936,-0.1414396,-0.1688261,-0.127697,-0.007008512,-0.1639824,-0.06795585,-0.1181099,-0.07686293,-0.1206318,-0.1510571,-0.008240909,0.1059692,-0.1355503,-0.0914473,-0.1219877,-0.01045797
salt_75_mM_NaCl_LRL_vs_noLR,0.0289979,-0.0005498871,-0.1256273,0.05827721,0.001690952,0.07909404,0.05877107,0.07732345,-0.01151323,-0.03873904,-0.03650625,0.02971507,-0.03455863,0.06574352,0.05647652,0.06320234,0.02511231,0.009746058,0.02482804,0.05951473,0.01802162,0.01283128,0.01151806,0.08383777
salt_75_mM_NaCl_LRL,-0.1770886,-0.1931919,-0.2932754,0.009712376,-0.1742776,-0.09644798,-0.1683625,-0.1607942,-0.194932,-0.2056705,-0.2056812,-0.01417737,-0.2039314,-0.1274745,-0.1599258,-0.1456991,-0.1690807,-0.2109154,-0.0735626,0.1180223,-0.1865365,-0.1439942,-0.2256336,0.08817461
salt_75_mM_NaCl_MRL_vs_TRS,0.09514367,0.1251498,0.1546336,-0.01754409,0.09977935,0.002196208,0.07718316,0.1087234,0.1083616,0.1393192,0.09454346,-0.007517958,0.122082,0.04241528,0.07372186,0.08561814,0.08817294,0.1115166,0.02385954,-0.09664657,0.09717296,0.05140057,0.1597983,0.01425236
salt_75_mM_NaCl_MRL,0.1293604,0.1135487,-0.1112591,0.1394818,0.1643033,0.1004191,0.0978231,0.02375338,0.1317843,0.1240808,-0.01651907,0.09669284,0.1526065,0.1012095,0.09793104,0.0175641,0.1105618,0.1125314,-0.1081041,0.05218998,0.1349551,0.1133437,-0.1263534,0.2262917
salt_75_mM_NaCl_MRVA,0.4334479,0.4210263,0.2028189,0.1009976,0.4570357,0.3903685,0.3725165,0.3777092,0.4398728,0.4126831,0.1885091,0.1806806,0.4444978,0.4023774,0.3829555,0.418288,0.367398,0.4333517,-0.02827238,-0.07847693,0.4392945,0.3518435,0.1263401,0.266314
salt_75_mM_NaCl_MRVL,0.158954,0.1501062,-0.09347577,0.1238667,0.201112,0.1239481,0.1207807,0.04908354,0.1591275,0.1583138,-0.007638753,0.08644041,0.1803687,0.1241629,0.1221605,0.04372125,0.1340277,0.1412479,-0.08684982,0.01934003,0.1694028,0.1367888,-0.09741654,0.2194553
salt_75_mM_NaCl_noLRpMR,-0.1057351,-0.1273744,-0.1442026,-0.05860477,-0.07943996,-0.04750212,-0.1034225,-0.1678768,-0.0942301,-0.1205865,-0.1434112,-0.06792049,-0.07726458,-0.07764881,-0.09948794,-0.1503966,-0.09867856,-0.1120426,-0.05056434,-0.03654429,-0.1086378,-0.06228035,-0.2798617,0.04633671
salt_75_mM_NaCl_PC1,0.1024573,0.1343927,0.1951,0.002915969,0.06387868,0.03224759,0.08781218,0.108458,0.1005827,0.1388227,0.1341184,0.02430569,0.09815682,0.06329338,0.08743393,0.1109423,0.09476027,0.1127252,0.03804668,-0.01406983,0.07868019,0.05699793,0.2259399,-0.03771899
salt_75_mM_NaCl_PC2,-0.3034963,-0.3186875,-0.06333413,-0.1555207,-0.3325245,-0.2087388,-0.2574305,-0.2074688,-0.3161583,-0.3357385,-0.1282518,-0.1363464,-0.3398748,-0.2401148,-0.2656853,-0.210789,-0.2618189,-0.2989213,0.0599744,0.003642538,-0.3055564,-0.2404308,-0.08138078,-0.2122651
salt_75_mM_NaCl_PC3,0.06069919,0.03339523,-0.06524481,0.02393984,0.02271511,0.1119978,0.1023524,0.1402027,0.02520894,-0.0007521474,0.03681695,-0.01143114,0.004590908,0.1144887,0.09891003,0.1263085,0.05850211,0.05121101,0.07688968,-0.01272003,0.04656671,0.03494775,0.04610067,0.06676951
salt_75_mM_NaCl_Straightness,0.1893862,0.2337999,0.03554502,-0.03215378,0.2328335,0.1399749,0.1386507,0.1228316,0.1819248,0.2168934,0.02193498,-0.0132742,0.1881492,0.1410982,0.1503704,0.1338288,0.1397367,0.1779453,0.06828118,-0.1267628,0.2018392,0.1385891,0.09725807,0.06817389
salt_75_mM_NaCl_TRS,-0.1192934,-0.1374305,-0.2836033,0.0452894,-0.10762,-0.0570497,-0.1200669,-0.1330872,-0.1341182,-0.145462,-0.1826382,0.01327222,-0.136414,-0.08373256,-0.112726,-0.1216398,-0.117322,-0.153061,-0.09233617,0.1160904,-0.1260033,-0.09484316,-0.2289658,0.1362432
RR_stained_mucilage_area,0.02606345,-0.01072928,0.02205693,0.1998605,-0.02074191,0.01018236,0.02978,0.05857331,0.03246923,0.04006077,-0.05060349,0.1981927,0.01449791,0.02451581,0.05589136,0.0652358,0.0122106,-0.03346175,-0.1225209,0.2261047,-0.01441413,0.0001844876,0.1693621,0.02908858
Fruit_number,-0.03652201,-0.04023659,-0.00685219,-0.1028254,-0.01779135,-0.07271367,-0.1163172,-0.0601124,-0.1006705,-0.0980108,-0.04156234,-0.07676516,-0.07195048,-0.1164441,-0.1119324,-0.06776472,-0.03821475,-0.04640896,0.03041975,-0.0942992,-0.05016329,-0.02815604,-0.113494,-0.05316658
Growth_rate,0.02032693,0.03914617,-0.08997455,-0.07299647,-0.01450857,-0.02303251,-0.01073021,0.03533894,0.09182915,0.1003136,-0.1054742,-0.1343291,0.06262564,0.04697312,-0.03218739,0.05148734,0.009042119,0.01834179,-0.04281037,-0.1909188,0.00171034,-0.1004365,-0.01685707,-0.04919432
RGR,-0.03598433,-0.08117613,-0.05463492,-0.1324748,-0.04352883,-0.02879731,-0.02726651,-0.1409974,-0.09045694,-0.09972559,-0.0915621,-0.03316914,-0.07753895,-0.103554,-0.02377562,-0.154292,-0.03806432,-0.06889736,-0.09254538,0.004500344,-0.05839729,-0.02749484,-0.02068098,-0.112706
rosette_DM,0.003556275,0.02094116,-0.1302423,-0.06229221,-0.0288086,-0.0318887,-0.01448409,0.02650455,0.09100025,0.08741495,-0.1247812,-0.1074189,0.05422687,0.04251077,-0.02285927,0.05291757,-0.01077524,0.002853408,-0.08413059,-0.1570375,-0.01288629,-0.09445867,-0.03536958,-0.01226741
ABA_96h_low_water_potential,-0.07512076,-0.07834974,-0.1149583,-0.2743374,-0.02585411,-0.1085979,-0.2035272,-0.1181566,-0.06232679,-0.09955547,-0.1306234,-0.1977193,-0.03494836,-0.1021775,-0.1355017,-0.1298737,-0.07305853,-0.04907564,0.009173695,-0.1877523,-0.06152659,-0.05619458,-0.06295435,-0.01697315
Oviposition_rate_eggs_female,0.2559046,0.2679948,0.2343712,0.1030966,0.251919,0.2058996,0.1411714,0.2278625,0.253511,0.274665,0.2259443,0.03387759,0.2731559,0.2482371,0.1226617,0.1829273,0.228061,0.2609882,0.1861058,-0.09988932,0.2350842,0.1916809,0.09020679,-0.009402836
Survival,-0.06738422,-0.04194617,-0.06281234,-0.03542616,-0.04931113,-0.02908709,-0.1989841,-0.05925996,-0.07348355,-0.06201585,0.03334807,-0.1179719,-0.05262662,0.001059487,-0.1787572,-0.1011802,-0.04869321,-0.03357172,0.04695427,-0.1952757,-0.0574732,-0.08148144,0.005452877,-0.08072489
A0,0.1890392,0.1326861,0.07233843,0.01955503,0.1478274,0.1209408,0.2328377,0.2213232,0.172349,0.1378192,0.1406567,0.06745191,0.1504308,0.1095839,0.2102154,0.2257275,0.1645152,0.1550139,0.0836644,0.05524938,0.1700205,0.1629112,0.07307402,0.05980422
drought_A0,0.3218359,0.3404216,0.1640775,0.1511888,0.3181333,0.2773222,0.255356,0.4076275,0.3332937,0.3060073,0.2254335,0.2064401,0.2952447,0.2905892,0.2836369,0.3686687,0.2753052,0.3573551,0.08931869,0.1461268,0.3482896,0.2849496,0.2289803,-0.02667291
drought_Fresh_Weight_28,0.2710968,0.3168361,0.1938217,0.1181192,0.2795488,0.2306684,0.1888776,0.3114394,0.2614146,0.2813796,0.1727168,0.1707923,0.2396955,0.2364453,0.2036571,0.2677475,0.2335419,0.2966152,0.2388899,0.05380893,0.2949856,0.2247058,0.2574556,0.06359671
drought_projected_leaf_area_day_11,0.06074575,0.09121891,0.07385815,0.06694494,0.05062483,0.02872018,0.07934463,0.05589577,0.05524713,0.0881135,0.06278114,0.1435084,0.02035206,0.03195919,0.07102122,0.04804925,0.04592034,0.04804041,0.2666228,0.1349064,0.07769982,0.04139719,0.2512369,0.07172784
drought_projected_leaf_area_day_14,0.1597028,0.2287322,0.1351494,0.09609755,0.1473767,0.1782488,0.1767621,0.2247476,0.1800085,0.2047781,0.09582586,0.1714969,0.1518035,0.1971009,0.1705746,0.202594,0.1381506,0.2057296,0.1795712,0.1219578,0.1787141,0.1474909,0.249328,0.02810305
drought_projected_leaf_area_day_16,0.3543312,0.3478467,0.2120198,0.1359185,0.3430286,0.2962446,0.2397883,0.3683679,0.3455676,0.3218812,0.224009,0.1862947,0.2948506,0.303185,0.2452727,0.3483817,0.3001972,0.3598539,0.2223677,0.06579094,0.3769408,0.2875595,0.2213864,0.1203722
drought_projected_leaf_area_day_18,0.2912704,0.3062318,0.1980247,0.1421825,0.2979552,0.2656224,0.2240398,0.3884942,0.2910206,0.2962446,0.2020736,0.2138485,0.2606006,0.2773957,0.2490094,0.3424637,0.2584443,0.3062681,0.1805976,0.1143586,0.331919,0.2542896,0.2760411,0.1230218
drought_projected_leaf_area_day_20,0.3381666,0.3396815,0.2508867,0.1350807,0.3284672,0.2828986,0.2495963,0.3882988,0.3316679,0.316948,0.2233983,0.1745797,0.2862499,0.2820957,0.2833606,0.3646552,0.2857539,0.3400619,0.2336718,0.07417595,0.359219,0.2855171,0.2902854,0.00929921
drought_projected_leaf_area_day_22,0.3142057,0.3272717,0.2421618,0.1192816,0.310772,0.2437012,0.1961479,0.3086782,0.2977607,0.287912,0.2418776,0.183418,0.2605104,0.2472428,0.2214703,0.2692295,0.2592386,0.3216056,0.2575527,0.08641282,0.3291515,0.2496349,0.1906571,0.004280472
drought_projected_leaf_area_day_24,0.2551117,0.2651039,0.1531085,0.10967,0.2584034,0.211628,0.1397562,0.2822836,0.2447287,0.2355254,0.1553608,0.1527917,0.2080172,0.2104049,0.1637102,0.2516094,0.2085115,0.2564491,0.1274387,0.07477824,0.2759496,0.2038484,0.2096709,0.0250449
drought_projected_leaf_area_day_25,0.2794404,0.3165941,0.2389506,0.1016452,0.2819771,0.230708,0.1874636,0.3314827,0.2661962,0.2791066,0.2033587,0.1644205,0.2297943,0.2376988,0.2085371,0.2725649,0.2369684,0.299233,0.2838367,0.04877236,0.308882,0.2283313,0.229078,0.0721888
drought_projected_leaf_area_day_26,0.2909062,0.3097072,0.2443981,0.1071685,0.2880137,0.2347623,0.1851304,0.3042779,0.2655057,0.2687666,0.1916131,0.1528162,0.2289771,0.2267073,0.211203,0.2722103,0.240616,0.2951183,0.2935908,0.03774636,0.3061874,0.233506,0.243779,0.01036251
drought_projected_leaf_area_day_27,0.3079447,0.3381791,0.2612207,0.1237076,0.3168955,0.2587657,0.2112711,0.3322854,0.2915836,0.304807,0.2149736,0.1774902,0.2647692,0.2637087,0.231722,0.3000325,0.2596631,0.3193193,0.2879575,0.0436241,0.3315522,0.2485913,0.2764752,0.04564828
drought_projected_leaf_area_day_28,0.3609645,0.3841271,0.3182116,0.1436867,0.3678377,0.2978811,0.2507815,0.3618635,0.3426789,0.352423,0.2679715,0.1906097,0.3139107,0.3022953,0.2765203,0.3276841,0.3067662,0.3689552,0.3083745,0.03662434,0.3845731,0.2894212,0.2579757,0.07985961
drought_projected_leaf_area_day_8,0.1609665,0.1736084,0.2149314,0.05439545,0.1372539,0.1285101,0.1176684,0.04696153,0.1466261,0.1749932,0.1617767,0.07814113,0.1185107,0.1474289,0.1334755,0.08670906,0.141187,0.1464062,0.1455573,0.0825196,0.1679525,0.1136839,0.1327585,0.1595083
drought_r,-0.1979287,-0.2658958,-0.04901999,-0.1063612,-0.2170242,-0.230233,-0.2200791,-0.2663586,-0.2631049,-0.2551727,-0.1826935,-0.1546817,-0.2554235,-0.2520638,-0.2382087,-0.2308584,-0.1809426,-0.2735358,0.09406426,-0.1112303,-0.2342901,-0.2235968,-0.05765388,-0.01322432
drought_Relative_Water_Content_24,-0.1121241,-0.09677312,0.02761288,-0.0003821836,-0.1187093,-0.01816872,-0.08908263,-0.08334207,-0.06276399,-0.05868267,0.0401421,-0.02686303,-0.05231244,-0.04583058,-0.08647308,-0.08677744,-0.09873484,-0.09393727,0.03739539,-0.09222169,-0.122983,-0.02728777,0.004935764,-0.05180317
drought_Water_Content_24,-0.08182312,-0.1157822,-0.1208788,0.04039955,-0.09735098,-0.02356869,-0.09043157,-0.1545653,-0.08987274,-0.1039503,-0.09691642,0.0823979,-0.0801358,-0.05525209,-0.08295182,-0.12252,-0.06658166,-0.08980611,0.03872722,0.02736355,-0.09572665,-0.03517396,0.1519534,-0.08001655
Fresh_Weight_28,0.1150483,0.1224146,0.2132385,-0.003788869,0.1903552,0.1210364,0.1150125,0.1774643,0.1236344,0.1101181,0.1546436,0.01630841,0.135113,0.1191404,0.1085127,0.140016,0.1061971,0.1290683,0.1124947,-0.0009918343,0.1785042,0.1208743,0.07525565,0.06440159
projected_leaf_area_day_11,0.3678241,0.3490806,0.3003582,0.1997465,0.3622683,0.3206269,0.3752613,0.2436857,0.3593358,0.3515858,0.3246637,0.2113403,0.3651469,0.3247831,0.3743932,0.2625147,0.3255044,0.351532,0.108341,0.2064035,0.3578112,0.3102811,0.1303718,0.04156275
projected_leaf_area_day_14,0.2066833,0.2162746,0.1627564,0.0821225,0.215525,0.1959044,0.1881129,0.1910086,0.2049373,0.2046932,0.1877194,0.0678516,0.2084999,0.1898681,0.1976767,0.1848558,0.1900678,0.2157991,0.03712553,0.09465633,0.2195492,0.1996056,0.007494711,-0.01008847
projected_leaf_area_day_16,0.2240638,0.214142,0.2208028,0.06138163,0.2319389,0.1876975,0.2187304,0.1930601,0.2135024,0.1975406,0.2100817,0.08238036,0.2147581,0.1809203,0.2100899,0.1820093,0.2013895,0.2217817,0.1459532,0.09056935,0.2314039,0.1977331,0.001663741,0.01198604
projected_leaf_area_day_18,0.1218053,0.1245291,0.1707847,0.03087997,0.1450781,0.1010831,0.1229707,0.1457279,0.1181965,0.116087,0.1520963,0.070169,0.1203793,0.09699157,0.1251756,0.1052778,0.1109687,0.1173878,0.1473396,0.1175925,0.146427,0.1165562,0.01498494,0.0316646
projected_leaf_area_day_20,0.1693939,0.1669942,0.177414,0.03779066,0.1971284,0.1464144,0.1679029,0.1922245,0.1681818,0.1664931,0.1806273,0.06551553,0.1756818,0.143982,0.1725347,0.1735484,0.1567448,0.1628599,0.1537416,0.07186055,0.1971896,0.1614082,0.05468204,0.05184226
projected_leaf_area_day_22,0.1832889,0.1793847,0.2514755,0.07043673,0.2074386,0.1608022,0.181842,0.1620488,0.1794778,0.1796723,0.2211475,0.09877811,0.1917289,0.1580377,0.1894854,0.1528089,0.1693873,0.1770705,0.1824634,0.103685,0.2059617,0.1747417,0.08531362,0.01954236
projected_leaf_area_day_24,0.1906456,0.1917991,0.2334774,0.06318789,0.2300328,0.1816988,0.2028199,0.2275104,0.1925359,0.1925184,0.2189678,0.08895835,0.2060601,0.1720851,0.2063663,0.1805427,0.1715693,0.1862079,0.2086122,0.08903434,0.2223612,0.1925243,0.1205736,0.007842383
projected_leaf_area_day_25,0.1589429,0.1701843,0.2518511,0.05950091,0.2225571,0.1691922,0.1675853,0.2435121,0.1708009,0.1709281,0.227818,0.09213817,0.1956415,0.161406,0.1747899,0.1876401,0.1496745,0.1730639,0.1878472,0.08422091,0.2122771,0.1774577,0.09514508,0.02699002
projected_leaf_area_day_26,0.1385694,0.1333301,0.2344797,0.04979252,0.1739854,0.1173529,0.139688,0.1841071,0.1317963,0.133395,0.19893,0.06065424,0.143465,0.1134798,0.1451226,0.1288199,0.123865,0.1248777,0.2056888,0.09799309,0.1656573,0.1306503,0.09791927,0.02093038
projected_leaf_area_day_27,0.1343551,0.1346123,0.2559651,0.06047487,0.1816519,0.1216181,0.1261526,0.1679794,0.132701,0.1323033,0.1882322,0.06906166,0.1464328,0.12002,0.1359398,0.1214409,0.1215898,0.129946,0.1832006,0.1055974,0.1717076,0.1298243,0.08691838,0.007070407
projected_leaf_area_day_28,0.2453357,0.2723334,0.2869889,0.1127169,0.2927871,0.2198001,0.2118411,0.246996,0.2398886,0.2696632,0.2731537,0.1337485,0.2608432,0.2155161,0.2162696,0.1823358,0.2195529,0.2395963,0.2006593,0.1311574,0.2765073,0.2264987,0.1308454,-0.005748324
projected_leaf_area_day_8,-0.02037901,-0.002424013,-0.01780348,-0.02693075,-0.01572684,-0.07315834,0.04113717,-0.05081402,-0.01248203,0.00094591,-0.03526405,-0.05388891,0.008621776,-0.05182599,0.02541398,-0.01929162,-0.01106622,-0.00877812,-0.1070686,0.06077919,-0.03151275,-0.04677576,-0.03469543,-0.01454506
r,-0.103359,-0.120384,0.1098302,0.07111569,-0.09450728,-0.1037407,-0.165592,-0.1441475,-0.1101641,-0.1223473,-0.0247554,0.03175403,-0.1220292,-0.1061598,-0.1407549,-0.1570248,-0.1042434,-0.1184873,0.03521262,0.1261322,-0.09731029,-0.1041686,0.05303334,-0.1092999
Relative_Water_Content_24,-0.2607788,-0.2946441,-0.1211538,-0.04884532,-0.3004529,-0.1923468,-0.149674,-0.3091137,-0.2480875,-0.2792401,-0.1650913,-0.08788673,-0.2478357,-0.2170431,-0.1682237,-0.2454237,-0.2323009,-0.2692408,-0.04290806,-0.02308932,-0.306307,-0.2106759,-0.1166097,-0.09853035
Water_Content_24,-0.1525754,-0.196763,-0.06149747,0.06887299,-0.1457531,-0.07240538,-0.09228634,-0.06913253,-0.1525271,-0.1999837,-0.07298507,0.085272,-0.1607697,-0.1172798,-0.1264843,-0.1618929,-0.1418527,-0.1606497,0.01132675,0.2131925,-0.1480364,-0.09371311,0.1933587,-0.06043348
drought_index,-0.01462607,-0.02088015,0.04225312,0.06831178,-0.02133321,-0.009108724,0.032227,0.07721465,-0.01327414,-0.002327831,0.1117568,0.0525677,-0.006979577,-0.01624873,0.05051646,0.08125265,-0.002089317,-0.02128603,0.05628876,0.09671381,-0.01415842,-0.0366015,-0.00214765,0.06651835
Survival_insitu_Madrid,0.00591501,0.000849769,0.6055054,0.2081734,0.05152559,0.07443582,0.1318576,0.09258848,-0.01499289,-0.02988054,0.7241437,0.2244917,0.02053194,0.03529133,0.1100476,0.07243376,0.01781432,0.02615245,0.5250738,0.2036917,0.02752104,0.05302986,0.007502915,-0.008489691
Survival_insitu_Tubingen,-0.003203134,0.02156491,0.04463843,0.0611749,0.1720585,0.06876848,0.01053554,-0.0468875,-0.0150936,-0.01992558,0.08794751,-0.006442729,0.1690562,0.05863577,0.01289012,-0.02586143,0.008018844,0.04282706,0.04325386,-0.009226382,0.00290496,0.1010624,-0.03298499,0.02590822
Pi_uptake_under_Pi_deficient_conditions,-0.03713553,-0.07159957,-0.1427061,0.4158929,-0.08895493,-0.02857756,-0.0610349,-0.07859241,-0.02689315,-0.08455893,-0.06807614,0.3149747,-0.1299114,-0.02206379,-0.08761048,0.06905567,-0.09016359,-0.08284057,-0.2203372,0.2242946,-0.06470491,-0.09238443,-0.0767095,0.3299717
Pi_uptake_under_Pi_sufficient_conditions,-0.1320367,-0.1786689,-0.1419763,0.3411332,-0.2296826,-0.1808628,-0.2598462,-0.05774677,-0.1494752,-0.2039637,-0.1567322,0.2796472,-0.2451635,-0.179751,-0.2602167,0.01696619,-0.1737335,-0.2036202,-0.2478241,0.1924895,-0.2172329,-0.1957469,-0.183747,0.3608586
