paper	phenotype	pheno_cat_nat_hist	phenotype-noduplicate	numaccessions	phenotypecategory	stressstrategy
Mena_Delgado_AnnBot_2011_PID_21447490	Cotyledon_area	development/growth	Cotyledon_area	40	Development	Avoidance
Mena_Delgado_AnnBot_2011_PID_21447490	First_leaf_area	development/growth	First_leaf_area	40	Development	Avoidance
Mena_Delgado_AnnBot_2011_PID_21447490	LA_vs_CA	development/growth	LA_vs_CA	40	Development	Avoidance
Mena_Delgado_AnnBot_2011_PID_21447490	Pavement_cell_density_in_cotyledon	epidermis/stomata	Pavement_cell_density_in_cotyledon	55	Development	Avoidance
Mena_Delgado_AnnBot_2011_PID_21447490	Pavement_cell_density_in_first_leaf	epidermis/stomata	Pavement_cell_density_in_first_leaf	55	Development	Avoidance
Mena_Delgado_AnnBot_2011_PID_21447490	PDL_vs_PDC	epidermis/stomata	PDL_vs_PDC	55	Development	Avoidance
Mena_Delgado_AnnBot_2011_PID_21447490	SDL_vs_SDC	epidermis/stomata	SDL_vs_SDC	55	Development	Avoidance
Mena_Delgado_AnnBot_2011_PID_21447490	SIL_vs_SIC	epidermis/stomata	SIL_vs_SIC	55	Development	Avoidance
Mena_Delgado_AnnBot_2011_PID_21447490	Stomatal_density_in_cotyledon	epidermis/stomata	Stomatal_density_in_cotyledon	55	Development	Avoidance
Mena_Delgado_AnnBot_2011_PID_21447490	Stomatal_density_in_first_leaf	epidermis/stomata	Stomatal_density_in_first_leaf	55	Development	Avoidance
Mena_Delgado_AnnBot_2011_PID_21447490	Stomatal_index_in_cotyledon	epidermis/stomata	Stomatal_index_in_cotyledon	55	Development	Avoidance
Mena_Delgado_AnnBot_2011_PID_21447490	Stomatal_index_in_first_leaf	epidermis/stomata	Stomatal_index_in_first_leaf	55	Development	Avoidance
Ludewig_Chen_FronPlaSci_2016_PID_27507976	Fe_minus		Fe_minus	70	Development	Avoidance
Inze_Clauw_PlantCell_2016_PID_27729396	LeafAreaProliferation_well_watered	rosette_morph	LeafAreaProliferation_well_watered	70	Development	Avoidance
Ludewig_Chen_FronPlaSci_2016_PID_27507976	Zn_minus		Zn_minus	70	Development	Avoidance
Ludewig_Chen_FronPlaSci_2016_PID_27507976	Mn_minus		Mn_minus	71	Development	Avoidance
Inze_Clauw_PlantCell_2016_PID_27729396	LeafAreaProliferation_mild_drought	rosette_morph	LeafAreaProliferation_mild_drought	72	Development	Avoidance
Ludewig_Chen_FronPlaSci_2016_PID_27507976	Mn_plus		Mn_plus	75	Development	Avoidance
Ludewig_Chen_FronPlaSci_2016_PID_27507976	Fe_plus		Fe_plus	76	Development	Avoidance
Ludewig_Chen_FronPlaSci_2016_PID_27507976	Zn_plus		Zn_plus	76	Development	Avoidance
Birnbaum_Gifford_PlosGen_201399e1003760_PID_24039603	LB_vs_PR_DhighN_vs_lowN	root_architecture	LB_vs_PR_DhighN_vs_lowN	82	Development	Avoidance
Birnbaum_Gifford_PlosGen_201399e1003760_PID_24039603	LB_vs_PR_highN	root_architecture	LB_vs_PR_highN	82	Development	Avoidance
Birnbaum_Gifford_PlosGen_201399e1003760_PID_24039603	LB_vs_PR_lowN	root_architecture	LB_vs_PR_lowN	82	Development	Avoidance
Birnbaum_Gifford_PlosGen_201399e1003760_PID_24039603	LR_count_DhighN_vs_lowN	root_architecture	LR_count_DhighN_vs_lowN	82	Development	Avoidance
Birnbaum_Gifford_PlosGen_201399e1003760_PID_24039603	LR_count_highN	root_architecture	LR_count_highN	82	Development	Avoidance
Birnbaum_Gifford_PlosGen_201399e1003760_PID_24039603	LR_count_lowN	root_architecture	LR_count_lowN	82	Development	Avoidance
Birnbaum_Gifford_PlosGen_201399e1003760_PID_24039603	LRdensity_DhighN_vs_lowN	root_architecture	LRdensity_DhighN_vs_lowN	82	Development	Avoidance
Birnbaum_Gifford_PlosGen_201399e1003760_PID_24039603	LRdensity_highN	root_architecture	LRdensity_highN	82	Development	Avoidance
Birnbaum_Gifford_PlosGen_201399e1003760_PID_24039603	LRdensity_lowN	root_architecture	LRdensity_lowN	82	Development	Avoidance
Birnbaum_Gifford_PlosGen_201399e1003760_PID_24039603	LRlengthave_DhighN_vs_lowN	root_architecture	LRlengthave_DhighN_vs_lowN	82	Development	Avoidance
Birnbaum_Gifford_PlosGen_201399e1003760_PID_24039603	LRlengthave_highN	root_architecture	LRlengthave_highN	82	Development	Avoidance
Birnbaum_Gifford_PlosGen_201399e1003760_PID_24039603	LRlengthave_lowN	root_architecture	LRlengthave_lowN	82	Development	Avoidance
Birnbaum_Gifford_PlosGen_201399e1003760_PID_24039603	LRtot_DhighN_vs_lowN	root_architecture	LRtot_DhighN_vs_lowN	82	Development	Avoidance
Birnbaum_Gifford_PlosGen_201399e1003760_PID_24039603	LRtot_highN	root_architecture	LRtot_highN	82	Development	Avoidance
Birnbaum_Gifford_PlosGen_201399e1003760_PID_24039603	LRtot_lowN	root_architecture	LRtot_lowN	82	Development	Avoidance
Birnbaum_Gifford_PlosGen_201399e1003760_PID_24039603	PR_DhighN_vs_lowN	root_architecture	PR_DhighN_vs_lowN	82	Development	Avoidance
Birnbaum_Gifford_PlosGen_201399e1003760_PID_24039603	PR_highN	root_architecture	PR_highN	82	Development	Avoidance
Birnbaum_Gifford_PlosGen_201399e1003760_PID_24039603	PR_lowN	root_architecture	PR_lowN	82	Development	Avoidance
Birnbaum_Gifford_PlosGen_201399e1003760_PID_24039603	PR_plus_LRtot_DhighN_vs_lowN	root_architecture	PR_plus_LRtot_DhighN_vs_lowN	82	Development	Avoidance
Birnbaum_Gifford_PlosGen_201399e1003760_PID_24039603	PR_plus_LRtot_highN	root_architecture	PR_plus_LRtot_highN	82	Development	Avoidance
Birnbaum_Gifford_PlosGen_201399e1003760_PID_24039603	PR_plus_LRtot_lowN	root_architecture	PR_plus_LRtot_lowN	82	Development	Avoidance
Birnbaum_Gifford_PlosGen_201399e1003760_PID_24039603	SA_DhighN_vs_lowN	root_architecture	SA_DhighN_vs_lowN	82	Development	Avoidance
Birnbaum_Gifford_PlosGen_201399e1003760_PID_24039603	SA_highN	root_architecture	SA_highN	82	Development	Avoidance
Birnbaum_Gifford_PlosGen_201399e1003760_PID_24039603	SA_lowN	root_architecture	SA_lowN	82	Development	Avoidance
Birnbaum_Gifford_PlosGen_201399e1003760_PID_24039603	SA_to_PR_DhighN_vs_lowN	root_architecture	SA_to_PR_DhighN_vs_lowN	82	Development	Avoidance
Birnbaum_Gifford_PlosGen_201399e1003760_PID_24039603	SA_to_PR_highN	root_architecture	SA_to_PR_highN	82	Development	Avoidance
Birnbaum_Gifford_PlosGen_201399e1003760_PID_24039603	SA_to_PR_lowN	root_architecture	SA_to_PR_lowN	82	Development	Avoidance
Nordborg_Atwell_Nature_2010_PID_20336072	44_Hypocotyl_length	development/growth	44_Hypocotyl_length	89	Development	Avoidance
Inze_Clauw_PlantCell_2016_PID_27729396	LeafAreaMaturityCell_mild_drought	epidermis/stomata	LeafAreaMaturityCell_mild_drought	91	Development	Avoidance
Inze_Clauw_PlantCell_2016_PID_27729396	PavementCellArea_mild_drought	epidermis/stomata	PavementCellArea_mild_drought	91	Development	Avoidance
Inze_Clauw_PlantCell_2016_PID_27729396	PavementCellNumber_mild_drought	epidermis/stomata	PavementCellNumber_mild_drought	91	Development	Avoidance
Inze_Clauw_PlantCell_2016_PID_27729396	StomatalIndex_mild_drought	epidermis/stomata	StomatalIndex_mild_drought	91	Development	Avoidance
Inze_Clauw_PlantCell_2016_PID_27729396	LeafAreaMaturityCell_well_watered	epidermis/stomata	LeafAreaMaturityCell_well_watered	92	Development	Avoidance
Inze_Clauw_PlantCell_2016_PID_27729396	PavementCellArea_well_watered	epidermis/stomata	PavementCellArea_well_watered	92	Development	Avoidance
Inze_Clauw_PlantCell_2016_PID_27729396	PavementCellNumber_well_watered	epidermis/stomata	PavementCellNumber_well_watered	92	Development	Avoidance
Inze_Clauw_PlantCell_2016_PID_27729396	StomatalIndex_well_watered	epidermis/stomata	StomatalIndex_well_watered	92	Development	Avoidance
Balasubramanian_Sanchez-Bermejo_PlantPhys_2015_PID_26195568	HL23_mm_		HL23_mm_	93	Development	Avoidance
Balasubramanian_Sanchez-Bermejo_PlantPhys_2015_PID_26195568	HL27_mm_		HL27_mm_	93	Development	Avoidance
Inze_Clauw_PlantCell_2016_PID_27729396	LeafAreaMaturity_mild_drought	rosette_morph	LeafAreaMaturity_mild_drought	93	Development	Avoidance
Inze_Clauw_PlantCell_2016_PID_27729396	LeafAreaMaturity_well_watered	rosette_morph	LeafAreaMaturity_well_watered	93	Development	Avoidance
Inze_Clauw_PlantCell_2016_PID_27729396	RosetteArea_mild_drought	rosette_morph	RosetteArea_mild_drought	93	Development	Avoidance
Inze_Clauw_PlantCell_2016_PID_27729396	RosetteArea_well_watered	rosette_morph	RosetteArea_well_watered	93	Development	Avoidance
Balasubramanian_Sanchez-Bermejo_PlantPhys_2015_PID_26195568	SensHL		SensHL	93	Development	Avoidance
Balasubramanian_Sanchez-Bermejo_PlantPhys_2015_PID_26195568	VarTemp		VarTemp	93	Development	Avoidance
Nordborg_Atwell_Nature_2010_PID_20336072	71_Trichome_avg_C	rosette_morph	71_Trichome_avg_C	94	Development	Avoidance
Nordborg_Atwell_Nature_2010_PID_20336072	77_Trichome_avg_JA	rosette_morph	77_Trichome_avg_JA	94	Development	Avoidance
Nordborg_Atwell_Nature_2010_PID_20336072	23_FW	development/growth	23_FW	95	Development	Avoidance
Nordborg_Atwell_Nature_2010_PID_20336072	79_Silique_16	fitness	79_Silique_16	95	Development	Avoidance
Nordborg_Atwell_Nature_2010_PID_20336072	93_DW	development/growth	93_DW	95	Development	Avoidance
Nordborg_Atwell_Nature_2010_PID_20336072	96_Silique_22	fitness	96_Silique_22	95	Development	Avoidance
Busch_Satbhai_NatCommun_2017_PID_28537266	292_Root_length_Day_4	root_architecture	292_Root_length_Day_4	126	Development	Avoidance
Nordborg_Long_NatGen_2013_PID_23793030	DNA_content_mean		DNA_content_mean	129	Development	Avoidance
Busch_Satbhai_NatCommun_2017_PID_28537266	293_Root_length_Day_5	root_architecture	293_Root_length_Day_5	131	Development	Avoidance
Busch_Satbhai_NatCommun_2017_PID_28537266	291_Root_length_Day_3	root_architecture	291_Root_length_Day_3	132	Development	Avoidance
Koyama_Sadhukhan_MolPlant_2017_PID_28712931	Relative_root_length	root_architecture	Relative_root_length	132	Development	Avoidance
Busch_Satbhai_NatCommun_2017_PID_28537266	289_Root_length_Day_1	root_architecture	289_Root_length_Day_1	133	Development	Avoidance
Busch_Satbhai_NatCommun_2017_PID_28537266	290_Root_length_Day_2	root_architecture	290_Root_length_Day_2	134	Development	Avoidance
Ludewig_Stetter_PlosOne_2015_PID_25781967	density_deficiency		density_deficiency	139	Development	Avoidance
Ludewig_Stetter_PlosOne_2015_PID_25781967	denstiy_control		denstiy_control	139	Development	Avoidance
Ludewig_Stetter_PlosOne_2015_PID_25781967	length_control		length_control	139	Development	Avoidance
Ludewig_Stetter_PlosOne_2015_PID_25781967	length_deficiency		length_deficiency	139	Development	Avoidance
Testerink_Julkowska_JExpBot_2016_PID_26873976	CHLc_2013	development/growth	CHLc_2013	143	Development	Avoidance
Testerink_Julkowska_JExpBot_2016_PID_26873976	CHLr_2013	development/growth	CHLr_2013	143	Development	Avoidance
Testerink_Julkowska_JExpBot_2016_PID_26873976	CHLs_2013	development/growth	CHLs_2013	144	Development	Avoidance
Testerink_Julkowska_JExpBot_2016_PID_26873976	ANGc_2013	development/growth	ANGc_2013	147	Development	Avoidance
Testerink_Julkowska_JExpBot_2016_PID_26873976	ANGLEr_2013	development/growth	ANGLEr_2013	147	Development	Avoidance
Testerink_Julkowska_JExpBot_2016_PID_26873976	ANGs_2013	development/growth	ANGs_2013	147	Development	Avoidance
Testerink_Julkowska_JExpBot_2016_PID_26873976	AREAc_2013	development/growth	AREAc_2013	147	Development	Avoidance
Testerink_Julkowska_JExpBot_2016_PID_26873976	AREAr_2013	development/growth	AREAr_2013	147	Development	Avoidance
Testerink_Julkowska_JExpBot_2016_PID_26873976	AREAs_2013	development/growth	AREAs_2013	147	Development	Avoidance
Hills_Shahzad_PlantPhys_2018_PID_29895611	AZL		AZL	147	Development	Avoidance
Hills_Shahzad_PlantPhys_2018_PID_29895611	BsZL		BsZL	147	Development	Avoidance
Hills_Shahzad_PlantPhys_2018_PID_29895611	BZL		BZL	147	Development	Avoidance
Testerink_Julkowska_JExpBot_2016_PID_26873976	DWc_2013	development/growth	DWc_2013	147	Development	Avoidance
Testerink_Julkowska_JExpBot_2016_PID_26873976	DWr_2013	development/growth	DWr_2013	147	Development	Avoidance
Testerink_Julkowska_JExpBot_2016_PID_26873976	DWs_2013	development/growth	DWs_2013	147	Development	Avoidance
Testerink_Julkowska_JExpBot_2016_PID_26873976	FWc_2013	development/growth	FWc_2013	147	Development	Avoidance
Testerink_Julkowska_JExpBot_2016_PID_26873976	FWr_2013	development/growth	FWr_2013	147	Development	Avoidance
Testerink_Julkowska_JExpBot_2016_PID_26873976	FWs_2013	development/growth	FWs_2013	147	Development	Avoidance
Hills_Shahzad_PlantPhys_2018_PID_29895611	LRA		LRA	147	Development	Avoidance
Hills_Shahzad_PlantPhys_2018_PID_29895611	LRD.BZ		LRD.BZ	147	Development	Avoidance
Hills_Shahzad_PlantPhys_2018_PID_29895611	LRD.MR		LRD.MR	147	Development	Avoidance
Hills_Shahzad_PlantPhys_2018_PID_29895611	LRL		LRL	147	Development	Avoidance
Hills_Shahzad_PlantPhys_2018_PID_29895611	LRL_0_25		LRL_0_25	147	Development	Avoidance
Hills_Shahzad_PlantPhys_2018_PID_29895611	LRN		LRN	147	Development	Avoidance
Hills_Shahzad_PlantPhys_2018_PID_29895611	LRS		LRS	147	Development	Avoidance
Hills_Shahzad_PlantPhys_2018_PID_29895611	LRS_0_25		LRS_0_25	147	Development	Avoidance
Hills_Shahzad_PlantPhys_2018_PID_29895611	MRA		MRA	147	Development	Avoidance
Hills_Shahzad_PlantPhys_2018_PID_29895611	MRL		MRL	147	Development	Avoidance
Hills_Shahzad_PlantPhys_2018_PID_29895611	MRV		MRV	147	Development	Avoidance
Hills_Shahzad_PlantPhys_2018_PID_29895611	OAD		OAD	147	Development	Avoidance
Hills_Shahzad_PlantPhys_2018_PID_29895611	TRS		TRS	147	Development	Avoidance
Testerink_Julkowska_JExpBot_2016_PID_26873976	Fresh_per_dry500_2012	development/growth	Fresh_per_dry500_2012	155	Development	Avoidance
Testerink_Julkowska_JExpBot_2016_PID_26873976	Dry0_2012	development/growth	Dry0_2012	156	Development	Avoidance
Testerink_Julkowska_JExpBot_2016_PID_26873976	Dry500_2012	development/growth	Dry500_2012	156	Development	Avoidance
Testerink_Julkowska_JExpBot_2016_PID_26873976	Dry500p0_2012	development/growth	Dry500p0_2012	156	Development	Avoidance
Testerink_Julkowska_JExpBot_2016_PID_26873976	Fresh_min_Dry0_2012	development/growth	Fresh_min_Dry0_2012	156	Development	Avoidance
Testerink_Julkowska_JExpBot_2016_PID_26873976	Fresh_min_Dry500_2012	development/growth	Fresh_min_Dry500_2012	156	Development	Avoidance
Testerink_Julkowska_JExpBot_2016_PID_26873976	Fresh_per_Dry0_2012	development/growth	Fresh_per_Dry0_2012	156	Development	Avoidance
Testerink_Julkowska_JExpBot_2016_PID_26873976	Fresh0_2012	development/growth	Fresh0_2012	156	Development	Avoidance
Testerink_Julkowska_JExpBot_2016_PID_26873976	Fresh500_2012	development/growth	Fresh500_2012	156	Development	Avoidance
Testerink_Julkowska_JExpBot_2016_PID_26873976	Fresh500p0_2012	development/growth	Fresh500p0_2012	156	Development	Avoidance
Testerink_Julkowska_JExpBot_2016_PID_26873976	Surf0_2012	development/growth	Surf0_2012	156	Development	Avoidance
Testerink_Julkowska_JExpBot_2016_PID_26873976	Surf500_2012	development/growth	Surf500_2012	156	Development	Avoidance
Testerink_Julkowska_JExpBot_2016_PID_26873976	Surf500p0_2012	development/growth	Surf500p0_2012	156	Development	Avoidance
Testerink_Julkowska_JExpBot_2016_PID_26873976	WC500p0_2012	development/growth	WC500p0_2012	156	Development	Avoidance
Busch_Slovak_PlantCell_2014_PID_24920330	Relative_root_growth_rate_day001.day002	root_architecture	Relative_root_growth_rate_day001.day002	162	Development	Avoidance
Busch_Slovak_PlantCell_2014_PID_24920330	Root_growth_rate_day001.day002	root_architecture	Root_growth_rate_day001.day002	162	Development	Avoidance
Busch_Slovak_PlantCell_2014_PID_24920330	Average_root_width_avg	root_architecture	Average_root_width_avg	163	Development	Avoidance
Busch_Slovak_PlantCell_2014_PID_24920330	Average_root_width_day001	root_architecture	Average_root_width_day001	163	Development	Avoidance
Busch_Slovak_PlantCell_2014_PID_24920330	Average_root_width_day002	root_architecture	Average_root_width_day002	163	Development	Avoidance
Busch_Slovak_PlantCell_2014_PID_24920330	Average_root_width_day003	root_architecture	Average_root_width_day003	163	Development	Avoidance
Busch_Slovak_PlantCell_2014_PID_24920330	Average_root_width_day004	root_architecture	Average_root_width_day004	163	Development	Avoidance
Busch_Slovak_PlantCell_2014_PID_24920330	Average_root_width_day005	root_architecture	Average_root_width_day005	163	Development	Avoidance
Busch_Slovak_PlantCell_2014_PID_24920330	Euclidian_length_day001		Euclidian_length_day001	163	Development	Avoidance
Busch_Slovak_PlantCell_2014_PID_24920330	Euclidian_length_day002		Euclidian_length_day002	163	Development	Avoidance
Busch_Slovak_PlantCell_2014_PID_24920330	Euclidian_length_day003		Euclidian_length_day003	163	Development	Avoidance
Busch_Slovak_PlantCell_2014_PID_24920330	Euclidian_length_day004		Euclidian_length_day004	163	Development	Avoidance
Busch_Slovak_PlantCell_2014_PID_24920330	Euclidian_length_day005		Euclidian_length_day005	163	Development	Avoidance
Busch_Slovak_PlantCell_2014_PID_24920330	Relative_root_growth_rate_avg	root_architecture	Relative_root_growth_rate_avg	163	Development	Avoidance
Busch_Slovak_PlantCell_2014_PID_24920330	Relative_root_growth_rate_day002.day003	root_architecture	Relative_root_growth_rate_day002.day003	163	Development	Avoidance
Busch_Slovak_PlantCell_2014_PID_24920330	Relative_root_growth_rate_day003.day004	root_architecture	Relative_root_growth_rate_day003.day004	163	Development	Avoidance
Busch_Slovak_PlantCell_2014_PID_24920330	Relative_root_growth_rate_day004.day005	root_architecture	Relative_root_growth_rate_day004.day005	163	Development	Avoidance
Busch_Slovak_PlantCell_2014_PID_24920330	Root_angle_avg	root_architecture	Root_angle_avg	163	Development	Avoidance
Busch_Slovak_PlantCell_2014_PID_24920330	Root_angle_day001	root_architecture	Root_angle_day001	163	Development	Avoidance
Busch_Slovak_PlantCell_2014_PID_24920330	Root_angle_day002	root_architecture	Root_angle_day002	163	Development	Avoidance
Busch_Slovak_PlantCell_2014_PID_24920330	Root_angle_day003	root_architecture	Root_angle_day003	163	Development	Avoidance
Busch_Slovak_PlantCell_2014_PID_24920330	Root_angle_day004	root_architecture	Root_angle_day004	163	Development	Avoidance
Busch_Slovak_PlantCell_2014_PID_24920330	Root_angle_day005	root_architecture	Root_angle_day005	163	Development	Avoidance
Busch_Slovak_PlantCell_2014_PID_24920330	Root_directional_equivalent_avg	root_architecture	Root_directional_equivalent_avg	163	Development	Avoidance
Busch_Slovak_PlantCell_2014_PID_24920330	Root_directional_equivalent_day001	root_architecture	Root_directional_equivalent_day001	163	Development	Avoidance
Busch_Slovak_PlantCell_2014_PID_24920330	Root_directional_equivalent_day002	root_architecture	Root_directional_equivalent_day002	163	Development	Avoidance
Busch_Slovak_PlantCell_2014_PID_24920330	Root_directional_equivalent_day003	root_architecture	Root_directional_equivalent_day003	163	Development	Avoidance
Busch_Slovak_PlantCell_2014_PID_24920330	Root_directional_equivalent_day004	root_architecture	Root_directional_equivalent_day004	163	Development	Avoidance
Busch_Slovak_PlantCell_2014_PID_24920330	Root_directional_equivalent_day005	root_architecture	Root_directional_equivalent_day005	163	Development	Avoidance
Busch_Slovak_PlantCell_2014_PID_24920330	Root_growth_rate_avg	root_architecture	Root_growth_rate_avg	163	Development	Avoidance
Busch_Slovak_PlantCell_2014_PID_24920330	Root_growth_rate_day002.day003	root_architecture	Root_growth_rate_day002.day003	163	Development	Avoidance
Busch_Slovak_PlantCell_2014_PID_24920330	Root_growth_rate_day003.day004	root_architecture	Root_growth_rate_day003.day004	163	Development	Avoidance
Busch_Slovak_PlantCell_2014_PID_24920330	Root_growth_rate_day004.day005	root_architecture	Root_growth_rate_day004.day005	163	Development	Avoidance
Busch_Slovak_PlantCell_2014_PID_24920330	Root_horizontal_index_avg	root_architecture	Root_horizontal_index_avg	163	Development	Avoidance
Busch_Slovak_PlantCell_2014_PID_24920330	Root_horizontal_index_day001	root_architecture	Root_horizontal_index_day001	163	Development	Avoidance
Busch_Slovak_PlantCell_2014_PID_24920330	Root_horizontal_index_day002	root_architecture	Root_horizontal_index_day002	163	Development	Avoidance
Busch_Slovak_PlantCell_2014_PID_24920330	Root_horizontal_index_day003	root_architecture	Root_horizontal_index_day003	163	Development	Avoidance
Busch_Slovak_PlantCell_2014_PID_24920330	Root_horizontal_index_day004	root_architecture	Root_horizontal_index_day004	163	Development	Avoidance
Busch_Slovak_PlantCell_2014_PID_24920330	Root_horizontal_index_day005	root_architecture	Root_horizontal_index_day005	163	Development	Avoidance
Busch_Slovak_PlantCell_2014_PID_24920330	Root_linearity_avg	root_architecture	Root_linearity_avg	163	Development	Avoidance
Busch_Slovak_PlantCell_2014_PID_24920330	Root_linearity_day001	root_architecture	Root_linearity_day001	163	Development	Avoidance
Busch_Slovak_PlantCell_2014_PID_24920330	Root_linearity_day002	root_architecture	Root_linearity_day002	163	Development	Avoidance
Busch_Slovak_PlantCell_2014_PID_24920330	Root_linearity_day003	root_architecture	Root_linearity_day003	163	Development	Avoidance
Busch_Slovak_PlantCell_2014_PID_24920330	Root_linearity_day004	root_architecture	Root_linearity_day004	163	Development	Avoidance
Busch_Slovak_PlantCell_2014_PID_24920330	Root_linearity_day005	root_architecture	Root_linearity_day005	163	Development	Avoidance
Busch_Slovak_PlantCell_2014_PID_24920330	Root_tortuosity_avg	root_architecture	Root_tortuosity_avg	163	Development	Avoidance
Busch_Slovak_PlantCell_2014_PID_24920330	Root_tortuosity_day001	root_architecture	Root_tortuosity_day001	163	Development	Avoidance
Busch_Slovak_PlantCell_2014_PID_24920330	Root_tortuosity_day002	root_architecture	Root_tortuosity_day002	163	Development	Avoidance
Busch_Slovak_PlantCell_2014_PID_24920330	Root_tortuosity_day003	root_architecture	Root_tortuosity_day003	163	Development	Avoidance
Busch_Slovak_PlantCell_2014_PID_24920330	Root_tortuosity_day004	root_architecture	Root_tortuosity_day004	163	Development	Avoidance
Busch_Slovak_PlantCell_2014_PID_24920330	Root_tortuosity_day005	root_architecture	Root_tortuosity_day005	163	Development	Avoidance
Busch_Slovak_PlantCell_2014_PID_24920330	Root_vertical_index_avg	root_architecture	Root_vertical_index_avg	163	Development	Avoidance
Busch_Slovak_PlantCell_2014_PID_24920330	Root_vertical_index_day001	root_architecture	Root_vertical_index_day001	163	Development	Avoidance
Busch_Slovak_PlantCell_2014_PID_24920330	Root_vertical_index_day002	root_architecture	Root_vertical_index_day002	163	Development	Avoidance
Busch_Slovak_PlantCell_2014_PID_24920330	Root_vertical_index_day003	root_architecture	Root_vertical_index_day003	163	Development	Avoidance
Busch_Slovak_PlantCell_2014_PID_24920330	Root_vertical_index_day004	root_architecture	Root_vertical_index_day004	163	Development	Avoidance
Busch_Slovak_PlantCell_2014_PID_24920330	Root_vertical_index_day005	root_architecture	Root_vertical_index_day005	163	Development	Avoidance
Busch_Slovak_PlantCell_2014_PID_24920330	Root_width_100_avg	root_architecture	Root_width_100_avg	163	Development	Avoidance
Busch_Slovak_PlantCell_2014_PID_24920330	Root_width_100_day001	root_architecture	Root_width_100_day001	163	Development	Avoidance
Busch_Slovak_PlantCell_2014_PID_24920330	Root_width_100_day002	root_architecture	Root_width_100_day002	163	Development	Avoidance
Busch_Slovak_PlantCell_2014_PID_24920330	Root_width_100_day003	root_architecture	Root_width_100_day003	163	Development	Avoidance
Busch_Slovak_PlantCell_2014_PID_24920330	Root_width_100_day004	root_architecture	Root_width_100_day004	163	Development	Avoidance
Busch_Slovak_PlantCell_2014_PID_24920330	Root_width_100_day005	root_architecture	Root_width_100_day005	163	Development	Avoidance
Busch_Slovak_PlantCell_2014_PID_24920330	Root_width_20_avg	root_architecture	Root_width_20_avg	163	Development	Avoidance
Busch_Slovak_PlantCell_2014_PID_24920330	Root_width_20_day001	root_architecture	Root_width_20_day001	163	Development	Avoidance
Busch_Slovak_PlantCell_2014_PID_24920330	Root_width_20_day002	root_architecture	Root_width_20_day002	163	Development	Avoidance
Busch_Slovak_PlantCell_2014_PID_24920330	Root_width_20_day003	root_architecture	Root_width_20_day003	163	Development	Avoidance
Busch_Slovak_PlantCell_2014_PID_24920330	Root_width_20_day004	root_architecture	Root_width_20_day004	163	Development	Avoidance
Busch_Slovak_PlantCell_2014_PID_24920330	Root_width_20_day005	root_architecture	Root_width_20_day005	163	Development	Avoidance
Busch_Slovak_PlantCell_2014_PID_24920330	Root_width_40_avg	root_architecture	Root_width_40_avg	163	Development	Avoidance
Busch_Slovak_PlantCell_2014_PID_24920330	Root_width_40_day001	root_architecture	Root_width_40_day001	163	Development	Avoidance
Busch_Slovak_PlantCell_2014_PID_24920330	Root_width_40_day002	root_architecture	Root_width_40_day002	163	Development	Avoidance
Busch_Slovak_PlantCell_2014_PID_24920330	Root_width_40_day003	root_architecture	Root_width_40_day003	163	Development	Avoidance
Busch_Slovak_PlantCell_2014_PID_24920330	Root_width_40_day004	root_architecture	Root_width_40_day004	163	Development	Avoidance
Busch_Slovak_PlantCell_2014_PID_24920330	Root_width_40_day005	root_architecture	Root_width_40_day005	163	Development	Avoidance
Busch_Slovak_PlantCell_2014_PID_24920330	Root_width_60_avg	root_architecture	Root_width_60_avg	163	Development	Avoidance
Busch_Slovak_PlantCell_2014_PID_24920330	Root_width_60_day001	root_architecture	Root_width_60_day001	163	Development	Avoidance
Busch_Slovak_PlantCell_2014_PID_24920330	Root_width_60_day002	root_architecture	Root_width_60_day002	163	Development	Avoidance
Busch_Slovak_PlantCell_2014_PID_24920330	Root_width_60_day003	root_architecture	Root_width_60_day003	163	Development	Avoidance
Busch_Slovak_PlantCell_2014_PID_24920330	Root_width_60_day004	root_architecture	Root_width_60_day004	163	Development	Avoidance
Busch_Slovak_PlantCell_2014_PID_24920330	Root_width_60_day005	root_architecture	Root_width_60_day005	163	Development	Avoidance
Busch_Slovak_PlantCell_2014_PID_24920330	Root_width_80_avg	root_architecture	Root_width_80_avg	163	Development	Avoidance
Busch_Slovak_PlantCell_2014_PID_24920330	Root_width_80_day001	root_architecture	Root_width_80_day001	163	Development	Avoidance
Busch_Slovak_PlantCell_2014_PID_24920330	Root_width_80_day002	root_architecture	Root_width_80_day002	163	Development	Avoidance
Busch_Slovak_PlantCell_2014_PID_24920330	Root_width_80_day003	root_architecture	Root_width_80_day003	163	Development	Avoidance
Busch_Slovak_PlantCell_2014_PID_24920330	Root_width_80_day004	root_architecture	Root_width_80_day004	163	Development	Avoidance
Busch_Slovak_PlantCell_2014_PID_24920330	Root_width_80_day005	root_architecture	Root_width_80_day005	163	Development	Avoidance
Busch_Slovak_PlantCell_2014_PID_24920330	Total_length_day001	root_architecture	Total_length_day001	163	Development	Avoidance
Busch_Slovak_PlantCell_2014_PID_24920330	Total_length_day002	root_architecture	Total_length_day002	163	Development	Avoidance
Busch_Slovak_PlantCell_2014_PID_24920330	Total_length_day003	root_architecture	Total_length_day003	163	Development	Avoidance
Busch_Slovak_PlantCell_2014_PID_24920330	Total_length_day004	root_architecture	Total_length_day004	163	Development	Avoidance
Busch_Slovak_PlantCell_2014_PID_24920330	Total_length_day005	root_architecture	Total_length_day005	163	Development	Avoidance
Pico_Manzano-Piedras_PlosOne_2014_PID_24498381	Germination_10C	seed_dormancy	Germination_10C	164	Development	Escape
Pico_Manzano-Piedras_PlosOne_2014_PID_24498381	Germination_22C	seed_dormancy	Germination_22C	164	Development	Escape
Pico_Manzano-Piedras_PlosOne_2014_PID_24498381	Number_of_adults	seed_dormancy	Number_of_adults	164	Development	Avoidance
Pico_Manzano-Piedras_PlosOne_2014_PID_24498381	Number_of_rosettes	seed_dormancy	Number_of_rosettes	164	Development	Avoidance
Maurel_Tang_NatCommun_2018_PID_30250259	root_hydraulic_conductivity	root_architecture	root_hydraulic_conductivity	169	Development	Avoidance
Alonso-Blanco_Vidigal_PlaCelEnv_2016_PID_26991665	U8416		U8416	170	Development	Avoidance
Nordborg_Atwell_Nature_2010_PID_20336072	6_Leaf_serr_10	rosette_morph	6_Leaf_serr_10	174	Development	Avoidance
Nordborg_Atwell_Nature_2010_PID_20336072	14_Width_16	rosette_morph	14_Width_16	175	Development	Avoidance
Nordborg_Atwell_Nature_2010_PID_20336072	26_Width_22	rosette_morph	26_Width_22	175	Development	Avoidance
Nordborg_Atwell_Nature_2010_PID_20336072	18_Width_10	rosette_morph	18_Width_10	176	Development	Avoidance
Nordborg_Atwell_Nature_2010_PID_20336072	3_Leaf_serr_16	rosette_morph	3_Leaf_serr_16	176	Development	Avoidance
Nordborg_Atwell_Nature_2010_PID_20336072	46_Leaf_roll_22	rosette_morph	46_Leaf_roll_22	176	Development	Avoidance
Nordborg_Atwell_Nature_2010_PID_20336072	60_Germ_16	seed_dormancy	60_Germ_16	176	Development	Avoidance
Nordborg_Atwell_Nature_2010_PID_20336072	8_Leaf_roll_16	rosette_morph	8_Leaf_roll_16	176	Development	Avoidance
Nordborg_Atwell_Nature_2010_PID_20336072	92_Leaf_serr_22	rosette_morph	92_Leaf_serr_22	176	Development	Avoidance
Maloof_Filiault_PlosGen_2012_PID_22438834	high_RFR		high_RFR	176	Development	Avoidance
Maloof_Filiault_PlosGen_2012_PID_22438834	low_RFR		low_RFR	176	Development	Avoidance
Maloof_Filiault_PlosGen_2012_PID_22438834	low_RFR_response		low_RFR_response	176	Development	Avoidance
Maloof_Filiault_PlosGen_2012_PID_22438834	resid		resid	176	Development	Avoidance
Maloof_Filiault_PlosGen_2012_PID_22438834	slope		slope	176	Development	Avoidance
Nordborg_Atwell_Nature_2010_PID_20336072	45_Germ_22		45_Germ_22	177	Development	Avoidance
Nordborg_Atwell_Nature_2010_PID_20336072	59_Germ_10		59_Germ_10	177	Development	Avoidance
Nordborg_Atwell_Nature_2010_PID_20336072	9_Leaf_roll_10	rosette_morph	9_Leaf_roll_10	177	Development	Avoidance
Rouached_Bouain_PlosGen_2018_PID_29608565	grown_on_zinc_deficiency_mean_Total_length_day001		grown_on_zinc_deficiency_mean_Total_length_day001	190	Development	Avoidance
Busch_Ristova_PlantJ_2018_PID_30030851	LR.no_C	root_architecture	LR.no_C	190	Development	Avoidance
Busch_Ristova_PlantJ_2018_PID_30030851	LR.no_IAA	root_architecture	LR.no_IAA	190	Development	Avoidance
Busch_Ristova_PlantJ_2018_PID_30030851	LRD_P_C	root_architecture	LRD_P_C	190	Development	Avoidance
Busch_Ristova_PlantJ_2018_PID_30030851	LRD_P_IAA	root_architecture	LRD_P_IAA	190	Development	Avoidance
Busch_Ristova_PlantJ_2018_PID_30030851	LRD_R_C	root_architecture	LRD_R_C	190	Development	Avoidance
Busch_Ristova_PlantJ_2018_PID_30030851	LRD_R_IAA	root_architecture	LRD_R_IAA	190	Development	Avoidance
Busch_Ristova_PlantJ_2018_PID_30030851	LRL_C	root_architecture	LRL_C	190	Development	Avoidance
Busch_Ristova_PlantJ_2018_PID_30030851	LRL_IAA	root_architecture	LRL_IAA	190	Development	Avoidance
Busch_Ristova_PlantJ_2018_PID_30030851	LRR_C	root_architecture	LRR_C	190	Development	Avoidance
Busch_Ristova_PlantJ_2018_PID_30030851	LRR_IAA	root_architecture	LRR_IAA	190	Development	Avoidance
Busch_Ristova_PlantJ_2018_PID_30030851	P_C	root_architecture	P_C	190	Development	Avoidance
Busch_Ristova_PlantJ_2018_PID_30030851	P_IAA	root_architecture	P_IAA	190	Development	Avoidance
Busch_Ristova_PlantJ_2018_PID_30030851	P2_C	root_architecture	P2_C	190	Development	Avoidance
Busch_Ristova_PlantJ_2018_PID_30030851	P2_IAA	root_architecture	P2_IAA	190	Development	Avoidance
Busch_Ristova_PlantJ_2018_PID_30030851	R_C	root_architecture	R_C	190	Development	Avoidance
Busch_Ristova_PlantJ_2018_PID_30030851	R_IAA	root_architecture	R_IAA	190	Development	Avoidance
Busch_Ristova_PlantJ_2018_PID_30030851	TLRL_C	root_architecture	TLRL_C	190	Development	Avoidance
Busch_Ristova_PlantJ_2018_PID_30030851	TLRL_IAA	root_architecture	TLRL_IAA	190	Development	Avoidance
Busch_Ristova_PlantJ_2018_PID_30030851	TRL_C	root_architecture	TRL_C	190	Development	Avoidance
Busch_Ristova_PlantJ_2018_PID_30030851	TRL_IAA	root_architecture	TRL_IAA	190	Development	Avoidance
Busch_Ristova_PlantJ_2018_PID_30030851	LR.no_ABA	root_architecture	LR.no_ABA	191	Development	Avoidance
Busch_Ristova_PlantJ_2018_PID_30030851	LRD_P_ABA	root_architecture	LRD_P_ABA	191	Development	Avoidance
Busch_Ristova_PlantJ_2018_PID_30030851	LRD_R_ABA	root_architecture	LRD_R_ABA	191	Development	Avoidance
Busch_Ristova_PlantJ_2018_PID_30030851	LRL_ABA	root_architecture	LRL_ABA	191	Development	Avoidance
Busch_Ristova_PlantJ_2018_PID_30030851	LRR_ABA	root_architecture	LRR_ABA	191	Development	Avoidance
Busch_Ristova_PlantJ_2018_PID_30030851	P_ABA	root_architecture	P_ABA	191	Development	Avoidance
Busch_Ristova_PlantJ_2018_PID_30030851	P2_ABA	root_architecture	P2_ABA	191	Development	Avoidance
Busch_Ristova_PlantJ_2018_PID_30030851	R_ABA	root_architecture	R_ABA	191	Development	Avoidance
Busch_Ristova_PlantJ_2018_PID_30030851	TLRL_ABA	root_architecture	TLRL_ABA	191	Development	Avoidance
Busch_Ristova_PlantJ_2018_PID_30030851	TRL_ABA	root_architecture	TRL_ABA	191	Development	Avoidance
Busch_Ristova_PlantJ_2018_PID_30030851	LR.no_CK	root_architecture	LR.no_CK	192	Development	Avoidance
Busch_Ristova_PlantJ_2018_PID_30030851	LRD_P_CK	root_architecture	LRD_P_CK	192	Development	Avoidance
Busch_Ristova_PlantJ_2018_PID_30030851	LRD_R_CK	root_architecture	LRD_R_CK	192	Development	Avoidance
Busch_Ristova_PlantJ_2018_PID_30030851	LRL_CK	root_architecture	LRL_CK	192	Development	Avoidance
Busch_Ristova_PlantJ_2018_PID_30030851	LRR_CK	root_architecture	LRR_CK	192	Development	Avoidance
Busch_Ristova_PlantJ_2018_PID_30030851	P_CK	root_architecture	P_CK	192	Development	Avoidance
Busch_Ristova_PlantJ_2018_PID_30030851	P2_CK	root_architecture	P2_CK	192	Development	Avoidance
Busch_Ristova_PlantJ_2018_PID_30030851	R_CK	root_architecture	R_CK	192	Development	Avoidance
Busch_Ristova_PlantJ_2018_PID_30030851	TLRL_CK	root_architecture	TLRL_CK	192	Development	Avoidance
Busch_Ristova_PlantJ_2018_PID_30030851	TRL_CK	root_architecture	TRL_CK	192	Development	Avoidance
Busch_Meijn_NatGen_2014_PID_24212884	142_Mature_cell_length	root_architecture	142_Mature_cell_length	201	Metabolite	Avoidance
Busch_Meijn_NatGen_2014_PID_24212884	143_Meristem_zone_length	root_architecture	143_Meristem_zone_length	201	Metabolite	Avoidance
Taji_Katori_JExpBot_2010_PID_20080827	salt_survival_days	fitness	salt_survival_days	217	Development	Avoidance
Rouached_Bouain_PlosGen_2018_PID_29608565	grown_on_zinc_deficiency_mean_Total_length_day005	root_architecture	grown_on_zinc_deficiency_mean_Total_length_day005	229	Development	Avoidance
Rouached_Bouain_PlosGen_2018_PID_29608565	grown_on_zinc_deficiency_mean_Total_length_day002	root_architecture	grown_on_zinc_deficiency_mean_Total_length_day002	230	Development	Avoidance
Rouached_Bouain_PlosGen_2018_PID_29608565	grown_on_zinc_deficiency_mean_Total_length_day003	root_architecture	grown_on_zinc_deficiency_mean_Total_length_day003	230	Development	Avoidance
Rouached_Bouain_PlosGen_2018_PID_29608565	mean_Total_length_day002	root_architecture	mean_Total_length_day001	230	Development	Avoidance
Rouached_Bouain_PlosGen_2018_PID_29608565		root_architecture	mean_Total_length_day002	230	Development	Avoidance
Rouached_Bouain_PlosGen_2018_PID_29608565	grown_on_zinc_deficiency_mean_Total_length_day004	root_architecture	grown_on_zinc_deficiency_mean_Total_length_day004	231	Development	Avoidance
Rouached_Bouain_PlosGen_2018_PID_29608565	grown_on_zinc_deficiency_mean_Total_length_day006	root_architecture	grown_on_zinc_deficiency_mean_Total_length_day006	231	Development	Avoidance
Rouached_Bouain_PlosGen_2018_PID_29608565	grown_on_zinc_deficiency_mean_Total_length_day007	root_architecture	grown_on_zinc_deficiency_mean_Total_length_day007	231	Development	Avoidance
Rouached_Bouain_PlosGen_2018_PID_29608565	mean_Total_length_day003	root_architecture	mean_Total_length_day003	231	Development	Avoidance
Rouached_Bouain_PlosGen_2018_PID_29608565	mean_Total_length_day004	root_architecture	mean_Total_length_day004	231	Development	Avoidance
Rouached_Bouain_PlosGen_2018_PID_29608565	mean_Total_length_day005	root_architecture	mean_Total_length_day005	231	Development	Avoidance
Rouached_Bouain_PlosGen_2018_PID_29608565	mean_Total_length_day006	root_architecture	mean_Total_length_day006	231	Development	Avoidance
Rouached_Bouain_PlosGen_2018_PID_29608565	mean_Total_length_day007	root_architecture	mean_Total_length_day007	231	Development	Avoidance
Keurentjes_Bac-Molenaar_PlantCell_2015_PID_26163573	control_avgSL20t30_c		control_avgSL20t30_c	249	Development	Avoidance
Brady_Toal_G3_2018_PID_30322904	Direction_index	root_architecture	Direction_index	255	Development	Avoidance
Brady_Toal_G3_2018_PID_30322904	Root_angle	root_architecture	Root_angle	255	Development	Avoidance
Meaux_Dittberner_MolEcol_2018_PID_30118161	Delta_13C	stress	Delta_13C	261	Development	Avoidance
Keurentjes_Bac-Molenaar_PlantCell_2015_PID_26163573	treatment_avgSL20t30_t		treatment_avgSL20t30_t	268	Development	Avoidance
Keurentjes_Bac-Molenaar_PlantCell_2015_PID_26163573	control_avgSL10t20_c		control_avgSL10t20_c	273	Development	Avoidance
Keurentjes_Bac-Molenaar_PlantCell_2015_PID_26163573	treatment_aantalSkld5m10t20_t		treatment_aantalSkld5m10t20_t	274	Development	Avoidance
Keurentjes_Bac-Molenaar_PlantCell_2015_PID_26163573	treatment_avgSL0t10_t		treatment_avgSL0t10_t	274	Development	Avoidance
Keurentjes_Bac-Molenaar_PlantCell_2015_PID_26163573	treatment_avgSL10t20_t		treatment_avgSL10t20_t	274	Development	Avoidance
Keurentjes_Bac-Molenaar_PlantCell_2015_PID_26163573	treatment_avgSLm10t0_t		treatment_avgSLm10t0_t	274	Development	Avoidance
Keurentjes_Bac-Molenaar_PlantCell_2015_PID_26163573	treatment_avgSLm10t20		treatment_avgSLm10t20	274	Development	Avoidance
Keurentjes_Bac-Molenaar_PlantCell_2015_PID_26163573	control_aantalSkld5m10t20_c		control_aantalSkld5m10t20_c	275	Development	Avoidance
Keurentjes_Bac-Molenaar_PlantCell_2015_PID_26163573	control_avgSL0t10_c		control_avgSL0t10_c	275	Development	Avoidance
Keurentjes_Bac-Molenaar_PlantCell_2015_PID_26163573	control_avgSLm10t0_c		control_avgSLm10t0_c	275	Development	Avoidance
Keurentjes_Bac-Molenaar_PlantCell_2015_PID_26163573	control_avgSLm10t20		control_avgSLm10t20	275	Development	Avoidance
Keurentjes_Bac-Molenaar_JExpBot_2015_PID_25922493	A0_Expo2		A0_Expo2	318	Development	Avoidance
Keurentjes_Bac-Molenaar_JExpBot_2015_PID_25922493	PLA28		PLA28	318	Development	Avoidance
Keurentjes_Bac-Molenaar_JExpBot_2015_PID_25922493	PLA8		PLA8	318	Development	Avoidance
Vreugdenhil_Bac-Molenaar_PlaCelEnv_2016_PID_26138664	projected_leaf_area_day_28	rosette_morph	projected_leaf_area_day_28	318	Development	Avoidance
Vreugdenhil_Bac-Molenaar_PlaCelEnv_2016_PID_26138664	projected_leaf_area_day_8	rosette_morph	projected_leaf_area_day_8	318	Development	Avoidance
Vreugdenhil_Bac-Molenaar_PlaCelEnv_2016_PID_26138664	Fresh_Weight_28	development/growth	Fresh_Weight_28	319	Development	Avoidance
Keurentjes_Bac-Molenaar_JExpBot_2015_PID_25922493	FW_rosette	rosette_morph	FW_rosette	319	Development	Avoidance
Keurentjes_Bac-Molenaar_JExpBot_2015_PID_25922493	PLA11	rosette_morph	PLA11	319	Development	Avoidance
Keurentjes_Bac-Molenaar_JExpBot_2015_PID_25922493	PLA14	rosette_morph	PLA14	319	Development	Avoidance
Keurentjes_Bac-Molenaar_JExpBot_2015_PID_25922493	PLA16	rosette_morph	PLA16	319	Development	Avoidance
Keurentjes_Bac-Molenaar_JExpBot_2015_PID_25922493	PLA18	rosette_morph	PLA18	319	Development	Avoidance
Keurentjes_Bac-Molenaar_JExpBot_2015_PID_25922493	PLA20	rosette_morph	PLA20	319	Development	Avoidance
Keurentjes_Bac-Molenaar_JExpBot_2015_PID_25922493	PLA22	rosette_morph	PLA22	319	Development	Avoidance
Keurentjes_Bac-Molenaar_JExpBot_2015_PID_25922493	PLA24	rosette_morph	PLA24	319	Development	Avoidance
Keurentjes_Bac-Molenaar_JExpBot_2015_PID_25922493	PLA25	rosette_morph	PLA25	319	Development	Avoidance
Keurentjes_Bac-Molenaar_JExpBot_2015_PID_25922493	PLA26	rosette_morph	PLA26	319	Development	Avoidance
Keurentjes_Bac-Molenaar_JExpBot_2015_PID_25922493	PLA27	rosette_morph	PLA27	319	Development	Avoidance
Vreugdenhil_Bac-Molenaar_PlaCelEnv_2016_PID_26138664	projected_leaf_area_day_11	rosette_morph	projected_leaf_area_day_11	319	Development	Avoidance
Vreugdenhil_Bac-Molenaar_PlaCelEnv_2016_PID_26138664	projected_leaf_area_day_14	rosette_morph	projected_leaf_area_day_14	319	Development	Avoidance
Vreugdenhil_Bac-Molenaar_PlaCelEnv_2016_PID_26138664	projected_leaf_area_day_16	rosette_morph	projected_leaf_area_day_16	319	Development	Avoidance
Vreugdenhil_Bac-Molenaar_PlaCelEnv_2016_PID_26138664	projected_leaf_area_day_18	rosette_morph	projected_leaf_area_day_18	319	Development	Avoidance
Vreugdenhil_Bac-Molenaar_PlaCelEnv_2016_PID_26138664	projected_leaf_area_day_20	rosette_morph	projected_leaf_area_day_20	319	Development	Avoidance
Vreugdenhil_Bac-Molenaar_PlaCelEnv_2016_PID_26138664	projected_leaf_area_day_22	rosette_morph	projected_leaf_area_day_22	319	Development	Avoidance
Vreugdenhil_Bac-Molenaar_PlaCelEnv_2016_PID_26138664	projected_leaf_area_day_24	rosette_morph	projected_leaf_area_day_24	319	Development	Avoidance
Vreugdenhil_Bac-Molenaar_PlaCelEnv_2016_PID_26138664	projected_leaf_area_day_25	rosette_morph	projected_leaf_area_day_25	319	Development	Avoidance
Vreugdenhil_Bac-Molenaar_PlaCelEnv_2016_PID_26138664	projected_leaf_area_day_26	rosette_morph	projected_leaf_area_day_26	319	Development	Avoidance
Vreugdenhil_Bac-Molenaar_PlaCelEnv_2016_PID_26138664	projected_leaf_area_day_27	rosette_morph	projected_leaf_area_day_27	319	Development	Avoidance
Vreugdenhil_Bac-Molenaar_PlaCelEnv_2016_PID_26138664	Relative_Water_Content_24	development/growth	Relative_Water_Content_24	319	Development	Avoidance
Vreugdenhil_Bac-Molenaar_PlaCelEnv_2016_PID_26138664	Water_Content_24	development/growth	Water_Content_24	319	Development	Avoidance
Vreugdenhil_Bac-Molenaar_PlaCelEnv_2016_PID_26138664	drought_Fresh_Weight_28	development/growth	drought_Fresh_Weight_28	320	Development	Avoidance
Vreugdenhil_Bac-Molenaar_PlaCelEnv_2016_PID_26138664	drought_projected_leaf_area_day_11	rosette_morph	drought_projected_leaf_area_day_11	320	Development	Avoidance
Vreugdenhil_Bac-Molenaar_PlaCelEnv_2016_PID_26138664	drought_projected_leaf_area_day_14	rosette_morph	drought_projected_leaf_area_day_14	320	Development	Avoidance
Vreugdenhil_Bac-Molenaar_PlaCelEnv_2016_PID_26138664	drought_projected_leaf_area_day_16	rosette_morph	drought_projected_leaf_area_day_16	320	Development	Avoidance
Vreugdenhil_Bac-Molenaar_PlaCelEnv_2016_PID_26138664	drought_projected_leaf_area_day_18	rosette_morph	drought_projected_leaf_area_day_18	320	Development	Avoidance
Vreugdenhil_Bac-Molenaar_PlaCelEnv_2016_PID_26138664	drought_projected_leaf_area_day_20	rosette_morph	drought_projected_leaf_area_day_20	320	Development	Avoidance
Vreugdenhil_Bac-Molenaar_PlaCelEnv_2016_PID_26138664	drought_projected_leaf_area_day_22	rosette_morph	drought_projected_leaf_area_day_22	320	Development	Avoidance
Vreugdenhil_Bac-Molenaar_PlaCelEnv_2016_PID_26138664	drought_projected_leaf_area_day_24	rosette_morph	drought_projected_leaf_area_day_24	320	Development	Avoidance
Vreugdenhil_Bac-Molenaar_PlaCelEnv_2016_PID_26138664	drought_projected_leaf_area_day_25	rosette_morph	drought_projected_leaf_area_day_25	320	Development	Avoidance
Vreugdenhil_Bac-Molenaar_PlaCelEnv_2016_PID_26138664	drought_projected_leaf_area_day_26	rosette_morph	drought_projected_leaf_area_day_26	320	Development	Avoidance
Vreugdenhil_Bac-Molenaar_PlaCelEnv_2016_PID_26138664	drought_projected_leaf_area_day_27	rosette_morph	drought_projected_leaf_area_day_27	320	Development	Avoidance
Vreugdenhil_Bac-Molenaar_PlaCelEnv_2016_PID_26138664	drought_projected_leaf_area_day_28	rosette_morph	drought_projected_leaf_area_day_28	320	Development	Avoidance
Vreugdenhil_Bac-Molenaar_PlaCelEnv_2016_PID_26138664	drought_projected_leaf_area_day_8	rosette_morph	drought_projected_leaf_area_day_8	320	Development	Avoidance
Vreugdenhil_Bac-Molenaar_PlaCelEnv_2016_PID_26138664	drought_Relative_Water_Content_24	rosette_morph	drought_Relative_Water_Content_24	320	Development	Avoidance
Vreugdenhil_Bac-Molenaar_PlaCelEnv_2016_PID_26138664	drought_Water_Content_24	rosette_morph	drought_Water_Content_24	320	Development	Avoidance
Meaux_Dittberner_MolEcol_2018_PID_30118161	leafsize	rosette_morph	leafsize	330	Development	Avoidance
Meaux_Dittberner_MolEcol_2018_PID_30118161	stomata_density	epidermis/stomata	stomata_density	330	Development	Avoidance
Meaux_Dittberner_MolEcol_2018_PID_30118161	stomatasize	epidermis/stomata	stomatasize	330	Development	Avoidance
Keurentjes_Kooke_PlantPhys_2016_PID_26869705	TPH		TPH	333	Metabolite	Avoidance
Pieterse_Coolen_Planta_2018_PID_30547240	Bc		Bc	334	Development	Avoidance
Pecinka_Piofczyk_PlaPhyBioc_2015_PID_25656510	BiomassUV		BiomassUV	334	Development	Avoidance
Pieterse_Coolen_Planta_2018_PID_30547240	Dr_plus_Bc		Dr_plus_Bc	334	Development	Avoidance
Pieterse_Coolen_Planta_2018_PID_30547240	Dr_plus_Bc_residuals		Dr_plus_Bc_residuals	334	Development	Avoidance
Pecinka_Piofczyk_PlaPhyBioc_2015_PID_25656510	LeafareaUV		LeafareaUV	334	Development	Avoidance
Pecinka_Piofczyk_PlaPhyBioc_2015_PID_25656510	LeaflengthUV		LeaflengthUV	334	Development	Avoidance
Pieterse_Coolen_Planta_2018_PID_30547240	Pr_plus_Bc		Pr_plus_Bc	334	Development	Avoidance
Pieterse_Coolen_Planta_2018_PID_30547240	Pr_plus_Bc_residuals		Pr_plus_Bc_residuals	334	Development	Avoidance
Keurentjes_Kooke_PlantPhys_2016_PID_26869705	RB		RB	334	Metabolite	Avoidance
Keurentjes_Kooke_PlantPhys_2016_PID_26869705	PH1S		PH1S	335	Metabolite	Avoidance
Keurentjes_Kooke_PlantPhys_2016_PID_26869705	LL		LL	336	Metabolite	Avoidance
Keurentjes_Kooke_PlantPhys_2016_PID_26869705	MSB		MSB	336	Metabolite	Avoidance
Keurentjes_Kooke_PlantPhys_2016_PID_26869705	PL		PL	336	Metabolite	Avoidance
Keurentjes_Kooke_PlantPhys_2016_PID_26869705	PL_div_LL		PL_div_LL	336	Metabolite	Avoidance
Pieterse_Proietti_PlaCelEnv_2018_PID_29852537	log2_PDF1_2_MeJA_and_ABA_vs_PDF1_2_MeJA		log2_PDF1_2_MeJA_and_ABA_vs_PDF1_2_MeJA	339	Development	Avoidance
Pieterse_Proietti_PlaCelEnv_2018_PID_29852537	log2_PDF1_2_MeJA_and_SA_vs_PDF1_2_MeJA		log2_PDF1_2_MeJA_and_SA_vs_PDF1_2_MeJA	339	Development	Avoidance
Pieterse_Proietti_PlaCelEnv_2018_PID_29852537	log2_PDF1_2_vs_PPA2_MeJA_and_ABA		log2_PDF1_2_vs_PPA2_MeJA_and_ABA	339	Development	Avoidance
Keurentjes_Bac-Molenaar_PlosOne_2015_PID_26588092	Redness_control		Redness_control	344	Development	Avoidance
Keurentjes_Bac-Molenaar_PlosOne_2015_PID_26588092	Redness_PEG		Redness_PEG	344	Development	Avoidance
Salt_Baxter_PlosGen_2010_PID_21085628	271_Na23		271_Na23	345	Ionomics	Avoidance
Vasseur_2018_PNAS_PID_29540570	Fruit_number	fitness	Fruit_number	420	Development	Avoidance
Vasseur_2018_PNAS_PID_29540570	rosette_DM	development/growth	rosette_DM	420	Development	Avoidance
Nordborg_Horton_PlaCelEnv_2016_PID_27487257	freezing_survival	fitness	freezing_survival	470	Development	Avoidance
Coupland_de_PNAS_2015_PID_25548158	LD12_peak		LD12_peak	54	Development	Escape
Coupland_de_PNAS_2015_PID_25548158	LD12_period		LD12_period	54	Development	Escape
Coupland_de_PNAS_2015_PID_25548158	LD14_peak		LD14_peak	54	Development	Escape
Coupland_de_PNAS_2015_PID_25548158	LD14_period		LD14_period	54	Development	Escape
Coupland_de_PNAS_2015_PID_25548158	LD16_peak		LD16_peak	54	Development	Escape
Coupland_de_PNAS_2015_PID_25548158	LD16_period		LD16_period	54	Development	Escape
Coupland_de_PNAS_2015_PID_25548158	SD10_peak		SD10_peak	54	Development	Escape
Coupland_de_PNAS_2015_PID_25548158	SD10_period		SD10_period	54	Development	Escape
Coupland_de_PNAS_2015_PID_25548158	SD8_peak		SD8_peak	54	Development	Escape
Coupland_de_PNAS_2015_PID_25548158	SD8_period		SD8_period	54	Development	Escape
Nordborg_Atwell_Nature_2010_PID_20336072	94_Seed_Dormancy	seed_dormancy	94_Seed_Dormancy	83	Development	Escape
Nordborg_Kerdaffrec_PlosOne_2017_PID_29281703	315_GR21_warm	seed_dormancy	315_GR21_warm	92	Development	Escape
Nordborg_Kerdaffrec_PlosOne_2017_PID_29281703	316_GR21_cold	seed_dormancy	316_GR21_cold	92	Development	Escape
Nordborg_Kerdaffrec_PlosOne_2017_PID_29281703	320_GR63_warm	seed_dormancy	320_GR63_warm	92	Development	Escape
Nordborg_Kerdaffrec_PlosOne_2017_PID_29281703	325_GR105_cold	seed_dormancy	325_GR105_cold	92	Development	Escape
Nordborg_Kerdaffrec_PlosOne_2017_PID_29281703	326_GR63_cold	seed_dormancy	326_GR63_cold	92	Development	Escape
Nordborg_Aranzana_PlosGen_2005_PID_16292355	FT	flowering_time	FT_Nordborg	92	Reproduction	Escape
Nordborg_Atwell_Nature_2010_PID_20336072	106_Secondary_Dormancy	seed_dormancy	106_Secondary_Dormancy	93	Development	Escape
Nordborg_Atwell_Nature_2010_PID_20336072	68_Germ_in_dark	seed_dormancy	68_Germ_in_dark	93	Development	Escape
Nordborg_Atwell_Nature_2010_PID_20336072	90_Seedling_Growth	development/growth	90_Seedling_Growth	100	Development	Escape
Nordborg_Atwell_Nature_2010_PID_20336072	50_DSDS50	seed_dormancy	50_DSDS50	109	Development	Escape
Nordborg_Atwell_Nature_2010_PID_20336072	15_Storage_28_days	seed_dormancy	15_Storage_28_days	110	Development	Escape
Nordborg_Atwell_Nature_2010_PID_20336072	20_Storage_7_days	seed_dormancy	20_Storage_7_days	110	Development	Escape
Nordborg_Atwell_Nature_2010_PID_20336072	27_Storage_56_days	seed_dormancy	27_Storage_56_days	110	Development	Escape
Nordborg_Atwell_Nature_2010_PID_20336072	39_After_Vern_Growth	seed_dormancy	39_After_Vern_Growth	110	Development	Escape
Nordborg_Atwell_Nature_2010_PID_20336072	4_Seed_bank_133_91	seed_dormancy	4_Seed_bank_133_91	110	Development	Escape
Nordborg_Atwell_Nature_2010_PID_20336072	72_Vern_Growth	seed_dormancy	72_Vern_Growth	110	Development	Escape
Seo_Yano_PlantJ_2013_PID_23464703	germination_3days	seed_dormancy	germination_3days	116	Development	Escape
Seo_Yano_PlantJ_2013_PID_23464703	germination_7days	seed_dormancy	germination_7days	116	Development	Escape
Nordborg_Atwell_Nature_2010_PID_20336072	100_4W	flowering_time	100_4W	119	Reproduction	Escape
Botto_Ibarra_PlaCelEnv_2016_PID_26177669	D2_entrance_per		D2_entrance_per	133	Development	Escape
Botto_Ibarra_PlaCelEnv_2016_PID_26177669	GEMINATION_4D_per	seed_dormancy	GEMINATION_4D_per	133	Development	Escape
Botto_Ibarra_PlaCelEnv_2016_PID_26177669	GERMINATION_1D_per	seed_dormancy	GERMINATION_1D_per	133	Development	Escape
Nordborg_Atwell_Nature_2010_PID_20336072	82_0W_GH_LN	flowering_time	82_0W_GH_LN	135	Reproduction	Escape
Nordborg_Atwell_Nature_2010_PID_20336072	37_0W	flowering_time	37_0W	137	Reproduction	Escape
Nordborg_Atwell_Nature_2010_PID_20336072	32_FT_Duration_GH	flowering_time	32_FT_Duration_GH	147	Reproduction	Escape
Nordborg_Atwell_Nature_2010_PID_20336072	52_LC_Duration_GH		52_LC_Duration_GH	147	Development	Escape
Nordborg_Atwell_Nature_2010_PID_20336072	56_RP_GH		56_RP_GH	147	Development	Escape
Nordborg_Atwell_Nature_2010_PID_20336072	58_LFS_GH		58_LFS_GH	148	Development	Escape
Nordborg_Atwell_Nature_2010_PID_20336072	11_2W	flowering_time	11_2W	152	Reproduction	Escape
Nordborg_Atwell_Nature_2010_PID_20336072	53_0W_GH_FT	flowering_time	53_0W_GH_FT	153	Reproduction	Escape
Nordborg_Atwell_Nature_2010_PID_20336072	48_8W	flowering_time	48_8W	155	Reproduction	Escape
Nordborg_Atwell_Nature_2010_PID_20336072	104_SDV	flowering_time	104_SDV	159	Reproduction	Escape
Nordborg_Kerdaffrec_Elife_2016_PID_27966430	294_Germination_rate_21C	seed_dormancy	294_Germination_rate_21C	161	Development	Escape
Nordborg_Atwell_Nature_2010_PID_20336072	47_SD	flowering_time	47_SD	162	Reproduction	Escape
Nordborg_Atwell_Nature_2010_PID_20336072	99_8W_GH_FT	flowering_time	99_8W_GH_FT	162	Reproduction	Escape
Nordborg_Atwell_Nature_2010_PID_20336072	36_8W_GH_LN	flowering_time	36_8W_GH_LN	163	Reproduction	Escape
Nordborg_Atwell_Nature_2010_PID_20336072	69_FRI	flowering_time	69_FRI	164	Reproduction	Escape
Pico_Manzano-Piedras_PlosOne_2014_PID_24498381	Flowering_time	flowering_time	Flowering_time	164	Reproduction	Escape
Pico_Manzano-Piedras_PlosOne_2014_PID_24498381	Germination_30C	seed_dormancy	Germination_30C	164	Development	Escape
Pico_Manzano-Piedras_PlosOne_2014_PID_24498381	Seed_Weight	fitness	Seed_Weight	164	Development	Escape
Nordborg_Atwell_Nature_2010_PID_20336072	49_FT_GH	flowering_time	49_FT_GH	166	Reproduction	Escape
Nordborg_Atwell_Nature_2010_PID_20336072	29_FLC		29_FLC	167	Development	Escape
Nordborg_Atwell_Nature_2010_PID_20336072	89_LD	flowering_time	89_LD	167	Reproduction	Escape
Nordborg_Atwell_Nature_2010_PID_20336072	34_LDV	flowering_time	34_LDV	168	Reproduction	Escape
Alonso-Blanco_Vidigal_PlaCelEnv_2016_PID_26991665	t10		t10	170	Development	Escape
Alonso-Blanco_Vidigal_PlaCelEnv_2016_PID_26991665	t50		t50	170	Development	Escape
Nordborg_Atwell_Nature_2010_PID_20336072	41_LN22		41_LN22	176	Reproduction	Escape
Nordborg_Atwell_Nature_2010_PID_20336072	87_LN16		87_LN16	176	Reproduction	Escape
Alonso-Blanco_Vidigal_PlaCelEnv_2016_PID_26991665	FT	flowering_time	FT_Alonso	176	Reproduction	Escape
Nordborg_Atwell_Nature_2010_PID_20336072	85_LN10		85_LN10	177	Reproduction	Escape
Alonso-Blanco_Vidigal_PlaCelEnv_2016_PID_26991665	DSDS10		DSDS10	177	Development	Escape
Alonso-Blanco_Vidigal_PlaCelEnv_2016_PID_26991665	DSDS50	seed_dormancy	DSDS50_alonso	177	Development	Escape
Alonso-Blanco_Vidigal_PlaCelEnv_2016_PID_26991665	DSDS90	seed_dormancy	DSDS90	177	Development	Escape
Alonso-Blanco_Vidigal_PlaCelEnv_2016_PID_26991665	GAS		GAS	177	Development	Escape
Alonso-Blanco_Vidigal_PlaCelEnv_2016_PID_26991665	SS		SS	177	Development	Escape
Nordborg_Atwell_Nature_2010_PID_20336072	1_FT_Diameter_Field	flowering_time	1_FT_Diameter_Field	180	Reproduction	Escape
Nordborg_Atwell_Nature_2010_PID_20336072	86_FT_Field	flowering_time	86_FT_Field	180	Reproduction	Escape
Deng_Ren_NewPyhtol_2018_PID_30556142	Seed_size	fitness	Seed_size	181	Development	Escape
Nordborg_Atwell_Nature_2010_PID_20336072	102_FT22	flowering_time	102_FT22	193	Reproduction	Escape
Nordborg_Atwell_Nature_2010_PID_20336072	30_FT16	flowering_time	30_FT16	193	Reproduction	Escape
Nordborg_Atwell_Nature_2010_PID_20336072	31_FT10	flowering_time	31_FT10	194	Reproduction	Escape
Keurentjes_Bac-Molenaar_JExpBot_2015_PID_25922493	r_Expo2		r_Expo2	318	Development	Escape
Vreugdenhil_Bac-Molenaar_PlaCelEnv_2016_PID_26138664	drought_r		drought_r	320	Development	Escape
Keurentjes_Kooke_PlantPhys_2016_PID_26869705	RGRav		RGRav	336	Metabolite	Escape
Keurentjes_Kooke_PlantPhys_2016_PID_26869705	FT	flowering_time	FT_Keurentjes	337	Reproduction	Escape
Keurentjes_Kooke_PlantPhys_2016_PID_26869705	RGRbv		RGRbv	337	Metabolite	Escape
Borevitz_Li_PNAS_2010_PID_21078970	120_DTFplantingLoc2008	flowering_time	120_DTFplantingLoc2008	351	Reproduction	Escape
Borevitz_Li_PNAS_2010_PID_21078970	117_DTFlocSweden2008	flowering_time	117_DTFlocSweden2008	352	Reproduction	Escape
Borevitz_Li_PNAS_2010_PID_21078970	126_DTFmainEffect2008	flowering_time	126_DTFmainEffect2008	352	Reproduction	Escape
Borevitz_Li_PNAS_2010_PID_21078970	130_DTFplantingSummer2008	flowering_time	130_DTFplantingSummer2008	352	Reproduction	Escape
Borevitz_Li_PNAS_2010_PID_21078970	136_DTF_spain_2008_2nd_experiment	flowering_time	136_DTF_spain_2008_2nd_experiment	352	Reproduction	Escape
Borevitz_Li_PNAS_2010_PID_21078970	113_DTF_sweden_2008_1st_experiment	flowering_time	113_DTF_sweden_2008_1st_experiment	353	Reproduction	Escape
Borevitz_Li_PNAS_2010_PID_21078970	141_DTF_sweden_2008_2nd_experiment	flowering_time	141_DTF_sweden_2008_2nd_experiment	353	Reproduction	Escape
Borevitz_Li_Genetics_2014_PID_24281156	DTF_Sep_2010	flowering_time	DTF_Sep_2010	362	Reproduction	Escape
Vasseur_2018_PNAS_PID_29540570	Growth_rate	development/growth	Growth_rate	420	Development	Escape
Vasseur_2018_PNAS_PID_29540570	RGR	development/growth	RGR	420	Development	Escape
Borevitz_Li_Genetics_2014_PID_24281156	DTF_Oct_2010	flowering_time	DTF_Oct_2010	422	Reproduction	Escape
Borevitz_Li_PNAS_2010_PID_21078970	116_DTFplantingSummerLocSweden2009	flowering_time	116_DTFplantingSummerLocSweden2009	466	Reproduction	Escape
Borevitz_Li_PNAS_2010_PID_21078970	129_DTFplantingSummer2009	flowering_time	129_DTFplantingSummer2009	466	Reproduction	Escape
Borevitz_Li_PNAS_2010_PID_21078970	118_DTFlocSweden2009	flowering_time	118_DTFlocSweden2009	467	Reproduction	Escape
Borevitz_Li_PNAS_2010_PID_21078970	134_DTF_sweden_2009_1st_experiment	flowering_time	134_DTF_sweden_2009_1st_experiment	467	Reproduction	Escape
Borevitz_Li_PNAS_2010_PID_21078970	119_DTF_spain_2009_1st_experiment	flowering_time	119_DTF_spain_2009_1st_experiment	468	Reproduction	Escape
Borevitz_Li_PNAS_2010_PID_21078970	121_DTF_spain_2009_2nd_experiment	flowering_time	121_DTF_spain_2009_2nd_experiment	468	Reproduction	Escape
Borevitz_Li_PNAS_2010_PID_21078970	125_DTFmainEffect2009	flowering_time	125_DTFmainEffect2009	468	Reproduction	Escape
Borevitz_Li_PNAS_2010_PID_21078970	140_DTF_sweden_2009_2nd_experiment	flowering_time	140_DTF_sweden_2009_2nd_experiment	468	Reproduction	Escape
Exposito-Alonso_Nature_2019_PID_31462776	FT_mhi	flowering_time	FT_mhi	515	Reproduction	Escape
Exposito-Alonso_Nature_2019_PID_31462776	FT_mhp	flowering_time	FT_mhp	515	Reproduction	Escape
Exposito-Alonso_Nature_2019_PID_31462776	FT_mli	flowering_time	FT_mli	515	Reproduction	Escape
Exposito-Alonso_Nature_2019_PID_31462776	FT_mlp	flowering_time	FT_mlp	515	Reproduction	Escape
Exposito-Alonso_Nature_2019_PID_31462776	FT_thi	flowering_time	FT_thi	515	Reproduction	Escape
Exposito-Alonso_Nature_2019_PID_31462776	FT_thp	flowering_time	FT_thp	515	Reproduction	Escape
Exposito-Alonso_Nature_2019_PID_31462776	FT_tli	flowering_time	FT_tli	515	Reproduction	Escape
Exposito-Alonso_Nature_2019_PID_31462776	FT_tlp	flowering_time	FT_tlp	515	Reproduction	Escape
Schmitt_Martinez-Berdeja_PNAS_2020_PID_	base_perc	seed_dormancy	base_perc	559	Development	Escape
Schmitt_Martinez-Berdeja_PNAS_2020_PID_	d11_10C_perc	seed_dormancy	d11_10C_perc	559	Development	Escape
Schmitt_Martinez-Berdeja_PNAS_2020_PID_	d11_4C_perc	seed_dormancy	d11_4C_perc	559	Development	Escape
Schmitt_Martinez-Berdeja_PNAS_2020_PID_	d15_10C_perc	seed_dormancy	d15_10C_perc	559	Development	Escape
Schmitt_Martinez-Berdeja_PNAS_2020_PID_	d15_4C_perc	seed_dormancy	d15_4C_perc	559	Development	Escape
Schmitt_Martinez-Berdeja_PNAS_2020_PID_	d22_10C_perc	seed_dormancy	d22_10C_perc	559	Development	Escape
Schmitt_Martinez-Berdeja_PNAS_2020_PID_	d22_4C_perc	seed_dormancy	d22_4C_perc	559	Development	Escape
Schmitt_Martinez-Berdeja_PNAS_2020_PID_	d32_10C_perc	seed_dormancy	d32_10C_perc	559	Development	Escape
Schmitt_Martinez-Berdeja_PNAS_2020_PID_	d32_4C_perc	seed_dormancy	d32_4C_perc	559	Development	Escape
Schmitt_Martinez-Berdeja_PNAS_2020_PID_	d4_10C_perc	seed_dormancy	d4_10C_perc	559	Development	Escape
Schmitt_Martinez-Berdeja_PNAS_2020_PID_	d4_4C_perc	seed_dormancy	d4_4C_perc	559	Development	Escape
Schmitt_Martinez-Berdeja_PNAS_2020_PID_	d8_10C_perc	seed_dormancy	d8_10C_perc	559	Development	Escape
Schmitt_Martinez-Berdeja_PNAS_2020_PID_	d8_4C_perc	seed_dormancy	d8_4C_perc	559	Development	Escape
Schmitt_Martinez-Berdeja_PNAS_2020_PID_	DSDS50	seed_dormancy	DSDS50_Schmitt	559	Development	Escape
Schmitt_Martinez-Berdeja_PNAS_2020_PID_	DTbolt	development/growth	DTbolt	559	Development	Escape
Schmitt_Martinez-Berdeja_PNAS_2020_PID_	DTflower	flowering_time	DTflower	559	Reproduction	Escape
Schmitt_Martinez-Berdeja_PNAS_2020_PID_	DTfruit	development/growth	DTfruit	559	Development	Escape
Schmitt_Martinez-Berdeja_PNAS_2020_PID_	DTgerm	seed_dormancy	DTgerm	559	Development	Escape
Schmitt_Martinez-Berdeja_PNAS_2020_PID_	DTharvest	development/growth	DTharvest	559	Development	Escape
1001_Consortium_Cell_2016_PID_27293186	FT16	flowering_time	FT16	1021	Reproduction	Escape
1001_Consortium_Cell_2016_PID_27293186	FT10	flowering_time	FT10	1058	Reproduction	Escape
Decroocq_Pagny_NewPyhtol_2012_PID_22943366	Agro_PPV_infection		Agro_PPV_infection	4	Defense	NA
Grant_Iakovidis_Genetics_2016_PID_27412712	HopAM1-rosette_chlorosisis		HopAM1-rosette_chlorosisis	63	Metabolite	NA
Staskawicz_Krasileva_PlosOne_2011_PID_22194907	Maks9_true_leaves		Maks9_true_leaves	65	Defense	NA
Staskawicz_Krasileva_PlosOne_2011_PID_22194907	Cala2_true_leaves		Cala2_true_leaves	69	Defense	NA
Staskawicz_Krasileva_PlosOne_2011_PID_22194907	Emco5_true_leaves		Emco5_true_leaves	69	Defense	NA
Coruzzi_Rosas_PNAS_2013_PID_23980140	PC1		PC1	69	Development	NA
Coruzzi_Rosas_PNAS_2013_PID_23980140	PC2		PC2	69	Development	NA
Staskawicz_Krasileva_PlosOne_2011_PID_22194907	Cala2_cotyledons	stress	Cala2_cotyledons	70	Defense	NA
Staskawicz_Krasileva_PlosOne_2011_PID_22194907	Emoy2_true_leaves		Emoy2_true_leaves	70	Defense	NA
Kollist_Brosch_PlaCelEnv_2010_PID_20082669	ozone_sensetivity	stress	ozone_sensetivity	74	Development	NA
Jones_Nemri_PNAS_2010_PID_20479233	Emoy2		Emoy2	75	Defense	NA
Staskawicz_Krasileva_PlosOne_2011_PID_22194907	Maks9_cotyledons		Maks9_cotyledons	75	Defense	NA
Kaur_Rajarammohan_MolPlaPath_2018_PID_29271603	Normalized_disease_index	stress	Normalized_disease_index	75	Defense	NA
Nordborg_Atwell_Nature_2010_PID_20336072	80_Emoy		80_Emoy	76	Defense	NA
Staskawicz_Krasileva_PlosOne_2011_PID_22194907	Emwa1_true_leaves		Emwa1_true_leaves	78	Defense	NA
Staskawicz_Krasileva_PlosOne_2011_PID_22194907	Emco5_cotyledons		Emco5_cotyledons	79	Defense	NA
Staskawicz_Krasileva_PlosOne_2011_PID_22194907	Emoy2_cotyledons		Emoy2_cotyledons	79	Defense	NA
Staskawicz_Krasileva_PlosOne_2011_PID_22194907	Emwa1_cotyledons		Emwa1_cotyledons	79	Defense	NA
Sasidharan_Vashisht_NewPyhtol_2011_PID_21108648	Weib_all_LT50control		Weib_all_LT50control	81	Development	NA
Sasidharan_Vashisht_NewPyhtol_2011_PID_21108648	Weib_all_LT50submerged		Weib_all_LT50submerged	81	Development	NA
Nordborg_Aranzana_PlosGen_2005_PID_16292355	avrRpm1		avrRpm1	82	Defense	NA
Grossniklaus_Mller_NatCommun_2016_PID_26964640	Pollen_Tube_OG_S	development/growth	Pollen_Tube_OG_S	82	Reproduction	NA
Nordborg_Atwell_Nature_2010_PID_20336072	17_avrRpm1		17_avrRpm1	84	Defense	NA
Nordborg_Atwell_Nature_2010_PID_20336072	74_Hiks1		74_Hiks1	84	Defense	NA
Nordborg_Aranzana_PlosGen_2005_PID_16292355	avrB		avrB	84	Defense	NA
Nordborg_Atwell_Nature_2010_PID_20336072	66_Emwa1		66_Emwa1	85	Defense	NA
Jones_Nemri_PNAS_2010_PID_20479233	Hiks1		Hiks1	85	Defense	NA
Nordborg_Atwell_Nature_2010_PID_20336072	7_Emco5		7_Emco5	86	Defense	NA
Nordborg_Atwell_Nature_2010_PID_20336072	35_Noco2		35_Noco2	87	Defense	NA
Nordborg_Atwell_Nature_2010_PID_20336072	88_avrB		88_avrB	87	Defense	NA
Nordborg_Aranzana_PlosGen_2005_PID_16292355	avrRpt2		avrRpt2	87	Defense	NA
Jones_Nemri_PNAS_2010_PID_20479233	Emwa1		Emwa1	87	Defense	NA
Nordborg_Aranzana_PlosGen_2005_PID_16292355	avrPph3		avrPph3	88	Defense	NA
Jones_Nemri_PNAS_2010_PID_20479233	Noco2		Noco2	88	Defense	NA
Nordborg_Atwell_Nature_2010_PID_20336072	43_avrRpt2		43_avrRpt2	89	Defense	NA
Nordborg_Atwell_Nature_2010_PID_20336072	97_avrPphB		97_avrPphB	90	Defense	NA
Jones_Nemri_PNAS_2010_PID_20479233	Emco5		Emco5	91	Defense	NA
Kronforst_Nallu_NatEcoEvo_2018_PID_30076351	Average_leaf_surface_area_eaten_cm2		Average_leaf_surface_area_eaten_cm2	92	Defense	NA
Kronforst_Nallu_NatEcoEvo_2018_PID_30076351	Average_weight_gain_by_larvae_mg		Average_weight_gain_by_larvae_mg	92	Defense	NA
Kliebenstein_Fordyce_PlantPhys_2018_PID_30266748	Lesion_0_m_cx_Apple517		Lesion_0_m_cx_Apple517	92	Defense	NA
Kliebenstein_Fordyce_PlantPhys_2018_PID_30266748	Lesion_0_m_cy_Apple517		Lesion_0_m_cy_Apple517	92	Defense	NA
Kliebenstein_Fordyce_PlantPhys_2018_PID_30266748	Lesion_0_m_eccentricity_Apple517		Lesion_0_m_eccentricity_Apple517	92	Defense	NA
Kliebenstein_Fordyce_PlantPhys_2018_PID_30266748	Lesion_0_m_eccentricity_B05_10		Lesion_0_m_eccentricity_B05_10	92	Defense	NA
Kliebenstein_Fordyce_PlantPhys_2018_PID_30266748	Lesion_0_m_eccentricity_Ctrl		Lesion_0_m_eccentricity_Ctrl	92	Defense	NA
Kliebenstein_Fordyce_PlantPhys_2018_PID_30266748	Lesion_0_m_eccentricity_Supersteak		Lesion_0_m_eccentricity_Supersteak	92	Defense	NA
Kliebenstein_Fordyce_PlantPhys_2018_PID_30266748	Lesion_0_m_eccentricity_UKRazz		Lesion_0_m_eccentricity_UKRazz	92	Defense	NA
Kliebenstein_Fordyce_PlantPhys_2018_PID_30266748	Lesion_0_m_theta_Apple517		Lesion_0_m_theta_Apple517	92	Defense	NA
Kliebenstein_Fordyce_PlantPhys_2018_PID_30266748	Lesion_0_m_theta_B05_10		Lesion_0_m_theta_B05_10	92	Defense	NA
Kliebenstein_Fordyce_PlantPhys_2018_PID_30266748	Lesion_0_m_theta_Ctrl		Lesion_0_m_theta_Ctrl	92	Defense	NA
Kliebenstein_Fordyce_PlantPhys_2018_PID_30266748	Lesion_0_m_theta_Supersteak		Lesion_0_m_theta_Supersteak	92	Defense	NA
Kliebenstein_Fordyce_PlantPhys_2018_PID_30266748	Lesion_0_m_theta_UKRazz		Lesion_0_m_theta_UKRazz	92	Defense	NA
Kliebenstein_Fordyce_PlantPhys_2018_PID_30266748	Lesion_Bblu_m_eccentricity_Apple517		Lesion_Bblu_m_eccentricity_Apple517	92	Defense	NA
Kliebenstein_Fordyce_PlantPhys_2018_PID_30266748	Lesion_Bblu_m_eccentricity_B05_10		Lesion_Bblu_m_eccentricity_B05_10	92	Defense	NA
Kliebenstein_Fordyce_PlantPhys_2018_PID_30266748	Lesion_Bblu_m_eccentricity_Ctrl		Lesion_Bblu_m_eccentricity_Ctrl	92	Defense	NA
Kliebenstein_Fordyce_PlantPhys_2018_PID_30266748	Lesion_Bblu_m_eccentricity_Supersteak		Lesion_Bblu_m_eccentricity_Supersteak	92	Defense	NA
Kliebenstein_Fordyce_PlantPhys_2018_PID_30266748	Lesion_Bblu_m_eccentricity_UKRazz		Lesion_Bblu_m_eccentricity_UKRazz	92	Defense	NA
Kliebenstein_Fordyce_PlantPhys_2018_PID_30266748	Lesion_Bblu_m_majoraxis_Ctrl		Lesion_Bblu_m_majoraxis_Ctrl	92	Defense	NA
Kliebenstein_Fordyce_PlantPhys_2018_PID_30266748	Lesion_Bblu_m_theta_B05_10		Lesion_Bblu_m_theta_B05_10	92	Defense	NA
Kliebenstein_Fordyce_PlantPhys_2018_PID_30266748	Lesion_Bblu_m_theta_Ctrl		Lesion_Bblu_m_theta_Ctrl	92	Defense	NA
Kliebenstein_Fordyce_PlantPhys_2018_PID_30266748	Lesion_Bblu_m_theta_Supersteak		Lesion_Bblu_m_theta_Supersteak	92	Defense	NA
Kliebenstein_Fordyce_PlantPhys_2018_PID_30266748	Lesion_Bblu_m_theta_UKRazz		Lesion_Bblu_m_theta_UKRazz	92	Defense	NA
Kliebenstein_Fordyce_PlantPhys_2018_PID_30266748	Lesion_Bgrn_m_eccentricity_Ctrl		Lesion_Bgrn_m_eccentricity_Ctrl	92	Defense	NA
Kliebenstein_Fordyce_PlantPhys_2018_PID_30266748	Lesion_Bgrn_m_theta_B05_10		Lesion_Bgrn_m_theta_B05_10	92	Defense	NA
Kliebenstein_Fordyce_PlantPhys_2018_PID_30266748	Lesion_Bgrn_m_theta_Ctrl		Lesion_Bgrn_m_theta_Ctrl	92	Defense	NA
Kliebenstein_Fordyce_PlantPhys_2018_PID_30266748	Lesion_Bgrn_m_theta_UKRazz		Lesion_Bgrn_m_theta_UKRazz	92	Defense	NA
Kliebenstein_Fordyce_PlantPhys_2018_PID_30266748	Lesion_Bgrnblu_m_eccentricity_Ctrl		Lesion_Bgrnblu_m_eccentricity_Ctrl	92	Defense	NA
Kliebenstein_Fordyce_PlantPhys_2018_PID_30266748	Lesion_Bgrnblu_m_eccentricity_UKRazz		Lesion_Bgrnblu_m_eccentricity_UKRazz	92	Defense	NA
Kliebenstein_Fordyce_PlantPhys_2018_PID_30266748	Lesion_Bgrnblu_m_majoraxis_Apple517		Lesion_Bgrnblu_m_majoraxis_Apple517	92	Defense	NA
Kliebenstein_Fordyce_PlantPhys_2018_PID_30266748	Lesion_Bgrnblu_m_majoraxis_B05_10		Lesion_Bgrnblu_m_majoraxis_B05_10	92	Defense	NA
Kliebenstein_Fordyce_PlantPhys_2018_PID_30266748	Lesion_Bgrnblu_m_majoraxis_Ctrl		Lesion_Bgrnblu_m_majoraxis_Ctrl	92	Defense	NA
Kliebenstein_Fordyce_PlantPhys_2018_PID_30266748	Lesion_Bgrnblu_m_majoraxis_Supersteak		Lesion_Bgrnblu_m_majoraxis_Supersteak	92	Defense	NA
Kliebenstein_Fordyce_PlantPhys_2018_PID_30266748	Lesion_Bgrnblu_m_majoraxis_UKRazz		Lesion_Bgrnblu_m_majoraxis_UKRazz	92	Defense	NA
Kliebenstein_Fordyce_PlantPhys_2018_PID_30266748	Lesion_Bgrnblu_m_theta_Ctrl		Lesion_Bgrnblu_m_theta_Ctrl	92	Defense	NA
Kliebenstein_Fordyce_PlantPhys_2018_PID_30266748	Lesion_Bgrnblu_m_theta_UKRazz		Lesion_Bgrnblu_m_theta_UKRazz	92	Defense	NA
Kliebenstein_Fordyce_PlantPhys_2018_PID_30266748	Lesion_blu_m_eccentricity_Ctrl		Lesion_blu_m_eccentricity_Ctrl	92	Defense	NA
Kliebenstein_Fordyce_PlantPhys_2018_PID_30266748	Lesion_blu_m_majoraxis_Ctrl		Lesion_blu_m_majoraxis_Ctrl	92	Defense	NA
Kliebenstein_Fordyce_PlantPhys_2018_PID_30266748	Lesion_blu_m_theta_Apple517		Lesion_blu_m_theta_Apple517	92	Defense	NA
Kliebenstein_Fordyce_PlantPhys_2018_PID_30266748	Lesion_blu_m_theta_B05_10		Lesion_blu_m_theta_B05_10	92	Defense	NA
Kliebenstein_Fordyce_PlantPhys_2018_PID_30266748	Lesion_blu_m_theta_Ctrl		Lesion_blu_m_theta_Ctrl	92	Defense	NA
Kliebenstein_Fordyce_PlantPhys_2018_PID_30266748	Lesion_blu_m_theta_Supersteak		Lesion_blu_m_theta_Supersteak	92	Defense	NA
Kliebenstein_Fordyce_PlantPhys_2018_PID_30266748	Lesion_blu_m_theta_UKRazz		Lesion_blu_m_theta_UKRazz	92	Defense	NA
Kliebenstein_Fordyce_PlantPhys_2018_PID_30266748	Lesion_Bred_m_eccentricity_Ctrl		Lesion_Bred_m_eccentricity_Ctrl	92	Defense	NA
Kliebenstein_Fordyce_PlantPhys_2018_PID_30266748	Lesion_Bred_m_majoraxis_Ctrl		Lesion_Bred_m_majoraxis_Ctrl	92	Defense	NA
Kliebenstein_Fordyce_PlantPhys_2018_PID_30266748	Lesion_Bred_m_theta_Ctrl		Lesion_Bred_m_theta_Ctrl	92	Defense	NA
Kliebenstein_Fordyce_PlantPhys_2018_PID_30266748	Lesion_Bred_m_theta_Supersteak		Lesion_Bred_m_theta_Supersteak	92	Defense	NA
Kliebenstein_Fordyce_PlantPhys_2018_PID_30266748	Lesion_Bredblu_m_eccentricity_Apple517		Lesion_Bredblu_m_eccentricity_Apple517	92	Defense	NA
Kliebenstein_Fordyce_PlantPhys_2018_PID_30266748	Lesion_Bredblu_m_eccentricity_B05_10		Lesion_Bredblu_m_eccentricity_B05_10	92	Defense	NA
Kliebenstein_Fordyce_PlantPhys_2018_PID_30266748	Lesion_Bredblu_m_eccentricity_Ctrl		Lesion_Bredblu_m_eccentricity_Ctrl	92	Defense	NA
Kliebenstein_Fordyce_PlantPhys_2018_PID_30266748	Lesion_Bredblu_m_eccentricity_Supersteak		Lesion_Bredblu_m_eccentricity_Supersteak	92	Defense	NA
Kliebenstein_Fordyce_PlantPhys_2018_PID_30266748	Lesion_Bredblu_m_eccentricity_UKRazz		Lesion_Bredblu_m_eccentricity_UKRazz	92	Defense	NA
Kliebenstein_Fordyce_PlantPhys_2018_PID_30266748	Lesion_Bredblu_m_majoraxis_Apple517		Lesion_Bredblu_m_majoraxis_Apple517	92	Defense	NA
Kliebenstein_Fordyce_PlantPhys_2018_PID_30266748	Lesion_Bredblu_m_majoraxis_B05_10		Lesion_Bredblu_m_majoraxis_B05_10	92	Defense	NA
Kliebenstein_Fordyce_PlantPhys_2018_PID_30266748	Lesion_Bredblu_m_majoraxis_Ctrl		Lesion_Bredblu_m_majoraxis_Ctrl	92	Defense	NA
Kliebenstein_Fordyce_PlantPhys_2018_PID_30266748	Lesion_Bredblu_m_majoraxis_Supersteak		Lesion_Bredblu_m_majoraxis_Supersteak	92	Defense	NA
Kliebenstein_Fordyce_PlantPhys_2018_PID_30266748	Lesion_Bredblu_m_majoraxis_UKRazz		Lesion_Bredblu_m_majoraxis_UKRazz	92	Defense	NA
Kliebenstein_Fordyce_PlantPhys_2018_PID_30266748	Lesion_Bredblu_m_theta_Apple517		Lesion_Bredblu_m_theta_Apple517	92	Defense	NA
Kliebenstein_Fordyce_PlantPhys_2018_PID_30266748	Lesion_Bredblu_m_theta_B05_10		Lesion_Bredblu_m_theta_B05_10	92	Defense	NA
Kliebenstein_Fordyce_PlantPhys_2018_PID_30266748	Lesion_Bredblu_m_theta_Ctrl		Lesion_Bredblu_m_theta_Ctrl	92	Defense	NA
Kliebenstein_Fordyce_PlantPhys_2018_PID_30266748	Lesion_Bredblu_m_theta_Supersteak		Lesion_Bredblu_m_theta_Supersteak	92	Defense	NA
Kliebenstein_Fordyce_PlantPhys_2018_PID_30266748	Lesion_Bredblu_m_theta_UKRazz		Lesion_Bredblu_m_theta_UKRazz	92	Defense	NA
Kliebenstein_Fordyce_PlantPhys_2018_PID_30266748	Lesion_Bredgrn_m_eccentricity_Apple517		Lesion_Bredgrn_m_eccentricity_Apple517	92	Defense	NA
Kliebenstein_Fordyce_PlantPhys_2018_PID_30266748	Lesion_Bredgrn_m_eccentricity_B05_10		Lesion_Bredgrn_m_eccentricity_B05_10	92	Defense	NA
Kliebenstein_Fordyce_PlantPhys_2018_PID_30266748	Lesion_Bredgrn_m_eccentricity_Ctrl		Lesion_Bredgrn_m_eccentricity_Ctrl	92	Defense	NA
Kliebenstein_Fordyce_PlantPhys_2018_PID_30266748	Lesion_Bredgrn_m_eccentricity_Supersteak		Lesion_Bredgrn_m_eccentricity_Supersteak	92	Defense	NA
Kliebenstein_Fordyce_PlantPhys_2018_PID_30266748	Lesion_Bredgrn_m_eccentricity_UKRazz		Lesion_Bredgrn_m_eccentricity_UKRazz	92	Defense	NA
Kliebenstein_Fordyce_PlantPhys_2018_PID_30266748	Lesion_Bredgrn_m_majoraxis_B05_10		Lesion_Bredgrn_m_majoraxis_B05_10	92	Defense	NA
Kliebenstein_Fordyce_PlantPhys_2018_PID_30266748	Lesion_Bredgrn_m_majoraxis_Ctrl		Lesion_Bredgrn_m_majoraxis_Ctrl	92	Defense	NA
Kliebenstein_Fordyce_PlantPhys_2018_PID_30266748	Lesion_Bredgrn_m_majoraxis_Supersteak		Lesion_Bredgrn_m_majoraxis_Supersteak	92	Defense	NA
Kliebenstein_Fordyce_PlantPhys_2018_PID_30266748	Lesion_Bredgrn_m_majoraxis_UKRazz		Lesion_Bredgrn_m_majoraxis_UKRazz	92	Defense	NA
Kliebenstein_Fordyce_PlantPhys_2018_PID_30266748	Lesion_Bredgrn_m_theta_Apple517		Lesion_Bredgrn_m_theta_Apple517	92	Defense	NA
Kliebenstein_Fordyce_PlantPhys_2018_PID_30266748	Lesion_Bredgrn_m_theta_B05_10		Lesion_Bredgrn_m_theta_B05_10	92	Defense	NA
Kliebenstein_Fordyce_PlantPhys_2018_PID_30266748	Lesion_Bredgrn_m_theta_Ctrl		Lesion_Bredgrn_m_theta_Ctrl	92	Defense	NA
Kliebenstein_Fordyce_PlantPhys_2018_PID_30266748	Lesion_Bredgrn_m_theta_Supersteak		Lesion_Bredgrn_m_theta_Supersteak	92	Defense	NA
Kliebenstein_Fordyce_PlantPhys_2018_PID_30266748	Lesion_Bredgrn_m_theta_UKRazz		Lesion_Bredgrn_m_theta_UKRazz	92	Defense	NA
Kliebenstein_Fordyce_PlantPhys_2018_PID_30266748	Lesion_Grn_Apple517		Lesion_Grn_Apple517	92	Defense	NA
Kliebenstein_Fordyce_PlantPhys_2018_PID_30266748	Lesion_Grn_B05_10		Lesion_Grn_B05_10	92	Defense	NA
Kliebenstein_Fordyce_PlantPhys_2018_PID_30266748	Lesion_Grn_Ctrl		Lesion_Grn_Ctrl	92	Defense	NA
Kliebenstein_Fordyce_PlantPhys_2018_PID_30266748	Lesion_Grn_Supersteak		Lesion_Grn_Supersteak	92	Defense	NA
Kliebenstein_Fordyce_PlantPhys_2018_PID_30266748	Lesion_Grn_UKRazz		Lesion_Grn_UKRazz	92	Defense	NA
Kliebenstein_Fordyce_PlantPhys_2018_PID_30266748	Lesion_grnblu_m_eccentricity_Ctrl		Lesion_grnblu_m_eccentricity_Ctrl	92	Defense	NA
Kliebenstein_Fordyce_PlantPhys_2018_PID_30266748	Lesion_grnblu_m_majoraxis_Apple517		Lesion_grnblu_m_majoraxis_Apple517	92	Defense	NA
Kliebenstein_Fordyce_PlantPhys_2018_PID_30266748	Lesion_grnblu_m_majoraxis_B05_10		Lesion_grnblu_m_majoraxis_B05_10	92	Defense	NA
Kliebenstein_Fordyce_PlantPhys_2018_PID_30266748	Lesion_grnblu_m_majoraxis_Ctrl		Lesion_grnblu_m_majoraxis_Ctrl	92	Defense	NA
Kliebenstein_Fordyce_PlantPhys_2018_PID_30266748	Lesion_grnblu_m_majoraxis_Supersteak		Lesion_grnblu_m_majoraxis_Supersteak	92	Defense	NA
Kliebenstein_Fordyce_PlantPhys_2018_PID_30266748	Lesion_grnblu_m_majoraxis_UKRazz		Lesion_grnblu_m_majoraxis_UKRazz	92	Defense	NA
Kliebenstein_Fordyce_PlantPhys_2018_PID_30266748	Lesion_grnblu_m_theta_Ctrl		Lesion_grnblu_m_theta_Ctrl	92	Defense	NA
Kliebenstein_Fordyce_PlantPhys_2018_PID_30266748	Lesion_Prop_Apple517		Lesion_Prop_Apple517	92	Defense	NA
Kliebenstein_Fordyce_PlantPhys_2018_PID_30266748	Lesion_Prop_UKRazz		Lesion_Prop_UKRazz	92	Defense	NA
Kliebenstein_Fordyce_PlantPhys_2018_PID_30266748	Lesion_redblu_m_eccentricity_Apple517		Lesion_redblu_m_eccentricity_Apple517	92	Defense	NA
Kliebenstein_Fordyce_PlantPhys_2018_PID_30266748	Lesion_redblu_m_eccentricity_B05_10		Lesion_redblu_m_eccentricity_B05_10	92	Defense	NA
Kliebenstein_Fordyce_PlantPhys_2018_PID_30266748	Lesion_redblu_m_eccentricity_Ctrl		Lesion_redblu_m_eccentricity_Ctrl	92	Defense	NA
Kliebenstein_Fordyce_PlantPhys_2018_PID_30266748	Lesion_redblu_m_eccentricity_Supersteak		Lesion_redblu_m_eccentricity_Supersteak	92	Defense	NA
Kliebenstein_Fordyce_PlantPhys_2018_PID_30266748	Lesion_redblu_m_eccentricity_UKRazz		Lesion_redblu_m_eccentricity_UKRazz	92	Defense	NA
Kliebenstein_Fordyce_PlantPhys_2018_PID_30266748	Lesion_redblu_m_majoraxis_Apple517		Lesion_redblu_m_majoraxis_Apple517	92	Defense	NA
Kliebenstein_Fordyce_PlantPhys_2018_PID_30266748	Lesion_redblu_m_majoraxis_B05_10		Lesion_redblu_m_majoraxis_B05_10	92	Defense	NA
Kliebenstein_Fordyce_PlantPhys_2018_PID_30266748	Lesion_redblu_m_majoraxis_Ctrl		Lesion_redblu_m_majoraxis_Ctrl	92	Defense	NA
Kliebenstein_Fordyce_PlantPhys_2018_PID_30266748	Lesion_redblu_m_majoraxis_Supersteak		Lesion_redblu_m_majoraxis_Supersteak	92	Defense	NA
Kliebenstein_Fordyce_PlantPhys_2018_PID_30266748	Lesion_redblu_m_majoraxis_UKRazz		Lesion_redblu_m_majoraxis_UKRazz	92	Defense	NA
Kliebenstein_Fordyce_PlantPhys_2018_PID_30266748	Lesion_redblu_m_theta_Apple517		Lesion_redblu_m_theta_Apple517	92	Defense	NA
Kliebenstein_Fordyce_PlantPhys_2018_PID_30266748	Lesion_redblu_m_theta_B05_10		Lesion_redblu_m_theta_B05_10	92	Defense	NA
Kliebenstein_Fordyce_PlantPhys_2018_PID_30266748	Lesion_redblu_m_theta_Ctrl		Lesion_redblu_m_theta_Ctrl	92	Defense	NA
Kliebenstein_Fordyce_PlantPhys_2018_PID_30266748	Lesion_redblu_m_theta_Supersteak		Lesion_redblu_m_theta_Supersteak	92	Defense	NA
Kliebenstein_Fordyce_PlantPhys_2018_PID_30266748	Lesion_redblu_m_theta_UKRazz		Lesion_redblu_m_theta_UKRazz	92	Defense	NA
Kliebenstein_Fordyce_PlantPhys_2018_PID_30266748	Lesion_redgrn_m_eccentricity_B05_10		Lesion_redgrn_m_eccentricity_B05_10	92	Defense	NA
Kliebenstein_Fordyce_PlantPhys_2018_PID_30266748	Lesion_redgrn_m_eccentricity_Ctrl		Lesion_redgrn_m_eccentricity_Ctrl	92	Defense	NA
Kliebenstein_Fordyce_PlantPhys_2018_PID_30266748	Lesion_redgrn_m_eccentricity_UKRazz		Lesion_redgrn_m_eccentricity_UKRazz	92	Defense	NA
Kliebenstein_Fordyce_PlantPhys_2018_PID_30266748	Lesion_redgrn_m_majoraxis_Ctrl		Lesion_redgrn_m_majoraxis_Ctrl	92	Defense	NA
Kliebenstein_Fordyce_PlantPhys_2018_PID_30266748	Lesion_redgrn_m_theta_Ctrl		Lesion_redgrn_m_theta_Ctrl	92	Defense	NA
Kliebenstein_Fordyce_PlantPhys_2018_PID_30266748	Lesion_redgrn_m_theta_Supersteak		Lesion_redgrn_m_theta_Supersteak	92	Defense	NA
Kliebenstein_Fordyce_PlantPhys_2018_PID_30266748	Lesion_redgrn_m_theta_UKRazz		Lesion_redgrn_m_theta_UKRazz	92	Defense	NA
Kliebenstein_Fordyce_PlantPhys_2018_PID_30266748	Lesion_Size_Apple517		Lesion_Size_Apple517	92	Defense	NA
Kliebenstein_Fordyce_PlantPhys_2018_PID_30266748	Lesion_Size_B05_10		Lesion_Size_B05_10	92	Defense	NA
Kliebenstein_Fordyce_PlantPhys_2018_PID_30266748	Lesion_Size_Ctrl		Lesion_Size_Ctrl	92	Defense	NA
Kliebenstein_Fordyce_PlantPhys_2018_PID_30266748	Lesion_Size_Supersteak		Lesion_Size_Supersteak	92	Defense	NA
Kliebenstein_Fordyce_PlantPhys_2018_PID_30266748	Lesion_Size_UKRazz		Lesion_Size_UKRazz	92	Defense	NA
Kliebenstein_Fordyce_PlantPhys_2018_PID_30266748	Lesion_Ylw_B05_10		Lesion_Ylw_B05_10	92	Defense	NA
Kliebenstein_Fordyce_PlantPhys_2018_PID_30266748	Lesion_Ylw_Ctrl		Lesion_Ylw_Ctrl	92	Defense	NA
Kliebenstein_Fordyce_PlantPhys_2018_PID_30266748	Lesion_Ylw_Supersteak		Lesion_Ylw_Supersteak	92	Defense	NA
Kliebenstein_Fordyce_PlantPhys_2018_PID_30266748	Remaining_Leaf_Apple517		Remaining_Leaf_Apple517	92	Defense	NA
Kliebenstein_Fordyce_PlantPhys_2018_PID_30266748	Ylw_Lesion_Proportion_Apple517		Ylw_Lesion_Proportion_Apple517	92	Defense	NA
Kliebenstein_Fordyce_PlantPhys_2018_PID_30266748	Ylw_Lesion_Proportion_Ctrl		Ylw_Lesion_Proportion_Ctrl	92	Defense	NA
Kliebenstein_Fordyce_PlantPhys_2018_PID_30266748	Ylw_Lesion_Proportion_Supersteak		Ylw_Lesion_Proportion_Supersteak	92	Defense	NA
Nordborg_Atwell_Nature_2010_PID_20336072	67_As75		67_As75	93	Defense	NA
Nordborg_Atwell_Nature_2010_PID_20336072	40_Aphid_number		40_Aphid_number	94	Defense	NA
Grant_Iakovidis_Genetics_2016_PID_27412712	HopAM1-cell_death		HopAM1-cell_death	94	Metabolite	NA
Nordborg_Atwell_Nature_2010_PID_20336072	16_LY		16_LY	95	Development	NA
Nordborg_Atwell_Nature_2010_PID_20336072	25_Bacterial_titer		25_Bacterial_titer	95	Defense	NA
Nordborg_Atwell_Nature_2010_PID_20336072	28_YEL		28_YEL	95	Development	NA
Nordborg_Atwell_Nature_2010_PID_20336072	78_LES		78_LES	95	Development	NA
Linder_Morrison_G3_2014_PID_24902604	k_light_0_nutrient_0		k_light_0_nutrient_0	95	Development	NA
Linder_Morrison_G3_2014_PID_24902604	tmax_light_0_nutrient_0		tmax_light_0_nutrient_0	95	Development	NA
Linder_Morrison_G3_2014_PID_24902604	k_light_0_nutrient_1		k_light_0_nutrient_1	97	Development	NA
Linder_Morrison_G3_2014_PID_24902604	k_light_1_nutrient_0		k_light_1_nutrient_0	97	Development	NA
Linder_Morrison_G3_2014_PID_24902604	k_light_1_nutrient_1		k_light_1_nutrient_1	97	Development	NA
Linder_Morrison_G3_2014_PID_24902604	tmax_light_0_nutrient_1		tmax_light_0_nutrient_1	97	Development	NA
Linder_Morrison_G3_2014_PID_24902604	tmax_light_1_nutrient_0		tmax_light_1_nutrient_0	97	Development	NA
Linder_Morrison_G3_2014_PID_24902604	tmax_light_1_nutrient_1		tmax_light_1_nutrient_1	97	Development	NA
Raffaele_Badet_NewPyhtol_2018_PID_30393937	post_S_sclerotiorum_infection		post_S_sclerotiorum_infection	100	Development	NA
Siddique_Anwer_JExpBot_2018_PID_29378065	sex_ratio		sex_ratio	132	Defense	NA
Decroocq_Poque_BMCPlaBio_2015_PID_26109391	Mechnical_PPV_infection_Hampes_Rosettes		Mechnical_PPV_infection_Hampes_Rosettes	134	Defense	NA
Berthom_Aoun_FronPlaSci_2017_PID_28878784	day10_30C_cut		day10_30C_cut	141	Defense	NA
Berthom_Aoun_FronPlaSci_2017_PID_28878784	day3_30C_cut		day3_30C_cut	141	Defense	NA
Berthom_Aoun_FronPlaSci_2017_PID_28878784	day4_30C_cut		day4_30C_cut	141	Defense	NA
Berthom_Aoun_FronPlaSci_2017_PID_28878784	day5_30C_cut		day5_30C_cut	141	Defense	NA
Berthom_Aoun_FronPlaSci_2017_PID_28878784	day6_30C_cut		day6_30C_cut	141	Defense	NA
Berthom_Aoun_FronPlaSci_2017_PID_28878784	day7_30C_cut		day7_30C_cut	141	Defense	NA
Bergelson_Horton_NatCommun_2014_PID_25382143	16S_OTU0_1		16S_OTU0_1	144	Microbiome	NA
Bergelson_Horton_NatCommun_2014_PID_25382143	16S_OTU10_11		16S_OTU10_11	144	Microbiome	NA
Bergelson_Horton_NatCommun_2014_PID_25382143	16S_OTU101_102		16S_OTU101_102	144	Microbiome	NA
Bergelson_Horton_NatCommun_2014_PID_25382143	16S_OTU1026_1027		16S_OTU1026_1027	144	Microbiome	NA
Bergelson_Horton_NatCommun_2014_PID_25382143	16S_OTU1037_1038		16S_OTU1037_1038	144	Microbiome	NA
Bergelson_Horton_NatCommun_2014_PID_25382143	16S_OTU104_105		16S_OTU104_105	144	Microbiome	NA
Bergelson_Horton_NatCommun_2014_PID_25382143	16S_OTU1076_1077		16S_OTU1076_1077	144	Microbiome	NA
Bergelson_Horton_NatCommun_2014_PID_25382143	16S_OTU11_12		16S_OTU11_12	144	Microbiome	NA
Bergelson_Horton_NatCommun_2014_PID_25382143	16S_OTU110_111		16S_OTU110_111	144	Microbiome	NA
Bergelson_Horton_NatCommun_2014_PID_25382143	16S_OTU116_117		16S_OTU116_117	144	Microbiome	NA
Bergelson_Horton_NatCommun_2014_PID_25382143	16S_OTU12_13		16S_OTU12_13	144	Microbiome	NA
Bergelson_Horton_NatCommun_2014_PID_25382143	16S_OTU125_126		16S_OTU125_126	144	Microbiome	NA
Bergelson_Horton_NatCommun_2014_PID_25382143	16S_OTU129_130		16S_OTU129_130	144	Microbiome	NA
Bergelson_Horton_NatCommun_2014_PID_25382143	16S_OTU15_16		16S_OTU15_16	144	Microbiome	NA
Bergelson_Horton_NatCommun_2014_PID_25382143	16S_OTU151_152		16S_OTU151_152	144	Microbiome	NA
Bergelson_Horton_NatCommun_2014_PID_25382143	16S_OTU154_155		16S_OTU154_155	144	Microbiome	NA
Bergelson_Horton_NatCommun_2014_PID_25382143	16S_OTU157_158		16S_OTU157_158	144	Microbiome	NA
Bergelson_Horton_NatCommun_2014_PID_25382143	16S_OTU159_160		16S_OTU159_160	144	Microbiome	NA
Bergelson_Horton_NatCommun_2014_PID_25382143	16S_OTU17_18		16S_OTU17_18	144	Microbiome	NA
Bergelson_Horton_NatCommun_2014_PID_25382143	16S_OTU1782_1783		16S_OTU1782_1783	144	Microbiome	NA
Bergelson_Horton_NatCommun_2014_PID_25382143	16S_OTU18_19		16S_OTU18_19	144	Microbiome	NA
Bergelson_Horton_NatCommun_2014_PID_25382143	16S_OTU190_191		16S_OTU190_191	144	Microbiome	NA
Bergelson_Horton_NatCommun_2014_PID_25382143	16S_OTU193_194		16S_OTU193_194	144	Microbiome	NA
Bergelson_Horton_NatCommun_2014_PID_25382143	16S_OTU197_198		16S_OTU197_198	144	Microbiome	NA
Bergelson_Horton_NatCommun_2014_PID_25382143	16S_OTU199_200		16S_OTU199_200	144	Microbiome	NA
Bergelson_Horton_NatCommun_2014_PID_25382143	16S_OTU200_201		16S_OTU200_201	144	Microbiome	NA
Bergelson_Horton_NatCommun_2014_PID_25382143	16S_OTU202_203		16S_OTU202_203	144	Microbiome	NA
Bergelson_Horton_NatCommun_2014_PID_25382143	16S_OTU2052_2053		16S_OTU2052_2053	144	Microbiome	NA
Bergelson_Horton_NatCommun_2014_PID_25382143	16S_OTU219_220		16S_OTU219_220	144	Microbiome	NA
Bergelson_Horton_NatCommun_2014_PID_25382143	16S_OTU22_23		16S_OTU22_23	144	Microbiome	NA
Bergelson_Horton_NatCommun_2014_PID_25382143	16S_OTU225_226		16S_OTU225_226	144	Microbiome	NA
Bergelson_Horton_NatCommun_2014_PID_25382143	16S_OTU2284_2285		16S_OTU2284_2285	144	Microbiome	NA
Bergelson_Horton_NatCommun_2014_PID_25382143	16S_OTU233_234		16S_OTU233_234	144	Microbiome	NA
Bergelson_Horton_NatCommun_2014_PID_25382143	16S_OTU2331_2332		16S_OTU2331_2332	144	Microbiome	NA
Bergelson_Horton_NatCommun_2014_PID_25382143	16S_OTU243_244		16S_OTU243_244	144	Microbiome	NA
Bergelson_Horton_NatCommun_2014_PID_25382143	16S_OTU252_253		16S_OTU252_253	144	Microbiome	NA
Bergelson_Horton_NatCommun_2014_PID_25382143	16S_OTU254_255		16S_OTU254_255	144	Microbiome	NA
Bergelson_Horton_NatCommun_2014_PID_25382143	16S_OTU2561_2562		16S_OTU2561_2562	144	Microbiome	NA
Bergelson_Horton_NatCommun_2014_PID_25382143	16S_OTU26_27		16S_OTU26_27	144	Microbiome	NA
Bergelson_Horton_NatCommun_2014_PID_25382143	16S_OTU273_274		16S_OTU273_274	144	Microbiome	NA
Bergelson_Horton_NatCommun_2014_PID_25382143	16S_OTU278_279		16S_OTU278_279	144	Microbiome	NA
Bergelson_Horton_NatCommun_2014_PID_25382143	16S_OTU28_29		16S_OTU28_29	144	Microbiome	NA
Bergelson_Horton_NatCommun_2014_PID_25382143	16S_OTU281_282		16S_OTU281_282	144	Microbiome	NA
Bergelson_Horton_NatCommun_2014_PID_25382143	16S_OTU29_30		16S_OTU29_30	144	Microbiome	NA
Bergelson_Horton_NatCommun_2014_PID_25382143	16S_OTU293_294		16S_OTU293_294	144	Microbiome	NA
Bergelson_Horton_NatCommun_2014_PID_25382143	16S_OTU308_309		16S_OTU308_309	144	Microbiome	NA
Bergelson_Horton_NatCommun_2014_PID_25382143	16S_OTU32_33		16S_OTU32_33	144	Microbiome	NA
Bergelson_Horton_NatCommun_2014_PID_25382143	16S_OTU320_321		16S_OTU320_321	144	Microbiome	NA
Bergelson_Horton_NatCommun_2014_PID_25382143	16S_OTU325_326		16S_OTU325_326	144	Microbiome	NA
Bergelson_Horton_NatCommun_2014_PID_25382143	16S_OTU329_330		16S_OTU329_330	144	Microbiome	NA
Bergelson_Horton_NatCommun_2014_PID_25382143	16S_OTU336_337		16S_OTU336_337	144	Microbiome	NA
Bergelson_Horton_NatCommun_2014_PID_25382143	16S_OTU349_350		16S_OTU349_350	144	Microbiome	NA
Bergelson_Horton_NatCommun_2014_PID_25382143	16S_OTU358_359		16S_OTU358_359	144	Microbiome	NA
Bergelson_Horton_NatCommun_2014_PID_25382143	16S_OTU37_38		16S_OTU37_38	144	Microbiome	NA
Bergelson_Horton_NatCommun_2014_PID_25382143	16S_OTU373_374		16S_OTU373_374	144	Microbiome	NA
Bergelson_Horton_NatCommun_2014_PID_25382143	16S_OTU38_39		16S_OTU38_39	144	Microbiome	NA
Bergelson_Horton_NatCommun_2014_PID_25382143	16S_OTU385_386		16S_OTU385_386	144	Microbiome	NA
Bergelson_Horton_NatCommun_2014_PID_25382143	16S_OTU395_396		16S_OTU395_396	144	Microbiome	NA
Bergelson_Horton_NatCommun_2014_PID_25382143	16S_OTU4_5		16S_OTU4_5	144	Microbiome	NA
Bergelson_Horton_NatCommun_2014_PID_25382143	16S_OTU40_41		16S_OTU40_41	144	Microbiome	NA
Bergelson_Horton_NatCommun_2014_PID_25382143	16S_OTU452_453		16S_OTU452_453	144	Microbiome	NA
Bergelson_Horton_NatCommun_2014_PID_25382143	16S_OTU478_479		16S_OTU478_479	144	Microbiome	NA
Bergelson_Horton_NatCommun_2014_PID_25382143	16S_OTU48_49		16S_OTU48_49	144	Microbiome	NA
Bergelson_Horton_NatCommun_2014_PID_25382143	16S_OTU488_489		16S_OTU488_489	144	Microbiome	NA
Bergelson_Horton_NatCommun_2014_PID_25382143	16S_OTU507_508		16S_OTU507_508	144	Microbiome	NA
Bergelson_Horton_NatCommun_2014_PID_25382143	16S_OTU51_52		16S_OTU51_52	144	Microbiome	NA
Bergelson_Horton_NatCommun_2014_PID_25382143	16S_OTU52_53		16S_OTU52_53	144	Microbiome	NA
Bergelson_Horton_NatCommun_2014_PID_25382143	16S_OTU546_547		16S_OTU546_547	144	Microbiome	NA
Bergelson_Horton_NatCommun_2014_PID_25382143	16S_OTU555_556		16S_OTU555_556	144	Microbiome	NA
Bergelson_Horton_NatCommun_2014_PID_25382143	16S_OTU557_558		16S_OTU557_558	144	Microbiome	NA
Bergelson_Horton_NatCommun_2014_PID_25382143	16S_OTU561_562		16S_OTU561_562	144	Microbiome	NA
Bergelson_Horton_NatCommun_2014_PID_25382143	16S_OTU562_563		16S_OTU562_563	144	Microbiome	NA
Bergelson_Horton_NatCommun_2014_PID_25382143	16S_OTU581_582		16S_OTU581_582	144	Microbiome	NA
Bergelson_Horton_NatCommun_2014_PID_25382143	16S_OTU59_60		16S_OTU59_60	144	Microbiome	NA
Bergelson_Horton_NatCommun_2014_PID_25382143	16S_OTU592_593		16S_OTU592_593	144	Microbiome	NA
Bergelson_Horton_NatCommun_2014_PID_25382143	16S_OTU6_7		16S_OTU6_7	144	Microbiome	NA
Bergelson_Horton_NatCommun_2014_PID_25382143	16S_OTU61_62		16S_OTU61_62	144	Microbiome	NA
Bergelson_Horton_NatCommun_2014_PID_25382143	16S_OTU615_616		16S_OTU615_616	144	Microbiome	NA
Bergelson_Horton_NatCommun_2014_PID_25382143	16S_OTU63_64		16S_OTU63_64	144	Microbiome	NA
Bergelson_Horton_NatCommun_2014_PID_25382143	16S_OTU633_634		16S_OTU633_634	144	Microbiome	NA
Bergelson_Horton_NatCommun_2014_PID_25382143	16S_OTU648_649		16S_OTU648_649	144	Microbiome	NA
Bergelson_Horton_NatCommun_2014_PID_25382143	16S_OTU651_652		16S_OTU651_652	144	Microbiome	NA
Bergelson_Horton_NatCommun_2014_PID_25382143	16S_OTU68_69		16S_OTU68_69	144	Microbiome	NA
Bergelson_Horton_NatCommun_2014_PID_25382143	16S_OTU70_71		16S_OTU70_71	144	Microbiome	NA
Bergelson_Horton_NatCommun_2014_PID_25382143	16S_OTU723_724		16S_OTU723_724	144	Microbiome	NA
Bergelson_Horton_NatCommun_2014_PID_25382143	16S_OTU728_729		16S_OTU728_729	144	Microbiome	NA
Bergelson_Horton_NatCommun_2014_PID_25382143	16S_OTU73_74		16S_OTU73_74	144	Microbiome	NA
Bergelson_Horton_NatCommun_2014_PID_25382143	16S_OTU80_81		16S_OTU80_81	144	Microbiome	NA
Bergelson_Horton_NatCommun_2014_PID_25382143	16S_OTU835_836		16S_OTU835_836	144	Microbiome	NA
Bergelson_Horton_NatCommun_2014_PID_25382143	16S_OTU836_837		16S_OTU836_837	144	Microbiome	NA
Bergelson_Horton_NatCommun_2014_PID_25382143	16S_OTU85_86		16S_OTU85_86	144	Microbiome	NA
Bergelson_Horton_NatCommun_2014_PID_25382143	16S_OTU913_914		16S_OTU913_914	144	Microbiome	NA
Bergelson_Horton_NatCommun_2014_PID_25382143	16S_OTU93_94		16S_OTU93_94	144	Microbiome	NA
Bergelson_Horton_NatCommun_2014_PID_25382143	16S_OTU949_950		16S_OTU949_950	144	Microbiome	NA
Bergelson_Horton_NatCommun_2014_PID_25382143	ITS_OTU1000_1001		ITS_OTU1000_1001	145	Microbiome	NA
Bergelson_Horton_NatCommun_2014_PID_25382143	ITS_OTU1051_1052		ITS_OTU1051_1052	145	Microbiome	NA
Bergelson_Horton_NatCommun_2014_PID_25382143	ITS_OTU1054_1055		ITS_OTU1054_1055	145	Microbiome	NA
Bergelson_Horton_NatCommun_2014_PID_25382143	ITS_OTU1084_1085		ITS_OTU1084_1085	145	Microbiome	NA
Bergelson_Horton_NatCommun_2014_PID_25382143	ITS_OTU1088_1089		ITS_OTU1088_1089	145	Microbiome	NA
Bergelson_Horton_NatCommun_2014_PID_25382143	ITS_OTU1091_1092		ITS_OTU1091_1092	145	Microbiome	NA
Bergelson_Horton_NatCommun_2014_PID_25382143	ITS_OTU1107_1108		ITS_OTU1107_1108	145	Microbiome	NA
Bergelson_Horton_NatCommun_2014_PID_25382143	ITS_OTU1136_1137		ITS_OTU1136_1137	145	Microbiome	NA
Bergelson_Horton_NatCommun_2014_PID_25382143	ITS_OTU1145_1146		ITS_OTU1145_1146	145	Microbiome	NA
Bergelson_Horton_NatCommun_2014_PID_25382143	ITS_OTU1152_1153		ITS_OTU1152_1153	145	Microbiome	NA
Bergelson_Horton_NatCommun_2014_PID_25382143	ITS_OTU1189_1190		ITS_OTU1189_1190	145	Microbiome	NA
Bergelson_Horton_NatCommun_2014_PID_25382143	ITS_OTU1197_1198		ITS_OTU1197_1198	145	Microbiome	NA
Bergelson_Horton_NatCommun_2014_PID_25382143	ITS_OTU1198_1199		ITS_OTU1198_1199	145	Microbiome	NA
Bergelson_Horton_NatCommun_2014_PID_25382143	ITS_OTU1202_1203		ITS_OTU1202_1203	145	Microbiome	NA
Bergelson_Horton_NatCommun_2014_PID_25382143	ITS_OTU1290_1291		ITS_OTU1290_1291	145	Microbiome	NA
Bergelson_Horton_NatCommun_2014_PID_25382143	ITS_OTU1386_1387		ITS_OTU1386_1387	145	Microbiome	NA
Bergelson_Horton_NatCommun_2014_PID_25382143	ITS_OTU1404_1405		ITS_OTU1404_1405	145	Microbiome	NA
Bergelson_Horton_NatCommun_2014_PID_25382143	ITS_OTU1425_1426		ITS_OTU1425_1426	145	Microbiome	NA
Bergelson_Horton_NatCommun_2014_PID_25382143	ITS_OTU1481_1482		ITS_OTU1481_1482	145	Microbiome	NA
Bergelson_Horton_NatCommun_2014_PID_25382143	ITS_OTU1492_1493		ITS_OTU1492_1493	145	Microbiome	NA
Bergelson_Horton_NatCommun_2014_PID_25382143	ITS_OTU1502_1503		ITS_OTU1502_1503	145	Microbiome	NA
Bergelson_Horton_NatCommun_2014_PID_25382143	ITS_OTU1537_1538		ITS_OTU1537_1538	145	Microbiome	NA
Bergelson_Horton_NatCommun_2014_PID_25382143	ITS_OTU1549_1550		ITS_OTU1549_1550	145	Microbiome	NA
Bergelson_Horton_NatCommun_2014_PID_25382143	ITS_OTU1576_1577		ITS_OTU1576_1577	145	Microbiome	NA
Bergelson_Horton_NatCommun_2014_PID_25382143	ITS_OTU1584_1585		ITS_OTU1584_1585	145	Microbiome	NA
Bergelson_Horton_NatCommun_2014_PID_25382143	ITS_OTU1614_1615		ITS_OTU1614_1615	145	Microbiome	NA
Bergelson_Horton_NatCommun_2014_PID_25382143	ITS_OTU1631_1632		ITS_OTU1631_1632	145	Microbiome	NA
Bergelson_Horton_NatCommun_2014_PID_25382143	ITS_OTU1644_1645		ITS_OTU1644_1645	145	Microbiome	NA
Bergelson_Horton_NatCommun_2014_PID_25382143	ITS_OTU1650_1651		ITS_OTU1650_1651	145	Microbiome	NA
Bergelson_Horton_NatCommun_2014_PID_25382143	ITS_OTU1660_1661		ITS_OTU1660_1661	145	Microbiome	NA
Bergelson_Horton_NatCommun_2014_PID_25382143	ITS_OTU1666_1667		ITS_OTU1666_1667	145	Microbiome	NA
Bergelson_Horton_NatCommun_2014_PID_25382143	ITS_OTU1671_1672		ITS_OTU1671_1672	145	Microbiome	NA
Bergelson_Horton_NatCommun_2014_PID_25382143	ITS_OTU1676_1677		ITS_OTU1676_1677	145	Microbiome	NA
Bergelson_Horton_NatCommun_2014_PID_25382143	ITS_OTU1713_1714		ITS_OTU1713_1714	145	Microbiome	NA
Bergelson_Horton_NatCommun_2014_PID_25382143	ITS_OTU1738_1739		ITS_OTU1738_1739	145	Microbiome	NA
Bergelson_Horton_NatCommun_2014_PID_25382143	ITS_OTU1762_1763		ITS_OTU1762_1763	145	Microbiome	NA
Bergelson_Horton_NatCommun_2014_PID_25382143	ITS_OTU1772_1773		ITS_OTU1772_1773	145	Microbiome	NA
Bergelson_Horton_NatCommun_2014_PID_25382143	ITS_OTU1786_1787		ITS_OTU1786_1787	145	Microbiome	NA
Bergelson_Horton_NatCommun_2014_PID_25382143	ITS_OTU1800_1801		ITS_OTU1800_1801	145	Microbiome	NA
Bergelson_Horton_NatCommun_2014_PID_25382143	ITS_OTU1805_1806		ITS_OTU1805_1806	145	Microbiome	NA
Bergelson_Horton_NatCommun_2014_PID_25382143	ITS_OTU1808_1809		ITS_OTU1808_1809	145	Microbiome	NA
Bergelson_Horton_NatCommun_2014_PID_25382143	ITS_OTU1822_1823		ITS_OTU1822_1823	145	Microbiome	NA
Bergelson_Horton_NatCommun_2014_PID_25382143	ITS_OTU1827_1828		ITS_OTU1827_1828	145	Microbiome	NA
Bergelson_Horton_NatCommun_2014_PID_25382143	ITS_OTU1845_1846		ITS_OTU1845_1846	145	Microbiome	NA
Bergelson_Horton_NatCommun_2014_PID_25382143	ITS_OTU1890_1891		ITS_OTU1890_1891	145	Microbiome	NA
Bergelson_Horton_NatCommun_2014_PID_25382143	ITS_OTU1941_1942		ITS_OTU1941_1942	145	Microbiome	NA
Bergelson_Horton_NatCommun_2014_PID_25382143	ITS_OTU1953_1954		ITS_OTU1953_1954	145	Microbiome	NA
Bergelson_Horton_NatCommun_2014_PID_25382143	ITS_OTU2043_2044		ITS_OTU2043_2044	145	Microbiome	NA
Bergelson_Horton_NatCommun_2014_PID_25382143	ITS_OTU2054_2055		ITS_OTU2054_2055	145	Microbiome	NA
Bergelson_Horton_NatCommun_2014_PID_25382143	ITS_OTU2081_2082		ITS_OTU2081_2082	145	Microbiome	NA
Bergelson_Horton_NatCommun_2014_PID_25382143	ITS_OTU2082_2083		ITS_OTU2082_2083	145	Microbiome	NA
Bergelson_Horton_NatCommun_2014_PID_25382143	ITS_OTU2103_2104		ITS_OTU2103_2104	145	Microbiome	NA
Bergelson_Horton_NatCommun_2014_PID_25382143	ITS_OTU2109_2110		ITS_OTU2109_2110	145	Microbiome	NA
Bergelson_Horton_NatCommun_2014_PID_25382143	ITS_OTU2128_2129		ITS_OTU2128_2129	145	Microbiome	NA
Bergelson_Horton_NatCommun_2014_PID_25382143	ITS_OTU2129_2130		ITS_OTU2129_2130	145	Microbiome	NA
Bergelson_Horton_NatCommun_2014_PID_25382143	ITS_OTU2154_2155		ITS_OTU2154_2155	145	Microbiome	NA
Bergelson_Horton_NatCommun_2014_PID_25382143	ITS_OTU2179_2180		ITS_OTU2179_2180	145	Microbiome	NA
Bergelson_Horton_NatCommun_2014_PID_25382143	ITS_OTU2243_2244		ITS_OTU2243_2244	145	Microbiome	NA
Bergelson_Horton_NatCommun_2014_PID_25382143	ITS_OTU2349_2350		ITS_OTU2349_2350	145	Microbiome	NA
Bergelson_Horton_NatCommun_2014_PID_25382143	ITS_OTU2419_2420		ITS_OTU2419_2420	145	Microbiome	NA
Bergelson_Horton_NatCommun_2014_PID_25382143	ITS_OTU2460_2461		ITS_OTU2460_2461	145	Microbiome	NA
Bergelson_Horton_NatCommun_2014_PID_25382143	ITS_OTU2678_2679		ITS_OTU2678_2679	145	Microbiome	NA
Bergelson_Horton_NatCommun_2014_PID_25382143	ITS_OTU2761_2762		ITS_OTU2761_2762	145	Microbiome	NA
Bergelson_Horton_NatCommun_2014_PID_25382143	ITS_OTU2877_2878		ITS_OTU2877_2878	145	Microbiome	NA
Bergelson_Horton_NatCommun_2014_PID_25382143	ITS_OTU2911_2912		ITS_OTU2911_2912	145	Microbiome	NA
Bergelson_Horton_NatCommun_2014_PID_25382143	ITS_OTU2934_2935		ITS_OTU2934_2935	145	Microbiome	NA
Bergelson_Horton_NatCommun_2014_PID_25382143	ITS_OTU3025_3026		ITS_OTU3025_3026	145	Microbiome	NA
Bergelson_Horton_NatCommun_2014_PID_25382143	ITS_OTU3029_3030		ITS_OTU3029_3030	145	Microbiome	NA
Bergelson_Horton_NatCommun_2014_PID_25382143	ITS_OTU3043_3044		ITS_OTU3043_3044	145	Microbiome	NA
Bergelson_Horton_NatCommun_2014_PID_25382143	ITS_OTU3185_3186		ITS_OTU3185_3186	145	Microbiome	NA
Bergelson_Horton_NatCommun_2014_PID_25382143	ITS_OTU3313_3313		ITS_OTU3313_3313	145	Microbiome	NA
Bergelson_Horton_NatCommun_2014_PID_25382143	ITS_OTU3327_3327		ITS_OTU3327_3327	145	Microbiome	NA
Bergelson_Horton_NatCommun_2014_PID_25382143	ITS_OTU3376_3376		ITS_OTU3376_3376	145	Microbiome	NA
Bergelson_Horton_NatCommun_2014_PID_25382143	ITS_OTU3421_3421		ITS_OTU3421_3421	145	Microbiome	NA
Bergelson_Horton_NatCommun_2014_PID_25382143	ITS_OTU3455_3455		ITS_OTU3455_3455	145	Microbiome	NA
Bergelson_Horton_NatCommun_2014_PID_25382143	ITS_OTU3467_3467		ITS_OTU3467_3467	145	Microbiome	NA
Bergelson_Horton_NatCommun_2014_PID_25382143	ITS_OTU3507_3507		ITS_OTU3507_3507	145	Microbiome	NA
Bergelson_Horton_NatCommun_2014_PID_25382143	ITS_OTU3573_3573		ITS_OTU3573_3573	145	Microbiome	NA
Bergelson_Horton_NatCommun_2014_PID_25382143	ITS_OTU3751_3751		ITS_OTU3751_3751	145	Microbiome	NA
Bergelson_Horton_NatCommun_2014_PID_25382143	ITS_OTU3804_3804		ITS_OTU3804_3804	145	Microbiome	NA
Bergelson_Horton_NatCommun_2014_PID_25382143	ITS_OTU3820_3820		ITS_OTU3820_3820	145	Microbiome	NA
Bergelson_Horton_NatCommun_2014_PID_25382143	ITS_OTU3874_3874		ITS_OTU3874_3874	145	Microbiome	NA
Bergelson_Horton_NatCommun_2014_PID_25382143	ITS_OTU3962_3962		ITS_OTU3962_3962	145	Microbiome	NA
Bergelson_Horton_NatCommun_2014_PID_25382143	ITS_OTU4268_4268		ITS_OTU4268_4268	145	Microbiome	NA
Bergelson_Horton_NatCommun_2014_PID_25382143	ITS_OTU600_601		ITS_OTU600_601	145	Microbiome	NA
Bergelson_Horton_NatCommun_2014_PID_25382143	ITS_OTU621_622		ITS_OTU621_622	145	Microbiome	NA
Bergelson_Horton_NatCommun_2014_PID_25382143	ITS_OTU763_764		ITS_OTU763_764	145	Microbiome	NA
Bergelson_Horton_NatCommun_2014_PID_25382143	ITS_OTU776_777		ITS_OTU776_777	145	Microbiome	NA
Bergelson_Horton_NatCommun_2014_PID_25382143	ITS_OTU780_781		ITS_OTU780_781	145	Microbiome	NA
Bergelson_Horton_NatCommun_2014_PID_25382143	ITS_OTU822_823		ITS_OTU822_823	145	Microbiome	NA
Bergelson_Horton_NatCommun_2014_PID_25382143	ITS_OTU850_851		ITS_OTU850_851	145	Microbiome	NA
Bergelson_Horton_NatCommun_2014_PID_25382143	ITS_OTU883_884		ITS_OTU883_884	145	Microbiome	NA
Bergelson_Horton_NatCommun_2014_PID_25382143	ITS_OTU892_893		ITS_OTU892_893	145	Microbiome	NA
Bergelson_Horton_NatCommun_2014_PID_25382143	ITS_OTU899_900		ITS_OTU899_900	145	Microbiome	NA
Bergelson_Horton_NatCommun_2014_PID_25382143	ITS_OTU905_906		ITS_OTU905_906	145	Microbiome	NA
Bergelson_Horton_NatCommun_2014_PID_25382143	ITS_OTU907_908		ITS_OTU907_908	145	Microbiome	NA
Bergelson_Horton_NatCommun_2014_PID_25382143	ITS_OTU910_911		ITS_OTU910_911	145	Microbiome	NA
Bergelson_Horton_NatCommun_2014_PID_25382143	ITS_OTU917_918		ITS_OTU917_918	145	Microbiome	NA
Bergelson_Horton_NatCommun_2014_PID_25382143	ITS_OTU921_922		ITS_OTU921_922	145	Microbiome	NA
Bergelson_Horton_NatCommun_2014_PID_25382143	ITS_OTU998_999		ITS_OTU998_999	145	Microbiome	NA
Nordborg_Atwell_Nature_2010_PID_20336072	38_MT_GH		38_MT_GH	147	Development	NA
Berthom_Aoun_FronPlaSci_2017_PID_28878784	day10_27C_cut		day10_27C_cut	151	Defense	NA
Berthom_Aoun_FronPlaSci_2017_PID_28878784	day11_27C_cut		day11_27C_cut	151	Defense	NA
Berthom_Aoun_FronPlaSci_2017_PID_28878784	day12_27C_cut		day12_27C_cut	151	Defense	NA
Berthom_Aoun_FronPlaSci_2017_PID_28878784	day13_27C_cut		day13_27C_cut	151	Defense	NA
Berthom_Aoun_FronPlaSci_2017_PID_28878784	day3_27C_cut		day3_27C_cut	151	Defense	NA
Berthom_Aoun_FronPlaSci_2017_PID_28878784	day5_27C_cut		day5_27C_cut	151	Defense	NA
Berthom_Aoun_FronPlaSci_2017_PID_28878784	day6_27C_cut		day6_27C_cut	151	Defense	NA
Berthom_Aoun_FronPlaSci_2017_PID_28878784	day7_27C_cut		day7_27C_cut	151	Defense	NA
Berthom_Aoun_FronPlaSci_2017_PID_28878784	day4_27C_cut		day4_27C_cut	152	Defense	NA
Berthom_Aoun_FronPlaSci_2017_PID_28878784	day10_30C_uncut		day10_30C_uncut	158	Defense	NA
Berthom_Aoun_FronPlaSci_2017_PID_28878784	day3_30C_uncut		day3_30C_uncut	158	Defense	NA
Berthom_Aoun_FronPlaSci_2017_PID_28878784	day4_30C_uncut		day4_30C_uncut	158	Defense	NA
Berthom_Aoun_FronPlaSci_2017_PID_28878784	day5_30C_uncut		day5_30C_uncut	158	Defense	NA
Berthom_Aoun_FronPlaSci_2017_PID_28878784	day6_30C_uncut		day6_30C_uncut	158	Defense	NA
Berthom_Aoun_FronPlaSci_2017_PID_28878784	day7_30C_uncut		day7_30C_uncut	158	Defense	NA
Fournier_2011_PID_21980109	Seeds_Finland	fitness	Seeds_Finland	158	Fitness	NA
Fournier_2011_PID_21980109	Seeds_Spain	fitness	Seeds_Spain	158	Fitness	NA
Fournier_2011_PID_21980109	Seeds_Germany	fitness	Seeds_Germany	158	Fitness	NA
Fournier_2011_PID_21980109	Seeds_UnitedKingdom	fitness	Seeds_UnitedKingdom	158	Fitness	NA
Fournier_2011_PID_21980109	Survival_Finland	fitness	Survival_Finland	158	Fitness	NA
Fournier_2011_PID_21980109	Survival_Spain	fitness	Survival_Spain	158	Fitness	NA
Fournier_2011_PID_21980109	Survival_Germany	fitness	Survival_Germany	158	Fitness	NA
Fournier_2011_PID_21980109	Survival_UnitedKingdom	fitness	Survival_UnitedKingdom	158	Fitness	NA
Fournier_2011_PID_21980109	Fitness_Finland	fitness	Fitness_Finland	158	Fitness	NA
Fournier_2011_PID_21980109	Fitness_Spain	fitness	Fitness_Spain	158	Fitness	NA
Fournier_2011_PID_21980109	Fitness_Germany	fitness	Fitness_Germany	158	Fitness	NA
Fournier_2011_PID_21980109	Fitness_UnitedKingdom	fitness	Fitness_UnitedKingdom	158	Fitness	NA
Yanagisawa_Sakuraba_NatPlants_2018_PID_30518831	Pi_uptake_under_Pi_deficient_conditions		Pi_uptake_under_Pi_deficient_conditions	160	Development	NA
Yanagisawa_Sakuraba_NatPlants_2018_PID_30518831	Pi_uptake_under_Pi_sufficient_conditions		Pi_uptake_under_Pi_sufficient_conditions	160	Development	NA
Berthom_Aoun_FronPlaSci_2017_PID_28878784	day11_27C_uncut		day11_27C_uncut	161	Defense	NA
Berthom_Aoun_FronPlaSci_2017_PID_28878784	day13_27C_uncut		day13_27C_uncut	161	Defense	NA
Berthom_Aoun_FronPlaSci_2017_PID_28878784	day3_27C_uncut		day3_27C_uncut	163	Defense	NA
Berthom_Aoun_FronPlaSci_2017_PID_28878784	day4_27C_uncut		day4_27C_uncut	163	Defense	NA
Berthom_Aoun_FronPlaSci_2017_PID_28878784	day5_27C_uncut		day5_27C_uncut	163	Defense	NA
Berthom_Aoun_FronPlaSci_2017_PID_28878784	day6_27C_uncut		day6_27C_uncut	163	Defense	NA
Berthom_Aoun_FronPlaSci_2017_PID_28878784	day7_27C_uncut		day7_27C_uncut	163	Defense	NA
Berthom_Aoun_FronPlaSci_2017_PID_28878784	day8_27C_uncut		day8_27C_uncut	163	Defense	NA
Berthom_Aoun_FronPlaSci_2017_PID_28878784	day9_27C_uncut		day9_27C_uncut	163	Defense	NA
Pico_Manzano-Piedras_PlosOne_2014_PID_24498381	Fitness	fitness	Fitness	164	Fitness	NA
Pico_Manzano-Piedras_PlosOne_2014_PID_24498381	Fruit_production	fitness	Fruit_production	164	Development	NA
Roby_Debieu_MolPlaPath_2016_PID_26212639	Xcc6943		Xcc6943	171	Defense	NA
Nordborg_Atwell_Nature_2010_PID_20336072	10_Bs		10_Bs	175	Defense	NA
Nordborg_Atwell_Nature_2010_PID_20336072	103_As2		103_As2	175	Defense	NA
Nordborg_Atwell_Nature_2010_PID_20336072	107_As		107_As	175	Defense	NA
Nordborg_Atwell_Nature_2010_PID_20336072	2_At2_CFU2		2_At2_CFU2	175	Defense	NA
Nordborg_Atwell_Nature_2010_PID_20336072	21_As2_CFU2		21_As2_CFU2	175	Defense	NA
Nordborg_Atwell_Nature_2010_PID_20336072	42_Bs_CFU2		42_Bs_CFU2	175	Defense	NA
Nordborg_Atwell_Nature_2010_PID_20336072	63_At1_CFU2		63_At1_CFU2	175	Defense	NA
Nordborg_Atwell_Nature_2010_PID_20336072	70_As_CFU2		70_As_CFU2	175	Defense	NA
Nordborg_Atwell_Nature_2010_PID_20336072	83_At2		83_At2	175	Defense	NA
Nordborg_Atwell_Nature_2010_PID_20336072	84_At1		84_At1	175	Defense	NA
Usadel_Voiniciuc_FronPlaSci_2016_PID_27375657	RR_stained_mucilage_area		RR_stained_mucilage_area	175	Metabolite	NA
Nordborg_Atwell_Nature_2010_PID_20336072	12_Rosette_Erect_22	rosette_morph	12_Rosette_Erect_22	176	Development	NA
Nordborg_Atwell_Nature_2010_PID_20336072	19_Chlorosis_22	rosette_morph	19_Chlorosis_22	176	Development	NA
Nordborg_Atwell_Nature_2010_PID_20336072	57_Chlorosis_16	rosette_morph	57_Chlorosis_16	176	Development	NA
Nordborg_Atwell_Nature_2010_PID_20336072	55_Chlorosis_10	rosette_morph	55_Chlorosis_10	177	Development	NA
Bergelson_Vetter_PlosGen_2016_PID_27336582	elfDC		elfDC	186	Defense	NA
Bergelson_Vetter_PlosGen_2016_PID_27336582	elfPs		elfPs	186	Defense	NA
Bergelson_Vetter_PlosGen_2016_PID_27336582	elfPv		elfPv	186	Defense	NA
Bergelson_Vetter_PlosGen_2016_PID_27336582	flgPa		flgPa	186	Defense	NA
Bergelson_Vetter_PlosGen_2016_PID_27336582	flgPsHRm		flgPsHRm	186	Defense	NA
Bergelson_Vetter_PlosGen_2016_PID_27336582	flgPsHRp		flgPsHRp	186	Defense	NA
Bergelson_Vetter_PlosGen_2016_PID_27336582	flgPv		flgPv	186	Defense	NA
Weigel_Exposito-Alonso_NatEcoEvo_2018_PID_29255303	Survival_insitu_Madrid	fitness	Survival_insitu_Madrid	210	Development	NA
Weigel_Exposito-Alonso_NatEcoEvo_2018_PID_29255303	Survival_insitu_Tubingen	fitness	Survival_insitu_Tubingen	210	Development	NA
Weigel_Exposito-Alonso_NatEcoEvo_2018_PID_29255303	drought_index	stress	drought_index	211	Development	NA
Riha_Fulcher_Genetics_2015_PID_25488978	Telomere_Terminal_restriction_fragments		Telomere_Terminal_restriction_fragments	224	Development	NA
Kim_Lyu_NewPyhtol_2018_PID_30266040	days_after_dark_treatment_2		days_after_dark_treatment_2	259	Metabolite	NA
Kim_Lyu_NewPyhtol_2018_PID_30266040	days_after_dark_treatment_3		days_after_dark_treatment_3	259	Metabolite	NA
Kim_Lyu_NewPyhtol_2018_PID_30266040	days_after_dark_treatment_4		days_after_dark_treatment_4	259	Metabolite	NA
Kim_Lyu_NewPyhtol_2018_PID_30266040	days_after_dark_treatment_5		days_after_dark_treatment_5	259	Metabolite	NA
Kim_Lyu_NewPyhtol_2018_PID_30266040	days_after_dark_treatment_6		days_after_dark_treatment_6	259	Metabolite	NA
Kim_Lyu_NewPyhtol_2018_PID_30266040	days_after_dark_treatment_7		days_after_dark_treatment_7	259	Metabolite	NA
Dicke_Davila_MolEcol_2017_PID_28295823	Aphid_reproduction		Aphid_reproduction	293	Defense	NA
Dicke_Davila_MolEcol_2017_PID_28295823	Thrips		Thrips	302	Defense	NA
Dicke_Davila_NewPyhtol_2017_PID_27604707	P_xyllostella		P_xyllostella	311	Defense	NA
Vreugdenhil_Bac-Molenaar_PlaCelEnv_2016_PID_26138664	A0		A0	318	Development	NA
Vreugdenhil_Bac-Molenaar_PlaCelEnv_2016_PID_26138664	r		r	318	Development	NA
Vreugdenhil_Bac-Molenaar_PlaCelEnv_2016_PID_26138664	drought_A0		drought_A0	320	Development	NA
Borevitz_Li_PNAS_2010_PID_21078970	114_Yield_sweden_2009_2nd_experiment		114_Yield_sweden_2009_2nd_experiment	323	Development	NA
Jongsma_Kloth_JExpBot_2016_PID_27107291	aphids_making_long_probes		aphids_making_long_probes	327	Defense	NA
Smant_Warmerdam_NewPyhtol_2018_PID_29468687	number_of_egg_masses		number_of_egg_masses	328	Defense	NA
Jongsma_Kloth_PlantCell_2017_PID_28970334	time_aphids_spent		time_aphids_spent	332	Defense	NA
Testerink_Julkowska_PlantCell_2017_PID_29114015	salt_0_mM_NaCl_PC1	root_architecture	salt_0_mM_NaCl_PC1	333	Development	NA
Testerink_Julkowska_PlantCell_2017_PID_29114015	salt_0_mM_NaCl_PC2	root_architecture	salt_0_mM_NaCl_PC2	333	Development	NA
Testerink_Julkowska_PlantCell_2017_PID_29114015	salt_0_mM_NaCl_PC3	root_architecture	salt_0_mM_NaCl_PC3	333	Development	NA
Testerink_Julkowska_PlantCell_2017_PID_29114015	salt_125_mM_NaCl_PC1	root_architecture	salt_125_mM_NaCl_PC1	333	Development	NA
Testerink_Julkowska_PlantCell_2017_PID_29114015	salt_125_mM_NaCl_PC2	root_architecture	salt_125_mM_NaCl_PC2	333	Development	NA
Testerink_Julkowska_PlantCell_2017_PID_29114015	salt_125_mM_NaCl_PC3	root_architecture	salt_125_mM_NaCl_PC3	333	Development	NA
Testerink_Julkowska_PlantCell_2017_PID_29114015	salt_75_mM_NaCl_PC1	root_architecture	salt_75_mM_NaCl_PC1	333	Development	NA
Testerink_Julkowska_PlantCell_2017_PID_29114015	salt_75_mM_NaCl_PC2	root_architecture	salt_75_mM_NaCl_PC2	333	Development	NA
Testerink_Julkowska_PlantCell_2017_PID_29114015	salt_75_mM_NaCl_PC3	root_architecture	salt_75_mM_NaCl_PC3	333	Development	NA
Dicke_Davila_NewPyhtol_2017_PID_27604707	Botrytis_and_Pieris		Botrytis_and_Pieris	334	Defense	NA
Dicke_Davila_NewPyhtol_2017_PID_27604707	Drought		Drought	334	Defense	NA
Dicke_Davila_NewPyhtol_2017_PID_27604707	Drought_and_Pieris		Drought_and_Pieris	334	Defense	NA
Dicke_Davila_NewPyhtol_2017_PID_27604707	P_rapae		P_rapae	334	Defense	NA
Testerink_Julkowska_PlantCell_2017_PID_29114015	salt_0_mM_NaCl_aLRL_vs_MRL	root_architecture	salt_0_mM_NaCl_aLRL_vs_MRL	336	Development	NA
Testerink_Julkowska_PlantCell_2017_PID_29114015	salt_0_mM_NaCl_Apical	root_architecture	salt_0_mM_NaCl_Apical	336	Development	NA
Testerink_Julkowska_PlantCell_2017_PID_29114015	salt_0_mM_NaCl_Basal	root_architecture	salt_0_mM_NaCl_Basal	336	Development	NA
Testerink_Julkowska_PlantCell_2017_PID_29114015	salt_0_mM_NaCl_Branched	root_architecture	salt_0_mM_NaCl_Branched	336	Development	NA
Testerink_Julkowska_PlantCell_2017_PID_29114015	salt_0_mM_NaCl_Depth	root_architecture	salt_0_mM_NaCl_Depth	336	Development	NA
Testerink_Julkowska_PlantCell_2017_PID_29114015	salt_0_mM_NaCl_LRD_vs_BZ	root_architecture	salt_0_mM_NaCl_LRD_vs_BZ	336	Development	NA
Testerink_Julkowska_PlantCell_2017_PID_29114015	salt_0_mM_NaCl_LRD_vs_MR	root_architecture	salt_0_mM_NaCl_LRD_vs_MR	336	Development	NA
Testerink_Julkowska_PlantCell_2017_PID_29114015	salt_0_mM_NaCl_LRL	root_architecture	salt_0_mM_NaCl_LRL	336	Development	NA
Testerink_Julkowska_PlantCell_2017_PID_29114015	salt_0_mM_NaCl_LRL_vs_MRL	root_architecture	salt_0_mM_NaCl_LRL_vs_MRL	336	Development	NA
Testerink_Julkowska_PlantCell_2017_PID_29114015	salt_0_mM_NaCl_LRL_vs_noLR	root_architecture	salt_0_mM_NaCl_LRL_vs_noLR	336	Development	NA
Testerink_Julkowska_PlantCell_2017_PID_29114015	salt_0_mM_NaCl_MRL	root_architecture	salt_0_mM_NaCl_MRL	336	Development	NA
Testerink_Julkowska_PlantCell_2017_PID_29114015	salt_0_mM_NaCl_MRL_vs_TRS	root_architecture	salt_0_mM_NaCl_MRL_vs_TRS	336	Development	NA
Testerink_Julkowska_PlantCell_2017_PID_29114015	salt_0_mM_NaCl_MRVA	root_architecture	salt_0_mM_NaCl_MRVA	336	Development	NA
Testerink_Julkowska_PlantCell_2017_PID_29114015	salt_0_mM_NaCl_MRVL	root_architecture	salt_0_mM_NaCl_MRVL	336	Development	NA
Testerink_Julkowska_PlantCell_2017_PID_29114015	salt_0_mM_NaCl_noLRpMR	root_architecture	salt_0_mM_NaCl_noLRpMR	336	Development	NA
Testerink_Julkowska_PlantCell_2017_PID_29114015	salt_0_mM_NaCl_Straightness	root_architecture	salt_0_mM_NaCl_Straightness	336	Development	NA
Testerink_Julkowska_PlantCell_2017_PID_29114015	salt_0_mM_NaCl_TRS	root_architecture	salt_0_mM_NaCl_TRS	336	Development	NA
Testerink_Julkowska_PlantCell_2017_PID_29114015	salt_125_mM_NaCl_aLRL_vs_MRL	root_architecture	salt_125_mM_NaCl_aLRL_vs_MRL	336	Development	NA
Testerink_Julkowska_PlantCell_2017_PID_29114015	salt_125_mM_NaCl_Apical	root_architecture	salt_125_mM_NaCl_Apical	336	Development	NA
Testerink_Julkowska_PlantCell_2017_PID_29114015	salt_125_mM_NaCl_Basal	root_architecture	salt_125_mM_NaCl_Basal	336	Development	NA
Testerink_Julkowska_PlantCell_2017_PID_29114015	salt_125_mM_NaCl_Branched	root_architecture	salt_125_mM_NaCl_Branched	336	Development	NA
Testerink_Julkowska_PlantCell_2017_PID_29114015	salt_125_mM_NaCl_Depth	root_architecture	salt_125_mM_NaCl_Depth	336	Development	NA
Testerink_Julkowska_PlantCell_2017_PID_29114015	salt_125_mM_NaCl_LRD_vs_BZ	root_architecture	salt_125_mM_NaCl_LRD_vs_BZ	336	Development	NA
Testerink_Julkowska_PlantCell_2017_PID_29114015	salt_125_mM_NaCl_LRD_vs_MR	root_architecture	salt_125_mM_NaCl_LRD_vs_MR	336	Development	NA
Testerink_Julkowska_PlantCell_2017_PID_29114015	salt_125_mM_NaCl_LRL	root_architecture	salt_125_mM_NaCl_LRL	336	Development	NA
Testerink_Julkowska_PlantCell_2017_PID_29114015	salt_125_mM_NaCl_LRL_vs_MRL	root_architecture	salt_125_mM_NaCl_LRL_vs_MRL	336	Development	NA
Testerink_Julkowska_PlantCell_2017_PID_29114015	salt_125_mM_NaCl_LRL_vs_noLR	root_architecture	salt_125_mM_NaCl_LRL_vs_noLR	336	Development	NA
Testerink_Julkowska_PlantCell_2017_PID_29114015	salt_125_mM_NaCl_MRL	root_architecture	salt_125_mM_NaCl_MRL	336	Development	NA
Testerink_Julkowska_PlantCell_2017_PID_29114015	salt_125_mM_NaCl_MRL_vs_TRS	root_architecture	salt_125_mM_NaCl_MRL_vs_TRS	336	Development	NA
Testerink_Julkowska_PlantCell_2017_PID_29114015	salt_125_mM_NaCl_MRVA	root_architecture	salt_125_mM_NaCl_MRVA	336	Development	NA
Testerink_Julkowska_PlantCell_2017_PID_29114015	salt_125_mM_NaCl_MRVL	root_architecture	salt_125_mM_NaCl_MRVL	336	Development	NA
Testerink_Julkowska_PlantCell_2017_PID_29114015	salt_125_mM_NaCl_noLRpMR	root_architecture	salt_125_mM_NaCl_noLRpMR	336	Development	NA
Testerink_Julkowska_PlantCell_2017_PID_29114015	salt_125_mM_NaCl_Straightness	root_architecture	salt_125_mM_NaCl_Straightness	336	Development	NA
Testerink_Julkowska_PlantCell_2017_PID_29114015	salt_125_mM_NaCl_TRS	root_architecture	salt_125_mM_NaCl_TRS	336	Development	NA
Testerink_Julkowska_PlantCell_2017_PID_29114015	salt_75_mM_NaCl_aLRL_vs_MRL	root_architecture	salt_75_mM_NaCl_aLRL_vs_MRL	336	Development	NA
Testerink_Julkowska_PlantCell_2017_PID_29114015	salt_75_mM_NaCl_Apical	root_architecture	salt_75_mM_NaCl_Apical	336	Development	NA
Testerink_Julkowska_PlantCell_2017_PID_29114015	salt_75_mM_NaCl_Basal	root_architecture	salt_75_mM_NaCl_Basal	336	Development	NA
Testerink_Julkowska_PlantCell_2017_PID_29114015	salt_75_mM_NaCl_Branched	root_architecture	salt_75_mM_NaCl_Branched	336	Development	NA
Testerink_Julkowska_PlantCell_2017_PID_29114015	salt_75_mM_NaCl_Depth	root_architecture	salt_75_mM_NaCl_Depth	336	Development	NA
Testerink_Julkowska_PlantCell_2017_PID_29114015	salt_75_mM_NaCl_LRD_vs_BZ	root_architecture	salt_75_mM_NaCl_LRD_vs_BZ	336	Development	NA
Testerink_Julkowska_PlantCell_2017_PID_29114015	salt_75_mM_NaCl_LRD_vs_MR	root_architecture	salt_75_mM_NaCl_LRD_vs_MR	336	Development	NA
Testerink_Julkowska_PlantCell_2017_PID_29114015	salt_75_mM_NaCl_LRL	root_architecture	salt_75_mM_NaCl_LRL	336	Development	NA
Testerink_Julkowska_PlantCell_2017_PID_29114015	salt_75_mM_NaCl_LRL_vs_MRL	root_architecture	salt_75_mM_NaCl_LRL_vs_MRL	336	Development	NA
Testerink_Julkowska_PlantCell_2017_PID_29114015	salt_75_mM_NaCl_LRL_vs_noLR	root_architecture	salt_75_mM_NaCl_LRL_vs_noLR	336	Development	NA
Testerink_Julkowska_PlantCell_2017_PID_29114015	salt_75_mM_NaCl_MRL	root_architecture	salt_75_mM_NaCl_MRL	336	Development	NA
Testerink_Julkowska_PlantCell_2017_PID_29114015	salt_75_mM_NaCl_MRL_vs_TRS	root_architecture	salt_75_mM_NaCl_MRL_vs_TRS	336	Development	NA
Testerink_Julkowska_PlantCell_2017_PID_29114015	salt_75_mM_NaCl_MRVA	root_architecture	salt_75_mM_NaCl_MRVA	336	Development	NA
Testerink_Julkowska_PlantCell_2017_PID_29114015	salt_75_mM_NaCl_MRVL	root_architecture	salt_75_mM_NaCl_MRVL	336	Development	NA
Testerink_Julkowska_PlantCell_2017_PID_29114015	salt_75_mM_NaCl_noLRpMR	root_architecture	salt_75_mM_NaCl_noLRpMR	336	Development	NA
Testerink_Julkowska_PlantCell_2017_PID_29114015	salt_75_mM_NaCl_Straightness	root_architecture	salt_75_mM_NaCl_Straightness	336	Development	NA
Testerink_Julkowska_PlantCell_2017_PID_29114015	salt_75_mM_NaCl_TRS	root_architecture	salt_75_mM_NaCl_TRS	336	Development	NA
Borevitz_Li_PNAS_2010_PID_21078970	122_Yield_spain_2009_2nd_experiment	fitness	122_Yield_spain_2009_2nd_experiment	337	Development	NA
Vosman_Broekgaarden_PlosOne_2015_PID_26699853	Oviposition_rate_eggs_female		Oviposition_rate_eggs_female	340	Defense	NA
Vosman_Broekgaarden_PlosOne_2015_PID_26699853	Survival		Survival	340	Defense	NA
Salt_Chao_PlosBio_2014_PID_25464340	283_As75		283_As75	345	Defense	NA
Borevitz_Li_PNAS_2010_PID_21078970	132_DTF_spain_2008_1st_experiment	flowering_time	132_DTF_spain_2008_1st_experiment	353	Development	NA
Borevitz_Li_PNAS_2010_PID_21078970	138_YieldPlantingSummerLocSweden2009	fitness	138_YieldPlantingSummerLocSweden2009	355	Development	NA
Borevitz_Li_Genetics_2014_PID_24281156	DTF_Sep_2040	flowering_time	DTF_Sep_2040	367	NA	NA
Roby_Debieu_MolPlaPath_2016_PID_26212639	Xcc12824		Xcc12824	380	Defense	NA
Roby_Huard-Chauveau_PlosGen_2013_PID_24068949	Xanthomonas_campestris_10dpi		Xanthomonas_campestris_10dpi	381	Defense	NA
Roby_Huard-Chauveau_PlosGen_2013_PID_24068949	Xanthomonas_campestris_5dpi		Xanthomonas_campestris_5dpi	381	Defense	NA
Roby_Huard-Chauveau_PlosGen_2013_PID_24068949	Xanthomonas_campestris_7dpi		Xanthomonas_campestris_7dpi	381	Defense	NA
Borevitz_Li_PNAS_2010_PID_21078970	124_Yield_spain_2009_1st_experiment	fitness	124_Yield_spain_2009_1st_experiment	384	Development	NA
Borevitz_Li_PNAS_2010_PID_21078970	133_YieldPlantingSummer2009	fitness	133_YieldPlantingSummer2009	384	Development	NA
Borevitz_Li_PNAS_2010_PID_21078970	139_Yield_sweden_2009_1st_experiment	fitness	139_Yield_sweden_2009_1st_experiment	389	Development	NA
Linder_Branham_JHered_2016_PID_26865732	MPboxcox		MPboxcox	391	Metabolite	NA
Borevitz_Li_PNAS_2010_PID_21078970	111_SizePlantingSummerLocSweden2009	development/growth	111_SizePlantingSummerLocSweden2009	407	Development	NA
Borevitz_Li_PNAS_2010_PID_21078970	110_Size_sweden_2009_2nd_experiment	development/growth	110_Size_sweden_2009_2nd_experiment	418	Development	NA
Borevitz_Li_PNAS_2010_PID_21078970	135_YieldLocSweden2009	fitness	135_YieldLocSweden2009	422	Development	NA
Borevitz_Li_Genetics_2014_PID_24281156	DTF_Oct_2040	flowering_time	DTF_Oct_2040	427	NA	NA
Borevitz_Li_PNAS_2010_PID_21078970	127_Size_spain_2009_2nd_experiment	development/growth	127_Size_spain_2009_2nd_experiment	432	Development	NA
Borevitz_Li_PNAS_2010_PID_21078970	109_SizePlantingSummer2009	development/growth	109_SizePlantingSummer2009	437	Development	NA
Borevitz_Li_PNAS_2010_PID_21078970	108_Area_sweden_2009_1st_experiment	development/growth	108_Area_sweden_2009_1st_experiment	445	Development	NA
Borevitz_Li_PNAS_2010_PID_21078970	137_YieldMainEffect2009	fitness	137_YieldMainEffect2009	454	Development	NA
Borevitz_Li_PNAS_2010_PID_21078970	115_SizeLocSweden2009	development/growth	115_SizeLocSweden2009	457	Development	NA
Borevitz_Li_PNAS_2010_PID_21078970	123_Size_sweden_2009_1st_experiment	development/growth	123_Size_sweden_2009_1st_experiment	458	Development	NA
Borevitz_Li_PNAS_2010_PID_21078970	112_Area_sweden_2009_2nd_experiment	development/growth	112_Area_sweden_2009_2nd_experiment	462	Development	NA
Borevitz_Li_PNAS_2010_PID_21078970	128_Size_spain_2009_1st_experiment	development/growth	128_Size_spain_2009_1st_experiment	463	Development	NA
Borevitz_Li_PNAS_2010_PID_21078970	131_SizeMainEffect2009	development/growth	131_SizeMainEffect2009	466	Development	NA
Exposito-Alonso_Nature_2019_PID_31462776	rFitness_mhi	fitness	rFitness_mhi	515	Fitness	NA
Exposito-Alonso_Nature_2019_PID_31462776	rFitness_mhp	fitness	rFitness_mhp	515	Fitness	NA
Exposito-Alonso_Nature_2019_PID_31462776	rFitness_mli	fitness	rFitness_mli	515	Fitness	NA
Exposito-Alonso_Nature_2019_PID_31462776	rFitness_mlp	fitness	rFitness_mlp	515	Fitness	NA
Exposito-Alonso_Nature_2019_PID_31462776	rFitness_thi	fitness	rFitness_thi	515	Fitness	NA
Exposito-Alonso_Nature_2019_PID_31462776	rFitness_thp	fitness	rFitness_thp	515	Fitness	NA
Exposito-Alonso_Nature_2019_PID_31462776	rFitness_tli	fitness	rFitness_tli	515	Fitness	NA
Exposito-Alonso_Nature_2019_PID_31462776	rFitness_tlp	fitness	rFitness_tlp	515	Fitness	NA
Exposito-Alonso_Nature_2019_PID_31462776	rSeeds_mhi	fitness	rSeeds_mhi	515	Development	NA
Exposito-Alonso_Nature_2019_PID_31462776	rSeeds_mhp	fitness	rSeeds_mhp	515	Development	NA
Exposito-Alonso_Nature_2019_PID_31462776	rSeeds_mli	fitness	rSeeds_mli	515	Development	NA
Exposito-Alonso_Nature_2019_PID_31462776	rSeeds_mlp	fitness	rSeeds_mlp	515	Development	NA
Exposito-Alonso_Nature_2019_PID_31462776	rSeeds_thi	fitness	rSeeds_thi	515	Development	NA
Exposito-Alonso_Nature_2019_PID_31462776	rSeeds_thp	fitness	rSeeds_thp	515	Development	NA
Exposito-Alonso_Nature_2019_PID_31462776	rSeeds_tli	fitness	rSeeds_tli	515	Development	NA
Exposito-Alonso_Nature_2019_PID_31462776	rSeeds_tlp	fitness	rSeeds_tlp	515	Development	NA
Exposito-Alonso_Nature_2019_PID_31462776	rSurvival_fruit_mhi	fitness	rSurvival_fruit_mhi	515	Development	NA
Exposito-Alonso_Nature_2019_PID_31462776	rSurvival_fruit_mhp	fitness	rSurvival_fruit_mhp	515	Development	NA
Exposito-Alonso_Nature_2019_PID_31462776	rSurvival_fruit_mli	fitness	rSurvival_fruit_mli	515	Development	NA
Exposito-Alonso_Nature_2019_PID_31462776	rSurvival_fruit_mlp	fitness	rSurvival_fruit_mlp	515	Development	NA
Exposito-Alonso_Nature_2019_PID_31462776	rSurvival_fruit_thi	fitness	rSurvival_fruit_thi	515	Development	NA
Exposito-Alonso_Nature_2019_PID_31462776	rSurvival_fruit_thp	fitness	rSurvival_fruit_thp	515	Development	NA
Exposito-Alonso_Nature_2019_PID_31462776	rSurvival_fruit_tli	fitness	rSurvival_fruit_tli	515	Development	NA
Exposito-Alonso_Nature_2019_PID_31462776	rSurvival_fruit_tlp	fitness	rSurvival_fruit_tlp	515	Development	NA
Marino_Sarasketa_JExpBot_2014_PID_25205573	AA_NH4_fed		AA_NH4_fed	39	Metabolite	Tolerance
Marino_Sarasketa_JExpBot_2014_PID_25205573	AA_NO3_fed		AA_NO3_fed	39	Metabolite	Tolerance
Marino_Sarasketa_JExpBot_2014_PID_25205573	GDH_animating_NH4_fed		GDH_animating_NH4_fed	39	Metabolite	Tolerance
Marino_Sarasketa_JExpBot_2014_PID_25205573	GDH_animating_NO3_fed		GDH_animating_NO3_fed	39	Metabolite	Tolerance
Marino_Sarasketa_JExpBot_2014_PID_25205573	GDH_deaminating_NH4_fed		GDH_deaminating_NH4_fed	39	Metabolite	Tolerance
Marino_Sarasketa_JExpBot_2014_PID_25205573	GDH_deaminating_NO3_fed		GDH_deaminating_NO3_fed	39	Metabolite	Tolerance
Marino_Sarasketa_JExpBot_2014_PID_25205573	GS_activity_NH4_fed		GS_activity_NH4_fed	39	Metabolite	Tolerance
Marino_Sarasketa_JExpBot_2014_PID_25205573	GS_activity_NO3_fed		GS_activity_NO3_fed	39	Metabolite	Tolerance
Marino_Sarasketa_JExpBot_2014_PID_25205573	NH4_content_NH4_fed		NH4_content_NH4_fed	39	Metabolite	Tolerance
Marino_Sarasketa_JExpBot_2014_PID_25205573	NH4_content_NO3_fed		NH4_content_NO3_fed	39	Metabolite	Tolerance
Marino_Sarasketa_JExpBot_2014_PID_25205573	NR_activity_NH4_fed		NR_activity_NH4_fed	39	Metabolite	Tolerance
Marino_Sarasketa_JExpBot_2014_PID_25205573	NR_activity_NO3_fed		NR_activity_NO3_fed	39	Metabolite	Tolerance
Fernie_Tohge_SciData_2018_PID_29611844	Flavonol.glycoside01		Flavonol.glycoside01	52	Metabolite	Tolerance
Fernie_Tohge_SciData_2018_PID_29611844	Flavonol.glycoside02		Flavonol.glycoside02	52	Metabolite	Tolerance
Fernie_Tohge_SciData_2018_PID_29611844	GLS.1		GLS.1	52	Metabolite	Tolerance
Fernie_Tohge_SciData_2018_PID_29611844	GLS.2		GLS.2	52	Metabolite	Tolerance
Fernie_Tohge_SciData_2018_PID_29611844	I3M		I3M	52	Metabolite	Tolerance
Fernie_Tohge_SciData_2018_PID_29611844	Is3A7R		Is3A7R	52	Metabolite	Tolerance
Fernie_Tohge_SciData_2018_PID_29611844	Is3G		Is3G	52	Metabolite	Tolerance
Fernie_Tohge_SciData_2018_PID_29611844	Is3G7R		Is3G7R	52	Metabolite	Tolerance
Fernie_Tohge_SciData_2018_PID_29611844	Is3R7R		Is3R7R	52	Metabolite	Tolerance
Fernie_Tohge_SciData_2018_PID_29611844	K3A7R		K3A7R	52	Metabolite	Tolerance
Fernie_Tohge_SciData_2018_PID_29611844	K3G		K3G	52	Metabolite	Tolerance
Fernie_Tohge_SciData_2018_PID_29611844	K3G7G		K3G7G	52	Metabolite	Tolerance
Fernie_Tohge_SciData_2018_PID_29611844	K3G7R		K3G7R	52	Metabolite	Tolerance
Fernie_Tohge_SciData_2018_PID_29611844	K3GG7R		K3GG7R	52	Metabolite	Tolerance
Fernie_Tohge_SciData_2018_PID_29611844	K3GH		K3GH	52	Metabolite	Tolerance
Fernie_Tohge_SciData_2018_PID_29611844	K3GR7R		K3GR7R	52	Metabolite	Tolerance
Fernie_Tohge_SciData_2018_PID_29611844	K3R		K3R	52	Metabolite	Tolerance
Fernie_Tohge_SciData_2018_PID_29611844	K3R7R		K3R7R	52	Metabolite	Tolerance
Fernie_Tohge_SciData_2018_PID_29611844	Polyamine01		Polyamine01	52	Metabolite	Tolerance
Fernie_Tohge_SciData_2018_PID_29611844	Polyamine02		Polyamine02	52	Metabolite	Tolerance
Fernie_Tohge_SciData_2018_PID_29611844	Polyamine03		Polyamine03	52	Metabolite	Tolerance
Fernie_Tohge_SciData_2018_PID_29611844	Polyamine04		Polyamine04	52	Metabolite	Tolerance
Fernie_Tohge_SciData_2018_PID_29611844	Polyamine05		Polyamine05	52	Metabolite	Tolerance
Fernie_Tohge_SciData_2018_PID_29611844	Polyamine06		Polyamine06	52	Metabolite	Tolerance
Fernie_Tohge_SciData_2018_PID_29611844	Polyamine07		Polyamine07	52	Metabolite	Tolerance
Fernie_Tohge_SciData_2018_PID_29611844	putative.HDX		putative.HDX	52	Metabolite	Tolerance
Fernie_Tohge_SciData_2018_PID_29611844	Q3A7R		Q3A7R	52	Metabolite	Tolerance
Fernie_Tohge_SciData_2018_PID_29611844	Q3G		Q3G	52	Metabolite	Tolerance
Fernie_Tohge_SciData_2018_PID_29611844	Q3G7G		Q3G7G	52	Metabolite	Tolerance
Fernie_Tohge_SciData_2018_PID_29611844	Q3G7R		Q3G7R	52	Metabolite	Tolerance
Fernie_Tohge_SciData_2018_PID_29611844	Q3GG7R		Q3GG7R	52	Metabolite	Tolerance
Fernie_Tohge_SciData_2018_PID_29611844	Q3GH		Q3GH	52	Metabolite	Tolerance
Fernie_Tohge_SciData_2018_PID_29611844	Q3GR7R		Q3GR7R	52	Metabolite	Tolerance
Fernie_Tohge_SciData_2018_PID_29611844	Q3R		Q3R	52	Metabolite	Tolerance
Fernie_Tohge_SciData_2018_PID_29611844	Q3R7R		Q3R7R	52	Metabolite	Tolerance
Fernie_Tohge_SciData_2018_PID_29611844	saiginol.A		saiginol.A	52	Metabolite	Tolerance
Fernie_Tohge_SciData_2018_PID_29611844	saiginol.B		saiginol.B	52	Metabolite	Tolerance
Fernie_Tohge_SciData_2018_PID_29611844	saiginol.C		saiginol.C	52	Metabolite	Tolerance
Fernie_Tohge_SciData_2018_PID_29611844	saiginol.D		saiginol.D	52	Metabolite	Tolerance
Fernie_Tohge_SciData_2018_PID_29611844	saiginol.E		saiginol.E	52	Metabolite	Tolerance
Fernie_Tohge_SciData_2018_PID_29611844	saiginol.F		saiginol.F	52	Metabolite	Tolerance
Fernie_Tohge_SciData_2018_PID_29611844	saiginol.G		saiginol.G	52	Metabolite	Tolerance
Fernie_Tohge_SciData_2018_PID_29611844	saiginol.H		saiginol.H	52	Metabolite	Tolerance
Fernie_Tohge_SciData_2018_PID_29611844	saiginol.I		saiginol.I	52	Metabolite	Tolerance
Fernie_Tohge_SciData_2018_PID_29611844	saiginol.J		saiginol.J	52	Metabolite	Tolerance
Fernie_Tohge_SciData_2018_PID_29611844	saiginol.K		saiginol.K	52	Metabolite	Tolerance
Fernie_Tohge_SciData_2018_PID_29611844	saiginol.L		saiginol.L	52	Metabolite	Tolerance
Fernie_Tohge_SciData_2018_PID_29611844	saiginol.M		saiginol.M	52	Metabolite	Tolerance
Fernie_Tohge_SciData_2018_PID_29611844	saiginol.N		saiginol.N	52	Metabolite	Tolerance
Fernie_Tohge_SciData_2018_PID_29611844	saiginol.O		saiginol.O	52	Metabolite	Tolerance
Fernie_Tohge_SciData_2018_PID_29611844	saiginol.P		saiginol.P	52	Metabolite	Tolerance
Fernie_Tohge_SciData_2018_PID_29611844	saiginol.Q		saiginol.Q	52	Metabolite	Tolerance
Fernie_Tohge_SciData_2018_PID_29611844	saiginol.R		saiginol.R	52	Metabolite	Tolerance
Fernie_Tohge_SciData_2018_PID_29611844	SinG1		SinG1	52	Metabolite	Tolerance
Fernie_Tohge_SciData_2018_PID_29611844	sinigrin		sinigrin	52	Metabolite	Tolerance
Fernie_Tohge_SciData_2018_PID_29611844	SinM		SinM	52	Metabolite	Tolerance
Fernie_Tohge_SciData_2018_PID_29611844	X1MOI3M		X1MOI3M	52	Metabolite	Tolerance
Fernie_Tohge_SciData_2018_PID_29611844	X3MSOP		X3MSOP	52	Metabolite	Tolerance
Fernie_Tohge_SciData_2018_PID_29611844	X4MOI3M		X4MOI3M	52	Metabolite	Tolerance
Fernie_Tohge_SciData_2018_PID_29611844	X4MSOB		X4MSOB	52	Metabolite	Tolerance
Fernie_Tohge_SciData_2018_PID_29611844	X4MTB		X4MTB	52	Metabolite	Tolerance
Fernie_Tohge_SciData_2018_PID_29611844	X5MSOP		X5MSOP	52	Metabolite	Tolerance
Fernie_Tohge_SciData_2018_PID_29611844	X6MSOH		X6MSOH	52	Metabolite	Tolerance
Fernie_Tohge_SciData_2018_PID_29611844	X6MTH		X6MTH	52	Metabolite	Tolerance
Fernie_Tohge_SciData_2018_PID_29611844	X7MSOH		X7MSOH	52	Metabolite	Tolerance
Fernie_Tohge_SciData_2018_PID_29611844	X7MTH		X7MTH	52	Metabolite	Tolerance
Fernie_Tohge_SciData_2018_PID_29611844	X8MSOO		X8MSOO	52	Metabolite	Tolerance
Fernie_Tohge_SciData_2018_PID_29611844	X8MTO		X8MTO	52	Metabolite	Tolerance
Ludewig_Chen_FronPlaSci_2016_PID_27507976	Mn_response		Mn_response	64	Metabolite	Tolerance
Ludewig_Chen_FronPlaSci_2016_PID_27507976	Zn_response		Zn_response	64	Metabolite	Tolerance
Ludewig_Chen_FronPlaSci_2016_PID_27507976	Fe_response		Fe_response	65	Metabolite	Tolerance
Leyva_Snchez-Bermejo_NatCommun_2014_PID_25099865	As_V_tolerance		As_V_tolerance	66	Metabolite	Tolerance
Stracke_Ishihara_JExpBot_2016_PID_26717955	F3GG7R		F3GG7R	77	Metabolite	Tolerance
Kliebenstein_Chan_PlosBio_2011_PID_21857804	Unknown_Alkenyl_1		Unknown_Alkenyl_1	88	Metabolite	Tolerance
Kliebenstein_Chan_PlosBio_2011_PID_21857804	Alllyl_1		Alllyl_1	90	Metabolite	Tolerance
Kliebenstein_Chan_Genetics_2010_PID_19737743	Alllyl_2008		Alllyl_2008	90	Metabolite	Tolerance
Kliebenstein_Chan_PlosBio_2011_PID_21857804	But_3_enyl_1		But_3_enyl_1	90	Metabolite	Tolerance
Kliebenstein_Chan_Genetics_2010_PID_19737743	But_3_enyl_2008		But_3_enyl_2008	90	Metabolite	Tolerance
Kliebenstein_Chan_PlosBio_2011_PID_21857804	Indol_3_ylmethyl		Indol_3_ylmethyl	90	Metabolite	Tolerance
Kliebenstein_Chan_Genetics_2010_PID_19737743	Indol_3_ylmethyl_2008		Indol_3_ylmethyl_2008	90	Metabolite	Tolerance
Kliebenstein_Chan_PlosBio_2011_PID_21857804	N_methoxy_indol_3_ylmethyl		N_methoxy_indol_3_ylmethyl	90	Metabolite	Tolerance
Kliebenstein_Chan_Genetics_2010_PID_19737743	N_methoxy_indol_3_ylmethyl_2008		N_methoxy_indol_3_ylmethyl_2008	90	Metabolite	Tolerance
Kliebenstein_Chan_PlosBio_2011_PID_21857804	Pent_4_enyl		Pent_4_enyl	90	Metabolite	Tolerance
Kliebenstein_Chan_Genetics_2010_PID_19737743	Pent_4_enyl_2008		Pent_4_enyl_2008	90	Metabolite	Tolerance
Kliebenstein_Chan_PlosBio_2011_PID_21857804	R_2_hydroxy_but_3_enyl_1		R_2_hydroxy_but_3_enyl_1	90	Metabolite	Tolerance
Kliebenstein_Chan_Genetics_2010_PID_19737743	Ratio_of_C3_methylthio_to_total_C3_2008		Ratio_of_C3_methylthio_to_total_C3_2008	90	Metabolite	Tolerance
Kliebenstein_Chan_Genetics_2010_PID_19737743	Ratio_of_C3_to_SC_Aliphatic_2008		Ratio_of_C3_to_SC_Aliphatic_2008	90	Metabolite	Tolerance
Kliebenstein_Chan_Genetics_2010_PID_19737743	Ratio_of_C4_methylthio_to_total_C4_2008		Ratio_of_C4_methylthio_to_total_C4_2008	90	Metabolite	Tolerance
Kliebenstein_Chan_Genetics_2010_PID_19737743	Ratio_of_C7_methylthio_to_total_C7_2008		Ratio_of_C7_methylthio_to_total_C7_2008	90	Metabolite	Tolerance
Kliebenstein_Chan_Genetics_2010_PID_19737743	Ratio_of_C7_to_LC_Aliphatic_2008		Ratio_of_C7_to_LC_Aliphatic_2008	90	Metabolite	Tolerance
Kliebenstein_Chan_Genetics_2010_PID_19737743	Ratio_of_C8_methylthio_to_total_C8_2008		Ratio_of_C8_methylthio_to_total_C8_2008	90	Metabolite	Tolerance
Kliebenstein_Chan_Genetics_2010_PID_19737743	Ratio_of_NMOI3M_to_TIND_2008		Ratio_of_NMOI3M_to_TIND_2008	90	Metabolite	Tolerance
Kliebenstein_Chan_Genetics_2010_PID_19737743	Ratio_of_TOH4_to_TIND_2008		Ratio_of_TOH4_to_TIND_2008	90	Metabolite	Tolerance
Kliebenstein_Chan_PlosBio_2011_PID_21857804	S_2_hydroxy_but_3_enyl_1		S_2_hydroxy_but_3_enyl_1	90	Metabolite	Tolerance
Kliebenstein_Chan_Genetics_2010_PID_19737743	Total_Alkenyl_Aliphatic_2008		Total_Alkenyl_Aliphatic_2008	90	Metabolite	Tolerance
Kliebenstein_Chan_Genetics_2010_PID_19737743	Total_C3_Aliphatic_2008		Total_C3_Aliphatic_2008	90	Metabolite	Tolerance
Kliebenstein_Chan_Genetics_2010_PID_19737743	Total_C3_and_C4_Aliphatic_2008		Total_C3_and_C4_Aliphatic_2008	90	Metabolite	Tolerance
Kliebenstein_Chan_Genetics_2010_PID_19737743	Total_C4_Aliphatic_2008		Total_C4_Aliphatic_2008	90	Metabolite	Tolerance
Kliebenstein_Chan_Genetics_2010_PID_19737743	Total_C5_Aliphatic_2008		Total_C5_Aliphatic_2008	90	Metabolite	Tolerance
Kliebenstein_Chan_Genetics_2010_PID_19737743	Total_C7_Aliphatic_2008		Total_C7_Aliphatic_2008	90	Metabolite	Tolerance
Kliebenstein_Chan_Genetics_2010_PID_19737743	Total_C7_and_C8_Aliphatic_2008		Total_C7_and_C8_Aliphatic_2008	90	Metabolite	Tolerance
Kliebenstein_Chan_Genetics_2010_PID_19737743	Total_C8_Aliphatic_2008		Total_C8_Aliphatic_2008	90	Metabolite	Tolerance
Kliebenstein_Chan_Genetics_2010_PID_19737743	Total_Hydroxyalkenyl_Aliphatic_2008		Total_Hydroxyalkenyl_Aliphatic_2008	90	Metabolite	Tolerance
Kliebenstein_Chan_Genetics_2010_PID_19737743	Total_Hydroxyalkyl_Aliphatic_2008		Total_Hydroxyalkyl_Aliphatic_2008	90	Metabolite	Tolerance
Kliebenstein_Chan_Genetics_2010_PID_19737743	Total_Indolic_Glucosinolate_2008		Total_Indolic_Glucosinolate_2008	90	Metabolite	Tolerance
Kliebenstein_Chan_Genetics_2010_PID_19737743	Total_Indolic_Glucosinolate_with_4_hydroxylation_2008		Total_Indolic_Glucosinolate_with_4_hydroxylation_2008	90	Metabolite	Tolerance
Kliebenstein_Chan_Genetics_2010_PID_19737743	Total_Methylsulfinyl_Aliphatic_2008		Total_Methylsulfinyl_Aliphatic_2008	90	Metabolite	Tolerance
Kliebenstein_Chan_Genetics_2010_PID_19737743	Unknown_Alkenyl_2008		Unknown_Alkenyl_2008	90	Metabolite	Tolerance
Kliebenstein_Chan_Genetics_2010_PID_19737743	X_R_2_hydroxy_but_3_enyl_2008		X_R_2_hydroxy_but_3_enyl_2008	90	Metabolite	Tolerance
Kliebenstein_Chan_Genetics_2010_PID_19737743	X_S_2_hydroxy_but_3_enyl_2008		X_S_2_hydroxy_but_3_enyl_2008	90	Metabolite	Tolerance
Kliebenstein_Chan_PlosBio_2011_PID_21857804	X3_hydroxypropyl_1		X3_hydroxypropyl_1	90	Metabolite	Tolerance
Kliebenstein_Chan_Genetics_2010_PID_19737743	X3_hydroxypropyl_2008		X3_hydroxypropyl_2008	90	Metabolite	Tolerance
Kliebenstein_Chan_PlosBio_2011_PID_21857804	X3_methylsulfinylpropyl_1		X3_methylsulfinylpropyl_1	90	Metabolite	Tolerance
Kliebenstein_Chan_Genetics_2010_PID_19737743	X3_methylsulfinylpropyl_2008		X3_methylsulfinylpropyl_2008	90	Metabolite	Tolerance
Kliebenstein_Chan_PlosBio_2011_PID_21857804	X3_methylthiopropyl_1		X3_methylthiopropyl_1	90	Metabolite	Tolerance
Kliebenstein_Chan_Genetics_2010_PID_19737743	X3_methylthiopropyl_2008		X3_methylthiopropyl_2008	90	Metabolite	Tolerance
Kliebenstein_Chan_PlosBio_2011_PID_21857804	X4_hydroxy_indol_3_ylmethyl		X4_hydroxy_indol_3_ylmethyl	90	Metabolite	Tolerance
Kliebenstein_Chan_Genetics_2010_PID_19737743	X4_hydroxy_indol_3_ylmethyl_2008		X4_hydroxy_indol_3_ylmethyl_2008	90	Metabolite	Tolerance
Kliebenstein_Chan_PlosBio_2011_PID_21857804	X4_methoxy_indol_3_ylmethyl		X4_methoxy_indol_3_ylmethyl	90	Metabolite	Tolerance
Kliebenstein_Chan_Genetics_2010_PID_19737743	X4_methoxy_indol_3_ylmethyl_2008		X4_methoxy_indol_3_ylmethyl_2008	90	Metabolite	Tolerance
Kliebenstein_Chan_PlosBio_2011_PID_21857804	X4_methylsulfinylbutyl_1		X4_methylsulfinylbutyl_1	90	Metabolite	Tolerance
Kliebenstein_Chan_Genetics_2010_PID_19737743	X4_methylsulfinylbutyl_2008		X4_methylsulfinylbutyl_2008	90	Metabolite	Tolerance
Kliebenstein_Chan_PlosBio_2011_PID_21857804	X4_methylthiobutyl		X4_methylthiobutyl	90	Metabolite	Tolerance
Kliebenstein_Chan_Genetics_2010_PID_19737743	X4_methylthiobutyl_2008		X4_methylthiobutyl_2008	90	Metabolite	Tolerance
Kliebenstein_Chan_PlosBio_2011_PID_21857804	X5_methylsulfinylpentyl_1		X5_methylsulfinylpentyl_1	90	Metabolite	Tolerance
Kliebenstein_Chan_Genetics_2010_PID_19737743	X5_methylsulfinylpentyl_2008		X5_methylsulfinylpentyl_2008	90	Metabolite	Tolerance
Kliebenstein_Chan_Genetics_2010_PID_19737743	X7_methylsulfinylheptyl_2008		X7_methylsulfinylheptyl_2008	90	Metabolite	Tolerance
Kliebenstein_Chan_PlosBio_2011_PID_21857804	X7_methylthioheptyl		X7_methylthioheptyl	90	Metabolite	Tolerance
Kliebenstein_Chan_Genetics_2010_PID_19737743	X7_methylthioheptyl_2008		X7_methylthioheptyl_2008	90	Metabolite	Tolerance
Kliebenstein_Chan_PlosBio_2011_PID_21857804	X8_methylsulfinyloctyl		X8_methylsulfinyloctyl	90	Metabolite	Tolerance
Kliebenstein_Chan_Genetics_2010_PID_19737743	X8_methylsulfinyloctyl_2008		X8_methylsulfinyloctyl_2008	90	Metabolite	Tolerance
Kliebenstein_Chan_PlosBio_2011_PID_21857804	X8_methylthiooctyl		X8_methylthiooctyl	90	Metabolite	Tolerance
Kliebenstein_Chan_Genetics_2010_PID_19737743	X8_methylthiooctyl_2008		X8_methylthiooctyl_2008	90	Metabolite	Tolerance
Kliebenstein_Chan_PlosBio_2011_PID_21857804	AgNO3_Camalexin		AgNO3_Camalexin	91	Metabolite	Tolerance
Kliebenstein_Chan_PlosBio_2011_PID_21857804	AgNO3_Camalexin_1		AgNO3_Camalexin_1	91	Metabolite	Tolerance
Kliebenstein_Chan_PlosBio_2011_PID_21857804	Fresh_Weight		Fresh_Weight	91	Metabolite	Tolerance
Kliebenstein_Chan_PlosBio_2011_PID_21857804	Leaf_Area		Leaf_Area	91	Metabolite	Tolerance
Kliebenstein_Chan_PlosGen_2010_PID_21079692	aconitic_acid_exp2		aconitic_acid_exp2	92	Metabolite	Tolerance
Kliebenstein_Chan_PlosGen_2010_PID_21079692	adipic_acid_exp2		adipic_acid_exp2	92	Metabolite	Tolerance
Kliebenstein_Chan_PlosGen_2010_PID_21079692	alanine_exp1		alanine_exp1	92	Metabolite	Tolerance
Kliebenstein_Chan_PlosGen_2010_PID_21079692	alanine_exp2		alanine_exp2	92	Metabolite	Tolerance
Kliebenstein_Chan_PlosBio_2011_PID_21857804	Alllyl		Alllyl	92	Metabolite	Tolerance
Kliebenstein_Francisco_FronPlaSci_2016_PID_27313596	Allyl_MS		Allyl_MS	92	Metabolite	Tolerance
Kliebenstein_Francisco_FronPlaSci_2016_PID_27313596	Allyl_MS_and_allyl		Allyl_MS_and_allyl	92	Metabolite	Tolerance
Kliebenstein_Chan_PlosGen_2010_PID_21079692	alpha_ketoglutaric_acid_exp2		alpha_ketoglutaric_acid_exp2	92	Metabolite	Tolerance
Kliebenstein_Chan_PlosGen_2010_PID_21079692	arabinose_exp1		arabinose_exp1	92	Metabolite	Tolerance
Kliebenstein_Chan_PlosGen_2010_PID_21079692	arabinose_exp2		arabinose_exp2	92	Metabolite	Tolerance
Kliebenstein_Chan_PlosGen_2010_PID_21079692	arachidic_acid_exp1		arachidic_acid_exp1	92	Metabolite	Tolerance
Kliebenstein_Chan_PlosGen_2010_PID_21079692	arachidic_acid_exp2		arachidic_acid_exp2	92	Metabolite	Tolerance
Kliebenstein_Chan_PlosGen_2010_PID_21079692	ascorbic_acid_exp2		ascorbic_acid_exp2	92	Metabolite	Tolerance
Kliebenstein_Chan_PlosGen_2010_PID_21079692	asparagine_exp1		asparagine_exp1	92	Metabolite	Tolerance
Kliebenstein_Chan_PlosGen_2010_PID_21079692	asparagine_exp2		asparagine_exp2	92	Metabolite	Tolerance
Kliebenstein_Chan_PlosGen_2010_PID_21079692	aspartic_acid_exp1		aspartic_acid_exp1	92	Metabolite	Tolerance
Kliebenstein_Chan_PlosGen_2010_PID_21079692	aspartic_acid_exp2		aspartic_acid_exp2	92	Metabolite	Tolerance
Kliebenstein_Chan_PlosGen_2010_PID_21079692	behenic_acid_exp1		behenic_acid_exp1	92	Metabolite	Tolerance
Kliebenstein_Chan_PlosGen_2010_PID_21079692	benzoic_acid_exp1		benzoic_acid_exp1	92	Metabolite	Tolerance
Kliebenstein_Chan_PlosGen_2010_PID_21079692	benzoic_acid_exp2		benzoic_acid_exp2	92	Metabolite	Tolerance
Kliebenstein_Chan_PlosBio_2011_PID_21857804	Benzyl		Benzyl	92	Metabolite	Tolerance
Kliebenstein_Chan_PlosGen_2010_PID_21079692	beta_alanine_exp1		beta_alanine_exp1	92	Metabolite	Tolerance
Kliebenstein_Chan_PlosGen_2010_PID_21079692	beta_alanine_exp2		beta_alanine_exp2	92	Metabolite	Tolerance
Kliebenstein_Chan_PlosGen_2010_PID_21079692	beta_sitosterol_exp1		beta_sitosterol_exp1	92	Metabolite	Tolerance
Kliebenstein_Chan_PlosGen_2010_PID_21079692	beta_sitosterol_exp2		beta_sitosterol_exp2	92	Metabolite	Tolerance
Kliebenstein_Chan_PlosBio_2011_PID_21857804	But_3_enyl		But_3_enyl	92	Metabolite	Tolerance
Kliebenstein_Chan_PlosGen_2010_PID_21079692	caffeic_acid_exp2		caffeic_acid_exp2	92	Metabolite	Tolerance
Kliebenstein_Chan_PlosGen_2010_PID_21079692	capric_acid_exp1		capric_acid_exp1	92	Metabolite	Tolerance
Kliebenstein_Chan_PlosGen_2010_PID_21079692	capric_acid_exp2		capric_acid_exp2	92	Metabolite	Tolerance
Kliebenstein_Chan_PlosGen_2010_PID_21079692	cellobiose_exp2		cellobiose_exp2	92	Metabolite	Tolerance
Kliebenstein_Chan_PlosGen_2010_PID_21079692	cellobiotol_exp1		cellobiotol_exp1	92	Metabolite	Tolerance
Kliebenstein_Chan_PlosGen_2010_PID_21079692	cellobiotol_exp2		cellobiotol_exp2	92	Metabolite	Tolerance
Kliebenstein_Chan_PlosGen_2010_PID_21079692	cerotic_acid_exp1		cerotic_acid_exp1	92	Metabolite	Tolerance
Kliebenstein_Chan_PlosGen_2010_PID_21079692	cholesterol_exp1		cholesterol_exp1	92	Metabolite	Tolerance
Kliebenstein_Chan_PlosGen_2010_PID_21079692	cholesterol_exp2		cholesterol_exp2	92	Metabolite	Tolerance
Kliebenstein_Chan_PlosGen_2010_PID_21079692	cis_sinapinic_acid_exp1		cis_sinapinic_acid_exp1	92	Metabolite	Tolerance
Kliebenstein_Chan_PlosGen_2010_PID_21079692	cis_sinapinic_acid_exp2		cis_sinapinic_acid_exp2	92	Metabolite	Tolerance
Kliebenstein_Chan_PlosGen_2010_PID_21079692	citramalate_exp2		citramalate_exp2	92	Metabolite	Tolerance
Kliebenstein_Chan_PlosGen_2010_PID_21079692	citric_acid_exp1		citric_acid_exp1	92	Metabolite	Tolerance
Kliebenstein_Chan_PlosGen_2010_PID_21079692	citric_acid_exp2		citric_acid_exp2	92	Metabolite	Tolerance
Kliebenstein_Chan_PlosGen_2010_PID_21079692	citrulline_exp1		citrulline_exp1	92	Metabolite	Tolerance
Kliebenstein_Chan_PlosGen_2010_PID_21079692	coniferin__ref_Tree_Physiol__exp1		coniferin__ref_Tree_Physiol__exp1	92	Metabolite	Tolerance
Kliebenstein_Chan_PlosGen_2010_PID_21079692	coniferin__ref_Tree_Physiol__exp2		coniferin__ref_Tree_Physiol__exp2	92	Metabolite	Tolerance
Kliebenstein_Chan_PlosBio_2011_PID_21857804	Control_Camalexin		Control_Camalexin	92	Metabolite	Tolerance
Kliebenstein_Chan_PlosBio_2011_PID_21857804	Control_Camalexin_1		Control_Camalexin_1	92	Metabolite	Tolerance
Kliebenstein_Chan_PlosGen_2010_PID_21079692	dehydroascorbate_1_exp1		dehydroascorbate_1_exp1	92	Metabolite	Tolerance
Kliebenstein_Chan_PlosGen_2010_PID_21079692	dehydroascorbate_1_exp2		dehydroascorbate_1_exp2	92	Metabolite	Tolerance
Kliebenstein_Chan_PlosGen_2010_PID_21079692	epsilon_caprolactam_2_exp2		epsilon_caprolactam_2_exp2	92	Metabolite	Tolerance
Kliebenstein_Chan_PlosGen_2010_PID_21079692	erythritol_exp1		erythritol_exp1	92	Metabolite	Tolerance
Kliebenstein_Chan_PlosGen_2010_PID_21079692	erythronic_acid_exp2		erythronic_acid_exp2	92	Metabolite	Tolerance
Kliebenstein_Chan_PlosGen_2010_PID_21079692	erythronic_acid_lactone_exp1		erythronic_acid_lactone_exp1	92	Metabolite	Tolerance
Kliebenstein_Chan_PlosGen_2010_PID_21079692	erythronic_acid_lactone_exp2		erythronic_acid_lactone_exp2	92	Metabolite	Tolerance
Kliebenstein_Chan_PlosGen_2010_PID_21079692	ethanolamine_exp1		ethanolamine_exp1	92	Metabolite	Tolerance
Kliebenstein_Chan_PlosGen_2010_PID_21079692	ethanolamine_exp2		ethanolamine_exp2	92	Metabolite	Tolerance
Kliebenstein_Chan_PlosGen_2010_PID_21079692	fructose_1_exp2		fructose_1_exp2	92	Metabolite	Tolerance
Kliebenstein_Chan_PlosGen_2010_PID_21079692	fucose_1___rhamnose_2_exp1		fucose_1___rhamnose_2_exp1	92	Metabolite	Tolerance
Kliebenstein_Chan_PlosGen_2010_PID_21079692	fucose_1___rhamnose_2_exp2		fucose_1___rhamnose_2_exp2	92	Metabolite	Tolerance
Kliebenstein_Chan_PlosGen_2010_PID_21079692	fumaric_acid_exp2		fumaric_acid_exp2	92	Metabolite	Tolerance
Kliebenstein_Chan_PlosGen_2010_PID_21079692	GABA_exp1		GABA_exp1	92	Metabolite	Tolerance
Kliebenstein_Chan_PlosGen_2010_PID_21079692	GABA_exp2		GABA_exp2	92	Metabolite	Tolerance
Kliebenstein_Chan_PlosGen_2010_PID_21079692	galactinol_major_2_exp1		galactinol_major_2_exp1	92	Metabolite	Tolerance
Kliebenstein_Chan_PlosGen_2010_PID_21079692	galactinol_major_2_exp2		galactinol_major_2_exp2	92	Metabolite	Tolerance
Kliebenstein_Chan_PlosGen_2010_PID_21079692	galactose_exp1		galactose_exp1	92	Metabolite	Tolerance
Kliebenstein_Chan_PlosGen_2010_PID_21079692	galactose_exp2		galactose_exp2	92	Metabolite	Tolerance
Kliebenstein_Chan_PlosGen_2010_PID_21079692	glucose_1_phosphate_exp1		glucose_1_phosphate_exp1	92	Metabolite	Tolerance
Kliebenstein_Chan_PlosGen_2010_PID_21079692	glucose_1_phosphate_exp2		glucose_1_phosphate_exp2	92	Metabolite	Tolerance
Kliebenstein_Chan_PlosGen_2010_PID_21079692	glucose_2_exp1		glucose_2_exp1	92	Metabolite	Tolerance
Kliebenstein_Chan_PlosGen_2010_PID_21079692	glucose_2_exp2		glucose_2_exp2	92	Metabolite	Tolerance
Kliebenstein_Chan_PlosGen_2010_PID_21079692	glucuronic_acid_exp2		glucuronic_acid_exp2	92	Metabolite	Tolerance
Kliebenstein_Chan_PlosGen_2010_PID_21079692	glutamic_acid_exp1		glutamic_acid_exp1	92	Metabolite	Tolerance
Kliebenstein_Chan_PlosGen_2010_PID_21079692	glutamic_acid_exp2		glutamic_acid_exp2	92	Metabolite	Tolerance
Kliebenstein_Chan_PlosGen_2010_PID_21079692	glutamine_exp2		glutamine_exp2	92	Metabolite	Tolerance
Kliebenstein_Chan_PlosGen_2010_PID_21079692	glyceric_acid_exp1		glyceric_acid_exp1	92	Metabolite	Tolerance
Kliebenstein_Chan_PlosGen_2010_PID_21079692	glyceric_acid_exp2		glyceric_acid_exp2	92	Metabolite	Tolerance
Kliebenstein_Chan_PlosGen_2010_PID_21079692	glycerol_alpha_phosphate_exp2		glycerol_alpha_phosphate_exp2	92	Metabolite	Tolerance
Kliebenstein_Chan_PlosGen_2010_PID_21079692	glycerol_exp2		glycerol_exp2	92	Metabolite	Tolerance
Kliebenstein_Chan_PlosGen_2010_PID_21079692	glycine_exp1		glycine_exp1	92	Metabolite	Tolerance
Kliebenstein_Chan_PlosGen_2010_PID_21079692	glycine_exp2		glycine_exp2	92	Metabolite	Tolerance
Kliebenstein_Chan_PlosGen_2010_PID_21079692	glycolic_acid_exp1		glycolic_acid_exp1	92	Metabolite	Tolerance
Kliebenstein_Chan_PlosGen_2010_PID_21079692	heptadecanoic_acid_exp1		heptadecanoic_acid_exp1	92	Metabolite	Tolerance
Kliebenstein_Chan_PlosGen_2010_PID_21079692	hexonic_acid_exp2		hexonic_acid_exp2	92	Metabolite	Tolerance
Kliebenstein_Chan_PlosGen_2010_PID_21079692	hydroxylamine_exp1		hydroxylamine_exp1	92	Metabolite	Tolerance
Kliebenstein_Chan_PlosGen_2010_PID_21079692	hydroxylamine_exp2		hydroxylamine_exp2	92	Metabolite	Tolerance
Kliebenstein_Francisco_FronPlaSci_2016_PID_27313596	I3M_MS		I3M_MS	92	Metabolite	Tolerance
Kliebenstein_Francisco_FronPlaSci_2016_PID_27313596	I3M_MS_and_allyl		I3M_MS_and_allyl	92	Metabolite	Tolerance
Kliebenstein_Chan_PlosGen_2010_PID_21079692	inositol_myo__exp2		inositol_myo__exp2	92	Metabolite	Tolerance
Kliebenstein_Chan_PlosGen_2010_PID_21079692	inulobiose_2_exp2		inulobiose_2_exp2	92	Metabolite	Tolerance
Kliebenstein_Chan_PlosGen_2010_PID_21079692	isoleucine_exp1		isoleucine_exp1	92	Metabolite	Tolerance
Kliebenstein_Chan_PlosGen_2010_PID_21079692	isoleucine_exp2		isoleucine_exp2	92	Metabolite	Tolerance
Kliebenstein_Chan_PlosGen_2010_PID_21079692	lactic_acid_exp1		lactic_acid_exp1	92	Metabolite	Tolerance
Kliebenstein_Chan_PlosGen_2010_PID_21079692	lactic_acid_exp2		lactic_acid_exp2	92	Metabolite	Tolerance
Kliebenstein_Chan_PlosGen_2010_PID_21079692	lactobionic_acid_exp1		lactobionic_acid_exp1	92	Metabolite	Tolerance
Kliebenstein_Chan_PlosGen_2010_PID_21079692	lactobionic_acid_exp2		lactobionic_acid_exp2	92	Metabolite	Tolerance
Kliebenstein_Chan_PlosGen_2010_PID_21079692	lauric_acid_exp1		lauric_acid_exp1	92	Metabolite	Tolerance
Kliebenstein_Chan_PlosGen_2010_PID_21079692	leucine_1_exp2		leucine_1_exp2	92	Metabolite	Tolerance
Kliebenstein_Chan_PlosGen_2010_PID_21079692	leucine_exp1		leucine_exp1	92	Metabolite	Tolerance
Kliebenstein_Chan_PlosGen_2010_PID_21079692	leucine_exp2		leucine_exp2	92	Metabolite	Tolerance
Kliebenstein_Chan_PlosGen_2010_PID_21079692	leucrose_exp1		leucrose_exp1	92	Metabolite	Tolerance
Kliebenstein_Chan_PlosGen_2010_PID_21079692	leucrose_exp2		leucrose_exp2	92	Metabolite	Tolerance
Kliebenstein_Chan_PlosGen_2010_PID_21079692	levoglucosan_exp1		levoglucosan_exp1	92	Metabolite	Tolerance
Kliebenstein_Chan_PlosGen_2010_PID_21079692	lignoceric_acid_exp1		lignoceric_acid_exp1	92	Metabolite	Tolerance
Kliebenstein_Chan_PlosGen_2010_PID_21079692	lignoceric_acid_exp2		lignoceric_acid_exp2	92	Metabolite	Tolerance
Kliebenstein_Francisco_FronPlaSci_2016_PID_27313596	Long_chain_GLS_MS		Long_chain_GLS_MS	92	Metabolite	Tolerance
Kliebenstein_Francisco_FronPlaSci_2016_PID_27313596	Long_chain_GLS_MS_and_allyl		Long_chain_GLS_MS_and_allyl	92	Metabolite	Tolerance
Kliebenstein_Chan_PlosGen_2010_PID_21079692	lyxitol_exp1		lyxitol_exp1	92	Metabolite	Tolerance
Kliebenstein_Chan_PlosGen_2010_PID_21079692	malate_exp1		malate_exp1	92	Metabolite	Tolerance
Kliebenstein_Chan_PlosGen_2010_PID_21079692	malate_exp2		malate_exp2	92	Metabolite	Tolerance
Kliebenstein_Chan_PlosGen_2010_PID_21079692	maleic_acid_exp1		maleic_acid_exp1	92	Metabolite	Tolerance
Kliebenstein_Chan_PlosGen_2010_PID_21079692	maleic_acid_exp2		maleic_acid_exp2	92	Metabolite	Tolerance
Kliebenstein_Chan_PlosGen_2010_PID_21079692	maltose_1_exp1		maltose_1_exp1	92	Metabolite	Tolerance
Kliebenstein_Chan_PlosGen_2010_PID_21079692	maltose_1_exp2		maltose_1_exp2	92	Metabolite	Tolerance
Kliebenstein_Chan_PlosGen_2010_PID_21079692	mannitol_exp1		mannitol_exp1	92	Metabolite	Tolerance
Kliebenstein_Chan_PlosGen_2010_PID_21079692	mannitol_exp2		mannitol_exp2	92	Metabolite	Tolerance
Kliebenstein_Chan_PlosGen_2010_PID_21079692	monopalmitin_1_glyceride_exp1		monopalmitin_1_glyceride_exp1	92	Metabolite	Tolerance
Kliebenstein_Chan_PlosGen_2010_PID_21079692	monopalmitin_1_glyceride_exp2		monopalmitin_1_glyceride_exp2	92	Metabolite	Tolerance
Kliebenstein_Chan_PlosGen_2010_PID_21079692	myristic_acid_exp1		myristic_acid_exp1	92	Metabolite	Tolerance
Kliebenstein_Chan_PlosGen_2010_PID_21079692	myristic_acid_exp2		myristic_acid_exp2	92	Metabolite	Tolerance
Kliebenstein_Chan_PlosGen_2010_PID_21079692	N_acetyl_D_hexosamine_exp2		N_acetyl_D_hexosamine_exp2	92	Metabolite	Tolerance
Kliebenstein_Chan_PlosGen_2010_PID_21079692	N_acetyl_D_mannosamine_exp2		N_acetyl_D_mannosamine_exp2	92	Metabolite	Tolerance
Kliebenstein_Francisco_FronPlaSci_2016_PID_27313596	NMOI3M_MS		NMOI3M_MS	92	Metabolite	Tolerance
Kliebenstein_Francisco_FronPlaSci_2016_PID_27313596	NMOI3M_MS_and_allyl		NMOI3M_MS_and_allyl	92	Metabolite	Tolerance
Kliebenstein_Chan_PlosGen_2010_PID_21079692	oleic_acid_exp1		oleic_acid_exp1	92	Metabolite	Tolerance
Kliebenstein_Chan_PlosGen_2010_PID_21079692	oleic_acid_exp2		oleic_acid_exp2	92	Metabolite	Tolerance
Kliebenstein_Chan_PlosGen_2010_PID_21079692	ornithine_4TMS_exp2		ornithine_4TMS_exp2	92	Metabolite	Tolerance
Kliebenstein_Chan_PlosGen_2010_PID_21079692	oxoproline_1_exp2		oxoproline_1_exp2	92	Metabolite	Tolerance
Kliebenstein_Chan_PlosGen_2010_PID_21079692	oxoproline_exp1		oxoproline_exp1	92	Metabolite	Tolerance
Kliebenstein_Chan_PlosGen_2010_PID_21079692	oxoproline_exp2		oxoproline_exp2	92	Metabolite	Tolerance
Kliebenstein_Chan_PlosGen_2010_PID_21079692	palatinose_exp2		palatinose_exp2	92	Metabolite	Tolerance
Kliebenstein_Chan_PlosGen_2010_PID_21079692	palmitic_acid_exp2		palmitic_acid_exp2	92	Metabolite	Tolerance
Kliebenstein_Chan_PlosGen_2010_PID_21079692	pelargonic_acid_exp1		pelargonic_acid_exp1	92	Metabolite	Tolerance
Kliebenstein_Chan_PlosGen_2010_PID_21079692	pelargonic_acid_exp2		pelargonic_acid_exp2	92	Metabolite	Tolerance
Kliebenstein_Chan_PlosGen_2010_PID_21079692	pentadecanoic_acid_exp1		pentadecanoic_acid_exp1	92	Metabolite	Tolerance
Kliebenstein_Chan_PlosGen_2010_PID_21079692	phenylalanine_exp2		phenylalanine_exp2	92	Metabolite	Tolerance
Kliebenstein_Chan_PlosGen_2010_PID_21079692	phosphoric_acid_exp1		phosphoric_acid_exp1	92	Metabolite	Tolerance
Kliebenstein_Chan_PlosGen_2010_PID_21079692	phosphoric_acid_exp2		phosphoric_acid_exp2	92	Metabolite	Tolerance
Kliebenstein_Chan_PlosGen_2010_PID_21079692	phytol_exp1		phytol_exp1	92	Metabolite	Tolerance
Kliebenstein_Chan_PlosGen_2010_PID_21079692	phytol_exp2		phytol_exp2	92	Metabolite	Tolerance
Kliebenstein_Chan_PlosGen_2010_PID_21079692	pipecolic_acid_exp2		pipecolic_acid_exp2	92	Metabolite	Tolerance
Kliebenstein_Chan_PlosGen_2010_PID_21079692	proline_exp1		proline_exp1	92	Metabolite	Tolerance
Kliebenstein_Chan_PlosGen_2010_PID_21079692	proline_exp2		proline_exp2	92	Metabolite	Tolerance
Kliebenstein_Chan_PlosGen_2010_PID_21079692	putrescine_exp1		putrescine_exp1	92	Metabolite	Tolerance
Kliebenstein_Chan_PlosGen_2010_PID_21079692	putrescine_exp2		putrescine_exp2	92	Metabolite	Tolerance
Kliebenstein_Chan_PlosGen_2010_PID_21079692	pyrrole_2_carboxylic_acid_exp1		pyrrole_2_carboxylic_acid_exp1	92	Metabolite	Tolerance
Kliebenstein_Chan_PlosBio_2011_PID_21857804	R_2_hydroxy_but_3_enyl		R_2_hydroxy_but_3_enyl	92	Metabolite	Tolerance
Kliebenstein_Chan_PlosGen_2010_PID_21079692	rhamnose_1_exp1		rhamnose_1_exp1	92	Metabolite	Tolerance
Kliebenstein_Chan_PlosGen_2010_PID_21079692	rhamnose_1_exp2		rhamnose_1_exp2	92	Metabolite	Tolerance
Kliebenstein_Chan_PlosGen_2010_PID_21079692	ribitol_1_exp2		ribitol_1_exp2	92	Metabolite	Tolerance
Kliebenstein_Chan_PlosGen_2010_PID_21079692	ribitol_exp2		ribitol_exp2	92	Metabolite	Tolerance
Kliebenstein_Chan_PlosGen_2010_PID_21079692	ribose_exp1		ribose_exp1	92	Metabolite	Tolerance
Kliebenstein_Chan_PlosGen_2010_PID_21079692	ribose_exp2		ribose_exp2	92	Metabolite	Tolerance
Kliebenstein_Chan_PlosBio_2011_PID_21857804	S_2_hydroxy_but_3_enyl		S_2_hydroxy_but_3_enyl	92	Metabolite	Tolerance
Kliebenstein_Chan_PlosGen_2010_PID_21079692	serine_1_exp1		serine_1_exp1	92	Metabolite	Tolerance
Kliebenstein_Chan_PlosGen_2010_PID_21079692	serine_1_exp2		serine_1_exp2	92	Metabolite	Tolerance
Kliebenstein_Chan_PlosGen_2010_PID_21079692	serine_exp1		serine_exp1	92	Metabolite	Tolerance
Kliebenstein_Chan_PlosGen_2010_PID_21079692	serine_exp2		serine_exp2	92	Metabolite	Tolerance
Kliebenstein_Chan_PlosGen_2010_PID_21079692	shikimic_acid_exp2		shikimic_acid_exp2	92	Metabolite	Tolerance
Kliebenstein_Francisco_FronPlaSci_2016_PID_27313596	Short_chain_GLS_MS		Short_chain_GLS_MS	92	Metabolite	Tolerance
Kliebenstein_Francisco_FronPlaSci_2016_PID_27313596	Short_chain_GLS_MS_and_allyl		Short_chain_GLS_MS_and_allyl	92	Metabolite	Tolerance
Kliebenstein_Chan_PlosGen_2010_PID_21079692	stearic_acid_exp1		stearic_acid_exp1	92	Metabolite	Tolerance
Kliebenstein_Chan_PlosGen_2010_PID_21079692	succinic_acid_exp1		succinic_acid_exp1	92	Metabolite	Tolerance
Kliebenstein_Chan_PlosGen_2010_PID_21079692	succinic_acid_exp2		succinic_acid_exp2	92	Metabolite	Tolerance
Kliebenstein_Chan_PlosGen_2010_PID_21079692	talose_exp1		talose_exp1	92	Metabolite	Tolerance
Kliebenstein_Chan_PlosGen_2010_PID_21079692	talose_exp2		talose_exp2	92	Metabolite	Tolerance
Kliebenstein_Chan_PlosGen_2010_PID_21079692	threitol_exp1		threitol_exp1	92	Metabolite	Tolerance
Kliebenstein_Chan_PlosGen_2010_PID_21079692	threitol_exp2		threitol_exp2	92	Metabolite	Tolerance
Kliebenstein_Chan_PlosGen_2010_PID_21079692	threonic_acid_exp1		threonic_acid_exp1	92	Metabolite	Tolerance
Kliebenstein_Chan_PlosGen_2010_PID_21079692	threonic_acid_exp2		threonic_acid_exp2	92	Metabolite	Tolerance
Kliebenstein_Chan_PlosGen_2010_PID_21079692	threonine_exp1		threonine_exp1	92	Metabolite	Tolerance
Kliebenstein_Chan_PlosGen_2010_PID_21079692	threonine_exp2		threonine_exp2	92	Metabolite	Tolerance
Kliebenstein_Chan_PlosGen_2010_PID_21079692	tocopherol_exp2		tocopherol_exp2	92	Metabolite	Tolerance
Kliebenstein_Francisco_FronPlaSci_2016_PID_27313596	total_Aliphatics_MS		total_Aliphatics_MS	92	Metabolite	Tolerance
Kliebenstein_Francisco_FronPlaSci_2016_PID_27313596	total_Aliphatics_MS_and_allyl		total_Aliphatics_MS_and_allyl	92	Metabolite	Tolerance
Kliebenstein_Francisco_FronPlaSci_2016_PID_27313596	total_alkyl_MS		total_alkyl_MS	92	Metabolite	Tolerance
Kliebenstein_Francisco_FronPlaSci_2016_PID_27313596	total_alkyl_MS_and_allyl		total_alkyl_MS_and_allyl	92	Metabolite	Tolerance
Kliebenstein_Francisco_FronPlaSci_2016_PID_27313596	total_C3_GLS_MS		total_C3_GLS_MS	92	Metabolite	Tolerance
Kliebenstein_Francisco_FronPlaSci_2016_PID_27313596	total_C3_GLS_MS_and_allyl		total_C3_GLS_MS_and_allyl	92	Metabolite	Tolerance
Kliebenstein_Francisco_FronPlaSci_2016_PID_27313596	total_C4_GLS_MS		total_C4_GLS_MS	92	Metabolite	Tolerance
Kliebenstein_Francisco_FronPlaSci_2016_PID_27313596	total_C4_GLS_MS_and_allyl		total_C4_GLS_MS_and_allyl	92	Metabolite	Tolerance
Kliebenstein_Francisco_FronPlaSci_2016_PID_27313596	total_C7_GLS_MS		total_C7_GLS_MS	92	Metabolite	Tolerance
Kliebenstein_Francisco_FronPlaSci_2016_PID_27313596	total_C7_GLS_MS_and_allyl		total_C7_GLS_MS_and_allyl	92	Metabolite	Tolerance
Kliebenstein_Francisco_FronPlaSci_2016_PID_27313596	Total_C8_GLS_MS		Total_C8_GLS_MS	92	Metabolite	Tolerance
Kliebenstein_Francisco_FronPlaSci_2016_PID_27313596	Total_C8_GLS_MS_and_allyl		Total_C8_GLS_MS_and_allyl	92	Metabolite	Tolerance
Kliebenstein_Francisco_FronPlaSci_2016_PID_27313596	total_GLS_MS		total_GLS_MS	92	Metabolite	Tolerance
Kliebenstein_Francisco_FronPlaSci_2016_PID_27313596	total_GLS_MS_and_allyl		total_GLS_MS_and_allyl	92	Metabolite	Tolerance
Kliebenstein_Francisco_FronPlaSci_2016_PID_27313596	total_Indolics_MS		total_Indolics_MS	92	Metabolite	Tolerance
Kliebenstein_Francisco_FronPlaSci_2016_PID_27313596	total_Indolics_MS_and_allyl		total_Indolics_MS_and_allyl	92	Metabolite	Tolerance
Kliebenstein_Francisco_FronPlaSci_2016_PID_27313596	total_methylsulphinyl_MS		total_methylsulphinyl_MS	92	Metabolite	Tolerance
Kliebenstein_Francisco_FronPlaSci_2016_PID_27313596	total_methylsulphinyl_MS_and_allyl		total_methylsulphinyl_MS_and_allyl	92	Metabolite	Tolerance
Kliebenstein_Chan_PlosGen_2010_PID_21079692	trans_sinapinic_acid_exp1		trans_sinapinic_acid_exp1	92	Metabolite	Tolerance
Kliebenstein_Chan_PlosGen_2010_PID_21079692	trans_sinapinic_acid_exp2		trans_sinapinic_acid_exp2	92	Metabolite	Tolerance
Kliebenstein_Chan_PlosGen_2010_PID_21079692	trehalose_exp2		trehalose_exp2	92	Metabolite	Tolerance
Kliebenstein_Chan_PlosGen_2010_PID_21079692	tyrosine_exp1		tyrosine_exp1	92	Metabolite	Tolerance
Kliebenstein_Chan_PlosGen_2010_PID_21079692	tyrosine_exp2		tyrosine_exp2	92	Metabolite	Tolerance
Kliebenstein_Chan_PlosBio_2011_PID_21857804	Unknown_Alkenyl		Unknown_Alkenyl	92	Metabolite	Tolerance
Kliebenstein_Chan_PlosBio_2011_PID_21857804	Unknown_Glucosinolate_Like_1		Unknown_Glucosinolate_Like_1	92	Metabolite	Tolerance
Kliebenstein_Chan_PlosBio_2011_PID_21857804	Unknown_Glucosinolate_Like_2		Unknown_Glucosinolate_Like_2	92	Metabolite	Tolerance
Kliebenstein_Chan_PlosGen_2010_PID_21079692	urea_exp1		urea_exp1	92	Metabolite	Tolerance
Kliebenstein_Chan_PlosGen_2010_PID_21079692	urea_exp2		urea_exp2	92	Metabolite	Tolerance
Kliebenstein_Chan_PlosGen_2010_PID_21079692	valine_exp1		valine_exp1	92	Metabolite	Tolerance
Kliebenstein_Chan_PlosGen_2010_PID_21079692	valine_exp2		valine_exp2	92	Metabolite	Tolerance
Kliebenstein_Francisco_FronPlaSci_2016_PID_27313596	Weight_MS		Weight_MS	92	Metabolite	Tolerance
Kliebenstein_Francisco_FronPlaSci_2016_PID_27313596	Weight_MS_and_allyl		Weight_MS_and_allyl	92	Metabolite	Tolerance
Kliebenstein_Chan_PlosGen_2010_PID_21079692	X1_2_4_benzenetriol_exp1		X1_2_4_benzenetriol_exp1	92	Metabolite	Tolerance
Kliebenstein_Chan_PlosGen_2010_PID_21079692	X1_2_4_benzenetriol_exp2		X1_2_4_benzenetriol_exp2	92	Metabolite	Tolerance
Kliebenstein_Chan_PlosGen_2010_PID_21079692	X1_hexadecanol_exp1		X1_hexadecanol_exp1	92	Metabolite	Tolerance
Kliebenstein_Chan_PlosGen_2010_PID_21079692	X1_monostearin_exp2		X1_monostearin_exp2	92	Metabolite	Tolerance
Kliebenstein_Chan_PlosGen_2010_PID_21079692	X2_palmitoleic_acid_exp1		X2_palmitoleic_acid_exp1	92	Metabolite	Tolerance
Kliebenstein_Chan_PlosGen_2010_PID_21079692	X2_palmitoleic_acid_exp2		X2_palmitoleic_acid_exp2	92	Metabolite	Tolerance
Kliebenstein_Francisco_FronPlaSci_2016_PID_27313596	X2OH_Butenyl_MS		X2OH_Butenyl_MS	92	Metabolite	Tolerance
Kliebenstein_Francisco_FronPlaSci_2016_PID_27313596	X2OH_Butenyl_MS_and_allyl		X2OH_Butenyl_MS_and_allyl	92	Metabolite	Tolerance
Kliebenstein_Chan_PlosBio_2011_PID_21857804	X3_benzoyloxypropyl		X3_benzoyloxypropyl	92	Metabolite	Tolerance
Kliebenstein_Francisco_FronPlaSci_2016_PID_27313596	X3_butenyl_MS		X3_butenyl_MS	92	Metabolite	Tolerance
Kliebenstein_Francisco_FronPlaSci_2016_PID_27313596	X3_butenyl_MS_and_allyl		X3_butenyl_MS_and_allyl	92	Metabolite	Tolerance
Kliebenstein_Chan_PlosBio_2011_PID_21857804	X3_hydroxypropyl		X3_hydroxypropyl	92	Metabolite	Tolerance
Kliebenstein_Chan_PlosBio_2011_PID_21857804	X3_methylsulfinylpropyl		X3_methylsulfinylpropyl	92	Metabolite	Tolerance
Kliebenstein_Chan_PlosBio_2011_PID_21857804	X3_methylthiopropyl		X3_methylthiopropyl	92	Metabolite	Tolerance
Kliebenstein_Francisco_FronPlaSci_2016_PID_27313596	X3MSP_MS		X3MSP_MS	92	Metabolite	Tolerance
Kliebenstein_Francisco_FronPlaSci_2016_PID_27313596	X3MSP_MS_and_allyl		X3MSP_MS_and_allyl	92	Metabolite	Tolerance
Kliebenstein_Francisco_FronPlaSci_2016_PID_27313596	X3MTP_MS		X3MTP_MS	92	Metabolite	Tolerance
Kliebenstein_Francisco_FronPlaSci_2016_PID_27313596	X3MTP_MS_and_allyl		X3MTP_MS_and_allyl	92	Metabolite	Tolerance
Kliebenstein_Francisco_FronPlaSci_2016_PID_27313596	X3OHP_MS		X3OHP_MS	92	Metabolite	Tolerance
Kliebenstein_Francisco_FronPlaSci_2016_PID_27313596	X3OHP_MS_and_allyl		X3OHP_MS_and_allyl	92	Metabolite	Tolerance
Kliebenstein_Chan_PlosBio_2011_PID_21857804	X4_benzoyloxybutyl_plus_2_benzoyloxy_but_3_enyl		X4_benzoyloxybutyl_plus_2_benzoyloxy_but_3_enyl	92	Metabolite	Tolerance
Kliebenstein_Chan_PlosGen_2010_PID_21079692	X4_hydroxybenzoate_exp2		X4_hydroxybenzoate_exp2	92	Metabolite	Tolerance
Kliebenstein_Chan_PlosBio_2011_PID_21857804	X4_hydroxybutyl		X4_hydroxybutyl	92	Metabolite	Tolerance
Kliebenstein_Chan_PlosGen_2010_PID_21079692	X4_hydroxyproline_exp1		X4_hydroxyproline_exp1	92	Metabolite	Tolerance
Kliebenstein_Chan_PlosGen_2010_PID_21079692	X4_hydroxyproline_exp2		X4_hydroxyproline_exp2	92	Metabolite	Tolerance
Kliebenstein_Chan_PlosBio_2011_PID_21857804	X4_methylsulfinylbutyl		X4_methylsulfinylbutyl	92	Metabolite	Tolerance
Kliebenstein_Francisco_FronPlaSci_2016_PID_27313596	X4MOI3M_MS		X4MOI3M_MS	92	Metabolite	Tolerance
Kliebenstein_Francisco_FronPlaSci_2016_PID_27313596	X4MOI3M_MS_and_allyl		X4MOI3M_MS_and_allyl	92	Metabolite	Tolerance
Kliebenstein_Francisco_FronPlaSci_2016_PID_27313596	X4MSB_MS		X4MSB_MS	92	Metabolite	Tolerance
Kliebenstein_Francisco_FronPlaSci_2016_PID_27313596	X4MSB_MS_and_allyl		X4MSB_MS_and_allyl	92	Metabolite	Tolerance
Kliebenstein_Francisco_FronPlaSci_2016_PID_27313596	X4MTB_MS		X4MTB_MS	92	Metabolite	Tolerance
Kliebenstein_Francisco_FronPlaSci_2016_PID_27313596	X4MTB_MS_and_allyl		X4MTB_MS_and_allyl	92	Metabolite	Tolerance
Kliebenstein_Francisco_FronPlaSci_2016_PID_27313596	X4OHB_MS		X4OHB_MS	92	Metabolite	Tolerance
Kliebenstein_Francisco_FronPlaSci_2016_PID_27313596	X4OHB_MS_and_allyl		X4OHB_MS_and_allyl	92	Metabolite	Tolerance
Kliebenstein_Chan_PlosGen_2010_PID_21079692	X5_aminovaleric_acid_exp1		X5_aminovaleric_acid_exp1	92	Metabolite	Tolerance
Kliebenstein_Chan_PlosBio_2011_PID_21857804	X5_methylsulfinylpentyl		X5_methylsulfinylpentyl	92	Metabolite	Tolerance
Kliebenstein_Chan_PlosBio_2011_PID_21857804	X5_methylthiolpentyl		X5_methylthiolpentyl	92	Metabolite	Tolerance
Kliebenstein_Francisco_FronPlaSci_2016_PID_27313596	X5MSP_MS		X5MSP_MS	92	Metabolite	Tolerance
Kliebenstein_Francisco_FronPlaSci_2016_PID_27313596	X5MSP_MS_and_allyl		X5MSP_MS_and_allyl	92	Metabolite	Tolerance
Kliebenstein_Chan_PlosBio_2011_PID_21857804	X7_methylsulfinylheptyl		X7_methylsulfinylheptyl	92	Metabolite	Tolerance
Kliebenstein_Francisco_FronPlaSci_2016_PID_27313596	X7MSH_MS		X7MSH_MS	92	Metabolite	Tolerance
Kliebenstein_Francisco_FronPlaSci_2016_PID_27313596	X7MSH_MS_and_allyl		X7MSH_MS_and_allyl	92	Metabolite	Tolerance
Kliebenstein_Francisco_FronPlaSci_2016_PID_27313596	X7MTH_MS		X7MTH_MS	92	Metabolite	Tolerance
Kliebenstein_Francisco_FronPlaSci_2016_PID_27313596	X7MTH_MS_and_allyl		X7MTH_MS_and_allyl	92	Metabolite	Tolerance
Kliebenstein_Francisco_FronPlaSci_2016_PID_27313596	X8MSO_MS		X8MSO_MS	92	Metabolite	Tolerance
Kliebenstein_Francisco_FronPlaSci_2016_PID_27313596	X8MSO_MS_and_allyl		X8MSO_MS_and_allyl	92	Metabolite	Tolerance
Kliebenstein_Francisco_FronPlaSci_2016_PID_27313596	X8MTO_MS		X8MTO_MS	92	Metabolite	Tolerance
Kliebenstein_Francisco_FronPlaSci_2016_PID_27313596	X8MTO_MS_and_allyl		X8MTO_MS_and_allyl	92	Metabolite	Tolerance
Kliebenstein_Chan_PlosGen_2010_PID_21079692	xylonic_acid_exp2		xylonic_acid_exp2	92	Metabolite	Tolerance
Kliebenstein_Chan_PlosGen_2010_PID_21079692	xylose_1_exp1		xylose_1_exp1	92	Metabolite	Tolerance
Kliebenstein_Chan_PlosGen_2010_PID_21079692	xylose_1_exp2		xylose_1_exp2	92	Metabolite	Tolerance
Nordborg_Atwell_Nature_2010_PID_20336072	101_Li7		101_Li7	93	Ionomics	Tolerance
Nordborg_Atwell_Nature_2010_PID_20336072	105_Mg25		105_Mg25	93	Ionomics	Tolerance
Nordborg_Atwell_Nature_2010_PID_20336072	13_Cd114		13_Cd114	93	Ionomics	Tolerance
Nordborg_Atwell_Nature_2010_PID_20336072	22_Co59		22_Co59	93	Ionomics	Tolerance
Nordborg_Atwell_Nature_2010_PID_20336072	24_Cu65		24_Cu65	93	Ionomics	Tolerance
Nordborg_Atwell_Nature_2010_PID_20336072	33_Se82		33_Se82	93	Ionomics	Tolerance
Nordborg_Atwell_Nature_2010_PID_20336072	5_Na23		5_Na23	93	Ionomics	Tolerance
Nordborg_Atwell_Nature_2010_PID_20336072	51_Ca43		51_Ca43	93	Ionomics	Tolerance
Nordborg_Atwell_Nature_2010_PID_20336072	54_B11		54_B11	93	Ionomics	Tolerance
Nordborg_Atwell_Nature_2010_PID_20336072	64_Ni60		64_Ni60	93	Ionomics	Tolerance
Nordborg_Atwell_Nature_2010_PID_20336072	65_P31		65_P31	93	Ionomics	Tolerance
Nordborg_Atwell_Nature_2010_PID_20336072	73_Mo98		73_Mo98	93	Ionomics	Tolerance
Nordborg_Atwell_Nature_2010_PID_20336072	76_Zn66		76_Zn66	93	Ionomics	Tolerance
Nordborg_Atwell_Nature_2010_PID_20336072	81_K39		81_K39	93	Ionomics	Tolerance
Nordborg_Atwell_Nature_2010_PID_20336072	91_S34		91_S34	93	Ionomics	Tolerance
Nordborg_Atwell_Nature_2010_PID_20336072	95_Mn55		95_Mn55	93	Ionomics	Tolerance
Nordborg_Atwell_Nature_2010_PID_20336072	98_Fe56		98_Fe56	93	Ionomics	Tolerance
Chapple_Li_Genetics_2014_PID_25173843	Xyloside_percentage		Xyloside_percentage	93	Metabolite	Tolerance
Koyama_Sadhukhan_MolPlant_2017_PID_28712931	Relative_NIP1_expression		Relative_NIP1_expression	97	Development	Tolerance
Testerink_Julkowska_JExpBot_2016_PID_26873976	Elc_2013	stress	Elc_2013	111	Development	Tolerance
Testerink_Julkowska_JExpBot_2016_PID_26873976	Elr_2013	stress	Elr_2013	111	Development	Tolerance
Testerink_Julkowska_JExpBot_2016_PID_26873976	Els_2013	stress	Els_2013	111	Development	Tolerance
Kumar_Verslues_PlantPhys_2014_PID_24218491	Proline_mmol_g		Proline_mmol_g	133	Metabolite	Tolerance
Horton_Bergelson_SciRep_2019_PID_30631088	alpha_bacterial_richness_1_tn2_ranef	Microbiome	alpha_bacterial_richness_1_tn2_ranef	147	Microbiome	Tolerance
Horton_Bergelson_SciRep_2019_PID_30631088	alpha_fungal_richness_1_tn2_ranef	Microbiome	alpha_fungal_richness_1_tn2_ranef	147	Microbiome	Tolerance
Horton_Bergelson_SciRep_2019_PID_30631088	alpha_slant_1_tn2_ranef_diff_exps	Microbiome	alpha_slant_1_tn2_ranef_diff_exps	147	Microbiome	Tolerance
Horton_Bergelson_SciRep_2019_PID_30631088	alpha_total_1_tn2_ranef_glmer	Microbiome	alpha_total_1_tn2_ranef_glmer	147	Microbiome	Tolerance
Horton_Bergelson_SciRep_2019_PID_30631088	beta_root_1_combined_pca_tn2_bac_n100_glmer_fun_n100_glmerPC1	Microbiome	beta_root_1_combined_pca_tn2_bac_n100_glmer_fun_n100_glmerPC1	147	Microbiome	Tolerance
Horton_Bergelson_SciRep_2019_PID_30631088	beta_root_1_combined_pca_tn2_bac_n100_glmer_fun_n100_glmerPC2	Microbiome	beta_root_1_combined_pca_tn2_bac_n100_glmer_fun_n100_glmerPC2	147	Microbiome	Tolerance
Horton_Bergelson_SciRep_2019_PID_30631088	beta_root_1_combined_pca_tn2_bac_n100_glmer_fun_n100_glmerPC3	Microbiome	beta_root_1_combined_pca_tn2_bac_n100_glmer_fun_n100_glmerPC3	147	Microbiome	Tolerance
Horton_Bergelson_SciRep_2019_PID_30631088	beta_root_16S_1_raw_tn2_glmer_pca_n100_PC1	Microbiome	beta_root_16S_1_raw_tn2_glmer_pca_n100_PC1	147	Microbiome	Tolerance
Horton_Bergelson_SciRep_2019_PID_30631088	beta_root_16S_1_raw_tn2_glmer_pca_n100_PC2	Microbiome	beta_root_16S_1_raw_tn2_glmer_pca_n100_PC2	147	Microbiome	Tolerance
Horton_Bergelson_SciRep_2019_PID_30631088	beta_root_16S_1_raw_tn2_glmer_pca_n100_PC3	Microbiome	beta_root_16S_1_raw_tn2_glmer_pca_n100_PC3	147	Microbiome	Tolerance
Horton_Bergelson_SciRep_2019_PID_30631088	beta_root_ITS_1_raw_tn2_glmer_pca_n100_PC1	Microbiome	beta_root_ITS_1_raw_tn2_glmer_pca_n100_PC1	147	Microbiome	Tolerance
Horton_Bergelson_SciRep_2019_PID_30631088	beta_root_ITS_1_raw_tn2_glmer_pca_n100_PC2	Microbiome	beta_root_ITS_1_raw_tn2_glmer_pca_n100_PC2	147	Microbiome	Tolerance
Horton_Bergelson_SciRep_2019_PID_30631088	beta_root_ITS_1_raw_tn2_glmer_pca_n100_PC3	Microbiome	beta_root_ITS_1_raw_tn2_glmer_pca_n100_PC3	147	Microbiome	Tolerance
Testerink_Julkowska_JExpBot_2016_PID_26873976	WCc_2013	development/growth	WCc_2013	147	Development	Tolerance
Testerink_Julkowska_JExpBot_2016_PID_26873976	WCr_2013	development/growth	WCr_2013	147	Development	Tolerance
Testerink_Julkowska_JExpBot_2016_PID_26873976	WCs_2013	development/growth	WCs_2013	147	Development	Tolerance
Nordborg_Atwell_Nature_2010_PID_20336072	61_Anthocyanin_16		61_Anthocyanin_16	176	Metabolite	Tolerance
Nordborg_Atwell_Nature_2010_PID_20336072	62_Anthocyanin_10		62_Anthocyanin_10	177	Metabolite	Tolerance
Nordborg_Atwell_Nature_2010_PID_20336072	75_Anthocyanin_22		75_Anthocyanin_22	177	Metabolite	Tolerance
Keurentjes_Fusari_PlantCell_2017_PID_28954812	SPS_1		SPS_1	218	Metabolite	Tolerance
Keurentjes_Fusari_PlantCell_2017_PID_28954812	G6PDH_2		G6PDH_2	252	Metabolite	Tolerance
Iba_Takahashi_PlosOne_2015_PID_25706630	Relative_leaf_temperature	development/growth	Relative_leaf_temperature	263	Development	Tolerance
Verslues_Kalladan_PNAS_2017_PID_29073083	ABA_96h_low_water_potential	stress	ABA_96h_low_water_potential	269	Metabolite	Tolerance
Pieterse_Wintermans_PlaMolBio_2016_PID_26830772	delta_Shoot_fresh_weight	development/growth	delta_Shoot_fresh_weight	277	Development	Tolerance
Pieterse_Wintermans_PlaMolBio_2016_PID_26830772	delta_Primary_root_length	root_architecture	delta_Primary_root_length	278	Development	Tolerance
Keurentjes_Fusari_PlantCell_2017_PID_28954812	nINV_2		nINV_2	283	Metabolite	Tolerance
Keurentjes_Fusari_PlantCell_2017_PID_28954812	FBP_2		FBP_2	288	Metabolite	Tolerance
Pieterse_Wintermans_PlaMolBio_2016_PID_26830772	delta_Lateral_root_formation	root_architecture	delta_Lateral_root_formation	291	Development	Tolerance
Brotman_Wu_MolPlant_2018_PID_28866081	NC_0557		NC_0557	301	Metabolite	Tolerance
Brotman_Wu_MolPlant_2018_PID_28866081	NC_0570		NC_0570	301	Metabolite	Tolerance
Brotman_Wu_MolPlant_2018_PID_28866081	NC_0596		NC_0596	301	Metabolite	Tolerance
Brotman_Wu_MolPlant_2018_PID_28866081	NC_0662		NC_0662	301	Metabolite	Tolerance
Brotman_Wu_MolPlant_2018_PID_28866081	NC_0674		NC_0674	301	Metabolite	Tolerance
Brotman_Wu_MolPlant_2018_PID_28866081	NC_0704		NC_0704	301	Metabolite	Tolerance
Brotman_Wu_MolPlant_2018_PID_28866081	NC_0705		NC_0705	301	Metabolite	Tolerance
Brotman_Wu_MolPlant_2018_PID_28866081	NC_0734		NC_0734	301	Metabolite	Tolerance
Brotman_Wu_MolPlant_2018_PID_28866081	NC_0790		NC_0790	301	Metabolite	Tolerance
Brotman_Wu_MolPlant_2018_PID_28866081	NC_0928		NC_0928	301	Metabolite	Tolerance
Brotman_Wu_MolPlant_2018_PID_28866081	NC_1008		NC_1008	301	Metabolite	Tolerance
Brotman_Wu_MolPlant_2018_PID_28866081	NC_1036		NC_1036	301	Metabolite	Tolerance
Brotman_Wu_MolPlant_2018_PID_28866081	NC_1057		NC_1057	301	Metabolite	Tolerance
Brotman_Wu_MolPlant_2018_PID_28866081	NC_1092		NC_1092	301	Metabolite	Tolerance
Brotman_Wu_MolPlant_2018_PID_28866081	NC_1111		NC_1111	301	Metabolite	Tolerance
Brotman_Wu_MolPlant_2018_PID_28866081	NC_1125		NC_1125	301	Metabolite	Tolerance
Brotman_Wu_MolPlant_2018_PID_28866081	NC_1142		NC_1142	301	Metabolite	Tolerance
Brotman_Wu_MolPlant_2018_PID_28866081	NC_1201		NC_1201	301	Metabolite	Tolerance
Brotman_Wu_MolPlant_2018_PID_28866081	NC_1213		NC_1213	301	Metabolite	Tolerance
Brotman_Wu_MolPlant_2018_PID_28866081	NC_1260		NC_1260	301	Metabolite	Tolerance
Brotman_Wu_MolPlant_2018_PID_28866081	NC_1295		NC_1295	301	Metabolite	Tolerance
Brotman_Wu_MolPlant_2018_PID_28866081	NC_1334		NC_1334	301	Metabolite	Tolerance
Brotman_Wu_MolPlant_2018_PID_28866081	NC_1379		NC_1379	301	Metabolite	Tolerance
Brotman_Wu_MolPlant_2018_PID_28866081	NC_1383		NC_1383	301	Metabolite	Tolerance
Brotman_Wu_MolPlant_2018_PID_28866081	NC_1393		NC_1393	301	Metabolite	Tolerance
Brotman_Wu_MolPlant_2018_PID_28866081	NC_1422		NC_1422	301	Metabolite	Tolerance
Brotman_Wu_MolPlant_2018_PID_28866081	NC_1427		NC_1427	301	Metabolite	Tolerance
Brotman_Wu_MolPlant_2018_PID_28866081	NC_1433		NC_1433	301	Metabolite	Tolerance
Brotman_Wu_MolPlant_2018_PID_28866081	NC_1474		NC_1474	301	Metabolite	Tolerance
Brotman_Wu_MolPlant_2018_PID_28866081	NC_1542		NC_1542	301	Metabolite	Tolerance
Brotman_Wu_MolPlant_2018_PID_28866081	NC_1548		NC_1548	301	Metabolite	Tolerance
Brotman_Wu_MolPlant_2018_PID_28866081	NC_1971		NC_1971	301	Metabolite	Tolerance
Brotman_Wu_MolPlant_2018_PID_28866081	NC_2426		NC_2426	301	Metabolite	Tolerance
Brotman_Wu_MolPlant_2018_PID_28866081	PC_0435		PC_0435	301	Metabolite	Tolerance
Brotman_Wu_MolPlant_2018_PID_28866081	PC_0441		PC_0441	301	Metabolite	Tolerance
Brotman_Wu_MolPlant_2018_PID_28866081	PC_0446		PC_0446	301	Metabolite	Tolerance
Brotman_Wu_MolPlant_2018_PID_28866081	PC_0448		PC_0448	301	Metabolite	Tolerance
Brotman_Wu_MolPlant_2018_PID_28866081	PC_0451		PC_0451	301	Metabolite	Tolerance
Brotman_Wu_MolPlant_2018_PID_28866081	PC_0454		PC_0454	301	Metabolite	Tolerance
Brotman_Wu_MolPlant_2018_PID_28866081	PC_0455		PC_0455	301	Metabolite	Tolerance
Brotman_Wu_MolPlant_2018_PID_28866081	PC_0490		PC_0490	301	Metabolite	Tolerance
Brotman_Wu_MolPlant_2018_PID_28866081	PC_0499		PC_0499	301	Metabolite	Tolerance
Brotman_Wu_MolPlant_2018_PID_28866081	PC_0500		PC_0500	301	Metabolite	Tolerance
Brotman_Wu_MolPlant_2018_PID_28866081	PC_0506		PC_0506	301	Metabolite	Tolerance
Brotman_Wu_MolPlant_2018_PID_28866081	PC_0512		PC_0512	301	Metabolite	Tolerance
Brotman_Wu_MolPlant_2018_PID_28866081	PC_0526		PC_0526	301	Metabolite	Tolerance
Brotman_Wu_MolPlant_2018_PID_28866081	PC_0544		PC_0544	301	Metabolite	Tolerance
Brotman_Wu_MolPlant_2018_PID_28866081	PC_0546		PC_0546	301	Metabolite	Tolerance
Brotman_Wu_MolPlant_2018_PID_28866081	PC_0552		PC_0552	301	Metabolite	Tolerance
Brotman_Wu_MolPlant_2018_PID_28866081	PC_0558		PC_0558	301	Metabolite	Tolerance
Brotman_Wu_MolPlant_2018_PID_28866081	PC_0570		PC_0570	301	Metabolite	Tolerance
Brotman_Wu_MolPlant_2018_PID_28866081	PC_0601		PC_0601	301	Metabolite	Tolerance
Brotman_Wu_MolPlant_2018_PID_28866081	PC_0615		PC_0615	301	Metabolite	Tolerance
Brotman_Wu_MolPlant_2018_PID_28866081	PC_0626		PC_0626	301	Metabolite	Tolerance
Brotman_Wu_MolPlant_2018_PID_28866081	PC_0631		PC_0631	301	Metabolite	Tolerance
Brotman_Wu_MolPlant_2018_PID_28866081	PC_0633		PC_0633	301	Metabolite	Tolerance
Brotman_Wu_MolPlant_2018_PID_28866081	PC_0635		PC_0635	301	Metabolite	Tolerance
Brotman_Wu_MolPlant_2018_PID_28866081	PC_0638		PC_0638	301	Metabolite	Tolerance
Brotman_Wu_MolPlant_2018_PID_28866081	PC_0642		PC_0642	301	Metabolite	Tolerance
Brotman_Wu_MolPlant_2018_PID_28866081	PC_0658		PC_0658	301	Metabolite	Tolerance
Brotman_Wu_MolPlant_2018_PID_28866081	PC_0673		PC_0673	301	Metabolite	Tolerance
Brotman_Wu_MolPlant_2018_PID_28866081	PC_0684		PC_0684	301	Metabolite	Tolerance
Brotman_Wu_MolPlant_2018_PID_28866081	PC_0688		PC_0688	301	Metabolite	Tolerance
Brotman_Wu_MolPlant_2018_PID_28866081	PC_0709		PC_0709	301	Metabolite	Tolerance
Brotman_Wu_MolPlant_2018_PID_28866081	PC_0712		PC_0712	301	Metabolite	Tolerance
Brotman_Wu_MolPlant_2018_PID_28866081	PC_0785		PC_0785	301	Metabolite	Tolerance
Brotman_Wu_MolPlant_2018_PID_28866081	PC_0846		PC_0846	301	Metabolite	Tolerance
Brotman_Wu_MolPlant_2018_PID_28866081	PC_0858		PC_0858	301	Metabolite	Tolerance
Brotman_Wu_MolPlant_2018_PID_28866081	PC_0866		PC_0866	301	Metabolite	Tolerance
Brotman_Wu_MolPlant_2018_PID_28866081	PC_0932		PC_0932	301	Metabolite	Tolerance
Brotman_Wu_MolPlant_2018_PID_28866081	PC_1145		PC_1145	301	Metabolite	Tolerance
Brotman_Wu_MolPlant_2018_PID_28866081	PC_1181		PC_1181	301	Metabolite	Tolerance
Brotman_Wu_MolPlant_2018_PID_28866081	PC_1237		PC_1237	301	Metabolite	Tolerance
Brotman_Wu_MolPlant_2018_PID_28866081	PC_1246		PC_1246	301	Metabolite	Tolerance
Brotman_Wu_MolPlant_2018_PID_28866081	PC_1248		PC_1248	301	Metabolite	Tolerance
Brotman_Wu_MolPlant_2018_PID_28866081	PC_1265		PC_1265	301	Metabolite	Tolerance
Brotman_Wu_MolPlant_2018_PID_28866081	PC_1274		PC_1274	301	Metabolite	Tolerance
Brotman_Wu_MolPlant_2018_PID_28866081	PC_1322		PC_1322	301	Metabolite	Tolerance
Brotman_Wu_MolPlant_2018_PID_28866081	PC_1401		PC_1401	301	Metabolite	Tolerance
Brotman_Wu_MolPlant_2018_PID_28866081	PC_1410		PC_1410	301	Metabolite	Tolerance
Brotman_Wu_MolPlant_2018_PID_28866081	PC_1435		PC_1435	301	Metabolite	Tolerance
Brotman_Wu_MolPlant_2018_PID_28866081	PC_1465		PC_1465	301	Metabolite	Tolerance
Brotman_Wu_MolPlant_2018_PID_28866081	PC_1490		PC_1490	301	Metabolite	Tolerance
Brotman_Wu_MolPlant_2018_PID_28866081	PC_1491		PC_1491	301	Metabolite	Tolerance
Brotman_Wu_MolPlant_2018_PID_28866081	PC_1493		PC_1493	301	Metabolite	Tolerance
Brotman_Wu_MolPlant_2018_PID_28866081	PC_1528		PC_1528	301	Metabolite	Tolerance
Brotman_Wu_MolPlant_2018_PID_28866081	PC_1533		PC_1533	301	Metabolite	Tolerance
Brotman_Wu_MolPlant_2018_PID_28866081	PC_1732		PC_1732	301	Metabolite	Tolerance
Brotman_Wu_MolPlant_2018_PID_28866081	PC_1734		PC_1734	301	Metabolite	Tolerance
Brotman_Wu_MolPlant_2018_PID_28866081	PC_1755		PC_1755	301	Metabolite	Tolerance
Brotman_Wu_MolPlant_2018_PID_28866081	PC_1782		PC_1782	301	Metabolite	Tolerance
Brotman_Wu_MolPlant_2018_PID_28866081	PC_1857		PC_1857	301	Metabolite	Tolerance
Brotman_Wu_MolPlant_2018_PID_28866081	PC_1976		PC_1976	301	Metabolite	Tolerance
Brotman_Wu_MolPlant_2018_PID_28866081	PC_1998		PC_1998	301	Metabolite	Tolerance
Brotman_Wu_MolPlant_2018_PID_28866081	PC_2045		PC_2045	301	Metabolite	Tolerance
Brotman_Wu_MolPlant_2018_PID_28866081	PC_2372		PC_2372	301	Metabolite	Tolerance
Brotman_Wu_MolPlant_2018_PID_28866081	PC_2395		PC_2395	301	Metabolite	Tolerance
Brotman_Wu_MolPlant_2018_PID_28866081	PC_2413		PC_2413	301	Metabolite	Tolerance
Dellapenna_Angelovici_PlantCell_2013_PID_24368787	ile		ile	312	Metabolite	Tolerance
Dellapenna_Angelovici_PlantCell_2013_PID_24368787	ile_t		ile_t	312	Metabolite	Tolerance
Dellapenna_Angelovici_PlantCell_2013_PID_24368787	leu		leu	312	Metabolite	Tolerance
Dellapenna_Angelovici_PlantCell_2013_PID_24368787	leu_t		leu_t	312	Metabolite	Tolerance
Dellapenna_Angelovici_PlantCell_2013_PID_24368787	val		val	312	Metabolite	Tolerance
Dellapenna_Angelovici_PlantCell_2013_PID_24368787	val_t		val_t	312	Metabolite	Tolerance
Dellapenna_Angelovici_PlantCell_2013_PID_24368787	ile_ileleuval		ile_ileleuval	313	Metabolite	Tolerance
Dellapenna_Angelovici_PlantCell_2013_PID_24368787	leu_ileleuval		leu_ileleuval	313	Metabolite	Tolerance
Brotman_Wu_PlosGen_2016_PID_27760136	Maleic acid		Maleic acid	313	Metabolite	Tolerance
Brotman_Wu_PlosGen_2016_PID_27760136	Proline		Proline	313	Metabolite	Tolerance
Brotman_Wu_PlosGen_2016_PID_27760136	Altrose		Altrose	313	Metabolite	Tolerance
Brotman_Wu_PlosGen_2016_PID_27760136	Malic acid		Malic acid	313	Metabolite	Tolerance
Brotman_Wu_PlosGen_2016_PID_27760136	Succinic acid		Succinic acid	313	Metabolite	Tolerance
Brotman_Wu_PlosGen_2016_PID_27760136	Sucrose		Sucrose	313	Metabolite	Tolerance
Brotman_Wu_PlosGen_2016_PID_27760136	Serine		Serine	313	Metabolite	Tolerance
Brotman_Wu_PlosGen_2016_PID_27760136	Dehydroascorbic acid		Dehydroascorbic acid	313	Metabolite	Tolerance
Brotman_Wu_PlosGen_2016_PID_27760136	Aspartate		Aspartate	313	Metabolite	Tolerance
Brotman_Wu_PlosGen_2016_PID_27760136	myo-inositol		myo-inositol	313	Metabolite	Tolerance
Brotman_Wu_PlosGen_2016_PID_27760136	Citric acid		Citric acid	313	Metabolite	Tolerance
Brotman_Wu_PlosGen_2016_PID_27760136	Similar to Uridine-5-diphosphoglucose disodium salt		Similar to Uridine-5-diphosphoglucose disodium salt	313	Metabolite	Tolerance
Brotman_Wu_PlosGen_2016_PID_27760136	Unknown01		Unknown01	313	Metabolite	Tolerance
Brotman_Wu_PlosGen_2016_PID_27760136	Alanine		Alanine	313	Metabolite	Tolerance
Brotman_Wu_PlosGen_2016_PID_27760136	Unknown02		Unknown02	313	Metabolite	Tolerance
Brotman_Wu_PlosGen_2016_PID_27760136	Glutamine		Glutamine	313	Metabolite	Tolerance
Brotman_Wu_PlosGen_2016_PID_27760136	Threonine		Threonine	313	Metabolite	Tolerance
Brotman_Wu_PlosGen_2016_PID_27760136	Glycine		Glycine	313	Metabolite	Tolerance
Brotman_Wu_PlosGen_2016_PID_27760136	Fructose		Fructose	313	Metabolite	Tolerance
Brotman_Wu_PlosGen_2016_PID_27760136	Glucose		Glucose	313	Metabolite	Tolerance
Brotman_Wu_PlosGen_2016_PID_27760136	Galactinol		Galactinol	313	Metabolite	Tolerance
Brotman_Wu_PlosGen_2016_PID_27760136	1,6-Anhydro-beta-D-glucose		1,6-Anhydro-beta-D-glucose	313	Metabolite	Tolerance
Brotman_Wu_PlosGen_2016_PID_27760136	Glutamine [-H2O]		Glutamine [-H2O]	313	Metabolite	Tolerance
Brotman_Wu_PlosGen_2016_PID_27760136	Phosphoric acid		Phosphoric acid	313	Metabolite	Tolerance
Brotman_Wu_PlosGen_2016_PID_27760136	Valine		Valine	313	Metabolite	Tolerance
Brotman_Wu_PlosGen_2016_PID_27760136	Unknown03		Unknown03	313	Metabolite	Tolerance
Brotman_Wu_PlosGen_2016_PID_27760136	Arabinose		Arabinose	313	Metabolite	Tolerance
Brotman_Wu_PlosGen_2016_PID_27760136	Sinapic acid (cis)		Sinapic acid (cis)	313	Metabolite	Tolerance
Brotman_Wu_PlosGen_2016_PID_27760136	Unknown04		Unknown04	313	Metabolite	Tolerance
Brotman_Wu_PlosGen_2016_PID_27760136	Glyceric acid		Glyceric acid	313	Metabolite	Tolerance
Brotman_Wu_PlosGen_2016_PID_27760136	GABA		GABA	313	Metabolite	Tolerance
Brotman_Wu_PlosGen_2016_PID_27760136	Phenylalanine		Phenylalanine	313	Metabolite	Tolerance
Brotman_Wu_PlosGen_2016_PID_27760136	Isopropyl-beta-D-thiogalactoside		Isopropyl-beta-D-thiogalactoside	313	Metabolite	Tolerance
Brotman_Wu_PlosGen_2016_PID_27760136	Unknown05 (sugar)		Unknown05 (sugar)	313	Metabolite	Tolerance
Brotman_Wu_PlosGen_2016_PID_27760136	Unknown06		Unknown06	313	Metabolite	Tolerance
Brotman_Wu_PlosGen_2016_PID_27760136	Octadecanoic acid		Octadecanoic acid	313	Metabolite	Tolerance
Brotman_Wu_PlosGen_2016_PID_27760136	Spermidine		Spermidine	313	Metabolite	Tolerance
Brotman_Wu_PlosGen_2016_PID_27760136	Maltose		Maltose	313	Metabolite	Tolerance
Brotman_Wu_PlosGen_2016_PID_27760136	Threonic acid		Threonic acid	313	Metabolite	Tolerance
Brotman_Wu_PlosGen_2016_PID_27760136	Fucose		Fucose	313	Metabolite	Tolerance
Brotman_Wu_PlosGen_2016_PID_27760136	Citrulline/Arginine		Citrulline/Arginine	313	Metabolite	Tolerance
Brotman_Wu_PlosGen_2016_PID_27760136	Putrescine		Putrescine	313	Metabolite	Tolerance
Brotman_Wu_PlosGen_2016_PID_27760136	Unknown07		Unknown07	313	Metabolite	Tolerance
Brotman_Wu_PlosGen_2016_PID_27760136	Asparagine		Asparagine	313	Metabolite	Tolerance
Brotman_Wu_PlosGen_2016_PID_27760136	Cysteine		Cysteine	313	Metabolite	Tolerance
Brotman_Wu_PlosGen_2016_PID_27760136	Sinapic acid (trans)		Sinapic acid (trans)	313	Metabolite	Tolerance
Brotman_Wu_PlosGen_2016_PID_27760136	Isoleucine		Isoleucine	313	Metabolite	Tolerance
Brotman_Wu_PlosGen_2016_PID_27760136	Methionine		Methionine	313	Metabolite	Tolerance
Brotman_Wu_PlosGen_2016_PID_27760136	Leucine		Leucine	313	Metabolite	Tolerance
Brotman_Wu_PlosGen_2016_PID_27760136	Trehalose		Trehalose	313	Metabolite	Tolerance
Brotman_Wu_PlosGen_2016_PID_27760136	Unknown08		Unknown08	313	Metabolite	Tolerance
Brotman_Wu_PlosGen_2016_PID_27760136	Tyrosine		Tyrosine	313	Metabolite	Tolerance
Brotman_Wu_PlosGen_2016_PID_27760136	Pyruvic acid		Pyruvic acid	313	Metabolite	Tolerance
Brotman_Wu_PlosGen_2016_PID_27760136	Unknown09		Unknown09	313	Metabolite	Tolerance
Brotman_Wu_PlosGen_2016_PID_27760136	Gluconic acid		Gluconic acid	313	Metabolite	Tolerance
Brotman_Wu_PlosGen_2016_PID_27760136	Mannose		Mannose	313	Metabolite	Tolerance
Brotman_Wu_PlosGen_2016_PID_27760136	Unknown10		Unknown10	313	Metabolite	Tolerance
Brotman_Wu_PlosGen_2016_PID_27760136	Palmitic acid		Palmitic acid	313	Metabolite	Tolerance
Brotman_Wu_PlosGen_2016_PID_27760136	Unknown11		Unknown11	313	Metabolite	Tolerance
Brotman_Wu_PlosGen_2016_PID_27760136	Benzoic acid		Benzoic acid	313	Metabolite	Tolerance
Brotman_Wu_PlosGen_2016_PID_27760136	Tyramine		Tyramine	313	Metabolite	Tolerance
Brotman_Wu_PlosGen_2016_PID_27760136	Unknown12		Unknown12	313	Metabolite	Tolerance
Brotman_Wu_PlosGen_2016_PID_27760136	2-Oxoglutaric acid		2-Oxoglutaric acid	313	Metabolite	Tolerance
Brotman_Wu_PlosGen_2016_PID_27760136	Nicotinic acid		Nicotinic acid	313	Metabolite	Tolerance
Brotman_Wu_PlosGen_2016_PID_27760136	beta-alanine		beta-alanine	313	Metabolite	Tolerance
Brotman_Wu_PlosGen_2016_PID_27760136	Unknown13		Unknown13	313	Metabolite	Tolerance
Brotman_Wu_PlosGen_2016_PID_27760136	Hydroxyproline		Hydroxyproline	313	Metabolite	Tolerance
Brotman_Wu_PlosGen_2016_PID_27760136	Similar to Methanolphosphate		Similar to Methanolphosphate	313	Metabolite	Tolerance
Brotman_Wu_PlosGen_2016_PID_27760136	Tryptophan		Tryptophan	313	Metabolite	Tolerance
Brotman_Wu_PlosGen_2016_PID_27760136	Unknown14		Unknown14	313	Metabolite	Tolerance
Brotman_Wu_PlosGen_2016_PID_27760136	Citramalate		Citramalate	313	Metabolite	Tolerance
Brotman_Wu_PlosGen_2016_PID_27760136	4-hydroxy-benzoic acid		4-hydroxy-benzoic acid	313	Metabolite	Tolerance
Brotman_Wu_PlosGen_2016_PID_27760136	Similar to L-Glutamine		Similar to L-Glutamine	313	Metabolite	Tolerance
Brotman_Wu_PlosGen_2016_PID_27760136	Unknown15		Unknown15	313	Metabolite	Tolerance
Brotman_Wu_PlosGen_2016_PID_27760136	Ascorbic acid		Ascorbic acid	313	Metabolite	Tolerance
Brotman_Wu_PlosGen_2016_PID_27760136	Unknown16		Unknown16	313	Metabolite	Tolerance
Brotman_Wu_PlosGen_2016_PID_27760136	Erythritol		Erythritol	313	Metabolite	Tolerance
Brotman_Wu_PlosGen_2016_PID_27760136	Adenine		Adenine	313	Metabolite	Tolerance
Brotman_Wu_PlosGen_2016_PID_27760136	Shikimate		Shikimate	313	Metabolite	Tolerance
Brotman_Wu_PlosGen_2016_PID_27760136	Similar to Uric acid		Similar to Uric acid	313	Metabolite	Tolerance
Brotman_Wu_PlosGen_2016_PID_27760136	Homoserine		Homoserine	313	Metabolite	Tolerance
Brotman_Wu_PlosGen_2016_PID_27760136	Unknown17		Unknown17	313	Metabolite	Tolerance
Brotman_Wu_PlosGen_2016_PID_27760136	Glucose-6-phosphate		Glucose-6-phosphate	313	Metabolite	Tolerance
Brotman_Wu_PlosGen_2016_PID_27760136	Butanoic acid, 2-amino-		Butanoic acid, 2-amino-	313	Metabolite	Tolerance
Brotman_Wu_PlosGen_2016_PID_27760136	Eicosanoic acid methyl ester		Eicosanoic acid methyl ester	313	Metabolite	Tolerance
Brotman_Wu_PlosGen_2016_PID_27760136	Octacosanoic acid		Octacosanoic acid	313	Metabolite	Tolerance
Brotman_Wu_PlosGen_2016_PID_27760136	Glycerol-3-phosphate		Glycerol-3-phosphate	313	Metabolite	Tolerance
Brotman_Wu_PlosGen_2016_PID_27760136	Galactose, 3,6-anhydro-		Galactose, 3,6-anhydro-	313	Metabolite	Tolerance
Brotman_Wu_PlosGen_2016_PID_27760136	Histidine		Histidine	313	Metabolite	Tolerance
Brotman_Wu_PlosGen_2016_PID_27760136	Fumaric acid		Fumaric acid	313	Metabolite	Tolerance
Brotman_Wu_PlosGen_2016_PID_27760136	Glutamate		Glutamate	313	Metabolite	Tolerance
Brotman_Wu_PlosGen_2016_PID_27760136	Glycerol		Glycerol	313	Metabolite	Tolerance
Brotman_Wu_PlosGen_2016_PID_27760136	Lysine		Lysine	313	Metabolite	Tolerance
Brotman_Wu_PlosGen_2016_PID_27760136	Ornithine		Ornithine	313	Metabolite	Tolerance
Dellapenna_Angelovici_PlantCell_2013_PID_24368787	val_ileleuval		val_ileleuval	313	Metabolite	Tolerance
Dellapenna_Gonzalez-Jorge_PlantCell_2013_PID_24368792	beta_carotene		beta_carotene	315	Metabolite	Tolerance
Keurentjes_Bac-Molenaar_JExpBot_2015_PID_25922493	WC		WC	319	Development	Tolerance
Keurentjes_Fusari_PlantCell_2017_PID_28954812	FK_2		FK_2	321	Metabolite	Tolerance
Keurentjes_Fusari_PlantCell_2017_PID_28954812	GK_1		GK_1	321	Metabolite	Tolerance
Keurentjes_Fusari_PlantCell_2017_PID_28954812	pPGI_1		pPGI_1	321	Metabolite	Tolerance
Keurentjes_Fusari_PlantCell_2017_PID_28954812	aINV_1		aINV_1	322	Metabolite	Tolerance
Keurentjes_Fusari_PlantCell_2017_PID_28954812	FBP_1		FBP_1	324	Metabolite	Tolerance
Keurentjes_Fusari_PlantCell_2017_PID_28954812	iRub_1		iRub_1	324	Metabolite	Tolerance
Keurentjes_Fusari_PlantCell_2017_PID_28954812	FUMARASE_1		FUMARASE_1	325	Metabolite	Tolerance
Keurentjes_Fusari_PlantCell_2017_PID_28954812	nINV_1		nINV_1	325	Metabolite	Tolerance
Keurentjes_Fusari_PlantCell_2017_PID_28954812	AA_1		AA_1	326	Metabolite	Tolerance
Keurentjes_Fusari_PlantCell_2017_PID_28954812	AGP_1		AGP_1	326	Metabolite	Tolerance
Keurentjes_Fusari_PlantCell_2017_PID_28954812	ChlA_1		ChlA_1	326	Metabolite	Tolerance
Keurentjes_Fusari_PlantCell_2017_PID_28954812	ChlB_1		ChlB_1	326	Metabolite	Tolerance
Keurentjes_Fusari_PlantCell_2017_PID_28954812	cPGI_1		cPGI_1	326	Metabolite	Tolerance
Keurentjes_Fusari_PlantCell_2017_PID_28954812	FK_1		FK_1	326	Metabolite	Tolerance
Keurentjes_Fusari_PlantCell_2017_PID_28954812	Fru_1		Fru_1	326	Metabolite	Tolerance
Keurentjes_Fusari_PlantCell_2017_PID_28954812	Fum_1		Fum_1	326	Metabolite	Tolerance
Keurentjes_Fusari_PlantCell_2017_PID_28954812	G6P_1		G6P_1	326	Metabolite	Tolerance
Keurentjes_Fusari_PlantCell_2017_PID_28954812	G6PDH_1		G6PDH_1	326	Metabolite	Tolerance
Keurentjes_Fusari_PlantCell_2017_PID_28954812	Glc_1		Glc_1	326	Metabolite	Tolerance
Keurentjes_Fusari_PlantCell_2017_PID_28954812	Mal_1		Mal_1	326	Metabolite	Tolerance
Keurentjes_Fusari_PlantCell_2017_PID_28954812	mRub_1		mRub_1	326	Metabolite	Tolerance
Keurentjes_Fusari_PlantCell_2017_PID_28954812	NO3_1		NO3_1	326	Metabolite	Tolerance
Keurentjes_Fusari_PlantCell_2017_PID_28954812	NRVm_1		NRVm_1	326	Metabolite	Tolerance
Keurentjes_Fusari_PlantCell_2017_PID_28954812	NRVs_1		NRVs_1	326	Metabolite	Tolerance
Keurentjes_Fusari_PlantCell_2017_PID_28954812	PGM_1		PGM_1	326	Metabolite	Tolerance
Keurentjes_Fusari_PlantCell_2017_PID_28954812	Prot_1		Prot_1	326	Metabolite	Tolerance
Keurentjes_Fusari_PlantCell_2017_PID_28954812	starch_1		starch_1	326	Metabolite	Tolerance
Keurentjes_Fusari_PlantCell_2017_PID_28954812	Suc_1		Suc_1	326	Metabolite	Tolerance
Keurentjes_Fusari_PlantCell_2017_PID_28954812	tPGI_1		tPGI_1	326	Metabolite	Tolerance
Keurentjes_Fusari_PlantCell_2017_PID_28954812	UGP_1		UGP_1	326	Metabolite	Tolerance
Keurentjes_Fusari_PlantCell_2017_PID_28954812	FW_1		FW_1	328	Metabolite	Tolerance
Keurentjes_Fusari_PlantCell_2017_PID_28954812	FUMARASE_2		FUMARASE_2	332	Metabolite	Tolerance
Keurentjes_Fusari_PlantCell_2017_PID_28954812	GK_2		GK_2	341	Metabolite	Tolerance
Keurentjes_Fusari_PlantCell_2017_PID_28954812	AGP_2		AGP_2	344	Metabolite	Tolerance
Keurentjes_Fusari_PlantCell_2017_PID_28954812	aINV_2		aINV_2	344	Metabolite	Tolerance
Keurentjes_Fusari_PlantCell_2017_PID_28954812	NRVm_2		NRVm_2	344	Metabolite	Tolerance
Keurentjes_Fusari_PlantCell_2017_PID_28954812	NRVs_2		NRVs_2	344	Metabolite	Tolerance
Keurentjes_Fusari_PlantCell_2017_PID_28954812	PEPC_2		PEPC_2	344	Metabolite	Tolerance
Keurentjes_Fusari_PlantCell_2017_PID_28954812	PGM_2		PGM_2	344	Metabolite	Tolerance
Keurentjes_Fusari_PlantCell_2017_PID_28954812	TK_2		TK_2	344	Metabolite	Tolerance
Keurentjes_Fusari_PlantCell_2017_PID_28954812	TPI_2		TPI_2	344	Metabolite	Tolerance
Keurentjes_Fusari_PlantCell_2017_PID_28954812	UGP_2		UGP_2	344	Metabolite	Tolerance
Salt_Baxter_PlosOne_2012_PID_22558123	269_Li7		269_Li7	345	Ionomics	Tolerance
Salt_Baxter_PlosOne_2012_PID_22558123	270_B11		270_B11	345	Ionomics	Tolerance
Salt_Baxter_PlosOne_2012_PID_22558123	272_Mg25		272_Mg25	345	Ionomics	Tolerance
Salt_Baxter_PlosOne_2012_PID_22558123	273_P31		273_P31	345	Ionomics	Tolerance
Salt_Baxter_PlosOne_2012_PID_22558123	274_S34		274_S34	345	Ionomics	Tolerance
Salt_Chao_Science_2013_PID_23887874	275_K39		275_K39	345	Ionomics	Tolerance
Salt_Baxter_PlosOne_2012_PID_22558123	276_Ca43		276_Ca43	345	Ionomics	Tolerance
Salt_Baxter_PlosOne_2012_PID_22558123	277_Mn55		277_Mn55	345	Ionomics	Tolerance
Salt_Baxter_PlosOne_2012_PID_22558123	278_Fe57		278_Fe57	345	Ionomics	Tolerance
Salt_Baxter_PlosOne_2012_PID_22558123	279_Co59		279_Co59	345	Ionomics	Tolerance
Salt_Baxter_PlosOne_2012_PID_22558123	280_Ni60		280_Ni60	345	Ionomics	Tolerance
Salt_Baxter_PlosOne_2012_PID_22558123	281_Cu65		281_Cu65	345	Ionomics	Tolerance
Chao_Chen_FronPlaSci_2018_PID_29545819	282_Zn66		282_Zn66	345	Ionomics	Tolerance
Salt_Baxter_PlosOne_2012_PID_22558123	284_Se82		284_Se82	345	Ionomics	Tolerance
Salt_Baxter_PlosOne_2012_PID_22558123	285_Rb85		285_Rb85	345	Ionomics	Tolerance
Carlborg_Forsberg_PlosGen_2015_PID_26599497	286_Mo98		286_Mo98	345	Ionomics	Tolerance
Keurentjes_Fusari_PlantCell_2017_PID_28954812	cPGI_2		cPGI_2	346	Metabolite	Tolerance
Keurentjes_Fusari_PlantCell_2017_PID_28954812	GDH_2		GDH_2	346	Metabolite	Tolerance
Keurentjes_Fusari_PlantCell_2017_PID_28954812	MDH_2		MDH_2	346	Metabolite	Tolerance
Keurentjes_Fusari_PlantCell_2017_PID_28954812	pPGI_2		pPGI_2	346	Metabolite	Tolerance
Keurentjes_Fusari_PlantCell_2017_PID_28954812	SKDH_2		SKDH_2	346	Metabolite	Tolerance
Keurentjes_Fusari_PlantCell_2017_PID_28954812	SPS_2		SPS_2	346	Metabolite	Tolerance
Keurentjes_Fusari_PlantCell_2017_PID_28954812	tPGI_2		tPGI_2	346	Metabolite	Tolerance
Keurentjes_Fusari_PlantCell_2017_PID_28954812	AA_2		AA_2	349	Metabolite	Tolerance
Keurentjes_Fusari_PlantCell_2017_PID_28954812	ChlA_2		ChlA_2	349	Metabolite	Tolerance
Keurentjes_Fusari_PlantCell_2017_PID_28954812	ChlB_2		ChlB_2	349	Metabolite	Tolerance
Keurentjes_Fusari_PlantCell_2017_PID_28954812	Fru_2		Fru_2	349	Metabolite	Tolerance
Keurentjes_Fusari_PlantCell_2017_PID_28954812	Fum_2		Fum_2	349	Metabolite	Tolerance
Keurentjes_Fusari_PlantCell_2017_PID_28954812	G6P_2		G6P_2	349	Metabolite	Tolerance
Keurentjes_Fusari_PlantCell_2017_PID_28954812	Glc_2		Glc_2	349	Metabolite	Tolerance
Keurentjes_Fusari_PlantCell_2017_PID_28954812	iRub_2		iRub_2	349	Metabolite	Tolerance
Keurentjes_Fusari_PlantCell_2017_PID_28954812	Mal_2		Mal_2	349	Metabolite	Tolerance
Keurentjes_Fusari_PlantCell_2017_PID_28954812	mRub_2		mRub_2	349	Metabolite	Tolerance
Keurentjes_Fusari_PlantCell_2017_PID_28954812	NO3_2		NO3_2	349	Metabolite	Tolerance
Keurentjes_Fusari_PlantCell_2017_PID_28954812	Prot_2		Prot_2	349	Metabolite	Tolerance
Keurentjes_Fusari_PlantCell_2017_PID_28954812	starch_2		starch_2	349	Metabolite	Tolerance
Keurentjes_Fusari_PlantCell_2017_PID_28954812	Suc_2		Suc_2	349	Metabolite	Tolerance
Linder_Branham_JHered_2016_PID_26704140	BC160		BC160	391	Metabolite	Tolerance
Linder_Branham_JHered_2016_PID_26704140	BC180		BC180	391	Metabolite	Tolerance
Linder_Branham_JHered_2016_PID_26704140	BC181		BC181	391	Metabolite	Tolerance
Linder_Branham_JHered_2016_PID_26704140	BC182		BC182	391	Metabolite	Tolerance
Linder_Branham_JHered_2016_PID_26704140	BC183		BC183	391	Metabolite	Tolerance
Linder_Branham_JHered_2016_PID_26704140	BC200		BC200	391	Metabolite	Tolerance
Linder_Branham_JHered_2016_PID_26704140	BC201		BC201	391	Metabolite	Tolerance
Linder_Branham_JHered_2016_PID_26704140	BC202		BC202	391	Metabolite	Tolerance
Linder_Branham_JHered_2016_PID_26704140	BC221		BC221	391	Metabolite	Tolerance
Linder_Branham_JHered_2016_PID_26704140	BCpl		BCpl	391	Metabolite	Tolerance
Linder_Branham_JHered_2016_PID_26704140	BCpufa		BCpufa	391	Metabolite	Tolerance
Linder_Branham_JHered_2016_PID_26704140	BCsat		BCsat	391	Metabolite	Tolerance
Linder_Branham_JHered_2016_PID_26704140	BCvlcfa		BCvlcfa	391	Metabolite	Tolerance
Li_Strauch_PNAS_2015_PID_26324904	144_M216T665		144_M216T665	405	Metabolite	Tolerance
Li_Strauch_PNAS_2015_PID_26324904	145_M130T666		145_M130T666	405	Metabolite	Tolerance
Li_Strauch_PNAS_2015_PID_26324904	146_M172T666		146_M172T666	405	Metabolite	Tolerance
Bergelson_Brachi_PNAS_2015_PID_25775585	G2H3B		G2H3B	595	Metabolite	Tolerance
Bergelson_Brachi_PNAS_2015_PID_25775585	G2H4P		G2H4P	595	Metabolite	Tolerance
Bergelson_Brachi_PNAS_2015_PID_25775585	G2P		G2P	595	Metabolite	Tolerance
Bergelson_Brachi_PNAS_2015_PID_25775585	G3B		G3B	595	Metabolite	Tolerance
Bergelson_Brachi_PNAS_2015_PID_25775585	G3BOP		G3BOP	595	Metabolite	Tolerance
Bergelson_Brachi_PNAS_2015_PID_25775585	G3HP		G3HP	595	Metabolite	Tolerance
Bergelson_Brachi_PNAS_2015_PID_25775585	G3MSP		G3MSP	595	Metabolite	Tolerance
Bergelson_Brachi_PNAS_2015_PID_25775585	G3MTP		G3MTP	595	Metabolite	Tolerance
Bergelson_Brachi_PNAS_2015_PID_25775585	G4BOB		G4BOB	595	Metabolite	Tolerance
Bergelson_Brachi_PNAS_2015_PID_25775585	G4HB		G4HB	595	Metabolite	Tolerance
Bergelson_Brachi_PNAS_2015_PID_25775585	G4MSB		G4MSB	595	Metabolite	Tolerance
Bergelson_Brachi_PNAS_2015_PID_25775585	G4MTB		G4MTB	595	Metabolite	Tolerance
Bergelson_Brachi_PNAS_2015_PID_25775585	G4P		G4P	595	Metabolite	Tolerance
Bergelson_Brachi_PNAS_2015_PID_25775585	G5MSP		G5MSP	595	Metabolite	Tolerance
Bergelson_Brachi_PNAS_2015_PID_25775585	G5MTP		G5MTP	595	Metabolite	Tolerance
Bergelson_Brachi_PNAS_2015_PID_25775585	G6MSH		G6MSH	595	Metabolite	Tolerance
Bergelson_Brachi_PNAS_2015_PID_25775585	G6MTH		G6MTH	595	Metabolite	Tolerance
Bergelson_Brachi_PNAS_2015_PID_25775585	G7MSH		G7MSH	595	Metabolite	Tolerance
Bergelson_Brachi_PNAS_2015_PID_25775585	G7MTH		G7MTH	595	Metabolite	Tolerance
Bergelson_Brachi_PNAS_2015_PID_25775585	G8MSO		G8MSO	595	Metabolite	Tolerance
Bergelson_Brachi_PNAS_2015_PID_25775585	G8MTO		G8MTO	595	Metabolite	Tolerance
Salt_Busoms_PNAS_2018_PID_30530653	Sodium		Sodium	953	Ionomics	Tolerance