paper	phenotype	numaccessions	phenotypecategory	stressstrategy
1001_Consortium_Cell_2016_PID_27293186	FT10	1058	Reproduction	Escape
1001_Consortium_Cell_2016_PID_27293186	FT16	1021	Reproduction	Escape
Alonso-Blanco_Vidigal_PlaCelEnv_2016_PID_26991665	DSDS10	177	Development	Escape
Alonso-Blanco_Vidigal_PlaCelEnv_2016_PID_26991665	DSDS50	177	Development	Escape
Alonso-Blanco_Vidigal_PlaCelEnv_2016_PID_26991665	DSDS90	177	Development	Escape
Alonso-Blanco_Vidigal_PlaCelEnv_2016_PID_26991665	FT	176	Reproduction	Escape
Alonso-Blanco_Vidigal_PlaCelEnv_2016_PID_26991665	GAS	177	Development	Escape
Alonso-Blanco_Vidigal_PlaCelEnv_2016_PID_26991665	SS	177	Development	Escape
Alonso-Blanco_Vidigal_PlaCelEnv_2016_PID_26991665	t10	170	Development	Escape
Alonso-Blanco_Vidigal_PlaCelEnv_2016_PID_26991665	t50	170	Development	Escape
Alonso-Blanco_Vidigal_PlaCelEnv_2016_PID_26991665	U8416	170	Development	Avoidance
Balasubramanian_Sanchez-Bermejo_PlantPhys_2015_PID_26195568	HL23_mm_	93	Development	Avoidance
Balasubramanian_Sanchez-Bermejo_PlantPhys_2015_PID_26195568	HL27_mm_	93	Development	Avoidance
Balasubramanian_Sanchez-Bermejo_PlantPhys_2015_PID_26195568	SensHL	93	Development	Avoidance
Balasubramanian_Sanchez-Bermejo_PlantPhys_2015_PID_26195568	VarTemp	93	Development	Avoidance
Bergelson_Brachi_PNAS_2015_PID_25775585	G2H3B	595	Metabolite	Tolerance
Bergelson_Brachi_PNAS_2015_PID_25775585	G2H4P	595	Metabolite	Tolerance
Bergelson_Brachi_PNAS_2015_PID_25775585	G2P	595	Metabolite	Tolerance
Bergelson_Brachi_PNAS_2015_PID_25775585	G3B	595	Metabolite	Tolerance
Bergelson_Brachi_PNAS_2015_PID_25775585	G3BOP	595	Metabolite	Tolerance
Bergelson_Brachi_PNAS_2015_PID_25775585	G3HP	595	Metabolite	Tolerance
Bergelson_Brachi_PNAS_2015_PID_25775585	G3MSP	595	Metabolite	Tolerance
Bergelson_Brachi_PNAS_2015_PID_25775585	G3MTP	595	Metabolite	Tolerance
Bergelson_Brachi_PNAS_2015_PID_25775585	G4BOB	595	Metabolite	Tolerance
Bergelson_Brachi_PNAS_2015_PID_25775585	G4HB	595	Metabolite	Tolerance
Bergelson_Brachi_PNAS_2015_PID_25775585	G4MSB	595	Metabolite	Tolerance
Bergelson_Brachi_PNAS_2015_PID_25775585	G4MTB	595	Metabolite	Tolerance
Bergelson_Brachi_PNAS_2015_PID_25775585	G4P	595	Metabolite	Tolerance
Bergelson_Brachi_PNAS_2015_PID_25775585	G5MSP	595	Metabolite	Tolerance
Bergelson_Brachi_PNAS_2015_PID_25775585	G5MTP	595	Metabolite	Tolerance
Bergelson_Brachi_PNAS_2015_PID_25775585	G6MSH	595	Metabolite	Tolerance
Bergelson_Brachi_PNAS_2015_PID_25775585	G6MTH	595	Metabolite	Tolerance
Bergelson_Brachi_PNAS_2015_PID_25775585	G7MSH	595	Metabolite	Tolerance
Bergelson_Brachi_PNAS_2015_PID_25775585	G7MTH	595	Metabolite	Tolerance
Bergelson_Brachi_PNAS_2015_PID_25775585	G8MSO	595	Metabolite	Tolerance
Bergelson_Brachi_PNAS_2015_PID_25775585	G8MTO	595	Metabolite	Tolerance
Bergelson_Horton_NatCommun_2014_PID_25382143	16S_OTU0_1	144	Microbiome	NA
Bergelson_Horton_NatCommun_2014_PID_25382143	16S_OTU10_11	144	Microbiome	NA
Bergelson_Horton_NatCommun_2014_PID_25382143	16S_OTU101_102	144	Microbiome	NA
Bergelson_Horton_NatCommun_2014_PID_25382143	16S_OTU1026_1027	144	Microbiome	NA
Bergelson_Horton_NatCommun_2014_PID_25382143	16S_OTU1037_1038	144	Microbiome	NA
Bergelson_Horton_NatCommun_2014_PID_25382143	16S_OTU104_105	144	Microbiome	NA
Bergelson_Horton_NatCommun_2014_PID_25382143	16S_OTU1076_1077	144	Microbiome	NA
Bergelson_Horton_NatCommun_2014_PID_25382143	16S_OTU11_12	144	Microbiome	NA
Bergelson_Horton_NatCommun_2014_PID_25382143	16S_OTU110_111	144	Microbiome	NA
Bergelson_Horton_NatCommun_2014_PID_25382143	16S_OTU116_117	144	Microbiome	NA
Bergelson_Horton_NatCommun_2014_PID_25382143	16S_OTU12_13	144	Microbiome	NA
Bergelson_Horton_NatCommun_2014_PID_25382143	16S_OTU125_126	144	Microbiome	NA
Bergelson_Horton_NatCommun_2014_PID_25382143	16S_OTU129_130	144	Microbiome	NA
Bergelson_Horton_NatCommun_2014_PID_25382143	16S_OTU15_16	144	Microbiome	NA
Bergelson_Horton_NatCommun_2014_PID_25382143	16S_OTU151_152	144	Microbiome	NA
Bergelson_Horton_NatCommun_2014_PID_25382143	16S_OTU154_155	144	Microbiome	NA
Bergelson_Horton_NatCommun_2014_PID_25382143	16S_OTU157_158	144	Microbiome	NA
Bergelson_Horton_NatCommun_2014_PID_25382143	16S_OTU159_160	144	Microbiome	NA
Bergelson_Horton_NatCommun_2014_PID_25382143	16S_OTU17_18	144	Microbiome	NA
Bergelson_Horton_NatCommun_2014_PID_25382143	16S_OTU1782_1783	144	Microbiome	NA
Bergelson_Horton_NatCommun_2014_PID_25382143	16S_OTU18_19	144	Microbiome	NA
Bergelson_Horton_NatCommun_2014_PID_25382143	16S_OTU190_191	144	Microbiome	NA
Bergelson_Horton_NatCommun_2014_PID_25382143	16S_OTU193_194	144	Microbiome	NA
Bergelson_Horton_NatCommun_2014_PID_25382143	16S_OTU197_198	144	Microbiome	NA
Bergelson_Horton_NatCommun_2014_PID_25382143	16S_OTU199_200	144	Microbiome	NA
Bergelson_Horton_NatCommun_2014_PID_25382143	16S_OTU200_201	144	Microbiome	NA
Bergelson_Horton_NatCommun_2014_PID_25382143	16S_OTU202_203	144	Microbiome	NA
Bergelson_Horton_NatCommun_2014_PID_25382143	16S_OTU2052_2053	144	Microbiome	NA
Bergelson_Horton_NatCommun_2014_PID_25382143	16S_OTU219_220	144	Microbiome	NA
Bergelson_Horton_NatCommun_2014_PID_25382143	16S_OTU22_23	144	Microbiome	NA
Bergelson_Horton_NatCommun_2014_PID_25382143	16S_OTU225_226	144	Microbiome	NA
Bergelson_Horton_NatCommun_2014_PID_25382143	16S_OTU2284_2285	144	Microbiome	NA
Bergelson_Horton_NatCommun_2014_PID_25382143	16S_OTU233_234	144	Microbiome	NA
Bergelson_Horton_NatCommun_2014_PID_25382143	16S_OTU2331_2332	144	Microbiome	NA
Bergelson_Horton_NatCommun_2014_PID_25382143	16S_OTU243_244	144	Microbiome	NA
Bergelson_Horton_NatCommun_2014_PID_25382143	16S_OTU252_253	144	Microbiome	NA
Bergelson_Horton_NatCommun_2014_PID_25382143	16S_OTU254_255	144	Microbiome	NA
Bergelson_Horton_NatCommun_2014_PID_25382143	16S_OTU2561_2562	144	Microbiome	NA
Bergelson_Horton_NatCommun_2014_PID_25382143	16S_OTU26_27	144	Microbiome	NA
Bergelson_Horton_NatCommun_2014_PID_25382143	16S_OTU273_274	144	Microbiome	NA
Bergelson_Horton_NatCommun_2014_PID_25382143	16S_OTU278_279	144	Microbiome	NA
Bergelson_Horton_NatCommun_2014_PID_25382143	16S_OTU28_29	144	Microbiome	NA
Bergelson_Horton_NatCommun_2014_PID_25382143	16S_OTU281_282	144	Microbiome	NA
Bergelson_Horton_NatCommun_2014_PID_25382143	16S_OTU29_30	144	Microbiome	NA
Bergelson_Horton_NatCommun_2014_PID_25382143	16S_OTU293_294	144	Microbiome	NA
Bergelson_Horton_NatCommun_2014_PID_25382143	16S_OTU308_309	144	Microbiome	NA
Bergelson_Horton_NatCommun_2014_PID_25382143	16S_OTU32_33	144	Microbiome	NA
Bergelson_Horton_NatCommun_2014_PID_25382143	16S_OTU320_321	144	Microbiome	NA
Bergelson_Horton_NatCommun_2014_PID_25382143	16S_OTU325_326	144	Microbiome	NA
Bergelson_Horton_NatCommun_2014_PID_25382143	16S_OTU329_330	144	Microbiome	NA
Bergelson_Horton_NatCommun_2014_PID_25382143	16S_OTU336_337	144	Microbiome	NA
Bergelson_Horton_NatCommun_2014_PID_25382143	16S_OTU349_350	144	Microbiome	NA
Bergelson_Horton_NatCommun_2014_PID_25382143	16S_OTU358_359	144	Microbiome	NA
Bergelson_Horton_NatCommun_2014_PID_25382143	16S_OTU37_38	144	Microbiome	NA
Bergelson_Horton_NatCommun_2014_PID_25382143	16S_OTU373_374	144	Microbiome	NA
Bergelson_Horton_NatCommun_2014_PID_25382143	16S_OTU38_39	144	Microbiome	NA
Bergelson_Horton_NatCommun_2014_PID_25382143	16S_OTU385_386	144	Microbiome	NA
Bergelson_Horton_NatCommun_2014_PID_25382143	16S_OTU395_396	144	Microbiome	NA
Bergelson_Horton_NatCommun_2014_PID_25382143	16S_OTU4_5	144	Microbiome	NA
Bergelson_Horton_NatCommun_2014_PID_25382143	16S_OTU40_41	144	Microbiome	NA
Bergelson_Horton_NatCommun_2014_PID_25382143	16S_OTU452_453	144	Microbiome	NA
Bergelson_Horton_NatCommun_2014_PID_25382143	16S_OTU478_479	144	Microbiome	NA
Bergelson_Horton_NatCommun_2014_PID_25382143	16S_OTU48_49	144	Microbiome	NA
Bergelson_Horton_NatCommun_2014_PID_25382143	16S_OTU488_489	144	Microbiome	NA
Bergelson_Horton_NatCommun_2014_PID_25382143	16S_OTU507_508	144	Microbiome	NA
Bergelson_Horton_NatCommun_2014_PID_25382143	16S_OTU51_52	144	Microbiome	NA
Bergelson_Horton_NatCommun_2014_PID_25382143	16S_OTU52_53	144	Microbiome	NA
Bergelson_Horton_NatCommun_2014_PID_25382143	16S_OTU546_547	144	Microbiome	NA
Bergelson_Horton_NatCommun_2014_PID_25382143	16S_OTU555_556	144	Microbiome	NA
Bergelson_Horton_NatCommun_2014_PID_25382143	16S_OTU557_558	144	Microbiome	NA
Bergelson_Horton_NatCommun_2014_PID_25382143	16S_OTU561_562	144	Microbiome	NA
Bergelson_Horton_NatCommun_2014_PID_25382143	16S_OTU562_563	144	Microbiome	NA
Bergelson_Horton_NatCommun_2014_PID_25382143	16S_OTU581_582	144	Microbiome	NA
Bergelson_Horton_NatCommun_2014_PID_25382143	16S_OTU59_60	144	Microbiome	NA
Bergelson_Horton_NatCommun_2014_PID_25382143	16S_OTU592_593	144	Microbiome	NA
Bergelson_Horton_NatCommun_2014_PID_25382143	16S_OTU6_7	144	Microbiome	NA
Bergelson_Horton_NatCommun_2014_PID_25382143	16S_OTU61_62	144	Microbiome	NA
Bergelson_Horton_NatCommun_2014_PID_25382143	16S_OTU615_616	144	Microbiome	NA
Bergelson_Horton_NatCommun_2014_PID_25382143	16S_OTU63_64	144	Microbiome	NA
Bergelson_Horton_NatCommun_2014_PID_25382143	16S_OTU633_634	144	Microbiome	NA
Bergelson_Horton_NatCommun_2014_PID_25382143	16S_OTU648_649	144	Microbiome	NA
Bergelson_Horton_NatCommun_2014_PID_25382143	16S_OTU651_652	144	Microbiome	NA
Bergelson_Horton_NatCommun_2014_PID_25382143	16S_OTU68_69	144	Microbiome	NA
Bergelson_Horton_NatCommun_2014_PID_25382143	16S_OTU70_71	144	Microbiome	NA
Bergelson_Horton_NatCommun_2014_PID_25382143	16S_OTU723_724	144	Microbiome	NA
Bergelson_Horton_NatCommun_2014_PID_25382143	16S_OTU728_729	144	Microbiome	NA
Bergelson_Horton_NatCommun_2014_PID_25382143	16S_OTU73_74	144	Microbiome	NA
Bergelson_Horton_NatCommun_2014_PID_25382143	16S_OTU80_81	144	Microbiome	NA
Bergelson_Horton_NatCommun_2014_PID_25382143	16S_OTU835_836	144	Microbiome	NA
Bergelson_Horton_NatCommun_2014_PID_25382143	16S_OTU836_837	144	Microbiome	NA
Bergelson_Horton_NatCommun_2014_PID_25382143	16S_OTU85_86	144	Microbiome	NA
Bergelson_Horton_NatCommun_2014_PID_25382143	16S_OTU913_914	144	Microbiome	NA
Bergelson_Horton_NatCommun_2014_PID_25382143	16S_OTU93_94	144	Microbiome	NA
Bergelson_Horton_NatCommun_2014_PID_25382143	16S_OTU949_950	144	Microbiome	NA
Bergelson_Horton_NatCommun_2014_PID_25382143	ITS_OTU1000_1001	145	Microbiome	NA
Bergelson_Horton_NatCommun_2014_PID_25382143	ITS_OTU1051_1052	145	Microbiome	NA
Bergelson_Horton_NatCommun_2014_PID_25382143	ITS_OTU1054_1055	145	Microbiome	NA
Bergelson_Horton_NatCommun_2014_PID_25382143	ITS_OTU1084_1085	145	Microbiome	NA
Bergelson_Horton_NatCommun_2014_PID_25382143	ITS_OTU1088_1089	145	Microbiome	NA
Bergelson_Horton_NatCommun_2014_PID_25382143	ITS_OTU1091_1092	145	Microbiome	NA
Bergelson_Horton_NatCommun_2014_PID_25382143	ITS_OTU1107_1108	145	Microbiome	NA
Bergelson_Horton_NatCommun_2014_PID_25382143	ITS_OTU1136_1137	145	Microbiome	NA
Bergelson_Horton_NatCommun_2014_PID_25382143	ITS_OTU1145_1146	145	Microbiome	NA
Bergelson_Horton_NatCommun_2014_PID_25382143	ITS_OTU1152_1153	145	Microbiome	NA
Bergelson_Horton_NatCommun_2014_PID_25382143	ITS_OTU1189_1190	145	Microbiome	NA
Bergelson_Horton_NatCommun_2014_PID_25382143	ITS_OTU1197_1198	145	Microbiome	NA
Bergelson_Horton_NatCommun_2014_PID_25382143	ITS_OTU1198_1199	145	Microbiome	NA
Bergelson_Horton_NatCommun_2014_PID_25382143	ITS_OTU1202_1203	145	Microbiome	NA
Bergelson_Horton_NatCommun_2014_PID_25382143	ITS_OTU1290_1291	145	Microbiome	NA
Bergelson_Horton_NatCommun_2014_PID_25382143	ITS_OTU1386_1387	145	Microbiome	NA
Bergelson_Horton_NatCommun_2014_PID_25382143	ITS_OTU1404_1405	145	Microbiome	NA
Bergelson_Horton_NatCommun_2014_PID_25382143	ITS_OTU1425_1426	145	Microbiome	NA
Bergelson_Horton_NatCommun_2014_PID_25382143	ITS_OTU1481_1482	145	Microbiome	NA
Bergelson_Horton_NatCommun_2014_PID_25382143	ITS_OTU1492_1493	145	Microbiome	NA
Bergelson_Horton_NatCommun_2014_PID_25382143	ITS_OTU1502_1503	145	Microbiome	NA
Bergelson_Horton_NatCommun_2014_PID_25382143	ITS_OTU1537_1538	145	Microbiome	NA
Bergelson_Horton_NatCommun_2014_PID_25382143	ITS_OTU1549_1550	145	Microbiome	NA
Bergelson_Horton_NatCommun_2014_PID_25382143	ITS_OTU1576_1577	145	Microbiome	NA
Bergelson_Horton_NatCommun_2014_PID_25382143	ITS_OTU1584_1585	145	Microbiome	NA
Bergelson_Horton_NatCommun_2014_PID_25382143	ITS_OTU1614_1615	145	Microbiome	NA
Bergelson_Horton_NatCommun_2014_PID_25382143	ITS_OTU1631_1632	145	Microbiome	NA
Bergelson_Horton_NatCommun_2014_PID_25382143	ITS_OTU1644_1645	145	Microbiome	NA
Bergelson_Horton_NatCommun_2014_PID_25382143	ITS_OTU1650_1651	145	Microbiome	NA
Bergelson_Horton_NatCommun_2014_PID_25382143	ITS_OTU1660_1661	145	Microbiome	NA
Bergelson_Horton_NatCommun_2014_PID_25382143	ITS_OTU1666_1667	145	Microbiome	NA
Bergelson_Horton_NatCommun_2014_PID_25382143	ITS_OTU1671_1672	145	Microbiome	NA
Bergelson_Horton_NatCommun_2014_PID_25382143	ITS_OTU1676_1677	145	Microbiome	NA
Bergelson_Horton_NatCommun_2014_PID_25382143	ITS_OTU1713_1714	145	Microbiome	NA
Bergelson_Horton_NatCommun_2014_PID_25382143	ITS_OTU1738_1739	145	Microbiome	NA
Bergelson_Horton_NatCommun_2014_PID_25382143	ITS_OTU1762_1763	145	Microbiome	NA
Bergelson_Horton_NatCommun_2014_PID_25382143	ITS_OTU1772_1773	145	Microbiome	NA
Bergelson_Horton_NatCommun_2014_PID_25382143	ITS_OTU1786_1787	145	Microbiome	NA
Bergelson_Horton_NatCommun_2014_PID_25382143	ITS_OTU1800_1801	145	Microbiome	NA
Bergelson_Horton_NatCommun_2014_PID_25382143	ITS_OTU1805_1806	145	Microbiome	NA
Bergelson_Horton_NatCommun_2014_PID_25382143	ITS_OTU1808_1809	145	Microbiome	NA
Bergelson_Horton_NatCommun_2014_PID_25382143	ITS_OTU1822_1823	145	Microbiome	NA
Bergelson_Horton_NatCommun_2014_PID_25382143	ITS_OTU1827_1828	145	Microbiome	NA
Bergelson_Horton_NatCommun_2014_PID_25382143	ITS_OTU1845_1846	145	Microbiome	NA
Bergelson_Horton_NatCommun_2014_PID_25382143	ITS_OTU1890_1891	145	Microbiome	NA
Bergelson_Horton_NatCommun_2014_PID_25382143	ITS_OTU1941_1942	145	Microbiome	NA
Bergelson_Horton_NatCommun_2014_PID_25382143	ITS_OTU1953_1954	145	Microbiome	NA
Bergelson_Horton_NatCommun_2014_PID_25382143	ITS_OTU2043_2044	145	Microbiome	NA
Bergelson_Horton_NatCommun_2014_PID_25382143	ITS_OTU2054_2055	145	Microbiome	NA
Bergelson_Horton_NatCommun_2014_PID_25382143	ITS_OTU2081_2082	145	Microbiome	NA
Bergelson_Horton_NatCommun_2014_PID_25382143	ITS_OTU2082_2083	145	Microbiome	NA
Bergelson_Horton_NatCommun_2014_PID_25382143	ITS_OTU2103_2104	145	Microbiome	NA
Bergelson_Horton_NatCommun_2014_PID_25382143	ITS_OTU2109_2110	145	Microbiome	NA
Bergelson_Horton_NatCommun_2014_PID_25382143	ITS_OTU2128_2129	145	Microbiome	NA
Bergelson_Horton_NatCommun_2014_PID_25382143	ITS_OTU2129_2130	145	Microbiome	NA
Bergelson_Horton_NatCommun_2014_PID_25382143	ITS_OTU2154_2155	145	Microbiome	NA
Bergelson_Horton_NatCommun_2014_PID_25382143	ITS_OTU2179_2180	145	Microbiome	NA
Bergelson_Horton_NatCommun_2014_PID_25382143	ITS_OTU2243_2244	145	Microbiome	NA
Bergelson_Horton_NatCommun_2014_PID_25382143	ITS_OTU2349_2350	145	Microbiome	NA
Bergelson_Horton_NatCommun_2014_PID_25382143	ITS_OTU2419_2420	145	Microbiome	NA
Bergelson_Horton_NatCommun_2014_PID_25382143	ITS_OTU2460_2461	145	Microbiome	NA
Bergelson_Horton_NatCommun_2014_PID_25382143	ITS_OTU2678_2679	145	Microbiome	NA
Bergelson_Horton_NatCommun_2014_PID_25382143	ITS_OTU2761_2762	145	Microbiome	NA
Bergelson_Horton_NatCommun_2014_PID_25382143	ITS_OTU2877_2878	145	Microbiome	NA
Bergelson_Horton_NatCommun_2014_PID_25382143	ITS_OTU2911_2912	145	Microbiome	NA
Bergelson_Horton_NatCommun_2014_PID_25382143	ITS_OTU2934_2935	145	Microbiome	NA
Bergelson_Horton_NatCommun_2014_PID_25382143	ITS_OTU3025_3026	145	Microbiome	NA
Bergelson_Horton_NatCommun_2014_PID_25382143	ITS_OTU3029_3030	145	Microbiome	NA
Bergelson_Horton_NatCommun_2014_PID_25382143	ITS_OTU3043_3044	145	Microbiome	NA
Bergelson_Horton_NatCommun_2014_PID_25382143	ITS_OTU3185_3186	145	Microbiome	NA
Bergelson_Horton_NatCommun_2014_PID_25382143	ITS_OTU3313_3313	145	Microbiome	NA
Bergelson_Horton_NatCommun_2014_PID_25382143	ITS_OTU3327_3327	145	Microbiome	NA
Bergelson_Horton_NatCommun_2014_PID_25382143	ITS_OTU3376_3376	145	Microbiome	NA
Bergelson_Horton_NatCommun_2014_PID_25382143	ITS_OTU3421_3421	145	Microbiome	NA
Bergelson_Horton_NatCommun_2014_PID_25382143	ITS_OTU3455_3455	145	Microbiome	NA
Bergelson_Horton_NatCommun_2014_PID_25382143	ITS_OTU3467_3467	145	Microbiome	NA
Bergelson_Horton_NatCommun_2014_PID_25382143	ITS_OTU3507_3507	145	Microbiome	NA
Bergelson_Horton_NatCommun_2014_PID_25382143	ITS_OTU3573_3573	145	Microbiome	NA
Bergelson_Horton_NatCommun_2014_PID_25382143	ITS_OTU3751_3751	145	Microbiome	NA
Bergelson_Horton_NatCommun_2014_PID_25382143	ITS_OTU3804_3804	145	Microbiome	NA
Bergelson_Horton_NatCommun_2014_PID_25382143	ITS_OTU3820_3820	145	Microbiome	NA
Bergelson_Horton_NatCommun_2014_PID_25382143	ITS_OTU3874_3874	145	Microbiome	NA
Bergelson_Horton_NatCommun_2014_PID_25382143	ITS_OTU3962_3962	145	Microbiome	NA
Bergelson_Horton_NatCommun_2014_PID_25382143	ITS_OTU4268_4268	145	Microbiome	NA
Bergelson_Horton_NatCommun_2014_PID_25382143	ITS_OTU600_601	145	Microbiome	NA
Bergelson_Horton_NatCommun_2014_PID_25382143	ITS_OTU621_622	145	Microbiome	NA
Bergelson_Horton_NatCommun_2014_PID_25382143	ITS_OTU763_764	145	Microbiome	NA
Bergelson_Horton_NatCommun_2014_PID_25382143	ITS_OTU776_777	145	Microbiome	NA
Bergelson_Horton_NatCommun_2014_PID_25382143	ITS_OTU780_781	145	Microbiome	NA
Bergelson_Horton_NatCommun_2014_PID_25382143	ITS_OTU822_823	145	Microbiome	NA
Bergelson_Horton_NatCommun_2014_PID_25382143	ITS_OTU850_851	145	Microbiome	NA
Bergelson_Horton_NatCommun_2014_PID_25382143	ITS_OTU883_884	145	Microbiome	NA
Bergelson_Horton_NatCommun_2014_PID_25382143	ITS_OTU892_893	145	Microbiome	NA
Bergelson_Horton_NatCommun_2014_PID_25382143	ITS_OTU899_900	145	Microbiome	NA
Bergelson_Horton_NatCommun_2014_PID_25382143	ITS_OTU905_906	145	Microbiome	NA
Bergelson_Horton_NatCommun_2014_PID_25382143	ITS_OTU907_908	145	Microbiome	NA
Bergelson_Horton_NatCommun_2014_PID_25382143	ITS_OTU910_911	145	Microbiome	NA
Bergelson_Horton_NatCommun_2014_PID_25382143	ITS_OTU917_918	145	Microbiome	NA
Bergelson_Horton_NatCommun_2014_PID_25382143	ITS_OTU921_922	145	Microbiome	NA
Bergelson_Horton_NatCommun_2014_PID_25382143	ITS_OTU998_999	145	Microbiome	NA
Bergelson_Vetter_PlosGen_2016_PID_27336582	elfDC	186	Defense	NA
Bergelson_Vetter_PlosGen_2016_PID_27336582	elfPs	186	Defense	NA
Bergelson_Vetter_PlosGen_2016_PID_27336582	elfPv	186	Defense	NA
Bergelson_Vetter_PlosGen_2016_PID_27336582	flgPa	186	Defense	NA
Bergelson_Vetter_PlosGen_2016_PID_27336582	flgPsHRm	186	Defense	NA
Bergelson_Vetter_PlosGen_2016_PID_27336582	flgPsHRp	186	Defense	NA
Bergelson_Vetter_PlosGen_2016_PID_27336582	flgPv	186	Defense	NA
Berthom_Aoun_FronPlaSci_2017_PID_28878784	day10_27C_cut	151	Defense	NA
Berthom_Aoun_FronPlaSci_2017_PID_28878784	day10_30C_cut	141	Defense	NA
Berthom_Aoun_FronPlaSci_2017_PID_28878784	day10_30C_uncut	158	Defense	NA
Berthom_Aoun_FronPlaSci_2017_PID_28878784	day11_27C_cut	151	Defense	NA
Berthom_Aoun_FronPlaSci_2017_PID_28878784	day11_27C_uncut	161	Defense	NA
Berthom_Aoun_FronPlaSci_2017_PID_28878784	day12_27C_cut	151	Defense	NA
Berthom_Aoun_FronPlaSci_2017_PID_28878784	day13_27C_cut	151	Defense	NA
Berthom_Aoun_FronPlaSci_2017_PID_28878784	day13_27C_uncut	161	Defense	NA
Berthom_Aoun_FronPlaSci_2017_PID_28878784	day3_27C_cut	151	Defense	NA
Berthom_Aoun_FronPlaSci_2017_PID_28878784	day3_27C_uncut	163	Defense	NA
Berthom_Aoun_FronPlaSci_2017_PID_28878784	day3_30C_cut	141	Defense	NA
Berthom_Aoun_FronPlaSci_2017_PID_28878784	day3_30C_uncut	158	Defense	NA
Berthom_Aoun_FronPlaSci_2017_PID_28878784	day4_27C_cut	152	Defense	NA
Berthom_Aoun_FronPlaSci_2017_PID_28878784	day4_27C_uncut	163	Defense	NA
Berthom_Aoun_FronPlaSci_2017_PID_28878784	day4_30C_cut	141	Defense	NA
Berthom_Aoun_FronPlaSci_2017_PID_28878784	day4_30C_uncut	158	Defense	NA
Berthom_Aoun_FronPlaSci_2017_PID_28878784	day5_27C_cut	151	Defense	NA
Berthom_Aoun_FronPlaSci_2017_PID_28878784	day5_27C_uncut	163	Defense	NA
Berthom_Aoun_FronPlaSci_2017_PID_28878784	day5_30C_cut	141	Defense	NA
Berthom_Aoun_FronPlaSci_2017_PID_28878784	day5_30C_uncut	158	Defense	NA
Berthom_Aoun_FronPlaSci_2017_PID_28878784	day6_27C_cut	151	Defense	NA
Berthom_Aoun_FronPlaSci_2017_PID_28878784	day6_27C_uncut	163	Defense	NA
Berthom_Aoun_FronPlaSci_2017_PID_28878784	day6_30C_cut	141	Defense	NA
Berthom_Aoun_FronPlaSci_2017_PID_28878784	day6_30C_uncut	158	Defense	NA
Berthom_Aoun_FronPlaSci_2017_PID_28878784	day7_27C_cut	151	Defense	NA
Berthom_Aoun_FronPlaSci_2017_PID_28878784	day7_27C_uncut	163	Defense	NA
Berthom_Aoun_FronPlaSci_2017_PID_28878784	day7_30C_cut	141	Defense	NA
Berthom_Aoun_FronPlaSci_2017_PID_28878784	day7_30C_uncut	158	Defense	NA
Berthom_Aoun_FronPlaSci_2017_PID_28878784	day8_27C_uncut	163	Defense	NA
Berthom_Aoun_FronPlaSci_2017_PID_28878784	day9_27C_uncut	163	Defense	NA
Birnbaum_Gifford_PlosGen_201399e1003760_PID_24039603	LB_vs_PR_DhighN_vs_lowN	82	Development	Avoidance
Birnbaum_Gifford_PlosGen_201399e1003760_PID_24039603	LB_vs_PR_highN	82	Development	Avoidance
Birnbaum_Gifford_PlosGen_201399e1003760_PID_24039603	LB_vs_PR_lowN	82	Development	Avoidance
Birnbaum_Gifford_PlosGen_201399e1003760_PID_24039603	LR_count_DhighN_vs_lowN	82	Development	Avoidance
Birnbaum_Gifford_PlosGen_201399e1003760_PID_24039603	LR_count_highN	82	Development	Avoidance
Birnbaum_Gifford_PlosGen_201399e1003760_PID_24039603	LR_count_lowN	82	Development	Avoidance
Birnbaum_Gifford_PlosGen_201399e1003760_PID_24039603	LRdensity_DhighN_vs_lowN	82	Development	Avoidance
Birnbaum_Gifford_PlosGen_201399e1003760_PID_24039603	LRdensity_highN	82	Development	Avoidance
Birnbaum_Gifford_PlosGen_201399e1003760_PID_24039603	LRdensity_lowN	82	Development	Avoidance
Birnbaum_Gifford_PlosGen_201399e1003760_PID_24039603	LRlengthave_DhighN_vs_lowN	82	Development	Avoidance
Birnbaum_Gifford_PlosGen_201399e1003760_PID_24039603	LRlengthave_highN	82	Development	Avoidance
Birnbaum_Gifford_PlosGen_201399e1003760_PID_24039603	LRlengthave_lowN	82	Development	Avoidance
Birnbaum_Gifford_PlosGen_201399e1003760_PID_24039603	LRtot_DhighN_vs_lowN	82	Development	Avoidance
Birnbaum_Gifford_PlosGen_201399e1003760_PID_24039603	LRtot_highN	82	Development	Avoidance
Birnbaum_Gifford_PlosGen_201399e1003760_PID_24039603	LRtot_lowN	82	Development	Avoidance
Birnbaum_Gifford_PlosGen_201399e1003760_PID_24039603	PR_DhighN_vs_lowN	82	Development	Avoidance
Birnbaum_Gifford_PlosGen_201399e1003760_PID_24039603	PR_highN	82	Development	Avoidance
Birnbaum_Gifford_PlosGen_201399e1003760_PID_24039603	PR_lowN	82	Development	Avoidance
Birnbaum_Gifford_PlosGen_201399e1003760_PID_24039603	PR_plus_LRtot_DhighN_vs_lowN	82	Development	Avoidance
Birnbaum_Gifford_PlosGen_201399e1003760_PID_24039603	PR_plus_LRtot_highN	82	Development	Avoidance
Birnbaum_Gifford_PlosGen_201399e1003760_PID_24039603	PR_plus_LRtot_lowN	82	Development	Avoidance
Birnbaum_Gifford_PlosGen_201399e1003760_PID_24039603	SA_DhighN_vs_lowN	82	Development	Avoidance
Birnbaum_Gifford_PlosGen_201399e1003760_PID_24039603	SA_highN	82	Development	Avoidance
Birnbaum_Gifford_PlosGen_201399e1003760_PID_24039603	SA_lowN	82	Development	Avoidance
Birnbaum_Gifford_PlosGen_201399e1003760_PID_24039603	SA_to_PR_DhighN_vs_lowN	82	Development	Avoidance
Birnbaum_Gifford_PlosGen_201399e1003760_PID_24039603	SA_to_PR_highN	82	Development	Avoidance
Birnbaum_Gifford_PlosGen_201399e1003760_PID_24039603	SA_to_PR_lowN	82	Development	Avoidance
Borevitz_Li_Genetics_2014_PID_24281156	DTF_Oct_2010	422	Reproduction	Escape
Borevitz_Li_Genetics_2014_PID_24281156	DTF_Oct_2040	427	NA	NA
Borevitz_Li_Genetics_2014_PID_24281156	DTF_Sep_2010	362	Reproduction	Escape
Borevitz_Li_Genetics_2014_PID_24281156	DTF_Sep_2040	367	NA	NA
Borevitz_Li_PNAS_2010_PID_21078970	108_Area_sweden_2009_1st_experiment	445	Development	NA
Borevitz_Li_PNAS_2010_PID_21078970	109_SizePlantingSummer2009	437	Development	NA
Borevitz_Li_PNAS_2010_PID_21078970	110_Size_sweden_2009_2nd_experiment	418	Development	NA
Borevitz_Li_PNAS_2010_PID_21078970	111_SizePlantingSummerLocSweden2009	407	Development	NA
Borevitz_Li_PNAS_2010_PID_21078970	112_Area_sweden_2009_2nd_experiment	462	Development	NA
Borevitz_Li_PNAS_2010_PID_21078970	113_DTF_sweden_2008_1st_experiment	353	Reproduction	Escape
Borevitz_Li_PNAS_2010_PID_21078970	114_Yield_sweden_2009_2nd_experiment	323	Development	NA
Borevitz_Li_PNAS_2010_PID_21078970	115_SizeLocSweden2009	457	Development	NA
Borevitz_Li_PNAS_2010_PID_21078970	116_DTFplantingSummerLocSweden2009	466	Reproduction	Escape
Borevitz_Li_PNAS_2010_PID_21078970	117_DTFlocSweden2008	352	Reproduction	Escape
Borevitz_Li_PNAS_2010_PID_21078970	118_DTFlocSweden2009	467	Reproduction	Escape
Borevitz_Li_PNAS_2010_PID_21078970	119_DTF_spain_2009_1st_experiment	468	Reproduction	Escape
Borevitz_Li_PNAS_2010_PID_21078970	120_DTFplantingLoc2008	351	Reproduction	Escape
Borevitz_Li_PNAS_2010_PID_21078970	121_DTF_spain_2009_2nd_experiment	468	Reproduction	Escape
Borevitz_Li_PNAS_2010_PID_21078970	122_Yield_spain_2009_2nd_experiment	337	Development	NA
Borevitz_Li_PNAS_2010_PID_21078970	123_Size_sweden_2009_1st_experiment	458	Development	NA
Borevitz_Li_PNAS_2010_PID_21078970	124_Yield_spain_2009_1st_experiment	384	Development	NA
Borevitz_Li_PNAS_2010_PID_21078970	125_DTFmainEffect2009	468	Reproduction	Escape
Borevitz_Li_PNAS_2010_PID_21078970	126_DTFmainEffect2008	352	Reproduction	Escape
Borevitz_Li_PNAS_2010_PID_21078970	127_Size_spain_2009_2nd_experiment	432	Development	NA
Borevitz_Li_PNAS_2010_PID_21078970	128_Size_spain_2009_1st_experiment	463	Development	NA
Borevitz_Li_PNAS_2010_PID_21078970	129_DTFplantingSummer2009	466	Reproduction	Escape
Borevitz_Li_PNAS_2010_PID_21078970	130_DTFplantingSummer2008	352	Reproduction	Escape
Borevitz_Li_PNAS_2010_PID_21078970	131_SizeMainEffect2009	466	Development	NA
Borevitz_Li_PNAS_2010_PID_21078970	132_DTF_spain_2008_1st_experiment	353	Development	NA
Borevitz_Li_PNAS_2010_PID_21078970	133_YieldPlantingSummer2009	384	Development	NA
Borevitz_Li_PNAS_2010_PID_21078970	134_DTF_sweden_2009_1st_experiment	467	Reproduction	Escape
Borevitz_Li_PNAS_2010_PID_21078970	135_YieldLocSweden2009	422	Development	NA
Borevitz_Li_PNAS_2010_PID_21078970	136_DTF_spain_2008_2nd_experiment	352	Reproduction	Escape
Borevitz_Li_PNAS_2010_PID_21078970	137_YieldMainEffect2009	454	Development	NA
Borevitz_Li_PNAS_2010_PID_21078970	138_YieldPlantingSummerLocSweden2009	355	Development	NA
Borevitz_Li_PNAS_2010_PID_21078970	139_Yield_sweden_2009_1st_experiment	389	Development	NA
Borevitz_Li_PNAS_2010_PID_21078970	140_DTF_sweden_2009_2nd_experiment	468	Reproduction	Escape
Borevitz_Li_PNAS_2010_PID_21078970	141_DTF_sweden_2008_2nd_experiment	353	Reproduction	Escape
Botto_Ibarra_PlaCelEnv_2016_PID_26177669	D2_entrance_per	133	Development	Escape
Botto_Ibarra_PlaCelEnv_2016_PID_26177669	GEMINATION_4D_per	133	Development	Escape
Botto_Ibarra_PlaCelEnv_2016_PID_26177669	GERMINATION_1D_per	133	Development	Escape
Brady_Toal_G3_2018_PID_30322904	Direction_index	255	Development	Avoidance
Brady_Toal_G3_2018_PID_30322904	Root_angle	255	Development	Avoidance
Brotman_Wu_MolPlant_2018_PID_28866081	NC_0557	301	Metabolite	Tolerance
Brotman_Wu_MolPlant_2018_PID_28866081	NC_0570	301	Metabolite	Tolerance
Brotman_Wu_MolPlant_2018_PID_28866081	NC_0596	301	Metabolite	Tolerance
Brotman_Wu_MolPlant_2018_PID_28866081	NC_0662	301	Metabolite	Tolerance
Brotman_Wu_MolPlant_2018_PID_28866081	NC_0674	301	Metabolite	Tolerance
Brotman_Wu_MolPlant_2018_PID_28866081	NC_0704	301	Metabolite	Tolerance
Brotman_Wu_MolPlant_2018_PID_28866081	NC_0705	301	Metabolite	Tolerance
Brotman_Wu_MolPlant_2018_PID_28866081	NC_0734	301	Metabolite	Tolerance
Brotman_Wu_MolPlant_2018_PID_28866081	NC_0790	301	Metabolite	Tolerance
Brotman_Wu_MolPlant_2018_PID_28866081	NC_0928	301	Metabolite	Tolerance
Brotman_Wu_MolPlant_2018_PID_28866081	NC_1008	301	Metabolite	Tolerance
Brotman_Wu_MolPlant_2018_PID_28866081	NC_1036	301	Metabolite	Tolerance
Brotman_Wu_MolPlant_2018_PID_28866081	NC_1057	301	Metabolite	Tolerance
Brotman_Wu_MolPlant_2018_PID_28866081	NC_1092	301	Metabolite	Tolerance
Brotman_Wu_MolPlant_2018_PID_28866081	NC_1111	301	Metabolite	Tolerance
Brotman_Wu_MolPlant_2018_PID_28866081	NC_1125	301	Metabolite	Tolerance
Brotman_Wu_MolPlant_2018_PID_28866081	NC_1142	301	Metabolite	Tolerance
Brotman_Wu_MolPlant_2018_PID_28866081	NC_1201	301	Metabolite	Tolerance
Brotman_Wu_MolPlant_2018_PID_28866081	NC_1213	301	Metabolite	Tolerance
Brotman_Wu_MolPlant_2018_PID_28866081	NC_1260	301	Metabolite	Tolerance
Brotman_Wu_MolPlant_2018_PID_28866081	NC_1295	301	Metabolite	Tolerance
Brotman_Wu_MolPlant_2018_PID_28866081	NC_1334	301	Metabolite	Tolerance
Brotman_Wu_MolPlant_2018_PID_28866081	NC_1379	301	Metabolite	Tolerance
Brotman_Wu_MolPlant_2018_PID_28866081	NC_1383	301	Metabolite	Tolerance
Brotman_Wu_MolPlant_2018_PID_28866081	NC_1393	301	Metabolite	Tolerance
Brotman_Wu_MolPlant_2018_PID_28866081	NC_1422	301	Metabolite	Tolerance
Brotman_Wu_MolPlant_2018_PID_28866081	NC_1427	301	Metabolite	Tolerance
Brotman_Wu_MolPlant_2018_PID_28866081	NC_1433	301	Metabolite	Tolerance
Brotman_Wu_MolPlant_2018_PID_28866081	NC_1474	301	Metabolite	Tolerance
Brotman_Wu_MolPlant_2018_PID_28866081	NC_1542	301	Metabolite	Tolerance
Brotman_Wu_MolPlant_2018_PID_28866081	NC_1548	301	Metabolite	Tolerance
Brotman_Wu_MolPlant_2018_PID_28866081	NC_1971	301	Metabolite	Tolerance
Brotman_Wu_MolPlant_2018_PID_28866081	NC_2426	301	Metabolite	Tolerance
Brotman_Wu_MolPlant_2018_PID_28866081	PC_0435	301	Metabolite	Tolerance
Brotman_Wu_MolPlant_2018_PID_28866081	PC_0441	301	Metabolite	Tolerance
Brotman_Wu_MolPlant_2018_PID_28866081	PC_0446	301	Metabolite	Tolerance
Brotman_Wu_MolPlant_2018_PID_28866081	PC_0448	301	Metabolite	Tolerance
Brotman_Wu_MolPlant_2018_PID_28866081	PC_0451	301	Metabolite	Tolerance
Brotman_Wu_MolPlant_2018_PID_28866081	PC_0454	301	Metabolite	Tolerance
Brotman_Wu_MolPlant_2018_PID_28866081	PC_0455	301	Metabolite	Tolerance
Brotman_Wu_MolPlant_2018_PID_28866081	PC_0490	301	Metabolite	Tolerance
Brotman_Wu_MolPlant_2018_PID_28866081	PC_0499	301	Metabolite	Tolerance
Brotman_Wu_MolPlant_2018_PID_28866081	PC_0500	301	Metabolite	Tolerance
Brotman_Wu_MolPlant_2018_PID_28866081	PC_0506	301	Metabolite	Tolerance
Brotman_Wu_MolPlant_2018_PID_28866081	PC_0512	301	Metabolite	Tolerance
Brotman_Wu_MolPlant_2018_PID_28866081	PC_0526	301	Metabolite	Tolerance
Brotman_Wu_MolPlant_2018_PID_28866081	PC_0544	301	Metabolite	Tolerance
Brotman_Wu_MolPlant_2018_PID_28866081	PC_0546	301	Metabolite	Tolerance
Brotman_Wu_MolPlant_2018_PID_28866081	PC_0552	301	Metabolite	Tolerance
Brotman_Wu_MolPlant_2018_PID_28866081	PC_0558	301	Metabolite	Tolerance
Brotman_Wu_MolPlant_2018_PID_28866081	PC_0570	301	Metabolite	Tolerance
Brotman_Wu_MolPlant_2018_PID_28866081	PC_0601	301	Metabolite	Tolerance
Brotman_Wu_MolPlant_2018_PID_28866081	PC_0615	301	Metabolite	Tolerance
Brotman_Wu_MolPlant_2018_PID_28866081	PC_0626	301	Metabolite	Tolerance
Brotman_Wu_MolPlant_2018_PID_28866081	PC_0631	301	Metabolite	Tolerance
Brotman_Wu_MolPlant_2018_PID_28866081	PC_0633	301	Metabolite	Tolerance
Brotman_Wu_MolPlant_2018_PID_28866081	PC_0635	301	Metabolite	Tolerance
Brotman_Wu_MolPlant_2018_PID_28866081	PC_0638	301	Metabolite	Tolerance
Brotman_Wu_MolPlant_2018_PID_28866081	PC_0642	301	Metabolite	Tolerance
Brotman_Wu_MolPlant_2018_PID_28866081	PC_0658	301	Metabolite	Tolerance
Brotman_Wu_MolPlant_2018_PID_28866081	PC_0673	301	Metabolite	Tolerance
Brotman_Wu_MolPlant_2018_PID_28866081	PC_0684	301	Metabolite	Tolerance
Brotman_Wu_MolPlant_2018_PID_28866081	PC_0688	301	Metabolite	Tolerance
Brotman_Wu_MolPlant_2018_PID_28866081	PC_0709	301	Metabolite	Tolerance
Brotman_Wu_MolPlant_2018_PID_28866081	PC_0712	301	Metabolite	Tolerance
Brotman_Wu_MolPlant_2018_PID_28866081	PC_0785	301	Metabolite	Tolerance
Brotman_Wu_MolPlant_2018_PID_28866081	PC_0846	301	Metabolite	Tolerance
Brotman_Wu_MolPlant_2018_PID_28866081	PC_0858	301	Metabolite	Tolerance
Brotman_Wu_MolPlant_2018_PID_28866081	PC_0866	301	Metabolite	Tolerance
Brotman_Wu_MolPlant_2018_PID_28866081	PC_0932	301	Metabolite	Tolerance
Brotman_Wu_MolPlant_2018_PID_28866081	PC_1145	301	Metabolite	Tolerance
Brotman_Wu_MolPlant_2018_PID_28866081	PC_1181	301	Metabolite	Tolerance
Brotman_Wu_MolPlant_2018_PID_28866081	PC_1237	301	Metabolite	Tolerance
Brotman_Wu_MolPlant_2018_PID_28866081	PC_1246	301	Metabolite	Tolerance
Brotman_Wu_MolPlant_2018_PID_28866081	PC_1248	301	Metabolite	Tolerance
Brotman_Wu_MolPlant_2018_PID_28866081	PC_1265	301	Metabolite	Tolerance
Brotman_Wu_MolPlant_2018_PID_28866081	PC_1274	301	Metabolite	Tolerance
Brotman_Wu_MolPlant_2018_PID_28866081	PC_1322	301	Metabolite	Tolerance
Brotman_Wu_MolPlant_2018_PID_28866081	PC_1401	301	Metabolite	Tolerance
Brotman_Wu_MolPlant_2018_PID_28866081	PC_1410	301	Metabolite	Tolerance
Brotman_Wu_MolPlant_2018_PID_28866081	PC_1435	301	Metabolite	Tolerance
Brotman_Wu_MolPlant_2018_PID_28866081	PC_1465	301	Metabolite	Tolerance
Brotman_Wu_MolPlant_2018_PID_28866081	PC_1490	301	Metabolite	Tolerance
Brotman_Wu_MolPlant_2018_PID_28866081	PC_1491	301	Metabolite	Tolerance
Brotman_Wu_MolPlant_2018_PID_28866081	PC_1493	301	Metabolite	Tolerance
Brotman_Wu_MolPlant_2018_PID_28866081	PC_1528	301	Metabolite	Tolerance
Brotman_Wu_MolPlant_2018_PID_28866081	PC_1533	301	Metabolite	Tolerance
Brotman_Wu_MolPlant_2018_PID_28866081	PC_1732	301	Metabolite	Tolerance
Brotman_Wu_MolPlant_2018_PID_28866081	PC_1734	301	Metabolite	Tolerance
Brotman_Wu_MolPlant_2018_PID_28866081	PC_1755	301	Metabolite	Tolerance
Brotman_Wu_MolPlant_2018_PID_28866081	PC_1782	301	Metabolite	Tolerance
Brotman_Wu_MolPlant_2018_PID_28866081	PC_1857	301	Metabolite	Tolerance
Brotman_Wu_MolPlant_2018_PID_28866081	PC_1976	301	Metabolite	Tolerance
Brotman_Wu_MolPlant_2018_PID_28866081	PC_1998	301	Metabolite	Tolerance
Brotman_Wu_MolPlant_2018_PID_28866081	PC_2045	301	Metabolite	Tolerance
Brotman_Wu_MolPlant_2018_PID_28866081	PC_2372	301	Metabolite	Tolerance
Brotman_Wu_MolPlant_2018_PID_28866081	PC_2395	301	Metabolite	Tolerance
Brotman_Wu_MolPlant_2018_PID_28866081	PC_2413	301	Metabolite	Tolerance
Brotman_Wu_PlosGen_2016_PID_27760136	met01	313	Metabolite	Tolerance
Brotman_Wu_PlosGen_2016_PID_27760136	met02	313	Metabolite	Tolerance
Brotman_Wu_PlosGen_2016_PID_27760136	met03	313	Metabolite	Tolerance
Brotman_Wu_PlosGen_2016_PID_27760136	met04	313	Metabolite	Tolerance
Brotman_Wu_PlosGen_2016_PID_27760136	met05	313	Metabolite	Tolerance
Brotman_Wu_PlosGen_2016_PID_27760136	met06	313	Metabolite	Tolerance
Brotman_Wu_PlosGen_2016_PID_27760136	met07	313	Metabolite	Tolerance
Brotman_Wu_PlosGen_2016_PID_27760136	met08	313	Metabolite	Tolerance
Brotman_Wu_PlosGen_2016_PID_27760136	met09	313	Metabolite	Tolerance
Brotman_Wu_PlosGen_2016_PID_27760136	met10	313	Metabolite	Tolerance
Brotman_Wu_PlosGen_2016_PID_27760136	met11	313	Metabolite	Tolerance
Brotman_Wu_PlosGen_2016_PID_27760136	met12	313	Metabolite	Tolerance
Brotman_Wu_PlosGen_2016_PID_27760136	met13	313	Metabolite	Tolerance
Brotman_Wu_PlosGen_2016_PID_27760136	met14	313	Metabolite	Tolerance
Brotman_Wu_PlosGen_2016_PID_27760136	met15	313	Metabolite	Tolerance
Brotman_Wu_PlosGen_2016_PID_27760136	met16	313	Metabolite	Tolerance
Brotman_Wu_PlosGen_2016_PID_27760136	met17	313	Metabolite	Tolerance
Brotman_Wu_PlosGen_2016_PID_27760136	met18	313	Metabolite	Tolerance
Brotman_Wu_PlosGen_2016_PID_27760136	met19	313	Metabolite	Tolerance
Brotman_Wu_PlosGen_2016_PID_27760136	met20	313	Metabolite	Tolerance
Brotman_Wu_PlosGen_2016_PID_27760136	met21	313	Metabolite	Tolerance
Brotman_Wu_PlosGen_2016_PID_27760136	met22	313	Metabolite	Tolerance
Brotman_Wu_PlosGen_2016_PID_27760136	met23	313	Metabolite	Tolerance
Brotman_Wu_PlosGen_2016_PID_27760136	met24	313	Metabolite	Tolerance
Brotman_Wu_PlosGen_2016_PID_27760136	met25	313	Metabolite	Tolerance
Brotman_Wu_PlosGen_2016_PID_27760136	met26	313	Metabolite	Tolerance
Brotman_Wu_PlosGen_2016_PID_27760136	met27	313	Metabolite	Tolerance
Brotman_Wu_PlosGen_2016_PID_27760136	met28	313	Metabolite	Tolerance
Brotman_Wu_PlosGen_2016_PID_27760136	met29	313	Metabolite	Tolerance
Brotman_Wu_PlosGen_2016_PID_27760136	met30	313	Metabolite	Tolerance
Brotman_Wu_PlosGen_2016_PID_27760136	met31	313	Metabolite	Tolerance
Brotman_Wu_PlosGen_2016_PID_27760136	met32	313	Metabolite	Tolerance
Brotman_Wu_PlosGen_2016_PID_27760136	met33	313	Metabolite	Tolerance
Brotman_Wu_PlosGen_2016_PID_27760136	met34	313	Metabolite	Tolerance
Brotman_Wu_PlosGen_2016_PID_27760136	met35	313	Metabolite	Tolerance
Brotman_Wu_PlosGen_2016_PID_27760136	met36	313	Metabolite	Tolerance
Brotman_Wu_PlosGen_2016_PID_27760136	met37	313	Metabolite	Tolerance
Brotman_Wu_PlosGen_2016_PID_27760136	met38	313	Metabolite	Tolerance
Brotman_Wu_PlosGen_2016_PID_27760136	met39	313	Metabolite	Tolerance
Brotman_Wu_PlosGen_2016_PID_27760136	met40	313	Metabolite	Tolerance
Brotman_Wu_PlosGen_2016_PID_27760136	met41	313	Metabolite	Tolerance
Brotman_Wu_PlosGen_2016_PID_27760136	met42	313	Metabolite	Tolerance
Brotman_Wu_PlosGen_2016_PID_27760136	met43	313	Metabolite	Tolerance
Brotman_Wu_PlosGen_2016_PID_27760136	met44	313	Metabolite	Tolerance
Brotman_Wu_PlosGen_2016_PID_27760136	met45	313	Metabolite	Tolerance
Brotman_Wu_PlosGen_2016_PID_27760136	met46	313	Metabolite	Tolerance
Brotman_Wu_PlosGen_2016_PID_27760136	met47	313	Metabolite	Tolerance
Brotman_Wu_PlosGen_2016_PID_27760136	met48	313	Metabolite	Tolerance
Brotman_Wu_PlosGen_2016_PID_27760136	met49	313	Metabolite	Tolerance
Brotman_Wu_PlosGen_2016_PID_27760136	met50	313	Metabolite	Tolerance
Brotman_Wu_PlosGen_2016_PID_27760136	met51	313	Metabolite	Tolerance
Brotman_Wu_PlosGen_2016_PID_27760136	met52	313	Metabolite	Tolerance
Brotman_Wu_PlosGen_2016_PID_27760136	met53	313	Metabolite	Tolerance
Brotman_Wu_PlosGen_2016_PID_27760136	met54	313	Metabolite	Tolerance
Brotman_Wu_PlosGen_2016_PID_27760136	met55	313	Metabolite	Tolerance
Brotman_Wu_PlosGen_2016_PID_27760136	met56	313	Metabolite	Tolerance
Brotman_Wu_PlosGen_2016_PID_27760136	met57	313	Metabolite	Tolerance
Brotman_Wu_PlosGen_2016_PID_27760136	met58	313	Metabolite	Tolerance
Brotman_Wu_PlosGen_2016_PID_27760136	met59	313	Metabolite	Tolerance
Brotman_Wu_PlosGen_2016_PID_27760136	met60	313	Metabolite	Tolerance
Brotman_Wu_PlosGen_2016_PID_27760136	met61	313	Metabolite	Tolerance
Brotman_Wu_PlosGen_2016_PID_27760136	met62	313	Metabolite	Tolerance
Brotman_Wu_PlosGen_2016_PID_27760136	met63	313	Metabolite	Tolerance
Brotman_Wu_PlosGen_2016_PID_27760136	met64	313	Metabolite	Tolerance
Brotman_Wu_PlosGen_2016_PID_27760136	met65	313	Metabolite	Tolerance
Brotman_Wu_PlosGen_2016_PID_27760136	met66	313	Metabolite	Tolerance
Brotman_Wu_PlosGen_2016_PID_27760136	met67	313	Metabolite	Tolerance
Brotman_Wu_PlosGen_2016_PID_27760136	met68	313	Metabolite	Tolerance
Brotman_Wu_PlosGen_2016_PID_27760136	met69	313	Metabolite	Tolerance
Brotman_Wu_PlosGen_2016_PID_27760136	met70	313	Metabolite	Tolerance
Brotman_Wu_PlosGen_2016_PID_27760136	met71	313	Metabolite	Tolerance
Brotman_Wu_PlosGen_2016_PID_27760136	met72	313	Metabolite	Tolerance
Brotman_Wu_PlosGen_2016_PID_27760136	met73	313	Metabolite	Tolerance
Brotman_Wu_PlosGen_2016_PID_27760136	met74	313	Metabolite	Tolerance
Brotman_Wu_PlosGen_2016_PID_27760136	met75	313	Metabolite	Tolerance
Brotman_Wu_PlosGen_2016_PID_27760136	met76	313	Metabolite	Tolerance
Brotman_Wu_PlosGen_2016_PID_27760136	met77	313	Metabolite	Tolerance
Brotman_Wu_PlosGen_2016_PID_27760136	met78	313	Metabolite	Tolerance
Brotman_Wu_PlosGen_2016_PID_27760136	met79	313	Metabolite	Tolerance
Brotman_Wu_PlosGen_2016_PID_27760136	met80	313	Metabolite	Tolerance
Brotman_Wu_PlosGen_2016_PID_27760136	met81	313	Metabolite	Tolerance
Brotman_Wu_PlosGen_2016_PID_27760136	met82	313	Metabolite	Tolerance
Brotman_Wu_PlosGen_2016_PID_27760136	met83	313	Metabolite	Tolerance
Brotman_Wu_PlosGen_2016_PID_27760136	met84	313	Metabolite	Tolerance
Brotman_Wu_PlosGen_2016_PID_27760136	met85	313	Metabolite	Tolerance
Brotman_Wu_PlosGen_2016_PID_27760136	met86	313	Metabolite	Tolerance
Brotman_Wu_PlosGen_2016_PID_27760136	met87	313	Metabolite	Tolerance
Brotman_Wu_PlosGen_2016_PID_27760136	met88	313	Metabolite	Tolerance
Brotman_Wu_PlosGen_2016_PID_27760136	met89	313	Metabolite	Tolerance
Brotman_Wu_PlosGen_2016_PID_27760136	met90	313	Metabolite	Tolerance
Brotman_Wu_PlosGen_2016_PID_27760136	met91	313	Metabolite	Tolerance
Brotman_Wu_PlosGen_2016_PID_27760136	met92	313	Metabolite	Tolerance
Brotman_Wu_PlosGen_2016_PID_27760136	met93	313	Metabolite	Tolerance
Brotman_Wu_PlosGen_2016_PID_27760136	met94	313	Metabolite	Tolerance
Busch_Meijn_NatGen_2014_PID_24212884	142_Mature_cell_length	201	Metabolite	Avoidance
Busch_Meijn_NatGen_2014_PID_24212884	143_Meristem_zone_length	201	Metabolite	Avoidance
Busch_Ristova_PlantJ_2018_PID_30030851	LR.no_ABA	191	Development	Avoidance
Busch_Ristova_PlantJ_2018_PID_30030851	LR.no_C	190	Development	Avoidance
Busch_Ristova_PlantJ_2018_PID_30030851	LR.no_CK	192	Development	Avoidance
Busch_Ristova_PlantJ_2018_PID_30030851	LR.no_IAA	190	Development	Avoidance
Busch_Ristova_PlantJ_2018_PID_30030851	LRD_P_ABA	191	Development	Avoidance
Busch_Ristova_PlantJ_2018_PID_30030851	LRD_P_C	190	Development	Avoidance
Busch_Ristova_PlantJ_2018_PID_30030851	LRD_P_CK	192	Development	Avoidance
Busch_Ristova_PlantJ_2018_PID_30030851	LRD_P_IAA	190	Development	Avoidance
Busch_Ristova_PlantJ_2018_PID_30030851	LRD_R_ABA	191	Development	Avoidance
Busch_Ristova_PlantJ_2018_PID_30030851	LRD_R_C	190	Development	Avoidance
Busch_Ristova_PlantJ_2018_PID_30030851	LRD_R_CK	192	Development	Avoidance
Busch_Ristova_PlantJ_2018_PID_30030851	LRD_R_IAA	190	Development	Avoidance
Busch_Ristova_PlantJ_2018_PID_30030851	LRL_ABA	191	Development	Avoidance
Busch_Ristova_PlantJ_2018_PID_30030851	LRL_C	190	Development	Avoidance
Busch_Ristova_PlantJ_2018_PID_30030851	LRL_CK	192	Development	Avoidance
Busch_Ristova_PlantJ_2018_PID_30030851	LRL_IAA	190	Development	Avoidance
Busch_Ristova_PlantJ_2018_PID_30030851	LRR_ABA	191	Development	Avoidance
Busch_Ristova_PlantJ_2018_PID_30030851	LRR_C	190	Development	Avoidance
Busch_Ristova_PlantJ_2018_PID_30030851	LRR_CK	192	Development	Avoidance
Busch_Ristova_PlantJ_2018_PID_30030851	LRR_IAA	190	Development	Avoidance
Busch_Ristova_PlantJ_2018_PID_30030851	P_ABA	191	Development	Avoidance
Busch_Ristova_PlantJ_2018_PID_30030851	P_C	190	Development	Avoidance
Busch_Ristova_PlantJ_2018_PID_30030851	P_CK	192	Development	Avoidance
Busch_Ristova_PlantJ_2018_PID_30030851	P_IAA	190	Development	Avoidance
Busch_Ristova_PlantJ_2018_PID_30030851	P2_ABA	191	Development	Avoidance
Busch_Ristova_PlantJ_2018_PID_30030851	P2_C	190	Development	Avoidance
Busch_Ristova_PlantJ_2018_PID_30030851	P2_CK	192	Development	Avoidance
Busch_Ristova_PlantJ_2018_PID_30030851	P2_IAA	190	Development	Avoidance
Busch_Ristova_PlantJ_2018_PID_30030851	R_ABA	191	Development	Avoidance
Busch_Ristova_PlantJ_2018_PID_30030851	R_C	190	Development	Avoidance
Busch_Ristova_PlantJ_2018_PID_30030851	R_CK	192	Development	Avoidance
Busch_Ristova_PlantJ_2018_PID_30030851	R_IAA	190	Development	Avoidance
Busch_Ristova_PlantJ_2018_PID_30030851	TLRL_ABA	191	Development	Avoidance
Busch_Ristova_PlantJ_2018_PID_30030851	TLRL_C	190	Development	Avoidance
Busch_Ristova_PlantJ_2018_PID_30030851	TLRL_CK	192	Development	Avoidance
Busch_Ristova_PlantJ_2018_PID_30030851	TLRL_IAA	190	Development	Avoidance
Busch_Ristova_PlantJ_2018_PID_30030851	TRL_ABA	191	Development	Avoidance
Busch_Ristova_PlantJ_2018_PID_30030851	TRL_C	190	Development	Avoidance
Busch_Ristova_PlantJ_2018_PID_30030851	TRL_CK	192	Development	Avoidance
Busch_Ristova_PlantJ_2018_PID_30030851	TRL_IAA	190	Development	Avoidance
Busch_Satbhai_NatCommun_2017_PID_28537266	289_Root_length_Day_1	133	Development	Avoidance
Busch_Satbhai_NatCommun_2017_PID_28537266	290_Root_length_Day_2	134	Development	Avoidance
Busch_Satbhai_NatCommun_2017_PID_28537266	291_Root_length_Day_3	132	Development	Avoidance
Busch_Satbhai_NatCommun_2017_PID_28537266	292_Root_length_Day_4	126	Development	Avoidance
Busch_Satbhai_NatCommun_2017_PID_28537266	293_Root_length_Day_5	131	Development	Avoidance
Busch_Slovak_PlantCell_2014_PID_24920330	Average_root_width_avg	163	Development	Avoidance
Busch_Slovak_PlantCell_2014_PID_24920330	Average_root_width_day001	163	Development	Avoidance
Busch_Slovak_PlantCell_2014_PID_24920330	Average_root_width_day002	163	Development	Avoidance
Busch_Slovak_PlantCell_2014_PID_24920330	Average_root_width_day003	163	Development	Avoidance
Busch_Slovak_PlantCell_2014_PID_24920330	Average_root_width_day004	163	Development	Avoidance
Busch_Slovak_PlantCell_2014_PID_24920330	Average_root_width_day005	163	Development	Avoidance
Busch_Slovak_PlantCell_2014_PID_24920330	Euclidian_length_day001	163	Development	Avoidance
Busch_Slovak_PlantCell_2014_PID_24920330	Euclidian_length_day002	163	Development	Avoidance
Busch_Slovak_PlantCell_2014_PID_24920330	Euclidian_length_day003	163	Development	Avoidance
Busch_Slovak_PlantCell_2014_PID_24920330	Euclidian_length_day004	163	Development	Avoidance
Busch_Slovak_PlantCell_2014_PID_24920330	Euclidian_length_day005	163	Development	Avoidance
Busch_Slovak_PlantCell_2014_PID_24920330	Relative_root_growth_rate_avg	163	Development	Avoidance
Busch_Slovak_PlantCell_2014_PID_24920330	Relative_root_growth_rate_day001.day002	162	Development	Avoidance
Busch_Slovak_PlantCell_2014_PID_24920330	Relative_root_growth_rate_day002.day003	163	Development	Avoidance
Busch_Slovak_PlantCell_2014_PID_24920330	Relative_root_growth_rate_day003.day004	163	Development	Avoidance
Busch_Slovak_PlantCell_2014_PID_24920330	Relative_root_growth_rate_day004.day005	163	Development	Avoidance
Busch_Slovak_PlantCell_2014_PID_24920330	Root_angle_avg	163	Development	Avoidance
Busch_Slovak_PlantCell_2014_PID_24920330	Root_angle_day001	163	Development	Avoidance
Busch_Slovak_PlantCell_2014_PID_24920330	Root_angle_day002	163	Development	Avoidance
Busch_Slovak_PlantCell_2014_PID_24920330	Root_angle_day003	163	Development	Avoidance
Busch_Slovak_PlantCell_2014_PID_24920330	Root_angle_day004	163	Development	Avoidance
Busch_Slovak_PlantCell_2014_PID_24920330	Root_angle_day005	163	Development	Avoidance
Busch_Slovak_PlantCell_2014_PID_24920330	Root_directional_equivalent_avg	163	Development	Avoidance
Busch_Slovak_PlantCell_2014_PID_24920330	Root_directional_equivalent_day001	163	Development	Avoidance
Busch_Slovak_PlantCell_2014_PID_24920330	Root_directional_equivalent_day002	163	Development	Avoidance
Busch_Slovak_PlantCell_2014_PID_24920330	Root_directional_equivalent_day003	163	Development	Avoidance
Busch_Slovak_PlantCell_2014_PID_24920330	Root_directional_equivalent_day004	163	Development	Avoidance
Busch_Slovak_PlantCell_2014_PID_24920330	Root_directional_equivalent_day005	163	Development	Avoidance
Busch_Slovak_PlantCell_2014_PID_24920330	Root_growth_rate_avg	163	Development	Avoidance
Busch_Slovak_PlantCell_2014_PID_24920330	Root_growth_rate_day001.day002	162	Development	Avoidance
Busch_Slovak_PlantCell_2014_PID_24920330	Root_growth_rate_day002.day003	163	Development	Avoidance
Busch_Slovak_PlantCell_2014_PID_24920330	Root_growth_rate_day003.day004	163	Development	Avoidance
Busch_Slovak_PlantCell_2014_PID_24920330	Root_growth_rate_day004.day005	163	Development	Avoidance
Busch_Slovak_PlantCell_2014_PID_24920330	Root_horizontal_index_avg	163	Development	Avoidance
Busch_Slovak_PlantCell_2014_PID_24920330	Root_horizontal_index_day001	163	Development	Avoidance
Busch_Slovak_PlantCell_2014_PID_24920330	Root_horizontal_index_day002	163	Development	Avoidance
Busch_Slovak_PlantCell_2014_PID_24920330	Root_horizontal_index_day003	163	Development	Avoidance
Busch_Slovak_PlantCell_2014_PID_24920330	Root_horizontal_index_day004	163	Development	Avoidance
Busch_Slovak_PlantCell_2014_PID_24920330	Root_horizontal_index_day005	163	Development	Avoidance
Busch_Slovak_PlantCell_2014_PID_24920330	Root_linearity_avg	163	Development	Avoidance
Busch_Slovak_PlantCell_2014_PID_24920330	Root_linearity_day001	163	Development	Avoidance
Busch_Slovak_PlantCell_2014_PID_24920330	Root_linearity_day002	163	Development	Avoidance
Busch_Slovak_PlantCell_2014_PID_24920330	Root_linearity_day003	163	Development	Avoidance
Busch_Slovak_PlantCell_2014_PID_24920330	Root_linearity_day004	163	Development	Avoidance
Busch_Slovak_PlantCell_2014_PID_24920330	Root_linearity_day005	163	Development	Avoidance
Busch_Slovak_PlantCell_2014_PID_24920330	Root_tortuosity_avg	163	Development	Avoidance
Busch_Slovak_PlantCell_2014_PID_24920330	Root_tortuosity_day001	163	Development	Avoidance
Busch_Slovak_PlantCell_2014_PID_24920330	Root_tortuosity_day002	163	Development	Avoidance
Busch_Slovak_PlantCell_2014_PID_24920330	Root_tortuosity_day003	163	Development	Avoidance
Busch_Slovak_PlantCell_2014_PID_24920330	Root_tortuosity_day004	163	Development	Avoidance
Busch_Slovak_PlantCell_2014_PID_24920330	Root_tortuosity_day005	163	Development	Avoidance
Busch_Slovak_PlantCell_2014_PID_24920330	Root_vertical_index_avg	163	Development	Avoidance
Busch_Slovak_PlantCell_2014_PID_24920330	Root_vertical_index_day001	163	Development	Avoidance
Busch_Slovak_PlantCell_2014_PID_24920330	Root_vertical_index_day002	163	Development	Avoidance
Busch_Slovak_PlantCell_2014_PID_24920330	Root_vertical_index_day003	163	Development	Avoidance
Busch_Slovak_PlantCell_2014_PID_24920330	Root_vertical_index_day004	163	Development	Avoidance
Busch_Slovak_PlantCell_2014_PID_24920330	Root_vertical_index_day005	163	Development	Avoidance
Busch_Slovak_PlantCell_2014_PID_24920330	Root_width_100_avg	163	Development	Avoidance
Busch_Slovak_PlantCell_2014_PID_24920330	Root_width_100_day001	163	Development	Avoidance
Busch_Slovak_PlantCell_2014_PID_24920330	Root_width_100_day002	163	Development	Avoidance
Busch_Slovak_PlantCell_2014_PID_24920330	Root_width_100_day003	163	Development	Avoidance
Busch_Slovak_PlantCell_2014_PID_24920330	Root_width_100_day004	163	Development	Avoidance
Busch_Slovak_PlantCell_2014_PID_24920330	Root_width_100_day005	163	Development	Avoidance
Busch_Slovak_PlantCell_2014_PID_24920330	Root_width_20_avg	163	Development	Avoidance
Busch_Slovak_PlantCell_2014_PID_24920330	Root_width_20_day001	163	Development	Avoidance
Busch_Slovak_PlantCell_2014_PID_24920330	Root_width_20_day002	163	Development	Avoidance
Busch_Slovak_PlantCell_2014_PID_24920330	Root_width_20_day003	163	Development	Avoidance
Busch_Slovak_PlantCell_2014_PID_24920330	Root_width_20_day004	163	Development	Avoidance
Busch_Slovak_PlantCell_2014_PID_24920330	Root_width_20_day005	163	Development	Avoidance
Busch_Slovak_PlantCell_2014_PID_24920330	Root_width_40_avg	163	Development	Avoidance
Busch_Slovak_PlantCell_2014_PID_24920330	Root_width_40_day001	163	Development	Avoidance
Busch_Slovak_PlantCell_2014_PID_24920330	Root_width_40_day002	163	Development	Avoidance
Busch_Slovak_PlantCell_2014_PID_24920330	Root_width_40_day003	163	Development	Avoidance
Busch_Slovak_PlantCell_2014_PID_24920330	Root_width_40_day004	163	Development	Avoidance
Busch_Slovak_PlantCell_2014_PID_24920330	Root_width_40_day005	163	Development	Avoidance
Busch_Slovak_PlantCell_2014_PID_24920330	Root_width_60_avg	163	Development	Avoidance
Busch_Slovak_PlantCell_2014_PID_24920330	Root_width_60_day001	163	Development	Avoidance
Busch_Slovak_PlantCell_2014_PID_24920330	Root_width_60_day002	163	Development	Avoidance
Busch_Slovak_PlantCell_2014_PID_24920330	Root_width_60_day003	163	Development	Avoidance
Busch_Slovak_PlantCell_2014_PID_24920330	Root_width_60_day004	163	Development	Avoidance
Busch_Slovak_PlantCell_2014_PID_24920330	Root_width_60_day005	163	Development	Avoidance
Busch_Slovak_PlantCell_2014_PID_24920330	Root_width_80_avg	163	Development	Avoidance
Busch_Slovak_PlantCell_2014_PID_24920330	Root_width_80_day001	163	Development	Avoidance
Busch_Slovak_PlantCell_2014_PID_24920330	Root_width_80_day002	163	Development	Avoidance
Busch_Slovak_PlantCell_2014_PID_24920330	Root_width_80_day003	163	Development	Avoidance
Busch_Slovak_PlantCell_2014_PID_24920330	Root_width_80_day004	163	Development	Avoidance
Busch_Slovak_PlantCell_2014_PID_24920330	Root_width_80_day005	163	Development	Avoidance
Busch_Slovak_PlantCell_2014_PID_24920330	Total_length_day001	163	Development	Avoidance
Busch_Slovak_PlantCell_2014_PID_24920330	Total_length_day002	163	Development	Avoidance
Busch_Slovak_PlantCell_2014_PID_24920330	Total_length_day003	163	Development	Avoidance
Busch_Slovak_PlantCell_2014_PID_24920330	Total_length_day004	163	Development	Avoidance
Busch_Slovak_PlantCell_2014_PID_24920330	Total_length_day005	163	Development	Avoidance
Carlborg_Forsberg_PlosGen_2015_PID_26599497	286_Mo98	345	Ionomics	Tolerance
Chao_Chen_FronPlaSci_2018_PID_29545819	282_Zn66	345	Ionomics	Tolerance
Chapple_Li_Genetics_2014_PID_25173843	Xyloside_percentage	93	Metabolite	Tolerance
Coruzzi_Rosas_PNAS_2013_PID_23980140	PC1	69	Development	NA
Coruzzi_Rosas_PNAS_2013_PID_23980140	PC2	69	Development	NA
Coupland_de_PNAS_2015_PID_25548158	LD12_peak	54	Development	Escape
Coupland_de_PNAS_2015_PID_25548158	LD12_period	54	Development	Escape
Coupland_de_PNAS_2015_PID_25548158	LD14_peak	54	Development	Escape
Coupland_de_PNAS_2015_PID_25548158	LD14_period	54	Development	Escape
Coupland_de_PNAS_2015_PID_25548158	LD16_peak	54	Development	Escape
Coupland_de_PNAS_2015_PID_25548158	LD16_period	54	Development	Escape
Coupland_de_PNAS_2015_PID_25548158	SD10_peak	54	Development	Escape
Coupland_de_PNAS_2015_PID_25548158	SD10_period	54	Development	Escape
Coupland_de_PNAS_2015_PID_25548158	SD8_peak	54	Development	Escape
Coupland_de_PNAS_2015_PID_25548158	SD8_period	54	Development	Escape
Decroocq_Pagny_NewPyhtol_2012_PID_22943366	Agro_PPV_infection	4	Defense	NA
Decroocq_Poque_BMCPlaBio_2015_PID_26109391	Mechnical_PPV_infection_Hampes_Rosettes	134	Defense	NA
Dellapenna_Angelovici_PlantCell_2013_PID_24368787	ile_ileleuval	313	Metabolite	Tolerance
Dellapenna_Angelovici_PlantCell_2013_PID_24368787	ile_t	312	Metabolite	Tolerance
Dellapenna_Angelovici_PlantCell_2013_PID_24368787	ile	312	Metabolite	Tolerance
Dellapenna_Angelovici_PlantCell_2013_PID_24368787	leu_ileleuval	313	Metabolite	Tolerance
Dellapenna_Angelovici_PlantCell_2013_PID_24368787	leu_t	312	Metabolite	Tolerance
Dellapenna_Angelovici_PlantCell_2013_PID_24368787	leu	312	Metabolite	Tolerance
Dellapenna_Angelovici_PlantCell_2013_PID_24368787	val_ileleuval	313	Metabolite	Tolerance
Dellapenna_Angelovici_PlantCell_2013_PID_24368787	val_t	312	Metabolite	Tolerance
Dellapenna_Angelovici_PlantCell_2013_PID_24368787	val	312	Metabolite	Tolerance
Dellapenna_Gonzalez-Jorge_PlantCell_2013_PID_24368792	beta_carotene	315	Metabolite	Tolerance
Deng_Ren_NewPyhtol_2018_PID_30556142	Seed_size	181	Development	Escape
Dicke_Davila_MolEcol_2017_PID_28295823	Aphid_reproduction	293	Defense	NA
Dicke_Davila_MolEcol_2017_PID_28295823	Thrips	302	Defense	NA
Dicke_Davila_NewPyhtol_2017_PID_27604707	Botrytis_and_Pieris	334	Defense	NA
Dicke_Davila_NewPyhtol_2017_PID_27604707	Drought_and_Pieris	334	Defense	NA
Dicke_Davila_NewPyhtol_2017_PID_27604707	Drought	334	Defense	NA
Dicke_Davila_NewPyhtol_2017_PID_27604707	P_rapae	334	Defense	NA
Dicke_Davila_NewPyhtol_2017_PID_27604707	P_xyllostella	311	Defense	NA
Exposito-Alonso_Nature_2019_PID_31462776	FT_mhi	515	Reproduction	Escape
Exposito-Alonso_Nature_2019_PID_31462776	FT_mhp	515	Reproduction	Escape
Exposito-Alonso_Nature_2019_PID_31462776	FT_mli	515	Reproduction	Escape
Exposito-Alonso_Nature_2019_PID_31462776	FT_mlp	515	Reproduction	Escape
Exposito-Alonso_Nature_2019_PID_31462776	FT_thi	515	Reproduction	Escape
Exposito-Alonso_Nature_2019_PID_31462776	FT_thp	515	Reproduction	Escape
Exposito-Alonso_Nature_2019_PID_31462776	FT_tli	515	Reproduction	Escape
Exposito-Alonso_Nature_2019_PID_31462776	FT_tlp	515	Reproduction	Escape
Exposito-Alonso_Nature_2019_PID_31462776	rFitness_mhi	515	Development	NA
Exposito-Alonso_Nature_2019_PID_31462776	rFitness_mhp	515	Development	NA
Exposito-Alonso_Nature_2019_PID_31462776	rFitness_mli	515	Development	NA
Exposito-Alonso_Nature_2019_PID_31462776	rFitness_mlp	515	Development	NA
Exposito-Alonso_Nature_2019_PID_31462776	rFitness_thi	515	Development	NA
Exposito-Alonso_Nature_2019_PID_31462776	rFitness_thp	515	Development	NA
Exposito-Alonso_Nature_2019_PID_31462776	rFitness_tli	515	Development	NA
Exposito-Alonso_Nature_2019_PID_31462776	rFitness_tlp	515	Development	NA
Exposito-Alonso_Nature_2019_PID_31462776	rSeeds_mhi	515	Development	NA
Exposito-Alonso_Nature_2019_PID_31462776	rSeeds_mhp	515	Development	NA
Exposito-Alonso_Nature_2019_PID_31462776	rSeeds_mli	515	Development	NA
Exposito-Alonso_Nature_2019_PID_31462776	rSeeds_mlp	515	Development	NA
Exposito-Alonso_Nature_2019_PID_31462776	rSeeds_thi	515	Development	NA
Exposito-Alonso_Nature_2019_PID_31462776	rSeeds_thp	515	Development	NA
Exposito-Alonso_Nature_2019_PID_31462776	rSeeds_tli	515	Development	NA
Exposito-Alonso_Nature_2019_PID_31462776	rSeeds_tlp	515	Development	NA
Exposito-Alonso_Nature_2019_PID_31462776	rSurvival_fruit_mhi	515	Development	NA
Exposito-Alonso_Nature_2019_PID_31462776	rSurvival_fruit_mhp	515	Development	NA
Exposito-Alonso_Nature_2019_PID_31462776	rSurvival_fruit_mli	515	Development	NA
Exposito-Alonso_Nature_2019_PID_31462776	rSurvival_fruit_mlp	515	Development	NA
Exposito-Alonso_Nature_2019_PID_31462776	rSurvival_fruit_thi	515	Development	NA
Exposito-Alonso_Nature_2019_PID_31462776	rSurvival_fruit_thp	515	Development	NA
Exposito-Alonso_Nature_2019_PID_31462776	rSurvival_fruit_tli	515	Development	NA
Exposito-Alonso_Nature_2019_PID_31462776	rSurvival_fruit_tlp	515	Development	NA
Fernie_Tohge_SciData_2018_PID_29611844	Flavonol.glycoside01	52	Metabolite	Tolerance
Fernie_Tohge_SciData_2018_PID_29611844	Flavonol.glycoside02	52	Metabolite	Tolerance
Fernie_Tohge_SciData_2018_PID_29611844	GLS.1	52	Metabolite	Tolerance
Fernie_Tohge_SciData_2018_PID_29611844	GLS.2	52	Metabolite	Tolerance
Fernie_Tohge_SciData_2018_PID_29611844	I3M	52	Metabolite	Tolerance
Fernie_Tohge_SciData_2018_PID_29611844	Is3A7R	52	Metabolite	Tolerance
Fernie_Tohge_SciData_2018_PID_29611844	Is3G	52	Metabolite	Tolerance
Fernie_Tohge_SciData_2018_PID_29611844	Is3G7R	52	Metabolite	Tolerance
Fernie_Tohge_SciData_2018_PID_29611844	Is3R7R	52	Metabolite	Tolerance
Fernie_Tohge_SciData_2018_PID_29611844	K3A7R	52	Metabolite	Tolerance
Fernie_Tohge_SciData_2018_PID_29611844	K3G	52	Metabolite	Tolerance
Fernie_Tohge_SciData_2018_PID_29611844	K3G7G	52	Metabolite	Tolerance
Fernie_Tohge_SciData_2018_PID_29611844	K3G7R	52	Metabolite	Tolerance
Fernie_Tohge_SciData_2018_PID_29611844	K3GG7R	52	Metabolite	Tolerance
Fernie_Tohge_SciData_2018_PID_29611844	K3GH	52	Metabolite	Tolerance
Fernie_Tohge_SciData_2018_PID_29611844	K3GR7R	52	Metabolite	Tolerance
Fernie_Tohge_SciData_2018_PID_29611844	K3R	52	Metabolite	Tolerance
Fernie_Tohge_SciData_2018_PID_29611844	K3R7R	52	Metabolite	Tolerance
Fernie_Tohge_SciData_2018_PID_29611844	Polyamine01	52	Metabolite	Tolerance
Fernie_Tohge_SciData_2018_PID_29611844	Polyamine02	52	Metabolite	Tolerance
Fernie_Tohge_SciData_2018_PID_29611844	Polyamine03	52	Metabolite	Tolerance
Fernie_Tohge_SciData_2018_PID_29611844	Polyamine04	52	Metabolite	Tolerance
Fernie_Tohge_SciData_2018_PID_29611844	Polyamine05	52	Metabolite	Tolerance
Fernie_Tohge_SciData_2018_PID_29611844	Polyamine06	52	Metabolite	Tolerance
Fernie_Tohge_SciData_2018_PID_29611844	Polyamine07	52	Metabolite	Tolerance
Fernie_Tohge_SciData_2018_PID_29611844	putative.HDX	52	Metabolite	Tolerance
Fernie_Tohge_SciData_2018_PID_29611844	Q3A7R	52	Metabolite	Tolerance
Fernie_Tohge_SciData_2018_PID_29611844	Q3G	52	Metabolite	Tolerance
Fernie_Tohge_SciData_2018_PID_29611844	Q3G7G	52	Metabolite	Tolerance
Fernie_Tohge_SciData_2018_PID_29611844	Q3G7R	52	Metabolite	Tolerance
Fernie_Tohge_SciData_2018_PID_29611844	Q3GG7R	52	Metabolite	Tolerance
Fernie_Tohge_SciData_2018_PID_29611844	Q3GH	52	Metabolite	Tolerance
Fernie_Tohge_SciData_2018_PID_29611844	Q3GR7R	52	Metabolite	Tolerance
Fernie_Tohge_SciData_2018_PID_29611844	Q3R	52	Metabolite	Tolerance
Fernie_Tohge_SciData_2018_PID_29611844	Q3R7R	52	Metabolite	Tolerance
Fernie_Tohge_SciData_2018_PID_29611844	saiginol.A	52	Metabolite	Tolerance
Fernie_Tohge_SciData_2018_PID_29611844	saiginol.B	52	Metabolite	Tolerance
Fernie_Tohge_SciData_2018_PID_29611844	saiginol.C	52	Metabolite	Tolerance
Fernie_Tohge_SciData_2018_PID_29611844	saiginol.D	52	Metabolite	Tolerance
Fernie_Tohge_SciData_2018_PID_29611844	saiginol.E	52	Metabolite	Tolerance
Fernie_Tohge_SciData_2018_PID_29611844	saiginol.F	52	Metabolite	Tolerance
Fernie_Tohge_SciData_2018_PID_29611844	saiginol.G	52	Metabolite	Tolerance
Fernie_Tohge_SciData_2018_PID_29611844	saiginol.H	52	Metabolite	Tolerance
Fernie_Tohge_SciData_2018_PID_29611844	saiginol.I	52	Metabolite	Tolerance
Fernie_Tohge_SciData_2018_PID_29611844	saiginol.J	52	Metabolite	Tolerance
Fernie_Tohge_SciData_2018_PID_29611844	saiginol.K	52	Metabolite	Tolerance
Fernie_Tohge_SciData_2018_PID_29611844	saiginol.L	52	Metabolite	Tolerance
Fernie_Tohge_SciData_2018_PID_29611844	saiginol.M	52	Metabolite	Tolerance
Fernie_Tohge_SciData_2018_PID_29611844	saiginol.N	52	Metabolite	Tolerance
Fernie_Tohge_SciData_2018_PID_29611844	saiginol.O	52	Metabolite	Tolerance
Fernie_Tohge_SciData_2018_PID_29611844	saiginol.P	52	Metabolite	Tolerance
Fernie_Tohge_SciData_2018_PID_29611844	saiginol.Q	52	Metabolite	Tolerance
Fernie_Tohge_SciData_2018_PID_29611844	saiginol.R	52	Metabolite	Tolerance
Fernie_Tohge_SciData_2018_PID_29611844	SinG1	52	Metabolite	Tolerance
Fernie_Tohge_SciData_2018_PID_29611844	sinigrin	52	Metabolite	Tolerance
Fernie_Tohge_SciData_2018_PID_29611844	SinM	52	Metabolite	Tolerance
Fernie_Tohge_SciData_2018_PID_29611844	X1MOI3M	52	Metabolite	Tolerance
Fernie_Tohge_SciData_2018_PID_29611844	X3MSOP	52	Metabolite	Tolerance
Fernie_Tohge_SciData_2018_PID_29611844	X4MOI3M	52	Metabolite	Tolerance
Fernie_Tohge_SciData_2018_PID_29611844	X4MSOB	52	Metabolite	Tolerance
Fernie_Tohge_SciData_2018_PID_29611844	X4MTB	52	Metabolite	Tolerance
Fernie_Tohge_SciData_2018_PID_29611844	X5MSOP	52	Metabolite	Tolerance
Fernie_Tohge_SciData_2018_PID_29611844	X6MSOH	52	Metabolite	Tolerance
Fernie_Tohge_SciData_2018_PID_29611844	X6MTH	52	Metabolite	Tolerance
Fernie_Tohge_SciData_2018_PID_29611844	X7MSOH	52	Metabolite	Tolerance
Fernie_Tohge_SciData_2018_PID_29611844	X7MTH	52	Metabolite	Tolerance
Fernie_Tohge_SciData_2018_PID_29611844	X8MSOO	52	Metabolite	Tolerance
Fernie_Tohge_SciData_2018_PID_29611844	X8MTO	52	Metabolite	Tolerance
Grant_Iakovidis_Genetics_2016_PID_27412712	HopAM1-cell_death	94	Metabolite	NA
Grant_Iakovidis_Genetics_2016_PID_27412712	HopAM1-rosette_chlorosisis	63	Metabolite	NA
Grossniklaus_Mller_NatCommun_2016_PID_26964640	Pollen_Tube_OG_S	82	Reproduction	NA
Hills_Shahzad_PlantPhys_2018_PID_29895611	AZL	147	Development	Avoidance
Hills_Shahzad_PlantPhys_2018_PID_29895611	BsZL	147	Development	Avoidance
Hills_Shahzad_PlantPhys_2018_PID_29895611	BZL	147	Development	Avoidance
Hills_Shahzad_PlantPhys_2018_PID_29895611	LRA	147	Development	Avoidance
Hills_Shahzad_PlantPhys_2018_PID_29895611	LRD.BZ	147	Development	Avoidance
Hills_Shahzad_PlantPhys_2018_PID_29895611	LRD.MR	147	Development	Avoidance
Hills_Shahzad_PlantPhys_2018_PID_29895611	LRL_0_25	147	Development	Avoidance
Hills_Shahzad_PlantPhys_2018_PID_29895611	LRL	147	Development	Avoidance
Hills_Shahzad_PlantPhys_2018_PID_29895611	LRN	147	Development	Avoidance
Hills_Shahzad_PlantPhys_2018_PID_29895611	LRS_0_25	147	Development	Avoidance
Hills_Shahzad_PlantPhys_2018_PID_29895611	LRS	147	Development	Avoidance
Hills_Shahzad_PlantPhys_2018_PID_29895611	MRA	147	Development	Avoidance
Hills_Shahzad_PlantPhys_2018_PID_29895611	MRL	147	Development	Avoidance
Hills_Shahzad_PlantPhys_2018_PID_29895611	MRV	147	Development	Avoidance
Hills_Shahzad_PlantPhys_2018_PID_29895611	OAD	147	Development	Avoidance
Hills_Shahzad_PlantPhys_2018_PID_29895611	TRS	147	Development	Avoidance
Horton_Bergelson_SciRep_2019_PID_30631088	alpha_bacterial_richness_1_tn2_ranef	147	Microbiome	Tolerance
Horton_Bergelson_SciRep_2019_PID_30631088	alpha_fungal_richness_1_tn2_ranef	147	Microbiome	Tolerance
Horton_Bergelson_SciRep_2019_PID_30631088	alpha_slant_1_tn2_ranef_diff_exps	147	Microbiome	Tolerance
Horton_Bergelson_SciRep_2019_PID_30631088	alpha_total_1_tn2_ranef_glmer	147	Microbiome	Tolerance
Horton_Bergelson_SciRep_2019_PID_30631088	beta_root_1_combined_pca_tn2_bac_n100_glmer_fun_n100_glmerPC1	147	Microbiome	Tolerance
Horton_Bergelson_SciRep_2019_PID_30631088	beta_root_1_combined_pca_tn2_bac_n100_glmer_fun_n100_glmerPC2	147	Microbiome	Tolerance
Horton_Bergelson_SciRep_2019_PID_30631088	beta_root_1_combined_pca_tn2_bac_n100_glmer_fun_n100_glmerPC3	147	Microbiome	Tolerance
Horton_Bergelson_SciRep_2019_PID_30631088	beta_root_16S_1_raw_tn2_glmer_pca_n100_PC1	147	Microbiome	Tolerance
Horton_Bergelson_SciRep_2019_PID_30631088	beta_root_16S_1_raw_tn2_glmer_pca_n100_PC2	147	Microbiome	Tolerance
Horton_Bergelson_SciRep_2019_PID_30631088	beta_root_16S_1_raw_tn2_glmer_pca_n100_PC3	147	Microbiome	Tolerance
Horton_Bergelson_SciRep_2019_PID_30631088	beta_root_ITS_1_raw_tn2_glmer_pca_n100_PC1	147	Microbiome	Tolerance
Horton_Bergelson_SciRep_2019_PID_30631088	beta_root_ITS_1_raw_tn2_glmer_pca_n100_PC2	147	Microbiome	Tolerance
Horton_Bergelson_SciRep_2019_PID_30631088	beta_root_ITS_1_raw_tn2_glmer_pca_n100_PC3	147	Microbiome	Tolerance
Iba_Takahashi_PlosOne_2015_PID_25706630	Relative_leaf_temperature	263	Development	Tolerance
Inze_Clauw_PlantCell_2016_PID_27729396	LeafAreaMaturity_mild_drought	93	Development	Avoidance
Inze_Clauw_PlantCell_2016_PID_27729396	LeafAreaMaturity_well_watered	93	Development	Avoidance
Inze_Clauw_PlantCell_2016_PID_27729396	LeafAreaMaturityCell_mild_drought	91	Development	Avoidance
Inze_Clauw_PlantCell_2016_PID_27729396	LeafAreaMaturityCell_well_watered	92	Development	Avoidance
Inze_Clauw_PlantCell_2016_PID_27729396	LeafAreaProliferation_mild_drought	72	Development	Avoidance
Inze_Clauw_PlantCell_2016_PID_27729396	LeafAreaProliferation_well_watered	70	Development	Avoidance
Inze_Clauw_PlantCell_2016_PID_27729396	PavementCellArea_mild_drought	91	Development	Avoidance
Inze_Clauw_PlantCell_2016_PID_27729396	PavementCellArea_well_watered	92	Development	Avoidance
Inze_Clauw_PlantCell_2016_PID_27729396	PavementCellNumber_mild_drought	91	Development	Avoidance
Inze_Clauw_PlantCell_2016_PID_27729396	PavementCellNumber_well_watered	92	Development	Avoidance
Inze_Clauw_PlantCell_2016_PID_27729396	RosetteArea_mild_drought	93	Development	Avoidance
Inze_Clauw_PlantCell_2016_PID_27729396	RosetteArea_well_watered	93	Development	Avoidance
Inze_Clauw_PlantCell_2016_PID_27729396	StomatalIndex_mild_drought	91	Development	Avoidance
Inze_Clauw_PlantCell_2016_PID_27729396	StomatalIndex_well_watered	92	Development	Avoidance
Jones_Nemri_PNAS_2010_PID_20479233	Emco5	91	Defense	NA
Jones_Nemri_PNAS_2010_PID_20479233	Emoy2	75	Defense	NA
Jones_Nemri_PNAS_2010_PID_20479233	Emwa1	87	Defense	NA
Jones_Nemri_PNAS_2010_PID_20479233	Hiks1	85	Defense	NA
Jones_Nemri_PNAS_2010_PID_20479233	Noco2	88	Defense	NA
Jongsma_Kloth_JExpBot_2016_PID_27107291	aphids_making_long_probes	327	Defense	NA
Jongsma_Kloth_PlantCell_2017_PID_28970334	time_aphids_spent	332	Defense	NA
Kalladan_Verslues_PNAS_2017_PID_29073083	ABA	281	Defense	Avoidance
Kaur_Rajarammohan_MolPlaPath_2018_PID_29271603	Normalized_disease_index	75	Defense	NA
Keurentjes_Bac-Molenaar_JExpBot_2015_PID_25922493	A0_Expo2	318	Development	Avoidance
Keurentjes_Bac-Molenaar_JExpBot_2015_PID_25922493	FW_rosette	319	Development	Avoidance
Keurentjes_Bac-Molenaar_JExpBot_2015_PID_25922493	PLA11	319	Development	Avoidance
Keurentjes_Bac-Molenaar_JExpBot_2015_PID_25922493	PLA14	319	Development	Avoidance
Keurentjes_Bac-Molenaar_JExpBot_2015_PID_25922493	PLA16	319	Development	Avoidance
Keurentjes_Bac-Molenaar_JExpBot_2015_PID_25922493	PLA18	319	Development	Avoidance
Keurentjes_Bac-Molenaar_JExpBot_2015_PID_25922493	PLA20	319	Development	Avoidance
Keurentjes_Bac-Molenaar_JExpBot_2015_PID_25922493	PLA22	319	Development	Avoidance
Keurentjes_Bac-Molenaar_JExpBot_2015_PID_25922493	PLA24	319	Development	Avoidance
Keurentjes_Bac-Molenaar_JExpBot_2015_PID_25922493	PLA25	319	Development	Avoidance
Keurentjes_Bac-Molenaar_JExpBot_2015_PID_25922493	PLA26	319	Development	Avoidance
Keurentjes_Bac-Molenaar_JExpBot_2015_PID_25922493	PLA27	319	Development	Avoidance
Keurentjes_Bac-Molenaar_JExpBot_2015_PID_25922493	PLA28	318	Development	Avoidance
Keurentjes_Bac-Molenaar_JExpBot_2015_PID_25922493	PLA8	318	Development	Avoidance
Keurentjes_Bac-Molenaar_JExpBot_2015_PID_25922493	r_Expo2	318	Development	Escape
Keurentjes_Bac-Molenaar_JExpBot_2015_PID_25922493	WC	319	Development	Tolerance
Keurentjes_Bac-Molenaar_PlantCell_2015_PID_26163573	control_aantalSkld5m10t20_c	275	Development	Avoidance
Keurentjes_Bac-Molenaar_PlantCell_2015_PID_26163573	control_avgSL0t10_c	275	Development	Avoidance
Keurentjes_Bac-Molenaar_PlantCell_2015_PID_26163573	control_avgSL10t20_c	273	Development	Avoidance
Keurentjes_Bac-Molenaar_PlantCell_2015_PID_26163573	control_avgSL20t30_c	249	Development	Avoidance
Keurentjes_Bac-Molenaar_PlantCell_2015_PID_26163573	control_avgSLm10t0_c	275	Development	Avoidance
Keurentjes_Bac-Molenaar_PlantCell_2015_PID_26163573	control_avgSLm10t20	275	Development	Avoidance
Keurentjes_Bac-Molenaar_PlantCell_2015_PID_26163573	treatment_aantalSkld5m10t20_t	274	Development	Avoidance
Keurentjes_Bac-Molenaar_PlantCell_2015_PID_26163573	treatment_avgSL0t10_t	274	Development	Avoidance
Keurentjes_Bac-Molenaar_PlantCell_2015_PID_26163573	treatment_avgSL10t20_t	274	Development	Avoidance
Keurentjes_Bac-Molenaar_PlantCell_2015_PID_26163573	treatment_avgSL20t30_t	268	Development	Avoidance
Keurentjes_Bac-Molenaar_PlantCell_2015_PID_26163573	treatment_avgSLm10t0_t	274	Development	Avoidance
Keurentjes_Bac-Molenaar_PlantCell_2015_PID_26163573	treatment_avgSLm10t20	274	Development	Avoidance
Keurentjes_Bac-Molenaar_PlosOne_2015_PID_26588092	Redness_control	344	Development	Avoidance
Keurentjes_Bac-Molenaar_PlosOne_2015_PID_26588092	Redness_PEG	344	Development	Avoidance
Keurentjes_Fusari_PlantCell_2017_PID_28954812	AA_1	326	Metabolite	Tolerance
Keurentjes_Fusari_PlantCell_2017_PID_28954812	AA_2	349	Metabolite	Tolerance
Keurentjes_Fusari_PlantCell_2017_PID_28954812	AGP_1	326	Metabolite	Tolerance
Keurentjes_Fusari_PlantCell_2017_PID_28954812	AGP_2	344	Metabolite	Tolerance
Keurentjes_Fusari_PlantCell_2017_PID_28954812	aINV_1	322	Metabolite	Tolerance
Keurentjes_Fusari_PlantCell_2017_PID_28954812	aINV_2	344	Metabolite	Tolerance
Keurentjes_Fusari_PlantCell_2017_PID_28954812	ChlA_1	326	Metabolite	Tolerance
Keurentjes_Fusari_PlantCell_2017_PID_28954812	ChlA_2	349	Metabolite	Tolerance
Keurentjes_Fusari_PlantCell_2017_PID_28954812	ChlB_1	326	Metabolite	Tolerance
Keurentjes_Fusari_PlantCell_2017_PID_28954812	ChlB_2	349	Metabolite	Tolerance
Keurentjes_Fusari_PlantCell_2017_PID_28954812	cPGI_1	326	Metabolite	Tolerance
Keurentjes_Fusari_PlantCell_2017_PID_28954812	cPGI_2	346	Metabolite	Tolerance
Keurentjes_Fusari_PlantCell_2017_PID_28954812	FBP_1	324	Metabolite	Tolerance
Keurentjes_Fusari_PlantCell_2017_PID_28954812	FBP_2	288	Metabolite	Tolerance
Keurentjes_Fusari_PlantCell_2017_PID_28954812	FK_1	326	Metabolite	Tolerance
Keurentjes_Fusari_PlantCell_2017_PID_28954812	FK_2	321	Metabolite	Tolerance
Keurentjes_Fusari_PlantCell_2017_PID_28954812	Fru_1	326	Metabolite	Tolerance
Keurentjes_Fusari_PlantCell_2017_PID_28954812	Fru_2	349	Metabolite	Tolerance
Keurentjes_Fusari_PlantCell_2017_PID_28954812	Fum_1	326	Metabolite	Tolerance
Keurentjes_Fusari_PlantCell_2017_PID_28954812	Fum_2	349	Metabolite	Tolerance
Keurentjes_Fusari_PlantCell_2017_PID_28954812	FUMARASE_1	325	Metabolite	Tolerance
Keurentjes_Fusari_PlantCell_2017_PID_28954812	FUMARASE_2	332	Metabolite	Tolerance
Keurentjes_Fusari_PlantCell_2017_PID_28954812	FW_1	328	Metabolite	Tolerance
Keurentjes_Fusari_PlantCell_2017_PID_28954812	G6P_1	326	Metabolite	Tolerance
Keurentjes_Fusari_PlantCell_2017_PID_28954812	G6P_2	349	Metabolite	Tolerance
Keurentjes_Fusari_PlantCell_2017_PID_28954812	G6PDH_1	326	Metabolite	Tolerance
Keurentjes_Fusari_PlantCell_2017_PID_28954812	G6PDH_2	252	Metabolite	Tolerance
Keurentjes_Fusari_PlantCell_2017_PID_28954812	GDH_2	346	Metabolite	Tolerance
Keurentjes_Fusari_PlantCell_2017_PID_28954812	GK_1	321	Metabolite	Tolerance
Keurentjes_Fusari_PlantCell_2017_PID_28954812	GK_2	341	Metabolite	Tolerance
Keurentjes_Fusari_PlantCell_2017_PID_28954812	Glc_1	326	Metabolite	Tolerance
Keurentjes_Fusari_PlantCell_2017_PID_28954812	Glc_2	349	Metabolite	Tolerance
Keurentjes_Fusari_PlantCell_2017_PID_28954812	iRub_1	324	Metabolite	Tolerance
Keurentjes_Fusari_PlantCell_2017_PID_28954812	iRub_2	349	Metabolite	Tolerance
Keurentjes_Fusari_PlantCell_2017_PID_28954812	Mal_1	326	Metabolite	Tolerance
Keurentjes_Fusari_PlantCell_2017_PID_28954812	Mal_2	349	Metabolite	Tolerance
Keurentjes_Fusari_PlantCell_2017_PID_28954812	MDH_2	346	Metabolite	Tolerance
Keurentjes_Fusari_PlantCell_2017_PID_28954812	mRub_1	326	Metabolite	Tolerance
Keurentjes_Fusari_PlantCell_2017_PID_28954812	mRub_2	349	Metabolite	Tolerance
Keurentjes_Fusari_PlantCell_2017_PID_28954812	nINV_1	325	Metabolite	Tolerance
Keurentjes_Fusari_PlantCell_2017_PID_28954812	nINV_2	283	Metabolite	Tolerance
Keurentjes_Fusari_PlantCell_2017_PID_28954812	NO3_1	326	Metabolite	Tolerance
Keurentjes_Fusari_PlantCell_2017_PID_28954812	NO3_2	349	Metabolite	Tolerance
Keurentjes_Fusari_PlantCell_2017_PID_28954812	NRVm_1	326	Metabolite	Tolerance
Keurentjes_Fusari_PlantCell_2017_PID_28954812	NRVm_2	344	Metabolite	Tolerance
Keurentjes_Fusari_PlantCell_2017_PID_28954812	NRVs_1	326	Metabolite	Tolerance
Keurentjes_Fusari_PlantCell_2017_PID_28954812	NRVs_2	344	Metabolite	Tolerance
Keurentjes_Fusari_PlantCell_2017_PID_28954812	PEPC_2	344	Metabolite	Tolerance
Keurentjes_Fusari_PlantCell_2017_PID_28954812	PGM_1	326	Metabolite	Tolerance
Keurentjes_Fusari_PlantCell_2017_PID_28954812	PGM_2	344	Metabolite	Tolerance
Keurentjes_Fusari_PlantCell_2017_PID_28954812	pPGI_1	321	Metabolite	Tolerance
Keurentjes_Fusari_PlantCell_2017_PID_28954812	pPGI_2	346	Metabolite	Tolerance
Keurentjes_Fusari_PlantCell_2017_PID_28954812	Prot_1	326	Metabolite	Tolerance
Keurentjes_Fusari_PlantCell_2017_PID_28954812	Prot_2	349	Metabolite	Tolerance
Keurentjes_Fusari_PlantCell_2017_PID_28954812	SKDH_2	346	Metabolite	Tolerance
Keurentjes_Fusari_PlantCell_2017_PID_28954812	SPS_1	218	Metabolite	Tolerance
Keurentjes_Fusari_PlantCell_2017_PID_28954812	SPS_2	346	Metabolite	Tolerance
Keurentjes_Fusari_PlantCell_2017_PID_28954812	starch_1	326	Metabolite	Tolerance
Keurentjes_Fusari_PlantCell_2017_PID_28954812	starch_2	349	Metabolite	Tolerance
Keurentjes_Fusari_PlantCell_2017_PID_28954812	Suc_1	326	Metabolite	Tolerance
Keurentjes_Fusari_PlantCell_2017_PID_28954812	Suc_2	349	Metabolite	Tolerance
Keurentjes_Fusari_PlantCell_2017_PID_28954812	TK_2	344	Metabolite	Tolerance
Keurentjes_Fusari_PlantCell_2017_PID_28954812	tPGI_1	326	Metabolite	Tolerance
Keurentjes_Fusari_PlantCell_2017_PID_28954812	tPGI_2	346	Metabolite	Tolerance
Keurentjes_Fusari_PlantCell_2017_PID_28954812	TPI_2	344	Metabolite	Tolerance
Keurentjes_Fusari_PlantCell_2017_PID_28954812	UGP_1	326	Metabolite	Tolerance
Keurentjes_Fusari_PlantCell_2017_PID_28954812	UGP_2	344	Metabolite	Tolerance
Keurentjes_Kooke_PlantPhys_2016_PID_26869705	FT	337	Reproduction	Escape
Keurentjes_Kooke_PlantPhys_2016_PID_26869705	LL	336	Metabolite	Avoidance
Keurentjes_Kooke_PlantPhys_2016_PID_26869705	MSB	336	Metabolite	Avoidance
Keurentjes_Kooke_PlantPhys_2016_PID_26869705	PH1S	335	Metabolite	Avoidance
Keurentjes_Kooke_PlantPhys_2016_PID_26869705	PL_div_LL	336	Metabolite	Avoidance
Keurentjes_Kooke_PlantPhys_2016_PID_26869705	PL	336	Metabolite	Avoidance
Keurentjes_Kooke_PlantPhys_2016_PID_26869705	RB	334	Metabolite	Avoidance
Keurentjes_Kooke_PlantPhys_2016_PID_26869705	RGRav	336	Metabolite	Escape
Keurentjes_Kooke_PlantPhys_2016_PID_26869705	RGRbv	337	Metabolite	Escape
Keurentjes_Kooke_PlantPhys_2016_PID_26869705	TPH	333	Metabolite	Avoidance
Kim_Lyu_NewPyhtol_2018_PID_30266040	days_after_dark_treatment_2	259	Metabolite	NA
Kim_Lyu_NewPyhtol_2018_PID_30266040	days_after_dark_treatment_3	259	Metabolite	NA
Kim_Lyu_NewPyhtol_2018_PID_30266040	days_after_dark_treatment_4	259	Metabolite	NA
Kim_Lyu_NewPyhtol_2018_PID_30266040	days_after_dark_treatment_5	259	Metabolite	NA
Kim_Lyu_NewPyhtol_2018_PID_30266040	days_after_dark_treatment_6	259	Metabolite	NA
Kim_Lyu_NewPyhtol_2018_PID_30266040	days_after_dark_treatment_7	259	Metabolite	NA
Kliebenstein_Chan_Genetics_2010_PID_19737743	Alllyl_2008	90	Metabolite	Tolerance
Kliebenstein_Chan_Genetics_2010_PID_19737743	But_3_enyl_2008	90	Metabolite	Tolerance
Kliebenstein_Chan_Genetics_2010_PID_19737743	Indol_3_ylmethyl_2008	90	Metabolite	Tolerance
Kliebenstein_Chan_Genetics_2010_PID_19737743	N_methoxy_indol_3_ylmethyl_2008	90	Metabolite	Tolerance
Kliebenstein_Chan_Genetics_2010_PID_19737743	Pent_4_enyl_2008	90	Metabolite	Tolerance
Kliebenstein_Chan_Genetics_2010_PID_19737743	Ratio_of_C3_methylthio_to_total_C3_2008	90	Metabolite	Tolerance
Kliebenstein_Chan_Genetics_2010_PID_19737743	Ratio_of_C3_to_SC_Aliphatic_2008	90	Metabolite	Tolerance
Kliebenstein_Chan_Genetics_2010_PID_19737743	Ratio_of_C4_methylthio_to_total_C4_2008	90	Metabolite	Tolerance
Kliebenstein_Chan_Genetics_2010_PID_19737743	Ratio_of_C7_methylthio_to_total_C7_2008	90	Metabolite	Tolerance
Kliebenstein_Chan_Genetics_2010_PID_19737743	Ratio_of_C7_to_LC_Aliphatic_2008	90	Metabolite	Tolerance
Kliebenstein_Chan_Genetics_2010_PID_19737743	Ratio_of_C8_methylthio_to_total_C8_2008	90	Metabolite	Tolerance
Kliebenstein_Chan_Genetics_2010_PID_19737743	Ratio_of_NMOI3M_to_TIND_2008	90	Metabolite	Tolerance
Kliebenstein_Chan_Genetics_2010_PID_19737743	Ratio_of_TOH4_to_TIND_2008	90	Metabolite	Tolerance
Kliebenstein_Chan_Genetics_2010_PID_19737743	Total_Alkenyl_Aliphatic_2008	90	Metabolite	Tolerance
Kliebenstein_Chan_Genetics_2010_PID_19737743	Total_C3_Aliphatic_2008	90	Metabolite	Tolerance
Kliebenstein_Chan_Genetics_2010_PID_19737743	Total_C3_and_C4_Aliphatic_2008	90	Metabolite	Tolerance
Kliebenstein_Chan_Genetics_2010_PID_19737743	Total_C4_Aliphatic_2008	90	Metabolite	Tolerance
Kliebenstein_Chan_Genetics_2010_PID_19737743	Total_C5_Aliphatic_2008	90	Metabolite	Tolerance
Kliebenstein_Chan_Genetics_2010_PID_19737743	Total_C7_Aliphatic_2008	90	Metabolite	Tolerance
Kliebenstein_Chan_Genetics_2010_PID_19737743	Total_C7_and_C8_Aliphatic_2008	90	Metabolite	Tolerance
Kliebenstein_Chan_Genetics_2010_PID_19737743	Total_C8_Aliphatic_2008	90	Metabolite	Tolerance
Kliebenstein_Chan_Genetics_2010_PID_19737743	Total_Hydroxyalkenyl_Aliphatic_2008	90	Metabolite	Tolerance
Kliebenstein_Chan_Genetics_2010_PID_19737743	Total_Hydroxyalkyl_Aliphatic_2008	90	Metabolite	Tolerance
Kliebenstein_Chan_Genetics_2010_PID_19737743	Total_Indolic_Glucosinolate_2008	90	Metabolite	Tolerance
Kliebenstein_Chan_Genetics_2010_PID_19737743	Total_Indolic_Glucosinolate_with_4_hydroxylation_2008	90	Metabolite	Tolerance
Kliebenstein_Chan_Genetics_2010_PID_19737743	Total_Methylsulfinyl_Aliphatic_2008	90	Metabolite	Tolerance
Kliebenstein_Chan_Genetics_2010_PID_19737743	Unknown_Alkenyl_2008	90	Metabolite	Tolerance
Kliebenstein_Chan_Genetics_2010_PID_19737743	X_R_2_hydroxy_but_3_enyl_2008	90	Metabolite	Tolerance
Kliebenstein_Chan_Genetics_2010_PID_19737743	X_S_2_hydroxy_but_3_enyl_2008	90	Metabolite	Tolerance
Kliebenstein_Chan_Genetics_2010_PID_19737743	X3_hydroxypropyl_2008	90	Metabolite	Tolerance
Kliebenstein_Chan_Genetics_2010_PID_19737743	X3_methylsulfinylpropyl_2008	90	Metabolite	Tolerance
Kliebenstein_Chan_Genetics_2010_PID_19737743	X3_methylthiopropyl_2008	90	Metabolite	Tolerance
Kliebenstein_Chan_Genetics_2010_PID_19737743	X4_hydroxy_indol_3_ylmethyl_2008	90	Metabolite	Tolerance
Kliebenstein_Chan_Genetics_2010_PID_19737743	X4_methoxy_indol_3_ylmethyl_2008	90	Metabolite	Tolerance
Kliebenstein_Chan_Genetics_2010_PID_19737743	X4_methylsulfinylbutyl_2008	90	Metabolite	Tolerance
Kliebenstein_Chan_Genetics_2010_PID_19737743	X4_methylthiobutyl_2008	90	Metabolite	Tolerance
Kliebenstein_Chan_Genetics_2010_PID_19737743	X5_methylsulfinylpentyl_2008	90	Metabolite	Tolerance
Kliebenstein_Chan_Genetics_2010_PID_19737743	X7_methylsulfinylheptyl_2008	90	Metabolite	Tolerance
Kliebenstein_Chan_Genetics_2010_PID_19737743	X7_methylthioheptyl_2008	90	Metabolite	Tolerance
Kliebenstein_Chan_Genetics_2010_PID_19737743	X8_methylsulfinyloctyl_2008	90	Metabolite	Tolerance
Kliebenstein_Chan_Genetics_2010_PID_19737743	X8_methylthiooctyl_2008	90	Metabolite	Tolerance
Kliebenstein_Chan_PlosBio_2011_PID_21857804	AgNO3_Camalexin_1	91	Metabolite	Tolerance
Kliebenstein_Chan_PlosBio_2011_PID_21857804	AgNO3_Camalexin	91	Metabolite	Tolerance
Kliebenstein_Chan_PlosBio_2011_PID_21857804	Alllyl_1	90	Metabolite	Tolerance
Kliebenstein_Chan_PlosBio_2011_PID_21857804	Alllyl	92	Metabolite	Tolerance
Kliebenstein_Chan_PlosBio_2011_PID_21857804	Benzyl	92	Metabolite	Tolerance
Kliebenstein_Chan_PlosBio_2011_PID_21857804	But_3_enyl_1	90	Metabolite	Tolerance
Kliebenstein_Chan_PlosBio_2011_PID_21857804	But_3_enyl	92	Metabolite	Tolerance
Kliebenstein_Chan_PlosBio_2011_PID_21857804	Control_Camalexin_1	92	Metabolite	Tolerance
Kliebenstein_Chan_PlosBio_2011_PID_21857804	Control_Camalexin	92	Metabolite	Tolerance
Kliebenstein_Chan_PlosBio_2011_PID_21857804	Fresh_Weight	91	Metabolite	Tolerance
Kliebenstein_Chan_PlosBio_2011_PID_21857804	Indol_3_ylmethyl	90	Metabolite	Tolerance
Kliebenstein_Chan_PlosBio_2011_PID_21857804	Leaf_Area	91	Metabolite	Tolerance
Kliebenstein_Chan_PlosBio_2011_PID_21857804	N_methoxy_indol_3_ylmethyl	90	Metabolite	Tolerance
Kliebenstein_Chan_PlosBio_2011_PID_21857804	Pent_4_enyl	90	Metabolite	Tolerance
Kliebenstein_Chan_PlosBio_2011_PID_21857804	R_2_hydroxy_but_3_enyl_1	90	Metabolite	Tolerance
Kliebenstein_Chan_PlosBio_2011_PID_21857804	R_2_hydroxy_but_3_enyl	92	Metabolite	Tolerance
Kliebenstein_Chan_PlosBio_2011_PID_21857804	S_2_hydroxy_but_3_enyl_1	90	Metabolite	Tolerance
Kliebenstein_Chan_PlosBio_2011_PID_21857804	S_2_hydroxy_but_3_enyl	92	Metabolite	Tolerance
Kliebenstein_Chan_PlosBio_2011_PID_21857804	Unknown_Alkenyl_1	88	Metabolite	Tolerance
Kliebenstein_Chan_PlosBio_2011_PID_21857804	Unknown_Alkenyl	92	Metabolite	Tolerance
Kliebenstein_Chan_PlosBio_2011_PID_21857804	Unknown_Glucosinolate_Like_1	92	Metabolite	Tolerance
Kliebenstein_Chan_PlosBio_2011_PID_21857804	Unknown_Glucosinolate_Like_2	92	Metabolite	Tolerance
Kliebenstein_Chan_PlosBio_2011_PID_21857804	X3_benzoyloxypropyl	92	Metabolite	Tolerance
Kliebenstein_Chan_PlosBio_2011_PID_21857804	X3_hydroxypropyl_1	90	Metabolite	Tolerance
Kliebenstein_Chan_PlosBio_2011_PID_21857804	X3_hydroxypropyl	92	Metabolite	Tolerance
Kliebenstein_Chan_PlosBio_2011_PID_21857804	X3_methylsulfinylpropyl_1	90	Metabolite	Tolerance
Kliebenstein_Chan_PlosBio_2011_PID_21857804	X3_methylsulfinylpropyl	92	Metabolite	Tolerance
Kliebenstein_Chan_PlosBio_2011_PID_21857804	X3_methylthiopropyl_1	90	Metabolite	Tolerance
Kliebenstein_Chan_PlosBio_2011_PID_21857804	X3_methylthiopropyl	92	Metabolite	Tolerance
Kliebenstein_Chan_PlosBio_2011_PID_21857804	X4_benzoyloxybutyl_plus_2_benzoyloxy_but_3_enyl	92	Metabolite	Tolerance
Kliebenstein_Chan_PlosBio_2011_PID_21857804	X4_hydroxy_indol_3_ylmethyl	90	Metabolite	Tolerance
Kliebenstein_Chan_PlosBio_2011_PID_21857804	X4_hydroxybutyl	92	Metabolite	Tolerance
Kliebenstein_Chan_PlosBio_2011_PID_21857804	X4_methoxy_indol_3_ylmethyl	90	Metabolite	Tolerance
Kliebenstein_Chan_PlosBio_2011_PID_21857804	X4_methylsulfinylbutyl_1	90	Metabolite	Tolerance
Kliebenstein_Chan_PlosBio_2011_PID_21857804	X4_methylsulfinylbutyl	92	Metabolite	Tolerance
Kliebenstein_Chan_PlosBio_2011_PID_21857804	X4_methylthiobutyl	90	Metabolite	Tolerance
Kliebenstein_Chan_PlosBio_2011_PID_21857804	X5_methylsulfinylpentyl_1	90	Metabolite	Tolerance
Kliebenstein_Chan_PlosBio_2011_PID_21857804	X5_methylsulfinylpentyl	92	Metabolite	Tolerance
Kliebenstein_Chan_PlosBio_2011_PID_21857804	X5_methylthiolpentyl	92	Metabolite	Tolerance
Kliebenstein_Chan_PlosBio_2011_PID_21857804	X7_methylsulfinylheptyl	92	Metabolite	Tolerance
Kliebenstein_Chan_PlosBio_2011_PID_21857804	X7_methylthioheptyl	90	Metabolite	Tolerance
Kliebenstein_Chan_PlosBio_2011_PID_21857804	X8_methylsulfinyloctyl	90	Metabolite	Tolerance
Kliebenstein_Chan_PlosBio_2011_PID_21857804	X8_methylthiooctyl	90	Metabolite	Tolerance
Kliebenstein_Chan_PlosGen_2010_PID_21079692	aconitic_acid_exp2	92	Metabolite	Tolerance
Kliebenstein_Chan_PlosGen_2010_PID_21079692	adipic_acid_exp2	92	Metabolite	Tolerance
Kliebenstein_Chan_PlosGen_2010_PID_21079692	alanine_exp1	92	Metabolite	Tolerance
Kliebenstein_Chan_PlosGen_2010_PID_21079692	alanine_exp2	92	Metabolite	Tolerance
Kliebenstein_Chan_PlosGen_2010_PID_21079692	alpha_ketoglutaric_acid_exp2	92	Metabolite	Tolerance
Kliebenstein_Chan_PlosGen_2010_PID_21079692	arabinose_exp1	92	Metabolite	Tolerance
Kliebenstein_Chan_PlosGen_2010_PID_21079692	arabinose_exp2	92	Metabolite	Tolerance
Kliebenstein_Chan_PlosGen_2010_PID_21079692	arachidic_acid_exp1	92	Metabolite	Tolerance
Kliebenstein_Chan_PlosGen_2010_PID_21079692	arachidic_acid_exp2	92	Metabolite	Tolerance
Kliebenstein_Chan_PlosGen_2010_PID_21079692	ascorbic_acid_exp2	92	Metabolite	Tolerance
Kliebenstein_Chan_PlosGen_2010_PID_21079692	asparagine_exp1	92	Metabolite	Tolerance
Kliebenstein_Chan_PlosGen_2010_PID_21079692	asparagine_exp2	92	Metabolite	Tolerance
Kliebenstein_Chan_PlosGen_2010_PID_21079692	aspartic_acid_exp1	92	Metabolite	Tolerance
Kliebenstein_Chan_PlosGen_2010_PID_21079692	aspartic_acid_exp2	92	Metabolite	Tolerance
Kliebenstein_Chan_PlosGen_2010_PID_21079692	behenic_acid_exp1	92	Metabolite	Tolerance
Kliebenstein_Chan_PlosGen_2010_PID_21079692	benzoic_acid_exp1	92	Metabolite	Tolerance
Kliebenstein_Chan_PlosGen_2010_PID_21079692	benzoic_acid_exp2	92	Metabolite	Tolerance
Kliebenstein_Chan_PlosGen_2010_PID_21079692	beta_alanine_exp1	92	Metabolite	Tolerance
Kliebenstein_Chan_PlosGen_2010_PID_21079692	beta_alanine_exp2	92	Metabolite	Tolerance
Kliebenstein_Chan_PlosGen_2010_PID_21079692	beta_sitosterol_exp1	92	Metabolite	Tolerance
Kliebenstein_Chan_PlosGen_2010_PID_21079692	beta_sitosterol_exp2	92	Metabolite	Tolerance
Kliebenstein_Chan_PlosGen_2010_PID_21079692	caffeic_acid_exp2	92	Metabolite	Tolerance
Kliebenstein_Chan_PlosGen_2010_PID_21079692	capric_acid_exp1	92	Metabolite	Tolerance
Kliebenstein_Chan_PlosGen_2010_PID_21079692	capric_acid_exp2	92	Metabolite	Tolerance
Kliebenstein_Chan_PlosGen_2010_PID_21079692	cellobiose_exp2	92	Metabolite	Tolerance
Kliebenstein_Chan_PlosGen_2010_PID_21079692	cellobiotol_exp1	92	Metabolite	Tolerance
Kliebenstein_Chan_PlosGen_2010_PID_21079692	cellobiotol_exp2	92	Metabolite	Tolerance
Kliebenstein_Chan_PlosGen_2010_PID_21079692	cerotic_acid_exp1	92	Metabolite	Tolerance
Kliebenstein_Chan_PlosGen_2010_PID_21079692	cholesterol_exp1	92	Metabolite	Tolerance
Kliebenstein_Chan_PlosGen_2010_PID_21079692	cholesterol_exp2	92	Metabolite	Tolerance
Kliebenstein_Chan_PlosGen_2010_PID_21079692	cis_sinapinic_acid_exp1	92	Metabolite	Tolerance
Kliebenstein_Chan_PlosGen_2010_PID_21079692	cis_sinapinic_acid_exp2	92	Metabolite	Tolerance
Kliebenstein_Chan_PlosGen_2010_PID_21079692	citramalate_exp2	92	Metabolite	Tolerance
Kliebenstein_Chan_PlosGen_2010_PID_21079692	citric_acid_exp1	92	Metabolite	Tolerance
Kliebenstein_Chan_PlosGen_2010_PID_21079692	citric_acid_exp2	92	Metabolite	Tolerance
Kliebenstein_Chan_PlosGen_2010_PID_21079692	citrulline_exp1	92	Metabolite	Tolerance
Kliebenstein_Chan_PlosGen_2010_PID_21079692	coniferin__ref_Tree_Physiol__exp1	92	Metabolite	Tolerance
Kliebenstein_Chan_PlosGen_2010_PID_21079692	coniferin__ref_Tree_Physiol__exp2	92	Metabolite	Tolerance
Kliebenstein_Chan_PlosGen_2010_PID_21079692	dehydroascorbate_1_exp1	92	Metabolite	Tolerance
Kliebenstein_Chan_PlosGen_2010_PID_21079692	dehydroascorbate_1_exp2	92	Metabolite	Tolerance
Kliebenstein_Chan_PlosGen_2010_PID_21079692	epsilon_caprolactam_2_exp2	92	Metabolite	Tolerance
Kliebenstein_Chan_PlosGen_2010_PID_21079692	erythritol_exp1	92	Metabolite	Tolerance
Kliebenstein_Chan_PlosGen_2010_PID_21079692	erythronic_acid_exp2	92	Metabolite	Tolerance
Kliebenstein_Chan_PlosGen_2010_PID_21079692	erythronic_acid_lactone_exp1	92	Metabolite	Tolerance
Kliebenstein_Chan_PlosGen_2010_PID_21079692	erythronic_acid_lactone_exp2	92	Metabolite	Tolerance
Kliebenstein_Chan_PlosGen_2010_PID_21079692	ethanolamine_exp1	92	Metabolite	Tolerance
Kliebenstein_Chan_PlosGen_2010_PID_21079692	ethanolamine_exp2	92	Metabolite	Tolerance
Kliebenstein_Chan_PlosGen_2010_PID_21079692	fructose_1_exp2	92	Metabolite	Tolerance
Kliebenstein_Chan_PlosGen_2010_PID_21079692	fucose_1___rhamnose_2_exp1	92	Metabolite	Tolerance
Kliebenstein_Chan_PlosGen_2010_PID_21079692	fucose_1___rhamnose_2_exp2	92	Metabolite	Tolerance
Kliebenstein_Chan_PlosGen_2010_PID_21079692	fumaric_acid_exp2	92	Metabolite	Tolerance
Kliebenstein_Chan_PlosGen_2010_PID_21079692	GABA_exp1	92	Metabolite	Tolerance
Kliebenstein_Chan_PlosGen_2010_PID_21079692	GABA_exp2	92	Metabolite	Tolerance
Kliebenstein_Chan_PlosGen_2010_PID_21079692	galactinol_major_2_exp1	92	Metabolite	Tolerance
Kliebenstein_Chan_PlosGen_2010_PID_21079692	galactinol_major_2_exp2	92	Metabolite	Tolerance
Kliebenstein_Chan_PlosGen_2010_PID_21079692	galactose_exp1	92	Metabolite	Tolerance
Kliebenstein_Chan_PlosGen_2010_PID_21079692	galactose_exp2	92	Metabolite	Tolerance
Kliebenstein_Chan_PlosGen_2010_PID_21079692	glucose_1_phosphate_exp1	92	Metabolite	Tolerance
Kliebenstein_Chan_PlosGen_2010_PID_21079692	glucose_1_phosphate_exp2	92	Metabolite	Tolerance
Kliebenstein_Chan_PlosGen_2010_PID_21079692	glucose_2_exp1	92	Metabolite	Tolerance
Kliebenstein_Chan_PlosGen_2010_PID_21079692	glucose_2_exp2	92	Metabolite	Tolerance
Kliebenstein_Chan_PlosGen_2010_PID_21079692	glucuronic_acid_exp2	92	Metabolite	Tolerance
Kliebenstein_Chan_PlosGen_2010_PID_21079692	glutamic_acid_exp1	92	Metabolite	Tolerance
Kliebenstein_Chan_PlosGen_2010_PID_21079692	glutamic_acid_exp2	92	Metabolite	Tolerance
Kliebenstein_Chan_PlosGen_2010_PID_21079692	glutamine_exp2	92	Metabolite	Tolerance
Kliebenstein_Chan_PlosGen_2010_PID_21079692	glyceric_acid_exp1	92	Metabolite	Tolerance
Kliebenstein_Chan_PlosGen_2010_PID_21079692	glyceric_acid_exp2	92	Metabolite	Tolerance
Kliebenstein_Chan_PlosGen_2010_PID_21079692	glycerol_alpha_phosphate_exp2	92	Metabolite	Tolerance
Kliebenstein_Chan_PlosGen_2010_PID_21079692	glycerol_exp2	92	Metabolite	Tolerance
Kliebenstein_Chan_PlosGen_2010_PID_21079692	glycine_exp1	92	Metabolite	Tolerance
Kliebenstein_Chan_PlosGen_2010_PID_21079692	glycine_exp2	92	Metabolite	Tolerance
Kliebenstein_Chan_PlosGen_2010_PID_21079692	glycolic_acid_exp1	92	Metabolite	Tolerance
Kliebenstein_Chan_PlosGen_2010_PID_21079692	heptadecanoic_acid_exp1	92	Metabolite	Tolerance
Kliebenstein_Chan_PlosGen_2010_PID_21079692	hexonic_acid_exp2	92	Metabolite	Tolerance
Kliebenstein_Chan_PlosGen_2010_PID_21079692	hydroxylamine_exp1	92	Metabolite	Tolerance
Kliebenstein_Chan_PlosGen_2010_PID_21079692	hydroxylamine_exp2	92	Metabolite	Tolerance
Kliebenstein_Chan_PlosGen_2010_PID_21079692	inositol_myo__exp2	92	Metabolite	Tolerance
Kliebenstein_Chan_PlosGen_2010_PID_21079692	inulobiose_2_exp2	92	Metabolite	Tolerance
Kliebenstein_Chan_PlosGen_2010_PID_21079692	isoleucine_exp1	92	Metabolite	Tolerance
Kliebenstein_Chan_PlosGen_2010_PID_21079692	isoleucine_exp2	92	Metabolite	Tolerance
Kliebenstein_Chan_PlosGen_2010_PID_21079692	lactic_acid_exp1	92	Metabolite	Tolerance
Kliebenstein_Chan_PlosGen_2010_PID_21079692	lactic_acid_exp2	92	Metabolite	Tolerance
Kliebenstein_Chan_PlosGen_2010_PID_21079692	lactobionic_acid_exp1	92	Metabolite	Tolerance
Kliebenstein_Chan_PlosGen_2010_PID_21079692	lactobionic_acid_exp2	92	Metabolite	Tolerance
Kliebenstein_Chan_PlosGen_2010_PID_21079692	lauric_acid_exp1	92	Metabolite	Tolerance
Kliebenstein_Chan_PlosGen_2010_PID_21079692	leucine_1_exp2	92	Metabolite	Tolerance
Kliebenstein_Chan_PlosGen_2010_PID_21079692	leucine_exp1	92	Metabolite	Tolerance
Kliebenstein_Chan_PlosGen_2010_PID_21079692	leucine_exp2	92	Metabolite	Tolerance
Kliebenstein_Chan_PlosGen_2010_PID_21079692	leucrose_exp1	92	Metabolite	Tolerance
Kliebenstein_Chan_PlosGen_2010_PID_21079692	leucrose_exp2	92	Metabolite	Tolerance
Kliebenstein_Chan_PlosGen_2010_PID_21079692	levoglucosan_exp1	92	Metabolite	Tolerance
Kliebenstein_Chan_PlosGen_2010_PID_21079692	lignoceric_acid_exp1	92	Metabolite	Tolerance
Kliebenstein_Chan_PlosGen_2010_PID_21079692	lignoceric_acid_exp2	92	Metabolite	Tolerance
Kliebenstein_Chan_PlosGen_2010_PID_21079692	lyxitol_exp1	92	Metabolite	Tolerance
Kliebenstein_Chan_PlosGen_2010_PID_21079692	malate_exp1	92	Metabolite	Tolerance
Kliebenstein_Chan_PlosGen_2010_PID_21079692	malate_exp2	92	Metabolite	Tolerance
Kliebenstein_Chan_PlosGen_2010_PID_21079692	maleic_acid_exp1	92	Metabolite	Tolerance
Kliebenstein_Chan_PlosGen_2010_PID_21079692	maleic_acid_exp2	92	Metabolite	Tolerance
Kliebenstein_Chan_PlosGen_2010_PID_21079692	maltose_1_exp1	92	Metabolite	Tolerance
Kliebenstein_Chan_PlosGen_2010_PID_21079692	maltose_1_exp2	92	Metabolite	Tolerance
Kliebenstein_Chan_PlosGen_2010_PID_21079692	mannitol_exp1	92	Metabolite	Tolerance
Kliebenstein_Chan_PlosGen_2010_PID_21079692	mannitol_exp2	92	Metabolite	Tolerance
Kliebenstein_Chan_PlosGen_2010_PID_21079692	monopalmitin_1_glyceride_exp1	92	Metabolite	Tolerance
Kliebenstein_Chan_PlosGen_2010_PID_21079692	monopalmitin_1_glyceride_exp2	92	Metabolite	Tolerance
Kliebenstein_Chan_PlosGen_2010_PID_21079692	myristic_acid_exp1	92	Metabolite	Tolerance
Kliebenstein_Chan_PlosGen_2010_PID_21079692	myristic_acid_exp2	92	Metabolite	Tolerance
Kliebenstein_Chan_PlosGen_2010_PID_21079692	N_acetyl_D_hexosamine_exp2	92	Metabolite	Tolerance
Kliebenstein_Chan_PlosGen_2010_PID_21079692	N_acetyl_D_mannosamine_exp2	92	Metabolite	Tolerance
Kliebenstein_Chan_PlosGen_2010_PID_21079692	oleic_acid_exp1	92	Metabolite	Tolerance
Kliebenstein_Chan_PlosGen_2010_PID_21079692	oleic_acid_exp2	92	Metabolite	Tolerance
Kliebenstein_Chan_PlosGen_2010_PID_21079692	ornithine_4TMS_exp2	92	Metabolite	Tolerance
Kliebenstein_Chan_PlosGen_2010_PID_21079692	oxoproline_1_exp2	92	Metabolite	Tolerance
Kliebenstein_Chan_PlosGen_2010_PID_21079692	oxoproline_exp1	92	Metabolite	Tolerance
Kliebenstein_Chan_PlosGen_2010_PID_21079692	oxoproline_exp2	92	Metabolite	Tolerance
Kliebenstein_Chan_PlosGen_2010_PID_21079692	palatinose_exp2	92	Metabolite	Tolerance
Kliebenstein_Chan_PlosGen_2010_PID_21079692	palmitic_acid_exp2	92	Metabolite	Tolerance
Kliebenstein_Chan_PlosGen_2010_PID_21079692	pelargonic_acid_exp1	92	Metabolite	Tolerance
Kliebenstein_Chan_PlosGen_2010_PID_21079692	pelargonic_acid_exp2	92	Metabolite	Tolerance
Kliebenstein_Chan_PlosGen_2010_PID_21079692	pentadecanoic_acid_exp1	92	Metabolite	Tolerance
Kliebenstein_Chan_PlosGen_2010_PID_21079692	phenylalanine_exp2	92	Metabolite	Tolerance
Kliebenstein_Chan_PlosGen_2010_PID_21079692	phosphoric_acid_exp1	92	Metabolite	Tolerance
Kliebenstein_Chan_PlosGen_2010_PID_21079692	phosphoric_acid_exp2	92	Metabolite	Tolerance
Kliebenstein_Chan_PlosGen_2010_PID_21079692	phytol_exp1	92	Metabolite	Tolerance
Kliebenstein_Chan_PlosGen_2010_PID_21079692	phytol_exp2	92	Metabolite	Tolerance
Kliebenstein_Chan_PlosGen_2010_PID_21079692	pipecolic_acid_exp2	92	Metabolite	Tolerance
Kliebenstein_Chan_PlosGen_2010_PID_21079692	proline_exp1	92	Metabolite	Tolerance
Kliebenstein_Chan_PlosGen_2010_PID_21079692	proline_exp2	92	Metabolite	Tolerance
Kliebenstein_Chan_PlosGen_2010_PID_21079692	putrescine_exp1	92	Metabolite	Tolerance
Kliebenstein_Chan_PlosGen_2010_PID_21079692	putrescine_exp2	92	Metabolite	Tolerance
Kliebenstein_Chan_PlosGen_2010_PID_21079692	pyrrole_2_carboxylic_acid_exp1	92	Metabolite	Tolerance
Kliebenstein_Chan_PlosGen_2010_PID_21079692	rhamnose_1_exp1	92	Metabolite	Tolerance
Kliebenstein_Chan_PlosGen_2010_PID_21079692	rhamnose_1_exp2	92	Metabolite	Tolerance
Kliebenstein_Chan_PlosGen_2010_PID_21079692	ribitol_1_exp2	92	Metabolite	Tolerance
Kliebenstein_Chan_PlosGen_2010_PID_21079692	ribitol_exp2	92	Metabolite	Tolerance
Kliebenstein_Chan_PlosGen_2010_PID_21079692	ribose_exp1	92	Metabolite	Tolerance
Kliebenstein_Chan_PlosGen_2010_PID_21079692	ribose_exp2	92	Metabolite	Tolerance
Kliebenstein_Chan_PlosGen_2010_PID_21079692	serine_1_exp1	92	Metabolite	Tolerance
Kliebenstein_Chan_PlosGen_2010_PID_21079692	serine_1_exp2	92	Metabolite	Tolerance
Kliebenstein_Chan_PlosGen_2010_PID_21079692	serine_exp1	92	Metabolite	Tolerance
Kliebenstein_Chan_PlosGen_2010_PID_21079692	serine_exp2	92	Metabolite	Tolerance
Kliebenstein_Chan_PlosGen_2010_PID_21079692	shikimic_acid_exp2	92	Metabolite	Tolerance
Kliebenstein_Chan_PlosGen_2010_PID_21079692	stearic_acid_exp1	92	Metabolite	Tolerance
Kliebenstein_Chan_PlosGen_2010_PID_21079692	succinic_acid_exp1	92	Metabolite	Tolerance
Kliebenstein_Chan_PlosGen_2010_PID_21079692	succinic_acid_exp2	92	Metabolite	Tolerance
Kliebenstein_Chan_PlosGen_2010_PID_21079692	talose_exp1	92	Metabolite	Tolerance
Kliebenstein_Chan_PlosGen_2010_PID_21079692	talose_exp2	92	Metabolite	Tolerance
Kliebenstein_Chan_PlosGen_2010_PID_21079692	threitol_exp1	92	Metabolite	Tolerance
Kliebenstein_Chan_PlosGen_2010_PID_21079692	threitol_exp2	92	Metabolite	Tolerance
Kliebenstein_Chan_PlosGen_2010_PID_21079692	threonic_acid_exp1	92	Metabolite	Tolerance
Kliebenstein_Chan_PlosGen_2010_PID_21079692	threonic_acid_exp2	92	Metabolite	Tolerance
Kliebenstein_Chan_PlosGen_2010_PID_21079692	threonine_exp1	92	Metabolite	Tolerance
Kliebenstein_Chan_PlosGen_2010_PID_21079692	threonine_exp2	92	Metabolite	Tolerance
Kliebenstein_Chan_PlosGen_2010_PID_21079692	tocopherol_exp2	92	Metabolite	Tolerance
Kliebenstein_Chan_PlosGen_2010_PID_21079692	trans_sinapinic_acid_exp1	92	Metabolite	Tolerance
Kliebenstein_Chan_PlosGen_2010_PID_21079692	trans_sinapinic_acid_exp2	92	Metabolite	Tolerance
Kliebenstein_Chan_PlosGen_2010_PID_21079692	trehalose_exp2	92	Metabolite	Tolerance
Kliebenstein_Chan_PlosGen_2010_PID_21079692	tyrosine_exp1	92	Metabolite	Tolerance
Kliebenstein_Chan_PlosGen_2010_PID_21079692	tyrosine_exp2	92	Metabolite	Tolerance
Kliebenstein_Chan_PlosGen_2010_PID_21079692	urea_exp1	92	Metabolite	Tolerance
Kliebenstein_Chan_PlosGen_2010_PID_21079692	urea_exp2	92	Metabolite	Tolerance
Kliebenstein_Chan_PlosGen_2010_PID_21079692	valine_exp1	92	Metabolite	Tolerance
Kliebenstein_Chan_PlosGen_2010_PID_21079692	valine_exp2	92	Metabolite	Tolerance
Kliebenstein_Chan_PlosGen_2010_PID_21079692	X1_2_4_benzenetriol_exp1	92	Metabolite	Tolerance
Kliebenstein_Chan_PlosGen_2010_PID_21079692	X1_2_4_benzenetriol_exp2	92	Metabolite	Tolerance
Kliebenstein_Chan_PlosGen_2010_PID_21079692	X1_hexadecanol_exp1	92	Metabolite	Tolerance
Kliebenstein_Chan_PlosGen_2010_PID_21079692	X1_monostearin_exp2	92	Metabolite	Tolerance
Kliebenstein_Chan_PlosGen_2010_PID_21079692	X2_palmitoleic_acid_exp1	92	Metabolite	Tolerance
Kliebenstein_Chan_PlosGen_2010_PID_21079692	X2_palmitoleic_acid_exp2	92	Metabolite	Tolerance
Kliebenstein_Chan_PlosGen_2010_PID_21079692	X4_hydroxybenzoate_exp2	92	Metabolite	Tolerance
Kliebenstein_Chan_PlosGen_2010_PID_21079692	X4_hydroxyproline_exp1	92	Metabolite	Tolerance
Kliebenstein_Chan_PlosGen_2010_PID_21079692	X4_hydroxyproline_exp2	92	Metabolite	Tolerance
Kliebenstein_Chan_PlosGen_2010_PID_21079692	X5_aminovaleric_acid_exp1	92	Metabolite	Tolerance
Kliebenstein_Chan_PlosGen_2010_PID_21079692	xylonic_acid_exp2	92	Metabolite	Tolerance
Kliebenstein_Chan_PlosGen_2010_PID_21079692	xylose_1_exp1	92	Metabolite	Tolerance
Kliebenstein_Chan_PlosGen_2010_PID_21079692	xylose_1_exp2	92	Metabolite	Tolerance
Kliebenstein_Fordyce_PlantPhys_2018_PID_30266748	Lesion_0_m_cx_Apple517	92	Defense	NA
Kliebenstein_Fordyce_PlantPhys_2018_PID_30266748	Lesion_0_m_cy_Apple517	92	Defense	NA
Kliebenstein_Fordyce_PlantPhys_2018_PID_30266748	Lesion_0_m_eccentricity_Apple517	92	Defense	NA
Kliebenstein_Fordyce_PlantPhys_2018_PID_30266748	Lesion_0_m_eccentricity_B05_10	92	Defense	NA
Kliebenstein_Fordyce_PlantPhys_2018_PID_30266748	Lesion_0_m_eccentricity_Ctrl	92	Defense	NA
Kliebenstein_Fordyce_PlantPhys_2018_PID_30266748	Lesion_0_m_eccentricity_Supersteak	92	Defense	NA
Kliebenstein_Fordyce_PlantPhys_2018_PID_30266748	Lesion_0_m_eccentricity_UKRazz	92	Defense	NA
Kliebenstein_Fordyce_PlantPhys_2018_PID_30266748	Lesion_0_m_theta_Apple517	92	Defense	NA
Kliebenstein_Fordyce_PlantPhys_2018_PID_30266748	Lesion_0_m_theta_B05_10	92	Defense	NA
Kliebenstein_Fordyce_PlantPhys_2018_PID_30266748	Lesion_0_m_theta_Ctrl	92	Defense	NA
Kliebenstein_Fordyce_PlantPhys_2018_PID_30266748	Lesion_0_m_theta_Supersteak	92	Defense	NA
Kliebenstein_Fordyce_PlantPhys_2018_PID_30266748	Lesion_0_m_theta_UKRazz	92	Defense	NA
Kliebenstein_Fordyce_PlantPhys_2018_PID_30266748	Lesion_Bblu_m_eccentricity_Apple517	92	Defense	NA
Kliebenstein_Fordyce_PlantPhys_2018_PID_30266748	Lesion_Bblu_m_eccentricity_B05_10	92	Defense	NA
Kliebenstein_Fordyce_PlantPhys_2018_PID_30266748	Lesion_Bblu_m_eccentricity_Ctrl	92	Defense	NA
Kliebenstein_Fordyce_PlantPhys_2018_PID_30266748	Lesion_Bblu_m_eccentricity_Supersteak	92	Defense	NA
Kliebenstein_Fordyce_PlantPhys_2018_PID_30266748	Lesion_Bblu_m_eccentricity_UKRazz	92	Defense	NA
Kliebenstein_Fordyce_PlantPhys_2018_PID_30266748	Lesion_Bblu_m_majoraxis_Ctrl	92	Defense	NA
Kliebenstein_Fordyce_PlantPhys_2018_PID_30266748	Lesion_Bblu_m_theta_B05_10	92	Defense	NA
Kliebenstein_Fordyce_PlantPhys_2018_PID_30266748	Lesion_Bblu_m_theta_Ctrl	92	Defense	NA
Kliebenstein_Fordyce_PlantPhys_2018_PID_30266748	Lesion_Bblu_m_theta_Supersteak	92	Defense	NA
Kliebenstein_Fordyce_PlantPhys_2018_PID_30266748	Lesion_Bblu_m_theta_UKRazz	92	Defense	NA
Kliebenstein_Fordyce_PlantPhys_2018_PID_30266748	Lesion_Bgrn_m_eccentricity_Ctrl	92	Defense	NA
Kliebenstein_Fordyce_PlantPhys_2018_PID_30266748	Lesion_Bgrn_m_theta_B05_10	92	Defense	NA
Kliebenstein_Fordyce_PlantPhys_2018_PID_30266748	Lesion_Bgrn_m_theta_Ctrl	92	Defense	NA
Kliebenstein_Fordyce_PlantPhys_2018_PID_30266748	Lesion_Bgrn_m_theta_UKRazz	92	Defense	NA
Kliebenstein_Fordyce_PlantPhys_2018_PID_30266748	Lesion_Bgrnblu_m_eccentricity_Ctrl	92	Defense	NA
Kliebenstein_Fordyce_PlantPhys_2018_PID_30266748	Lesion_Bgrnblu_m_eccentricity_UKRazz	92	Defense	NA
Kliebenstein_Fordyce_PlantPhys_2018_PID_30266748	Lesion_Bgrnblu_m_majoraxis_Apple517	92	Defense	NA
Kliebenstein_Fordyce_PlantPhys_2018_PID_30266748	Lesion_Bgrnblu_m_majoraxis_B05_10	92	Defense	NA
Kliebenstein_Fordyce_PlantPhys_2018_PID_30266748	Lesion_Bgrnblu_m_majoraxis_Ctrl	92	Defense	NA
Kliebenstein_Fordyce_PlantPhys_2018_PID_30266748	Lesion_Bgrnblu_m_majoraxis_Supersteak	92	Defense	NA
Kliebenstein_Fordyce_PlantPhys_2018_PID_30266748	Lesion_Bgrnblu_m_majoraxis_UKRazz	92	Defense	NA
Kliebenstein_Fordyce_PlantPhys_2018_PID_30266748	Lesion_Bgrnblu_m_theta_Ctrl	92	Defense	NA
Kliebenstein_Fordyce_PlantPhys_2018_PID_30266748	Lesion_Bgrnblu_m_theta_UKRazz	92	Defense	NA
Kliebenstein_Fordyce_PlantPhys_2018_PID_30266748	Lesion_blu_m_eccentricity_Ctrl	92	Defense	NA
Kliebenstein_Fordyce_PlantPhys_2018_PID_30266748	Lesion_blu_m_majoraxis_Ctrl	92	Defense	NA
Kliebenstein_Fordyce_PlantPhys_2018_PID_30266748	Lesion_blu_m_theta_Apple517	92	Defense	NA
Kliebenstein_Fordyce_PlantPhys_2018_PID_30266748	Lesion_blu_m_theta_B05_10	92	Defense	NA
Kliebenstein_Fordyce_PlantPhys_2018_PID_30266748	Lesion_blu_m_theta_Ctrl	92	Defense	NA
Kliebenstein_Fordyce_PlantPhys_2018_PID_30266748	Lesion_blu_m_theta_Supersteak	92	Defense	NA
Kliebenstein_Fordyce_PlantPhys_2018_PID_30266748	Lesion_blu_m_theta_UKRazz	92	Defense	NA
Kliebenstein_Fordyce_PlantPhys_2018_PID_30266748	Lesion_Bred_m_eccentricity_Ctrl	92	Defense	NA
Kliebenstein_Fordyce_PlantPhys_2018_PID_30266748	Lesion_Bred_m_majoraxis_Ctrl	92	Defense	NA
Kliebenstein_Fordyce_PlantPhys_2018_PID_30266748	Lesion_Bred_m_theta_Ctrl	92	Defense	NA
Kliebenstein_Fordyce_PlantPhys_2018_PID_30266748	Lesion_Bred_m_theta_Supersteak	92	Defense	NA
Kliebenstein_Fordyce_PlantPhys_2018_PID_30266748	Lesion_Bredblu_m_eccentricity_Apple517	92	Defense	NA
Kliebenstein_Fordyce_PlantPhys_2018_PID_30266748	Lesion_Bredblu_m_eccentricity_B05_10	92	Defense	NA
Kliebenstein_Fordyce_PlantPhys_2018_PID_30266748	Lesion_Bredblu_m_eccentricity_Ctrl	92	Defense	NA
Kliebenstein_Fordyce_PlantPhys_2018_PID_30266748	Lesion_Bredblu_m_eccentricity_Supersteak	92	Defense	NA
Kliebenstein_Fordyce_PlantPhys_2018_PID_30266748	Lesion_Bredblu_m_eccentricity_UKRazz	92	Defense	NA
Kliebenstein_Fordyce_PlantPhys_2018_PID_30266748	Lesion_Bredblu_m_majoraxis_Apple517	92	Defense	NA
Kliebenstein_Fordyce_PlantPhys_2018_PID_30266748	Lesion_Bredblu_m_majoraxis_B05_10	92	Defense	NA
Kliebenstein_Fordyce_PlantPhys_2018_PID_30266748	Lesion_Bredblu_m_majoraxis_Ctrl	92	Defense	NA
Kliebenstein_Fordyce_PlantPhys_2018_PID_30266748	Lesion_Bredblu_m_majoraxis_Supersteak	92	Defense	NA
Kliebenstein_Fordyce_PlantPhys_2018_PID_30266748	Lesion_Bredblu_m_majoraxis_UKRazz	92	Defense	NA
Kliebenstein_Fordyce_PlantPhys_2018_PID_30266748	Lesion_Bredblu_m_theta_Apple517	92	Defense	NA
Kliebenstein_Fordyce_PlantPhys_2018_PID_30266748	Lesion_Bredblu_m_theta_B05_10	92	Defense	NA
Kliebenstein_Fordyce_PlantPhys_2018_PID_30266748	Lesion_Bredblu_m_theta_Ctrl	92	Defense	NA
Kliebenstein_Fordyce_PlantPhys_2018_PID_30266748	Lesion_Bredblu_m_theta_Supersteak	92	Defense	NA
Kliebenstein_Fordyce_PlantPhys_2018_PID_30266748	Lesion_Bredblu_m_theta_UKRazz	92	Defense	NA
Kliebenstein_Fordyce_PlantPhys_2018_PID_30266748	Lesion_Bredgrn_m_eccentricity_Apple517	92	Defense	NA
Kliebenstein_Fordyce_PlantPhys_2018_PID_30266748	Lesion_Bredgrn_m_eccentricity_B05_10	92	Defense	NA
Kliebenstein_Fordyce_PlantPhys_2018_PID_30266748	Lesion_Bredgrn_m_eccentricity_Ctrl	92	Defense	NA
Kliebenstein_Fordyce_PlantPhys_2018_PID_30266748	Lesion_Bredgrn_m_eccentricity_Supersteak	92	Defense	NA
Kliebenstein_Fordyce_PlantPhys_2018_PID_30266748	Lesion_Bredgrn_m_eccentricity_UKRazz	92	Defense	NA
Kliebenstein_Fordyce_PlantPhys_2018_PID_30266748	Lesion_Bredgrn_m_majoraxis_B05_10	92	Defense	NA
Kliebenstein_Fordyce_PlantPhys_2018_PID_30266748	Lesion_Bredgrn_m_majoraxis_Ctrl	92	Defense	NA
Kliebenstein_Fordyce_PlantPhys_2018_PID_30266748	Lesion_Bredgrn_m_majoraxis_Supersteak	92	Defense	NA
Kliebenstein_Fordyce_PlantPhys_2018_PID_30266748	Lesion_Bredgrn_m_majoraxis_UKRazz	92	Defense	NA
Kliebenstein_Fordyce_PlantPhys_2018_PID_30266748	Lesion_Bredgrn_m_theta_Apple517	92	Defense	NA
Kliebenstein_Fordyce_PlantPhys_2018_PID_30266748	Lesion_Bredgrn_m_theta_B05_10	92	Defense	NA
Kliebenstein_Fordyce_PlantPhys_2018_PID_30266748	Lesion_Bredgrn_m_theta_Ctrl	92	Defense	NA
Kliebenstein_Fordyce_PlantPhys_2018_PID_30266748	Lesion_Bredgrn_m_theta_Supersteak	92	Defense	NA
Kliebenstein_Fordyce_PlantPhys_2018_PID_30266748	Lesion_Bredgrn_m_theta_UKRazz	92	Defense	NA
Kliebenstein_Fordyce_PlantPhys_2018_PID_30266748	Lesion_Grn_Apple517	92	Defense	NA
Kliebenstein_Fordyce_PlantPhys_2018_PID_30266748	Lesion_Grn_B05_10	92	Defense	NA
Kliebenstein_Fordyce_PlantPhys_2018_PID_30266748	Lesion_Grn_Ctrl	92	Defense	NA
Kliebenstein_Fordyce_PlantPhys_2018_PID_30266748	Lesion_Grn_Supersteak	92	Defense	NA
Kliebenstein_Fordyce_PlantPhys_2018_PID_30266748	Lesion_Grn_UKRazz	92	Defense	NA
Kliebenstein_Fordyce_PlantPhys_2018_PID_30266748	Lesion_grnblu_m_eccentricity_Ctrl	92	Defense	NA
Kliebenstein_Fordyce_PlantPhys_2018_PID_30266748	Lesion_grnblu_m_majoraxis_Apple517	92	Defense	NA
Kliebenstein_Fordyce_PlantPhys_2018_PID_30266748	Lesion_grnblu_m_majoraxis_B05_10	92	Defense	NA
Kliebenstein_Fordyce_PlantPhys_2018_PID_30266748	Lesion_grnblu_m_majoraxis_Ctrl	92	Defense	NA
Kliebenstein_Fordyce_PlantPhys_2018_PID_30266748	Lesion_grnblu_m_majoraxis_Supersteak	92	Defense	NA
Kliebenstein_Fordyce_PlantPhys_2018_PID_30266748	Lesion_grnblu_m_majoraxis_UKRazz	92	Defense	NA
Kliebenstein_Fordyce_PlantPhys_2018_PID_30266748	Lesion_grnblu_m_theta_Ctrl	92	Defense	NA
Kliebenstein_Fordyce_PlantPhys_2018_PID_30266748	Lesion_Prop_Apple517	92	Defense	NA
Kliebenstein_Fordyce_PlantPhys_2018_PID_30266748	Lesion_Prop_UKRazz	92	Defense	NA
Kliebenstein_Fordyce_PlantPhys_2018_PID_30266748	Lesion_redblu_m_eccentricity_Apple517	92	Defense	NA
Kliebenstein_Fordyce_PlantPhys_2018_PID_30266748	Lesion_redblu_m_eccentricity_B05_10	92	Defense	NA
Kliebenstein_Fordyce_PlantPhys_2018_PID_30266748	Lesion_redblu_m_eccentricity_Ctrl	92	Defense	NA
Kliebenstein_Fordyce_PlantPhys_2018_PID_30266748	Lesion_redblu_m_eccentricity_Supersteak	92	Defense	NA
Kliebenstein_Fordyce_PlantPhys_2018_PID_30266748	Lesion_redblu_m_eccentricity_UKRazz	92	Defense	NA
Kliebenstein_Fordyce_PlantPhys_2018_PID_30266748	Lesion_redblu_m_majoraxis_Apple517	92	Defense	NA
Kliebenstein_Fordyce_PlantPhys_2018_PID_30266748	Lesion_redblu_m_majoraxis_B05_10	92	Defense	NA
Kliebenstein_Fordyce_PlantPhys_2018_PID_30266748	Lesion_redblu_m_majoraxis_Ctrl	92	Defense	NA
Kliebenstein_Fordyce_PlantPhys_2018_PID_30266748	Lesion_redblu_m_majoraxis_Supersteak	92	Defense	NA
Kliebenstein_Fordyce_PlantPhys_2018_PID_30266748	Lesion_redblu_m_majoraxis_UKRazz	92	Defense	NA
Kliebenstein_Fordyce_PlantPhys_2018_PID_30266748	Lesion_redblu_m_theta_Apple517	92	Defense	NA
Kliebenstein_Fordyce_PlantPhys_2018_PID_30266748	Lesion_redblu_m_theta_B05_10	92	Defense	NA
Kliebenstein_Fordyce_PlantPhys_2018_PID_30266748	Lesion_redblu_m_theta_Ctrl	92	Defense	NA
Kliebenstein_Fordyce_PlantPhys_2018_PID_30266748	Lesion_redblu_m_theta_Supersteak	92	Defense	NA
Kliebenstein_Fordyce_PlantPhys_2018_PID_30266748	Lesion_redblu_m_theta_UKRazz	92	Defense	NA
Kliebenstein_Fordyce_PlantPhys_2018_PID_30266748	Lesion_redgrn_m_eccentricity_B05_10	92	Defense	NA
Kliebenstein_Fordyce_PlantPhys_2018_PID_30266748	Lesion_redgrn_m_eccentricity_Ctrl	92	Defense	NA
Kliebenstein_Fordyce_PlantPhys_2018_PID_30266748	Lesion_redgrn_m_eccentricity_UKRazz	92	Defense	NA
Kliebenstein_Fordyce_PlantPhys_2018_PID_30266748	Lesion_redgrn_m_majoraxis_Ctrl	92	Defense	NA
Kliebenstein_Fordyce_PlantPhys_2018_PID_30266748	Lesion_redgrn_m_theta_Ctrl	92	Defense	NA
Kliebenstein_Fordyce_PlantPhys_2018_PID_30266748	Lesion_redgrn_m_theta_Supersteak	92	Defense	NA
Kliebenstein_Fordyce_PlantPhys_2018_PID_30266748	Lesion_redgrn_m_theta_UKRazz	92	Defense	NA
Kliebenstein_Fordyce_PlantPhys_2018_PID_30266748	Lesion_Size_Apple517	92	Defense	NA
Kliebenstein_Fordyce_PlantPhys_2018_PID_30266748	Lesion_Size_B05_10	92	Defense	NA
Kliebenstein_Fordyce_PlantPhys_2018_PID_30266748	Lesion_Size_Ctrl	92	Defense	NA
Kliebenstein_Fordyce_PlantPhys_2018_PID_30266748	Lesion_Size_Supersteak	92	Defense	NA
Kliebenstein_Fordyce_PlantPhys_2018_PID_30266748	Lesion_Size_UKRazz	92	Defense	NA
Kliebenstein_Fordyce_PlantPhys_2018_PID_30266748	Lesion_Ylw_B05_10	92	Defense	NA
Kliebenstein_Fordyce_PlantPhys_2018_PID_30266748	Lesion_Ylw_Ctrl	92	Defense	NA
Kliebenstein_Fordyce_PlantPhys_2018_PID_30266748	Lesion_Ylw_Supersteak	92	Defense	NA
Kliebenstein_Fordyce_PlantPhys_2018_PID_30266748	Remaining_Leaf_Apple517	92	Defense	NA
Kliebenstein_Fordyce_PlantPhys_2018_PID_30266748	Ylw_Lesion_Proportion_Apple517	92	Defense	NA
Kliebenstein_Fordyce_PlantPhys_2018_PID_30266748	Ylw_Lesion_Proportion_Ctrl	92	Defense	NA
Kliebenstein_Fordyce_PlantPhys_2018_PID_30266748	Ylw_Lesion_Proportion_Supersteak	92	Defense	NA
Kliebenstein_Francisco_FronPlaSci_2016_PID_27313596	Allyl_MS_and_allyl	92	Metabolite	Tolerance
Kliebenstein_Francisco_FronPlaSci_2016_PID_27313596	Allyl_MS	92	Metabolite	Tolerance
Kliebenstein_Francisco_FronPlaSci_2016_PID_27313596	I3M_MS_and_allyl	92	Metabolite	Tolerance
Kliebenstein_Francisco_FronPlaSci_2016_PID_27313596	I3M_MS	92	Metabolite	Tolerance
Kliebenstein_Francisco_FronPlaSci_2016_PID_27313596	Long_chain_GLS_MS_and_allyl	92	Metabolite	Tolerance
Kliebenstein_Francisco_FronPlaSci_2016_PID_27313596	Long_chain_GLS_MS	92	Metabolite	Tolerance
Kliebenstein_Francisco_FronPlaSci_2016_PID_27313596	NMOI3M_MS_and_allyl	92	Metabolite	Tolerance
Kliebenstein_Francisco_FronPlaSci_2016_PID_27313596	NMOI3M_MS	92	Metabolite	Tolerance
Kliebenstein_Francisco_FronPlaSci_2016_PID_27313596	Short_chain_GLS_MS_and_allyl	92	Metabolite	Tolerance
Kliebenstein_Francisco_FronPlaSci_2016_PID_27313596	Short_chain_GLS_MS	92	Metabolite	Tolerance
Kliebenstein_Francisco_FronPlaSci_2016_PID_27313596	total_Aliphatics_MS_and_allyl	92	Metabolite	Tolerance
Kliebenstein_Francisco_FronPlaSci_2016_PID_27313596	total_Aliphatics_MS	92	Metabolite	Tolerance
Kliebenstein_Francisco_FronPlaSci_2016_PID_27313596	total_alkyl_MS_and_allyl	92	Metabolite	Tolerance
Kliebenstein_Francisco_FronPlaSci_2016_PID_27313596	total_alkyl_MS	92	Metabolite	Tolerance
Kliebenstein_Francisco_FronPlaSci_2016_PID_27313596	total_C3_GLS_MS_and_allyl	92	Metabolite	Tolerance
Kliebenstein_Francisco_FronPlaSci_2016_PID_27313596	total_C3_GLS_MS	92	Metabolite	Tolerance
Kliebenstein_Francisco_FronPlaSci_2016_PID_27313596	total_C4_GLS_MS_and_allyl	92	Metabolite	Tolerance
Kliebenstein_Francisco_FronPlaSci_2016_PID_27313596	total_C4_GLS_MS	92	Metabolite	Tolerance
Kliebenstein_Francisco_FronPlaSci_2016_PID_27313596	total_C7_GLS_MS_and_allyl	92	Metabolite	Tolerance
Kliebenstein_Francisco_FronPlaSci_2016_PID_27313596	total_C7_GLS_MS	92	Metabolite	Tolerance
Kliebenstein_Francisco_FronPlaSci_2016_PID_27313596	Total_C8_GLS_MS_and_allyl	92	Metabolite	Tolerance
Kliebenstein_Francisco_FronPlaSci_2016_PID_27313596	Total_C8_GLS_MS	92	Metabolite	Tolerance
Kliebenstein_Francisco_FronPlaSci_2016_PID_27313596	total_GLS_MS_and_allyl	92	Metabolite	Tolerance
Kliebenstein_Francisco_FronPlaSci_2016_PID_27313596	total_GLS_MS	92	Metabolite	Tolerance
Kliebenstein_Francisco_FronPlaSci_2016_PID_27313596	total_Indolics_MS_and_allyl	92	Metabolite	Tolerance
Kliebenstein_Francisco_FronPlaSci_2016_PID_27313596	total_Indolics_MS	92	Metabolite	Tolerance
Kliebenstein_Francisco_FronPlaSci_2016_PID_27313596	total_methylsulphinyl_MS_and_allyl	92	Metabolite	Tolerance
Kliebenstein_Francisco_FronPlaSci_2016_PID_27313596	total_methylsulphinyl_MS	92	Metabolite	Tolerance
Kliebenstein_Francisco_FronPlaSci_2016_PID_27313596	Weight_MS_and_allyl	92	Metabolite	Tolerance
Kliebenstein_Francisco_FronPlaSci_2016_PID_27313596	Weight_MS	92	Metabolite	Tolerance
Kliebenstein_Francisco_FronPlaSci_2016_PID_27313596	X2OH_Butenyl_MS_and_allyl	92	Metabolite	Tolerance
Kliebenstein_Francisco_FronPlaSci_2016_PID_27313596	X2OH_Butenyl_MS	92	Metabolite	Tolerance
Kliebenstein_Francisco_FronPlaSci_2016_PID_27313596	X3_butenyl_MS_and_allyl	92	Metabolite	Tolerance
Kliebenstein_Francisco_FronPlaSci_2016_PID_27313596	X3_butenyl_MS	92	Metabolite	Tolerance
Kliebenstein_Francisco_FronPlaSci_2016_PID_27313596	X3MSP_MS_and_allyl	92	Metabolite	Tolerance
Kliebenstein_Francisco_FronPlaSci_2016_PID_27313596	X3MSP_MS	92	Metabolite	Tolerance
Kliebenstein_Francisco_FronPlaSci_2016_PID_27313596	X3MTP_MS_and_allyl	92	Metabolite	Tolerance
Kliebenstein_Francisco_FronPlaSci_2016_PID_27313596	X3MTP_MS	92	Metabolite	Tolerance
Kliebenstein_Francisco_FronPlaSci_2016_PID_27313596	X3OHP_MS_and_allyl	92	Metabolite	Tolerance
Kliebenstein_Francisco_FronPlaSci_2016_PID_27313596	X3OHP_MS	92	Metabolite	Tolerance
Kliebenstein_Francisco_FronPlaSci_2016_PID_27313596	X4MOI3M_MS_and_allyl	92	Metabolite	Tolerance
Kliebenstein_Francisco_FronPlaSci_2016_PID_27313596	X4MOI3M_MS	92	Metabolite	Tolerance
Kliebenstein_Francisco_FronPlaSci_2016_PID_27313596	X4MSB_MS_and_allyl	92	Metabolite	Tolerance
Kliebenstein_Francisco_FronPlaSci_2016_PID_27313596	X4MSB_MS	92	Metabolite	Tolerance
Kliebenstein_Francisco_FronPlaSci_2016_PID_27313596	X4MTB_MS_and_allyl	92	Metabolite	Tolerance
Kliebenstein_Francisco_FronPlaSci_2016_PID_27313596	X4MTB_MS	92	Metabolite	Tolerance
Kliebenstein_Francisco_FronPlaSci_2016_PID_27313596	X4OHB_MS_and_allyl	92	Metabolite	Tolerance
Kliebenstein_Francisco_FronPlaSci_2016_PID_27313596	X4OHB_MS	92	Metabolite	Tolerance
Kliebenstein_Francisco_FronPlaSci_2016_PID_27313596	X5MSP_MS_and_allyl	92	Metabolite	Tolerance
Kliebenstein_Francisco_FronPlaSci_2016_PID_27313596	X5MSP_MS	92	Metabolite	Tolerance
Kliebenstein_Francisco_FronPlaSci_2016_PID_27313596	X7MSH_MS_and_allyl	92	Metabolite	Tolerance
Kliebenstein_Francisco_FronPlaSci_2016_PID_27313596	X7MSH_MS	92	Metabolite	Tolerance
Kliebenstein_Francisco_FronPlaSci_2016_PID_27313596	X7MTH_MS_and_allyl	92	Metabolite	Tolerance
Kliebenstein_Francisco_FronPlaSci_2016_PID_27313596	X7MTH_MS	92	Metabolite	Tolerance
Kliebenstein_Francisco_FronPlaSci_2016_PID_27313596	X8MSO_MS_and_allyl	92	Metabolite	Tolerance
Kliebenstein_Francisco_FronPlaSci_2016_PID_27313596	X8MSO_MS	92	Metabolite	Tolerance
Kliebenstein_Francisco_FronPlaSci_2016_PID_27313596	X8MTO_MS_and_allyl	92	Metabolite	Tolerance
Kliebenstein_Francisco_FronPlaSci_2016_PID_27313596	X8MTO_MS	92	Metabolite	Tolerance
Kollist_Brosch_PlaCelEnv_2010_PID_20082669	ozone_sensetivity	74	Development	NA
Koyama_Sadhukhan_MolPlant_2017_PID_28712931	Relative_NIP1_expression	97	Development	Tolerance
Koyama_Sadhukhan_MolPlant_2017_PID_28712931	Relative_root_length	132	Development	Avoidance
Kronforst_Nallu_NatEcoEvo_2018_PID_30076351	Average_leaf_surface_area_eaten_cm2	92	Defense	NA
Kronforst_Nallu_NatEcoEvo_2018_PID_30076351	Average_weight_gain_by_larvae_mg	92	Defense	NA
Kumar_Verslues_PlantPhys_2014_PID_24218491	Proline_mmol_g	133	Metabolite	Tolerance
Leyva_Snchez-Bermejo_NatCommun_2014_PID_25099865	As_V_tolerance	66	Metabolite	Tolerance
Li_Strauch_PNAS_2015_PID_26324904	144_M216T665	405	Metabolite	Tolerance
Li_Strauch_PNAS_2015_PID_26324904	145_M130T666	405	Metabolite	Tolerance
Li_Strauch_PNAS_2015_PID_26324904	146_M172T666	405	Metabolite	Tolerance
Linder_Branham_JHered_2016_PID_26704140	BC160	391	Metabolite	Tolerance
Linder_Branham_JHered_2016_PID_26704140	BC180	391	Metabolite	Tolerance
Linder_Branham_JHered_2016_PID_26704140	BC181	391	Metabolite	Tolerance
Linder_Branham_JHered_2016_PID_26704140	BC182	391	Metabolite	Tolerance
Linder_Branham_JHered_2016_PID_26704140	BC183	391	Metabolite	Tolerance
Linder_Branham_JHered_2016_PID_26704140	BC200	391	Metabolite	Tolerance
Linder_Branham_JHered_2016_PID_26704140	BC201	391	Metabolite	Tolerance
Linder_Branham_JHered_2016_PID_26704140	BC202	391	Metabolite	Tolerance
Linder_Branham_JHered_2016_PID_26704140	BC221	391	Metabolite	Tolerance
Linder_Branham_JHered_2016_PID_26704140	BCpl	391	Metabolite	Tolerance
Linder_Branham_JHered_2016_PID_26704140	BCpufa	391	Metabolite	Tolerance
Linder_Branham_JHered_2016_PID_26704140	BCsat	391	Metabolite	Tolerance
Linder_Branham_JHered_2016_PID_26704140	BCvlcfa	391	Metabolite	Tolerance
Linder_Branham_JHered_2016_PID_26865732	MPboxcox	391	Metabolite	NA
Linder_Morrison_G3_2014_PID_24902604	k_light_0_nutrient_0	95	Development	NA
Linder_Morrison_G3_2014_PID_24902604	k_light_0_nutrient_1	97	Development	NA
Linder_Morrison_G3_2014_PID_24902604	k_light_1_nutrient_0	97	Development	NA
Linder_Morrison_G3_2014_PID_24902604	k_light_1_nutrient_1	97	Development	NA
Linder_Morrison_G3_2014_PID_24902604	tmax_light_0_nutrient_0	95	Development	NA
Linder_Morrison_G3_2014_PID_24902604	tmax_light_0_nutrient_1	97	Development	NA
Linder_Morrison_G3_2014_PID_24902604	tmax_light_1_nutrient_0	97	Development	NA
Linder_Morrison_G3_2014_PID_24902604	tmax_light_1_nutrient_1	97	Development	NA
Ludewig_Chen_FronPlaSci_2016_PID_27507976	Fe_minus	70	Development	Avoidance
Ludewig_Chen_FronPlaSci_2016_PID_27507976	Fe_plus	76	Development	Avoidance
Ludewig_Chen_FronPlaSci_2016_PID_27507976	Fe_response	65	Development	Avoidance
Ludewig_Chen_FronPlaSci_2016_PID_27507976	Mn_minus	71	Development	Avoidance
Ludewig_Chen_FronPlaSci_2016_PID_27507976	Mn_plus	75	Development	Avoidance
Ludewig_Chen_FronPlaSci_2016_PID_27507976	Mn_response	64	Development	Avoidance
Ludewig_Chen_FronPlaSci_2016_PID_27507976	Zn_minus	70	Development	Avoidance
Ludewig_Chen_FronPlaSci_2016_PID_27507976	Zn_plus	76	Development	Avoidance
Ludewig_Chen_FronPlaSci_2016_PID_27507976	Zn_response	64	Development	Avoidance
Ludewig_Stetter_PlosOne_2015_PID_25781967	density_deficiency	139	Development	Avoidance
Ludewig_Stetter_PlosOne_2015_PID_25781967	denstiy_control	139	Development	Avoidance
Ludewig_Stetter_PlosOne_2015_PID_25781967	length_control	139	Development	Avoidance
Ludewig_Stetter_PlosOne_2015_PID_25781967	length_deficiency	139	Development	Avoidance
Maloof_Filiault_PlosGen_2012_PID_22438834	high_RFR	176	Development	Avoidance
Maloof_Filiault_PlosGen_2012_PID_22438834	low_RFR_response	176	Development	Avoidance
Maloof_Filiault_PlosGen_2012_PID_22438834	low_RFR	176	Development	Avoidance
Maloof_Filiault_PlosGen_2012_PID_22438834	resid	176	Development	Avoidance
Maloof_Filiault_PlosGen_2012_PID_22438834	slope	176	Development	Avoidance
Marino_Sarasketa_JExpBot_2014_PID_25205573	AA_NH4_fed	39	Development	Avoidance
Marino_Sarasketa_JExpBot_2014_PID_25205573	AA_NO3_fed	39	Development	Avoidance
Marino_Sarasketa_JExpBot_2014_PID_25205573	GDH_animating_NH4_fed	39	Development	Avoidance
Marino_Sarasketa_JExpBot_2014_PID_25205573	GDH_animating_NO3_fed	39	Development	Avoidance
Marino_Sarasketa_JExpBot_2014_PID_25205573	GDH_deaminating_NH4_fed	39	Development	Avoidance
Marino_Sarasketa_JExpBot_2014_PID_25205573	GDH_deaminating_NO3_fed	39	Development	Avoidance
Marino_Sarasketa_JExpBot_2014_PID_25205573	GS_activity_NH4_fed	39	Development	Avoidance
Marino_Sarasketa_JExpBot_2014_PID_25205573	GS_activity_NO3_fed	39	Development	Avoidance
Marino_Sarasketa_JExpBot_2014_PID_25205573	NH4_content_NH4_fed	39	Development	Avoidance
Marino_Sarasketa_JExpBot_2014_PID_25205573	NH4_content_NO3_fed	39	Development	Avoidance
Marino_Sarasketa_JExpBot_2014_PID_25205573	NR_activity_NH4_fed	39	Development	Avoidance
Marino_Sarasketa_JExpBot_2014_PID_25205573	NR_activity_NO3_fed	39	Development	Avoidance
Maurel_Tang_NatCommun_2018_PID_30250259	root_hydraulic_conductivity	169	Development	Avoidance
Meaux_Dittberner_MolEcol_2018_PID_30118161	Delta_13C	261	Development	Avoidance
Meaux_Dittberner_MolEcol_2018_PID_30118161	leafsize	330	Development	Avoidance
Meaux_Dittberner_MolEcol_2018_PID_30118161	stomata_density	330	Development	Avoidance
Meaux_Dittberner_MolEcol_2018_PID_30118161	stomatasize	330	Development	Avoidance
Mena_Delgado_AnnBot_2011_PID_21447490	Cotyledon_area	40	Development	Avoidance
Mena_Delgado_AnnBot_2011_PID_21447490	First_leaf_area	40	Development	Avoidance
Mena_Delgado_AnnBot_2011_PID_21447490	LA_vs_CA	40	Development	Avoidance
Mena_Delgado_AnnBot_2011_PID_21447490	Pavement_cell_density_in_cotyledon	55	Development	Avoidance
Mena_Delgado_AnnBot_2011_PID_21447490	Pavement_cell_density_in_first_leaf	55	Development	Avoidance
Mena_Delgado_AnnBot_2011_PID_21447490	PDL_vs_PDC	55	Development	Avoidance
Mena_Delgado_AnnBot_2011_PID_21447490	SDL_vs_SDC	55	Development	Avoidance
Mena_Delgado_AnnBot_2011_PID_21447490	SIL_vs_SIC	55	Development	Avoidance
Mena_Delgado_AnnBot_2011_PID_21447490	Stomatal_density_in_cotyledon	55	Development	Avoidance
Mena_Delgado_AnnBot_2011_PID_21447490	Stomatal_density_in_first_leaf	55	Development	Avoidance
Mena_Delgado_AnnBot_2011_PID_21447490	Stomatal_index_in_cotyledon	55	Development	Avoidance
Mena_Delgado_AnnBot_2011_PID_21447490	Stomatal_index_in_first_leaf	55	Development	Avoidance
Nordborg_Aranzana_PlosGen_2005_PID_16292355	avrB	84	Defense	NA
Nordborg_Aranzana_PlosGen_2005_PID_16292355	avrPph3	88	Defense	NA
Nordborg_Aranzana_PlosGen_2005_PID_16292355	avrRpm1	82	Defense	NA
Nordborg_Aranzana_PlosGen_2005_PID_16292355	avrRpt2	87	Defense	NA
Nordborg_Aranzana_PlosGen_2005_PID_16292355	FT	92	Reproduction	Escape
Nordborg_Atwell_Nature_2010_PID_20336072	1_FT_Diameter_Field	180	Reproduction	Escape
Nordborg_Atwell_Nature_2010_PID_20336072	10_Bs	175	Defense	NA
Nordborg_Atwell_Nature_2010_PID_20336072	100_4W	119	Reproduction	Escape
Nordborg_Atwell_Nature_2010_PID_20336072	101_Li7	93	Ionomics	Tolerance
Nordborg_Atwell_Nature_2010_PID_20336072	102_FT22	193	Reproduction	Escape
Nordborg_Atwell_Nature_2010_PID_20336072	103_As2	175	Defense	NA
Nordborg_Atwell_Nature_2010_PID_20336072	104_SDV	159	Reproduction	Escape
Nordborg_Atwell_Nature_2010_PID_20336072	105_Mg25	93	Ionomics	Tolerance
Nordborg_Atwell_Nature_2010_PID_20336072	106_Secondary_Dormancy	93	Development	Escape
Nordborg_Atwell_Nature_2010_PID_20336072	107_As	175	Defense	NA
Nordborg_Atwell_Nature_2010_PID_20336072	11_2W	152	Reproduction	Escape
Nordborg_Atwell_Nature_2010_PID_20336072	12_Rosette_Erect_22	176	Development	NA
Nordborg_Atwell_Nature_2010_PID_20336072	13_Cd114	93	Ionomics	Tolerance
Nordborg_Atwell_Nature_2010_PID_20336072	14_Width_16	175	Development	Avoidance
Nordborg_Atwell_Nature_2010_PID_20336072	15_Storage_28_days	110	Development	Escape
Nordborg_Atwell_Nature_2010_PID_20336072	16_LY	95	Development	NA
Nordborg_Atwell_Nature_2010_PID_20336072	17_avrRpm1	84	Defense	NA
Nordborg_Atwell_Nature_2010_PID_20336072	18_Width_10	176	Development	Avoidance
Nordborg_Atwell_Nature_2010_PID_20336072	19_Chlorosis_22	176	Development	NA
Nordborg_Atwell_Nature_2010_PID_20336072	2_At2_CFU2	175	Defense	NA
Nordborg_Atwell_Nature_2010_PID_20336072	20_Storage_7_days	110	Development	Escape
Nordborg_Atwell_Nature_2010_PID_20336072	21_As2_CFU2	175	Defense	NA
Nordborg_Atwell_Nature_2010_PID_20336072	22_Co59	93	Ionomics	Tolerance
Nordborg_Atwell_Nature_2010_PID_20336072	23_FW	95	Development	Avoidance
Nordborg_Atwell_Nature_2010_PID_20336072	24_Cu65	93	Ionomics	Tolerance
Nordborg_Atwell_Nature_2010_PID_20336072	25_Bacterial_titer	95	Defense	NA
Nordborg_Atwell_Nature_2010_PID_20336072	26_Width_22	175	Development	Avoidance
Nordborg_Atwell_Nature_2010_PID_20336072	27_Storage_56_days	110	Development	Escape
Nordborg_Atwell_Nature_2010_PID_20336072	28_YEL	95	Development	NA
Nordborg_Atwell_Nature_2010_PID_20336072	29_FLC	167	Development	Escape
Nordborg_Atwell_Nature_2010_PID_20336072	3_Leaf_serr_16	176	Development	Avoidance
Nordborg_Atwell_Nature_2010_PID_20336072	30_FT16	193	Reproduction	Escape
Nordborg_Atwell_Nature_2010_PID_20336072	31_FT10	194	Reproduction	Escape
Nordborg_Atwell_Nature_2010_PID_20336072	32_FT_Duration_GH	147	Reproduction	Escape
Nordborg_Atwell_Nature_2010_PID_20336072	33_Se82	93	Ionomics	Tolerance
Nordborg_Atwell_Nature_2010_PID_20336072	34_LDV	168	Reproduction	Escape
Nordborg_Atwell_Nature_2010_PID_20336072	35_Noco2	87	Defense	NA
Nordborg_Atwell_Nature_2010_PID_20336072	36_8W_GH_LN	163	Reproduction	Escape
Nordborg_Atwell_Nature_2010_PID_20336072	37_0W	137	Reproduction	Escape
Nordborg_Atwell_Nature_2010_PID_20336072	38_MT_GH	147	Development	NA
Nordborg_Atwell_Nature_2010_PID_20336072	39_After_Vern_Growth	110	Development	Escape
Nordborg_Atwell_Nature_2010_PID_20336072	4_Seed_bank_133_91	110	Development	Escape
Nordborg_Atwell_Nature_2010_PID_20336072	40_Aphid_number	94	Defense	NA
Nordborg_Atwell_Nature_2010_PID_20336072	41_LN22	176	Reproduction	Escape
Nordborg_Atwell_Nature_2010_PID_20336072	42_Bs_CFU2	175	Defense	NA
Nordborg_Atwell_Nature_2010_PID_20336072	43_avrRpt2	89	Defense	NA
Nordborg_Atwell_Nature_2010_PID_20336072	44_Hypocotyl_length	89	Development	Avoidance
Nordborg_Atwell_Nature_2010_PID_20336072	45_Germ_22	177	Development	Avoidance
Nordborg_Atwell_Nature_2010_PID_20336072	46_Leaf_roll_22	176	Development	Avoidance
Nordborg_Atwell_Nature_2010_PID_20336072	47_SD	162	Reproduction	Escape
Nordborg_Atwell_Nature_2010_PID_20336072	48_8W	155	Reproduction	Escape
Nordborg_Atwell_Nature_2010_PID_20336072	49_FT_GH	166	Reproduction	Escape
Nordborg_Atwell_Nature_2010_PID_20336072	5_Na23	93	Ionomics	Tolerance
Nordborg_Atwell_Nature_2010_PID_20336072	50_DSDS50	109	Development	Escape
Nordborg_Atwell_Nature_2010_PID_20336072	51_Ca43	93	Ionomics	Tolerance
Nordborg_Atwell_Nature_2010_PID_20336072	52_LC_Duration_GH	147	Development	Escape
Nordborg_Atwell_Nature_2010_PID_20336072	53_0W_GH_FT	153	Reproduction	Escape
Nordborg_Atwell_Nature_2010_PID_20336072	54_B11	93	Ionomics	Tolerance
Nordborg_Atwell_Nature_2010_PID_20336072	55_Chlorosis_10	177	Development	NA
Nordborg_Atwell_Nature_2010_PID_20336072	56_RP_GH	147	Development	Escape
Nordborg_Atwell_Nature_2010_PID_20336072	57_Chlorosis_16	176	Development	NA
Nordborg_Atwell_Nature_2010_PID_20336072	58_LFS_GH	148	Development	Escape
Nordborg_Atwell_Nature_2010_PID_20336072	59_Germ_10	177	Development	Avoidance
Nordborg_Atwell_Nature_2010_PID_20336072	6_Leaf_serr_10	174	Development	Avoidance
Nordborg_Atwell_Nature_2010_PID_20336072	60_Germ_16	176	Development	Avoidance
Nordborg_Atwell_Nature_2010_PID_20336072	61_Anthocyanin_16	176	Metabolite	Tolerance
Nordborg_Atwell_Nature_2010_PID_20336072	62_Anthocyanin_10	177	Metabolite	Tolerance
Nordborg_Atwell_Nature_2010_PID_20336072	63_At1_CFU2	175	Defense	NA
Nordborg_Atwell_Nature_2010_PID_20336072	64_Ni60	93	Ionomics	Tolerance
Nordborg_Atwell_Nature_2010_PID_20336072	65_P31	93	Ionomics	Tolerance
Nordborg_Atwell_Nature_2010_PID_20336072	66_Emwa1	85	Defense	NA
Nordborg_Atwell_Nature_2010_PID_20336072	67_As75	93	Defense	NA
Nordborg_Atwell_Nature_2010_PID_20336072	68_Germ_in_dark	93	Development	Avoidance
Nordborg_Atwell_Nature_2010_PID_20336072	69_FRI	164	Reproduction	Escape
Nordborg_Atwell_Nature_2010_PID_20336072	7_Emco5	86	Defense	NA
Nordborg_Atwell_Nature_2010_PID_20336072	70_As_CFU2	175	Defense	NA
Nordborg_Atwell_Nature_2010_PID_20336072	71_Trichome_avg_C	94	Development	Avoidance
Nordborg_Atwell_Nature_2010_PID_20336072	72_Vern_Growth	110	Development	Escape
Nordborg_Atwell_Nature_2010_PID_20336072	73_Mo98	93	Ionomics	Tolerance
Nordborg_Atwell_Nature_2010_PID_20336072	74_Hiks1	84	Defense	NA
Nordborg_Atwell_Nature_2010_PID_20336072	75_Anthocyanin_22	177	Metabolite	Tolerance
Nordborg_Atwell_Nature_2010_PID_20336072	76_Zn66	93	Ionomics	Tolerance
Nordborg_Atwell_Nature_2010_PID_20336072	77_Trichome_avg_JA	94	Development	Avoidance
Nordborg_Atwell_Nature_2010_PID_20336072	78_LES	95	Development	NA
Nordborg_Atwell_Nature_2010_PID_20336072	79_Silique_16	95	Development	Avoidance
Nordborg_Atwell_Nature_2010_PID_20336072	8_Leaf_roll_16	176	Development	Avoidance
Nordborg_Atwell_Nature_2010_PID_20336072	80_Emoy	76	Defense	NA
Nordborg_Atwell_Nature_2010_PID_20336072	81_K39	93	Ionomics	Tolerance
Nordborg_Atwell_Nature_2010_PID_20336072	82_0W_GH_LN	135	Reproduction	Escape
Nordborg_Atwell_Nature_2010_PID_20336072	83_At2	175	Defense	NA
Nordborg_Atwell_Nature_2010_PID_20336072	84_At1	175	Defense	NA
Nordborg_Atwell_Nature_2010_PID_20336072	85_LN10	177	Reproduction	Escape
Nordborg_Atwell_Nature_2010_PID_20336072	86_FT_Field	180	Reproduction	Escape
Nordborg_Atwell_Nature_2010_PID_20336072	87_LN16	176	Reproduction	Escape
Nordborg_Atwell_Nature_2010_PID_20336072	88_avrB	87	Defense	NA
Nordborg_Atwell_Nature_2010_PID_20336072	89_LD	167	Reproduction	Escape
Nordborg_Atwell_Nature_2010_PID_20336072	9_Leaf_roll_10	177	Development	Avoidance
Nordborg_Atwell_Nature_2010_PID_20336072	90_Seedling_Growth	100	Development	Escape
Nordborg_Atwell_Nature_2010_PID_20336072	91_S34	93	Ionomics	Tolerance
Nordborg_Atwell_Nature_2010_PID_20336072	92_Leaf_serr_22	176	Development	Avoidance
Nordborg_Atwell_Nature_2010_PID_20336072	93_DW	95	Development	Avoidance
Nordborg_Atwell_Nature_2010_PID_20336072	94_Seed_Dormancy	83	Development	Escape
Nordborg_Atwell_Nature_2010_PID_20336072	95_Mn55	93	Ionomics	Tolerance
Nordborg_Atwell_Nature_2010_PID_20336072	96_Silique_22	95	Development	Avoidance
Nordborg_Atwell_Nature_2010_PID_20336072	97_avrPphB	90	Defense	NA
Nordborg_Atwell_Nature_2010_PID_20336072	98_Fe56	93	Ionomics	Tolerance
Nordborg_Atwell_Nature_2010_PID_20336072	99_8W_GH_FT	162	Reproduction	Escape
Nordborg_Horton_PlaCelEnv_2016_PID_27487257	freezing_survival	470	Development	Avoidance
Nordborg_Kerdaffrec_Elife_2016_PID_27966430	294_Germination_rate_21C	161	Development	Escape
Nordborg_Kerdaffrec_PlosOne_2017_PID_29281703	315_GR21_warm	92	Development	Escape
Nordborg_Kerdaffrec_PlosOne_2017_PID_29281703	316_GR21_cold	92	Development	Escape
Nordborg_Kerdaffrec_PlosOne_2017_PID_29281703	320_GR63_warm	92	Development	Escape
Nordborg_Kerdaffrec_PlosOne_2017_PID_29281703	325_GR105_cold	92	Development	Escape
Nordborg_Kerdaffrec_PlosOne_2017_PID_29281703	326_GR63_cold	92	Development	Escape
Nordborg_Long_NatGen_2013_PID_23793030	DNA_content_mean	129	Development	Avoidance
Pecinka_Piofczyk_PlaPhyBioc_2015_PID_25656510	BiomassUV	334	Development	Avoidance
Pecinka_Piofczyk_PlaPhyBioc_2015_PID_25656510	LeafareaUV	334	Development	Avoidance
Pecinka_Piofczyk_PlaPhyBioc_2015_PID_25656510	LeaflengthUV	334	Development	Avoidance
Pico_Manzano-Piedras_PlosOne_2014_PID_24498381	Fitness	164	Development	NA
Pico_Manzano-Piedras_PlosOne_2014_PID_24498381	Flowering_time	164	Reproduction	Escape
Pico_Manzano-Piedras_PlosOne_2014_PID_24498381	Fruit_production	164	Development	NA
Pico_Manzano-Piedras_PlosOne_2014_PID_24498381	Germination_10C	164	Development	Avoidance
Pico_Manzano-Piedras_PlosOne_2014_PID_24498381	Germination_22C	164	Development	Avoidance
Pico_Manzano-Piedras_PlosOne_2014_PID_24498381	Germination_30C	164	Development	Escape
Pico_Manzano-Piedras_PlosOne_2014_PID_24498381	Number_of_adults	164	Development	Avoidance
Pico_Manzano-Piedras_PlosOne_2014_PID_24498381	Number_of_rosettes	164	Development	Avoidance
Pico_Manzano-Piedras_PlosOne_2014_PID_24498381	Seed_Weight	164	Development	Escape
Pieterse_Coolen_Planta_2018_PID_30547240	Bc	334	Development	Avoidance
Pieterse_Coolen_Planta_2018_PID_30547240	Dr_plus_Bc_residuals	334	Development	Avoidance
Pieterse_Coolen_Planta_2018_PID_30547240	Dr_plus_Bc	334	Development	Avoidance
Pieterse_Coolen_Planta_2018_PID_30547240	Pr_plus_Bc_residuals	334	Development	Avoidance
Pieterse_Coolen_Planta_2018_PID_30547240	Pr_plus_Bc	334	Development	Avoidance
Pieterse_Proietti_PlaCelEnv_2018_PID_29852537	log2_PDF1_2_MeJA_and_ABA_vs_PDF1_2_MeJA	339	Development	Avoidance
Pieterse_Proietti_PlaCelEnv_2018_PID_29852537	log2_PDF1_2_MeJA_and_SA_vs_PDF1_2_MeJA	339	Development	Avoidance
Pieterse_Proietti_PlaCelEnv_2018_PID_29852537	log2_PDF1_2_vs_PPA2_MeJA_and_ABA	339	Development	Avoidance
Pieterse_Wintermans_PlaMolBio_2016_PID_26830772	delta_Lateral_root_formation	291	Development	Tolerance
Pieterse_Wintermans_PlaMolBio_2016_PID_26830772	delta_Primary_root_length	278	Development	Tolerance
Pieterse_Wintermans_PlaMolBio_2016_PID_26830772	delta_Shoot_fresh_weight	277	Development	Tolerance
Raffaele_Badet_NewPyhtol_2018_PID_30393937	post_S_sclerotiorum_infection	100	Development	NA
Riha_Fulcher_Genetics_2015_PID_25488978	Telomere_Terminal_restriction_fragments	224	Development	NA
Roby_Debieu_MolPlaPath_2016_PID_26212639	Xcc12824	380	Defense	NA
Roby_Debieu_MolPlaPath_2016_PID_26212639	Xcc6943	171	Defense	NA
Roby_Huard-Chauveau_PlosGen_2013_PID_24068949	Xanthomonas_campestris_10dpi	381	Defense	NA
Roby_Huard-Chauveau_PlosGen_2013_PID_24068949	Xanthomonas_campestris_5dpi	381	Defense	NA
Roby_Huard-Chauveau_PlosGen_2013_PID_24068949	Xanthomonas_campestris_7dpi	381	Defense	NA
Rouached_Bouain_PlosGen_2018_PID_29608565	grown_on_zinc_deficiency_mean_Total_length_day001	190	Development	Avoidance
Rouached_Bouain_PlosGen_2018_PID_29608565	grown_on_zinc_deficiency_mean_Total_length_day002	230	Development	Avoidance
Rouached_Bouain_PlosGen_2018_PID_29608565	grown_on_zinc_deficiency_mean_Total_length_day003	230	Development	Avoidance
Rouached_Bouain_PlosGen_2018_PID_29608565	grown_on_zinc_deficiency_mean_Total_length_day004	231	Development	Avoidance
Rouached_Bouain_PlosGen_2018_PID_29608565	grown_on_zinc_deficiency_mean_Total_length_day005	229	Development	Avoidance
Rouached_Bouain_PlosGen_2018_PID_29608565	grown_on_zinc_deficiency_mean_Total_length_day006	231	Development	Avoidance
Rouached_Bouain_PlosGen_2018_PID_29608565	grown_on_zinc_deficiency_mean_Total_length_day007	231	Development	Avoidance
Rouached_Bouain_PlosGen_2018_PID_29608565	mean_Total_length_day001	230	Development	Avoidance
Rouached_Bouain_PlosGen_2018_PID_29608565	mean_Total_length_day002	230	Development	Avoidance
Rouached_Bouain_PlosGen_2018_PID_29608565	mean_Total_length_day003	231	Development	Avoidance
Rouached_Bouain_PlosGen_2018_PID_29608565	mean_Total_length_day004	231	Development	Avoidance
Rouached_Bouain_PlosGen_2018_PID_29608565	mean_Total_length_day005	231	Development	Avoidance
Rouached_Bouain_PlosGen_2018_PID_29608565	mean_Total_length_day006	231	Development	Avoidance
Rouached_Bouain_PlosGen_2018_PID_29608565	mean_Total_length_day007	231	Development	Avoidance
Salt_Baxter_PlosGen_2010_PID_21085628	271_Na23	345	Ionomics	Avoidance
Salt_Baxter_PlosOne_2012_PID_22558123	269_Li7	345	Ionomics	Tolerance
Salt_Baxter_PlosOne_2012_PID_22558123	270_B11	345	Ionomics	Tolerance
Salt_Baxter_PlosOne_2012_PID_22558123	272_Mg25	345	Ionomics	Tolerance
Salt_Baxter_PlosOne_2012_PID_22558123	273_P31	345	Ionomics	Tolerance
Salt_Baxter_PlosOne_2012_PID_22558123	274_S34	345	Ionomics	Tolerance
Salt_Baxter_PlosOne_2012_PID_22558123	276_Ca43	345	Ionomics	Tolerance
Salt_Baxter_PlosOne_2012_PID_22558123	277_Mn55	345	Ionomics	Tolerance
Salt_Baxter_PlosOne_2012_PID_22558123	278_Fe57	345	Ionomics	Tolerance
Salt_Baxter_PlosOne_2012_PID_22558123	279_Co59	345	Ionomics	Tolerance
Salt_Baxter_PlosOne_2012_PID_22558123	280_Ni60	345	Ionomics	Tolerance
Salt_Baxter_PlosOne_2012_PID_22558123	281_Cu65	345	Ionomics	Tolerance
Salt_Baxter_PlosOne_2012_PID_22558123	284_Se82	345	Ionomics	Tolerance
Salt_Baxter_PlosOne_2012_PID_22558123	285_Rb85	345	Ionomics	Tolerance
Salt_Busoms_PNAS_2018_PID_30530653	Sodium	953	Ionomics	Tolerance
Salt_Chao_PlosBio_2014_PID_25464340	283_As75	345	Defense	NA
Salt_Chao_Science_2013_PID_23887874	275_K39	345	Ionomics	Tolerance
Sasidharan_Vashisht_NewPyhtol_2011_PID_21108648	Weib_all_LT50control	81	Development	NA
Sasidharan_Vashisht_NewPyhtol_2011_PID_21108648	Weib_all_LT50submerged	81	Development	NA
Seo_Yano_PlantJ_2013_PID_23464703	germination_3days	116	Development	Escape
Seo_Yano_PlantJ_2013_PID_23464703	germination_7days	116	Development	Escape
Siddique_Anwer_JExpBot_2018_PID_29378065	sex_ratio	132	Defense	NA
Smant_Warmerdam_NewPyhtol_2018_PID_29468687	number_of_egg_masses	328	Defense	NA
Staskawicz_Krasileva_PlosOne_2011_PID_22194907	Cala2_cotyledons	70	Defense	NA
Staskawicz_Krasileva_PlosOne_2011_PID_22194907	Cala2_true_leaves	69	Defense	NA
Staskawicz_Krasileva_PlosOne_2011_PID_22194907	Emco5_cotyledons	79	Defense	NA
Staskawicz_Krasileva_PlosOne_2011_PID_22194907	Emco5_true_leaves	69	Defense	NA
Staskawicz_Krasileva_PlosOne_2011_PID_22194907	Emoy2_cotyledons	79	Defense	NA
Staskawicz_Krasileva_PlosOne_2011_PID_22194907	Emoy2_true_leaves	70	Defense	NA
Staskawicz_Krasileva_PlosOne_2011_PID_22194907	Emwa1_cotyledons	79	Defense	NA
Staskawicz_Krasileva_PlosOne_2011_PID_22194907	Emwa1_true_leaves	78	Defense	NA
Staskawicz_Krasileva_PlosOne_2011_PID_22194907	Maks9_cotyledons	75	Defense	NA
Staskawicz_Krasileva_PlosOne_2011_PID_22194907	Maks9_true_leaves	65	Defense	NA
Stracke_Ishihara_JExpBot_2016_PID_26717955	F3GG7R	77	Metabolite	Tolerance
Taji_Katori_JExpBot_2010_PID_20080827	salt_survival_days	217	Development	Avoidance
Testerink_Julkowska_JExpBot_2016_PID_26873976	ANGc_2013	147	Development	Avoidance
Testerink_Julkowska_JExpBot_2016_PID_26873976	ANGLEr_2013	147	Development	Avoidance
Testerink_Julkowska_JExpBot_2016_PID_26873976	ANGs_2013	147	Development	Avoidance
Testerink_Julkowska_JExpBot_2016_PID_26873976	AREAc_2013	147	Development	Avoidance
Testerink_Julkowska_JExpBot_2016_PID_26873976	AREAr_2013	147	Development	Avoidance
Testerink_Julkowska_JExpBot_2016_PID_26873976	AREAs_2013	147	Development	Avoidance
Testerink_Julkowska_JExpBot_2016_PID_26873976	CHLc_2013	143	Development	Avoidance
Testerink_Julkowska_JExpBot_2016_PID_26873976	CHLr_2013	143	Development	Avoidance
Testerink_Julkowska_JExpBot_2016_PID_26873976	CHLs_2013	144	Development	Avoidance
Testerink_Julkowska_JExpBot_2016_PID_26873976	Dry0_2012	156	Development	Avoidance
Testerink_Julkowska_JExpBot_2016_PID_26873976	Dry500_2012	156	Development	Avoidance
Testerink_Julkowska_JExpBot_2016_PID_26873976	Dry500p0_2012	156	Development	Avoidance
Testerink_Julkowska_JExpBot_2016_PID_26873976	DWc_2013	147	Development	Avoidance
Testerink_Julkowska_JExpBot_2016_PID_26873976	DWr_2013	147	Development	Avoidance
Testerink_Julkowska_JExpBot_2016_PID_26873976	DWs_2013	147	Development	Avoidance
Testerink_Julkowska_JExpBot_2016_PID_26873976	Elc_2013	111	Development	Tolerance
Testerink_Julkowska_JExpBot_2016_PID_26873976	Elr_2013	111	Development	Tolerance
Testerink_Julkowska_JExpBot_2016_PID_26873976	Els_2013	111	Development	Tolerance
Testerink_Julkowska_JExpBot_2016_PID_26873976	Fresh_min_Dry0_2012	156	Development	Avoidance
Testerink_Julkowska_JExpBot_2016_PID_26873976	Fresh_min_Dry500_2012	156	Development	Avoidance
Testerink_Julkowska_JExpBot_2016_PID_26873976	Fresh_per_Dry0_2012	156	Development	Avoidance
Testerink_Julkowska_JExpBot_2016_PID_26873976	Fresh_per_dry500_2012	155	Development	Avoidance
Testerink_Julkowska_JExpBot_2016_PID_26873976	Fresh0_2012	156	Development	Avoidance
Testerink_Julkowska_JExpBot_2016_PID_26873976	Fresh500_2012	156	Development	Avoidance
Testerink_Julkowska_JExpBot_2016_PID_26873976	Fresh500p0_2012	156	Development	Avoidance
Testerink_Julkowska_JExpBot_2016_PID_26873976	FWc_2013	147	Development	Avoidance
Testerink_Julkowska_JExpBot_2016_PID_26873976	FWr_2013	147	Development	Avoidance
Testerink_Julkowska_JExpBot_2016_PID_26873976	FWs_2013	147	Development	Avoidance
Testerink_Julkowska_JExpBot_2016_PID_26873976	Surf0_2012	156	Development	Avoidance
Testerink_Julkowska_JExpBot_2016_PID_26873976	Surf500_2012	156	Development	Avoidance
Testerink_Julkowska_JExpBot_2016_PID_26873976	Surf500p0_2012	156	Development	Avoidance
Testerink_Julkowska_JExpBot_2016_PID_26873976	WC500p0_2012	156	Development	Avoidance
Testerink_Julkowska_JExpBot_2016_PID_26873976	WCc_2013	147	Development	Tolerance
Testerink_Julkowska_JExpBot_2016_PID_26873976	WCr_2013	147	Development	Tolerance
Testerink_Julkowska_JExpBot_2016_PID_26873976	WCs_2013	147	Development	Tolerance
Testerink_Julkowska_PlantCell_2017_PID_29114015	salt_0_mM_NaCl_aLRL_vs_MRL	336	Development	NA
Testerink_Julkowska_PlantCell_2017_PID_29114015	salt_0_mM_NaCl_Apical	336	Development	NA
Testerink_Julkowska_PlantCell_2017_PID_29114015	salt_0_mM_NaCl_Basal	336	Development	NA
Testerink_Julkowska_PlantCell_2017_PID_29114015	salt_0_mM_NaCl_Branched	336	Development	NA
Testerink_Julkowska_PlantCell_2017_PID_29114015	salt_0_mM_NaCl_Depth	336	Development	NA
Testerink_Julkowska_PlantCell_2017_PID_29114015	salt_0_mM_NaCl_LRD_vs_BZ	336	Development	NA
Testerink_Julkowska_PlantCell_2017_PID_29114015	salt_0_mM_NaCl_LRD_vs_MR	336	Development	NA
Testerink_Julkowska_PlantCell_2017_PID_29114015	salt_0_mM_NaCl_LRL_vs_MRL	336	Development	NA
Testerink_Julkowska_PlantCell_2017_PID_29114015	salt_0_mM_NaCl_LRL_vs_noLR	336	Development	NA
Testerink_Julkowska_PlantCell_2017_PID_29114015	salt_0_mM_NaCl_LRL	336	Development	NA
Testerink_Julkowska_PlantCell_2017_PID_29114015	salt_0_mM_NaCl_MRL_vs_TRS	336	Development	NA
Testerink_Julkowska_PlantCell_2017_PID_29114015	salt_0_mM_NaCl_MRL	336	Development	NA
Testerink_Julkowska_PlantCell_2017_PID_29114015	salt_0_mM_NaCl_MRVA	336	Development	NA
Testerink_Julkowska_PlantCell_2017_PID_29114015	salt_0_mM_NaCl_MRVL	336	Development	NA
Testerink_Julkowska_PlantCell_2017_PID_29114015	salt_0_mM_NaCl_noLRpMR	336	Development	NA
Testerink_Julkowska_PlantCell_2017_PID_29114015	salt_0_mM_NaCl_PC1	333	Development	NA
Testerink_Julkowska_PlantCell_2017_PID_29114015	salt_0_mM_NaCl_PC2	333	Development	NA
Testerink_Julkowska_PlantCell_2017_PID_29114015	salt_0_mM_NaCl_PC3	333	Development	NA
Testerink_Julkowska_PlantCell_2017_PID_29114015	salt_0_mM_NaCl_Straightness	336	Development	NA
Testerink_Julkowska_PlantCell_2017_PID_29114015	salt_0_mM_NaCl_TRS	336	Development	NA
Testerink_Julkowska_PlantCell_2017_PID_29114015	salt_125_mM_NaCl_aLRL_vs_MRL	336	Development	NA
Testerink_Julkowska_PlantCell_2017_PID_29114015	salt_125_mM_NaCl_Apical	336	Development	NA
Testerink_Julkowska_PlantCell_2017_PID_29114015	salt_125_mM_NaCl_Basal	336	Development	NA
Testerink_Julkowska_PlantCell_2017_PID_29114015	salt_125_mM_NaCl_Branched	336	Development	NA
Testerink_Julkowska_PlantCell_2017_PID_29114015	salt_125_mM_NaCl_Depth	336	Development	NA
Testerink_Julkowska_PlantCell_2017_PID_29114015	salt_125_mM_NaCl_LRD_vs_BZ	336	Development	NA
Testerink_Julkowska_PlantCell_2017_PID_29114015	salt_125_mM_NaCl_LRD_vs_MR	336	Development	NA
Testerink_Julkowska_PlantCell_2017_PID_29114015	salt_125_mM_NaCl_LRL_vs_MRL	336	Development	NA
Testerink_Julkowska_PlantCell_2017_PID_29114015	salt_125_mM_NaCl_LRL_vs_noLR	336	Development	NA
Testerink_Julkowska_PlantCell_2017_PID_29114015	salt_125_mM_NaCl_LRL	336	Development	NA
Testerink_Julkowska_PlantCell_2017_PID_29114015	salt_125_mM_NaCl_MRL_vs_TRS	336	Development	NA
Testerink_Julkowska_PlantCell_2017_PID_29114015	salt_125_mM_NaCl_MRL	336	Development	NA
Testerink_Julkowska_PlantCell_2017_PID_29114015	salt_125_mM_NaCl_MRVA	336	Development	NA
Testerink_Julkowska_PlantCell_2017_PID_29114015	salt_125_mM_NaCl_MRVL	336	Development	NA
Testerink_Julkowska_PlantCell_2017_PID_29114015	salt_125_mM_NaCl_noLRpMR	336	Development	NA
Testerink_Julkowska_PlantCell_2017_PID_29114015	salt_125_mM_NaCl_PC1	333	Development	NA
Testerink_Julkowska_PlantCell_2017_PID_29114015	salt_125_mM_NaCl_PC2	333	Development	NA
Testerink_Julkowska_PlantCell_2017_PID_29114015	salt_125_mM_NaCl_PC3	333	Development	NA
Testerink_Julkowska_PlantCell_2017_PID_29114015	salt_125_mM_NaCl_Straightness	336	Development	NA
Testerink_Julkowska_PlantCell_2017_PID_29114015	salt_125_mM_NaCl_TRS	336	Development	NA
Testerink_Julkowska_PlantCell_2017_PID_29114015	salt_75_mM_NaCl_aLRL_vs_MRL	336	Development	NA
Testerink_Julkowska_PlantCell_2017_PID_29114015	salt_75_mM_NaCl_Apical	336	Development	NA
Testerink_Julkowska_PlantCell_2017_PID_29114015	salt_75_mM_NaCl_Basal	336	Development	NA
Testerink_Julkowska_PlantCell_2017_PID_29114015	salt_75_mM_NaCl_Branched	336	Development	NA
Testerink_Julkowska_PlantCell_2017_PID_29114015	salt_75_mM_NaCl_Depth	336	Development	NA
Testerink_Julkowska_PlantCell_2017_PID_29114015	salt_75_mM_NaCl_LRD_vs_BZ	336	Development	NA
Testerink_Julkowska_PlantCell_2017_PID_29114015	salt_75_mM_NaCl_LRD_vs_MR	336	Development	NA
Testerink_Julkowska_PlantCell_2017_PID_29114015	salt_75_mM_NaCl_LRL_vs_MRL	336	Development	NA
Testerink_Julkowska_PlantCell_2017_PID_29114015	salt_75_mM_NaCl_LRL_vs_noLR	336	Development	NA
Testerink_Julkowska_PlantCell_2017_PID_29114015	salt_75_mM_NaCl_LRL	336	Development	NA
Testerink_Julkowska_PlantCell_2017_PID_29114015	salt_75_mM_NaCl_MRL_vs_TRS	336	Development	NA
Testerink_Julkowska_PlantCell_2017_PID_29114015	salt_75_mM_NaCl_MRL	336	Development	NA
Testerink_Julkowska_PlantCell_2017_PID_29114015	salt_75_mM_NaCl_MRVA	336	Development	NA
Testerink_Julkowska_PlantCell_2017_PID_29114015	salt_75_mM_NaCl_MRVL	336	Development	NA
Testerink_Julkowska_PlantCell_2017_PID_29114015	salt_75_mM_NaCl_noLRpMR	336	Development	NA
Testerink_Julkowska_PlantCell_2017_PID_29114015	salt_75_mM_NaCl_PC1	333	Development	NA
Testerink_Julkowska_PlantCell_2017_PID_29114015	salt_75_mM_NaCl_PC2	333	Development	NA
Testerink_Julkowska_PlantCell_2017_PID_29114015	salt_75_mM_NaCl_PC3	333	Development	NA
Testerink_Julkowska_PlantCell_2017_PID_29114015	salt_75_mM_NaCl_Straightness	336	Development	NA
Testerink_Julkowska_PlantCell_2017_PID_29114015	salt_75_mM_NaCl_TRS	336	Development	NA
Usadel_Voiniciuc_FronPlaSci_2016_PID_27375657	RR_stained_mucilage_area	175	Metabolite	NA
Vasseur_2018_PNAS_PID_29540570	Fruit_number	420	Development	Avoidance
Vasseur_2018_PNAS_PID_29540570	Growth_rate	420	Development	Escape
Vasseur_2018_PNAS_PID_29540570	RGR	420	Development	Escape
Vasseur_2018_PNAS_PID_29540570	rosette_DM	420	Development	Avoidance
Verslues_Kalladan_PNAS_2017_PID_29073083	ABA_96h_low_water_potential	269	Defense	Avoidance
Vosman_Broekgaarden_PlosOne_2015_PID_26699853	Oviposition_rate_eggs_female	340	Defense	NA
Vosman_Broekgaarden_PlosOne_2015_PID_26699853	Survival	340	Defense	NA
Vreugdenhil_Bac-Molenaar_PlaCelEnv_2016_PID_26138664	A0	318	Development	NA
Vreugdenhil_Bac-Molenaar_PlaCelEnv_2016_PID_26138664	drought_A0	320	Development	NA
Vreugdenhil_Bac-Molenaar_PlaCelEnv_2016_PID_26138664	drought_Fresh_Weight_28	320	Development	Avoidance
Vreugdenhil_Bac-Molenaar_PlaCelEnv_2016_PID_26138664	drought_projected_leaf_area_day_11	320	Development	Avoidance
Vreugdenhil_Bac-Molenaar_PlaCelEnv_2016_PID_26138664	drought_projected_leaf_area_day_14	320	Development	Avoidance
Vreugdenhil_Bac-Molenaar_PlaCelEnv_2016_PID_26138664	drought_projected_leaf_area_day_16	320	Development	Avoidance
Vreugdenhil_Bac-Molenaar_PlaCelEnv_2016_PID_26138664	drought_projected_leaf_area_day_18	320	Development	Avoidance
Vreugdenhil_Bac-Molenaar_PlaCelEnv_2016_PID_26138664	drought_projected_leaf_area_day_20	320	Development	Avoidance
Vreugdenhil_Bac-Molenaar_PlaCelEnv_2016_PID_26138664	drought_projected_leaf_area_day_22	320	Development	Avoidance
Vreugdenhil_Bac-Molenaar_PlaCelEnv_2016_PID_26138664	drought_projected_leaf_area_day_24	320	Development	Avoidance
Vreugdenhil_Bac-Molenaar_PlaCelEnv_2016_PID_26138664	drought_projected_leaf_area_day_25	320	Development	Avoidance
Vreugdenhil_Bac-Molenaar_PlaCelEnv_2016_PID_26138664	drought_projected_leaf_area_day_26	320	Development	Avoidance
Vreugdenhil_Bac-Molenaar_PlaCelEnv_2016_PID_26138664	drought_projected_leaf_area_day_27	320	Development	Avoidance
Vreugdenhil_Bac-Molenaar_PlaCelEnv_2016_PID_26138664	drought_projected_leaf_area_day_28	320	Development	Avoidance
Vreugdenhil_Bac-Molenaar_PlaCelEnv_2016_PID_26138664	drought_projected_leaf_area_day_8	320	Development	Avoidance
Vreugdenhil_Bac-Molenaar_PlaCelEnv_2016_PID_26138664	drought_r	320	Development	Escape
Vreugdenhil_Bac-Molenaar_PlaCelEnv_2016_PID_26138664	drought_Relative_Water_Content_24	320	Development	Avoidance
Vreugdenhil_Bac-Molenaar_PlaCelEnv_2016_PID_26138664	drought_Water_Content_24	320	Development	Avoidance
Vreugdenhil_Bac-Molenaar_PlaCelEnv_2016_PID_26138664	Fresh_Weight_28	319	Development	Avoidance
Vreugdenhil_Bac-Molenaar_PlaCelEnv_2016_PID_26138664	projected_leaf_area_day_11	319	Development	Avoidance
Vreugdenhil_Bac-Molenaar_PlaCelEnv_2016_PID_26138664	projected_leaf_area_day_14	319	Development	Avoidance
Vreugdenhil_Bac-Molenaar_PlaCelEnv_2016_PID_26138664	projected_leaf_area_day_16	319	Development	Avoidance
Vreugdenhil_Bac-Molenaar_PlaCelEnv_2016_PID_26138664	projected_leaf_area_day_18	319	Development	Avoidance
Vreugdenhil_Bac-Molenaar_PlaCelEnv_2016_PID_26138664	projected_leaf_area_day_20	319	Development	Avoidance
Vreugdenhil_Bac-Molenaar_PlaCelEnv_2016_PID_26138664	projected_leaf_area_day_22	319	Development	Avoidance
Vreugdenhil_Bac-Molenaar_PlaCelEnv_2016_PID_26138664	projected_leaf_area_day_24	319	Development	Avoidance
Vreugdenhil_Bac-Molenaar_PlaCelEnv_2016_PID_26138664	projected_leaf_area_day_25	319	Development	Avoidance
Vreugdenhil_Bac-Molenaar_PlaCelEnv_2016_PID_26138664	projected_leaf_area_day_26	319	Development	Avoidance
Vreugdenhil_Bac-Molenaar_PlaCelEnv_2016_PID_26138664	projected_leaf_area_day_27	319	Development	Avoidance
Vreugdenhil_Bac-Molenaar_PlaCelEnv_2016_PID_26138664	projected_leaf_area_day_28	318	Development	Avoidance
Vreugdenhil_Bac-Molenaar_PlaCelEnv_2016_PID_26138664	projected_leaf_area_day_8	318	Development	Avoidance
Vreugdenhil_Bac-Molenaar_PlaCelEnv_2016_PID_26138664	r	318	Development	Escape
Vreugdenhil_Bac-Molenaar_PlaCelEnv_2016_PID_26138664	Relative_Water_Content_24	319	Development	Avoidance
Vreugdenhil_Bac-Molenaar_PlaCelEnv_2016_PID_26138664	Water_Content_24	319	Development	Avoidance
Weigel_Exposito-Alonso_NatEcoEvo_2018_PID_29255303	drought_index	211	Development	Avoidance
Weigel_Exposito-Alonso_NatEcoEvo_2018_PID_29255303	Survival_insitu_Madrid	210	Development	NA
Weigel_Exposito-Alonso_NatEcoEvo_2018_PID_29255303	Survival_insitu_Tubingen	210	Development	NA
Yanagisawa_Sakuraba_NatPlants_2018_PID_30518831	Pi_uptake_under_Pi_deficient_conditions	160	Development	NA
Yanagisawa_Sakuraba_NatPlants_2018_PID_30518831	Pi_uptake_under_Pi_sufficient_conditions	160	Development	NA
Schmitt_Martinez-Berdeja_PNAS_2020_PID_foreditMR	base_perc	559	Development	Escape
Schmitt_Martinez-Berdeja_PNAS_2020_PID_foreditMR	d11_10C_perc	559	Development	Escape
Schmitt_Martinez-Berdeja_PNAS_2020_PID_foreditMR	d11_4C_perc	559	Development	Escape
Schmitt_Martinez-Berdeja_PNAS_2020_PID_foreditMR	d15_10C_perc	559	Development	Escape
Schmitt_Martinez-Berdeja_PNAS_2020_PID_foreditMR	d15_4C_perc	559	Development	Escape
Schmitt_Martinez-Berdeja_PNAS_2020_PID_foreditMR	d22_10C_perc	559	Development	Escape
Schmitt_Martinez-Berdeja_PNAS_2020_PID_foreditMR	d22_4C_perc	559	Development	Escape
Schmitt_Martinez-Berdeja_PNAS_2020_PID_foreditMR	d32_10C_perc	559	Development	Escape
Schmitt_Martinez-Berdeja_PNAS_2020_PID_foreditMR	d32_4C_perc	559	Development	Escape
Schmitt_Martinez-Berdeja_PNAS_2020_PID_foreditMR	d4_10C_perc	559	Development	Escape
Schmitt_Martinez-Berdeja_PNAS_2020_PID_foreditMR	d4_4C_perc	559	Development	Escape
Schmitt_Martinez-Berdeja_PNAS_2020_PID_foreditMR	d8_10C_perc	559	Development	Escape
Schmitt_Martinez-Berdeja_PNAS_2020_PID_foreditMR	d8_4C_perc	559	Development	Escape
Schmitt_Martinez-Berdeja_PNAS_2020_PID_foreditMR	DSDS50	559	Development	Escape
Schmitt_Martinez-Berdeja_PNAS_2020_PID_foreditMR	DTbolt	559	Development	Escape
Schmitt_Martinez-Berdeja_PNAS_2020_PID_foreditMR	DTflower	559	Reproduction	Escape
Schmitt_Martinez-Berdeja_PNAS_2020_PID_foreditMR	DTfruit	559	Development	Escape
Schmitt_Martinez-Berdeja_PNAS_2020_PID_foreditMR	DTgerm	559	Development	Escape
Schmitt_Martinez-Berdeja_PNAS_2020_PID_foreditMR	DTharvest	559	Development	Escape
