"","id","FT16","DSDS10","X116_DTFplantingSummerLocSweden2009","X120_DTFplantingLoc2008","Average_root_width_day001","Relative_root_growth_rate_day001.day002","Relative_root_growth_rate_day004.day005","Root_angle_day001","Root_angle_day003","Root_directional_equivalent_day002","Root_growth_rate_avg","Root_horizontal_index_day001","Root_linearity_day001","Root_linearity_day002","Root_linearity_day003","Root_tortuosity_day003","Root_tortuosity_day004","Root_width_100_day004","Root_width_100_day005","Root_width_40_avg","FT_mlp","FT_tli","FT_tlp","RosetteArea_mild_drought","RosetteArea_well_watered","StomatalIndex_mild_drought","StomatalIndex_well_watered","RGRav","RGRbv","leucine_exp1","rhamnose_1_exp2","Delta_13C","stomata_density","stomatasize","First_leaf_area","Stomatal_density_in_cotyledon","Stomatal_density_in_first_leaf","Stomatal_index_in_first_leaf","X106_Secondary_Dormancy","X29_FLC","X32_FT_Duration_GH","X39_After_Vern_Growth","X45_Germ_22","X59_Germ_10","X6_Leaf_serr_10","X60_Germ_16","X68_Germ_in_dark","X69_FRI","X72_Vern_Growth","X77_Trichome_avg_JA","X90_Seedling_Growth","X92_Leaf_serr_22","X94_Seed_Dormancy","X294_Germination_rate_21C","Germination_10C","Germination_22C","Germination_30C","d8_10C_perc","DTgerm","germination_3days","Growth_rate","RGR","ABA_96h_low_water_potential","drought_index"
"1",159,-0.681586885467094,-0.0399498138235947,-0.0268125438277458,0.0979782071738082,0.0345331192281842,-0.638022490027993,-0.260922358749627,-0.167508343807391,-0.523833219753018,-0.0301590316796212,-0.158481581679048,0.252393820415219,-0.494088741437408,-0.22046098312274,-0.00911454934979288,-0.270331968115078,-0.127693640444823,0.578559740286561,-0.0682306849740092,-0.378174655724243,0.54629963625873,0.00390574793788295,0.32542840005083,-0.687932171544894,-0.197922724210329,1.28763973367908,1.53559667911807,0.211969320111652,-0.0442606092705581,0.572620150528331,0.949620354515607,-0.173475379260045,0.132719546142462,0.109755437483398,-1.10446470655872,2.47490559550965,0.679017493868498,-0.410317143929488,0.463094596055256,-1.61581741570584,-1.11766975496483,-0.0912583067495091,-0.71773591351302,-0.645673639349876,0.592254844016498,-0.199497650483455,-0.865445630095704,-0.898704511646561,-0.848460010172872,-0.309279635891586,-0.538576424387429,-0.00823524198006215,-1.14014277549457,1.03792206076943,0.118834733956203,-0.0126783291672155,0.848345936360452,1.2331626824803,-0.359416964359798,0.30844201333473,-0.497870715809146,0.00914132332743134,-0.223613688269447,-2.54088636905889
"2",265,-1.05043355475407,0.740798043144712,-0.124034409466233,-0.0218607443837893,-0.0260491209092394,-0.125250058896754,-0.286217936824522,-0.760181901246942,-0.316290728576506,-0.195568929924097,-0.226805935363468,-0.0495313696444401,0.0838579624561323,-0.676051165093986,-0.0753573406319017,-0.170481346233069,-0.307299995002687,-0.330531137327188,0.0602712811732404,-0.363812610892636,-1.1180919206594,-0.288535943192425,0.562955951443468,-1.64787014742219,-0.074938487992121,0.567754705659672,0.64367496124408,0.123957508065909,-0.0798241616085366,-0.323956532784945,0.0469657701693774,-0.374239961009278,-0.321298147165511,0.319323204794263,-0.988170803478979,-0.563136930329706,-0.224409866839054,-0.50467368291075,-0.732989161023908,-0.582136986050326,-1.28660001398594,0.0862183783448076,-0.534142869410764,-1.02791654459768,0.338796937527802,-0.466358143987301,0.197908277323158,-1.14287046101837,-0.415163608243067,-0.536561331787942,-0.690961446068766,0.320536046371276,1.18639843163078,0.147697535263622,0.404794120137628,-0.0736573077031933,-0.407745983321892,-1.15364663360551,0.796328133651406,1.11975290814403,-1.57062754653336,-0.196256825529343,0.218116850170457,1.51380972260857
"3",403,-0.778651798437351,-0.279255724660826,0.0191305328833694,0.132898783768053,-0.0864876982921819,-0.42014010143873,-0.0472788098088805,-0.345368862285907,-0.501223816719265,0.0753131177924097,-0.176369309711892,0.281641989463256,-0.506983877095462,-0.13281386183056,-0.142647689965579,-0.168605535989653,-0.273228484060859,0.35270201563274,0.0187021626617533,-0.039642633700957,-1.22211639296679,-0.493681614546335,0.206664624354511,-1.03918808264983,-0.00138465232840071,1.36200072841827,0.71130876841437,0.226349373458867,0.0300811915606947,0.847711144264644,1.1625884619053,-0.458694039139832,-0.0641128948541709,-0.0924978145200484,-0.876552032181339,1.68306451283821,0.614901695207107,0.148550887133383,0.0873581598133543,-1.3357931681033,-1.02613338604235,-0.287348793243538,-0.289352143941092,-0.49865713733149,0.237413774932324,-0.288451148318072,-0.449955342189261,-0.972551407226456,-0.80260286976782,-0.207821086843452,-0.333651037751791,0.106834708942906,-0.981213964381641,1.24590290453245,0.0803296451081525,-0.105644473769425,0.430422183582366,1.63824465581082,-0.359416964359798,0.691318210473383,-0.430769411437799,0.229793892578781,-0.655751741583828,-1.27585575362493
"4",763,-1.37074776755591,0.469795123325431,0.00242520288333993,-0.203069696797418,0.0126136304339025,-0.317955705000612,-0.264463621395014,-0.522938607737963,-0.0273128342501593,-0.209599065023229,-0.2483494683671,0.0597028655828179,-0.0922620081908755,-0.402516348829135,-0.114077098228215,0.194045932862758,-0.13617801531642,0.0343467509258178,-0.0059529771250467,-0.15378155716809,-0.385024164272925,0.475304301870298,0.919247278532426,-1.08268113250017,-0.666617352549938,1.00567952146817,1.20494733350484,-0.190023759109239,-0.0994320918569533,-0.202858859402069,0.412326998411242,-0.238800732868334,-0.179734898065021,0.249182697279598,-0.895836950782502,0.640789919283247,0.265398015259424,0.0208820933504917,-0.743272201963086,-0.756800199956398,-1.14054240268194,-0.629177521924624,-0.71773591351302,-0.439850536524134,0.406385712591455,-0.288451148318072,0.0521539514706479,-0.995991815524588,-0.761009538048812,-0.421465880986027,-0.617840710913496,0.205466095448308,0.424128763515074,-0.110311269003339,0.551013193373802,0.154229275155943,-0.56975608819137,-0.783999901140545,-0.359416964359798,0.632113482012923,-1.47572750694436,0.346840542516396,0.159473430466901,-1.5096487368294
"5",765,-1.46134168619873,0.271029552938741,-0.250990561232565,-0.241247289692448,-0.057834587816304,0.0613696699576666,0.0801951269333769,-0.480211893330531,0.167844945566624,-0.145056172862571,-0.242526200789958,-0.271949877100439,0.120715879510331,-0.758080664512253,-0.184415908661288,-0.167843018124178,-0.303960449750275,-0.0591127024528001,0.0646954685289291,-0.256521971299883,-1.67288910907277,0.288241387384406,-0.102121192455921,-1.15336814888883,-0.262287997295396,0.637957592470046,0.347199502979214,-0.243205560070927,-0.285912603453366,0.260580413749719,0.0792036640752174,-0.12027278588819,-0.011200676955924,0.219312798122997,-0.809931404286411,-0.381086913254936,-0.729264250556027,-0.868741117367142,-0.817394257029504,-0.276974106624795,-0.95973588850311,0.16143753783709,-0.472945188043347,-0.410447236120458,0.440180100123281,-0.555311641821914,-0.148022877180569,-0.874217005663635,-0.221614428260915,-0.149818798050702,-0.15601738985359,0.205466095448308,0.931082239703994,-0.420418105933885,0.0321068208121581,-0.856783621435107,-0.618236395833766,-1.81427586656504,-0.359416964359798,0.184062331695108,-1.42245289175104,-0.0560271776163582,-0.0444179023075325,0.461529861255929
"6",766,-1.26397636328863,0.599834647445076,-0.204654202097272,-0.218068092418,-0.125591376018221,0.101972852517629,0.120664789802578,-0.545208268622106,0.194515208651632,-0.111440627689278,-0.110931141351459,0.0769186799653433,-0.104901555898585,-0.646568661012021,0.291946227335729,-0.156939446990467,-0.316814828010321,-0.303874708191613,0.247860435822593,-0.0473696611141156,-0.754039111411455,-1.40156030664396,-1.33726445969764,-1.01860546676753,-0.0409553953912367,0.331606768548477,0.69387679949012,0.120104619501154,-0.148361801302989,-0.197075964586439,-0.0617887602452117,-0.573972519052977,-0.252986437606131,0.339587950381672,-0.680780888805895,-0.196487176053069,-0.0918944419966546,-0.725515331494144,-0.480955752757296,-0.981318348493805,-1.18426212422035,-0.639392542221804,-0.71773591351302,-0.998513244194003,0.321899743761889,-0.733218637491143,0.0227934168343149,-1.32859775605799,-0.976782759146071,-0.0558150886279696,-0.730825298926164,0.336974610788843,0.578642885430419,0.278268396045635,-0.129623718491471,-0.06579557818426,-0.50665417205827,-0.0483443149780163,-0.083964382667131,0.948251095688944,-1.24803522221721,0.871941170810767,-0.162997346093264,-3.05225295399829
"7",768,0.153171366077111,-0.366387665108003,-0.0458056218113576,-0.31511582079175,-0.00632908200741588,-0.135989551279689,-0.139080574840998,-0.456889295319657,0.0994821685318493,0.0206065799617777,-0.185989856236053,0.140057340146128,-0.270785708758469,0.0869175648264853,-0.06687369763453,-0.410625492253786,-0.242568304116945,-0.0151815811731176,4.7677193388065e-05,-0.287750850014896,-0.507815019230073,0.00390574793788295,0.0879008486581922,-0.221621703134474,-0.259822142893859,0.32207373820908,0.973624512383499,-0.0852769219718967,-0.060395017166617,-0.03007623317108,0.181019372769021,-0.280872405848572,-0.414991241618487,0.589010476450037,-0.565655768671679,0.0845939707581731,-0.106126662351088,-0.0885241445005486,-1.12094685010579,-0.37191769129383,-0.340836757002379,-0.044332533734308,-0.595340550778184,-0.292834034505749,0.440180100123281,-0.288451148318072,0.612034130275983,-0.650085083514124,-0.508776580830504,-0.193820534376237,-0.750556026436857,0.205466095448308,0.123194116546615,0.420788835570468,0.436424924930242,0.504983990211508,-0.25641508896656,0.0776124984340366,-0.168719023187949,-0.414523770458545,-0.566595130172428,0.153277477432819,-0.107143230575143,-0.549461256397084
"8",772,-1.19603092420945,0.794388161978686,-0.456219330168243,-0.155054091657158,0.0150347814855073,0.166790526945713,-0.0447995948920905,-0.62970948504424,0.299768060092847,-0.0948257840266669,-0.210079536961508,-0.0530984034043666,0.145976703144839,-0.562303854494726,0.311435191461772,0.15292513742899,-0.0951684761134307,-0.0520615505019975,-0.00522589209352408,-0.090917393594844,-0.82682339819873,-0.871548711235805,-0.941385199458986,-0.920586275528297,-0.246978971511585,-0.0497381492054804,0.191849558871799,-0.0722663718682285,0.0215046446333896,-0.158872539239692,-0.131123136621489,-0.48590979629045,-0.452590139539357,0.165022074883808,-0.611822695019918,-0.186237301142137,-0.646561596954179,-0.288904966530657,-0.861281038873365,-0.481562347852944,-0.746694484582419,-0.258042647604662,-0.595340550778184,-0.969109943790326,0.423282906357367,-0.64426513965653,0.175411157766249,-1.18592406930472,-0.962386619298989,-0.168364984435845,-0.555855514899702,0.304097481953709,0.808942505237578,0.278111102426065,-0.27185288374338,-0.645320166540527,-0.541122589961973,-0.0559413652060205,0.208439127129703,0.444762144411755,-1.54424517726307,1.1000177614301,-0.183406888913528,-0.887955698474193
"9",801,0.541431017958137,-0.618307546192821,0.0929657584047288,0.0296717375669315,-0.0623266983776689,0.0150494910386591,-0.00361400852092403,-0.153128933316002,-0.0944277531038116,0.0884342393311764,0.337947512303669,-0.0206900315233776,0.357728480599611,0.592961744323957,0.223909774900338,-0.101690412550981,-0.161818654886971,0.233548329444761,-0.0371093591072626,-0.00519166860758378,0.130201747029197,0.306947673595235,0.230417379493774,1.20512204465809,0.434449930341541,-0.446362385168135,-0.541706012131064,-0.282127796361942,-0.100542342049795,-0.300354989907437,-0.248479764879921,0.42777642805881,0.377130252012912,-0.290613244384536,0.653384843510933,-0.0919486508420678,0.849662523988821,0.611878695034222,-0.359924337126756,0.661802960172606,1.11635639984218,-0.385297184360838,0.261426988365671,0.530458376797215,-0.607445913363329,-0.377404646152684,0.349549072164884,1.18344260735931,0.286995766410433,-0.0218137469218739,0.567241746708126,-0.189059450573299,-0.586835062731045,-0.131726575796627,0.128768659960698,0.465725790306897,-0.450824168208107,0.263597546990804,-0.324744611419462,-0.558235608330154,0.785588699300435,-0.670146097870057,-0.245519930896537,0.563855020584144
"10",915,-1.19603092420945,-0.0813419809566053,-0.0314216148569389,0.00939132133502531,0.201066512515507,-0.168919448648395,-0.219595492624708,-0.653544321999795,-0.02818883693699,-0.0220896476330968,-0.19326456821751,0.182859942826487,-0.385824270290165,0.0398436276259962,-0.136255048307758,-0.0817494025213921,-0.193742153643532,-0.351507886211676,-0.227730797204815,-0.227529104481517,0.65725907061262,0.456598015659473,0.32542840005083,-0.883557386741579,0.111310379018174,0.0593810721917975,2.28902375572984,0.147969944001729,-0.00584542096948419,-0.257870922920578,0.237427722075812,-0.409024880773085,-0.477778275511132,0.674617455004782,-1.29848267551588,-0.0469205933975218,0.0105633831419794,-0.478294435453624,-0.969691252819345,-1.2995935382782,-1.03586353242802,-0.466814611672168,-0.534142869410764,-0.998513244194003,0.524666068952846,-0.466358143987301,0.505891225728385,-0.820440586908989,-0.678403363828921,-0.557107597096972,-0.55739330200137,0.254781788701008,0.262256826270426,0.483370490727226,0.838194728469392,0.733131865209715,0.522646808642795,0.132201742039278,-0.2560419861488,-0.244230217767955,-0.572293163914012,0.258338740498253,0.0198721575762972,-0.6138764827713
"11",932,-0.215675303209863,-0.545165096384213,0.138850679902305,0.052966727509536,0.115708641229109,-0.329938809437863,-0.0755508046908028,-0.414445798549672,0.388714446511364,0.00342100945207138,-0.0561375192755374,0.124500605135357,0.311987712828959,0.0262487888167473,-0.0985383287080154,-0.516954892811762,-0.321182506516432,-0.0148745379405041,-0.217777497327263,-0.209778242197539,0.185681468367121,0.126120183481484,1.51306615701402,1.87846226256917,1.36939541150272,0.0417244224428001,0.536889867803455,0.070005280125552,-0.115589368580391,0.0524849224123613,-0.0632580309890559,-0.155695925863748,-0.365035120367528,0.343655872958534,-0.351184098167834,0.168989706965105,0.0606239791150358,0.633861401248492,-0.801525129451128,-0.483754436547907,0.372279069484085,-0.0746766986174567,-0.411747506675928,0.00119896953102261,0.0177502559754544,-0.555311641821914,0.235145488503864,0.224195092882396,-0.569860215306359,-0.25036822031525,-0.236782213498946,-0.00823524198006215,-0.447036571474303,0.228044595938693,0.673357843236342,0.840566490161017,-0.121206994236271,0.164932656861591,-0.251547421878756,-0.588228880131251,-0.242146904713337,0.138838568908012,-0.091495914412941,-0.273321606654222
"12",1552,1.59296757384172,-0.418115948036025,-0.00461534385801829,0.152049066478519,-0.0971949384744194,-0.0161255148301436,0.257173767662544,-0.172915953754549,-0.260184764781147,-0.0348826967515135,0.296094257381255,-0.150829527043229,0.184078437140346,0.280627054483754,0.175021657671161,-0.110066633499385,-0.00412638212801314,0.464836077765667,0.0811070720075989,-0.15031122231078,0.504689847335777,0.370549067663093,0.0879008486581922,0.841039911420875,-0.0307083493357487,-0.388018501184645,0.240435669117544,-0.804250998626073,-0.346997258352619,-0.265076263204182,-0.0991303336198387,0.782612541141676,0.702028566359507,-0.431843568023698,0.269439645905958,0.0764858607540017,1.06548246249784,0.788416735708844,0.235493577501675,0.740456711420349,0.636861942452112,-0.635233005013104,0.506217713835343,0.618668278008244,-0.691931882192895,-0.288451148318072,0.199086502331598,1.11147783673182,0.352866811498462,-0.0914528585445179,0.933192680543932,-0.221936579408433,-1.03419023475262,0.154314553853128,-0.224232389226995,0.183715302130058,-0.0712810371463185,0.215490312463441,-0.190549763928162,-0.359299191810553,0.929686276811315,-0.469492706459975,-0.0280222362419208,0.304574041596313
"13",1890,0.0561064531068545,-0.457465461651073,0.0651491948326458,-0.0213494428645874,-0.0415160569872066,-0.268411435048619,0.168134983813572,-0.155280588684889,0.170144348004681,0.208544434988342,0.110942642108974,-0.0995283429505362,0.107076124518457,0.332980136757538,0.127432101609153,-0.310219262557567,-0.338133494348498,0.0971620923342906,-0.101033593344923,-0.2346184928417,-0.896173043629667,0.475304301870298,0.0285189608100327,1.44245608866647,1.12565921366351,-0.0922101105248555,-0.569595922267752,-0.163214136999102,-0.165616494250722,0.219666573914917,-0.0608491227148877,-0.0953587031759274,-0.228586594074148,0.35125908658444,0.244895204049934,-0.241464239095072,-0.38931952457774,0.0795590091685858,-0.877195611604835,-0.087187491814018,0.58948039657251,-0.501172904688203,-0.228154462573675,-0.0576076312763306,0.186722193634584,-0.377404646152684,0.66840150041796,0.154589605645958,-0.430228837214913,-0.10563523636845,-0.0962622914693082,0.0246418868550717,-0.0975403433324502,0.435022962158618,0.475556379545242,0.513887385422401,-0.391749998410171,0.19411091609332,-0.301629709459238,-0.542315009080282,-0.422153186072717,0.0417650185290389,-0.190414165281818,0.363630635356239
"14",1954,1.03646207410644,-0.667919621133054,0.0109060294549115,-0.0013819513881208,-0.225206690641239,0.156865031472747,0.0814928688920493,0.00637013903407075,-0.182972206498387,0.161045981151748,0.229529833909648,-0.127217812798754,0.139108638086529,0.47254871238513,0.178242217425703,-0.111795190682342,0.0979551588796698,0.111240762054799,-0.152790883947268,-0.0042779378551105,0.54629963625873,0.737192387388307,0.350802121937854,1.30832160750373,-0.184212894410981,0.104626422362502,-0.865539005243043,-0.110848363541551,0.0442447185213608,-0.187509239593814,-0.0574496928848668,0.667272793486402,0.338441854768051,-0.261574122556588,0.514299672993453,0.252824504744075,0.151327831224635,0.483195314810668,-0.178676765235252,0.739632164296555,0.988207247275723,-0.434732212823181,0.506217713835343,0.324635273971473,-0.539857138299677,-0.199497650483455,0.344337190792705,0.956447734577963,0.199518684157845,-0.338371692966319,0.419354660399544,-0.0739894996503299,-0.529444103162488,-0.078220431051153,0.657765189434845,0.856892063476944,-0.0269235118430754,0.30743473986962,-0.232285003578565,-0.636630344815013,0.831552352881854,-0.276229474848998,-0.00516354828323249,0.583955793253621
"15",2317,-0.807771272328428,-0.108588104129107,-0.012905636087441,0.0217755502565793,0.0587533959980873,-0.256892776433811,-0.283204461664353,-0.116559907759761,0.153783671457019,0.0539003566238909,-0.132055531488704,0.161251787480947,-0.607683588671236,-0.227331874869845,-0.0631747160682555,-0.418090941783225,-0.257416932800567,-0.105379914816527,-0.182936258579025,-0.251111083690597,-0.285896142200336,0.157297344625402,-0.149626702734446,-1.1623834122821,-0.0824258594296676,0.909191664038,1.89153783715699,0.0899591608976613,-0.110110259869022,0.0763978309189477,0.139348395608395,-0.366863983099176,-0.316501596727276,0.290694412649679,-1.05479143137391,0.242217669015348,-0.213505578607299,-0.611881650140362,-1.52089658233822,-1.10037490880744,-1.22323142769211,-0.388225783353378,-0.289352143941092,-0.704480240157229,0.541563262718759,-0.64426513965653,0.643696120186913,-0.923019710415531,-0.691841526986357,-0.574199180628378,-0.385741707195083,0.13971183777804,0.318912004306053,0.0411600477555105,0.542490722537606,0.31081180097104,-0.0408863176593288,0.0760326048878367,-0.108491861969366,0.393588789680026,-0.70291775507325,0.694038307898624,0.202333470389447,-0.467104845559295
"16",4958,1.00734260021537,-0.503669761291195,0.153607460376018,0.116176007815925,-0.0503025991691402,0.285290730558189,-0.0489437380317659,-0.152759494055316,-0.123334665176794,0.152249529995229,0.1127490047653,0.178915247005561,0.0921999173403332,0.663924407124047,0.0758085586135576,-0.341250620406957,0.0559848076074347,0.380286112751482,-0.182414305481402,-0.114225558951281,0.712738791950544,0.693544377500108,0.32542840005083,0.900982964443515,-0.187015072667233,0.174934002626667,-0.113871158789494,0.100631612870176,0.229655241126591,-0.115061317911296,-0.0169943303587327,0.411274547667675,0.363696153401474,-0.130561946514392,0.140289130425442,-0.308725856047906,0.423368580486992,-0.0185176800950947,0.191349610595215,0.51694410815586,0.850390105681375,-0.467458678334767,0.261426988365671,0.207022072356764,-0.472268363236024,0.0673628430203868,0.3269950526989,0.787182405671378,-0.29488190694365,0.0225516401170948,0.641560853007168,-0.106866628485464,-0.715596830993833,0.457535883726308,0.494733089577923,0.528173253252318,-0.246429757103455,0.445707374035163,-0.359416964359798,-0.633360936040485,0.33236486229924,-0.301471316821751,-0.0971425545932206,0.167946380103818
"17",5151,-0.0247809742389393,-0.650201839468747,-0.027067034909877,0.392967646495549,-0.0865614336644455,-0.409193599041172,-0.0773137994130514,-0.078035634880783,-0.278217615466193,-0.106304403479361,0.236201741730289,0.45694103559506,0.36807150466006,0.586620314287494,-0.106505951621915,-0.13591812245183,-0.0339027187365432,0.295070025849383,-0.0518549094171412,-0.14259509670162,0.649313223195473,0.684814770284704,0.305305785220533,0.781170502745801,-0.328380105253893,0.327549403377087,0.0905060318269102,0.0602970156519571,0.156157284968959,-0.0247202045835698,0.283717050661346,0.613857779563542,0.082381423363609,-0.103722451819363,0.351838843565474,0.444614452704355,1.1940326916196,0.320015995604718,0.975187938411853,0.444987288425759,0.709909437309662,-0.40526403618892,0.139031625630834,0.559861677200891,-0.16811887544959,0.0673628430203868,-0.260467632233825,0.767854175306237,-0.810293028035995,-0.248186316034645,0.73477231714761,0.287658917536142,-1.21813561798517,1.0952628232205,0.214829839339719,0.341281106019012,-0.189633442651608,0.643918745178833,-0.359416964359798,-0.624974191792785,1.95361027784873,-0.752397386388681,-0.0671405266474262,-0.562344253819422
"18",5165,0.28906224423547,-0.590884050085926,-0.0952648815625564,0.34120485660652,0.0458771259365359,-0.624932864793946,-0.0232241157151369,-0.178479530034631,-0.275222563281603,0.21770253130631,0.118561358226643,0.65752011095685,0.121081380689157,0.303318324233306,-0.134629253399819,-0.301888028507858,-0.116404045715945,0.48683538099106,-0.132245776871308,-0.23317280593577,0.712738791950544,0.671720366008805,0.700145078807283,0.518656942932044,-0.345851963638501,0.387729373498259,0.0441380043184099,0.0398880700118564,-0.0117220856160637,0.528922889974511,0.597289329509532,0.937249259509612,-1.82469828214321,2.13137349587074,-0.134374861772941,1.28388032973981,0.928329174803626,0.25102411763992,0.699802213181195,0.138678087389101,0.88206725913179,-0.56435962675735,0.0778339442634174,0.0306022699347018,-0.16811887544959,0.156316340855003,-0.352851640528175,0.739542774613667,-0.611116252186782,0.134374234498101,0.317245841914366,-0.386322223584101,-1.44917101932526,1.29525049424332,0.26013622877191,0.124559962094422,0.773055812513813,1.63824465581082,-0.359416964359798,-0.362852897000257,0.473778431026227,-0.289980944753859,-0.550370468821867,0.250172921191812
"19",5349,0.894100201620649,-0.664500691408406,0.106072246335499,0.174933744855471,-0.218668325642904,-0.112168225842578,0.0573339906312396,-0.0843826420190223,-0.149982997079157,0.0896255299398819,0.224125255458499,0.0811948761760882,0.39536327082091,0.500223082938484,0.044434581552615,-0.32747917651535,-0.240579989707526,0.10621090607053,0.218922755943222,-0.00448753943824015,0.567104530720207,0.649896354517502,0.410165935988978,0.99149080084969,0.0564448760006206,0.160363834416271,-0.684760833078337,-0.210719229848194,-0.0167713672845919,-0.132043098322483,0.100251542877506,0.542280125866472,0.31247131328792,-0.253478072813923,0.433653649752227,0.0388009972754979,0.823499312939217,0.550158019894146,-0.145864356376886,0.672642738214675,0.788110533095156,-1.15306731346691,0.383822351100507,0.412845175182505,-0.455371169470112,-0.288451148318072,0.553703167460185,1.06299986480623,-0.311957406880903,-0.27036900955413,0.473128195823262,-0.0739894996503299,-0.555932238347976,-0.022108721995183,0.389373975048021,0.916119860887857,-0.22965419370672,0.310500787827164,-0.290072258479125,-0.755181949943521,0.889205699127804,-0.34738733802663,-0.1425197714636,0.334166186199085
"20",5353,-0.458337585635505,0.33548859711613,-0.168584967159131,0.169646291212439,0.16847565360145,-0.476899758107184,-0.388822074033034,-0.320589346808462,-0.0765837337513597,0.00909714892798381,-0.154118699832449,-0.0229714513830839,-0.151586485267276,-0.481635683477863,-0.141371831981129,-0.473973287264844,-0.262776283865471,-0.294867726418514,-0.31037092698542,-0.226764720942176,-0.161066775431476,0.497128313361601,0.622337839291628,-1.59515890118022,0.0207361843121011,0.970384000103839,1.77173568068767,0.371414072676967,0.0776875365035987,-0.104340319113252,0.567295792472669,-0.073413261516954,2.41556040201247,-1.0446607803649,-1.11206179570463,1.11411996367765,0.355110568438828,-1.00926133939838,-0.755093139852931,-1.13967161807313,-1.19578097457083,0.0554369391841273,-0.901328957615273,-0.439850536524134,0.626049231548324,-0.466358143987301,0.169030227900714,-0.741169327689847,-0.904117639202324,-0.571289974920904,-0.899122924923933,0.238343224283442,0.0474086186548026,0.818736398964435,0.441808348088768,0.184545633419823,0.53671941228058,0.626092465875907,3.10781832967381,0.797573995645517,-0.546004633391238,0.322862776019088,-0.21456545761913,-0.353708483489745
"21",5486,-1.42898671533807,-0.582719376842565,-0.00211713786910562,0.1337845869191,0.333981441792911,-0.215452888146338,0.111900399728323,-0.282120360866982,0.0184898212377835,-0.0367866474852929,-0.0461441385370716,-0.0881640012817345,0.273056318376828,0.301132770046626,-0.242725209335918,-0.512829227009116,-0.256291180267811,0.216202046407846,-0.325745387575172,-0.18704397597718,0.54629963625873,0.5407763232498,-2.88119354374978,1.18882348597213,0.712847262818731,-0.217782006952553,-0.40562078981665,-0.193661758248165,-0.187862728387277,-0.405799545245176,0.0943513990885211,-0.00291758041308096,-0.147706056164221,0.464389028144717,0.317944138145248,-0.0928155556852808,-0.350304830969353,0.428069451534877,-0.268966930334514,-0.291614845798499,0.332783108399777,-0.567840544651757,-0.228154462573675,0.177618771953087,0.169824999868672,-0.288451148318072,0.023629619589512,0.316830101983694,-0.468009550296601,-0.247640839964494,0.178442604928108,-0.0904280640678972,-0.0357346945663122,-0.03276296761565,0.69921939048086,0.753335233379258,-0.131409249415142,0.188245016000222,-0.288146016649103,-0.980557933074515,-0.171978465964651,-0.0580040570132765,0.432961304258432,-0.315959390575399
"22",5577,-0.904836185298684,0.193060779466293,-0.0356889683450148,-0.0270918981256191,0.222658257959182,-0.392155695776226,-0.353091739603509,-0.366841317941401,-0.23002142390167,-0.115898061938424,-0.110692175571729,0.0162238892345424,-0.123357378809088,-0.354168537846595,-0.435479942801335,-0.377153989017111,-0.198897809195727,-0.311410504331467,-0.192427930530944,-0.192326396286078,1.4617149925637,0.0824721735932849,0.32542840005083,-1.15125000022351,-0.61257394529204,1.37116140562484,2.34863030021445,0.334761716471518,-0.077866075737092,0.0407762010917895,0.173637371439247,-0.304481133844694,0.105286537344607,0.352384108743852,-1.2061488228194,1.16893894641025,-0.202070237377245,-0.269458726418028,-0.858082633357898,-0.936772692903483,-1.27833980511537,0.107493780974064,-0.656538232145601,-0.528060437735167,0.609152037782411,-0.466358143987301,0.304538394380294,-0.980444403065606,-0.342784432586161,-0.58656330488514,-0.88703898162573,-0.123305192903031,0.555097876376653,0.158849785030629,0.635554241474449,0.0373707446357471,-0.350445851571312,-0.017430741544309,-0.359416964359798,0.691318210473383,-0.720900067491168,0.537260765727892,0.550180111856139,-0.458025129458075
"23",5741,0.551137509255162,-0.430258816821306,0.0500163456743993,0.14398530972041,-0.363481974527446,0.0824235147403118,-0.141053255964935,-0.0372249812610442,-0.0576446920832443,-0.0929156444523682,0.0470368016772588,-0.280952522211717,-0.0184055937876494,0.506162953446972,0.0123650493072421,0.0530170972112199,0.107789746991826,0.292934318359719,0.181591533035339,0.0150020458337874,-1.78384854342666,1.19549653704482,0.202959938919,0.852570747001232,0.0371140079989114,-0.285852505397537,-1.10417777897099,-0.466918555914097,-0.172094987189753,-0.151101988712086,-0.412379251402212,1.01158683077121,0.437729480039373,-0.727962505067471,0.883635083779366,-0.104850234685179,0.531420163874383,1.0500109396587,-0.0515018703242666,0.751055158596917,0.433811913812633,-0.103388512471155,0.139031625630834,0.795088080430309,-0.996081369979329,0.156316340855003,0.656748702855003,1.00942888926821,0.556475006068128,-0.362372640052975,0.834354998669601,-0.0575509352327633,-1.18870435666796,-1.02698115741685,-0.214085621316988,0.227644577081471,0.387630534049635,0.191881090260295,-0.255399905538789,-0.303221723917032,1.28434380914075,-0.849405320293512,-0.281440726260194,0.47213245668302
"24",5768,0.415246631096803,-0.53171083093563,0.260361475691653,-0.218143578459671,-0.108260977831358,0.121446739480322,-0.0229392732033158,0.112100884055263,-0.244146039326201,0.0565915880389134,0.400998307436348,-0.410122611721582,0.469985079623436,0.547022098767685,-0.0241711682123114,-0.024207396878031,-0.0629025894175987,0.297585585769729,-0.285523705298933,-0.0975745995973084,1.04561710333417,0.344360259111294,0.32542840005083,0.55504519875885,-0.272465398953129,0.131968204261113,-1.24316936289121,-0.584527408594713,0.079910297397738,-0.668494795262458,-0.958086456531868,0.802384817864748,0.401941554902494,-0.97447929528338,0.759159700080949,-0.291744720001436,0.543775996968157,1.06015680406529,0.0109397362802179,0.862771238418245,0.563665773914463,-0.211144097890788,0.62861307657018,0.501055076393535,-0.793315044788373,0.334223336524233,0.317881810296629,1.46056562499988,1.31289149190761,0.369838071446726,1.10272249674843,-0.221936579408433,-0.97459193058527,-0.6680167771529,-0.369449326051953,0.217253950514734,-0.0519040165440584,-0.365450290162798,-0.359416964359798,-0.536486932569169,1.09121649219432,-1.31671075393982,0.188386949462274,1.33124586077039
"25",5772,-0.982488115674889,-0.0975688074250074,0.0917852241093251,0.170005277807245,-0.0262483604878441,-0.335959910864895,-0.167211552955588,-0.236798764548038,0.079834573995034,0.0258617081173309,0.162290274656914,0.115680747443482,-0.245018679184948,-0.336677464333044,-0.100855202219195,-0.274515177834073,-0.319433338852983,-0.13643842026578,-0.119065456728116,-0.324301990781541,-0.308290299329632,-0.201239923416027,0.32542840005083,-0.69822307689059,0.272493623784763,1.32501924737828,1.68944339383048,0.00549011865702088,-0.388325245690209,-0.197961091774929,0.419647576013925,-0.200203019570102,0.0453521670859812,0.392906722025273,-0.549292807434329,1.25022402406212,0.217213806547026,-0.634878942795295,-0.341413072791461,-1.21116588697768,-1.09288828838882,-0.425246332005226,-0.71773591351302,-0.792690141368261,0.710535200377889,-0.733218637491143,0.409638223556065,-1.17051914165727,-0.763424340868406,-0.27527829418549,-1.04221138027828,0.238343224283442,-0.0798815865421248,0.395717700136835,0.166277039558325,0.16704614955453,0.705674798878663,0.159822585165701,-0.0126934349564367,-0.128948021413974,-0.506955757250814,3.09793149796844,-0.0277501090043179,-1.38939058703474
"26",5779,-0.283620742289043,-0.660807858349275,0.0112723780381224,0.178528259777147,0.0928637607930108,-0.415136606381523,-0.111557142780076,0.0356989325098861,-0.156643891971974,-0.000849524543849885,0.209107475602572,0.242039352262123,0.600649401354094,0.303468044258984,-0.0481124105491885,-0.206442613706273,-0.140415999715007,0.483818470147142,-0.070270937533131,-0.148326317602655,1.12883668118008,0.562600334741103,1.51306615701402,0.623572474970165,-0.602771202086666,0.322646589182645,-0.0399081978022534,-0.0602754852680251,0.141610814032068,-0.00115932224081217,-0.0387676419872115,0.673587157004945,-0.269136234780478,-0.0202908166516892,0.273530386215297,0.639005115194281,0.907016247805195,0.665482678649028,0.180210317277267,0.485329764775279,0.613100612511586,-0.645525768776582,0.0778339442634174,0.35403857437515,-0.218810456747329,-0.110544152648842,-0.0180473311543131,1.17106299675685,-0.0674516522212113,-0.11690840848491,0.534847250515557,0.00820332243750442,-1.17398872600936,0.693947815375306,0.331986173072246,0.452566723801581,-0.0199453094216792,0.67647108168193,-0.359416964359798,-0.855893955019717,0.713516201596453,-0.394881922433003,-0.287699652725075,-0.0977968564270137
"27",5784,-0.196262320615812,-0.554004704833896,0.0109296808532859,0.260984287108909,-0.39791005915151,-0.400828100121177,0.115844385902693,0.143705140470691,-0.266065471824887,0.209999072877463,0.327032034192659,0.320436662237578,0.236141778569837,0.81491975227438,0.295662320242777,-0.00575490458427802,0.22091751225393,0.388066867682698,-0.192834155616791,0.28837206400288,1.12883668118008,0.824488420259112,0.32542840005083,0.931780549214827,-0.158052483808889,-0.463890637285128,-0.0262108282471142,-0.670293269054646,-0.35841087475693,0.0488964362185328,0.320323023393115,1.16639167559008,0.413258854280481,-0.664311499808372,0.495599145865053,0.607286596813185,0.397984247168263,1.1416619147982,2.14330552814294,0.602274680015787,0.320521309630955,0.487668100146489,0.32262466973309,0.530458376797215,-0.827109432320199,0.334223336524233,-1.53947425878421,1.17333612654092,1.60886209158739,0.774763140855675,1.26074231346222,-0.780847769605708,-1.76482129695232,1.55846512091439,-0.969485496191915,0.0765861435169469,0.0310940841041904,1.57619474764117,-0.359416964359798,-0.0927713025827926,0.618065886997006,-1.49731633857948,-0.47315436515187,-0.166208923602044
"28",5800,-1.37074776755591,-0.162009678472394,0.039264972136245,-0.0276474391469352,0.289790502982692,-0.360717760696695,-0.336781979897481,-0.19438992012948,0.0856575661961136,-0.200207903007548,-0.206369497659269,0.124749292758975,-0.250959906292958,-0.231870292157147,-0.0826481711886352,-0.370448764729643,-0.293961652491537,-0.379944512983136,0.00127601909850419,-0.234464866524349,0.837568158719404,0.475304301870298,1.51306615701402,-1.00349892576142,0.434987396414709,1.34234798932862,1.64502947595392,-0.00318215125248709,-0.167312600632019,0.218872396207493,0.482591298862522,-0.588331303008373,-0.522773244039302,0.843179753515845,-0.8023343151405,0.883574269785484,0.401630811089922,-0.369057295342699,-0.959862003807524,-1.50432255584456,-1.44329031330989,0.24359536713584,-0.778933594880437,-0.704480240157229,0.406385712591455,-0.466358143987301,0.699752414970741,-0.824764835259154,-0.530846341100698,-0.494741499743012,-0.568234027137536,0.336974610788843,0.131287713408847,0.432013776616107,0.611651150219419,0.702644288356628,0.622078179012377,0.184964927832175,-0.21687506893842,-0.212175796956829,-0.650099113547732,0.427762253059956,-0.0653036677936024,-0.698782997077521
"29",5811,-1.0989660112392,0.0977037314233328,0.114156418981779,0.0633138262784141,-0.1074145946552,-0.0757715122206221,-0.198432486287014,-0.35789956027579,0.131782177829109,0.0203443399733216,-0.175691980327332,-0.146059508771617,0.135202031888845,-0.291478691448611,-0.155887147288358,-0.131643881360407,-0.155800661330636,-0.150229098525833,-0.119227106016277,-0.124073525530775,0.54629963625873,0.5407763232498,0.32542840005083,-0.677984294610031,-0.918473120354768,1.67619763532949,2.08570688661363,0.179651936004993,-0.0160840575162982,-0.0752496877579294,0.173731884031155,-0.00637862188257566,-0.160878596189265,0.27663518214304,-0.0712605827145888,-0.0712959178125763,0.179933886066348,-0.0834512122972546,-0.50851353447074,-0.540547633562386,-1.08859061107682,-0.299540774918191,-0.840131276247856,-0.557463738138843,0.693638006611976,-0.377404646152684,0.199279717039604,-0.870426246956674,-0.652754758398691,-0.380918826438117,-0.586233610730116,-0.172620886155732,0.502857387538607,0.012024387876538,0.484069140474139,0.120841997916229,-0.499443747601964,-1.01896310346145,-0.359416964359798,0.482147123007436,-0.714373809590174,0.193851570942579,0.286692914046543,-1.69090745840584
"30",5856,1.43109359344492,-0.470685639762931,-0.681923174473028,-0.593776597313507,-0.193821818883717,-0.185983081532368,0.112199898931884,-0.0728710709128805,0.0361024493959687,0.0719087030800234,0.445061117077774,0.529369777806312,0.541746449178176,0.466778614484064,0.176262256355527,0.0769914806761845,0.371365045275073,0.511204676844541,-0.0281679497303639,-0.165614335270507,0.79595836979645,1.39191260118333,0.651976878959071,0.657062968024028,-0.18115734044056,-0.763184529816839,-0.324783012486042,-0.701073222506638,-0.303257424196964,0.136089055759518,0.494754872533856,1.30160597121568,0.492356345544768,-0.831190834520178,0.142042304843729,0.550835793199243,0.182518343991442,0.676474031756163,1.67366789884912,0.446395051807847,0.281578465034472,0.267738508973411,0.0166362628959979,0.530458376797215,-1.06367014504298,1.13480481703576,-1.25233632858547,1.38104584576061,1.60312882721357,0.204013346120745,0.979460834648806,-0.632900689847606,-1.86635914849669,2.50510374344038,-0.734392186910738,-0.11099901420295,1.21132155594517,1.63824465581082,1.95207323166261,-0.229588952386376,0.98893898624758,-1.0480901090413,-0.583093769143689,0.130683372005734
"31",6008,-1.2154439068035,0.177188558962796,1.59607605638919,0.234793766881442,2.49607638920605,-1.4054034910408,-2.44408868308791,0.10663450920754,-2.19933121260485,-1.59040985920333,-1.77595236196793,-0.475080113142876,-3.15974108078673,-0.405220255754686,3.17955242734726,0.0657628396052834,-0.0873169563309929,-5.15056370176065,-2.46609596703754,-1.49550237319463,-0.369115720046243,0.265793833455892,0.375452691933611,0.160878373372289,1.82553191026036,-0.589867480090693,1.05468374366151,-0.647810997768171,0.874131895319392,0.459605071887909,-0.541634364602261,-1.11371961605515,0.550626715158618,0.00503099572013507,0.454691742771677,0.630744021982483,1.01227095206821,0.00972164250324128,1.27342891561605,-2.76793096760579,-3.36944813515064,1.09532255017198,-1.14611968308495,-2.85092116962567,-0.77641785102246,-0.733218637491143,-1.05990398915805,-3.26672255300138,-0.165091789115057,0.0794629767695415,-1.14765848336887,-5.20282159793121,0.0864050399001042,0.719981666720612,0.0162753438220696,0.149441532417744,1.29587215402846,0.335515341495747,0.119061506216841,0.954079172200058,-0.651821787631918,0.378415687070429,0.489563769679963,-0.824793987572434
"32",6025,1.15646389711613,-0.370158187890742,-0.526622863739677,-0.565594567032139,-0.343990471480957,-0.456760616178728,-0.162165230395347,-0.164446238849156,-0.0232396541685479,-0.014315636519852,-0.0657201327761064,0.555093966941981,0.0671478031432345,0.514548751642782,0.0966420157163523,0.138752247789869,0.162264126185076,0.530688577131676,0.203219868292129,-0.163178350640337,0.851438091134375,0.684814770284704,-0.149626702734446,0.57071915865214,-0.860746674376758,0.00355180644744042,-0.516345106073785,-0.459951641800282,0.247698236630394,0.156722810303824,0.755970424646207,1.07002562628313,0.886275480054885,-0.340984047701659,0.142042304843729,0.616771555685988,0.469924226671237,1.35337228541567,1.18723933829606,0.665081037762322,0.424206082142524,0.365690041240864,-0.0445614184714189,0.0306022699347018,-1.11436172634072,0.512130332193462,-0.88747134382245,1.14310615129299,0.317866519094801,0.760580763031742,1.27503944485846,-0.616462125430039,-1.81264709659279,2.79580043389072,-0.065080930713328,0.102984886611539,0.768257249670109,1.49575968200828,-0.359416964359798,-0.0602904371489028,0.0208451480219912,2.78800838214405,-0.690856155234674,1.89017428292553
"33",6040,0.318181718126547,-0.260727467712977,0.337844563636192,0.240769098720513,5.2104416615912,1.85262396413932,1.14218896761229,1.31260385914736,-0.842707189808005,2.53756480727775,2.81390163161823,-3.08746018027103,-0.702312178561301,2.34571921561574,-1.58400330442688,3.94725666080057,4.50693364691208,2.96456423501363,4.59625617596968,4.43420273274502,1.71137372610142,1.04272848279451,0.48353927438783,0.708636900506962,0.694848342947983,-1.55727450006884,-1.16397388803458,-0.716364743243086,-0.0797946395904284,0.437517544619911,0.724907873649902,3.16608432040106,-1.05374215775284,1.14194639021554,0.516052847411741,0.241452752977219,0.504194846828182,1.45415453852111,1.21857978295102,1.86361055946022,3.40490589694145,0.00801211593838591,-1.14611968308495,3.02973891110978,-0.77641785102246,-0.733218637491143,-1.22858952992371,2.22722669188174,0.156804916451355,-0.619837345164366,0.518189891617137,-1.91510871441783,-0.389645611905746,-1.92802078887966,-0.403088792945541,-0.207932711517778,0.75745632242162,0.534295857830806,-0.359416964359798,-0.0283781645453657,-0.00722628060682719,-0.46446168609147,-0.231097187303543,-0.601544773100267
"34",6042,-1.2154439068035,0.438618909236861,0.610071013886815,0.394891380202532,0.074289892760255,0.0497555820769321,0.232461876776473,0.648857290188549,-0.139858481346831,0.533713075062861,-0.177390308838348,0.376628068298837,-0.44582208033091,-0.305008648346292,1.07498447727596,0.487504315505735,1.12414060756046,-0.30851108743125,0.0733619521710846,0.27901642106826,1.12883668118008,-0.310359954683728,0.180247381583237,-0.767149469063165,-0.277011917590877,-0.504271692550993,-0.0245835846415511,-0.935535103840301,-1.52476444252211,1.02397667699393,0.67193326783811,-0.823808154820637,0.522863116631611,0.024579915949917,0.818767630302726,0.323247774654509,0.849060663924081,0.230394193346525,1.92531524164833,-2.69955388904728,-1.42102495977759,1.24136993388658,-1.14611968308495,-2.85092116962567,-0.77641785102246,-0.733218637491143,-2.03655321577154,-2.6636473041662,-0.0264419218749796,-0.297824638418409,-1.47608300074182,1.37260416909556,-0.233659926924541,2.15164299425026,-0.00245013648640668,-0.169844933497566,1.35360522166616,1.22605598134903,0.796328133651406,0.46388107833236,-0.628744382018376,0.322785979911895,-4.5718667861266,-0.662262045242654
"35",6073,0.861745230759983,-0.625065412467973,0.205178119518617,0.370406062975785,-0.0850101483340238,0.287953941604139,0.101715022695904,-0.0544267680655958,-0.207414644675556,0.254551887779977,0.073067017642597,-0.209155848516361,0.448294650968105,0.596151628183671,-0.120726121748545,-0.0364273407529518,-0.0660012559646894,0.134966094212136,0.120277839692432,-0.17004301150574,0.834975301151368,0.737192387388307,0.429912371430025,1.14273379012469,-0.285896230420521,-0.0268764569897785,-1.11436023147286,-0.367308748784978,0.0060076591959874,-0.219275543509642,-0.395431055735792,2.04067899254025,-0.668264095554768,-1.42821449744862,0.600789610962306,-0.0860333001472006,0.47700493331527,0.841682523843432,-0.0372755616628997,1.07486084738237,0.605669868381679,-0.399676715354475,0.873403802039852,0.795088080430309,-0.759520657256547,0.423176834358845,0.470275044902884,1.17888972059063,0.912723469609273,-0.210002991124057,0.891651353150928,0.0246418868550717,-0.967969896788898,-1.92802078887966,0.0172458194833864,0.598272090925937,-0.0822477981207119,0.182234981671818,-0.301629709459238,-0.618577522451319,0.825919823076108,-1.41758664700151,-0.145717266505441,0.279643830327879
"36",6074,0.44436610498788,0.106287701565268,-3.17491608475133,-5.64392902746073,-2.13902755800882,-0.839028795090525,2.08286011528706,9.69319938660907,0.626818712519051,0.393371895204017,-4.98889678033284,-1.32058042699901,-1.86234073756845,-0.35593544833973,-0.0314185581418545,6.00242676119837,-0.442963305432913,-2.1081784475883,-2.92356612611123,-5.10897430466894,0.718072770753793,0.737192387388307,0.540838697224597,-0.224753003249944,-1.17959068610018,-0.966492303357295,1.94411720498241,-1.30893751793099,-0.965698209735388,0.429206134278359,-1.2550435604028,1.29478431763862,2.41556040201247,-2.63756528068039,1.55626966892902,-0.356966560852593,1.57865667652148,1.18579642496686,-0.110472250166459,0.469924811194157,-5.0956167582405,1.1379435077839,-1.14611968308495,3.02973891110978,0.913301525568846,-0.733218637491143,0.587081333456583,-0.387203919826816,1.58746876657446,1.05204680984925,-1.20271787838183,-0.271252272661133,0.430750797311446,-0.747065483187064,-0.635455299631951,-0.0134236814438622,0.703221128954067,0.173255834402044,0.426489702287821,-0.511326699826068,1.81581345892377,1.64381586781194,0.509837248881424,-1.1558883638198
"37",6085,2.08476313418521,0.183134770081678,-4.51359286632681,-2.02314123806326,-0.25897976720149,1.04147779298273,0.175938914560189,1.30704868872114,0.314353136909525,0.408193896665092,0.61901347922178,0.0426880270032521,-0.225532408567219,0.180142117546171,0.678260598278558,0.644442709860498,0.25759932741406,0.320765315935024,0.0316400420091669,-0.0939580419501996,0.747616061018987,0.5538707275257,0.38994389988308,-0.276361062862692,-0.204725914044935,-0.195603785208761,-0.991270812608192,-3.60687120567186,-0.0194088996491665,-0.365651978343408,-2.25153418717814,1.46228278739615,2.80103846421054,0.738733976618261,0.735199649697685,-1.12856286571488,-0.846626963180273,0.433649676958499,0.223919286356677,0.616714310134907,0.156905084718004,1.38349101079133,1.66897365981629,0.383441874778826,0.0177502559754544,2.73596777805882,1.52795600220051,0.60796964875928,3.21440028789272,0.523480497872663,-0.39916419920234,-0.731532076353007,1.13636528739152,-0.410672153744007,-0.936649226955459,-0.428451867448934,0.590549374586895,-0.971322803979973,-0.359416964359798,-0.633360936040485,1.61270891715453,-0.457669272639542,-0.178304503208462,0.0713865458590122
"38",6090,1.19176593485885,-0.50739354605745,-0.184548897703073,0.229382481143208,-0.0683824775650507,0.138948646061334,-0.0990377785163751,0.0362150667334536,-0.244221281370972,0.0675997351801603,0.129568264178227,-0.179056241706519,-0.0560710058151625,0.407356268277144,0.186978854011162,-0.0985353775399846,-0.0671482153319984,0.181381294667523,-0.0928989864055855,0.148743863087338,0.712738791950544,1.13002451566532,0.440068941389591,0.648172966497388,0.137101718597166,-0.154835561698695,-0.641685382859915,-0.484448253729843,-0.24122298741617,-0.189817949968573,-0.26610318595024,1.09328106100949,1.45186524652596,-2.29452666880107,0.728186952024535,0.4227888484164,0.952793016258634,1.06692071366968,-0.0227559983605273,0.513505143322476,0.853411457248126,-0.299493395903384,0.689810757937596,0.589264977604568,-0.793315044788373,-0.199497650483455,0.744114784489652,0.952935318293539,0.476204805479285,-0.0714520693056386,0.872441880327923,-0.156182321738165,-1.1945906089314,-1.92802078887966,-0.223372346429667,0.0652803662573839,0.354675323629017,0.302763995085502,-0.226506278088509,-0.695692925067885,1.11612378606684,-0.664152924002165,-0.0405400891716833,0.74122841106942
"39",6092,0.589963474443265,-0.305622995628352,-0.250895243170908,0.385672071590479,-0.226355550347653,-0.0343142621889679,-0.0904017465874121,-0.111092641626176,-0.307422907835588,0.0412118722396685,0.265159715293077,0.110966771594836,-0.028044322295379,0.833058293375481,-0.250140215631513,0.14155127853289,0.00454737126855947,0.161168446150821,0.116448599671209,-0.0803532040376011,0.901214216004108,0.955432463018117,0.785864561948986,0.881741446365295,0.00534614622892937,-0.441688711363123,0.510391574272285,-0.855438323407554,-0.181105746768611,-0.0409813917039264,-0.381416515197131,2.83119932003131,-0.668264095554768,0.224716347611989,0.831039851230739,0.116618455554521,0.260299906475746,1.16702657581467,0.871935661906258,0.714051092553489,0.77821617368994,0.186122135432279,0.689810757937596,0.883297981641339,-0.928492594915677,0.245269838689616,0.194324090942733,1.14104840552636,1.09020782790844,-0.0461783447219633,1.10420146808844,-0.271252272661133,-1.09010963125531,-1.37008914849168,-0.967501334974416,0.15730652881451,0.158133234393221,0.718287323968454,-0.359416964359798,-0.672522767231018,1.0683892854666,-1.22718793305476,-0.325389275133162,0.677082700953712
"40",6094,0.71291236433501,-0.336380856909283,2.51846787034302,-0.521974566452818,0.0682128473796256,0.431203875962106,0.277281633682466,1.14962053165943,-0.279424261797532,0.12229682129146,0.0583348227387358,-0.0775653826374238,0.88047236313086,-0.558714368175608,0.125624486853673,0.53298341420152,0.215239032927605,0.133914436821787,-0.731319019811448,0.128762701753085,1.71137372610142,0.649896354517502,0.584966837714171,-0.00599464982615789,0.124332508864549,-0.364790381880685,0.785262871243712,-3.9049631743398,0.836412022543534,-0.313453812123471,-2.06788589427091,0.706943373963952,1.64460427762211,-1.67330261300204,0.829286676812451,-1.23998563526904,-0.25768918806584,0.771506961697868,0.118129448385134,0.57932813688777,0.13165995785152,2.0089644203466,0.934601483407269,0.648071578411924,0.00085306220954098,1.04585131920115,1.47795381499661,0.367766765308388,2.01909142037009,0.391475288896059,0.840580401975375,-0.041112370815196,-0.182891001152356,-0.222748442243443,-0.785360269716897,-0.30426365712282,0.938622062334861,0.299639374676975,-0.116710493777445,-0.837414688033259,1.53643170171111,-0.529226179760138,-0.104489990008509,-0.0673064881692528
"41",6097,0.764680317789726,-0.40946083954047,-0.590529222045369,-0.151910176049816,-0.422848852222117,0.758151131473664,-0.0529603272707584,-0.00170499439252077,-0.0635619835513581,0.168382290627153,0.104903985604199,-0.721188426227055,-0.0390628957353838,0.389241906626669,0.151967859740705,0.250965528063719,-0.0217148341098437,0.285967922998324,-0.38248605868616,0.0228588135017493,0.130201747029197,1.39191260118333,0.613553903253083,0.806524057519581,-0.188835877561611,-0.0725632974797663,-0.052517785567728,-0.665390082627194,-0.682658114555079,-0.657066494757139,-0.466655767908186,-0.477657094252474,0.680909122129814,-2.61885401544116,0.589686172979819,-0.475630535567717,0.503238951431276,1.06675161592957,0.502504870275973,1.14064361913675,0.517846561622338,0.302882089527666,0.934601483407269,0.736281479622953,-0.50606275076785,1.93538629754729,0.355328270381617,1.42475554690009,2.70012974735478,0.344927997576486,1.36234531639715,0.0575190156902056,-0.365364821319049,-1.92802078887966,-0.767942888153887,-0.0727226765800433,0.544916634140001,-1.14173896076465,-0.359416964359798,-0.636772493022601,1.18625026759365,-0.829884930522783,-0.262663946865552,0.45217019382003
"42",6098,1.19176593485885,0.511729874022769,2.23220834187459,-4.39139938236965,0.481652146882199,1.30116715000581,0.0497666112701398,0.768901121480397,0.27348905167574,0.263047236462138,0.516300982214196,0.272816673666123,0.240214128696508,0.545506393703112,0.633520716093624,0.388598578325885,0.244348623537382,0.346525189470013,-0.0677632015612555,-0.0206585938681028,0.0916079171416771,0.659933427386971,0.404539028462624,-0.231413352216517,-1.62929243442311,-0.476794599301728,-0.278749823346028,-1.27516463939697,-2.46251146597546,-0.461149701670859,-1.29004588057874,0.0564288241150799,3.18651652640862,-1.93790393980343,0.835714983012839,-0.486390354504069,0.0344607680654695,0.87533297412528,0.282677025342451,0.615547877618321,0.0291721344593894,0.98455525616201,0.62861307657018,0.118812171145732,-0.083632906620024,1.57957230620883,1.3620882812585,0.622834459562987,3.85154512343107,1.0124088820849,0.0098712405729569,0.18902753103074,1.00245304839823,-1.92802078887966,-0.570636581941521,-0.851061206694272,0.775631002057801,-1.86955021005215,-0.359416964359798,-0.550275308705218,1.07936840397517,-1.06128440290923,0.0583781616971947,-0.12642095647926
"43",6099,1.52825763444994,-0.629627286466854,-0.553983702142439,0.0260344895918231,-0.060726254765318,-0.395615274478625,0.0714108902028939,0.0646709475637347,-0.170065788747944,0.231797237470406,0.183828142846234,0.679440309278112,0.0444239938576657,0.616788402982317,0.246870085947538,0.290565215012967,0.0881510744178258,0.552653366131126,-0.206625625026743,-0.311086483873642,0.555501369171553,0.810514753836786,0.77842862987402,0.890243744697291,-0.5171748420778,-0.282335397954669,0.653364014351115,-0.707620486363416,-0.167155440726924,-0.00784669472618062,0.265245176949619,0.145192553243036,-0.861003126650914,-1.4902275919086,0.24431081257717,0.40550174595468,0.637666167067555,1.45077258371891,2.10876306089053,0.814726285278164,0.303042072647823,0.603155103142421,1.17939220887694,0.265828673164117,-0.877801013617938,2.38015378672037,-1.98739606541349,1.8149087832935,1.79816023719272,0.375292832148239,1.08416906473357,-0.71509351193544,-1.60368514124061,1.9813484989466,-0.333551594653752,0.0705951602884434,1.12111757552444,1.34187591014766,-0.359416964359798,-0.396044503472087,1.36748407533024,-0.868393947925139,-0.337226809968914,-0.214778784361902
"44",6105,0.518782538394497,-0.575329186928121,0.0623837751158923,0.134560798131023,-0.386407461822447,0.0172976878311949,0.0661420623187096,-0.110286706190927,-0.0953519855784035,0.0983316024738362,0.151584020769584,-0.283782517924909,0.181132220959836,0.282690143987048,0.00132907832696873,-0.0818557661379783,-0.192623865563752,0.214557155477486,-0.184975876144753,-0.14082154518661,0.629519214104637,0.671720366008805,0.241498200175721,0.891701673281543,-0.361724512920824,0.170709720533572,-1.02373064640362,-0.577766953342872,-0.182476937648434,-0.102324883017435,-0.305660004966309,3.59427570002281,2.6082994331144,-1.37256638335843,0.556375859032354,0.155884145511823,0.669670961098422,0.684759821021542,0.234443099989545,0.824057745410854,0.474132299851839,-0.243109750659105,0.812206120672433,0.471651775989859,-1.06367014504298,-0.288451148318072,0.550414001558277,1.08465755616,0.470113353817827,-0.267277978489939,0.68950452112226,-0.172620886155732,-0.895127525028806,-0.629239631580255,0.159187286789802,0.375317518813524,0.165902985139622,0.18221695298889,-0.233248124493571,-0.541462119834754,0.956087110303707,-0.912558109229522,-0.131974841006464,0.759541708034687
"45",6106,0.793799791680803,-0.389485102661945,0.559260303817748,0.637222966292555,0.175742397509105,0.49704819017351,-0.104084458518663,0.233883082186847,-0.095214565466513,0.0327537750823223,0.444524383380186,-0.559638615333365,0.125177906714201,0.569146941576221,0.105480156251416,-0.247980699832442,-0.0891882640999533,-0.231572075804297,-0.0624478253870771,-0.100491558680477,0.588514900956427,0.0824721735932849,0.192846082253974,0.724686894020945,0.172415688920999,0.0433185284278547,-0.0511979200411668,-0.558081218983656,-0.268127735884963,-0.285937408587179,-0.549148721391207,-0.528756111435568,2.41556040201247,-3.54087878179027,0.208662932738657,-0.158343362951689,0.579745986719663,0.206382314250937,0.391802051182957,0.934144841890052,0.555782709012053,-0.346862332852654,-0.0445614184714189,1.08912108446708,-0.573651525831503,0.0673628430203868,0.533019346128466,1.04666712908365,0.772259011143133,0.228559769277551,0.921018062946509,-0.0739894996503299,-0.668506812886299,-1.88078257665195,-0.276666963127686,-0.392804893765002,-0.0818054117120137,-0.223252584277315,-0.359416964359798,-0.547361270449661,0.64280488895237,-0.862383773860775,0.0464725950520344,0.603461081991386
"46",6107,1.20147242615588,-0.400603769345969,-0.238640892604483,-0.0564643173586207,-0.247632016192743,0.0850885842402658,0.0697868389273193,0.132724217232634,-0.166656269635072,0.00141652626260548,-0.0374290944302892,-0.313445020849044,-0.0134754566956209,0.415198989297085,0.315502231908183,0.0986933117128247,-0.163290633755334,0.221185885839783,-0.00338557230992682,0.103752820047035,0.10939685256772,0.431656291982099,-0.149626702734446,0.438413265293902,-0.170186411558695,0.109519359816018,0.0379780413172807,-0.568726377608681,-0.329037903177408,0.269452106189096,-0.294368842607507,0.605765596088597,1.25912621542403,-2.41745917321895,0.26067377381452,-0.0915916900242731,0.602050212648251,1.01280943683454,0.671007153197503,1.0645037310713,0.824797233597034,-0.0736083149217061,0.261426988365671,0.383441874778826,-1.2157448889362,-0.199497650483455,0.0498069744302705,1.29546549163058,1.39298754452476,-0.0570878661249888,1.2751578115788,-0.0246738063976295,-0.596400222659138,-0.848290223540034,-0.902085717030307,-0.432092655010481,-0.000847767065596445,-0.667162222776349,-0.359416964359798,-0.0823234093250645,0.812328699219296,-0.353517314155061,-0.292802038430141,0.539215650071143
"47",6108,-0.836890746219505,-0.226018841481874,0.200062763526052,0.444502330856624,0.178930620986589,-0.447424096936525,-0.0703546566899264,-0.184548279700777,0.0826102098988986,0.00372659570311054,-0.0662221189111251,0.311342483218985,0.290395282339963,-0.18034534124578,-0.27761231357975,-0.298512323553033,-0.0152499007490549,0.324903809527258,-0.00310673433852085,-0.227319536514274,0.260033955440303,0.562600334741103,0.254293847156791,0.495654756833709,0.512361435008715,0.66572308655428,0.731289229365402,0.0734136330886369,0.166809819401247,-0.0547827200744276,0.196720361859233,0.234806702226412,0.873648153231741,0.33348476930265,-0.227877497414944,0.71294699888011,0.636037604539437,-0.177131360318079,0.2500008783132,-0.809993544893825,0.237303947079645,-0.481872369336304,-0.534142869410764,0.148215471549408,0.136030612336846,-0.555311641821914,-0.236163596415757,0.343388608134321,-0.99370880328438,0.31474498836145,0.0862756106884295,-0.353445094748967,-1.24830266083531,1.18081881917551,0.110867727486628,0.340408221338059,0.248875547053334,1.19297911238936,-0.359416964359798,-0.547716640968632,0.157061781161393,0.199138991148027,-0.348452058520059,-0.206626170417221
"48",6109,0.958810143730239,-0.432462949636015,-4.55599744447727,-6.68220819349118,-0.458999763871731,-0.152047502540117,0.00291252467698068,0.529133952126848,-0.0495690420186187,-0.063882859864728,0.75126156540192,0.462148661220576,0.288182894612904,0.541429382041783,-0.227577592235694,0.275665111212182,0.0160740782169859,-0.0175477090112535,-0.382263973948925,-0.308622485100996,0.853203752565863,1.05145809000992,1.51306615701402,0.565788486770618,-0.0848836893973871,-0.48885014927299,0.399486551594061,-0.449875262757475,1.39856126752085,-0.425593820555615,0.0822826659394668,1.26383981115064,-0.0900470022605499,-0.703806988733394,0.717083514042048,-0.343504038581518,-0.149035744613709,1.21758680010751,2.27174581884447,0.787838004680303,0.234388011031832,0.887847357592586,0.445020032467924,-0.028204330872654,-0.624343107129242,1.40166531053961,-1.09632132824126,1.16711981243754,1.81108611315682,0.280016345228487,1.21718924195486,0.0903961445253395,-1.10041057271634,-0.379030532274037,-0.970059308226534,0.025103160955104,0.764552434394833,0.329475392502241,-0.151382846717781,-0.355816560724644,1.36279095457478,-0.969167264925864,-0.314368122010219,0.553634865047803
"49",6111,0.751738329523112,-0.380161888317931,-0.680510935353959,0.0202559752099852,-0.103059890907746,0.632110098446721,0.111059502022571,0.142814130119869,0.295168070543044,0.247566214906874,0.0463281951294628,-0.631941090170808,0.0275100644518908,0.423633940888531,-0.187032257748532,-0.0308840967359601,0.039370473864166,0.12460738650786,-0.57907160097872,-0.290077661131522,0.270352432528833,0.737192387388307,0.501642063534596,0.301934413775984,-0.32091072025059,-0.204011854756964,0.308781672182703,-0.842372732589984,-0.635613983428671,-0.267652518232331,-0.360734145895493,1.12762881043608,2.03008233982018,-0.670163521064489,0.59669887065297,-0.0795060166218314,0.153416639684615,0.762544781472046,0.653826277592731,0.839683918952019,0.342946256379181,-0.310705338730351,1.05699684614211,0.795088080430309,-0.303296425576894,1.84643279971268,0.559578157187481,1.0664758314877,2.72126610248193,0.469660192284406,0.928315873639832,-0.041112370815196,-0.00556765171617301,-1.92802078887966,-0.677280865784703,-0.298807356290323,0.792515352640842,-1.69097156238683,-0.359416964359798,-0.531724967614966,0.972346794158963,-1.00081356611702,-0.193203469467255,0.321109084854719
"50",6112,0.0949324182949571,-0.576331866466552,2.80472739881145,10.063334389076,-0.333324638139402,0.399386304496474,-0.14285124943729,0.775908050152467,-0.0961477911007339,0.14366793297239,0.153547369400364,0.860809941749195,0.292636719416507,0.500087510999966,0.953753015705594,0.105962210030015,0.0230854410145478,0.174474891782181,0.294334748648199,0.0588795340642157,0.629519214104637,0.972891664354516,-0.149626702734446,0.0349203712386253,-0.533440960110442,-0.028935757472336,0.559651790333946,0.254782648389605,-0.577150759444856,-0.26165930661137,-0.683278109487354,-0.42819219269084,-1.05374215775284,1.0386518516429,0.88012873494279,-0.408011957797088,-0.247032724566625,0.366348776394802,1.17514433051446,0.501720152723863,0.457413230555087,0.543133875139845,0.934601483407269,0.0306022699347018,-0.387782394406459,0.690037327862691,0.396505104500657,0.594055841232582,1.51974162280241,0.252560716364207,0.197591056398394,0.205466095448308,-0.919408315615503,-1.65217721384599,-0.578798353263693,-0.0144891645627323,0.933829601916295,0.921889165929098,-0.359416964359798,-0.511610996241244,1.26728011830532,-0.793846539308005,-0.172521799409387,-0.200129375860253
"51",6114,0.687028387413521,-0.138138391789468,0.210786388973913,-0.230461854630077,-0.278743283581549,0.45416614598626,0.0886702437037437,-0.0389416291462294,-0.0679048397043418,0.207668596792175,-0.0373716131418193,-0.592461505737099,0.0115498308903148,0.717335470268516,0.0849652971498213,-0.108004654753398,-0.0852764307763199,0.064648431495127,0.113513804643096,0.0235199596970815,0.471945255140743,1.03181648359607,0.343454609533562,0.744946396768845,-0.409700872298927,-0.21757064469679,0.0261417707361633,-0.863694154676374,-0.298087252820023,-0.230516888807995,-0.395548545183254,0.872399117346638,0.488170091033669,0.237082595187587,-0.0058087377651878,0.366644011217712,0.153027200819195,1.20169161253719,0.445885950628204,0.894787799907993,0.449445749241095,-0.387190905259272,0.200229306998254,0.501055076393535,-0.675034688426981,0.245269838689616,0.375347861860758,1.04252512874825,1.60717097328773,0.00400545373195146,1.10638941442209,-0.419199352419235,-0.46763845439635,-1.92802078887966,-1.24408733422535,-0.646546373074786,0.36806575524785,-1.35167213161883,-0.359416964359798,-0.467758274200304,1.22888025295999,-1.07482628264323,-0.0482957154433828,0.542324478407259
"52",6115,0.017280487918752,-0.536071277787826,-0.104012807358157,0.0514444164400243,0.0316671399578966,-0.111950304430983,0.256352880440624,0.0247311912164219,0.218280424456882,0.0105464785442985,0.290277527614446,0.0334309355533995,0.0608538661679813,0.393765557604922,-0.0312013134650563,0.026846479008324,0.18184846353838,0.276852396013713,0.0730156219498645,0.0856202460702281,0.629519214104637,0.824488420259112,0.500717642730373,0.945796184072956,-0.074112453112243,-0.367029439048046,0.359861353876271,-0.692075119107543,-0.0992351083005615,0.0473358188250902,-0.224368632278709,0.83851750493596,2.99377749530669,-0.853947782827707,0.0584743242386888,0.211825005100343,0.692718661224632,0.990319437399943,0.64187191468051,0.664960372329572,0.799965369163366,-0.895677281739345,0.873403802039852,0.559861677200891,-0.844006626086112,-0.110544152648842,0.143993311877312,1.4730545844112,0.566962062546321,0.272197854889652,1.10681827935085,-0.123305192903031,-1.29392111587698,-0.0501192277128312,-0.346564527374994,0.156822630966398,0.376214220112685,0.203998703059238,-0.255399905538789,-0.316370433118935,1.0356059381024,-0.837275827696793,-0.229056233021518,0.338900933728215
"53",6122,0.609376457037316,-0.525461483731098,0.130775056873942,-0.438611446842283,-0.0224221556764298,0.221713926941516,-0.135708238053813,0.114019844687565,-0.31512728164331,0.0704669655566487,0.184025402023059,-0.310919432494458,0.154814394567726,0.525984602052461,0.0174557824301066,-0.0265321171295138,-0.166683048880964,0.225723390360101,0.0197879034802012,-0.190965313019808,1.3784954147178,0.671720366008805,-2.76242976805347,1.07713880267826,-0.026845190617589,-0.48847187009562,-0.829658150868046,-0.517690829082697,-0.320572699175493,-0.113381568546774,0.0710059710384797,1.17506426531,0.488170091033669,-0.315379515252234,0.366448630384536,0.101320134791934,0.348065265328051,1.07030266847188,-0.23977024130672,0.654542923302129,0.86806799422012,-0.084347514650664,-0.289352143941092,0.501055076393535,-0.725726269724721,-0.466358143987301,0.390601700440156,0.839968057945798,0.446300533628087,-0.0745431003698283,0.850904528671626,0.13971183777804,-0.633925080838579,-1.32290378151406,-0.141780654331739,0.0078922375722496,0.150008149967721,0.0461375447979451,-0.164866539527916,-0.789439667972262,0.838366489034124,-0.920187932299349,-0.0302672859521499,0.79292264491844
"54",6125,0.997636108918342,0.14705973800731,0.223033169566141,0.00104841598663755,0.0622489016798548,0.567301574487682,-0.00938223193914541,0.0542079840595916,0.447814357419861,0.285625181795818,0.25035283157183,-0.810220835630717,0.22352155560666,0.0909237472816864,-0.281731985962117,0.409950539860368,-0.0901641570371262,0.0589103370591715,-0.36266948424531,-0.357823960792436,0.258798874136381,0.475304301870298,0.681719727139787,0.436078401184325,-0.873399919721594,-0.035404035103157,-0.120607787869674,-0.761548988409963,-0.649168405927408,-0.52348934642082,-0.915313048616613,3.84886389702447,-0.668264095554768,0.233409092231306,0.478067401682177,-0.666655567489871,-0.280772291725271,0.146859909732283,0.240515142667693,0.827898928353406,0.411544040387449,0.048388852647335,0.200229306998254,0.589264977604568,0.00085306220954098,0.423176834358845,0.590560760943061,0.501251838517599,2.40013509552323,0.743671004857054,0.655579344732553,-0.205498014990865,0.494028009143445,-1.92802078887966,-0.639043224403587,-0.521416516307715,0.28851760638375,-2.05496586884412,-0.359416964359798,-0.457665751461546,0.85690445939418,-1.24062875633554,-0.128845377774023,0.508938120548165
"55",6126,0.570550491849214,-0.660732368909085,-0.485306211746503,-0.500066142332298,-0.214110273127788,-0.19137967383853,-0.126879922682927,0.0997704284195308,-0.264514477248729,0.242427401164776,0.152924918983226,0.0931369581130052,0.0987597226386575,0.690427476100612,-0.16214740207228,0.186790405242189,0.245345554387105,0.567868069234505,-0.168506106364938,0.249869379697031,0.719265134346993,1.04272848279451,1.51306615701402,0.818986213818383,-0.145107498322814,-0.506258892824808,0.21526521345504,-0.702995972210039,-0.21180926554867,-0.21877459794345,0.077758428552546,1.92664786570846,-1.05374215775284,0.902041187248948,0.428394126497364,0.0336505626187636,0.0855126629686857,1.03783590237079,2.46867990322673,0.618162295327911,0.231951274613943,0.276168701577472,1.60777597844887,0.207022072356764,-0.641240300895155,1.75747930187806,-1.44590563432479,1.72523613283208,1.9267450464752,0.06273504395157,1.21062074670609,-0.452076481254369,-1.42562601027149,-0.988202953893898,-1.20966482322885,0.281850391533322,1.09951715304581,0.0207163718737279,-0.359416964359798,-0.271380525417289,1.12627241837131,-0.977979448108292,-0.195448519177484,-0.0266516188170883
"56",6128,1.50237365636368,-0.409852356015557,-0.65688602552798,0.0669535938109665,-0.195703435801398,0.650016754176383,-0.103833866166691,-0.156126619544359,-0.140748988715584,0.100425248263789,0.099890756300873,-0.629029999782596,0.0896231363092552,0.435180480915373,-0.125754957106849,0.206555712507381,-0.0449793136745491,0.0798374472271752,-0.23739435714656,-0.175111989122479,0.595292343028328,0.737192387388307,1.51306615701402,0.532286943044699,-0.278315915941926,-0.29282054611909,0.228070566510014,-0.96448380715727,-0.563712910770935,-0.388514167320655,-0.720421594157131,1.19513029607857,2.03008233982018,-2.05982464091805,0.850909161304664,-0.0345799479823691,0.128315534631646,0.726019669608331,0.732775780069133,0.902631053036763,0.415962672557842,-0.418683291404542,0.56741539520276,0.589264977604568,-0.691931882192895,1.75747930187806,0.0208972679842182,1.54666290077177,2.55202785631031,0.412930680988676,1.38915991226814,-0.66577781868274,-0.262355406708819,-1.92802078887966,-0.643616867646752,-0.144651330153025,0.969665752986472,-0.887571737341748,-0.359416964359798,-0.856107177331099,0.967955448675878,-1.059228327116,-0.0218313415864413,0.395408940707916
"57",6131,2.43419682087814,0.0116783296884167,-0.830279210725106,0.00781581387512831,0.0117810212314487,0.606521363479794,0.100429120221243,0.107216837027867,0.458512320115141,0.150551108933926,0.178378889620234,-0.698982030394367,-0.182965133384629,0.425105935129338,-0.153304344813305,0.253035655015788,0.000373385921718366,0.101599954541804,-0.226620026685812,-0.107301741793546,0.133971725820547,1.39191260118333,0.489809029480193,0.103871876452901,-0.695218739940006,-0.307580347755217,-0.946864867073742,-0.907873409663817,-0.665703803467993,-0.32350690528042,-0.77117942233958,1.68348823224927,0.873648153231741,0.301568939162689,0.483911316409803,-0.453345981656883,0.00383671183018301,0.86146695943628,0.098608727744893,0.848432162826417,0.292182594268406,0.0906196532340237,1.11819452750952,0.559861677200891,-0.11742729415185,1.57957230620883,0.751263101290792,0.826292829638419,2.85801767601097,0.670577211456786,0.749057440325844,-0.172620886155732,0.319647785838983,-1.92802078887966,-0.942361071346422,-0.869055405324962,0.414065104115339,-2.07619121668962,0.796328133651406,-0.657099686707705,0.969406199680346,-1.28430890338735,-0.00904136141907595,0.547392783578334
"58",6132,1.0947010218886,-0.649599586302066,0.0858660004702377,0.192689987392378,-0.0744639574585896,-0.21315371174026,-0.0238984857950345,0.251217429790948,-0.17540923163577,0.258876804877209,0.231190611430489,0.529952945406896,0.127852981766439,0.815415923528953,0.0188327847662973,0.0184210273687649,0.190977955608367,0.455775703446489,-0.276721612298036,-0.0699403926119198,0.812594402143625,0.999080472906316,1.51306615701402,1.15743554097199,-0.447897943865597,-0.206447459068706,0.845350413702093,-0.608747568402729,-0.214621201647811,-0.0601835459403958,0.471288199641086,1.91254091213682,-1.05374215775284,0.698434558048373,0.433653649752227,0.286378821616678,0.618123416730124,1.24971537072836,1.76913345480643,0.587372499071124,0.565714446828365,0.321943504824152,0.62861307657018,0.559861677200891,-0.539857138299677,0.601083830028074,-1.52009551807227,1.15494895865198,0.633021682493502,0.15382954766683,0.757471770227943,-0.452076481254369,-1.78395161680851,-1.80532413376178,-0.437512785814354,0.152790099486555,0.838030891009902,0.576066148114797,-0.359416964359798,-0.129374466036738,1.06409897485467,-1.07761492621934,-0.208782753820056,0.331757211884134
"59",6133,0.677321896116496,-0.236905385891498,-0.383075605886498,-0.386791550340602,-0.046212055145189,0.235549419802546,-0.0553390562915089,-0.0447615266010269,-0.0862867405971002,0.266353857937777,0.276606999028032,-0.132902376871781,0.19988421884269,0.477334203159526,-0.199317579530539,-0.0535275816295782,0.215128377483067,0.292796573067266,-0.297369193465594,-0.345903840838931,0.654165012214522,1.26096855842432,0.557480443352962,0.7792341802692,-0.195778945615077,-0.00239399158852554,-0.960435564970962,-0.641617002629383,-0.370082342217199,-0.288733468766476,-0.443667290080086,3.71189785097284,1.64460427762211,-0.921161975532721,0.535337766012905,-0.182106754536238,0.324203283937818,0.757302751528643,0.727508651135319,0.885939001506304,0.66606918089501,0.16002375850578,-0.105759099838838,0.736281479622953,-0.33709081310872,1.31271181270499,-0.366251002621112,1.44831855840815,1.68330828075033,0.220741278938717,0.799527000338455,-0.139743757320598,-1.00990944416592,-1.92802078887966,-0.26009603433175,0.0794913990160793,0.822817038989149,0.0298085075897818,-0.359416964359798,-0.455320306036341,1.07447191453901,-1.10643830749819,-0.310966531540175,0.225953789541123
"60",6134,1.01057809602018,-0.6268776386775,-0.0719590811362677,0.2888242717359,-0.118057466790184,-0.0923797491925941,-0.0570888675946733,-0.010780451290378,0.0200663812529786,-0.0982410693133338,0.310031720009449,-0.0515841827013506,0.185140500379891,0.506674492429529,-0.116265696140915,0.113883612457147,-0.083334216470366,0.226255439753036,-0.188694903875862,-0.288695064070629,0.879177947642357,0.999080472906316,0.496288870277107,0.755375996060394,-0.260178940049286,0.076676233222994,-0.63325418817416,-0.777784660790309,-0.219011878064434,-0.314149360723261,-0.641276864474657,1.73833732626799,2.99377749530669,-2.35200233779112,0.594945696234682,-0.28690025175995,0.348773335992487,0.946692220451615,0.367922285535173,0.6920095401711,0.70760961507175,-0.149666292386067,0.812206120672433,0.736281479622953,-0.793315044788373,0.156316340855003,0.223710960086036,1.3440660667661,0.867757913261311,0.29601697661959,1.34177744454553,-0.156182321738165,-1.23800171937429,-1.12937484562411,-0.164262891391041,0.461864407200259,0.598253293079788,0.102511431892074,-0.251547421878756,-0.709978819930492,1.22426789303337,-1.05581567426275,-0.170276749699158,0.275750773518667
"61",6136,0.395833648502752,-0.299107191011643,0.240330013533152,0.0921452718614278,-0.239945470844326,-0.0464016105189043,0.03688767950976,0.146558233491483,0.0702999723308099,0.183146703642429,0.144578474709363,0.2428668910079,0.480650171777208,0.596297995861533,0.0354701987008297,-0.119411358672857,-0.0772040003617637,0.308867788632222,0.125202772406664,0.123048501611956,0.712738791950544,1.13002451566532,0.32542840005083,0.870302936413888,0.0586502138481757,0.356722333042923,-0.473482251644874,-0.428871465498565,-0.253219146550185,0.306566372747316,-0.10973047262834,0.617922334797783,2.6082994331144,-2.6461350329109,0.0684089792756534,-0.149674314519557,0.834863847102867,0.774212525539625,0.116576559514209,0.779994751551533,0.524107235490225,-0.0739915352403725,-0.166956781206255,0.324635273971473,-0.404679588172372,-0.288451148318072,0.19627152532015,0.891981641357697,-0.19648365882688,0.0143694990648257,0.845001386726627,0.00820332243750442,-0.598607567257928,-1.77056008146973,-0.165910176678782,-0.348153785045283,0.302628674092237,0.227643413626878,-0.359416964359798,-0.541319971627165,0.908780790924661,-0.705305377752232,-0.325389275133162,0.326576174437733
"62",6137,0.522018035364085,-0.343637279257215,0.288816894195403,0.362903474082811,-0.318318700456518,0.216027491462186,-0.0468510049789221,-0.00139952072026805,0.0215053316874436,0.182865707951755,0.116449364716697,-0.192260533430207,0.0441740587644974,0.532763477336746,-0.383884755397593,0.11763716750724,0.23036759454084,0.22312547620341,0.0538698913548007,-0.07912717517821,1.03253921457296,0.737192387388307,0.681719727139787,0.578343774832038,0.0349577295928051,0.11927165380391,0.171194106289064,-0.514230439875926,-0.185493063243077,-0.351256082720348,-0.664025509643388,1.96671139932057,0.488170091033669,-0.564523032584126,0.474561052845604,0.0910702598810023,0.414376083049117,0.509236366787575,0.591577385680528,0.826511275876777,0.541586892455506,-0.408183997018526,0.56741539520276,0.442248475586182,-0.472268363236024,-0.110544152648842,0.00418480245340964,0.962004642227945,0.865420407678167,-0.105453411011733,0.647879136203224,-0.172620886155732,-1.00990944416592,-1.92802078887966,-0.0206656877134179,-0.123465383797164,0.337404414325426,-0.0653800327149117,-0.359416964359798,-0.56235790635021,1.1673483566049,-0.898476583430498,0.0743656369064011,0.239923208893686
"63",6138,0.638495930928393,-0.505574577000004,-0.147559815480118,0.0151897115264015,-0.0300162854041254,-0.396743593081341,0.0162001028438067,0.146598392232252,-0.0445240549950213,0.0276510285355958,0.123224750782713,0.333101149770199,0.488930581869426,0.746033926647182,-0.120961914254945,-0.146179924018432,-0.110623721346887,0.545236342473174,-0.0633906277536481,-0.0490735711472914,1.66976393717847,0.815758813043709,0.566031436565558,0.677382955799058,-0.235389011945139,-0.197618640357162,-0.419911655950851,-0.539906144620901,-0.155441254507303,0.372700551665059,0.491891250292898,2.40887493532461,0.488170091033669,-0.375792271790668,0.558129033450642,0.833701744099455,0.557760392590053,0.970704099547204,1.33724697787001,0.481448360021811,0.545630060586326,0.296676878281899,0.689810757937596,0.207022072356764,-0.77641785102246,-0.110544152648842,-1.05612324426059,1.17666298121032,0.512578559281122,0.255106271358246,0.93419548928019,-0.353445094748967,-1.81485444119158,-1.67190999969274,-0.0907338912931039,0.411487465452884,0.677453549819157,1.12310667309857,-0.359416964359798,-0.157946255761955,0.850339073133636,-0.644754376954044,-0.659153332053871,0.00829098340777077
"64",6140,1.12382049577968,0.0497778259708322,-0.000938410189392541,-0.226857996454427,-0.113921483453595,0.309713665613315,-0.0788261249646416,-0.152001862770362,-0.217978287134507,0.261708784265608,0.0877729465860753,-0.344615935289507,0.167445681968824,0.513582919122257,-0.25128350472339,0.317930334698701,0.090644435086994,0.269231509085778,-0.0499445106057482,-0.181257263285862,2.6267890824064,0.824488420259112,0.487479750542399,0.56209997059873,-0.189873927627259,-0.0140357061150984,-0.0204167071671062,-0.57670504735139,-0.273183055344288,-0.30760500718037,-0.417769614111263,2.06201245684848,0.102692028835596,-1.30858923781291,0.576245169106281,-0.282055783518465,0.272974371368501,0.581102906334239,0.247389009691057,0.8453954161022,0.706125398163647,0.391788941692402,0.0166362628959979,0.618668278008244,-0.607445913363329,-0.110544152648842,0.37209716240249,0.732289303626303,1.24310291962024,-0.312916143025927,0.802755740587778,-0.419199352419235,-0.602286474922579,-1.88078257665195,-0.233825990448937,0.0900127590578229,0.494663653556587,-0.78863066277951,-0.359416964359798,-0.797186745285816,1.21002724971711,-1.2250358376508,-0.066460208553418,0.279514964196069
"65",6142,1.28883084782911,-0.258902590378139,0.181782878892989,0.208199826744945,0.133485711136573,-0.298246514058787,-0.202052002481695,-0.0709620725671157,-0.369841004094429,0.0469843485537902,0.0785090697687862,0.308963696382658,0.521345142189167,-0.0333770893511872,-0.0161148178546341,0.179203051242989,0.0673299390062814,0.180352954858876,0.153714221041419,-0.0519824774961501,0.915295244538413,0.966344462216565,0.414778347616397,0.965304905652474,-0.146699453100268,0.0710573553115997,-0.0838703496261026,-0.398040118239661,0.0656030629319788,0.0436384374279941,0.0727837328854372,0.800402307086422,2.80103846421054,-1.51323244953085,-0.066001059459726,0.359096839641503,0.635683569207238,0.278417951537703,0.58630053245137,0.401587954446565,0.736755116139016,0.0705715241457495,-0.350549825308511,0.35403857437515,-0.16811887544959,-0.288451148318072,-0.755979694099926,0.728995584959588,0.0490623878067186,0.0330975108066857,0.512242392785199,-0.205498014990865,-1.38221489982861,-1.88865561203898,0.114529325558649,0.00876070090175434,0.569807612437788,0.67647108168193,0.796328133651406,-0.654896389490089,0.871845224392559,-0.728931392514718,-0.275998181508124,0.0345051048479915
"66",6145,1.44413470858152,-0.693021329840485,-0.482615779303563,-0.594838958263588,-0.312577377003397,-0.165966356300302,0.0638614973884096,0.381746458001325,0.0631058443207057,0.256003686008878,0.387145247340008,0.652330647145599,0.347931711037749,0.390340996399559,0.0886506054353402,0.221545756894144,0.0771837930459538,0.465658153833532,-0.56118127524827,-0.388812164118514,0.857700571838762,0.78558817164674,0.32542840005083,0.983622387403066,-0.378968556737048,0.122841107973681,-0.777154077384739,-0.463478759870575,0.0283177676013959,0.00770266116349696,-0.420748795257836,1.31063591602989,2.80103846421054,-3.09284486455603,0.22093515366667,0.347521110264479,0.453709408456519,1.06590612722902,1.55299326842262,0.851670018605216,0.384723980469072,0.0611215047920533,0.751008439305016,0.442248475586182,-0.793315044788373,1.93538629754729,-1.17723332987887,1.6473499585251,1.65864370725799,0.292744120198682,1.2246909472886,-0.66577781868274,-1.55144465240256,-0.797533658720724,-0.389941598470014,0.442036180278323,0.881630408437333,1.4979328613348,-0.359416964359798,-0.307486170144676,2.64997644389775,-1.56822998017893,-0.478052655428733,-2.18230960747049
"67",6148,1.21764991294512,-0.506655948645328,-0.621174093371949,-0.0581228770836398,-0.519034266695816,0.498660438990628,0.18635557815461,-0.184609132244686,-0.40158937888767,0.123733854652436,0.261244241698562,-0.218313469197592,0.172889876301323,0.446399961907278,-0.06582546668466,-0.00190165725483121,-0.0556760220239085,0.24516770273747,-0.519184031713058,-0.352785148116762,0.515911687388494,0.91178444003551,0.383018888883515,0.653648945325381,-0.625686072144735,-0.0245485091541055,-1.40443478484181,-0.500014383838538,-0.2692462550723,-0.398141709170924,-0.530171644290064,2.56047504229172,0.680909122129814,-1.84297480400252,0.486248882300854,0.0507336874703159,0.115393245006353,0.990826730620271,0.268097561853366,1.38102927208082,0.75891001436661,0.241684369911579,0.812206120672433,0.6774748788156,-0.725726269724721,1.31271181270499,0.421916469681336,1.63362833981397,1.99265241209678,0.224559611429776,1.32737297438426,0.435605997294245,-0.564025835210208,-1.92802078887966,0.109265303138777,0.339661698420256,0.334330668162874,0.413523134054417,-0.359416964359798,-0.422555144187275,1.03443503545325,-1.03048361745052,-0.298856869466819,0.447085941771777
"68",6149,0.958810143730239,-0.5449319009453,0.0527417653930416,-0.0589622483903831,-0.271490229934315,0.134911278970328,-0.0938960314708657,-0.141972197545245,-0.0874880464097497,0.00989802428750375,0.144344597217478,0.0759653616202286,0.107761922987999,0.73916894763762,-0.0794428956118163,0.0752064599847912,0.0152956924129424,0.237992347552564,-0.0770165755092162,-0.105970368541632,0.950590615133499,0.824488420259112,0.282295196275823,0.725892938848994,-0.139557863810197,0.215404936234934,-0.85565064358334,-0.407014820368473,-0.112377763066628,-0.355542971136171,-0.364509247116406,-0.126135243098915,-0.475525064458623,0.868361348263643,0.561635382287217,-0.405411243267449,-0.0751485707836022,1.13946364417678,0.0335448839589543,0.862389131214536,0.67076164142536,-0.264125615756993,0.383822351100507,0.442248475586182,-0.522959944533764,0.334223336524233,0.250784690157428,1.12076917188421,0.815790045136148,-0.0703611171653361,1.00025171626338,-0.320567965913834,-0.90910737415448,-1.10270557541647,0.0364243873678994,0.500431733206233,-0.247159942781488,0.106095760818968,-0.270259485370358,-0.572379354985174,1.01157691473877,-1.08925486939745,-0.0855771469950643,0.747718716759783
"69",6150,1.06234605219271,-0.443142967575228,-0.101045517421929,0.0439261979846716,-0.248901113284569,0.32760507149121,0.0793524957120714,-0.108936405926057,0.15920202866426,0.123885860825415,0.216088394800205,-0.316536722949131,0.242007423256718,0.471577154812885,0.1035735328511,-0.0209947203922521,-0.0804330767300832,0.112548816565399,-0.0706712799292823,-0.140500907003741,0.79595836979645,0.802664408767809,0.101417769210629,0.980871848538905,-0.350371694234995,0.367695392208969,-0.831148093026216,-0.255749952489293,-0.0522428501338178,-0.209276103630311,-0.563189716131318,0.157004629807504,2.22282137091632,-1.62951154805787,0.339566622637461,-0.31142855938263,0.270142088710901,0.92454041649723,0.307360455067001,1.1902974447135,0.94562063757038,-0.15190711037638,-0.166956781206255,0.501055076393535,-0.573651525831503,0.334223336524233,-0.0383854830678925,1.18358509217085,0.913083418038691,0.00327815230508353,1.07633161942704,0.0739575801077722,-0.23071680079282,-1.88078257665195,0.179381271701203,0.0595116412371361,-0.610519691075728,-0.900123265270012,-0.359416964359798,-0.29618538764142,-0.324145875764163,-1.37035994524757,-0.228580010355711,1.06419311256899
"70",6151,1.12705599158449,-0.308182325244078,-0.436036773869294,-0.0793848346153424,-0.0663812257805732,0.638804691304848,0.0668646929542115,-0.0928666510487671,0.186986112711823,0.0712371127110828,0.170949359710038,-0.581825012402694,0.470250860088607,0.343146790630047,0.0356370743079603,0.527835016206845,0.08524722446307,0.102724458493469,-0.364166699312726,0.0555615222908267,-1.1180919206594,0.769928398078058,0.32542840005083,0.529128582526221,-0.513505849092505,0.124309779349008,-0.727701639296734,-0.941081151549935,-0.464170072437067,-0.80882223651266,-1.07452800598443,-0.60759558502905,2.80103846421054,-0.856421032342826,0.649878494674357,-0.550796284914555,-0.154310871063486,0.607143958311147,0.361948592308257,1.06245241871455,0.354816631786839,-0.348634465063907,0.445020032467924,0.912701282045018,-0.607445913363329,0.690037327862691,0.744557219834182,0.83663788967613,2.58006601750709,0.35711029647653,1.19060010650356,-0.797286334023274,0.367473585479447,-1.92802078887966,-1.02241552479575,-1.07356089427724,0.424266612874896,-1.66838939470295,-0.359416964359798,-0.631157638822869,1.19289400633699,-1.67984564331349,0.162194702842935,2.50525320724462
"71",6169,1.52178663895773,-0.165549818980839,5.0948036265589,2.91963392633223,-0.242229127267486,-0.215780928547625,0.0890857853711213,0.83460437874009,-0.117053555787187,-0.0740448945524246,0.292084638094526,1.38080026243193,0.43640503500203,0.304320805898449,0.405415553340889,0.32047134929383,0.247267129002275,0.46111202734471,0.00215377317972394,0.0685131284476473,0.00537238026033693,0.501493110422098,0.32542840005083,0.196285060223581,-0.235118025588837,0.126145865486695,0.566779064177357,-0.475426037385807,-0.16348699019332,0.0824174909786976,-0.125285637408767,-0.328054358649693,0.102692028835596,0.796709854957976,0.973631370584793,-0.823412360903832,-0.0249463606776661,0.478798773567811,2.36427703058847,0.851287911401507,-0.0802248152358593,0.843744824158548,0.934601483407269,0.0306022699347018,-0.725726269724721,-0.110544152648842,-2.03869826811338,0.973479639957155,0.857005829070559,1.00295396353562,0.73560480524074,-0.386322223584101,-1.15338684308731,2.4324295707097,-0.903021850187271,-0.0716855429735414,0.288357100869546,0.916914475214153,-0.359416964359798,0.442132402571375,1.09272848248528,-0.640019238908385,0.198455657253603,0.227762186875731
"72",6172,1.54119962155178,-0.281691609037693,-0.34122592592867,-0.0363214737454725,0.0788966471147499,-0.334522770724766,-0.0163643293398241,-0.167975933336429,-0.200481048590528,-0.117748748564745,0.037121853465659,0.108114436611767,0.329748754132405,0.47497383421111,0.0555166866559106,-0.0309293918778386,-0.136888162058622,0.429674292875676,0.197417112023434,-0.396709943658561,0.54629963625873,0.0450595880772265,0.919247278532426,0.922119264734652,-0.0290210663924695,0.749481800282202,0.84132349512241,-0.419372040648667,0.0522330451745921,0.142652236039942,0.765838502091652,0.927897439182746,0.273051916880457,-0.0791657826665852,-0.232552629197044,1.02997919948343,0.612034009016289,0.456477871873322,0.814653365126674,0.177250804058283,0.602412906830364,0.144943096621781,-0.228154462573675,0.148215471549408,-0.404679588172372,-0.288451148318072,-0.0268946959249894,0.657183239944445,-0.0736954667718107,0.148374786965318,0.65043811196667,-0.189059450573299,-1.55365199700135,2.60377518095178,-0.48182151009145,-0.401614724835829,0.505173044759421,1.63824465581082,1.95207323166261,-0.0433748004459143,0.37324583743745,-0.522247825130582,-0.60874176128782,0.480304736306236
"73",6173,1.03646207410644,-0.46025632741035,-0.199742166705793,0.303560302391608,-0.108886145120141,-0.511293559650308,0.0120635298720888,-0.261670318110501,-0.617908705883466,0.0077034891340178,0.117506756426605,0.204564718720162,0.151120924314772,0.198610513947364,0.0143478300813197,-0.147071003160917,0.0692607154609765,0.272493479046536,-0.017727522048833,-0.434997834210359,0.54629963625873,-0.0157358584759685,0.800483502836107,0.961004678456284,0.0218228044705944,0.743656498485508,-0.306624674614298,-0.0977026332765529,0.260935513936001,0.358847565265792,0.996601705058622,2.67194558969695,-1.43922021994513,-0.716118679334394,-0.291576167946057,1.62814354130053,0.526640686889687,0.23360705040861,0.563838939056276,-0.474000647400591,0.589293504517018,-0.381448228373504,-0.228154462573675,-0.028204330872654,-0.235707650513242,-0.64426513965653,-0.536306468622018,0.604659362091222,-1.00051297454879,0.104191225283066,0.564858237966958,-0.106866628485464,-1.56983919072582,1.78355302894387,-0.155929739162353,-0.0191759008848718,0.27431705593985,1.56130276988051,0.796328133651406,0.0142662977310761,-0.0473988739286276,-0.0923514898429936,-0.503496552144661,-0.275008424196322
"74",6174,2.08476313418521,-0.512780581208126,-0.212753171180512,0.654820753585004,0.0795876806051877,-0.58533146908169,-0.238174623681076,-0.196493696070101,-0.194541759998703,0.144415807517126,0.337490468790841,0.483637187281327,0.385445262681299,0.204820942131725,0.0538587178863648,0.0109799145206023,-0.0463066729214288,0.472626377076345,-0.0211236156381035,-0.0232489528926125,0.879177947642357,0.5407763232498,0.562955951443468,0.649719947491883,0.334234103166716,-0.00489379471627625,0.0841033552994166,-0.605640788995662,-0.0429553283298126,0.165127278810032,0.42216358367692,0.854444135387225,0.656013663948427,-0.216916602815145,0.194053145919595,0.848337137628996,0.330752937583516,1.12187747920536,1.76503911127444,0.498261076985021,0.575933032451196,-0.0634894923479706,0.383822351100507,0.35403857437515,-0.725726269724721,-0.110544152648842,-1.63850461034928,1.37852088235615,-0.0661100120012004,0.416749013479735,1.42038078894997,-0.517830738924637,-1.87077383769427,2.00849689660486,-0.650690033239352,-0.166712304616367,0.802594215728799,1.63824465581082,0.796328133651406,-0.124612501082536,0.814803137673244,-0.850984921554026,-0.648336274359132,0.359043803928839
"75",6177,1.21117891745291,-0.336768871661057,-0.494112114638603,0.0345437989982592,-0.0708330680744876,-0.317691865869972,0.43664232344598,-0.291097885061935,0.243525880727258,0.144688179397649,0.366321174678906,0.515577623331762,0.31392548271758,0.491346248217175,-0.150975956876989,0.02734195656948,0.341172617140422,0.325263842309951,0.0942668555418465,-0.104164191575909,0.54629963625873,-0.074660677717519,0.262244443650871,0.803540888397113,-0.165296424600105,-0.287626368067402,-0.214727487150086,-0.429401368008024,0.262417152935564,1.08414061445779,0.643616500962327,1.53712250805987,-0.668264095554768,0.856922569256215,0.107563207950742,1.48571617500086,0.482350866831486,0.678503204637482,0.829655199891689,0.603943885168833,0.722535360600081,0.538882982814197,0.261426988365671,0.148215471549408,-0.844006626086112,0.334223336524233,-0.961269068864635,0.974467092837116,0.115211620920192,0.816401147543887,0.851344666621385,-0.813724898440842,-1.61913655343214,2.75643525719176,-0.471528682191552,-0.295339967735824,0.956622933651466,1.63824465581082,-0.359416964359798,0.257126510395412,1.04053641441096,-0.349494274304625,-0.503088361288256,2.01435206363528
"76",6180,-1.28338934588268,-0.077113004361021,0.0537820579647873,0.44000645747421,-0.140207351708504,-0.575689996957747,-0.221769805946266,-0.399859203542466,-0.236277003764796,0.0339813805765432,-0.236145530586689,0.321632228197287,-0.334202860755281,-0.528143315479495,-0.192982624156458,0.067420447926024,0.241611319144389,0.584427712369886,-0.474378366168264,-0.195568871810005,-0.618774453583963,0.868136430147311,0.372933910329355,-0.881069939180641,-0.087739984613589,1.30697147868871,1.05771411947786,0.051052373167988,-0.0758491317630735,0.381911384779913,1.34957354006628,0.189828218696783,0.672440376608866,-0.110728969101764,-0.715259985698884,1.70193244177874,0.662661061520866,-0.432468947883868,0.779698703923732,-1.09922858719631,-0.68526579582637,-0.196200992207232,-0.595340550778184,0.089408870742055,0.389488518825541,-0.199497650483455,-0.308923081394838,-0.50200691472321,-0.868996527647556,0.248015082446279,-0.427104871843398,-0.238375143825999,-1.20121264272778,2.74856222166302,-0.0599216318397008,-0.191467196202765,0.964976694319839,1.27655202970845,0.796328133651406,-0.156098329063308,-1.42612163778771,0.109351412273893,-0.911347249502929,-1.11952968220565
"77",6184,1.13999798256892,-0.413717694490553,-0.276228804315702,-0.191245177116088,0.266062781626132,-0.0962579534435988,-0.384440247999949,-0.164756882123845,0.0379771514594807,0.0992990923613972,0.0725584014350809,0.761181614152211,0.505514524323018,0.37984577122626,0.154665787440787,0.487955364534654,0.298029773499217,0.334138470109048,-0.0759107150545799,-0.0799476951418319,0.558937784228696,0.5407763232498,0.534161705460527,0.74069686843043,-0.0692018029974915,-0.471321897155998,-0.313596930694519,-0.462641369073592,-0.0376920193561878,-0.117230509751613,0.174688318115035,1.56392825183968,0.873648153231741,-0.89875724463105,0.331969533491547,0.512997946513115,0.16485198091467,0.985246505196649,1.67689592619011,0.356016642677866,0.589322483285174,0.101475337281124,1.05699684614211,0.471651775989859,-0.607445913363329,0.245269838689616,-1.35347287076686,1.44599572462005,0.447876526330884,0.020733386549923,1.44713607892796,-0.189059450573299,-1.80528928126348,2.79580043389072,-0.42022140967374,0.070169410957407,0.277999379269364,0.638000138716774,-0.359416964359798,0.0710545066625377,0.597066097326428,-1.71798770415621,-0.30355106431548,0.401211330514154
"78",6188,-0.807771272328428,0.336220750885168,-0.980259699826691,0.868913014002978,-0.282998582733528,0.062804481723368,0.21585984117496,-0.276049029193235,0.10827622909578,-0.0178867047665989,-0.0879294705702363,0.238985390726789,-0.297532425804501,-0.486050034094499,-0.0456497644982247,0.253836420982067,0.0357112908707209,-0.368279006248542,0.183785066624513,-0.162756584510141,-0.285896142200336,-0.205604720476523,-0.149626702734446,-1.04036568740483,0.349469314751756,0.352021004363324,-0.60925478098555,-0.497528067257665,-2.61008522872225,-0.115206867644897,-0.0511947516577302,-0.622447052898333,0.488170091033669,0.370619883345842,0.763250440390287,-1.60061805004573,-0.579542708568715,-0.80279299872432,0.513009654601052,-0.423642940132795,-0.956638940149866,0.398282091702183,-0.534142869410764,0.148215471549408,0.0346474497413671,-0.0215906548142258,0.0435182004011541,-0.53971568577675,-0.500170749463231,0.554936284584719,-0.678433688835724,0.0246418868550717,-0.378608888911793,2.79580043389072,0.21764911407127,0.261860824894521,0.880204428963537,1.35327470782104,0.796328133651406,0.757843571624632,-0.370877436158665,0.731176314891147,-1.70772761034961,-0.75061111548712
"79",6189,-0.684822382436683,-0.228662618281758,-0.0996559246122222,0.601831315518823,-0.180957781337334,-0.618381766880064,-0.192839754764984,-0.116477644091244,-0.129387671506209,-0.149663829233058,0.0654638685994369,0.0456258400685987,0.295597089704439,0.214757508084249,0.178268442384342,-0.33355075972253,-0.30903788830965,0.65459738784226,0.0611415353451434,-0.112795817714925,0.457994417706251,0.475304301870298,1.51306615701402,-0.0754621585736222,-0.529956972099022,0.573886186425002,0.732791572944621,0.0291532165436669,-0.240486452726838,0.371167812583513,1.10003410154012,-0.020887684698387,0.102692028835596,-0.0312831628610807,-0.278719555545283,1.44854125554778,0.616211625936247,0.0798972046488046,0.573522524075621,-0.14394046701758,0.679202442619213,-0.0887928965232773,-0.411747506675928,0.148215471549408,0.136030612336846,-0.199497650483455,-0.209935151390475,-0.00815124433229562,-0.809788605667598,-0.139636578074545,0.380688198423222,-0.00823524198006215,-1.25198156849996,-1.36566111972718,0.0473501396055274,-0.316833350917058,0.805025726511592,1.49027949041226,-0.359416964359798,-0.414523770458545,0.41892890026662,-0.199991415271465,-0.827600092130446,-0.400162198346202
"80",6191,-0.613641446387915,-0.42620151809811,0.125701940065133,0.077444016635921,-0.16908797369774,-0.168537331978467,0.218323744873453,-0.160229544625495,-0.0623784147307286,0.0200322016353919,0.148424118433163,-0.00957152466026591,0.48902606177541,0.167788914308257,0.111218653241295,-0.187288468601994,-0.138186182470772,0.111685728361134,0.0831212423666323,-0.0702272486857859,0.588619058221132,0.693544377500108,0.396888564188255,0.987610659121108,-0.303091649222684,0.368267255508443,1.35784799695392,-0.385867313067736,-0.341621407990024,-0.0733681464409926,0.0907035713939414,-3.57761921633078,2.03008233982018,0.834736066252937,0.0882782893495784,0.457771008560181,0.599359544123534,0.597167191644668,0.267243607349413,0.378178860493005,0.379368788110488,-0.325528164539288,0.139031625630834,0.148215471549408,-0.438473975704198,-0.377404646152684,0.441266145683477,0.635137857359277,-0.482715084153943,-0.383282556075439,0.555269063225728,0.18902753103074,-0.87526142363969,0.102436332089291,0.271283059355882,0.355291895702203,0.364751787405385,0.104999052298912,-0.209170101618341,-0.755110875839727,1.01221367121681,-0.63060269028397,-0.223681720078848,0.0310902860922402
"81",6192,-0.438924603041453,-0.370528614161043,0.0378096414161572,0.0523139041351834,-0.141689675857743,0.00952202726924713,-0.0832532246390136,-0.216094479284778,-0.0974911933726965,-0.0570252028140146,0.252054920871184,-0.11055522918933,0.480456251753019,0.0417079943004857,0.0190999754937607,-0.115406284452334,-0.167244285111433,0.100490052842285,-0.119907517966975,-0.449211871520649,0.54629963625873,0.370549067663093,0.22157871597415,0.778810910805519,0.251327100490819,0.227169122348951,-0.13040668213463,-0.101217035979416,-0.123008648861062,0.148680071659052,-0.318629056597874,-0.917133381962615,3.18651652640862,-1.24421200778701,-0.091714284261277,-0.202963465175897,0.467552189945532,0.0619728441971662,-0.171509011578609,-0.165821132156303,0.770403245806108,-0.661462524958498,-0.534142869410764,0.207022072356764,-0.151221681683676,-0.466358143987301,0.229379929810551,0.458042491018639,-0.556631519457129,-0.259823138864539,0.225882418018332,0.386290304041544,-0.584627718132254,-0.121096376590167,0.364842550993934,0.0409489062280509,0.562946236271223,0.218888053348207,-0.192604421880185,-0.737200201683621,0.643665442871785,-0.256343348041244,-0.0212870871112345,0.299939927448366
"82",6193,-0.768945307140325,-0.50135755000252,-0.0300466785350908,0.204811763252644,-0.117871081424627,-0.566970975188628,-0.0799408934358136,-0.0931799802677118,-0.617299231904202,-0.051163647275417,-0.0359243555161186,0.23293875713695,-0.00559859724177256,0.18654325006293,-0.17224268247643,-0.0060232339055254,-0.140582334293865,0.721480695437971,-0.0918932340854565,-0.316499721505079,1.04561710333417,0.972891664354516,0.32542840005083,0.612839472261648,0.174676902318631,0.942973081018756,0.793657747482096,0.238573008886716,-0.11983725806555,0.477481986239656,1.18826833334409,-1.75120345585514,-0.0900470022605499,1.31814723250961,-0.474490698920727,1.38831686614573,1.18465075531631,-0.313762334326793,0.724716500070183,-0.871915022800192,0.370016625657272,0.560973513908129,-0.0445614184714189,-0.234027433698395,0.085339031039106,-0.288451148318072,-0.585332824338718,-0.00390320878830275,-0.331451907427744,-0.361281687912672,-0.0687664130257843,-0.205498014990865,-1.49037478516935,0.940013524742765,0.0637280017797324,0.0984710813688905,1.08802242799193,1.63824465581082,-0.359416964359798,-0.289006903158219,0.143715317451181,-0.231878820740089,-0.723715519175306,-0.64463562179468
"83",6194,0.66761540481947,-0.401517504059752,6.59540152008184,1.29225403929913,-0.16223091048617,0.0715076355712317,0.123390778085239,1.59012106641254,0.150139859823709,-0.208310219603915,0.250882132575472,0.605841463755581,0.198329071774019,0.377693959907255,0.282973360320895,0.271495875184047,0.116917032221367,0.525435224763295,0.525644930794856,0.0408717557176438,0.662608793453926,0.653009033886707,0.32542840005083,-0.215537098514908,-0.106167207743829,-1.14745197521007,-0.429456321084175,-2.19420512100063,-0.863814304670274,-0.39322843801114,-0.417606771005981,0.0789619506412127,1.25912621542403,-0.623044480669821,0.762666048917524,-0.833662235814764,-0.626700214817735,0.912027183729104,1.35578349633019,0.678153126310273,-0.0127593030963661,0.794207970078761,0.812206120672433,-0.0576076312763306,-0.691931882192895,0.512130332193462,-0.832830636226829,0.49288168423981,1.3194060156624,0.988226109641533,0.344028824313467,-0.205498014990865,-1.08716650512359,2.62622736434326,-0.912940817800092,0.0444455339034842,0.889365128461463,1.49027949041226,0.796328133651406,0.136087311634111,1.37069448610176,-0.911810424115067,2.64630819130661,-0.418934763698304
"84",6195,-0.594228463793864,-0.46886616376594,-0.153448199426004,0.403184574002972,-0.150554149812399,-0.516832948004266,-0.262973637539217,-0.166968848498545,-0.227098508387062,-0.135158120770754,-0.185598200395585,0.281493018661683,-0.18928614257381,0.28551565008534,-0.429391501911641,-0.238208562796534,0.0115827929010664,0.373219107773951,0.1087181318871,-0.410302873638821,0.54629963625873,0.649896354517502,0.32542840005083,0.509079529425412,0.00135529332040992,1.09304620865546,1.6981164162268,-0.116660314810606,-0.263911315163348,0.203693841754994,0.915154844486942,1.12263027948984,-0.282786033356696,1.09846448146076,-0.247746807488869,1.3792908568958,1.26813228664903,0.657196889383643,0.476658868267444,-0.64246970242548,0.108424865541401,0.562866842162779,-0.289352143941092,0.177618771953087,0.102236224805019,-0.110544152648842,-0.450187225578154,0.371309003995228,-0.371238331806397,-0.235822191777883,0.0409342949610074,-0.00823524198006215,-1.1798749782728,-1.22297284538705,0.105328067994624,0.217609686196831,0.468848274472723,0.539074856861333,-0.359416964359798,-0.913961497819472,-0.573850876354782,-1.27234242729558,-0.637927407520797,0.233332401685488
"85",6198,0.706441370007573,-0.346481901341941,-0.0527650616863165,-0.0353930772367345,-0.217518045584789,-0.21684859300661,-0.0484348416723848,-0.0874878433972712,-0.129863622444593,-0.025849967726691,0.259359540109926,0.10175926567553,0.781250765216097,0.463688701225089,0.0926836172688921,0.03948075257298,0.00921341487620357,0.351509758849851,0.0553753780045075,-0.0849326759350588,0.668049296780082,0.868136430147311,0.307546979164929,0.85766601609022,0.259721503227827,-0.0706827660079225,-0.847350549634446,-0.636603871547327,-0.166361264082504,-0.188651776304047,0.129496338351267,0.6691970246451,0.698943988613056,-0.324520567009552,0.547025595468155,0.376689908518477,0.737893569613332,0.199111111426214,0.258225105227436,0.641993718296097,0.625403989512976,-0.476729521248507,-0.289352143941092,0.324635273971473,-0.725726269724721,-0.199497650483455,0.259114653913151,0.85575073602383,0.0929150352389135,-0.388010015350083,1.02129648591577,-0.238375143825999,-1.13131339709941,2.75643525719176,0.0503036604219657,0.50330889746668,0.311964624822737,0.197629567719028,-0.23677956784861,-0.505569697418749,0.860530081908951,-0.697037472968321,-0.0820394929062191,-0.0658299656494209
"86",6201,1.11411400448265,-0.605112345193526,0.292378395299505,0.474815725507775,-0.122422322524035,-0.33072053346496,-0.143797255877866,0.0572085340843168,0.1191146696095,0.176661724691262,0.377835982311963,0.708898182646175,-0.0662426773511923,0.72001291919949,-0.209488734767272,0.374674507356339,0.265602751494543,0.283527117517579,-0.464597728887136,0.15612824775586,0.960391339319853,0.649896354517502,1.51306615701402,0.500541422083001,-0.0858867894802147,0.32885609620127,0.62797476218857,-0.385208907880238,-0.352051500609435,-0.319967129554145,0.0944318220339563,-0.886634798340573,0.488170091033669,0.430596184087491,0.40209651022305,0.197291600375886,0.834014162305587,0.512111028369441,1.6050809773232,0.46676739903719,0.421754226367338,0.136959470864442,0.445020032467924,0.6774748788156,-0.675034688426981,0.156316340855003,-0.919396940792247,1.23393193464778,0.513634026024619,0.314381337648016,1.2630643107193,-0.435637916836803,-1.79719568440125,2.71707008002042,-0.235238626090337,0.349237081075429,0.208143343476543,0.692500641378981,-0.359416964359798,-0.175288337087707,1.20028545065194,-1.06864582199543,-0.349744662898675,0.212420805207249
"87",6202,2.08476313418521,-0.647429936099472,5.51762803407534,1.8757291750022,-0.349951491919661,0.59648087635234,0.0475179915471776,1.02650210007001,-0.0534122048684934,0.31348764362299,-0.103869507807,1.1912136007469,0.106752721251286,0.604983079711751,1.46010206498055,0.340095678374882,0.656909176438134,-0.158723764063254,-0.203742758776527,0.0480513108990015,1.12883668118008,0.57090116700042,0.605275443358241,0.509869078281078,-0.342877899530488,-0.998739862472625,-0.105450593893212,-0.581278360088374,0.465355104340883,-0.255108745789861,-0.514904044803542,-0.302054728188083,0.102692028835596,-0.584618184894473,1.30264376975009,-0.607451066138663,-0.630630007005152,0.647896513677608,2.44809268437704,0.551856640031616,-0.126782356142711,0.794065571271831,1.17939220887694,0.383441874778826,-0.472268363236024,0.956897821366533,-0.835379108211587,0.81376742062415,2.71173362103598,0.397839176381158,0.820481340757297,-0.402760788001669,-1.0849591605248,2.75946334752538,-0.842547556401112,-0.144958442741586,0.848439118696261,1.57191544384173,-0.359416964359798,0.181361515750934,1.78985066422065,-0.671075168136824,-0.120477465217715,-0.353881032852466
"88",6203,1.76121342557856,-0.506495371974469,-3.48645551024495,-1.83690290164203,-0.495275966825705,0.260525325124079,0.615211862308739,0.833486304867005,0.437353692286853,0.191757880134182,-0.781056696559123,0.348577172991218,0.13217655323925,0.530832589036018,0.853421068795181,0.646242301009833,0.20487315391076,0.571374307472461,-0.369283071332532,0.0505027838002783,0.712738791950544,1.03181648359607,0.534646185839447,0.0393103163569138,-0.267929996421648,-0.425143194968025,-0.789550183544909,-0.728732038770681,-2.33786887900586,0.218951947212075,-0.311564281961905,-0.96043248371786,-1.05374215775284,1.95875522824196,1.10862580079293,-1.23075564840895,-0.207522381493122,0.850475606329138,0.517783304947114,0.304512613798942,0.0106530216798597,0.918503150747152,0.32262466973309,-0.145817532487363,-0.624343107129242,0.601083830028074,0.894210767138638,0.204396331279153,1.75316415036638,1.09732132367178,0.449341141283589,-0.402760788001669,-0.692787603472996,0.130882017215839,-0.371037553834707,0.384724842400325,1.32016026408271,0.260540544606739,-0.0935955918172207,-0.116083608627247,1.24062811301022,-0.710452263860292,-0.0613578228483519,0.297275608760332
"89",6209,1.26941786523506,-0.493205244902503,-0.0832358363290045,0.53731777157743,-0.110896762661524,-0.571739326586311,-0.104207640809022,-0.242991364033949,-0.0400687204166121,-0.105122969280571,-0.125262569826253,0.417157843994387,0.52124460379801,0.615192226035349,0.37831170580463,0.0509052889312621,-0.00376467195390168,0.0437773768278246,0.279670321077267,-0.13509641382757,0.434516157848784,0.0450595880772265,0.00872500611156631,0.794731037003721,0.167900946358024,0.218656359346956,-0.262876004395754,-0.0620286458510523,-0.339906365176815,0.275403019522818,0.342995378823024,-0.762431203158012,-0.668264095554768,0.58850225423295,0.126263735079143,0.868683904243232,0.237570838148481,0.371590806338205,0.688602237356002,0.0641068499494104,0.676894640720505,0.242528554015167,-0.0445614184714189,0.0600055703383784,-0.33709081310872,-0.110544152648842,0.226974673970779,1.13838758451089,0.284770117455507,0.00964203979018088,0.614010569984111,-0.189059450573299,-1.40575990888238,-1.71923311051394,-0.231021310562509,-0.118202667338284,-0.0174827069774528,1.23750566646221,-0.359416964359798,-0.678777288364896,0.305587142900735,-2.3173414848686,-0.666636831087968,2.26415169960246
"90",6210,1.96828523862091,-0.292840661186018,-0.0325888030969932,0.752049421925128,-0.0473536892118807,-0.385669852632958,-0.162456820017778,0.212310395233116,-0.288204947832678,-0.13127457873171,0.172117609426924,0.316424364935256,-0.0540934549342125,0.585937698724881,-0.0863328823641211,-0.0600352168489774,-0.145150055119946,0.288736318766504,-0.248620895175323,-0.0563987423023108,1.12883668118008,0.606248344629303,1.51306615701402,0.971943895301047,-0.0572547932227631,0.0369371661171659,-0.124617875949359,-0.10034826339455,-0.0649675053587026,0.478443947111985,0.387846322864742,0.400435517024358,-1.05374215775284,-0.893010576640035,0.13269204127953,0.558229981567829,0.641418941588875,0.389515166789844,0.861175856427397,0.339586032918365,0.599831276571701,0.434174443924121,-0.228154462573675,0.383441874778826,-0.370885200640546,-0.110544152648842,-1.03471931124791,0.934008033560865,0.332810277534334,-0.112362774566983,0.333883595558898,0.00820332243750442,-1.41973975800805,-1.45563866660262,-0.00531565976403117,0.284636360202416,0.472947301670627,0.836766677498315,-0.359416964359798,-0.807847860854926,0.544760195437866,-0.80881485899591,-0.601258262253724,0.213028156734973
"91",6216,1.49454132392015,-0.490973324198445,-1.28159107236719,-0.363649796559182,-0.368131508548328,-0.339807076795091,0.0177744136282751,0.0173575888446377,-0.0366412298932198,-0.0253787723355523,0.494600977297565,0.508439442231644,-0.0688171687521393,0.749061078971215,0.272208064742638,0.0174501775895177,0.236299610189848,0.316710122236236,-0.200940966060576,-0.382377435941976,0.0192423126753067,1.06455249428582,0.537340364590205,1.20919672261499,-0.338648628574559,-0.402128413268008,0.305800902050576,-0.520399886779131,-0.0415129849906371,-0.10509182390104,0.520474687767268,0.851234414844371,0.592008543322094,-0.686385183014485,0.105225642059691,0.572304436669407,0.372281282050557,1.27575642270527,2.70237267791323,0.722457451035094,0.333984257340687,-0.171767293980507,1.05699684614211,0.0306022699347018,-1.40161402036124,1.75747930187806,-1.99289999115924,1.75261641184925,1.41239403623309,0.337654983307802,1.38025324542781,-0.92879484936381,-1.71478815271307,2.75946334752538,-0.787087327362189,-0.319821388371401,1.16002218103043,1.30659859558065,0.796328133651406,0.224858867272904,1.03594734267768,-1.3214748791168,-0.643914206748075,0.575481236495469
"92",6217,2.04593716899711,-0.341414424887196,-0.0471520975747532,0.311945992392757,-0.250632537207419,-0.515102870138424,-0.171724655068233,0.0104084922712496,-0.183307697493921,0.0525827016229396,0.399327968784263,0.412273440729866,0.0172951541826841,0.225426547767972,0.686245064578912,0.0164803511361315,0.0720939533050197,0.402786683327248,-0.000828584213321956,-0.140552995927361,-0.82682339819873,0.269535088079177,-0.743445581216041,0.63936194046501,-0.586762884464476,-0.260588789789233,-0.00596285092761435,-0.485287869787068,0.084507631477903,0.554427080332125,1.14316826495355,0.67969056806631,0.873648153231741,-0.929982019759432,0.0532148009838281,1.01641468840727,0.444362875686443,1.01788236903784,1.59833984912995,0.602013238244828,0.510139469239593,0.224692449040805,0.56741539520276,0.559861677200891,-0.759520657256547,0.334223336524233,-1.4938858466387,1.24795509098333,-0.0112101443788384,0.374929181434805,0.8565839256567,-0.50139217450707,-1.89726197287976,2.79580043389072,-0.477445441831968,-0.210546160888577,0.186707628151595,1.36345220616963,-0.359416964359798,-0.106275382303666,0.53842982263253,-0.455923011159144,-0.768684545189286,0.642519796112105
"93",6218,2.43419682087814,-0.409708681851505,-0.782832164619355,-0.104009690269406,-0.309431708951629,-0.268774961558224,-0.21884223602522,0.0647299871346376,-0.0133407755091308,0.0662184686697602,0.420384330930674,0.140927258722205,0.35575592364159,0.590988640028286,0.163198435636202,0.370664595689797,0.368241049925211,0.396229733215053,-0.139280757812313,-0.115736004384819,-0.410725508969197,0.422926684766696,0.32542840005083,0.810371142488284,-0.0774248785408577,-0.319621082615096,-0.301346984139647,-0.665936921745012,0.141072798367433,-0.29907844981538,-0.112341613679102,0.945345512177792,0.504434658159907,-0.416278956558644,0.0409425800558147,0.45277355711107,0.31960082461922,1.21691040914707,1.34353033606156,0.65229050189079,0.360440192737465,0.120434141672629,0.0166362628959979,0.6774748788156,-0.94538978868159,0.956897821366533,-0.34879597477677,1.61594696878218,1.64342594652039,0.652576501141793,1.29294173737863,-0.731532076353007,-1.85532242550274,2.79580043389072,-0.574124126052988,-0.0641194393572241,0.961394624940075,1.63824465581082,1.95207323166261,0.0279835997633314,0.839237585927981,-0.998178783404154,-0.482406691230389,0.392287588676141
"94",6235,0.856335606174007,-0.477208502889336,-0.200730792613312,-0.205289045572992,0.0055176322213006,0.00523893186644891,0.00740956227788897,-0.161537511749389,0.297411122623184,0.257150074002766,0.0984364595701318,0.105602495780699,0.439088559388476,0.476202225250352,-0.109309758061862,0.397221186247667,0.0200985384202532,0.10945282853338,-0.156285956897614,-0.0152231403397319,1.3784954147178,0.815758813043709,0.800483502836107,0.910752307678342,-0.00376964580023174,0.323949331310461,-0.621093709014036,-0.364975655077392,0.0880730783109826,-0.336762470804908,-0.426019395231114,2.73316590592164,-1.43922021994513,0.18841777384597,0.46696396369969,-0.425095082648642,0.438167257372946,0.780469141923684,0.1001319180922,0.983678002034054,0.755574936135921,-0.221940492728764,0.200229306998254,0.324635273971473,-0.759520657256547,-0.0215906548142258,0.178914099928992,0.988848118001647,0.939046435526988,0.0405523504320856,1.01529703316104,-0.172620886155732,-0.784024513556343,-0.684643037159855,0.153961424342038,0.0818413005355827,-0.1342919015736,0.116471790149218,-0.154684975569238,-0.482257391374294,1.26492261587738,-0.725687134632192,-0.106462912481134,0.715012363314938
"95",6243,-1.18632443291243,0.373391601609446,-0.85303324272961,0.334044445512544,-0.339975926827668,0.485696186520109,0.166812974204907,0.20669433853326,-0.476789540530242,0.554527380277755,-0.731457677640716,0.240729038926214,-0.386587812019272,0.169862828401253,0.87866902794077,0.89313229299509,1.21855824550168,-0.240920887778223,-0.15008196468159,0.149054208877667,-0.618774453583963,0.43789171635424,-0.743445581216041,-0.0336468325919327,0.744401886192297,-0.125786091294401,1.98839647885895,0.936860098713019,0.401500401968765,0.391873778472916,0.541287481986205,-0.74139572126676,0.493695276591898,-0.335666692700638,0.762081657444761,0.485970913165882,1.21548723275091,0.86569440293902,0.982767186532428,-2.30538014206294,1.11995102703982,0.790203396277603,-1.14611968308495,3.02973891110978,-0.77641785102246,-0.733218637491143,-0.460888140680628,0.427941746181174,-0.601431504352605,0.557663664935475,-2.58469394025341,-5.20282159793121,0.0201847019363847,2.69939591897642,-0.133293266666038,-0.236200794318216,1.96317686631211,1.63824465581082,-0.359416964359798,0.683144688537065,-0.848562082046621,-0.0984746033162044,-1.93223258137251,-3.03847319891224
"96",6244,1.31795032172019,-0.590257898427014,0.297350736031647,0.620739509283378,-0.258871360410905,-0.685982435239916,-0.0187556730862219,-0.141276662009737,-0.136574354177946,-0.0582308648143773,-0.000878289670036014,0.335843215601,0.315960807822289,0.8275864377605,-0.00443467644916017,0.233631160404624,0.239535846408822,0.337147735887411,-0.0464070796493487,0.0157615322063036,0.293837754583842,-0.201239923416027,0.32542840005083,0.619118248148981,0.176109082220007,-0.269934162051079,-0.242020357444562,-0.127082181254602,-0.0799356808677334,-0.0537094418106186,0.64554153416117,0.423114562566023,0.17160694017885,-0.24132681073643,0.485080099355327,0.670621644770291,0.0759537089992897,0.462227195037054,1.35328988696116,0.332245552426054,0.553168320145909,-0.322248149373393,0.0778339442634174,0.412845175182505,-0.421576781938285,-0.110544152648842,-0.877215162215041,1.09346179207294,-0.0785462784880398,0.321472526559982,0.632569638509455,-0.484953610089503,-1.70963768198256,2.79580043389072,-0.481691528344944,-0.129472062659573,-0.151726382356415,1.49027949041226,-0.359416964359798,-0.115230719381718,0.176160801423512,-1.43299827201307,-0.561051462897805,0.139867518425391
"97",6680,0.699970375680136,-0.606930619297647,0.0657503652877211,0.0650878074081288,-0.0223181245340787,-0.00340602022225968,0.167302907714878,0.0182391833555304,0.000689081673974696,0.024530328254507,0.268649742917961,-0.124707632341718,0.380096376865321,0.480651585931014,0.148414039334424,-0.0605698205369487,-0.109906357089887,0.16395524741057,-0.165890282037153,0.0347577490221525,0.370015448169948,0.649896354517502,0.562955951443468,1.22943507375337,-0.077370554149504,-0.374208842025363,-0.758415530170782,-0.26118537905613,0.118387140384824,-0.0677733392131797,-0.0972944550061616,0.419088326174663,0.334533465995652,0.0319595050047973,0.704811293114035,-0.0565075410754083,0.408286675335279,0.716381098422072,0.168801963986894,0.79236295840844,0.952192098227174,-0.455647037591126,0.56741539520276,0.383441874778826,-0.455371169470112,-0.288451148318072,0.547091875581409,0.917976835462709,-0.116093049215838,-0.00635859160092148,0.470631466740901,-0.123305192903031,-0.675128846682671,-0.0301158986238505,0.289652961641087,0.569599436268643,-0.373167028068912,0.203977987780363,-0.301629709459238,-0.477566500523885,1.010303853971,-0.310732567009867,-0.136192813189325,0.490962051175592
"98",6897,-0.31274021618012,0.64855634270523,0.00574534267568256,0.302581440481319,0.0873658811584463,1.57713985342499,1.00394427624576,0.953253036340843,0.0728848692725046,0.756442302302763,-0.0320729384364274,-0.754127135215291,0.31880328944772,-0.145988097341396,0.310154925073858,1.01235323289588,1.26671984664079,-0.37399294087692,-0.0712133903999757,0.244696621815037,1.29527583687189,0.370549067663093,0.562955951443468,-1.4516893725198,0.318969003971957,-2.20357879588203,-0.119487230895788,0.77959532197388,0.868864263893862,0.388718013121243,2.18222023093218,-0.380803518708687,0.692237894070944,-0.301486526126521,1.96592809133555,-0.521474503452932,0.957253861444317,1.74094430574732,-0.103613603112345,2.96166599748803,4.03874295345278,-2.68358591963463,4.97364845365686,-2.85092116962567,-4.15585660420507,8.16213114597031,0.430057828819026,-0.664552262285632,-1.71809196573807,-3.60140954461112,0.0661564540851189,-1.91510871441783,2.0075306223809,-0.373910377406108,0.283301128779554,-0.492817547673158,-0.256011471422298,-0.514296200481289,0.796328133651406,-0.281117677637077,-0.205401754913258,0.390307150432724,0.400850290221217,-0.676819686213625
"99",6898,-1.5551711021994,0.957203640253901,-0.916646471278151,0.148606527939305,-1.60099596922576,-2.71231854908271,-0.310302352694962,1.3953475187774,-0.674623541741046,1.49340433754658,0.0471688310460727,2.69320277272865,-5.62767931874999,-2.85665179817185,2.72026616892414,0.298466410387155,0.545668657312571,1.36201256087779,1.34128166653073,0.938406599764592,-1.28453107635122,-1.78348043572253,-1.27788257184948,-3.42197599112807,-2.50099952011198,-3.74612819331931,-0.324287841459639,-1.3623639108039,1.35101298288373,-4.97227686923437,3.50525872753355,-0.902675384202639,0.244547955726245,-0.163368513795903,0.930970793073129,1.96491057568759,2.31664332649204,2.26751466844922,2.85112443839582,-2.58089954684281,-1.02552777178612,-2.44510718240249,-1.14611968308495,-2.85092116962567,-0.77641785102246,-0.733218637491143,-4.57268162947515,0.536296474955407,-3.06306146746864,-1.41950526400611,-2.51423804923257,-5.20282159793121,-2.70147118837249,0.70813767317044,-0.159881704423096,-0.0555507482240718,1.2887051800694,1.19434915999984,-0.359416964359798,0.937732128327422,-1.33361754249412,-0.275671933656097,-0.12938963224923,-1.30194197936827
"100",6909,-1.40957373274402,0.57728353785333,0.660287296503032,0.804728483739278,-2.04281528592085,-1.00412007627393,0.291311652299408,0.366871539467156,1.41409230578429,-4.79481717035154,0.143199181083297,-0.0856372273915905,2.79679034098842,0.232696342591154,-0.313498508171273,-2.71417426220247,-0.815423974290778,-6.8078115509568,-3.37789481474359,-1.71299899258663,-0.503182459928287,-0.148842434285613,-0.00299302799143049,0.0864691551190213,0.401746175180048,-0.266453598549627,-2.14242474968759,0.910359808774752,5.81309105036327,3.06921545429906,-4.88068312773806,-0.950932975072958,0.208808632530811,0.0653669956289175,-3.66585253167684,2.85552781608278,-1.05876493423442,0.129781037981198,-1.38948235382333,-2.5487220981094,-1.99732446212641,0.179363034709552,-1.14611968308495,-2.85092116962567,-4.15585660420507,-0.733218637491143,-6.06306097773942,0.00446363188921791,-0.229384344538987,0.980589444659415,-6.57130027523067,1.37260416909556,-2.77504934166551,1.29994929096695,0.0319054252672064,-0.0773837854194204,1.57762459272527,1.63824465581082,0.796328133651406,4.29385130948339,-0.68929027510243,1.77738612485476,-0.183815079769933,-0.953562503185109
"101",6911,-1.05043355475407,1.5145567265902,-0.248707571518478,-1.22492605894127,1.34443129772141,-0.759687575508742,1.25828665465714,-1.29730121019708,-7.25191095508448,7.7289982723997,2.73443853508364,5.86436338523814,2.70962974617484,2.18132437772531,3.13543335250784,2.74322143432746,2.62681228767464,3.32985826124219,9.27003153671673,1.37831787936583,-3.44824010034479,-3.28933692745108,-1.33726445969764,-5.35591747159622,-9.05907313891332,0.0650098268441185,-1.50153702588592,1.77159460124193,1.5146765233896,3.60531494253461,5.18244709858784,-0.667830796383339,0.380396849478452,0.355438950343667,0.308009483108286,6.4761303965614,2.51699192098397,0.97526973853017,0.50551784230463,1.57803570195116,-1.73382766299097,-0.301115145551067,4.97364845365686,-2.85092116962567,-4.15585660420507,-0.733218637491143,2.9773633757825,3.29884501865809,-0.681141336165021,10.0718572805137,-6.67530614709497,-5.20282159793121,2.27094041116992,0.628767021548226,-0.307336993666757,-0.230507801126813,1.04334679373731,0.0663878799349414,0.193029192489558,-2.436866319815,-1.92399554038207,-1.00643631182133,0.549567825571538,-3.80057406865141
"102",6915,-0.681586885467094,0.181403152437865,-0.72580678563253,0.132822311046543,4.81927413718717,-0.555174843038899,0.549051591070286,-0.47451008444905,-0.762819811763676,2.61348168979647,-0.669124982549963,-0.62915575153375,-7.28452337136102,-5.33394264274936,-3.21113500316418,4.80469007416903,1.7695082270614,3.46217314029814,0.366644035778071,3.3169900327612,0.338250691643964,0.5407763232498,0.562955951443468,4.39870379847789,8.03840590013226,-1.91152356677317,-0.342624228305103,0.0532655831792452,0.418017265765242,8.96630982489023,-4.88068312773806,-0.331666949991186,2.80103846421054,-1.12278636798956,0.939736665164567,1.68148368635941,1.8659917521349,2.24231910517286,1.27432417050824,-1.87299567470767,-0.914778479576983,-0.118967701060669,-1.14611968308495,-2.85092116962567,2.60302090216015,-0.733218637491143,-0.0590795081879819,0.0627829966117409,-1.87298800401395,-3.41958418789404,-0.232480575730723,-1.91510871441783,-1.81853334885623,1.39292928271325,0.315835158396344,0.149762929301215,1.30373056403913,1.47794905999444,-0.359416964359798,3.51203616774862,-0.134854103018257,-0.0281603145239024,-1.85059441009146,-1.49642892901693
"103",6929,-0.487457059526581,0.00146445434533159,-1.21360447252388,-0.11381765282779,3.64111888986121,-2.02111822625989,-1.23390086095607,-1.6863998111032,-1.10186580531026,0.312664743831493,-2.99533889933057,-0.515967180651799,-3.69413992114889,-3.22745513596744,0.392370570919992,-1.04456459180629,-0.66796449578988,2.20599616681221,0.779895239462388,5.17686897779635,-0.285896142200336,0.649896354517502,0.681719727139787,1.17193386877521,-0.301056286828446,-1.23071290119544,3.75019904612921,-0.117042654360163,0.405390070083691,2.72934518395244,2.18222023093218,0.0689350226862899,0.252386009657013,-0.112453649629408,8.95700327999355,-1.32601319235732,-1.90844973151403,5.20271324127503,4.52359279224341,-0.752818240675637,3.49411010500069,-6.12755603538301,-1.14611968308495,3.02973891110978,2.60302090216015,-0.733218637491143,-3.69114555684132,-1.33820719683614,-3.90503198936384,-0.328553123703597,-6.26060601427504,4.66031705260894,1.63963985591579,0.0787679060353474,0.150176284208344,0.177105315420958,0.112484871835645,0.164522797860612,0.19534068268558,0.282357817242306,-0.0167394248990892,0.535212105392208,-2.45607751375928,-1.42336212500887
"104",6932,-1.3189798141012,0.542562816926498,0.800910699532435,-0.820325657961918,2.50739193013632,-0.419838213875974,-0.779012623425739,-2.78257292899754,-4.49221024584485,2.54324710195122,3.3185719087301,2.0355126685358,-0.923523029760593,0.646353965650467,5.63578885247225,1.40875990391316,0.773851890453736,2.12715104492333,0.02479351822502,2.36205763911021,-0.595348142425916,-0.244556342171655,-0.0633870191206451,-2.34460716059393,-4.17457617267805,-13.2235524813133,-4.37972968957131,0.0393983419342239,6.80822361226806,2.32727056777577,-2.06084008378841,-1.38550186457387,0.317095844836264,-0.398406081465017,0.329047576127735,2.04588968692421,2.70098408312819,1.53278498767216,-1.07090916153832,-2.58089954684281,-1.86406412682888,-0.425190576590012,-1.14611968308495,-2.85092116962567,-4.15585660420507,-0.733218637491143,-5.51618733126177,-2.94331516681284,-1.54793671957971,-5.14692507670635,-1.67133466497884,-5.20282159793121,-2.03926780873529,-0.225460191547017,0.207532664611597,0.085378688333571,0.87857326077023,-0.0208147595615153,-0.359416964359798,4.54261067276263,-1.1991142298322,0.388469945260886,1.61222468841326,-0.791307199204023
"105",6938,-0.138023372833658,0.192110896995443,2.72260272075529,-0.578067663840663,-0.361241667117579,1.59519711383883,0.923272858418242,0.238344496561564,0.100015527051364,0.406497257705111,-0.147964263424511,-0.40305842047031,-0.621043686308817,-0.90716639897405,-0.00972999570631587,0.290187362841987,1.06058047420625,0.478577546468911,0.0538737429190655,0.380732852753999,0.712738791950544,-0.310359954683728,-0.802827469064201,-1.82979018662913,-2.92569417805052,1.23204553436871,-0.631223012568523,-0.30121076725511,0.34852628062954,9.17889533601332,8.89097371514938,-0.0423230103040566,-0.0107027677917406,-0.0107226645330473,1.12615754497581,1.93762857032764,-1.90844973151403,-3.42127150432449,0.191753004718059,0.595497304876311,1.02720804940852,0.828945164331975,0.139031625630834,-0.733883540560908,0.0684418372731933,1.22375831487038,0.00299694589608112,0.0389217610795314,-0.044415013051555,0.0160059272752795,0.258842035654164,0.369851739623977,0.71623403208837,0.476712493495635,0.0149760628799314,-0.0388546004542727,0.701844254090416,0.196983798470793,0.0739874473944038,0.0106415184375784,-0.600654047745639,0.52829680800366,-1.20429222078311,3.21406646313591
"106",6940,-1.36104127625889,0.688211018276788,1.53246282784065,0.567864913702601,-0.841376332690162,1.42849964003784,1.19051595805351,1.3604257540013,0.605020940689438,0.377392856048067,-0.0926668715269137,0.195921050757866,-0.964656431062951,-1.22632525376589,0.0894616492479313,0.505228184229632,0.645890365714645,0.403488397046012,0.33507493996299,0.247234845817682,-0.284499242143613,0.606248344629303,-0.0986770431982532,-6.12701870660603,-9.73568067953114,2.61133240434,2.31588611955055,-2.06399527506522,-0.404677147442217,2.72934518395244,0.505031859877882,-1.04065673785901,0.580545159996307,-0.182613106100903,0.948502537256006,1.41779163081498,2.60468647276987,1.45263265886012,-1.02526868397129,-2.61106590503039,-3.53105726538226,2.50226974901903,-1.14611968308495,3.02973891110978,-0.77641785102246,8.16213114597031,-0.448650495980843,-0.0144238896402356,4.97615268884527,15.2175148756072,-1.57267122479842,1.37260416909556,-0.567704742874859,0.465000879488681,0.210082177974985,-0.0415210983430652,1.3272926909547,0.945767682438019,-0.359416964359798,-0.121058795892832,-0.708826457784165,0.420207723070924,-1.19748903984302,1.30015405163184
"107",6945,-0.710706359358171,-0.279720610353124,-0.716909509971207,0.565586841115916,-2.2047081791066,1.4976712056327,12.9150422530938,2.87508510754242,0.496635813750816,1.02130399974498,-4.02544625241688,-4.00336176987766,3.92097943272048,0.0711585141182742,-4.6868961366111,-1.10235759354073,13.8319987270501,-2.32045772708926,-2.11142582372104,2.37959081877515,1.29527583687189,0.999080472906316,0.446120987756058,-4.8243657064436,-7.89358748930116,-1.86549795406952,1.90920809052865,-0.113668643955854,0.506159433324578,-5.77323967009297,3.85940860198651,2.14988005293832,-0.282786033356696,1.25424282959689,1.77658525416049,0.265012166951601,2.27461933255992,1.4453614560354,4.80016610969809,-1.07861490910147,5.84038236838937,-3.2071109451154,-1.14611968308495,3.02973891110978,2.60302090216015,-0.733218637491143,-3.43493624454396,0.0965817193486575,-1.09859225093905,-2.60137008266716,-0.508228471634864,1.37260416909556,-0.126235823116729,0.655696950541962,0.147144064035339,0.200095496418496,0.646252782666921,0.882815230173325,-0.359416964359798,-2.06728098008584,1.18539686898798,-0.603216239022009,3.59875352291891,-1.06613260498098
"108",6958,-1.26721186025822,0.767569208657676,0.323811485418384,-0.546920198769855,0.584283586123726,0.725467060023695,0.456493923505266,0.44069387440487,-0.34490074276085,0.238868878326249,-0.00297046608664325,-0.111606633914223,-0.316995335871796,-1.06852966441246,0.16834989196411,0.887339275481175,1.01314672134272,-0.261254412890558,0.293736961978535,0.521887638311142,-0.669880671227086,-0.0157358584759685,0.00418343730271293,-1.08972740635548,-0.585943997238381,-1.98840510579604,0.250619893250988,-1.60477244503342,-1.46165553312206,-0.487251745460931,-5.36512743881224,-0.462751907275481,0.874354863011092,-0.113549930388984,0.891816564398041,1.04767425716548,1.33947040608726,0.540181253227668,3.19901675440583,4.02754398678242,-0.97995970881801,-3.79823613951138,-1.14611968308495,3.02973891110978,0.913301525568846,-0.733218637491143,-5.76903559840297,-2.6788898654005,-2.85507786089962,-4.11052054341896,0.100514661520029,1.37260416909556,1.93395246908788,-0.57255470596266,-0.334843476952509,-1.26460593867294,0.77640263655622,-2.14252042869718,-0.359416964359798,-2.52926265474729,-0.921891812872595,-0.0120931667266977,6.40166407023511,1.00223684130522
"109",6961,-0.930720162220172,1.74679746398929,-1.13929277119804,0.068594847624697,-0.377961821177539,1.90752911899554,1.23093567349147,0.52941416504368,0.319320816841861,0.796045861509648,-0.168461197743734,-0.421165035908639,0.267876083122045,-0.648997794622498,-0.0937455963025981,0.635017264412218,1.16237305886444,0.412374799819659,1.0747001922964,0.350479673571521,-3.19858136680707,-2.01263251055079,-1.45602823539396,-1.01709969090504,2.18486164702521,-5.57816486722533,-7.9549707981213,0.139848439338665,0.375672854998575,-0.147381475114314,-5.36512743881224,-0.034428040388082,0.873648153231741,-0.941002528628275,1.27517737053025,-0.232030274624809,1.72115589773195,1.10987153965757,-1.31004358399571,4.49612808396279,1.0417923494512,-4.36198097507472,4.97364845365686,3.02973891110978,2.60302090216015,-0.733218637491143,1.01119217706119,-0.728504747464308,-1.85427888826238,-1.14676722893048,-0.595863956504504,-0.271252272661133,6.27506351337616,-0.41348372123143,-0.256706608775519,-0.709744540664979,0.35985701022732,-1.01279788825254,-0.359416964359798,2.25402453059359,-1.56396987822199,2.34397246374977,0.495346473479038,0.450600364096325
"110",6963,-0.390392146556325,0.92298597925316,-0.980259699826691,-0.123067260313687,0.302487530570098,1.05101660403148,0.570100040366712,0.736825757989843,-0.182451416411653,0.794048908003007,-0.162236770814819,-0.615803323819517,-1.25715817409185,-0.585883227251291,0.802393990843012,1.07110803534459,1.41899621948967,0.600795207447446,0.456714522159447,0.735804589038893,-1.0348723428135,-0.074660677717519,-0.292895517495056,4.27291962496442,6.19221241141479,3.46813967945643,3.95420242248239,-0.546509688095715,0.595627498732904,10.5746082895969,3.02081441645936,-0.061461397835544,0.195496817110324,-0.302145587622464,0.970125021748218,0.471233530831258,-0.241155738052106,1.69782438201932,0.416237168280116,-0.0469254590863319,2.78707016023736,4.02062320416966,-1.14611968308495,-2.85092116962567,5.98245965534276,-0.733218637491143,-0.706165532380125,-1.83756675727274,0.934802747282643,2.88975569018881,3.64901660171981,4.66031705260894,2.59615584872508,-0.540890904169934,-0.228814201979713,-1.17800942775573,-0.208420801955088,-2.1348670580824,-0.359416964359798,0.550591484961125,0.161924404037671,-1.10197882971642,-3.78269779707641,-2.99796753936965
"111",6979,-1.48722566312022,0.521280932297756,-0.0260612715985876,-0.769401651650698,-0.599830301963786,0.0266614973926848,0.362785747183493,0.61416034062991,-0.64290756363042,0.74673146007685,-0.251020322056357,0.167739178114771,-0.582301200985396,-0.677264395747354,0.506399228256691,1.07636650625259,1.35791978772243,-0.155105467810074,0.786000181777314,0.507155716802244,0.54629963625873,0.161038599248687,0.32542840005083,-0.500619314398045,-0.254254241784467,-1.44010672249298,2.06449159845184,-3.86904596443765,1.54026559025458,-5.29579084634685,0.0739858223680413,-0.871889037134093,0.655831632641403,0.113802303012654,-0.0321063540395,2.3075929607695,2.5679022017543,1.55645867128753,-0.631822814897797,-2.69352061740977,-1.30074207282765,8.83613726979822,4.97364845365686,-2.85092116962567,-4.15585660420507,-0.733218637491143,4.03671884599456,-2.98142156989858,-0.254691710655551,3.88979515213277,3.98828552021402,-5.20282159793121,2.74331215531112,0.848829852670356,0.0212406856556955,-0.262241147238598,1.25802262299021,0.909628311750466,-0.359416964359798,0.765946019457156,-1.17436084551638,0.498744857293143,1.63943741217361,-0.552282043414394
"112",6986,-1.18632443291243,0.810230276367476,-0.0236284727312685,0.0705842043505336,0.175803684931117,0.0363446194589799,-0.139520391605079,-0.270424032409886,0.0462428973188271,-0.125981763155699,-0.211279011187883,-0.716650478144379,-0.115731178610492,-0.634184822818829,-0.185268702610574,-0.31364010801374,-0.383050970814628,-0.305762691256962,-0.0713984633701202,-0.356515900155655,-0.161066775431476,-1.00249275399481,0.0879008486581922,-1.32011858674885,-0.284025589467151,0.214897271751462,-0.173836458668906,-0.168977414034585,-0.252596020266478,-0.205175336881275,-0.0107743586572616,-0.389663579206975,-0.0273282938448076,-0.159817114846114,-0.601888039982956,-0.414080291699581,-0.624646809890975,-0.645193904941992,-1.23913316230892,-0.051953185450928,-0.911836924618192,-0.240217667537093,-0.656538232145601,-0.263430734102072,0.406385712591455,-0.377404646152684,0.537106131136254,-0.826842462627393,-0.851382311327669,-0.0823615907086628,-0.624700589248148,0.0410804512726383,1.37475850406091,-0.671820531113088,0.51360842660632,-0.240974790162043,-0.922182874107198,-1.65926474103764,0.796328133651406,0.784496360547408,-0.973654580243979,0.853412697467539,0.598006473864964,-0.0197648928054826
"113",6987,-1.03102057216002,1.14445035201407,0.355618099692654,0.223517376795963,5.04061528089112,-0.533123934306932,-0.62635598308547,-3.60186972635297,-0.873984390020486,1.76590684048855,-4.94895808128766,1.33885304703819,1.18235889105762,0.0752346888022794,-1.33931268519174,2.74662331815767,1.44464720061446,-7.64448469471062,-2.3488918956677,1.36433779970565,0.0469821691832903,0.649896354517502,-1.21850068400132,-1.10219650757673,-0.0158018238719243,0.226846152920753,0.9880517941493,0.483327677949834,0.30962228592198,-0.128426885905823,0.0782328124144938,-1.44357753460236,-2.01743731323935,1.55457897476011,-0.255343896634783,-0.0069409818046301,-0.696976228259401,0.0481068295081653,-0.499113187321668,-0.430400204366813,-0.96736066438501,0.87113604613547,-0.166956781206255,-0.028204330872654,-0.0329413253222852,-0.555311641821914,-0.0702325338487331,-1.15996863840293,-0.346042605190982,-0.135454594870052,-1.05883786090183,-0.419199352419235,1.63228204058649,-0.256403069113061,0.159446617444736,0.153463329079213,0.705176870157818,0.0106278379654578,-0.359416964359798,4.49996621048619,-1.50350128183787,-0.752282196766377,4.34710342632858,0.139446505437733
"114",6989,-0.516576533417658,0.797942099717604,-2.79323671346009,0.307156161412859,-0.259851043986288,0.315875916466276,-0.14732910666649,0.537121427994982,0.22636292718476,0.28577204596044,-0.685978884908381,0.438479695372893,-0.312104167086517,-1.16009563940412,-0.53647088134034,0.225493302766179,0.145555988493413,0.385776766516732,0.738013516586002,0.00911400584801678,-0.743603820352823,-0.528600030313538,0.167076691204818,-1.19441007402958,-0.498813394061006,-0.629208514537311,-1.50978042762427,3.23798900136914,0.142527276908233,-0.116184973722984,-0.345045799409653,-0.842782502616102,2.03008233982018,-1.4749334533629,0.23262298312192,-1.62468740804553,-1.42515609952803,-0.224140532068606,-0.206323626157287,0.00244681381400288,-0.648784886576606,0.964816268601283,1.17939220887694,-0.733883540560908,0.0684418372731933,0.334223336524233,-0.119897279013407,-0.601090189946668,0.387333465880374,1.09386664189416,-0.530997523366514,-0.797286334023274,1.08191745395469,0.441938877407407,0.320997443176932,-0.136354090364273,1.06166212762964,1.2801817666396,-0.359416964359798,0.645475413526208,-0.530235658983945,0.248732521443839,0.414864842957798,-0.434440951470803
"115",6990,-0.545696007308735,-0.364341991608076,1.34162314219503,-0.326678660143195,3.9780628988329,-2.49217970503748,-0.482933183959381,0.818162982792428,4.50282270913952,7.03245682716557,0.708787133636298,7.3181837764436,-5.96417211517027,-2.46966553550029,-4.13894636292079,7.21481039615943,0.278186771785406,5.68393494740599,5.22564903482064,2.83402512398852,1.12883668118008,0.300712249223095,0.239166310336744,-0.365410106288489,0.124697678054192,-1.87705176560187,-0.866944794901196,0.731653704686995,-1.46652502403296,-0.315004814420854,1.05551712493833,-0.1211644071379,0.289626986840324,-0.0860917335006847,0.421381428824214,0.0207489787756489,0.662484043854765,0.509067269047466,1.94103082476099,0.331441116207719,0.429261827230175,2.63392935622086,1.11819452750952,0.118812171145732,-0.911595401149764,0.156316340855003,-1.29430834117452,0.422119750509727,1.17502419887353,0.420203695257359,-0.062031028053312,-1.06030336470435,-0.00336030711738227,0.462436902856084,0.295585857282246,0.19553948596606,0.240194062478155,0.313742602756142,-0.0242508859365485,0.37027648363557,0.584927157081502,-0.0769905331376098,-2.32681707589761,-0.36487069683296
"116",6992,-0.778651798437351,-0.752106246218239,-0.302993828497232,-0.8627277205824,6.93295735569604,-2.36384146140993,-1.10252256550731,0.131785774948029,0.667513849134766,4.06465440357084,-2.88781744674916,3.64222569657112,-6.47630676520143,1.10414124987622,5.58245002448572,2.77264734545211,2.15679753414243,1.28410711045534,-4.05522871433755,5.75071143650634,0.130201747029197,0.649896354517502,0.721307660289481,-0.32768496229916,-0.589975287162526,-0.187343866774408,-0.554570714843946,0.935338057029711,0.0664419172072981,0.0887675443177094,-0.06615103658049,-0.507109800546101,0.37284306834717,0.100124674491889,0.565141731123792,-0.539577516355325,0.567531767758768,-0.258636471051002,1.28948583489189,0.0309238559430756,-0.553190230166003,2.49850049971683,0.62861307657018,-0.292834034505749,0.203619387400498,1.04585131920115,-0.890557116507636,0.540965337733477,0.509521193027,0.756035129113815,-1.57874762817466,-0.961671978198944,-0.136536764577752,0.594007833505414,0.209087974905266,0.228388449070203,1.13712814220957,0.888323740230469,-0.359416964359798,-0.177847004824294,-0.284362937271078,0.358893521957031,-3.13639560776806,-0.955295799621532
"117",6997,-0.710706359358171,0.116667871905202,0.0385718296753343,-0.0658022440166817,0.227212837337428,-0.0424350910683157,-0.122568113746659,-0.206569012340504,-0.0828400001426539,0.0192819769597729,-0.0634462735354804,0.016799862902696,-0.148112569577705,-0.453874529472192,-0.417627141354151,-0.256042535569406,-0.179559544390517,-0.367450420600096,-0.621598366194027,-0.289909720997988,-1.0348723428135,-0.0222830606139202,-0.505918029823403,-0.494259672182925,-0.243863949857119,0.566992221260371,0.699610685096433,0.0520905816418402,-0.12868149891095,-0.825796791204765,0.0508167126942219,0.114811459094512,2.41556040201247,-0.152599688709331,-0.58435629580008,-0.171091963587176,0.106259133435596,-0.713340294206237,-1.04208870835054,-0.406689446831377,-0.693438228428182,-0.548041613475613,-0.778933594880437,-0.675076939753552,0.693638006611976,-0.555311641821914,0.307945545032473,-1.01083674472668,-0.883825944560196,-0.374736764309736,-0.462642825430888,0.221904659865874,0.800848908375345,-0.0115672979998051,0.451583107372354,-0.171929813185818,-0.755738336416306,-1.00057706155122,0.796328133651406,-0.309334096843322,-0.497337316473508,0.366469884050899,0.295128858412252,-0.074121763142518
"118",7000,-0.788358289734376,0.435052441933366,-0.280514185792748,0.302581440481319,3.94474761181882,-1.26284279566407,-0.653706257205684,0.141536090329093,1.04814678068473,-1.94596257450523,-2.06481812594946,0.13910175709628,-2.10242862408415,-2.06657579739127,-3.17129352568872,-0.432270337740535,-0.706312436149914,-5.45579722636172,2.83233177755819,1.58736323085513,0.338004500427484,0.671720366008805,0.229739986341825,-0.553777608237523,-0.517032359751176,-1.4647985748018,0.109279125856664,2.63102920868376,-0.556680829719554,0.528188387417405,-0.278635318775827,-0.71956263905714,0.388481181060402,0.0476737533906413,0.703058118695747,-1.01489634244886,1.14110440945573,0.0645093102988132,4.42777131010068,-0.0752818357826544,-0.714022393425354,-0.214798956974925,0.0778339442634174,-0.410447236120458,0.0684418372731933,0.245269838689616,-6.72446295608539,-0.644664033475144,-2.72846865462724,0.131465028790628,-1.37703529758524,0.0903961445253395,0.797170000710694,-0.0365881563260812,0.0661217871986146,-0.133917787905503,1.22620711781724,0.124138257572279,0.796328133651406,3.03583967232835,0.187544874826691,-0.648076350062704,0.292407586036217,-1.01478165087632
"119",7002,-0.594228463793864,0.426385441515171,-0.607350048223151,0.994765034127881,2.59633970940823,-0.226149157473514,0.496706907317428,3.86166534098736,12.7238034970772,1.46056047832712,-6.20235574336675,-4.00123191221747,-2.22603820035642,-0.836642595723236,-0.408245823169101,3.91402628157037,-0.01142878057605,-2.89690575920312,1.80465882426528,4.15379791766886,0.29664090272101,0.606248344629303,0.167076691204818,-0.453170424578571,0.0744730731186555,-1.20165454172432,-1.18609890901232,0.0684407973209463,-0.527044775679396,-0.660185194763854,-0.774449874294375,-0.952581555459196,-0.282786033356696,0.717420385208555,1.4241971960847,-1.48700252118226,-1.38681407305079,-0.213656472181793,0.339132207859496,0.514007915958936,0.786097558663763,1.96322168300773,0.56741539520276,0.089408870742055,0.423282906357367,0.690037327862691,-0.113456144498329,-0.344040962731612,0.40954944916871,1.50097361558371,-1.21106579548641,0.0575190156902056,1.28278581244464,-0.574988418458704,-0.485003370051041,-0.631826280767199,-0.125602325875627,-0.28530249244696,0.796328133651406,0.0220133750446298,0.129419269167836,-0.510492518986073,0.0220491754771251,0.828286905194525
"120",7003,-0.904836185298684,-0.14560585362995,0.000637314927046077,0.0884407157089163,0.191879078206894,-0.3364718970915,-0.31807685992519,-0.403014350555595,-0.111939023557601,0.0416291555308301,-0.0197895040074012,0.192506486776602,-0.193939958914984,-0.40617860969259,0.090412755477934,-0.331639247238678,-0.129712817379009,-0.299051937186569,0.229362400217323,-0.0900069376720557,-0.312118770492567,-0.650814465857139,-0.86220935691236,-1.00879666552017,-0.137622993813558,0.672642731245311,0.970028986093368,-0.0187262733614673,-0.173934766718837,-0.184503828237052,0.0444517928101796,-0.426104275400885,0.488170091033669,-0.642284907044795,-1.01154646238948,0.426766411814674,-0.440194401814858,-0.97730186651763,-0.939385034884919,-0.69688981259587,-0.95635041241476,-0.293527697356774,-0.472945188043347,-0.792690141368261,0.592254844016498,-0.64426513965653,0.104235447824065,-0.88652040345993,-0.956495467358392,-0.564562436722372,-0.54021370815257,0.0903961445253395,0.37924609000633,0.247338692795617,0.156294831871837,0.683928069248095,-0.364499989029258,0.11415506811248,0.0870583740980975,3.02873226194895,-0.847250197053787,-0.0878195427139128,2.18369188738064,0.332270453785141
"121",7008,0.803506282977829,-0.413628660315925,0.139384013210456,1.35504161213944,-0.451822579200239,-0.187993398153218,-1.14486016526246,3.1028448853941,2.56846426314861,-2.52076070642953,5.86241285850088,3.25973397331153,1.12661381872152,2.1620264705343,-1.44191851369071,-2.04852124542376,-1.30589287577423,-2.08584506265889,-2.84346193683664,-2.02204613459925,1.3784954147178,0.802664408767809,0.32542840005083,-0.469254199267824,-0.744607173931841,-1.59753012072497,-0.31522683174745,1.29133837986284,10.4286709806455,-0.38141786899194,-0.592711915008771,-0.0885080107437816,-2.21017634434128,-1.86692531585114,0.985903591512807,-1.35859861558162,-0.72359968524083,0.705051549834718,1.73083433549189,1.41393071341074,0.314455507479356,1.40944607274211,0.995799164774689,0.442248475586182,-0.286399231810981,1.66852580404345,-0.969221478661709,0.213449087212218,1.58991857510258,1.18096098776164,0.489485594337224,-0.419199352419235,-0.0806173680750554,-0.0210495573347349,-0.473503317094022,-0.199760043438222,0.526695196304107,0.227291115581965,-0.359416964359798,0.147885612863927,2.63773176486117,-1.11659236651953,0.131036134137333,1.2766825775699
"122",7013,-1.38045425885294,0.484139744469721,0.991750385178056,0.185755822992022,0.358273577261472,-0.765803675057192,-0.293446668455184,-0.505583962084926,-0.232032922461051,0.142378196746206,-0.184498603682991,0.330460441405134,-0.640677228066398,-1.00386107458408,-0.00635864204320188,0.0995573152725091,0.312019133946028,0.0432015297133657,0.550448118316769,-0.120619928911631,-0.136103058926523,0.366184270602597,-1.93108333817923,-1.46671876588893,-0.617129756201398,0.612934869340278,1.79456049613921,0.00489649629444198,0.229005628393569,0.577007540033794,1.28358308192295,-1.12521431554891,-0.282786033356696,0.125349911210422,-1.70697231497688,2.76032126653696,1.0632874434382,-0.648068566523858,0.417481576404938,-1.3391718002203,-1.39209238965894,0.0515844494028695,-0.840131276247856,-0.528060437735167,0.0515446435072806,-0.377404646152684,-0.789222692074509,-1.39766975365123,-0.790200824919527,-0.366918273970902,-0.496493746921501,-0.304129401496267,-0.60302225645551,1.33956678479457,0.270323886746164,0.293944423265543,1.17575682596604,1.3978012622786,-0.359416964359798,1.5503909030323,-0.891288859541313,-0.440658395279398,-1.05462224010118,0.114606739165905
"123",7014,-0.011838985972325,-0.120309570039941,0.419460335863969,0.71159798884685,0.123585923466456,3.08298233786374,-2.52070426986973,0.0532227204676916,-0.131959389836827,-2.45627087213041,-5.87003243883171,-2.98815291191818,0.592085521074385,2.60602319007149,-0.414235601059171,-1.47781127971203,0.0908495572782858,-2.79432153797796,1.15600098340759,1.08916533395649,0.54629963625873,0.632437153181102,0.32542840005083,-0.426901372038046,0.585130560671894,-0.0306878913121681,-0.371914613205207,0.67453381113205,4.01153472854904,-0.632019438316503,-0.708093906650392,-0.169909456826642,0.558519837384658,-0.146746298575986,0.534168983067378,-1.47644667985607,-1.70972969955026,-0.410486241669598,0.471579880774384,0.129286294540036,0.162564344151141,1.61671839937412,0.62861307657018,0.265828673164117,-0.0498385190881979,0.334223336524233,-0.532923712837758,-0.34222510978457,0.591836115409482,0.71076061529126,-1.15904104870931,0.0739575801077722,0.560984128640095,0.587699830810703,-0.19687342721755,-0.0808195140304891,0.322239921072554,1.47097968628001,0.796328133651406,-0.130511651697443,0.780995389488733,-0.481226062772674,0.0756582412850172,-0.240286608863418
"124",7025,-0.840126243189093,0.0125374364946175,0.41986746052668,0.0619993258400933,0.10014136330449,0.328704803753357,-0.0312901800374327,-0.375836819474503,-0.0192534959654598,0.0160242708742979,-0.322140741840062,0.0702238841373355,-0.345404407258206,-0.221757314528196,-0.278428803999875,-0.252204800033167,-0.0749916567079762,0.0625930115932678,-0.324376487043237,-0.185497647441928,-1.1180919206594,0.18722740780049,-0.86220935691236,-0.0193610436256494,-0.529273774545025,-0.041658975130028,-1.33615521796088,0.251907723392908,0.0432548088253344,-0.309066364467952,-0.134177831141648,-0.373094614960552,-0.0860178387056051,0.169298730008785,1.41835328135707,-0.561097154228029,-1.05876493423442,-2.57578280377552,-1.06148733892366,-0.695120052915532,-0.37740712244949,-0.374823411819814,-0.411747506675928,-0.557463738138843,0.473974487655107,-0.377404646152684,0.472180556418257,-0.722139321348855,-0.75094041498999,-0.293460829857199,-0.838322866507535,0.336974610788843,0.611017272879349,0.100231692292758,0.406602649734184,0.459183602805171,0.375451102096121,0.202444561215834,-0.128267944757557,0.184701998629255,-1.06379119549419,0.359894967330459,1.07477339414632,1.0085141449512
"125",7026,-1.11837899383325,0.692294549922933,0.00574534267568256,-0.621328317888402,4.59240059393453,1.26731963059131,0.239402522657422,3.2171210397387,3.49600606307964,-0.425043827065072,-1.69443140862678,-2.08723903646038,2.70445847675223,-1.92191108305065,1.20687920725056,0.890742397473397,-0.646458079090607,-0.904983702110912,3.70950564390213,5.0709069799178,-0.551572398059422,0.0497361629035338,0.32542840005083,-1.08362792961241,0.0944729442896398,-1.26418715153348,-0.554855061712418,3.67207206591451,1.2359315786914,-0.537930888874866,-0.900696695120268,-0.742156987366795,0.607298873838736,-0.0458598032288337,1.0484334790984,-1.71117391475668,-1.94456133539842,-0.124880158624154,0.314540968218123,-0.181829412901177,-0.833665227583001,1.65767716503015,0.62861307657018,0.971507882852371,-0.55675433206559,0.423176834358845,-0.148464554135423,-0.549838734596483,-0.0701681651653566,0.739125370939126,-0.477039698556271,-0.534269303342204,1.71174644614295,-0.387947219368518,-0.0899486631640713,-0.440166725692836,0.237062673019665,-0.823183269032419,-0.359416964359798,0.235519982842015,-0.717269512425802,0.558067233255151,2.29254278242205,-0.247425570721295
"126",7028,-1.32221531107079,0.934945884809835,-0.153287728695668,0.157465095579392,-4.50694618001031,0.45847189529764,-1.6417078272923,-0.486265183258199,3.02471818583739,-6.36203544650726,5.41351534227878,-0.420667430539632,0.808880015203822,-0.76022637572493,-0.398227122206397,-3.74544821526059,-2.27217048763944,-2.11402078839221,-4.84191180908451,-4.6334415587457,-0.0362374086626164,-0.834136125719746,-0.268390478430765,-0.994297796347481,-0.119088103171329,0.105027418043996,0.171939963183936,0.317153771332201,-0.443993534376959,0.146042691381385,0.153742861249082,-1.08732285589843,-0.100508448559542,-0.180491896650376,-1.12433401663265,1.29331429421007,0.0795648693877272,-0.336928724721834,0.218576451293481,-1.41764455331892,-1.19585027162511,0.169630835367122,0.0166362628959979,-0.557463738138843,-0.624343107129242,0.0673628430203868,-0.445918532762989,-1.37101515309282,-0.338346886057326,-0.154728082682063,-1.05063845359543,-0.0246738063976295,-0.213058044002494,1.37139604142478,0.0348766552750608,0.309016960317014,1.53657735748232,1.50084843099022,-0.359416964359798,1.88443919086443,-1.17953088100229,0.60409372142325,0.353636214497008,0.0792416482026255
"127",7031,-1.05043355475407,0.303883297277314,0.419231328241194,-0.0120486098309381,1.67998630525968,-1.36270091400001,-0.370048595228519,-1.49553599653401,-0.610759982144832,-2.8953486042433,-0.772565048807704,0.415120567934002,0.793752948095012,-0.929772174977255,-2.49027126385925,-2.13593963417282,-0.966173157912486,-4.16770570873465,-0.0888535900744754,-0.736592636675416,0.0006605669639394,0.278888237731791,0.379515402849713,-1.20937610167966,0.0495315483984395,-0.757879732266813,-0.106874099867157,0.167981097558264,0.473338794779188,-0.246880564288798,0.5144038122711,-1.239167130342,0.362836182200149,0.0569358302742758,0.203987800956557,0.525389586330808,0.748018980114246,0.135868556625148,1.10066559966661,-0.550140535466035,-1.02262947498849,-0.0685125840862029,-0.105759099838838,-0.410447236120458,-0.134324487917764,0.601083830028074,-1.19088292839086,-0.350492542454042,-0.951006881065748,-0.23727679463162,-1.24442536030151,-0.369883659166535,-0.138008327643612,1.25149363598891,0.0545351991805271,0.039300829843943,1.45659195231695,1.63824465581082,0.796328133651406,3.06426931384598,-0.493751073537284,-0.633763342626219,-1.77575941975049,-0.132106871601738
"128",7036,-0.924249167892735,-0.373192037982383,0.0352603412820744,0.218090364589294,0.326867240401156,-0.63063392162366,-0.208983378385294,0.49377846803108,0.189970511634472,0.0466279346276615,-0.387310572385753,0.0229502832736266,-0.0773911027711228,-0.309711392815817,-0.549703485057591,0.241855196401662,0.0592034881493748,-0.250167912487974,0.147946688104022,-0.05665186459001,1.12883668118008,0.527681918973901,0.32542840005083,0.275637166430384,-0.124568528824873,-0.354305233716265,1.00352788181003,-1.72445716756895,-2.01173404694381,0.00999766717365894,0.993248677374603,-0.219761441786539,0.136133525462251,0.0988083897848966,-0.995767892624893,0.754048487328926,0.257998676816448,0.85351936565112,-0.0004870378464179,-0.659181864861398,0.112225283991157,-0.06582847128055,-0.289352143941092,-0.204624133294716,0.355694131293715,-0.466358143987301,0.443097801535134,0.0626869022039593,-0.666514486744847,-0.457649126972726,-0.228115711018716,-0.172620886155732,-0.385230922708166,0.361596777138587,0.752809541121637,0.710382316572253,0.608810863735364,0.195964701999077,-0.137513905541646,-2.35868480564152,-1.09277529976402,-0.707343003992015,-0.279059612931163,-1.85247961267938
"129",7062,-1.39986724144699,0.337755854424058,1.02355699945233,0.428433460606221,-1.2576082196289,1.16446463943257,-0.0207295343176253,-0.134865051502297,0.407099553509102,-4.30688987124107,4.97184891682278,-2.36130533369404,2.11376808125795,-3.87504465589582,-2.14542873859825,-1.38393722014699,-1.12490332951641,-1.45986856856883,1.16400999420187,-2.58109587438553,1.12883668118008,0.0637658873824593,0.32542840005083,-1.21931044362381,-0.634480197907905,-0.9830239923151,-0.0764144381247349,3.4879354415019,-0.460311170781986,0.621899781391638,-0.542649137694802,-2.26665427999691,-2.98113246873164,1.11133992746594,0.238466897849546,-0.287818151005705,0.326292092397796,0.132148406342736,0.76141471546333,-0.803155837037974,-0.935706609952689,1.7824359271086,-0.0445614184714189,-0.263430734102072,-0.370885200640546,0.245269838689616,-1.14065926612184,-0.598807119361792,0.327268060855726,0.834765508572313,-1.25569127438133,-1.02742623586921,1.18345530549906,0.0789103998779948,0.11407383862854,-0.222079462619388,1.62165876184503,-0.655215405751014,0.796328133651406,-1.27835842797167,-0.675155972585389,0.137842737034728,2.2041014302009,0.31248284336521
"130",7063,-0.904836185298684,0.154210983100382,-0.171946672471138,0.0943466854656142,0.438813168904259,1.22262871838545,-0.265242268137945,-0.0785657972894348,0.657292817450534,0.33978549947613,-0.41395631262589,-0.291070629324921,-0.0441338457459971,0.0255304000823742,-0.0153324318356304,0.267911039166487,0.600882555324406,-0.305116143567814,0.269207547949056,0.472285301367,0.712738791950544,-0.127038294821121,0.32542840005083,0.00249955526621043,0.277525243341126,-0.211147800074215,-0.77092590656781,-1.02453921396652,1.86646938955045,-0.0153603013257003,-0.00720773027338045,-0.195801631041868,-0.310220426411187,-0.0949425200528335,-0.51013857875924,-6.32346464146865,-8.74133164297095,-9.50879014827709,0.443413409713548,1.17837167777668,0.351245523589438,0.196908845057285,0.0778339442634174,-0.263430734102072,0.980890300632498,0.86794432353192,-0.2817624559536,0.21031773495865,0.547929861716552,0.712760694215149,0.202545058989667,0.304097481953709,0.975229131679807,-0.169204154914224,1.67658649806061,1.41395528290403,-1.30786466309902,-0.068862596544236,0.294676668106977,0.0796544732216202,-0.593199578269373,0.57035217585662,-0.080406729480598,0.913428361688622
"131",7071,-1.1377919764273,0.522792311543381,0.514651171064004,0.627176453747065,0.814258566168351,0.428121096938946,-1.22237429551101,3.33421491125213,3.81169530065106,-1.59040985920333,-1.26117248007939,-1.49742576568214,-1.29500436972348,-4.31774339480178,-2.47990698110276,7.29644574845409,-0.494758454803573,-6.27418537265711,-0.946654010820274,0.303541672841161,-0.404224915218936,0.0170001522137826,0.622337839291628,-0.680144281073525,0.343559307092723,-0.647867653490042,0.761755091818349,2.29650579693225,-1.34456538877238,-0.584561792672918,-0.86847089364649,-0.452538143142887,0.670886692514757,-0.397572388391959,0.709486424896134,-2.02167883183463,-2.06369422468366,-0.693724956353504,0.840752775583782,-0.0368096736407642,-0.558383729397927,2.30795780791782,-0.350549825308511,0.265828673164117,0.305002549995976,-0.199497650483455,-1.3643147957898,-0.506682404701816,0.402674759857436,0.835674635355899,-1.34140936542094,-0.0904280640678972,2.21281367006843,-0.804724935919418,-0.523357650492748,-1.03812605756054,0.633857389853939,-1.79278458363284,0.796328133651406,0.356417033395727,-0.179700710636169,-0.190150308462538,0.455683928598326,-2.83265257963582
"132",7072,-0.477750568229556,2.014232885442,0.0409592595880525,-0.215592933050759,0.0272448041889575,-0.504876941421907,-0.192807975736845,-0.318048193870582,-0.298461152080021,-0.309082725072121,-0.034976197504957,0.3696305383826,-0.702275795406709,-0.180383878661971,0.100352830081885,0.0515960608612715,-0.281152517513734,-0.0236738595098303,-0.0205161880566359,-0.231941559569955,-1.53418980988894,0.161038599248687,0.0879008486581922,-1.4513673113527,-0.437949034781257,1.34375147421385,1.93819109734975,-0.190414718775554,0.0938193529495329,-0.0500869639652829,1.02865130026493,-0.523734218351182,-0.578912001509883,0.279443445570663,-1.37854430728434,1.637220544953,-0.0528443448550114,-0.66159638573264,-0.314030444975301,-0.969935576004359,-0.825065673137517,-0.608230762130113,-0.472945188043347,-0.675076939753552,0.795021169207455,-0.199497650483455,0.112941963544806,-0.775919053703772,-0.641952674669069,-0.3009156694826,-0.460955303202666,0.0903961445253395,-0.0850320572726364,0.707812756147678,1.62953303703226,1.60046866597987,-1.26037623457345,-0.018321868232905,-0.359416964359798,0.627280442954926,-0.814308757338683,0.790704246689147,-0.295931501662581,-0.149003085850477
"133",7077,-1.16367595334879,2.58590259562475,-0.207222535309336,-0.0917432349268062,0.53014732950061,-0.0332563366710498,0.153836190332005,-0.670763390078578,-0.13983109260383,-0.345946702090322,-0.304364798917491,-0.391339074643579,-0.342979370465611,-0.584673536948599,-0.430722517896068,0.0241505914152445,-0.106052590195866,-0.191067571031069,0.418000307786971,0.076316071030492,-4.00997225080466,-5.97368980401067,-3.17810298299058,-1.26824794597819,-0.095182532825022,-0.309829281663504,0.0592925408475034,-0.088853168862206,-0.208005301221553,-0.358261295491264,-0.184092182927177,-0.497352592620893,0.262253177276715,-0.0240161642807587,-0.701818981825346,-0.674151744663537,-1.21797462312469,-1.19679073318014,-0.484668705314893,-0.328498246409177,-0.777932756689041,0.333160290257604,0.445020032467924,-0.410447236120458,0.507768875186932,-0.377404646152684,-0.239102170261082,-1.14774476701308,-0.483063018218894,0.441659087349975,-0.0210099750853022,0.287658917536142,1.93248090602202,-0.625681544014691,-0.282807645489384,-0.896522291321882,-0.50001655216721,-1.94353279267449,-0.359416964359798,0.872486101044466,-1.98971497744987,-1.26830057315026,0.196006512115172,0.26617141472282
"134",7081,-1.23485688939756,1.18307987193315,-1.17109938547231,-0.139056388207097,6.37748223165172,0.299544104462167,-1.34840804846225,-1.04164178922611,-0.634663170076326,-2.29203373064088,7.16101911264253,-1.67738218569833,0.713730874242948,-2.84033644699714,0.635087555977915,-2.03699263911028,-1.21642818766047,-0.268030301071112,5.99856424078779,7.57695639253139,-2.61604432188572,-2.16540056480109,-1.33726445969764,-0.839539607414544,-0.354467291870173,-1.51323707531309,0.371630302457376,-0.139469631817188,-0.283627287004513,0.147250197705301,0.591534254407642,-0.65736395983925,0.0432641609151218,0.484478853897053,0.449432219516814,0.648796040482335,1.11936664005866,0.247134869617392,0.278162660564051,-1.09671472401402,-2.47098032770651,1.21855196476974,4.97364845365686,-2.85092116962567,-4.15585660420507,-0.733218637491143,-0.320764334196044,-0.977024767588694,-1.06081460176155,0.0809175796232787,-0.872133597227683,1.37260416909556,1.23790313893589,-0.0334192617424148,-0.30845317100017,-0.487443076257349,1.10617472668333,0.0977956049205855,0.138709172883031,0.438649771485466,-0.684715637500825,0.841983146394429,-0.480569832376565,-0.206804064379786
"135",7092,-0.778651798437351,0.61032987807258,-1.26651922829512,2.17321818017344,1.19045786343825,2.18173826015114,0.014375390186353,-0.26593847908106,-3.09528546973807,-2.0569994813891,-1.85961490696115,-4.34210809358,-1.69090930743375,0.288022382590143,0.0488837993763213,-1.05399755963361,-0.383866519459249,-1.88784720080383,3.58682737480406,-1.15816049495162,-0.290896401946942,0.344360259111294,0.167076691204818,-1.32755445323705,0.142289519989063,-0.0464353670406527,1.60429169360435,2.79460178380961,0.818493627842157,-0.161287354683016,-1.01676462422834,-0.102768701845796,0.321129597415737,-0.345786921767118,0.683188808621822,-1.44921566889867,-1.50792956019635,0.478122382607374,-0.226096314344632,-0.391525824115755,-0.170053536747944,1.50002899027592,0.62861307657018,-0.0870109316800072,-0.573651525831503,-0.110544152648842,0.726951915926413,-0.607091120032605,-0.0617530075522314,0.806946228994599,-1.11841528667278,-0.419199352419235,1.16947545637338,0.0306176194469254,-0.323652047874419,-0.175413127499795,0.468330909905407,0.381786249202138,-0.359416964359798,-0.339540590955802,-0.69012838107255,-0.168530356574336,0.870677965943685,0.134815362573494
"136",7102,-0.128316881536633,-0.11822636608843,0.228391642595573,0.569427995792552,-0.599039819608745,-1.1333892734223,-1.42781242789763,1.46478469335592,1.46460250861893,-5.65992165566899,-1.07545781053314,-3.08712323707312,-6.3441675512661,-1.07719431745595,-2.67801797551621,-3.7208126314917,-1.9858940958767,-5.39693865417391,3.12885814186324,-0.861344677494497,1.12883668118008,0.115208184283036,0.562955951443468,-0.0864162595714842,-0.0118666148091324,-0.599727430554654,-0.667746969206796,-0.499746687471901,-0.147942653318419,-0.052096535390199,-0.309110418583861,-0.00660529862676121,0.246110518585109,-0.372866146079672,0.902335610907766,-0.439118543347679,-1.31267907448814,-0.0665414382862725,1.59148675706294,1.10321722407869,0.719231781030429,1.30151065647622,-0.166956781206255,0.618668278008244,0.152927806102758,0.156316340855003,-1.9337663992694,0.131261859756949,0.473739978995588,0.712760694215149,-0.968702951227422,0.304097481953709,0.939175836566226,-0.651806975599113,-0.0257432477806245,-0.631026782194519,-0.319622713302516,-1.44239008482501,-0.359416964359798,0.53566592316437,0.356839666918689,-0.302280422773919,0.538818799686199,-0.0622420096976544
"137",7106,-1.15720495902135,-0.188258552461506,0.686852180744903,0.201059750820382,0.0371218482588257,-0.724252624145882,-0.215497680950981,-0.385531015588646,-0.527803921039027,0.105233999775554,-0.335370649747855,0.440225590580725,-0.70955131345846,-0.596373719698261,-0.128816958302605,-0.0141539376037606,-0.0372431404838416,0.363302864073934,0.451116041743712,-0.0162047346398713,0.29664090272101,-0.123297040197836,0.32542840005083,-0.901495632548182,-0.0109085243277618,0.279636345482942,1.58339264167946,0.524914692039354,-0.0514470890114082,0.0735501919859909,0.684024857338167,-0.9970986856557,-0.0500215301357479,0.277246050443592,-1.21257712901979,1.90575706873892,0.281329605208418,-0.915750289117664,0.731514973892378,-1.51494111392659,-1.03872907061817,-0.323497280084191,-0.901328957615273,-0.263430734102072,0.338796937527802,-0.110544152648842,-1.42650020289254,-0.953001165643337,-0.748213323132554,-0.953305049383501,-0.426309388666979,0.00820332243750442,-1.14014277549457,1.41470694920965,0.033573567434639,0.0876887956260812,0.972356926520586,1.1970892556055,-0.359416964359798,-2.41554408867678,0.0839507298884432,-0.490216469498104,5.50364418614351,-0.996614940458871
"138",7117,-1.46781268052617,0.33876901282826,0.0199692605791362,-0.0242137693995797,-0.209154002848425,-0.643056334698851,-0.285451943608514,-0.665090190752218,-0.532297171767052,0.112928069870343,-0.140063336652236,0.419172147295711,-0.764042070166962,-0.556630921101101,-0.0843726715883647,0.464692470677706,0.289898414406598,0.274592669094517,0.485832203195964,-0.216421320259908,-0.32750593112329,0.322536247619991,0.206664624354511,-1.58323000005977,-0.12284661194433,0.627273921813065,1.13723911780822,0.516980013892559,0.166439420388014,0.748044256755686,0.589099768059215,-1.23708987267771,0.237769966465743,0.172333349397091,-1.6473643847551,2.05812834353427,0.953748911655573,-0.467641277826707,0.0446123428671732,-1.7171763792161,-1.36522655168652,0.25057133810037,-0.289352143941092,-0.733883540560908,0.220516581166411,-0.377404646152684,-0.281391047249479,-1.5511192684771,-0.617578002001265,-0.330735027984202,-0.576769664548078,-0.600023561012472,-0.303559172552911,1.11755933404583,0.33440741153634,0.338387366106105,1.49514741362724,1.21450673343545,-0.359416964359798,1.79204285593214,-0.703766842578619,0.26408235127688,-2.08190256205444,-0.68204978196648
"139",7125,-1.22515039810053,-0.139749445147493,0.0196376829866497,0.0855514679568988,0.0938884839319402,-0.308350539789032,-0.188589631233559,-0.44688852445195,0.0296393552915967,-0.049815758962087,-0.212961677261388,0.0837045492687655,0.0574006350236292,-0.107207050049194,-0.141376480116506,-0.503627854633905,-0.327356733251527,-0.0817809899482288,-0.133304423393958,-0.163678220185907,-1.28453107635122,0.239605024904089,-0.149626702734446,-0.638261579218869,0.399579270484187,0.757042445459166,2.015076364627,0.252576031300617,-0.0385782725629267,0.146645823489619,0.411416794112397,-0.373524849959453,-0.287229738798164,0.461961026021507,-0.879473989545151,0.202238057422457,0.0335048726684932,-0.616616386863438,-0.99663741838623,-1.06256640654568,-0.694071561506116,-0.233956569994855,-0.840131276247856,-0.645673639349876,0.237413774932324,-0.64426513965653,0.617148007018634,-0.725012212781493,-0.686562637191602,-0.325462092639406,-0.631533510358678,0.106834708942906,0.413827822054051,0.272725759961443,0.701105139554763,0.534390126747628,0.147089172493947,0.178920796468708,-0.187018320573123,-0.0841002619199161,0.601967041348877,1.65499010034786,-0.0552349600022726,-1.35135206359983
"140",7126,0.89086470465106,-0.128448384531143,4.93577055518755,2.28474824040813,-0.436365003209832,-0.25716310889268,-2.82169226659746,-2.53740621194943,-0.286571456459446,-0.537682431034291,-0.471184541056497,1.22239064900516,0.912619728606354,-2.31320578161391,-1.45940318300634,1.16827999077526,0.40686164871432,-0.357325988152276,-0.415248099191956,2.93445777868201,0.16348957816756,0.344360259111294,0.32542840005083,0.0653819069510815,0.289698684535292,-1.28496485141432,-0.688362560078992,3.27058256575351,5.63291245941917,0.262285198478822,-0.989081177306135,-0.11009498609477,0.623151659146167,-0.143985732459589,1.20797235116256,-1.92127085322953,-0.74501882283892,0.589219597859508,1.52668424514974,0.890624842478108,0.166334943868446,1.53138211876442,0.56741539520276,0.207022072356764,0.169824999868672,0.245269838689616,-1.49827564279441,0.128266365114383,0.864891003634258,1.04168276451636,0.51928950129446,-0.484953610089503,0.17469882385173,0.10570579716974,-0.0817663546370564,0.0466491761628823,0.50952945982391,0.326548677355077,0.135241937588998,-0.351552114497,0.524201872263768,-1.24183854928814,0.325743172642647,1.28409240615269
"141",7127,-1.11837899383325,0.537582011584716,-0.0415400622163268,-0.00504403500088175,0.338288179147634,-0.26066218893122,-0.358754538389658,-0.301187938873416,-0.0463805497522947,-0.0935234385194091,-0.0509137612146284,-0.101776625622666,-0.183915836069905,-0.583786699552751,-0.130976139270671,-0.190093727517842,-0.283826634223321,0.149514721919886,-0.0541265977312055,0.113966594669653,0.712738791950544,-1.0586116257217,-0.387154254127084,-0.489933133963356,-0.419494895431022,0.610687910780177,0.415943237333923,0.129970968823163,-0.319534470479677,-0.164937873604203,0.371342234790967,-0.554043655571084,-0.18609074342031,0.149163597354515,-0.559811853944055,0.206011643210563,-0.596819632780067,-0.684931873867792,-0.732495800039895,-0.637723528737301,-0.834234303392419,-0.0663560536249784,-0.778933594880437,-0.792690141368261,0.389488518825541,-0.288451148318072,0.195423135472669,-0.810413632497037,-0.910671511207004,-0.15000062340742,-0.723342953780637,0.18902753103074,0.641184315729488,0.147737337374417,0.647292038065516,0.640473311913055,-0.862660645671854,0.0127376645312752,-0.0179218056379165,-0.0476392466735586,-1.5107726626292,0.012761032066005,0.287169136712349,-1.28376684869107
"142",7130,0.153171366077111,-0.634917280002893,-0.0310974036763183,0.35111304016261,0.0037598586332998,-0.455360067604187,-0.152930949041451,-0.0434212138656948,-0.386706465974569,0.0407834116870208,0.19242703110911,0.425294479833659,0.482011430104429,0.628187922235352,0.0481829583569474,-0.1430369872928,-0.107147664050709,0.220308341542354,-0.134649887442687,-0.121363338982262,0.130201747029197,0.737192387388307,0.32542840005083,1.01082411827153,-0.743070877066728,0.624677326624262,-0.126183112449647,-0.0774695552709923,0.0114399591131442,-0.217359294930438,0.0794659293442565,0.655805898559901,-0.12976626129253,-0.236255591940454,0.0380206226920027,0.661493646715279,1.00334926169677,0.773536134579187,0.477274736556188,0.451483110888818,0.641210857586073,-0.42353348900311,0.0778339442634174,0.471651775989859,-0.252604844279155,-0.0215906548142258,-0.263289754195284,1.18052995272345,-0.349742462503965,-0.202184500785223,0.888398596465597,-0.2876908370787,-1.49699681896572,0.878525035618633,0.177747428939111,0.570927141468126,-0.0104411122764195,1.22008223217616,-0.359416964359798,-0.897401231635454,0.615383442318147,-0.538343003767348,-0.286339016537057,0.123774064341847
"143",7133,-1.08925951994217,-0.408829908216166,0.102543353372351,-0.17481305892148,0.0809646730403623,-0.392431872562058,-0.16793717207313,-0.212117424218151,0.10123837239745,0.0252978902649694,-0.0676885795059885,-0.0660696097444296,0.100973231552335,0.0915634991430383,-0.318812126330055,-0.594695532323115,-0.31241190382661,0.250428651702711,-0.432834128809937,-0.190363558180815,0.629519214104637,0.606248344629303,0.123725099770131,0.891017063669113,0.147555645611528,-0.231825744871721,1.62967917413532,0.0935145564014582,-0.133544887863739,-0.632447206909732,0.0743923098292591,-1.44480373021934,0.102692028835596,0.576117820999153,-0.265278551671745,0.407847488471608,0.398621510766189,-0.0440514388516742,-0.880482090049935,-0.969131139786024,0.20789259731322,-0.35236523527674,-0.411747506675928,0.0600055703383784,0.254310968698237,-0.288451148318072,0.154790790668928,0.238301089224657,-0.425258726237056,-0.229276478936069,-0.173408965510034,0.0575190156902056,-0.36757216591784,0.23212713812182,0.749605155181893,0.707818112225694,0.186157226732578,0.179534514711129,-0.290072258479125,-0.785246295848412,0.0142451818946311,-0.324690190696299,0.0187156168164758,-0.467841788662336
"144",7143,-1.15720495902135,0.0997022968338446,2.55808618908305,0.963302029096655,-6.60591950048944,-0.46275916926956,0.410258920662091,-0.978384970371691,1.78459498412101,1.94422146100019,2.07902653133096,1.95775259791593,3.86363627842443,1.10379285806467,-1.33777209056085,2.78848149666451,1.45064888403912,-0.904826842366404,0.251178568838649,-0.915042677273172,0.54629963625873,0.632437153181102,0.32542840005083,-0.50582005719874,0.610678714556676,-1.59446438034231,-0.261945897816636,0.15206109431889,0.693216491796013,-0.172501645883176,0.868375560286036,-0.834811007211262,0.556913678792278,0.265803743784734,-0.497866357831227,-0.607808026956457,-0.258503469329898,-0.567239846751379,1.13897016761357,-1.04661845851718,-1.18606048777454,0.669988438776554,0.261426988365671,0.501055076393535,-0.134324487917764,0.690037327862691,-1.42201150812674,-0.729482259543464,-0.813757025039313,-0.0249047779860648,-1.20236253315515,-0.00823524198006215,-0.2667700959064,0.604786470141021,0.174496188323795,-0.102312650769649,1.33296745342221,1.49027949041226,0.796328133651406,0.444264625685197,0.106691914081144,-0.0262210574157389,-0.0749641847285278,-1.46449509390306
"145",7147,-0.840126243189093,0.0730188957348819,-0.216900957244208,0.334044445512544,0.281931833564797,-1.7050877084461,0.177289480731503,7.66840588286178,-1.1411755514326,0.236533960396074,3.14073750817124,1.45052372038442,-0.294638209187575,-7.15426262462119,-4.31438407768404,-1.10150893883087,8.28850632982567,-0.362215020376316,-1.32711884703138,3.83259577893008,1.3784954147178,0.684814770284704,0.800483502836107,0.0627022398580843,1.44026842449648,-2.22321968288257,-0.510704231125381,1.26162040107269,0.365655174816526,-0.197732818572508,0.52789022244574,-1.72886881850009,0.102692028835596,0.561933007603614,0.74338113031636,-0.388328118415895,-0.0417276354239371,-0.256269102689464,2.29259456080081,-0.486750961461207,-0.939986648014514,2.7883170171164,0.56741539520276,0.089408870742055,0.203619387400498,1.22375831487038,-1.75058960602348,-0.264663668303883,0.533970038713989,-0.013631605869606,-0.76214199628636,-0.2876908370787,0.0452012740560118,0.465728976165846,0.202362469525022,0.083341536464299,1.07207394184085,0.83813672510879,-0.359416964359798,-2.19521436691516,0.00924210259708179,-0.250930116409705,-1.07503178292144,-0.55553474915936
"146",7162,-1.22515039810053,-0.266477010051227,0.205716529162406,0.451993734022048,0.0359662630212472,0.132473415105682,-0.484013942916994,0.202756736168997,0.00311803360789267,-0.195008843026405,-0.0752737545672005,0.445449341216817,0.0391579560449381,-0.623773217386964,-1.32794791365142,0.431481157896923,-0.100437831098214,-0.0495403618136689,-0.522366205203929,0.030423787639381,0.368348439075859,0.606248344629303,0.800483502836107,-0.941727598872755,-0.320418781611641,-0.459359188549413,0.803205955878582,1.59455599514958,0.857497150099557,-0.392776331516791,0.146405709334806,-0.32232845558891,-0.0812666686216865,0.373791931297247,-0.969470276350578,-0.0985779231725206,-1.25026264542131,-1.1908723122763,0.239528822597667,-0.728745486841951,-0.801454696805678,0.35346795687726,-0.228154462573675,-0.263430734102072,0.524666068952846,0.0673628430203868,-0.319238925288264,-0.11411024011253,0.529622153601904,-0.337280740826016,-0.607747681147398,0.468483126129379,-0.0467714175602654,0.60994025003618,0.494123160366151,0.603997485118327,0.477379700617154,0.119059066106091,-0.0287454502065933,-2.52926265474729,-0.491504397281504,0.0196959634999137,1.1428052035472,-0.442859426995689
"147",7163,-1.1766179416154,-0.0711123903993618,-0.0578678858728577,-1.32529304499088,-2.69467500599715,-2.06180329122045,-0.775906640146842,-2.8257555694137,-2.01615327366168,0.823106296803229,-1.73044094119541,1.99046851355105,0.141323341734532,-0.163119396785851,1.27203000065384,-1.08079261002204,-0.387666857477119,0.439310444570843,2.43671860200967,0.134764095980727,0.14175837059643,0.213416216352289,0.325682893075514,-0.815697150071526,0.285541537415482,0.535433070987414,0.374115901563095,2.6690534636501,1.7984724464008,0.357199665552304,-0.0787852387185051,-1.36707710961658,0.173694946349651,0.0801063588126322,0.909348308580917,-0.394651424331097,1.18833272277119,-0.166309104951053,0.805860758313943,-1.05649291309725,-1.00059343170855,2.26189545855089,0.383822351100507,-0.704480240157229,0.169824999868672,0.956897821366533,0.303531303449529,-0.23350919858109,0.491678462529939,-0.238549572128639,-0.534383105646922,-1.15893475120975,0.456503150964004,1.03371123875415,0.0345489148485883,0.215011608014023,1.45154652502337,1.63824465581082,-0.359416964359798,2.5667505872875,-0.599098131830339,0.419625964742745,3.79604577018146,-0.839355320454268
"148",7164,-0.584521972496838,0.748859781822897,-4.22453435580224,4.22348602523025,-4.93205562285553,13.5785317305831,14.1376440140734,1.69283857632094,0.916562577182664,-4.71123218132091,-2.44349791184497,-6.33823252474185,-2.14442416797383,1.09699920188764,4.3906204529714,-2.88872895048679,0.0559719125495027,-2.50453357370577,-3.15169227472444,1.0846513881905,-0.0362374086626164,-1.90039475400261,-0.505918029823403,-0.706837532297909,-0.0397829248365313,-1.08652828649735,-0.384355895970647,-0.0113750481209237,1.48948504125933,0.72285157776749,-0.636639619519832,-0.119577847160438,0.363446522465376,-0.24436317726111,0.807664192320237,-1.75156148156991,-1.65481881952607,-0.72027330155074,0.478863722616831,0.550549431176821,0.767761138118251,1.67796074949863,1.24058989024436,-0.557463738138843,-0.691931882192895,-0.0215906548142258,-0.009672068553411,0.0511257508677733,1.86945395844543,0.42638575738574,-1.57191274653872,0.0410804512726383,1.29014362777394,-0.141757996289744,-0.599957836466963,-0.534960270574918,0.657650752403266,0.125476128882999,0.380259898367373,-0.301871315944945,-0.0146843994668549,-0.94891791230892,0.174100269488089,1.26209868767743
"149",7165,-1.19603092420945,0.107224037531288,0.468048119829344,1.25415863280732,-0.463014929499163,0.126333426884419,-0.39595442878349,0.425507322721818,0.475398323065299,0.389522507100265,-0.35105671672728,1.29731912292381,-0.328206701493469,-0.663481316616224,-0.582010255811364,0.643191120080033,0.603235819275669,0.0266772113133978,0.5094874756192,-0.178465258025334,0.712738791950544,0.318171450559494,-0.783033514365734,-0.620580909768655,0.247736356636154,-0.213470809539431,0.21847629569247,5.71046248856095,-2.47241910173608,0.194102013921272,-0.016256128497217,-1.12221396785681,0.467397106571295,0.085007269245095,-0.199242315249581,-0.814590329264074,-0.800531562927856,-0.0327218902643143,0.627258893219845,-1.22988913995944,-1.40870352354387,1.60736667184396,-0.0445614184714189,-0.145817532487363,-0.539857138299677,0.156316340855003,-0.391113052370372,-0.76266796623074,0.0869117492299561,1.50951940734941,-0.627254418632449,-0.764409205188141,0.0952344182952666,1.27665498196261,0.170776059968949,0.198110275803049,1.13498824629354,1.34779451660972,-0.359416964359798,0.299486676256677,-0.488365566536939,-0.734099172468147,0.938709775344563,-2.51120495342899
"150",7169,0.153171366077111,-0.289823129379749,-1.42555229966647,-1.05636741430718,-1.69874868661647,-1.22168179374575,-1.79412033314534,5.37151627429675,-0.661744427483178,-4.33729939468032,-0.268815394714926,3.64260808614142,4.38786776326992,5.75136260928845,3.46734218264266,-2.9620037513803,-1.860012334085,-1.3327316704305,-1.33476090312053,-0.126787881190361,0.851438091134375,-1.14840182834136,1.51306615701402,-0.107553804529687,0.51198994204198,-1.24921203694522,-0.815182149233819,2.53595934900858,1.92719097162614,0.39879219850782,-0.414413985208562,0.244868139196651,-0.668264095554768,1.35939230530586,1.00109776980463,-0.634325116278272,-0.967884064458719,-0.123865572183497,1.21229463309205,0.78874299542593,0.726643625963713,1.04987102362853,0.995799164774689,-0.322237334909425,-0.590548719597416,0.512130332193462,-1.2871308470542,0.537048662216316,0.491712442916188,1.11732211291066,0.190342013774108,-0.484953610089503,-0.0813531496079855,0.779117340414025,-0.158075062759369,-0.0484764413678901,0.623378947141723,1.26493402421735,-0.359416964359798,0.0556314261392247,0.33360262125254,-0.0180927744433691,0.663929297174415,-0.727884647619068
"151",7181,0.881158213354034,-0.127348088484686,8.4113556328113,0.155676894429922,-1.96160372510399,9.64911199202304,-1.72710864983945,3.15208690517596,1.72457699894071,2.04870267290952,-0.135491521285887,-3.83833323552314,1.97540819518359,0.0906902359976263,-3.61590213446824,2.20352083637587,0.352128002739921,4.99396194570237,5.51500973475848,2.44819349567154,0.629519214104637,0.671720366008805,0.167076691204818,-0.250826183673806,-0.180057903577562,-2.02131440655326,-0.828841428710005,0.703071397477619,-0.484244518780951,-0.146429874894679,-1.47848343293001,0.14437945077871,0.469491411402327,-0.551315149974837,1.14368928915869,-1.40898108529307,-1.00095096448619,-0.215854742803221,0.245104272745554,1.58706549850197,0.931319405494894,2.59922383523169,0.445020032467924,-0.322237334909425,-0.11742729415185,-0.110544152648842,-0.185918485507797,-0.138034434049837,2.59685664673023,0.57730080346092,-0.0852777127827563,-0.337006530331401,1.53000840750919,-1.0709866609581,-0.124075317038325,-0.465718063464285,0.0231912171821232,-0.721180171320824,-0.359416964359798,0.272762813230107,0.126812719577908,-0.0871242010449508,0.398060986035781,-0.411720448063207
"152",7186,-0.953368641783812,0.362357229382927,-0.63038694280972,-0.150617976589462,0.152035648866739,0.478379118194323,-0.566068354591547,0.656010782998625,-0.578095344305317,-0.0577204826972875,-0.59496683199193,0.258987325557618,-0.310257755104063,-0.91302029225497,-1.12761807832028,0.337000240159048,0.118022653186147,-0.295306151521982,0.393084487612703,0.19061365219817,0.130201747029197,-0.332183966175032,-0.387154254127084,-0.932827384484404,-0.0274768029684487,-0.36662152964791,-0.418719347897996,4.09177016519546,0.552089270706699,1.15948928831397,0.281344986647241,-0.965299359088061,-0.0486295260221506,0.14384104930313,-1.73736067156053,-1.32601319235732,-2.79353806201364,-1.22300088289716,0.799136260312188,-0.902222157325978,-0.965238494595352,1.27373268038672,-0.105759099838838,-0.586867038542522,-0.252604844279155,0.512130332193462,-1.67563847140232,-0.777340588218884,-0.135465512287463,0.509116294692013,-1.71435912982831,-0.123305192903031,-0.0467714175602654,0.203116182247201,0.242521279486723,0.174792729257003,0.948878935266208,1.43720295392593,-0.359416964359798,4.37914023403627,-0.820470635666922,-0.368244309234383,0.261929335424624,-1.93459398579222
"153",7203,-1.15720495902135,0.319641403536711,-0.124280300039865,-0.021433600110445,-0.227832228071151,-0.601650292892861,-0.25177026398336,-0.505426508939841,-0.583299776768224,-0.235556987608742,-0.610226159441895,0.509582380695317,-0.0678248979649673,-0.522807567278297,0.502585794680796,-0.313929531754692,-0.146732921446219,0.283762114534029,-0.134748651716759,-0.342552090830224,-0.436849156553638,-0.441303997442733,0.721307660289481,-1.65721804535501,-0.0863029546251087,0.902474492535903,1.29469287441602,0.077367258804259,0.119348054537886,0.195175859695807,0.549911659815815,-0.647689047187269,-0.414659302175968,0.303529363649535,-1.78060564054495,1.53150914848353,-0.0543666967835061,-0.932998258608859,-0.0389352377977493,-1.54645490277988,-1.35224154366027,-0.70631487711027,-0.595340550778184,-1.08672314540504,0.338796937527802,-0.466358143987301,-0.306454474737442,-1.3657664102678,-0.989679009327918,-0.182001886189626,-0.336938103631425,0.0410804512726383,-0.522086287833186,0.978817300199052,0.102773819258525,0.134882923661826,1.13189259435903,1.56700216890955,-0.359416964359798,1.61471296696593,-1.34659905797366,0.351415998253619,-0.046458856589559,-1.78503754218643
"154",7207,-0.953368641783812,-0.321699243844238,0.0827839141017695,-0.0160110053096818,0.00820135039313365,-0.129919337184194,-0.14820494080515,-0.302568530939276,-0.285390267227415,-0.167612270267881,-0.0500874595092565,0.216317460626415,-0.0358529254789282,-0.00953819085056061,-0.352886010147762,-0.27635516440789,-0.112860064814674,-0.154584687999688,-0.269286748337649,0.0420938113526409,0.962397525488264,0.213416216352289,0.32542840005083,-0.516251724260673,0.107314396503402,1.30915423843281,1.62957464787214,0.11261113651181,-0.0250195498434789,-0.349017204988613,0.45906330793107,-0.0507304166827307,-0.159368389928183,0.286445113979375,-0.751492257010161,0.379953550281162,-0.126377483352919,-0.550837365960725,-0.872190859683085,-1.02091672134136,-0.878286650791393,0.0799754732972059,-0.656538232145601,-0.410447236120458,0.457077293889194,-0.288451148318072,-0.286245437517171,-0.613754770172207,-0.298668096391665,-0.501832688654978,-0.789574892851777,0.0246418868550717,-0.0335273499675215,0.299601072552104,0.305144114532027,0.542440643488653,-0.109613303718258,-0.00318224416405533,-0.359416964359798,-0.00385759873641179,-0.583619074761103,0.341412775120208,0.457997010117955,-3.09117560470728
"155",7208,-1.0989660112392,-0.150842966755398,-0.0232911317802757,0.0779696690609777,0.0190756476984716,-0.455627194236975,-0.209175462725726,-0.524015301074325,-0.414192995093841,-0.128379822569145,-0.241321181628309,0.145073058007559,-0.547205937383074,-0.041478539718587,-0.0262524553357969,-0.303753366785965,-0.174928798019015,0.386988522960139,-0.159234845658651,-0.231625334954849,-1.1180919206594,0.550129472902415,0.483780108896843,-0.643351779964431,-0.455373138731995,1.50719178301647,1.973742428251,0.230953537916642,0.146613302569274,0.468515530406586,1.20147463715892,-0.506784830694706,-0.1618422913446,0.490099448196075,-1.00570254766186,2.00341134960676,1.00395112176151,0.433142383738165,-0.28070842025076,-1.33229387055354,-1.00916694726091,-0.597756335182807,-0.778933594880437,-0.322237334909425,0.507768875186932,-0.288451148318072,-0.23108243384596,-0.771226995723824,-0.77133242233785,-0.341280898673793,-0.545720823969097,0.0410804512726383,-0.744292310778111,1.12691066449533,0.219171338196959,0.361515075081611,0.325167126873841,0.548234605259648,-0.359416964359798,0.00630599810614021,-0.413916075265274,0.127924590191306,-0.503156393097657,-0.431083559708425
"156",7209,-1.12808548513027,0.450538152469959,0.107287017270507,0.134035545915392,-0.164453136547464,-0.471581684562821,-0.0959026735087824,-0.342128366550201,-0.237611387584411,-0.0383271953352514,-0.0149816882836946,0.488933067003961,-0.610182084985161,-0.2474967469519,0.105411151196762,0.0677023202279741,0.0602287599050426,0.543548749213728,-0.0641734297880034,-0.0514673622823465,-1.45097023204303,0.0824721735932849,0.32542840005083,-1.17979027168333,0.398944755877652,1.32754966840289,0.732961649576229,0.0505408238059213,0.0425655694902575,0.882688333314603,1.27780623007207,-0.572454216582882,-0.298847619283861,-0.0374686093558776,-1.35049351659174,1.62681768683444,0.40633948100818,-0.924205176123152,-0.00938155290182179,-1.51717342443247,-1.1562509949326,-0.0743930789349029,-0.656538232145601,-0.586867038542522,0.305002549995976,-0.0215906548142258,-0.739081848256282,-1.37339100448521,-0.759381157409374,-0.00908597195167785,-0.569519641661101,-0.123305192903031,-1.04964164694415,1.73176790899661,-0.123911165973146,0.0273794771056554,1.22064483968502,1.63824465581082,0.796328133651406,1.61293611437108,-1.30674721576954,-0.912164048674526,-1.0562550035268,-2.69095644850962
"157",7217,-1.40957373274402,0.94471430294064,-0.128775872346682,0.10186629081023,-0.308178710747206,-0.150293370304172,-0.434746935149183,-0.202111926572889,-0.332696620609547,-0.223143566541239,-0.356318610335524,0.278272837988446,-0.287478645593336,-1.04988461728905,-0.187222219602067,-0.244760190648733,-0.107265848396397,0.31929602133366,0.432181376310361,-0.039115687550013,0.0469821691832903,-0.752296098995368,0.167076691204818,-1.3334736852494,-0.267133800225404,0.247094459488083,0.195572642635637,-1.91416449064856,0.94337333072992,0.103907400167424,0.520812861012801,-0.968448834209812,-0.149093981144724,0.125492836830079,-1.64970195064615,1.2291633358123,0.754285405494182,-0.177807751278522,0.291516457873921,-1.42104329634139,-1.26479832074412,0.693939577811029,-0.778933594880437,-1.17493304661607,0.119133418570932,-0.466358143987301,-0.276286480314642,-1.19093754651069,-0.700415886991286,-0.351281293293233,-0.561993919891352,-0.221936579408433,-0.716332612526763,1.1872847298684,0.100537309439022,0.182055289038458,1.21795142604689,1.42451719472231,-0.359416964359798,4.16591792265406,-1.69661384315865,0.965178892773851,4.85053881589508,-0.134632949527687
"158",7218,-0.895129694001658,0.0860090209412053,0.0149005712510342,0.163845035370565,0.0888464241685499,-0.557358530941224,-0.194081209791163,-0.289485451374072,-0.382449550295195,-0.0428304254439837,0.238201163896953,0.246484543050604,-0.337709697199464,-0.613047143088167,0.271599526533829,-0.288637096297788,-0.271711465430741,0.148170984852584,0.00514380729880022,-0.466238510988142,-1.0348723428135,0.409832280490796,0.206664624354511,-1.30413710415099,0.224415048044452,1.23060945623842,1.28104068146616,0.00367428416696705,-0.106189775274063,-0.0587171748828056,1.16030455386914,-0.54986916590658,0.0870893453679066,-0.144317055794805,-1.62281994289907,1.77046891879512,0.117588264065992,-0.557601275565119,-0.268655209861032,-1.47409586494061,-1.25835873448154,-0.3563113051563,-0.71773591351302,-0.469253836927813,0.676740812846063,-0.555311641821914,-0.0952173714828803,-1.03721963006309,-1.12728782464935,-0.602200285562809,-0.898134820128086,0.172588966613174,-0.945160669268061,0.827724618318406,0.112782340997344,0.0967099592027784,0.471925016008945,1.43215031838757,0.796328133651406,1.19040056731534,-1.24336342792051,1.04898009708143,-0.278311263027753,-0.450813703258916
"159",7244,-1.0989660112392,0.19354502234912,-0.59858032853545,1.70220440965398,-0.234027432841533,-0.728299093832436,-0.47891446456958,-0.109350237128127,0.555461804947723,-0.116535365262999,0.108258083461371,0.77750518960453,-0.224278792142078,-0.753349335364857,-1.05765601038988,0.422893098119915,0.403499370902128,-0.0858753272447548,0.401484952629196,0.22499920374856,0.54629963625873,0.632437153181102,0.32542840005083,-0.93023984869904,0.506625146628303,-1.11843707339901,0.0402359857650646,2.49763578206799,-2.07980172571789,-0.0616285424456671,1.08356757828426,-1.01304783447308,0.873648153231741,0.667264339894587,0.414368731151063,-0.249878315514492,-0.400931883473896,-0.715876760307884,0.839862383350586,-1.15193927040274,-1.29082797426152,0.698356427569769,-0.166956781206255,-0.645673639349876,-0.320193619342807,0.512130332193462,-0.809927242724045,-0.646410300816551,0.114568297540912,0.175103114402729,-0.924321312677711,-0.2876908370787,0.0783114430378718,1.06612153292878,0.287310958208783,0.400688897619648,1.67730097667591,1.43576600880802,-0.359416964359798,0.784140990028438,-0.360224618762724,0.0478088854741854,-0.598809117115292,-0.849959402641946
"160",7250,-1.41928022404104,0.204663250819212,-0.119190402061365,-0.27776701630709,0.136318991558521,-0.252941893017227,-0.0870580988359164,-0.383094040354606,0.120229591832528,-0.104339474162847,-0.128722191067307,0.245759843404979,-0.589305190202615,-1.06481287225702,-0.139613734232299,0.0344745574323065,-0.163346333241689,-0.295822666652182,0.0673819723412889,-0.141867595842168,-1.07648213173645,-0.244887933304226,-0.149626702734446,-1.08657091125377,-0.666414696196316,0.764054931514875,0.833801147436817,0.060065412654565,-0.111359856210457,0.398336232760659,0.71537294332463,-0.766721876862978,-0.117305808087244,0.511316073008667,-0.650976923695007,0.503512987640312,0.482952726896191,0.0291678826158704,-0.688934533076908,-1.27531967538993,-1.24535272734793,-0.15296829560303,-0.534142869410764,-0.675076939753552,0.727432394143803,-0.555311641821914,0.300182771723024,-1.17854799510743,-0.980115032394388,-0.328371298346879,-0.880530527466983,0.649307334722615,0.582321793095071,0.486765378465846,0.0177910674394494,0.426808825633058,0.766849528363954,0.0793954129712156,-0.226506278088509,4.2085623849305,-0.799390573156566,0.552140464493781,-2.05468983829409,-0.204161660628658
"161",7255,-1.04719805778448,0.372477202037106,1.11770457770417,0.183769582362203,-0.382952657811406,0.651233250221079,-0.24389099958138,-0.228542775570534,0.175917083903337,0.437318278822853,-0.468103110661545,0.626951105558123,-0.13200229435726,-0.59215391336454,-0.358383374254113,1.21203921395209,0.481029193769856,0.126933684469231,0.149433058412452,0.0183995151741491,0.0173425497489156,0.649896354517502,0.622337839291628,-0.662307741528368,0.687977422155498,0.508191044172124,-0.603983291221423,5.30550178673255,0.298680361439826,1.36539227481146,0.925946387655979,-0.949275682475823,-0.475525064458623,1.75534864128158,1.1325858511762,-1.35191834884863,-0.515285295774444,-1.25191659645593,1.02144828381743,-0.923539717111866,-0.924164660584119,1.52920412377717,-0.0445614184714189,-0.704480240157229,-0.0160441315563717,0.156316340855003,-1.78095708910524,-0.967166806790427,-0.29285644914605,0.480933364400866,-0.596703306436491,-0.139743757320598,0.0510875263194534,0.78077896024576,-0.0829413253435927,-0.164079336582041,1.2258181947652,1.18442076139166,1.95207323166261,2.28956158249062,-0.750157727805848,0.431229789581764,-2.91869381768525,-3.5542856810013
"162",7268,-1.18955992988202,0.555253847614757,-0.191509100936773,0.180479368815549,-0.368676243039148,-0.772017960762314,-0.424625687218071,-0.326722752355113,-0.623589176943422,-0.113958029869481,-0.171692335468052,0.333829900032822,-0.690481381795527,-0.821753687883605,0.393598139731071,0.458631488129946,0.140750850845461,0.586832828141267,0.114938299899622,-0.111417580337507,-0.0362374086626164,-0.34309596537348,0.32542840005083,-1.62828221416864,0.114301723275962,-0.169667463543564,0.949157394457959,0.488947531542937,-0.139571747482679,0.41771752228705,1.24971197579885,-1.57903135590059,-1.05374215775284,1.47112498928303,-1.34932473364622,1.75114204023172,0.863717726677118,-0.800256532622673,0.591859546709599,-1.45891213131953,-1.28146615221892,-0.101666900424861,-0.71773591351302,-0.763286840964585,0.626049231548324,-0.288451148318072,-0.906649361768595,-1.41636508636512,-0.789847293801251,-0.491832294035539,-1.12601232255353,-0.221936579408433,-0.488240337318396,0.712694132092152,0.250840278029917,0.171338888982136,1.18456649545498,1.41629690790533,0.796328133651406,-0.36150248902817,-1.23504542366576,0.349867455142755,-2.25198208555664,0.881780815406363
"163",7273,-1.18955992988202,0.370731130858819,0.174111975947298,0.0251751065553598,-0.00362912333520334,0.455238128683191,-0.459884242039236,-0.137327323132767,-0.488243127587204,-0.0812715728600218,-0.230927634207215,0.0276156048849632,-0.208431503239339,-0.307236627138168,-0.511375064119663,0.238719224726508,-0.103999917181845,-0.103613915025093,0.181995493773702,0.33048590368565,0.0469821691832903,0.0263533018663972,-0.0902448148862864,-1.29940421320748,-0.563572780721851,-0.221413684590132,-0.204580467279807,1.94834689165165,0.119486056709614,-0.497875659189565,0.50305713436426,-0.789541230434197,0.183508088634782,-0.0727518676675702,-0.886486687218301,-0.668848326799173,-1.20838026562207,-1.27575937781141,0.125131175217365,-0.202684421861522,-1.11911701344398,2.47218184963586,0.139031625630834,-0.851496742175617,0.423282906357367,0.0673628430203868,-0.0580740466459458,-1.00707580842214,0.2262162425195,0.223832310002908,-0.277415817637034,0.0410804512726383,0.235032909552008,0.50054509526083,0.530888486795287,0.339210391564786,0.428641732816017,0.958309491836672,-0.359416964359798,3.09269895536361,-1.24872107217239,2.62960552179531,3.24498811403435,1.5946315858493
"164",7276,-0.972781624377864,0.0351671139606038,0.800910699532435,0.0668625839226133,0.0369268709415683,-0.25568019424966,-0.254511387506819,-0.551351771184174,0.180982672153276,-0.0587023790821954,-0.135944632664636,0.100697122843583,0.0321098172344153,-0.715923208841972,-0.0678423562993352,-0.137209204722248,-0.164891736873875,-0.180886513881298,-0.200340616215165,-0.555918186975078,-0.138475815301544,0.475304301870298,-0.0688323352933543,-1.40030874257182,0.0280206207542117,1.22186261447654,1.31113184384009,-0.0287605688228787,-0.0878731870063438,-0.267360720290355,0.247147095943401,-0.822575169420043,0.295431059937523,0.382131404986067,-0.949600966276653,0.390458397204805,-0.084672121219777,-0.955488258043463,-0.795917403723754,-1.16310082293214,-1.08917774611856,-0.0406420749484384,-0.71773591351302,-0.116414232083686,0.642946425314237,-0.733218637491143,-0.714516944774784,-0.98435445138223,-0.946563906360196,-0.815663254348666,-1.28914886546586,-0.205498014990865,0.41162047745526,-0.343620312933841,0.253418846939174,-0.0505434030606441,-0.102199713079224,-1.19775434490457,-0.359416964359798,0.338861729758592,-0.231787939238476,0.0862149891045945,1.80951693567581,-0.233900628132519
"165",7280,-1.07955302864515,0.0644409452218108,-0.216900957244208,0.322579326479166,-0.0199319643140634,0.0948802288526036,-0.532744064104619,0.940265523005656,0.965364584828349,-0.258597943832108,-0.529701216850036,0.733868893858621,-0.404788927887994,-0.566012585353783,-0.985283063280117,0.94562083850556,0.623779573904484,-0.516088401553046,0.104990067568011,0.284608246293514,0.879177947642357,0.868136430147311,0.325819331114317,-0.468947693686193,-0.136150137998052,0.295488514665211,-0.310429253430784,3.37894076473964,-0.684260208238968,0.280340992541198,0.338547597609442,-0.776538349013146,0.469378035501896,0.363747747341452,0.537090940431193,-0.768593378171234,-0.65615595445676,-0.872799463129774,1.14974420723554,-0.827952583468163,-1.0201704795168,2.90326151730468,0.0166362628959979,-0.822093441771938,0.305002549995976,-0.0215906548142258,-0.802268258489018,-0.74970847558132,0.261606531326361,0.684214113210566,-0.0939393139495132,-1.09318049353948,0.92078129824297,0.706068035888926,0.192929230869279,0.00126939584034927,1.07796692991989,0.279162846916244,0.172225780725356,-1.90381054135948,-0.204675851694256,-0.0399104123637425,-4.87120674749047,-0.833362902263269
"166",7282,-1.42898671533807,0.412765026895986,0.451037942515464,0.343480829981509,-0.461017656629436,0.639803532315143,-0.376089127170923,-0.000670281093770839,0.227657850534134,0.427268445819565,-0.53998516250486,0.847449060113482,-0.333329591164555,-0.771782080336446,-0.443508636785233,1.19380974442131,1.70558262179613,-0.608733323415633,0.508730894731408,0.154135612754017,0.879177947642357,0.278888237731791,0.503574063595309,-0.904061059749052,-0.161757019826678,-0.18911970479246,0.0617125895847906,-0.542205912772096,-0.819980347671742,0.986596728437851,0.0238178767009401,-1.15341410851873,0.286629310849047,0.27586941171228,0.212169281575232,-1.14299428163425,-0.280878502324929,0.131472015382292,1.52387174045644,-0.725668518306818,-0.624892102224016,2.25187950864465,0.445020032467924,0.089408870742055,0.406385712591455,0.512130332193462,-1.72424045753584,-0.67211389809795,0.505469457173986,1.38078705479372,-1.38181750913934,-1.10961905795705,0.672822921645487,0.700608560971278,-0.0952122771621128,0.127518896415825,1.02032125418192,0.516021875212785,0.544375702284964,0.816053262631975,-1.11669844600318,0.855530367225099,1.38152882273488,0.574550797792745
"167",7287,-1.01160758956597,0.110614671585505,0.482844556789734,0.262953041859051,-0.0327377428333162,-0.818203747777397,-0.243216302238202,-0.33063482818758,-0.507918623884037,-0.27555803391094,-0.376928347676952,0.592751186403047,-0.444836995920631,-0.732786656520204,-0.142335391269148,0.0983040607712745,-0.0250607719406788,0.224924620580262,0.104374509484261,-0.162970210853784,0.166884408456745,0.501493110422098,0.311088146210104,-1.46926304966342,0.0744571720528337,-0.0593324153386021,0.822308573382079,0.318158586146825,0.0169781871436443,1.46694133463559,0.927719889865322,-0.754132015651638,-0.0208108592002182,-0.0667984686676242,-1.79112468705468,1.84517571851908,0.790290798778907,-1.07588584900164,1.0821567364929,-1.51958673308747,-1.42792946627709,-0.401504864743441,-0.71773591351302,-0.322237334909425,0.727432394143803,0.0673628430203868,-1.2706868928355,-1.31506169896189,-1.1287664720497,-0.754751759848443,-0.234669747392747,0.0903961445253395,-0.882619238968992,1.19545136962271,-0.0653453961945021,0.124799473170435,1.10677550281881,1.63824465581082,-0.359416964359798,2.58807281842572,0.328549496844989,-0.534375818729343,-0.632825021815731,1.24016812115032
"168",7288,-0.15743635542771,0.165882477979288,-0.045499133276211,0.395590684503477,0.343848372234927,1.30016915955876,0.876024960047537,1.4169374161903,0.671480077824043,0.843376687628994,-0.370191377033484,0.0067303341258758,-0.239461874319872,-0.323165184776918,-0.0248136224614528,1.02030576477069,0.829662846336631,0.0407705255432184,-0.0260191269030963,0.994729877190256,-0.0816038770737442,0.508040312560049,0.32542840005083,0.110736606909227,0.837579020198943,-1.35832631997204,-0.462134951379642,-1.28896363649032,0.0703932091877121,3.15427886973564,-2.32332887886357,-0.347269908712388,0.0431035450566136,-0.142991491419804,1.71054901773833,-3.21280608640955,-2.89974866167359,-2.57578280377552,0.375450034466642,0.166672467787173,0.518502993718368,3.11663212519601,1.11819452750952,-1.02791654459768,1.23434820712119,2.29120028888575,-0.798594834923352,-0.0981420004194704,0.84986080449616,-0.164728477301503,-0.526122922053476,0.895885800986118,0.746401074938509,0.236783630218088,0.30075077964211,-0.242928384849504,0.260989326953613,-0.101825687506625,-0.359416964359798,-1.01538424393361,-0.220119834892713,-0.562670912109046,-2.42886478999893,-0.449471624119569
"169",7296,-0.458337585635505,0.257069896509926,-1.01206631410096,-0.0153106941925756,0.16269293331949,1.58630085059608,0.641042504087755,0.173551544339886,-0.516953318557371,0.390234115029807,0.0225496409791568,0.154463862527493,-0.318668365612655,0.0538712166841238,0.887359693712646,1.17782381613489,1.29855059704189,0.486670860652184,0.318422364227445,0.378567084458998,0.65725907061262,-0.201239923416027,0.32542840005083,-0.477364945538318,0.0307651730879694,-0.797785716294249,-0.633074367568864,-4.43245024638354,-2.96929583666395,0.143906255546225,0.306882687434107,-0.463616195199848,0.426814832800904,-0.0276117726272785,2.19559394013122,0.953997539695921,0.67101629536078,-0.236146471616398,1.56681993196385,-2.58492172793449,-0.996297014342983,0.835522340108347,-1.14611968308495,-2.85092116962567,0.913301525568846,-0.733218637491143,-1.42867747530487,-3.2567817521964,-0.467188532536834,-0.374373113596301,-1.65574726281124,-1.91510871441783,-0.19907819487682,1.00484552573734,-0.35656710874245,-0.257811483661442,1.17537945339441,1.48685437080901,-0.359416964359798,0.886843070010868,-0.36975590432973,1.09063593082388,-2.40845524717866,-1.30513325781472
"170",7298,-0.817477763625453,0.0415232279131435,-0.153287728695668,0.0925439886804663,0.251575243846972,-0.0381230916778264,-0.138606313910693,-0.295324891900885,-0.338904121094346,0.0343330922905901,-0.085520443448456,-0.16460596864842,-0.49330307349481,-0.4313536096542,0.351955288774557,-0.106987982601561,0.216045432648016,0.255697071340334,-0.28135042420631,-0.225613053506559,-0.0407106860463393,0.211348589551398,0.483780108896843,-0.677524628835296,-0.609326163067619,0.973304552394923,0.364104411508628,0.370728053491116,0.0248306862403447,0.987460967680372,0.98638779393416,-0.607949582338788,0.243437411784481,0.0636918094583222,3.34684514147338,-0.867063569479743,5.7741169772225,6.2172996819338,-0.30890983496202,-1.15203982493003,-0.958061839664484,0.705339858765912,-0.411747506675928,-0.292834034505749,0.524666068952846,-0.199497650483455,-0.372577293957699,-1.26267699231993,-0.347645835278297,-0.0199954933547034,-0.11589523777625,0.599991641469913,0.158511630127265,-0.0466182122475444,-0.0543477349896195,-0.142838406293013,0.783205841835779,-0.0544768346560264,-0.359416964359798,0.760686535776395,-0.139517340364814,-1.03040894528615,-0.572957029542958,-0.26219988478809
"171",7305,-0.885423202704633,0.232653521343884,1.30480380551113,0.0594033070023658,0.199849931043096,-0.0248624593205536,-0.156197200399094,-0.714932784254396,-0.0603083660110614,-0.0946903462764133,-0.257987863022637,-0.364143848356188,-0.572391684777766,-0.612217797157519,-0.595328304611269,0.0143304628880265,-0.234675247160319,-0.0133840344749149,-0.077798736016226,-0.128250482076321,-0.078414231585263,0.527681918973901,0.116507038463067,-0.155306831005732,0.229954745940891,1.18910146483318,0.390057928329175,0.325248473555732,-0.210017710536792,-0.457186840817856,0.155145722143957,-0.552199971084925,3.95747265079898,-1.20073009903222,-1.27335384218709,-0.0224432801773837,-0.547467107471409,-1.16297118515818,-0.202645750193474,-0.716477834512336,-0.812917269548431,-0.261305255563459,-0.534142869410764,0.618668278008244,0.642946425314237,-0.466358143987301,-0.321734204280758,-0.77451740079027,-0.293289135143477,-0.878211177059344,-0.812415748825784,0.0739575801077722,0.629411811202605,-0.850863910794928,-0.193569123801231,-0.377992770647513,0.286016407373904,-0.85940733350091,1.95207323166261,-1.79719938566837,-0.257883856881282,-0.208952710863882,4.12940163624577,0.102755896291053
"172",7307,-0.0765489280819157,0.0758157940995714,-0.0578678858728577,-0.79862373561158,-0.0840113865704577,-0.428786375183684,-0.304012515897441,0.34311067339035,0.0139178040751989,0.189524657048082,-0.928763583427773,0.272240730433685,0.024904293641651,-0.573848089346518,-0.521721470676427,0.619666917996489,0.254984975173307,0.0704709318518548,0.225074808313635,0.150602103394003,1.12883668118008,0.381772844627352,0.32542840005083,-1.35386322086141,-1.01073590415224,-0.286766103932966,-0.843023339502079,4.78506171263274,0.898179077148237,-0.109292769133378,-0.844541618185056,-0.790824697091198,0.440834302801342,-0.0652087848104766,0.105810033532455,0.642166768151882,0.102612569513937,0.024771341373014,-0.128412423581389,-0.691339202689355,-0.968443378360418,0.637807093697738,0.200229306998254,-0.439850536524134,0.085339031039106,-0.110544152648842,0.370857443482058,-0.361149080916975,-0.30652804802755,0.191103745793832,-1.76197833099159,-0.797286334023274,0.301253247515728,0.17247341516425,0.350433339558384,0.090076948765983,0.902800450206908,0.338405721346732,0.190846118415535,-1.83273643756541,-0.245521476102697,0.191692791238587,3.217775390274,-0.64858490305064
"173",7316,0.580256983146239,-0.0608979747991133,4.55409118389631,-1.61666186642345,-0.558595187298466,0.886124367788335,0.585318319813316,1.11025266111488,-0.374901504169423,-0.557407196556142,2.51679141929675,-2.90797298282219,-3.01034391286431,-3.84175578501353,0.739676817220285,-0.597605960283486,-0.362487506583632,1.03564624436871,-1.13495252602484,-1.94265656563704,0.471119573959109,0.453480290378995,0.11115895547047,0.174070782958773,-0.109653977114067,-0.174735219311427,0.269688849754488,6.20652186005938,1.54364660152579,-0.594157273003726,-0.0633151950785549,0.181799412835856,0.642661132182733,-0.26101602769203,1.69301727355545,-0.499903871177686,0.0143161576632965,-0.0592702354615563,0.499437876202323,0.816335157714834,0.757244785153076,0.817541087820671,-0.472945188043347,0.118812171145732,-0.624343107129242,0.0673628430203868,-0.115654605858588,-0.113464088060206,1.24902065756414,-0.289460672009423,-0.0457723910057958,0.336974610788843,0.226203531156845,-0.95508192543488,-0.112408518455943,-0.400523876053049,-0.232223051173263,-0.237953639596362,-0.359416964359798,-0.0931266731017626,-0.268018218530062,0.807249014664045,-0.249601839460583,0.162602219758928
"174",7323,-0.390392146556325,0.60798648733229,-0.230601974408993,0.292914043302732,0.155296424150401,0.950065113209113,0.3118264076943,-0.271624560498402,-0.28477495340465,0.556204052876809,-0.159191416971808,-0.277156073327946,-0.725307691066029,-0.124319702336327,1.31650546868884,0.839603517043371,1.02608548055269,0.50412015189373,0.48382212775754,0.217576780977749,0.629519214104637,0.269535088079177,0.167076691204818,-3.97122074426188,0.852820886960006,-3.06631211555258,-2.93452122878013,0.135763938696139,0.287812671974485,1.97414194626464,1.29073403211408,-0.19295135411244,0.0500943390826439,-0.26108921068654,-2.67238702798056,0.203818883901259,-1.05876493423442,-2.23758732355593,0.889552683764169,0.15313782841368,-1.18180312874866,0.942450494225205,-1.14611968308495,-2.85092116962567,5.98245965534276,-0.733218637491143,-0.630618310367878,-0.559882257009777,0.388033664489034,-0.935304339068509,-0.0391803694523604,4.66031705260894,0.834694858890135,-0.272627110673479,0.272731689440169,-0.526622352338365,-0.249747138119674,-0.870997938062885,-0.359416964359798,0.656776196029465,-1.23991016321079,2.75759922558001,-1.19068585890294,-3.32125920246243
"175",7333,-1.34162829366484,0.667276522928344,1.3734297564693,-1.03400854441179,-0.398584478567952,0.72873929420596,0.00696945548407592,0.31245599638537,0.345274977340012,-0.203793510860715,-0.365107541292333,0.481152298794772,0.254985213896876,-0.87388069909449,-0.227270990026089,0.307631097672427,0.0747733954673186,0.495039142523174,0.600402360927196,-0.0860807095183942,-1.1180919206594,-0.415115188890933,-0.00652954923950535,-1.41107761677677,-0.212960497395703,0.60624238969049,-0.385757256549851,4.44071616902955,0.690831892845734,-0.21902349193875,0.112152579156832,-1.19260525573937,0.292197327302859,0.259419948532603,0.812339324102339,-0.251561130798378,-0.209646593486321,-0.547793606638749,0.301234377049525,-1.26331346483128,-1.08184233793607,0.348760943373163,0.383822351100507,-0.528060437735167,0.169824999868672,0.512130332193462,-1.04150861556891,-0.965470243453045,-0.297150064553579,0.182376128671412,-0.689155312054535,-0.2876908370787,-0.250582902181935,1.03843343422661,0.223869226790015,0.0690320438108577,1.50252917462254,1.02270956836833,-0.359416964359798,1.00312030381797,-1.411521952927,0.0343623226368233,2.17688870644055,1.02112348393156
"176",7337,-1.04072706345704,0.129177438802289,0.387424713966924,0.900376019034204,-0.360562697147595,-0.0653846665290363,-0.377199040779526,0.825986209626382,0.101699224396063,-0.266475433353489,-0.28827848451242,0.238736863232706,-0.661414879059145,-0.80056675045218,-1.04396053128504,0.458537562177585,0.359057654776347,-0.354980854880867,-0.288412510910888,-0.0126815174252228,0.20729324763909,0.344360259111294,0.0879008486581922,-1.22296228540869,0.501137691322624,-0.223510516688203,-0.732264476429147,1.93951054838414,-0.0171585468089567,0.340763006313998,-0.587779421608515,-0.929023846239681,-0.0271177086065851,0.0592549571857881,0.583842258252193,-0.324381137628285,-0.133139558197937,-0.336083236021287,0.559728500174153,-1.08822792191058,-0.947688280629347,0.724154432012898,-0.0445614184714189,-0.322237334909425,-0.11742729415185,0.778990825697304,-0.100812630327163,-0.246299695616825,-0.233163790985257,-0.0721793707325066,-1.24048764505854,-0.320567965913834,-0.0254337531052891,0.874448284162929,-0.250911539664056,-0.124197878188606,1.00617792618646,1.35053461221538,3.10781832967381,-0.475221055098681,-0.420324015430191,0.265552288440443,0.462487109538413,-0.742950994683175
"177",7343,-0.895129694001658,0.327134126599513,-0.216900957244208,0.239655430418867,-0.369540126637012,0.681769446096107,-0.408652573645396,0.455102597731461,-0.341102987254812,-0.175636636143358,-0.106060303195272,0.378811480634034,-0.0582892121313534,-1.15135585433016,-0.962580326729974,0.137607759541475,0.08019271723515,-0.12939738773078,-0.264034471864525,-0.0659679572019461,0.54629963625873,0.370549067663093,0.32542840005083,-1.34684802529366,4.00055421866544,-2.0661933296357,-1.33332060743404,2.11335013715277,4.98917760416193,0.621036595254879,0.569758285753025,-0.102751588553329,-1.43922021994513,1.49262043727473,9.36607731092731,-6.93539747197208,-4.63452178945281,-2.74488054388531,0.256939437620026,-0.634566116580335,-0.924159620798354,2.02028852841026,-0.105759099838838,0.324635273971473,0.288105356230063,1.13480481703576,-0.906015665144014,-0.354382709169056,-0.20296077641278,0.0114602933573527,-1.29613789341048,-0.041112370815196,-0.118142226254496,0.794352848454359,-0.00272396148878255,-0.168598498384856,1.21948782318374,1.41903700351099,-0.359416964359798,-0.425469182442832,-0.370485881227095,0.213454233982526,1.08157657508641,-0.967219723443516
"178",7346,-0.607170452060478,-0.11419992988994,-0.248707571518478,-0.552236188099931,0.154673753906245,-0.755404910077875,-0.28723594667365,0.958990561510007,0.376888424077214,0.367912703059718,-0.478026498008334,1.18784936569101,-0.0681912065046506,-0.15040092871737,0.321210766531619,0.89940055195725,0.931798758520299,0.244324611303682,0.541355430632549,0.271149631417879,0.171668213392066,0.422926684766696,1.51306615701402,-0.0892654292690463,1.14979818805458,-0.659444181526516,-1.11301379147261,1.42975246122173,0.971670864654162,0.511508447489215,0.438673480167799,-0.722352042337362,-1.43922021994513,0.68348594700846,0.429562909442889,-1.66634983492231,-0.741089030651502,-0.0919060993027426,1.58287872267311,-0.308628671816293,-0.297083436892193,0.837254815298906,-0.0445614184714189,-0.322237334909425,0.913301525568846,-0.199497650483455,-1.90454709517599,-0.211347839986531,-0.282111349209342,0.0123694201409373,-0.60444150014523,0.106834708942906,-0.600814911856719,0.690636037471666,0.0215837837479794,0.259035695709696,0.753177142627833,1.63824465581082,-0.359416964359798,3.66129178571617,-0.0565695175522672,0.290299297702581,-2.26558844743682,-1.9955398258856
"179",7347,-1.06014004605109,0.178457019523373,0.063758126196038,0.00383444620435073,0.0690140994383596,0.496356827250619,-0.218253034744086,0.200612700591625,-0.199795437533224,0.468187355241365,-0.523495390442725,0.128889911786419,-0.579646066681381,-0.433376037911341,0.637093903413536,0.304580563326815,0.328659512205773,0.101835817594951,-0.125167517570522,0.155018716223434,-1.1180919206594,-0.244887933304226,-0.743445581216041,-0.777810676172919,0.15293258589529,-0.0340400571816151,0.511326995746139,-0.065793148849709,-0.00353224478969717,0.590375089736955,1.28682386852688,-0.453465229931287,-0.455356301559639,0.391341653580191,-2.84770446980931,-2.14192363302855,-3.5370122596333,-3.25217376421469,0.401709650874349,-0.581935876995742,-0.871811786028447,0.55732768563068,-0.595340550778184,-0.469253836927813,1.13296504452572,-0.466358143987301,-0.582087635845432,-0.841637687825465,-0.388929592047822,-0.306188604827395,-0.294123905129885,0.94520149423882,0.116572082750243,0.25594355591458,0.501043167548347,0.348070634489672,0.452077227134327,0.102293807766091,-0.113243258483411,4.57814772465966,-0.718150687591654,0.704543502667995,-0.21606215742595,-2.47448841077533
"180",7353,-0.147729864130684,-0.287647208071214,-0.533829695460461,1.81280316493975,-0.149334466364236,-0.424171542850176,-0.675921532174861,0.814182846456291,0.41155078840786,-0.118246955833669,-0.0614426114882867,0.339374995909648,0.00922820151524076,-0.650110457694709,-0.935696315575417,0.164100686985062,0.0136006652689554,-0.66999763949142,0.0765735988494135,-0.238930206812633,0.851438091134375,0.213416216352289,1.51306615701402,-0.415907398478017,-0.190483713445602,0.173718175818976,-0.339082736778142,-0.0268700328970337,2.14887348810019,-0.0665540416330837,0.000574023598443897,-0.156185396413699,0.0241557408126444,-0.128749360352548,-0.224371148578369,-0.75936339131114,-0.59030538266759,0.0555471300729969,0.874001175253822,0.195109288105329,0.711409613539359,0.853654498484616,0.32262466973309,-0.616270338946199,0.237413774932324,-0.466358143987301,-0.952584553338957,0.029083681882874,0.182700576297901,0.335654904383915,0.0778093268635076,-0.468515045671936,-0.132857856913101,0.460765159557083,0.139790326948928,0.295287198191282,0.149529630905081,0.360171615493338,-0.00113598397632437,-0.134136430990941,0.0568951720795686,0.45745937441236,-0.673644107456259,1.93736141858225
"181",7354,1.321185817525,-0.461937951107196,4.12752631854122,-1.57522886435793,-3.2559957668979,-1.66192215344736,-0.792740044224162,2.68617088387665,-0.0138922220525626,1.86504789192373,-2.66434436977093,3.48057551473535,0.459910631506803,-0.788162364465658,-2.32215491724892,1.87184006892687,3.12777579081135,-4.70729243497757,-6.57868305279004,-4.16930579609557,0.504689847335777,0.632437153181102,-0.149626702734446,-0.623682803257677,0.143002805273049,-1.05603483657004,-1.28929290524176,0.102225991118217,0.684404854010422,-0.509637439589807,-1.18329767848463,0.870282810681938,0.488170091033669,-0.875152260288218,0.538259723376717,-1.00000597690661,-0.512559223716505,0.560642079780953,0.878708053264184,1.08934069931241,0.689064043416948,2.17687355471899,0.445020032467924,0.618668278008244,-0.658137494661068,0.245269838689616,-0.19553256155782,0.431977711307994,2.18749983101043,1.38351443514448,0.0164617917323483,-0.583584996594905,-0.425698907019327,0.807932684550024,-0.699487785406652,-0.283607007235031,0.234119915527906,1.50558623187264,-0.359416964359798,0.431115916483294,1.29152502615652,-0.530959124776967,0.024566352424958,0.0275254828733822
"182",7372,-0.768945307140325,-0.221926223888513,-0.439547257164099,0.12454991429243,-0.677698431712908,0.194721630240531,-0.480836017370949,0.0323672430129451,0.0535822010137765,-0.319077506990836,-0.590032660035121,0.346767078509377,0.16051981073843,0.203172866249866,-0.178221549076406,0.318182450636235,0.416099304459726,-0.48820720368323,0.264894712057887,0.0505543557560935,1.25366604794894,0.624954630840128,-0.149626702734446,-0.465923129484798,0.260010684853508,-0.104226153532426,-0.480268486409275,1.89609124332122,0.258970341870752,1.21591355654361,-0.249115216874732,-0.760171051259013,0.520760995734312,-0.25692696941696,1.17349325426957,-0.491999738783683,-0.577383093042295,-0.489623984040978,0.904722492462475,-0.82151709372148,-0.539991451226842,1.53575014981452,-0.228154462573675,-0.645673639349876,-0.658137494661068,0.245269838689616,-1.02449733531305,-0.840043846096401,-0.169648043837388,0.0692807567933853,-0.00247492299597087,0.0410804512726383,-0.70529588953281,1.01215970298833,0.129469142908753,0.251557500579079,0.886619849304801,1.16880755424427,-0.359416964359798,0.376957449392213,-0.34858656375752,-1.35057398772714,0.0132730720644124,-3.53059949031566
"183",7373,-0.7592388158433,0.0538860210105718,-0.72580678563253,-0.735698228957209,-0.20746170295046,0.391735607104704,-0.298669699468764,0.852533036173409,0.166469989601279,0.260863665010525,0.172202633265763,0.488319701393835,-0.266201035919269,-1.38091729655588,-0.622462677693698,0.981345446828051,0.230870965148592,-0.381188745614585,0.0544425115109708,0.438470476082939,0.0230822990211055,0.10117845980411,0.503574063595309,-0.341177555029201,1.18831362055431,-0.800960100827072,-0.724817423085679,1.44644923408412,-0.493494313234414,-0.197530620524876,-0.250736492230332,-0.604378729452417,0.555628751918071,-0.420306207138626,-2.73082617525681,-5.09959898046179,-5.16557478775257,-2.74488054388531,1.02759473693853,-0.173604052568698,-1.02588055678975,1.82667300647419,0.812206120672433,1.29494418729282,0.507768875186932,1.22375831487038,-1.73576799210578,-0.158741122126601,0.0294360790665714,-0.193820534376237,-0.814603695159442,0.13971183777804,-0.00630343324910308,0.423425105705246,-0.170196148620157,-0.263400213371334,0.765106277614822,1.4843608839502,-0.359416964359798,2.84393959208437,0.424245903013452,-0.609867918894987,-2.54451886598042,-0.172945131404573
"184",7378,-0.866010220110581,0.0926655211207736,0.101165185498493,0.334044445512544,0.377328543927586,1.11109980293866,0.863886433825958,1.45169504093485,0.589857991031674,0.440908262697737,-0.663062544210479,0.400218279442677,0.247142088548809,-0.741601075559719,-0.222158691812871,1.16083910106612,0.558242049763698,-0.13883859034833,0.19810550339547,0.491873224962405,-0.618774453583963,0.606248344629303,0.396132434119495,-0.677454892258122,0.162325896103378,-1.12094477791949,0.169711250657212,-0.308666184162993,0.345423725196428,0.763553370229116,-0.794174256781631,-0.769888732957103,0.608719594120666,-0.183244638113091,0.670916587693809,-2.22234180583721,-1.55498085584572,-0.088693242240658,-0.13700118629746,-0.0886354770070218,-0.338433199174116,2.90606407764733,0.32262466973309,0.089408870742055,-0.320193619342807,0.86794432353192,0.309569112545867,0.0138112982461631,0.303953921229677,0.911495809106922,-1.19029623458544,0.18902753103074,-0.288107760361377,0.478182519673287,0.0943190638600686,0.154765016658057,0.825427239721145,0.938541658675923,-0.359416964359798,-0.338616627606479,-0.0587812028566623,-0.373003749129662,-0.244975676421323,-2.94206543486841
"185",7384,-0.332153198774171,-0.347652418777954,4.17882402604276,-0.904477869738636,-1.15927783223405,2.01481464108854,-2.531116572436,1.7171631910931,-2.78313136655046,0.74361614266816,1.22485031592619,0.595345382382318,1.46085582219725,-1.88933709859648,1.302678520414,1.73220123773604,1.44024220323541,0.708773585319623,-1.69752425186077,0.0124838112937424,0.54629963625873,0.632437153181102,0.256330032811702,-0.347408608497191,0.216379410297556,-1.8447054390773,-0.896669229538227,0.311875981837619,-0.0834542981911695,-0.394846424666804,-0.317194377568378,-0.34520134365793,0.717047690462668,-0.270676481382555,1.50250565343487,-0.374304657716858,-0.396966687753257,-0.156501436024684,0.612749814035246,0.754554456146676,0.100958422928985,0.711390106604138,-0.105759099838838,-0.0870109316800072,-0.185016069215502,0.601083830028074,-0.964151776968625,0.0622362525674674,1.51585537396357,0.598210719483385,0.235024592970967,-0.0739894996503299,-0.120349570853287,-0.318297091793914,-0.137831171064922,-0.0294346745681234,0.300094585621552,0.337384244807138,-0.359416964359798,0.0234348571205109,1.10941974094593,-0.237945469154019,1.57140560277273,0.603242832901644
"186",7394,-1.26397636328863,0.849314630256666,1.78605060212655,-0.295215655111969,-0.0849648154120589,0.671581235266234,0.221396554237967,0.111965994427421,-0.181516502136245,0.802853014150165,-1.02341051518617,0.387317940941018,-0.484256200731096,-1.57235063335251,0.53929413558974,0.914138749211138,1.44032477353141,0.0473878834563917,-0.0691727228682752,0.209893486098656,-0.119456986508523,-1.52159235020452,0.622337839291628,-1.02342360092568,-0.910391870686225,-0.622842955012088,0.237896921064449,1.92042603325912,-0.483819650305383,0.388718013121243,-3.68793906775792,-1.00861751368057,0.25559832684247,0.0571175540576815,1.18810304108864,0.342880619633164,0.954917228251833,1.18173807920423,0.0252048439494023,-0.338372700989244,-0.768323985143903,1.43474646664852,0.934601483407269,-0.998513244194003,0.119133418570932,1.75747930187806,0.060035251893895,-0.16549092587318,-0.119726706898102,0.363837834675062,-1.07727488672174,-1.10961905795705,1.35415662113887,0.358088674347176,0.214344658673449,0.251013561225427,1.25933340053268,0.099406937204596,-0.359416964359798,0.836522604524667,-1.46604697203039,1.34432456924522,0.21294643265599,0.872514319548008
"187",7404,-1.2801538489131,0.242847661464313,0.228391642595573,0.225934196200756,-0.377791363050935,-0.528002097663461,-0.125962571963815,-0.170044761915366,-0.239993211934477,-0.0166064236727986,-0.435923222635037,0.213791309617562,-0.624478645006673,-0.817849103062337,0.157402587543318,-0.291950454139514,-0.216954658825152,0.166266117646203,0.187738890961772,-0.197760046174004,-0.184258783872442,-0.0110592836496612,-0.743445581216041,-1.3482659376394,0.530695286402448,0.346247061619428,1.12801246054337,0.305495884342743,0.315363914240515,0.556744743004779,0.562108993028777,-0.880298953221513,-0.0349527031888638,0.259810306019982,-0.960704404259142,1.92278919918793,0.191794069695041,-0.288735868790547,-0.152091959146578,-1.66128817294725,-1.30373738550128,-0.0102086490484467,-0.534142869410764,-0.234027433698395,0.321899743761889,-0.466358143987301,-1.05038931731123,-1.51893095547059,-0.732927903187834,-0.545107123553644,-0.431466795767321,0.123273273360473,-0.341084030732352,0.749993862795242,0.241432363285487,-0.0285454911619156,1.02202891031872,-0.0105100428057657,-0.359416964359798,-0.134065356887147,-0.455736326888603,-0.00393358198904416,-1.36076538240513,-0.386819729134886
"188",7411,-0.788358289734376,0.136441743706277,-1.13929277119804,-0.452530680268098,-0.554517149245083,-0.143075325678653,-0.233010221002184,0.274484415398489,-0.495279324127362,0.25275171726575,-0.43330799033471,0.703369934474509,-0.471509792191358,-0.623249886218192,0.613874337526166,0.0459739678235221,0.129727829283148,0.00955067280741144,-0.44595164167972,0.0637066109189268,-0.078192369698914,-0.19812219813555,0.0879008486581922,-0.977309087044428,0.00230888792433161,0.113090789333968,-0.577783517611362,-1.29270656848248,3.68772452173285,1.10075003894343,-0.290844740469838,-0.826941190569575,0.109162553452894,0.227489423518272,0.605464742744408,0.128602140151879,-0.435910574295239,-0.561828719067866,-0.17307477550247,-1.0374277747227,-0.99677999381223,0.534481838806238,0.506217713835343,-0.528060437735167,-0.455371169470112,0.245269838689616,0.37355759799837,-0.900851724620433,-0.244541707763644,-0.849119119984611,-1.08874396024495,-0.369883659166535,0.284330272258333,0.572474489529095,-0.165950142521552,-0.420422121780338,0.892970816617477,1.34971258357215,0.796328133651406,4.54261067276263,-0.969195884900697,0.530057485693803,-2.00706757171348,-0.732770311223419
"189",7415,-1.12808548513027,0.0267574009913751,0.0663117647523077,-0.0466441156912797,-0.126362572469954,-0.139887285248828,-0.142547957507073,-0.365214009741085,0.168157615429614,-0.111232487031142,-0.155818828975741,0.0125615549343649,-0.42501857618111,-0.32278381605876,-0.183901020962275,-0.467372044714826,-0.361835258705844,-0.153760337197299,0.340590835101467,-0.260063722977885,-0.0362374086626164,-0.201239923416027,-0.149626702734446,-0.601834688897653,0.135203164595,1.27487898440588,1.15496517757463,0.125346942172603,-0.157372745299726,0.257554056296929,0.630733402643911,-0.604389421437276,-0.333288248530865,0.294151641717804,-0.726363423681373,0.221615930388401,-0.0109619650558063,-0.568930824152473,-0.893150527532363,-1.26269002676206,-1.34722149705513,-0.266914433567716,-0.656538232145601,-0.822093441771938,0.406385712591455,-0.555311641821914,0.217157092094657,-1.07697951968272,-0.648370395939068,-0.402374218530733,-0.5413160135523,0.238343224283442,0.312289970509681,0.432185918565297,0.571208178703383,0.50273504184835,0.270246124184278,0.123182314265913,-0.105153042797333,0.301476751162911,-0.802648104497191,0.791986339620462,-0.169596431605149,-0.8375037409571
"190",7416,0.169348851701574,-0.496275554798066,-0.292495762835157,-0.132296616951027,0.789827712819846,1.26772448822357,0.897273032105857,0.744416905019509,0.110436210808269,0.319780752427967,0.152769774291148,0.00521184827868127,0.33981257976297,0.248218783614019,1.12296301168125,0.930647094682407,0.970787997356037,0.536004487428662,-0.0122304232213748,0.372295790157378,0.79595836979645,0.431656291982099,0.420225457571048,-0.0315612078772713,-0.66934095434161,-0.317957839443569,-0.3410262166206,-1.23268049980844,1.32516143632667,-0.0851771292842597,-7.39646568431953,0.531556314023247,0.326269304911287,-0.299908399988042,-0.627016873311744,-1.9889404254027,-3.00595926133354,1.98985617918893,0.423253618077965,1.0343977056001,1.11932651358698,2.09808997509073,1.42418293434661,-0.822093441771938,0.0515446435072806,2.46910728455498,1.37458659368262,0.883306635855222,2.4119841297902,0.169284702987781,-0.49778720354662,0.221904659865874,0.329948727300006,0.304672935080486,0.15005619743814,0.0998746178473061,0.442283721198816,0.262765168577149,-0.0820381408371084,-0.217719577052767,1.04764091280524,0.0815259008220337,-0.0837402881412405,-0.292319005222533
"191",7419,-1.20573741550648,-0.410462694509768,0.0490177452126443,-0.0532291879826537,0.322222286607398,-0.31141006935569,-0.214913861681047,-0.6545701900677,-0.0898082167081646,-0.0889281466653264,-0.110897722390654,0.142478495035024,-0.368137562427924,0.168807614945372,0.0984551033991382,-0.519456315282794,-0.337296373889269,-0.00439309339180146,-0.399958459290887,-0.271356581670114,0.130201747029197,0.126120183481484,0.721307660289481,-0.137233886511621,0.209376628262681,0.678515441398438,1.82525135580274,-0.152707169248384,-0.0950542514298903,-0.10526626291459,0.291273383524166,-0.678126431165846,-0.584832291764426,0.605557961568762,-0.628770047730031,0.39479292142087,0.323778441539179,-0.615939995902994,-0.747304269712813,-1.25217202320733,-0.682147848365768,-0.450050424187479,-0.289352143941092,0.0600055703383784,0.203619387400498,-0.377404646152684,0.362546506114607,-0.445725414165707,-0.558882318964178,-0.439648416657735,-0.291900424273558,0.205466095448308,-0.224094766996448,0.523904209749395,0.704812070031408,0.78182206956172,0.276732846259922,0.13834931635886,-0.283009371769058,-0.659587280340497,-0.339474849051786,0.178179010132318,0.167841343023208,-0.119096262001951
"192",7430,-1.24456338069458,0.183191243971228,0.387424713966924,-0.548098299530244,0.177485592800234,-0.422972758948078,-0.579783774821877,1.07325704376755,0.19768466271954,0.181388584380905,-0.308840482090524,1.11285091511549,0.154800412182564,-0.0390359672324128,-0.553606521606105,0.806641251260417,0.222873791182195,-0.039598373709246,0.113046898751629,0.442438062525315,0.79595836979645,0.671720366008805,1.51306615701402,-0.797389188217669,1.66904216005451,-0.910563282529602,0.0175670738924902,0.92324106336984,-1.63628582378799,-0.388795677030636,0.726465244564255,-1.11948966029034,0.438700406385543,0.0294954678856606,0.337813448219173,-0.474457664309251,-0.326407446045828,-0.158023315685674,1.42246235341842,-0.780772399262792,-0.96478155401923,1.18552421060598,0.62861307657018,-0.17522083289104,0.152927806102758,1.13480481703576,-1.21137925740941,-0.433766630797321,-0.164791635067832,0.173466686192275,-0.783699933459216,0.106834708942906,-0.348441846061655,0.550679144290805,-0.0523494336930175,-0.166750625652548,0.881630792223996,1.63824465581082,-0.359416964359798,-0.259226853668503,-0.273242047248717,0.213089721279676,5.43561237674264,-0.871062910205451
"193",7477,-0.856303728813556,0.197338079507703,0.928137156629516,0.71159798884685,0.0617759584586869,1.13016994613657,0.0426758757863378,1.90079613409786,0.497974139795927,0.24650737806481,-0.786383284946905,0.6901050656541,0.387441983224274,-0.138714705734976,0.0466339299828178,1.06327112787393,1.06494735152005,-0.30821638291583,-0.194626215636155,0.324698459848874,0.358873295682849,0.363066545322119,0.420782515814659,0.135073004641884,0.376432486097344,0.0745606353171742,-0.0720801414660497,2.81113034266143,-0.116317260892181,0.0145323911415925,-0.73612126263622,-0.70410398611338,0.633206211935412,0.11201225871849,0.070162153693941,-2.49597776987733,-0.627195864282813,-1.22604464221913,1.50308013653288,-0.340484346062374,-0.418679608016335,1.33760613640805,0.506217713835343,-0.0870109316800072,0.930198719334759,0.512130332193462,-1.61783842272661,-0.14576506347584,-0.00889298842707767,0.910586682323338,-0.856961826442462,0.123273273360473,0.499914261406886,0.348516905223345,0.132210321206099,0.119437204915227,0.465028471609599,0.327640019781749,0.299357741506588,-0.0813283718719473,-0.218127807868828,-0.0979436328260416,0.231178957575426,-1.00467548671538
"194",8214,-0.768945307140325,0.627831109873864,-0.948453085552421,1.71841414984607,-4.47301297064706,-2.68118136384257,1.11688352068784,1.1874476639032,-0.2540555349688,-0.562282986770296,-3.92538621290548,1.39384917933252,-0.694916739800308,-1.11048318833824,-3.82608895795288,-0.600725235971972,-0.575184594654497,2.36406485225231,3.38623697708126,-1.26959256330316,-0.384117039689947,-0.609660625717796,-0.624681805519722,-1.7855968920498,-3.65938254080601,-3.20824088262374,-3.84779730789488,1.22725270099862,0.93405866160377,2.72934518395244,3.02081441645934,0.323685157789837,-0.282786033356696,-0.583181517896718,1.83093366112741,1.43436481164111,1.28788745818578,2.82959555657417,-1.19348805115453,-0.873483673425946,-0.524573066639879,1.01876997243979,4.97364845365686,3.02973891110978,-0.77641785102246,8.16213114597031,2.19344124708579,-0.151606940748897,-3.32728098482669,0.398748303164743,2.57695230610813,1.37260416909556,-1.22990812251205,0.556376687583858,-0.173074962846427,-0.111395049392073,1.48078927784023,1.3423143253984,0.796328133651406,1.25187966709721,-1.44526227881807,-0.641228908275698,-1.61248307718838,-0.072701939043181
"195",8227,1.02053157504441,-0.580191937193968,-0.136932067890324,-0.140841601629609,-0.282337997241097,0.0197313855290278,-0.18332452043314,-0.0939809848583649,-0.302883157441047,0.104957522479672,0.461196240879177,-0.102613045748148,0.324598198540976,0.87747016237149,0.0257804777799986,-0.029997784465269,-0.174772929141909,0.284749246355116,0.00313729059695869,-0.156763230905193,1.3784954147178,0.300712249223095,0.800483502836107,1.034105442511,-0.126098079826696,-0.348955003157986,-0.290170646321804,-0.703247849422388,-0.435069934224007,-0.463306180113253,-0.492816485511285,0.371879121862625,0.102692028835596,-1.27370914538645,0.71299277373271,-0.170989974782093,0.900749822425258,1.08771973570318,1.20720978177425,0.689234235217843,0.602744272744483,-0.451235423082669,0.32262466973309,0.736281479622953,-1.06367014504298,0.334223336524233,0.421513863583714,1.14659205877527,1.21506027113071,0.108373208487559,1.11450206848005,-0.238375143825999,-1.14235012009336,-0.83791307459834,-0.823734586608322,0.270101077519973,0.477047031485344,0.153188036003582,-0.266957356518901,-0.782403331696649,0.970751825990614,-1.20294284549665,0.0806925951806831,0.368685107321782
"196",8230,1.11411400448265,-0.395746696186475,-1.83372651703495,-0.832533514086907,-2.3104864565767,3.68160916611204,-0.323882250261736,-0.86178195548327,-0.407084511418407,-4.99681418654396,3.01053045330217,-2.44930312143926,4.23097864601417,-0.248832120496236,-0.598773520119966,-2.64806917693404,-1.34590228953428,-2.61770099493329,-4.56149882205307,-2.19604745907534,0.539615696184557,0.671720366008805,1.51306615701402,0.314641873341148,0.654241630713517,-1.60858614451478,0.26113629830555,-0.586316109211423,0.264233967638922,-0.782401257193571,-0.559669041458544,1.24073313281023,0.264906960684305,-0.558857192781227,1.05018665351668,-0.220709517260496,0.186554346778519,0.658718769044634,1.89952493472582,3.11048669788008,0.704448829432138,0.161559650049272,-1.14611968308495,3.02973891110978,-4.15585660420507,-0.733218637491143,-1.25815919166235,4.17562364965693,2.10312559107025,-0.160364668740293,0.157894828461718,4.66031705260894,0.0334287695291286,-1.29212177819478,-1.17055718621467,-0.649886622586701,-0.0684996191584972,-0.314155699670827,1.95207323166261,-0.350486002940089,1.15641184125136,-2.2424781742712,0.173011760537675,0.455686200987235
"197",8231,1.33412780850943,-0.489240121694062,-1.87084489950625,1.71841414984607,0.752031721724029,-1.54580028413821,-1.2712834986926,-4.04962569557561,-4.46292493378825,-0.553485354697388,-3.00056069295965,2.60174942587796,2.79388500668636,4.87338087739113,4.97878259096595,-0.848086548386158,-0.612389835330981,0.432784921087764,0.315851352004482,2.63821832531977,0.686436900653102,0.868136430147311,1.51306615701402,0.598876377468029,1.44053570007379,-0.445086310240816,0.591378168655547,0.773828373627889,1.46888293696725,-0.361392923124041,0.234782236246234,-0.866167205234465,0.102692028835596,-1.20287600669975,2.10209130448922,-0.5055132554573,-0.295075319146144,0.892750041356591,1.49277152445004,0.98074180983713,0.393351673718418,1.54338837993629,-1.14611968308495,-2.85092116962567,-0.77641785102246,-0.733218637491143,-1.14044949553738,-1.07974637590677,1.42109723702805,-0.286369640945233,-0.13511745401428,1.37260416909556,0.505064732137398,-1.77758062253976,-0.470090657468894,-0.124458458026572,0.599111112368472,0.462476461438252,-0.359416964359798,-0.10407208508605,2.06914156884706,-2.25607254376457,-0.0849648607104564,-0.564453528887589
"198",8234,0.716147861304598,-0.49051849421997,5.15124128292717,3.38478299271387,0.0630624039855383,0.456052549621338,0.0923276464040317,0.275243323113742,-0.120847434443975,-0.368787626582257,0.228660115002527,-0.333165258421094,0.297834694312873,0.0435767392540915,0.189961713868506,0.0172878600517251,0.150365633441719,-0.105596147390752,-0.242846054613466,-0.160970815846085,0.541160827301779,0.606248344629303,0.408024714825665,0.945111584265212,0.169846446299984,-1.40968240975213,-0.762032316039867,0.69746136942151,0.338664481553546,0.165202083085356,-0.57560285665989,-0.428496636841438,1.25912621542403,-2.88866771801435,1.18634986667035,-0.103371397011464,-0.107047154214808,1.09600552496856,0.263631268370708,0.734222330728249,1.03409113681851,0.332397906939248,0.200229306998254,1.3243474876965,-0.269502038045068,-0.110544152648842,-0.257687122884088,0.533052460292716,0.663862001200409,0.362928707891478,0.614221571529056,0.271220353118575,-0.212322262469564,-0.432194198141405,0.0450598518994229,-0.194489629920195,0.584524506375977,0.236002974978889,-0.0820381408371084,-0.379697459599451,1.04764523523064,-0.733344575878353,-0.159255596576216,0.518238617519574
"199",8235,-0.215675303209863,-0.159420661442835,-0.164554903736185,-0.515456690330549,-0.142729237480253,0.118979955777976,0.434068737165395,1.211508523505,0.207790870558193,0.383056862607611,-0.00903002743831313,0.480032069647726,0.283266081304611,0.437136915095617,1.52541361163118,1.28105060481756,1.45686377823755,0.00375279115795166,-0.142208695391877,0.872344846770068,-0.369115720046243,0.5538707275257,-0.07045086018782,-0.572189636830771,1.06018806474418,-0.969497795620324,-0.793464603519309,0.554089514940185,1.7915763798501,0.645976258168019,0.736645410963209,-0.182961159359355,0.376381452997153,-0.137060359446957,1.71054901773833,-1.79495771813311,0.190944384897799,0.878376733447256,1.26966123130046,-0.453165749345704,3.88851533940951,1.45044305572499,-1.14611968308495,3.02973891110978,5.98245965534276,-0.733218637491143,-0.825687703992391,-1.33820719683614,0.317047877670175,-0.198729819007597,-0.0690337796756553,4.66031705260894,0.051823307852384,0.592210796450776,0.174033368484653,0.158451556579706,0.444961034433941,0.389402028183007,0.120217251314852,0.383140896422297,-0.0498365485396099,-0.0448197925923816,0.195530289449365,-0.486978333972588
"200",8236,-0.374214660931863,-0.0126102794635623,-0.85303324272961,0.415865877876548,-0.172419882486471,-1.52586175302579,-0.651942641271101,4.66967973575038,2.11905806185715,0.641893799135707,0.960366787176308,5.58297346770137,4.26188106504187,-1.50043853295932,-1.79769731697303,1.65104620511822,-0.29561603455946,2.70836510230972,0.790396232605298,2.68651197862099,0.255031113798057,0.213416216352289,0.32542840005083,-0.0433067660996282,0.792693161557182,-1.19707370928399,-1.14849159966332,1.74637702826276,4.43342472907419,0.551792423948671,0.489957280004002,-0.283879911243945,0.430027149986187,-0.144210590852053,1.38504296740961,0.124777559961232,1.85299865544317,0.377340129501937,0.953950936400054,-2.5748662752053,-2.1617894709588,1.78037821199595,-1.14611968308495,3.02973891110978,-0.77641785102246,-0.733218637491143,-1.69674824804109,-0.519747930559822,-0.521690056426466,-0.729841685978202,-1.11928919086474,-0.271252272661133,-0.4006823348997,0.263708869407155,0.0320994387274599,0.116371891564595,0.878703168466981,0.274416177882718,0.218455584645804,0.59714502294624,-0.128793209359104,-0.182838574074226,0.224375776635338,-0.701755168549921
"201",8237,0.949103652433214,-0.473318551196487,1.27800991364649,-0.088480839710679,0.27961979941931,0.158919428424595,0.0497420626048506,-0.0265648778809412,-0.485801285528161,0.214508108589605,0.472094916302837,-0.085011545042254,-0.65261870914681,1.05980156541894,0.293539992348054,0.673018169746845,0.498620134807215,0.439456813337631,0.241892947307513,-0.252255374293619,2.04425203748505,0.0388241637050858,1.51306615701402,0.83411244342414,0.113726881445307,-0.9254692599314,-0.889909569247511,-0.821855451224833,-0.0773688674541878,0.310997943196944,-0.157822535155302,1.70270502766109,0.488170091033669,-0.764583458435815,0.884219475252127,0.585919942148108,0.848387996792902,1.49118694360515,0.887926595257484,-0.666341347204583,0.561135381477754,0.862502987584023,11.0934165903987,3.02973891110978,-0.77641785102246,-0.733218637491143,-0.575528606207953,0.517408953425953,1.9471981750929,-0.410738184939719,1.1125569822289,0.550675948217213,-0.937802853938759,-1.92802078887966,-0.666685024616179,-0.542331713588703,0.764705608742081,-0.406104970420058,-0.359416964359798,-0.195544456669017,1.30186371191967,-0.727202660593682,-0.221844861225024,0.247477149303266
"202",8240,0.337594700720598,0.0997174867785816,1.43704298501784,-13.5726062953296,-3.3556102728553,6.71783812359984,2.36123559115925,4.5220417076346,5.03938946132609,0.768807741693924,-1.09208930960506,-4.88434919406305,0.0916417957020949,0.576152936364319,1.74754442875993,1.08885454489334,-0.441935662663593,-2.326575134777,-3.46548872570014,-4.45028169806728,-0.369115720046243,0.5538707275257,0.167076691204818,-0.0910949569657518,0.543552927828315,0.204884231803187,1.02631283555105,-0.587512631245725,0.392202658867032,0.893629638646402,-0.861809965743346,3.54961946433872,-0.668264095554768,-2.15971293516777,1.69886118828308,-0.870327211242429,0.0170068261879813,0.767279518195121,1.04511824132497,0.0797732453014921,0.760863771315252,1.7528106929667,-1.14611968308495,3.02973891110978,-0.77641785102246,-0.733218637491143,-0.173655076242375,-1.22223118744476,3.55156739544826,0.715124423852471,-0.284583253392019,4.66031705260894,0.282122927659542,-1.92802078887966,-0.581963622025295,-0.724415164214217,0.72185431412164,-0.159915715346845,1.95207323166261,0.0603223169896334,0.799292958831296,-1.21252957714563,0.795842975602718,-2.92010539743216
"203",8241,-0.31274021618012,-0.321198823009357,-0.904211357361482,0.668468501550046,-1.5356524087445,-0.171767909587252,5.72355902343366,4.88911696435001,0.93817313753709,-1.37518555552844,-2.0831367858622,0.561896857265605,-2.10788197061406,0.352465800472176,-2.31566446116633,0.334563762554259,-0.222663506121455,-0.426414193000877,-0.310639272364474,-2.70900396466308,0.662373995387036,0.573512333939551,0.562955951443468,-0.315426188015596,0.268384876496189,-0.462878271340468,1.04698157537063,1.47613304795039,2.4313033546274,0.809597015982555,-0.341049642505753,-1.57075722684486,-0.668264095554768,1.59291434224446,1.88645085103985,-1.0428922694444,-0.148717112814764,1.22063055942948,1.95065738117017,-2.06002709547065,2.6143315031057,1.70337265423547,-1.14611968308495,3.02973891110978,2.60302090216015,-0.733218637491143,-1.45358942939298,-0.274541510703761,1.3068289302089,0.336018555097349,-1.02591941429916,-0.271252272661133,-0.0357346945663122,-1.64268930564283,-0.721233464265445,-0.374360687576483,0.61198362119394,1.09965145429864,0.796328133651406,-0.250697961213215,1.35688079629126,-0.496802817099884,-1.94583894325269,-0.468059223225601
"204",8242,2.24006699493762,-0.210889335377831,-2.66601025636301,-2.12007246396346,-0.0339218209894621,0.340713512829078,0.14317632308902,1.43975728667123,0.0630169082830497,-0.51368156043862,0.424007320102871,0.327830814009918,0.304529929569413,0.260610363213393,0.019346633309927,1.10701512051647,0.293273712781031,-0.0657700224728608,-0.0255472564087671,0.0108222200737271,0.572818941787744,1.39191260118333,0.58947546270555,0.329674557087182,-0.121039941190956,-1.47250638341853,0.0610384837688738,-1.10853362255611,0.525445485156083,0.0291715567796647,-0.066128281966902,-0.285729197295174,0.680909122129814,-1.92086397807059,1.14953320388631,0.312895910938493,1.2502535023729,0.585837643057314,1.76859808781174,-0.294289596224465,0.408403833873047,0.471362389702865,-1.14611968308495,-2.85092116962567,-0.77641785102246,-0.733218637491143,-1.00218142492576,-1.96447764754959,1.84250683664355,0.83494733392903,0.523761949837161,-0.271252272661133,-0.462487983665838,-1.00307677325213,-0.587131711521648,-0.0138512271470653,0.79839029529611,0.326418360896414,0.183783231705468,-0.645088163166507,1.38351176032359,-0.561916975743281,0.323974345598231,0.141159310098876
"205",8243,-0.235088285803915,0.123427237838686,0.673684242435355,0.0845992665385517,0.0273694279581715,0.394126626873878,0.104445836054295,0.0517821065312643,-0.0523016298523811,-0.136874462798988,0.184808019406104,-0.680560099407273,0.114967782371031,-0.415182979467876,0.61082199505298,-0.0271181631794063,-0.232671495722095,-0.325943335951433,0.416278943787092,-0.0608181864048071,-0.69586591784421,-0.834136125719746,-0.624681805519722,-0.572759232735154,0.00733058019351927,-0.686596329999404,-0.373142353889645,0.247555158060895,0.174784374838914,0.733202422138898,0.209450901442598,-0.151021647310138,0.0150034180623269,-0.18964176278163,0.027501576182277,-0.366349530920312,-0.0419754601564777,-0.151935797041718,-0.787990077166467,4.43177318649596,0.464694881022747,-0.336386073567758,-1.14611968308495,3.02973891110978,2.60302090216015,-0.733218637491143,-0.152166352965733,-0.897498361148891,-0.6591231918241,-0.154546257325347,-0.391347094346716,4.66031705260894,0.232825564953218,-0.135561430754724,0.140315073562126,-0.131337456776154,-0.0125701817993651,0.00657300076771174,-0.0737828187084539,-0.204215497331894,-0.566937581074062,0.497076004288954,-0.29198565671733,0.432530703552589
"206",8244,-0.613641446387915,-0.457604290180423,-0.407740642889829,0.58574848576235,0.00718242964722981,-0.412321783448007,-0.238223963617605,0.417683255256325,0.486062623026893,-0.357161753389306,0.225196434650339,-0.136412846776529,0.22583320013104,-0.193502255447465,-0.348812917421927,0.330068200783372,0.219123785815483,-0.0190753681994183,0.135455627548312,0.162976086837721,0.275846410852399,0.518952311758497,0.0329660047067737,0.0749230924101386,0.410148587436172,-0.786880806640578,-0.254918721157453,-0.653970615729241,-1.471170687218,-0.477799895294193,-0.092578717647723,-0.185559434011265,0.590719492976819,-0.376732474662676,0.250739118777558,-0.194906349574269,0.248687547579593,-0.207061660317515,0.11301584550948,-0.479933364510814,0.852366961648111,0.926367281917411,-0.228154462573675,0.824491380833986,0.49087168142102,-0.110544152648842,-0.750135531763894,-0.320935228060581,0.0334560058040244,0.179103272250504,-0.291450238631206,0.35341317520641,-0.338140904600632,-0.219316630888975,0.0622720843841399,0.182849854890094,0.439873860119406,0.245706664119216,-0.173213587457994,-0.633574158351868,0.471091131872456,-0.0570657883379331,0.0935506071574486,-0.167315859224278
"207",8246,0.0852259269979315,-0.465510155326559,-4.12911451297943,-0.578383203801081,0.404006701621907,0.215688104961253,-0.117394598647108,0.465187229021827,-0.117103952431613,0.194009565887506,0.0553935627914646,0.0637257890145385,-0.114420830275771,0.756527046378655,0.0455860754374188,0.406043160046704,0.216568335116726,0.0681270765539658,0.401459925862264,0.333414732018172,0.54629963625873,0.815758813043709,0.32542840005083,0.208995983369185,0.492255273713518,-0.703554694165109,-1.02232485674546,-1.59357940304706,0.240861415712441,-0.181691632178471,-0.22439541441053,0.0218604974934989,0.576451867997406,-0.271278972241067,1.20972552558085,-1.02351439647845,0.51994941911111,0.647558318197389,0.439619053892345,0.585642961201703,1.11786791558986,0.500803604798302,0.689810757937596,0.706878179219277,0.0684418372731933,-0.466358143987301,-0.0688288763599495,0.352401600864165,0.921130219579793,-0.271823612407866,0.623378695487778,0.0410804512726383,-0.708974797197461,-0.0681554177453779,0.22070499314521,-0.0565018824765637,0.297358913594441,0.233010990316672,-0.124672293341523,-0.432647666926033,0.605835631720871,-0.273083004976099,-0.563228480798633,0.315569807568883
"208",8247,0.790564294711215,-0.294469181974963,0.556190609306201,0.300464932942509,-0.511675862155234,-0.513730687985576,-0.255246361259042,-0.0928845273823372,-2.8933794161409,1.26044990536855,0.27538483959909,1.14222165396473,-1.20566473258396,-3.6922200528633,2.5683196762582,0.652911715119852,0.52632254272225,0.285322662976435,-2.1042293831098,-1.3969012403599,-0.45233529789215,0.562600334741103,0.5392229905836,0.521207794261742,1.07431245243869,-1.15684376815425,0.424174237651217,-0.321889034082066,0.133143035253426,0.998579832688675,0.487271074014544,-1.7448816203162,2.41556040201247,-2.20232445207923,1.34238238989794,1.28255447527372,1.24317279572891,0.443626443624978,2.30032196304523,3.53281571250616,0.536475709724428,1.83861029322395,-1.14611968308495,-2.85092116962567,2.60302090216015,-0.733218637491143,-1.46641037227613,2.86343794340017,0.651793861595908,0.191285571150549,0.725578678403527,1.37260416909556,-0.709710578730391,2.55661961244875,-0.0976662711712075,-0.0326159598212194,0.78504456226639,1.05858987534125,-0.359416964359798,0.635453964891244,1.04570554322039,-0.464612467188596,-0.461248798506716,1.20781748317867
"209",8249,0.531724526661111,-0.034629711189732,0.605885263448321,0.520892808070166,3.63066477565209,-1.15297062134433,-0.195864302006166,0.419038699527696,4.38263997770305,2.31687113468803,-2.2667607853954,1.62206747567201,4.61131589593363,1.54871015754835,-1.6062447495324,8.92668518833227,10.0201952469632,1.85245088556705,1.6376059850604,4.28324771639868,0.334221807601683,0.5407763232498,0.483780108896843,0.28159956085386,0.923011941314731,-0.875601595008488,0.746851241157725,-0.0951132089985163,0.500621020876201,0.888231719215251,1.14145558246705,0.554800419748833,0.873648153231741,-2.19126271457742,0.72701816907901,0.884696146641408,0.116561561602576,0.586514034017752,1.30871417320408,-0.425010481703965,-1.31577743369639,0.265660899909803,-1.14611968308495,3.02973891110978,-4.15585660420507,-0.733218637491143,-0.561222279006722,0.172794525520136,0.259257505945963,0.141647248766786,0.205900253126554,-5.20282159793121,-1.12837027096768,2.74856222166302,-0.215676713515866,0.166970024229032,0.749842545264404,1.29611176392097,-0.359416964359798,0.41690109572448,0.0892580276466559,-1.97525272478393,-0.382263867792296,2.14471031500386
"210",8264,-0.419511620447402,0.670771507896096,-0.375934028615559,0.814582696915058,0.438076603823549,0.892283669124419,0.350551543288523,1.55392158592691,0.0772601673618983,0.519080053379538,0.499049862727935,-0.50751902449834,0.299009031296379,0.472339567920481,0.62125526193515,0.7244025124207,0.987576120633531,-0.0779118844973211,0.523739799281633,0.353637431631419,-0.369115720046243,-0.965080168478751,0.32542840005083,-0.94390316664017,-0.0459546328385818,-0.587550396670037,-2.03404961690457,5.186866528935,0.89218175723131,0.750744468635593,-0.834610948019789,-0.378582898089777,0.488170091033669,-0.0616350263958926,0.0158137467270269,2.0906117779535,1.3486753247245,-2.23758732355593,-0.858705995561488,1.51657677487033,3.03532160743047,3.0996118030926,-1.14611968308495,3.02973891110978,-0.77641785102246,-0.733218637491143,1.92640764577268,-0.303366519437921,0.761933412765735,0.395657272100571,0.923886311590005,1.37260416909556,1.7249905137357,-0.456883045017631,0.0778383421943039,-0.530637773893374,-0.437303239916523,-0.550324544027444,0.796328133651406,0.814773928763681,-0.35582433836349,0.714354698408642,-0.420157585628586,-0.407922173941321
"211",8311,-0.584521972496838,0.556261697764703,-1.00212865553711,-0.578383203801081,-1.81994743602743,3.40748398605338,0.386101129228916,-2.71357652413195,-0.255394897059517,-0.8198872201655,2.52224107635896,-1.70676041668061,-1.41005638682573,0.129659361288834,-0.950440952847201,0.978788481426709,1.05102908484909,3.03047476655593,1.73168896306089,0.743083919251879,-0.285896142200336,-0.943256156987447,0.32542840005083,-0.427540809203474,0.529458103655718,-1.58016681018141,-0.421087133503695,1.83974653032306,1.56076775521445,0.0279696942126718,-0.324463244899264,-0.486565695260466,0.587109460330904,-0.232790935579463,1.20037526201665,-0.24431992563742,-0.360040802604812,-0.447349549013531,0.643961024451542,0.244682670060247,-0.301100566129888,2.51237718492348,-1.14611968308495,-2.85092116962567,-4.15585660420507,-0.733218637491143,-0.541572039386975,-0.728504747464308,0.88458313806406,0.354019265412341,-0.504270170875313,-1.91510871441783,0.502857387538607,-0.914146278805706,-0.122282454640939,-0.548073912691864,0.10006943866466,-0.249681248803971,-0.359416964359798,4.18724015379228,-0.957227476818521,2.26872356514901,3.75522668454094,0.28595902514275
"212",8312,-0.866010220110581,0.165050618723077,-0.0260612715985876,0.193928534878033,-1.40909359579129,-2.17896904536546,-0.0101463101750532,2.12644134923899,-5.12593780067078,4.87666099711922,1.41783535760755,4.60460535892558,-2.40561788499588,2.46428361637083,5.12797467179578,2.99226832839053,2.47144000055403,3.08074269136203,3.99042110512227,-2.08047569355378,0.54629963625873,0.00390574793788295,0.721307660289481,-0.403762977179854,0.721235240095442,-0.756287601629938,0.561703339702743,-0.0945645294014939,0.729682139594327,1.53980438011361,1.12795497300655,-0.740232731244256,-0.0315369392487369,0.227074528552375,0.355929583874811,2.02360513301337,1.2210101839332,-0.016150311733557,2.26264160302615,-2.14449289839586,-1.88178737343951,0.84747886640279,-1.14611968308495,3.02973891110978,-0.77641785102246,-0.733218637491143,-2.09914279631056,-2.5841208977264,-0.252330948350828,-0.113635552064002,-1.27145022252043,-1.91510871441783,-0.645697585365462,1.19895402105026,0.0540680476586565,-0.0510863853848393,1.49897188297981,1.56130276988051,-0.359416964359798,3.83897704520134,-0.377855711153079,-0.330525538124472,-0.945771345059773,1.14549914074552
"213",8337,-0.0700779337544788,0.281447527372744,0.959943770903786,0.394725865918265,0.441137547986796,0.404275987309693,0.485186196553648,0.377374589762187,-0.0355984587337465,0.047567441867606,-0.119633842895989,-0.70018817938769,0.0232749156326642,-0.0661635836163331,0.459291421079435,0.254016954965347,0.747421758966286,-0.0261596487362683,-0.478875091584316,0.366709476453942,-1.61740938773484,-0.834136125719746,-0.149626702734446,-0.498198764052892,-0.563772756814969,-0.258711221339673,0.252662584461892,-0.26768947876648,-0.11723107674023,0.313381055740856,-0.213676581897009,-0.46624410360645,0.211396842376874,-0.1324494638457,1.64685034720721,-0.744218053756179,0.257432220284892,0.0325498374180644,-0.869470819140807,0.0448808243311945,0.135470875854956,-0.106726115389851,4.97364845365686,3.02973891110978,2.60302090216015,-0.733218637491143,0.153988430478496,0.140506804505576,-1.04680725205618,-0.270732660267563,-0.507986346749372,1.37260416909556,0.426336108113864,-0.0348112382595428,0.130261103927893,-0.137366574907844,0.531306416028351,0.117020778583732,0.0682087219043479,-0.557951311914978,-0.248452957306088,0.372837921037527,-0.652418182923185,0.072167938876464
"214",8343,-0.565108989902787,0.368172603916021,-0.0260612715985876,-0.0435116148621638,-0.500321891151965,-0.312357962978099,-0.27698649462655,0.560853609775884,-0.422211946971363,-0.481745501195331,-0.163879638841535,0.244260518664824,0.384253266592618,-0.390416510674915,0.547983644242909,0.674091835751445,0.412590801927813,0.0527383464719434,-0.788812060345265,0.281250554306646,0.712738791950544,0.370549067663093,0.800483502836107,0.476613053600015,1.13490082329125,-0.951405581596596,0.326721213554411,0.0672614831713077,-1.46776764685233,0.56963049805876,-0.281137737083684,-0.69613623777783,0.717266712089329,-0.0138376036231915,2.07813125410595,0.915751737789455,0.690842273963973,-0.418772030934977,1.23336779468637,-2.4702895668217,-3.26541855729624,0.832982851090996,-1.14611968308495,-2.85092116962567,0.913301525568846,-0.733218637491143,-0.611945720072404,-3.13417854226837,0.0679041440720228,-0.798753496173978,-0.676183740886651,1.37260416909556,1.06720182329608,0.592657054746236,0.0210748781605466,-0.198744748908362,1.14694200395258,0.404629379221534,-0.00563054824636916,-0.162850368923745,-0.197298151689378,0.359199760925708,5.88462231878843,-0.519546978483715
"215",8351,0.900571195948085,-0.222860073787699,0.387424713966924,-0.244980562758913,0.0816848245247388,-1.38470808155883,-2.46795773816414,-0.936595746817441,-0.971365847576202,-6.73584604584509,5.09513118597024,-1.19691739671227,0.0210792222378455,4.67297375853601,6.11100234726735,-4.21201453799767,-2.35849003801696,2.22648509685539,1.04192002074251,3.86296491177677,1.3784954147178,0.344360259111294,0.32542840005083,-0.288016311412491,-0.42488090856474,-1.34483765489277,-0.91468938014679,-1.13505417308876,-6.4837117671635,0.885462071461031,-0.2088836727461,1.01502279863794,0.102692028835596,0.264815723941685,1.62814982007881,0.467816905860946,0.325194582867977,0.466285540799686,2.10093331987149,1.35882683245476,0.726489912497849,1.89557099392756,-1.14611968308495,-2.85092116962567,2.60302090216015,-0.733218637491143,-1.55911395448931,-1.6761944242053,1.20306026117532,0.661122292907497,-0.699702693579435,1.37260416909556,0.0768398799720112,0.363913778266818,-0.498313209566264,-0.378553837899267,0.697194726864521,0.324543113023237,0.26275914673623,0.0990577035574009,0.131566932383918,-0.626531237099216,-0.00291849857299664,2.8050649760157
"216",8354,-0.603934955090889,0.421315121652996,1.40523637074357,0.176729420356416,-0.0919629643595451,-0.0632581532082346,0.0221818806413285,0.876003625868514,0.738344744923687,0.091009310407716,-0.262117382759092,0.808948977077781,0.13412088451561,-0.110897237421986,0.543058385119974,1.11493170002759,0.545110730325177,-0.237910916427477,0.524205710812391,0.223063017477378,-1.45097023204303,-0.179415911924724,-0.624681805519722,-0.224901824869882,1.28814631886398,0.39146278156736,0.850231258702988,-1.92006361525319,-0.749638821725057,0.600453173143027,0.8161017372098,-0.837364498690956,0.530572677875283,-0.246797488478888,1.5036744363804,-0.335803883797683,0.525613984426306,-0.233948200994969,7.19232844724658,-2.07812691038319,-1.02552777178612,-1.26416560617423,-1.14611968308495,-2.85092116962567,2.60302090216015,-0.733218637491143,-6.30200888137494,-2.51784889235989,-3.4000668032954,-0.293460829857199,-7.53796182463867,-1.91510871441783,-0.019547500841847,0.91184486332329,-0.159129502566934,-0.0649161091415851,0.665356573782778,0.235197232670011,0.13755342778502,-1.36364735252455,-0.716278929650211,1.09936881705225,-0.144356630317424,-1.34947434567487
"217",8357,-0.730119341952223,0.507548271878586,-0.407740642889829,0.150563930837233,0.189486455296169,-0.39765087477526,0.158487762045453,0.260197840277805,-0.69082258779439,0.409856274422392,-0.40692304519604,0.153331278006716,-0.0586616274606994,-0.977495999073615,0.511942934190297,0.188880730944377,0.0382707685614776,0.0514404630457048,0.385283243534855,-0.0222682684459038,-0.451287753236586,-0.257982337580126,0.681719727139787,-0.829458951549523,0.186358192090698,-0.165566640712116,0.0961982840911092,2.80687646912504,0.676861404919888,-0.0614114348386276,0.0428124002898768,-0.313094119647992,0.51194123820254,-0.229275752310483,-0.451699431482988,0.601218262910694,-0.0998956405043699,-0.531222028107992,-0.400893827299613,-0.215957619464056,-0.696597754121353,0.785315635758457,-1.14611968308495,-2.85092116962567,2.60302090216015,-0.733218637491143,0.630876951475972,-0.705929188836208,-0.46546158827083,-0.322371061575215,-0.12316535604846,1.37260416909556,0.304932155180379,0.492228556506152,0.00839473762213619,-0.275132438797074,0.888529810943931,0.39862538257463,-0.359416964359798,1.50774644075586,-0.909178076377986,1.26590939670828,0.00238798256027112,1.10704381445283
"218",8365,-1.35133478496186,0.0189133332665392,1.691495899212,0.512411996595166,0.0708921298322949,-1.70048915985398,-1.84638953078126,-3.61138611258814,-1.47114408270251,-5.05369842196173,3.73741949259563,1.84618454250035,-1.78827506328476,4.29429084989152,3.54578411271915,-3.3653748252315,-2.32691363123648,-0.991717145921959,-2.4892560507611,-1.65708447021407,-2.69926389973163,-0.0110592836496612,0.206664624354511,-0.271911358414812,1.2110982628228,-1.71035509531676,0.161140982892488,-1.90078824192387,-4.26230647074149,1.243579446993,-0.167647189484774,-0.768801182879144,0.759450277304515,-0.00849162203330098,0.832793025649027,0.358994850836419,1.9492608622683,0.0183456272488447,1.69053952877215,-1.55393615961039,-2.71839181060528,1.50998486568549,-1.14611968308495,-2.85092116962567,2.60302090216015,-0.733218637491143,-2.28145048647824,-1.0375741852918,0.429935485522182,0.486751775815812,-1.74632329069808,4.66031705260894,-0.388909830372816,0.236608048926468,-0.197839470026544,-0.0148865640675203,1.30085584788915,0.246212496307662,0.172225780725356,-2.52926265474729,-0.746048819428481,0.479385623553404,1.8707455641366,-0.850939099864227
"219",8376,1.15293996967075,-0.430043775330011,-1.29832584256939,-1.23910580604874,4.48736571226074,0.119774214736272,-1.49771876470955,1.22243951440568,-4.89385240662877,0.794541089770385,3.38160999077414,5.08116419276118,3.1747504689521,7.39596817391135,8.35726044590661,-0.323837132846734,-0.138253724135754,0.783074085037279,1.81132612149886,6.77886472385214,0.712738791950544,0.0170001522137826,-0.149626702734446,-0.501644508980644,0.125545816382971,-1.93694135953989,-0.870273690638653,-2.36924218467577,-3.91054553666252,0.280486218320064,-0.311877047518729,0.795734717533286,0.873648153231741,1.8867218361141,0.787210490773551,0.512946952110572,0.702136001061148,1.96922625489554,2.81700164162388,0.471935901739995,0.460763848125221,1.47462101197677,-1.14611968308495,3.02973891110978,-0.77641785102246,-0.733218637491143,-1.62106099282234,-0.967083966783719,1.33838637137321,0.747671162704829,-0.0339055758943784,-0.271252272661133,-0.474996269725652,2.79580043389072,-0.692510685473755,-0.38470601920097,0.614522920560139,0.40118676074742,0.1664470552353,-0.171237113171445,1.40939820522539,-1.59978720328811,0.0361997918325078,2.99623434332161
"220",8387,-1.00837209259638,0.134999536339,0.355618099692654,0.208192425387642,0.380240178548726,0.707221322784474,0.425940928256513,0.883704504757045,-0.345335755966656,0.46915095717381,0.269072901495808,0.242912582828961,-0.611804150487921,-0.481114581395294,0.62652897614663,1.11897320921478,0.972175667185067,0.0687057159356322,-0.324743248263417,0.712604673253548,-0.45233529789215,-0.104590740892607,0.167076691204818,0.556251441679248,-0.171385134570465,3.42221283416201,1.93870575632353,-1.90553954994157,-1.50214884868075,2.00549013668604,0.456536910209439,-0.741650247073034,0.616705609328416,-0.0913045217688634,3.17152769964462,-0.102147531350456,4.14555444910323,1.48256295885955,-0.1786802647135,-2.68748734577225,-1.19473857888155,4.34180580730212,-1.14611968308495,-2.85092116962567,2.60302090216015,-0.733218637491143,0.132724135390416,-0.762432700611689,3.51989350179945,0.303835466958425,-2.05434780620581,4.66031705260894,-0.212322262469564,-1.92802078887966,0.131858822607618,0.229474187634235,1.36859963896719,0.268808507400528,0.13755342778502,0.967583251920931,-1.11233148122577,-0.484695612643533,-0.775691821557577,-0.905714026293611
"221",8420,-1.04072706345704,0.464917996884696,0.800910699532435,0.743060993878075,-4.75532267796819,0.477278266727451,3.4753428337322,3.68611806068858,-1.42350794204076,1.02234883282997,-1.3022206506864,-2.3750603527888,4.95974225790345,-1.91734201115178,-0.603656472268597,-0.747260411562989,0.715079923174246,2.06482522017207,0.0351263888008938,-4.48307638992394,-1.61740938773484,0.176003630836231,0.32542840005083,-0.673773495268103,1.47126619922912,-1.23158798044127,0.268548804833222,0.241923810978785,1.84808201765913,0.935507788727753,-0.499136877983769,-0.711395202663007,0.864011201674911,-0.255072564050179,0.0608118901297397,-0.243707992806918,0.0217508996394934,0.00904525154280368,0.807149522478961,-1.52475523579028,-2.37652634280762,2.41040929954179,4.97364845365686,3.02973891110978,0.913301525568846,-0.733218637491143,-1.12806174483731,-0.493693091649982,0.103142431868191,-0.820572538980028,-1.30307815328606,-5.20282159793121,0.327005601168285,0.263618789483736,-0.29210690509949,-0.0928431513426837,0.940476487965304,0.368703537960685,1.95207323166261,0.156201283007833,-0.251259309801174,-0.131326041803101,-2.08870574299453,-0.360309522262317
"222",9057,-0.264207759694992,-0.241455502257431,-0.948453085552421,0.222192467137058,0.622715438701182,-0.0707774422176949,-0.136929674365586,0.341035205641765,-0.0430620040970928,0.134109925803793,-0.30651196251606,0.32740691415871,0.407602081339828,0.176397777106371,0.636094425245575,1.54827001399717,1.46424102812798,0.0913284549074748,0.0371124118311886,0.120496584698276,1.01787724682619,0.737192387388307,0.562955951443468,0.853014707518201,1.75017109516732,0.316355105214358,0.452880869945951,0.00933488652583336,0.222708747149235,1.35889289597491,1.36208932477318,-0.0462786998154523,0.102692028835596,0.234463860406873,1.16355859923261,0.268734758337164,0.8169142557603,0.478460578087593,0.9207116914142,-2.45218975190915,0.971781325517697,0.604986001037784,4.97364845365686,-2.85092116962567,2.60302090216015,8.16213114597031,-1.24920757359084,-2.68684250604448,-0.190839199424153,-0.646929323315212,-0.0325714383674479,-0.271252272661133,-0.753121689173274,-1.44174507463201,-0.438240807242695,-0.272149526826065,0.880898431615328,1.56130276988051,-0.359416964359798,-0.246788885504541,0.498536460151055,0.0392137194010982,-0.475875637527905,1.6624778288104
"223",9058,1.8906333082447,-0.564059217529184,-2.42676217605652,-0.968711399227851,-0.298856884389022,-0.166401123425423,-0.326280579413441,-0.254563940059632,-0.663224183234306,-0.332190842380213,0.39954036882729,0.242284500152551,0.517305628952749,0.449455870743164,0.806043254357626,0.628249042276014,0.011679581138165,0.013846407493943,-0.259622791158338,0.00113398764457425,0.658222855686319,0.684814770284704,0.32542840005083,-0.0264348116658576,0.216084300953353,-0.325116501264949,-0.650290197440436,-0.780098905334829,-0.2656347118538,-0.206811374884335,-0.239678378224629,0.921669903785642,0.731663733654285,-0.665917542806219,1.10745701784741,0.464451275293177,0.501929020702103,0.72821794022976,1.32313641583228,5.18190996009371,0.530768992308661,-0.000852602436822093,-1.14611968308495,3.02973891110978,-4.15585660420507,8.16213114597031,-0.523584658760305,3.65207480726156,2.11837074600635,-0.309643286605019,1.10587036532547,-1.91510871441783,-0.790646547352715,2.61411500206402,-0.895175034162325,0.0251778947187779,0.759311942798051,1.13644974760311,-0.359416964359798,-0.412533695552311,2.15703792529481,-2.09211546916302,-0.101428558585469,1.23668213361251
"224",9115,-0.0991974076455557,-0.601395911745958,0.0830724637064655,0.00147081060474227,-0.152138730478569,0.109297510773933,0.156057958396828,-0.158755407979541,0.0698094719470471,0.0813560039690697,0.321932093356698,-0.163982225510208,0.439053719404659,0.573868523742222,0.221385551044465,-0.234973075277533,-0.139532047156953,0.109025351707398,-0.103278069352031,-0.0396183960310815,0.73586656939049,0.649896354517502,0.302364923617013,0.909339664219548,0.342656688937956,0.0790298605850736,-0.53606956626161,-0.0185496497854211,0.121257253503526,-0.666027743604754,-0.392931944388305,0.421560493470577,0.257095113682761,-0.412984256718328,0.373461328057687,-0.0763953580667705,0.7617555510036,0.490128322155171,-0.415965804003141,0.763001036439198,0.717256185010134,-0.503580727161632,0.506217713835343,0.442248475586182,-0.725726269724721,-0.288451148318072,0.603037969450824,1.1312732847348,0.301448347232758,-0.359099783632067,0.699205200744967,-0.106866628485464,-0.497069715713558,-0.366072493963414,0.312060029432793,0.733349060093683,-0.346411449763527,0.197227502513938,-0.266957356518901,-0.6212072642917,0.895344972249182,-0.474308085635556,0.129199275283509,0.208113022951131
"225",9121,1.07528803929455,-0.554163929844726,-0.0548319445403786,0.0718965351000274,-0.219955078641212,-0.0599724536749756,0.263167986167874,-0.221437917133066,-0.176250471967037,0.326941308681735,0.323440289951901,0.128556341966227,0.0342882042868444,0.219526325572849,0.170368771734172,-0.143996135247573,-0.111882844923934,0.239990720933695,-0.0147829566300164,0.097428919606837,1.71137372610142,0.318171450559494,0.495785646942335,0.924766732751456,-0.260713264939032,-0.200574748915572,-0.90921681019842,-0.434406443659358,-0.0666892756350472,0.343495906722546,-0.0289314345328781,1.00308864732558,0.676202022907277,-0.276843450437908,0.675591719475908,-0.225757963112149,0.745434522189187,0.737180120455576,0.17923824259941,0.589685253198838,0.841322691123941,-0.488807767111373,0.506217713835343,0.295231973567796,-0.77641785102246,-0.199497650483455,0.462506503235594,0.9882881195563,0.284657814510538,-0.396373981759069,0.914818146470788,-0.172620886155732,-0.87452564210676,-0.283949596954663,0.33059942819674,0.320962415257208,-0.0101703584639136,0.208175789407291,-0.226891526454509,-0.404360173615994,0.912861480425714,-0.613293225895953,-0.144560725745626,0.678458232109188
"226",9125,-0.196262320615812,0.111054930650585,-0.0459601128982107,-0.0804670298437966,0.128899902235168,-0.0798711650763237,0.256569371175002,-0.550604642046055,-0.119786762215669,0.0481817373133177,-0.123460062025214,-0.16107378532926,-0.283304612260441,-0.224121410244965,-0.279455629680664,0.0544963167966914,0.00785392110152546,0.0895820810774961,-0.153994965691281,-0.0424587447631716,-1.61740938773484,0.0606481621019817,-0.00711017189886441,-0.427266921810616,-0.018242260045652,0.0682148292738045,-0.165182038404165,-0.277423419712678,-0.187346364897278,0.141602491464943,0.376777774845914,-0.218201789839656,-0.0683395255257014,-0.418238973731667,-0.64454861749462,-0.180168967239645,-0.389956788175701,-0.209429028679052,-0.7401484778905,-0.111843461905998,-0.311860928722571,-0.434818463571116,-0.228154462573675,0.118812171145732,0.49087168142102,-0.110544152648842,0.425583568736732,-0.692108162117024,-0.687497441597975,-0.280369404173569,-0.324350550374028,0.238343224283442,0.528609741191165,-0.484440406893135,0.35363543006332,0.0371392523919299,-0.732080063479157,-0.477657207272738,-0.359416964359798,0.0672875791614522,-0.663110570037751,0.413904438857329,-0.216742475519958,0.148769424950005
"227",9298,-1.11837899383325,-0.114942583453951,0.0422418422246938,0.0124405270046227,0.258776301524483,-0.10111800308784,-0.211582905081954,-0.55415115490339,0.0622208955466327,-0.13281430354828,-0.313563336355611,0.0726176316842947,0.0346460711466033,-0.347150228712567,-0.169604131867688,-0.331693542666274,-0.261423987931957,-0.187438731661021,-0.0989697412205267,-0.194598951737665,-0.380082236289277,-0.415115188890933,-1.15911879615316,-1.00567365115555,-0.415284378431836,1.29753227738809,1.24955613085512,0.247166999123805,-0.242576608577394,-0.455128538924024,-0.0732897718595429,-0.483367465230494,-0.321081443227994,0.400371487596445,-0.900512082564602,0.133803569211157,-0.0214060073556659,-0.658383528670556,-1.23305476084767,-0.951393321171729,-1.11270010621735,-0.209206531771482,-0.656538232145601,-0.704480240157229,0.288105356230063,-0.555311641821914,0.481894818042665,-0.856963089066469,-0.650960154925562,-0.235822191777883,-0.94909867760429,-0.0246738063976295,0.462389403227445,0.114677043317272,0.38161609191599,0.62292187878597,-0.350180042872147,0.0312800199558358,-0.191833925148173,0.34547162141144,-0.792970022258559,0.485262547568803,0.583991921128382,-0.366347783291339
"228",9314,-0.555402498605761,-0.223652818405987,-0.000694847859925836,-0.0529321457521539,0.108979872144427,-0.287696414890534,-0.17868177346221,-0.570771665134498,0.087066009546779,0.0492752688158099,-0.0754382880273138,0.312638621868921,0.136055391681293,0.0627447218842734,-0.207025686626277,-0.419560025668703,-0.289609693229297,-0.0638966006259755,-0.589805913788081,-0.217323638914319,-0.189911921025242,-0.27294736916767,0.206664624354511,0.345393033267774,0.226885630057036,-0.0279806766250276,0.716662639046927,0.0876820743967563,-0.0438500592011363,-0.18244325624409,0.0854522985693526,-0.317312431635035,-0.224696630930586,0.186609427316081,-0.453452605901276,-0.179557034409141,-0.116039651652718,-0.240204817379035,-1.11402646620134,-0.300463644200188,-0.384552278719321,-0.0148784922757348,-0.656538232145601,-0.469253836927813,0.288105356230063,-0.199497650483455,0.507655127505995,-0.230401041529401,-0.314406805280107,-0.0707247678787694,-0.375381065713446,-0.139743757320598,0.146003344067452,0.148886917828586,0.829361784109616,0.707349473801048,-0.495079280381999,0.0696667025921065,-0.169682144102954,-0.519713444073768,-0.505147283264913,0.19191728517087,0.120559235489591,0.0656632534688336
"229",9332,2.12358909937332,-0.350798441620543,-0.370650123012631,-0.141603731259001,-0.350165182415815,-0.0236915348420264,-0.120140595453942,-0.202788190785503,0.115468061656695,-0.420208439598949,0.24584748320098,0.0712300347107227,0.326226032713602,0.392875401150129,0.196831561554799,-0.00875407648285158,-0.155594031052545,0.00162041822016122,0.14327732076017,0.0632503471063337,0.647632571782753,0.584424333138,-1.93108333817923,0.71870572732106,0.164450394369725,0.0506520085635824,-1.06711790377999,-0.678066752890933,-0.134269034218961,0.00300110920838057,-0.248704631765604,1.04444533811191,0.784763336721843,-0.765551714486341,0.551116335777491,0.0945888736563943,0.623752578512102,0.717733880342953,0.106478486760085,0.798878891776957,0.77999353813677,-0.122416683928535,0.261426988365671,0.559861677200891,-1.18195050140437,-0.555311641821914,-0.050662892666369,0.784302887038203,0.431296365613,-0.114908329561021,0.976632286644431,-0.00823524198006215,-1.08275181592601,-0.29966579154869,-0.538683657183333,0.0170796925493534,0.258070998558626,0.221692233439553,-0.232285003578565,-0.374224753607308,1.18004180955478,-0.707016500363592,-0.195244423749281,0.717055602796712
"230",9336,-0.293327233586069,-0.547050008575343,0.0201949984819635,0.562355204133507,-0.0768141078125222,-0.193722944363496,0.159099977185886,-0.143019526420152,0.0344004395459437,-0.327096258393882,0.114581403956036,-0.329480120850129,0.3613690307778,0.52181176377926,0.16894308035432,-0.130106705829834,-0.17116996732566,0.0364239140710027,0.141398214374954,0.0166694568036252,0.62782868381009,0.16976820646409,0.0879008486581922,0.464077304579087,-0.0153992300572,-0.45536898521631,0.271965396333851,-0.370565009949415,-0.248699790411879,-0.350314003039727,-0.154237563413813,0.382628560486079,0.502209956698711,-0.206610048322682,0.106394425005216,0.18087140275738,0.721076891333839,0.812935908024767,0.270472204301564,0.581500114677276,0.863805595408475,-0.452072539598399,-0.166956781206255,0.383441874778826,-0.489165557001938,-0.555311641821914,-0.0518089389710292,0.85652280488635,0.110846353579998,-0.153637130541761,0.893541054559851,0.156150402195606,-0.788439202753924,0.276087427463215,-0.485117434095673,0.0674981303786782,-0.0074826362868271,0.206288548186922,-0.186055199658117,-0.378418125731158,0.876956082623598,-0.614126829206846,-0.137009194902135,0.134978728989719
"231",9339,1.63826453452203,-0.587704782967629,-0.0203046052037332,-0.28788275375625,-0.354898189450741,-0.0885835033575382,0.114043974601391,-0.0671082124574301,0.04989341869136,0.224687375782655,0.29037096276568,-0.106392034950772,-0.0838324553192925,0.792643774504631,-0.265718958228052,0.142746750410938,0.123787393991669,0.392942289239315,-0.336947268071931,0.049425351481686,1.3784954147178,0.868136430147311,0.919247278532426,0.828816038950381,0.190169052565775,-0.360389306125162,0.219991926508538,-0.829601174641663,-0.191517165183174,-0.179950893865877,-0.551315412102834,3.48957442347904,0.488170091033669,-0.840490395760145,0.639943839637395,-0.342433156128138,0.256653342554087,1.25969213739484,0.766243677404958,0.484223664975068,0.631415613967591,-0.175559185740063,0.812206120672433,0.501055076393535,-0.877801013617938,0.86794432353192,0.664622734228111,1.0961126722876,0.715865490227452,0.140919947339916,1.23532410179925,-0.320567965913834,-0.994458031974385,-0.850623477124928,-0.659014084063275,0.21542509792588,1.29354299989413,0.181692648716022,-0.128267944757557,-0.532720005068083,1.37618430789728,-1.19129472363623,-0.18361098434173,0.501730140748723
"232",9343,0.531724526661111,-0.492196672652938,-0.255549530482954,0.564808797498581,-0.126753781718323,0.0430590036816932,-0.0662840431422903,0.097861700096221,-0.114140489077112,-0.224699590636917,0.0486085444565291,-0.122627413033389,0.257418537952478,0.83604219838365,0.110095728043376,-0.0821052365809974,-0.125274171279769,-0.133759585416651,0.0270332864535526,0.0021373131302846,1.04561710333417,0.235240227843592,0.800483502836107,0.679179333101141,0.267708623785214,-0.142607168761272,-0.298985399244473,-0.480965093771566,-0.316003597704053,-0.144689558689619,-0.135494416719438,0.992011925336564,0.381875205236047,-0.412861775003351,0.491508405555717,0.0171283761951697,0.964086743355809,0.715197414241306,0.794486527493097,0.742125916573395,0.743341696153108,-0.351138747023293,0.445020032467924,0.765684780026633,-0.996081369979329,-0.466358143987301,-0.0100982904459222,1.23775251575716,0.276304333047535,-0.128545231314803,0.771122173311647,-0.0739894996503299,-1.1651593476142,-0.204683291937284,-0.562203794689351,-0.105293947673357,-0.162483556436986,0.167225975050009,-0.238063729068621,-0.284813531034368,1.02041279991655,-0.956597088131704,-0.114422634181037,0.454411479510117
"233",9363,1.22000135184468,-0.36175063029296,-0.293638523595449,-0.317820535502219,-0.136070333776869,-0.135375822065409,0.073812879608213,0.0675181068234303,-0.093333688044608,0.0919110249101307,0.221260725276144,0.196255087463916,0.24197054090951,0.653537865358629,0.194980469070762,0.216788113694099,0.0100458353690326,0.441826081288191,-0.0490991755906028,0.0206557933700834,1.05564758432797,0.737192387388307,1.51306615701402,0.656526870618298,0.0241217502626619,-0.299253267482585,-0.600004206694379,-0.867176065515091,-0.398560027650744,0.0502851019034415,0.0551004906994812,2.87410040344183,-0.668264095554768,0.452491716559576,0.284049432725022,0.50478784770386,0.505540181090576,0.914394552090642,0.558164393951707,0.552097970897117,0.737235155733233,0.389362403199299,0.56741539520276,0.736281479622953,-0.810212238554286,0.245269838689616,0.0540669986216225,1.30773575342419,1.13555874861545,-0.0463601700786812,1.00331552731439,-0.00823524198006215,-1.08790228665652,-0.19836389404343,-0.568505421910774,-0.0691506169958787,0.395017612012752,0.203721572501387,-0.255399905538789,-0.725970493284158,1.05527171395965,-1.06295488168205,-0.246132217181138,0.628040207058313
"234",9371,2.74480454238296,-0.258580648393278,-0.744831123156651,-0.143870319848849,-0.362632609034889,0.0815311882173774,0.291729828926099,0.256872823582507,-0.0850026404208726,0.0470356438171567,0.350434809261483,-0.148428282198077,0.423204509608735,0.736679610945633,0.408579668597621,0.0462195629128846,-0.149819654230458,0.229089377333076,0.347623263667759,0.0330270225359456,0.79595836979645,0.584424333138,0.344049806195828,0.512028350699523,-0.158479937719709,-0.313279227268093,-0.713353195136207,-0.809113761478813,-0.234014072356267,0.134068981537369,-0.376683155038919,2.24354132791249,0.488170091033669,-3.89015726914995,0.326125618763923,0.102798972465649,0.284445116131776,0.91490184531097,0.390871883319579,0.501700041818405,0.42881580618988,-0.271239012040699,-0.0445614184714189,0.648071578411924,-0.979184176213416,-0.199497650483455,0.57997081893358,1.05301930079803,0.961741292565307,-0.0507239786398902,1.23706553847566,0.123273273360473,-1.06214993300397,-0.740141456599191,-0.583741199341515,-0.201434645687166,0.319393412767643,0.150651385189214,-0.0762594153470526,-0.641747680288186,0.451752581437053,-2.76463906059108,-0.335730110162095,0.615793230063732
"235",9380,0.929690669839162,-0.491584931416587,0.0772644614361724,0.0815302127468616,-0.416775226179894,-0.00714282379234375,-0.178829174411052,0.175485281336121,-0.308578159183219,0.119376098620531,0.19912673685141,-0.4216754000981,0.383214485031074,0.578689209730174,-0.197011339841962,-0.256121249668918,-0.164481391409442,0.349693344936982,0.0634034297996163,-0.119992849695198,0.79595836979645,0.999080472906316,0.0887864290560181,0.852737810087007,0.314835210416654,0.0537740463695096,-0.267360889738681,-0.492254767442698,-0.46022974700471,-0.180288468366799,-0.146687537283968,-0.602032959295863,-1.05374215775284,1.37950564327441,0.353592017983762,-0.443759033978997,0.666307625442522,0.607482153791365,0.284818649785318,0.790231202429851,0.650653316200932,-0.0276992275059893,-0.166956781206255,0.265828673164117,-0.421576781938285,-0.288451148318072,0.117079321653248,1.01072119337286,0.194961054297412,0.0292791783156268,0.945111204512471,-0.123305192903031,-0.735462932382949,-0.800120967183081,-0.0926977212647698,0.123560697110241,0.257973991622649,0.115684399273216,-0.203391376128285,-0.477495426420091,0.94836938062639,-0.920312192110313,-0.0357098307042201,0.582699813693018
"236",9394,1.40530874339342,-0.479923523886379,-0.59853830563667,0.0707791541637878,-0.262327100828764,0.0736982514640263,0.0208753245223056,-0.0119706008190502,0.0145189170948632,0.0654850591318529,0.391742278413992,-0.442826384586846,0.14886307644739,0.663429701213866,0.144363321904013,-0.156102090379137,-0.00630263345897302,0.0459073636001558,-0.136455137109477,-0.0283979329749653,0.579587467397094,0.497128313361601,0.919247278532426,0.815799591596707,-0.356653443322231,0.0397806798289527,-1.08770957762587,-0.532717712972518,0.0374390096572996,-0.160217332147598,-0.328692011598763,0.693400854259584,0.259720800562699,-0.328874457993189,0.133860824225054,0.157108011172831,1.21329221369128,0.992010414801037,0.0975222195147222,1.02577012715845,0.981642926315432,-0.338051799317595,0.32262466973309,0.471651775989859,-1.26643647023394,0.0673628430203868,0.0622759302794657,1.09621539389592,0.556624051738165,0.0407341757888036,1.17599149663621,-0.0739894996503299,-0.658941652958206,-0.512030039010083,-0.636411889325627,-0.335562049715985,-0.16798982798697,0.0489270720968244,-0.230744010114554,-0.379057792665305,2.16606763810131,-2.41373392131409,-0.518531582022256,0.712845143978676
"237",9399,0.648202422225419,-0.620283286677709,-0.26741650193281,0.0103140305909751,-0.361142843207734,-0.0910668556971043,-0.166429687274553,-0.0645742886717026,-0.309261591820586,-0.0768041880982063,0.253773097520295,-0.107378481174298,0.115216070128535,0.819852927063705,0.0695957761387211,0.155853767304865,-0.148632905929921,0.243059511065246,0.0988116719061524,0.0322576483973793,0.949421645941247,0.737192387388307,0.919247278532426,0.668882683680664,-0.109395458984538,-0.642223096052249,0.0323079344478233,-0.85514346308882,-0.338529154695358,-0.494387237313907,-0.493082400487214,0.183804858856675,-1.63195925104706,0.316099280064015,0.40209651022305,0.17123346067695,0.688151605439253,1.32344198541624,0.9117266828374,0.71541863412466,0.657548583093195,0.132836187763768,0.751008439305016,0.6774748788156,-0.877801013617938,0.690037327862691,0.188612037790156,1.20824159176746,1.25572981161077,-0.0312686654711622,1.37219205516131,-0.337006530331401,-1.10335369884806,-1.78378197289377,-0.898366848486938,0.226450627342886,0.310390857308957,0.176147136189769,-0.301629709459238,-0.398247800689703,0.890111905599152,-1.07765806878897,-0.164289950471881,-0.261778871800432
"238",9402,0.172584348671162,-0.394053409506345,0.00826291253136524,0.0191987427297227,-0.21181049863795,0.544364689708759,-0.103358424736987,-0.212111718284767,0.0336283488363437,-0.118808698062138,-0.107495270016129,-0.578826575883165,0.323338852715784,0.829878551208057,0.311750916168207,0.0418581336291337,-0.00166850118499193,0.019800073447633,0.12447873593012,-0.130500281923023,0.29664090272101,0.649896354517502,0.16977455832781,0.38349445878549,0.394859957806025,-0.355950698754125,0.0595414550843921,-0.510767865135569,-0.272971776118201,-0.515849632148229,-0.578524923597909,0.702785538623357,0.276398080614719,-1.01189081627221,0.236129331958496,0.0272762623010181,0.441530593028845,0.539843057747449,0.591994752150336,1.02653434156587,1.15638867812843,-0.391598724211308,0.445020032467924,0.383441874778826,-0.742623463490633,-0.555311641821914,0.239814406532699,1.09657657632517,0.180748398885983,-0.144000386635756,0.739441553426195,-0.0246738063976295,-0.151252395236356,-0.912619965425946,-1.12168400038993,-0.6974435213244,-0.083916919550467,-0.731840223402433,-0.359416964359798,-0.368965269926547,0.654632616512412,-0.851586981128813,0.152057963242204,0.236445956969221
"239",9408,1.9294592734328,-0.454872732025705,-0.33309282198699,-1.00422393841803,-0.318154577038189,-0.0433771258076315,-0.067996531146235,0.12053617966581,0.0244414614153454,0.116638061569766,0.218735149617888,-0.0771159504826271,0.0978040709577915,0.573487347465447,0.0277191840325884,0.16945434172667,0.0844706920522466,0.231923902278365,0.0160037031853222,-0.0583034322209755,1.14472427766054,1.17367252555352,0.859722434357864,0.9437543997634,-0.13870095893859,-0.148377160808801,0.135726042072039,-0.81055907850451,-0.276622562955876,-0.281173573887599,-0.366996093670863,0.758391653429454,0.488170091033669,-1.22575356471461,0.497936711756104,0.339362005857768,0.531420163874383,0.853012072430785,0.753932100802024,0.593807988817807,0.457843292273789,0.0179796397797717,0.689810757937596,0.324635273971473,-1.08056733880889,1.04585131920115,-0.0151402373750052,1.3423827578298,1.41787878661419,0.261833809556778,1.40143672225144,-0.468515045671936,-0.948839576932712,-0.846664123192853,-1.17590443174122,0.15172678094567,0.805866206780548,0.169021787808991,-0.186055199658117,-0.584177656214989,1.91478660469354,-1.23051902362067,-0.386209712737546,0.8180315794695
"240",9409,1.74503593878932,-0.519954632769771,-0.570008065253501,0.240319335063592,-0.162868041780322,0.29673861633492,-0.084670732416179,-0.10103682542401,-0.280269463887101,0.177454512089974,0.200080797763406,-0.498512019832681,0.235680432408822,0.65582518933026,0.196154925530747,0.00142096137442237,-0.0728259341701085,0.171184494886692,-0.105672664623496,-0.120002460624571,1.12883668118008,0.802664408767809,0.32542840005083,0.868053658682939,0.0319295779740773,-0.156590658560804,-0.731996074244885,-0.810189830590564,-0.446845030889823,-0.453174202738917,-0.525410225343457,0.768205357495027,-1.05374215775284,-3.23588208388527,0.173599444372906,0.0441554095424031,0.248687547579593,0.766772224974793,0.016384840578437,1.1362192199359,0.85433583795405,0.0521171361162974,0.812206120672433,0.795088080430309,-0.979184176213416,0.86794432353192,0.0589226735554629,1.70259761579889,2.4176413273143,0.0661897257291943,1.34953842936191,-0.172620886155732,-0.413926402492444,-1.92802078887966,-0.771220777877042,-0.371713458174476,0.0318855598072968,-0.892012704122431,-0.359416964359798,-0.816234605102626,-1.00914398854183,-0.459043900739581,-0.022375596061648,0.322166142081346
"241",9416,2.12358909937332,-0.608655171428167,-0.571403154246154,-0.0236080109051933,-0.28387310298644,-0.0702379212096708,0.121976779275907,-0.103628586906512,-0.171185950480165,-0.0898237547280778,0.488768156341285,-0.126955876904754,0.379998199988031,0.510557739401599,0.319913005739243,-0.0683551424216029,-0.0725388637770962,0.160087963817786,-0.0797398682675976,-0.0630914910456744,0.597083392988845,0.388008268999493,0.447581891865018,0.982477555524598,-0.169465285671961,-0.439704474111584,-0.0201917099565402,-0.764670168729708,-0.209296305692271,-0.293866749979055,-0.442655994333415,0.98132068455845,0.222480228975028,-0.392588415148618,0.222103936612195,0.0616974840168373,0.614016606876606,0.63605967186992,0.454549550228621,0.604446657805292,0.954553237858572,-0.767795823765155,0.506217713835343,0.383441874778826,-0.962286982447503,-0.110544152648842,0.65158753247251,1.37974028725489,0.495807314680181,-0.226730923942029,0.963399230402846,0.0246418868550717,-1.18576123053624,1.95226092968962,-0.810640222561816,-0.128262613705543,0.0752573161592394,0.200672972392317,-0.116710493777445,-0.399598208661791,2.49210967586859,-0.252561593894536,-0.37947456360686,-0.763352694646903
"242",9421,1.11411400448265,-0.277693468669274,-0.392540058365824,0.0236382444752801,0.0385116834477335,-0.184315775282521,-0.084269550356031,-0.158786058340813,-0.135349202806281,0.140238943302168,0.193288920874795,0.0849943066397021,0.404584676298801,0.976231025569066,-0.0793718747162144,-0.000891359613481612,-0.0423849993823562,0.230940149054482,-0.262585018647569,-0.162980194523969,0.733102370499193,0.606248344629303,0.782536976759996,0.503684229052357,-0.350638239927508,-0.365831390374022,0.234955126827068,-0.582506893294289,-0.237891592638207,-0.361291622934776,-0.388271440577544,6.37357067960298,-1.43922021994513,0.23517310107665,0.537090940431193,-0.0690521641007283,0.389204170929708,0.453434112551341,1.24421766929052,0.55006676944582,0.467782169786605,0.294863387593622,0.934601483407269,0.736281479622953,-0.675034688426981,0.512130332193462,-0.445677849755699,1.06520340898466,1.87520555799394,-0.206002833276282,1.13913386439653,-0.221936579408433,-1.38368646289447,-1.88078257665195,-0.89578329605234,0.239377026133274,0.805347962525075,0.599529195751619,-0.359416964359798,-0.316370433118935,1.22448002111919,-1.1234123967496,-0.318041839717866,0.169936249493619
"243",9427,1.75474243008634,-0.390685420765034,0.120310680777707,0.360182747219821,-0.0719002160029631,-0.0944077765004298,0.0976756747453947,0.281680580829613,-0.0921497751250794,-0.0137708669171183,0.00479791260409989,0.142577010142007,0.201797169872851,0.589319051926954,0.439646777080168,-0.0652862276492919,-0.0587788180016367,-0.0383902283245463,0.0817895345522374,-0.0798204119362284,-0.0362374086626164,0.649896354517502,0.0879008486581922,0.873773890846357,0.211559583814807,0.352979048232909,-0.425937860767743,-0.527626718780403,-0.256319954308117,0.0631568972382611,0.318264430677545,0.2264477460303,0.592612117950295,-0.547861342949117,0.112822731205603,0.397495624755592,0.684257216785056,0.189303442499845,0.418640283105111,0.664839706896822,0.642796710173793,-0.219446812151144,0.383822351100507,0.324635273971473,-0.658137494661068,-0.466358143987301,0.0749584509596475,0.993467276775692,-0.149652522579559,-0.252731949952572,0.874688152291869,0.0739575801077722,-1.44402054859475,2.79580043389072,-0.290059891032553,0.0755122008275537,0.142490489321861,0.186022403372988,-0.232285003578565,-0.607489962259444,0.1883217927812,-0.509811973603784,-0.27259659103808,2.06588405332463
"244",9470,0.628789439631367,-0.744011077661466,-0.135802538681571,0.803807937879554,-0.342159660211917,-0.531955041540798,0.0288951686873596,0.19669094513558,-0.0775192103630334,0.239291836062061,0.379387343838463,0.674017655045321,0.113283587688099,0.937464917371006,-0.0984315772932566,0.0466314806256853,0.178170995586147,0.284504835495259,-0.159435106998587,-0.000233107674138597,0.876787256246953,0.868136430147311,1.51306615701402,0.866620302902236,-0.077834104194477,-0.432762112916437,0.102083644197452,-0.424681984898345,-0.0909926922108289,-0.17338445251965,0.325268713521066,0.619985341796448,-2.21017634434128,0.17581511271378,0.597867653598494,0.989642627072744,0.389664416861568,0.757810044748971,2.14116831537429,0.450879783725066,0.632503787710912,-0.176364890754279,0.62861307657018,0.765684780026633,-1.11436172634072,0.601083830028074,-1.778965445206,1.06378187446955,0.431021868747712,0.427294884169326,1.51563046429752,-0.846602027275976,-1.88181056068823,1.57110604260965,-0.941029575627842,0.0985218216263231,0.45957808348172,1.63824465581082,-0.359416964359798,0.0341670467934157,1.77069308079861,-0.835977465821942,-0.338655477966332,-1.23686179173609
"245",9481,1.8129813778685,-0.612197957046824,-0.454506772997196,-0.0237591818347269,0.135090155496684,0.0598703243137302,-0.174581563556138,-0.092150171734373,-0.213412596236294,0.19681179271644,0.312895260102656,0.0293442232836919,0.0177771585981048,0.920454309739782,0.0564429235541485,0.0857666378366896,0.204307933427582,0.491810708850158,0.263247550942499,0.124983135867466,0.829660317461014,0.955432463018117,0.650428348267543,0.888700281209008,0.316722632169579,-0.146780091801463,-0.632872401568828,-0.775029801665033,-0.32510699922497,-0.18113419437636,-0.522465509480228,1.48363226308103,-0.475525064458623,0.233609134471501,0.909348308580917,-0.229123593679919,0.49676010485202,1.18444364304599,0.343805669022772,0.567422480856406,0.912527724301848,0.0708849847547564,0.751008439305016,0.736281479622953,-0.860903819852025,0.690037327862691,0.280909272516638,1.35710839742223,1.34641533230684,-0.262914169928729,1.38030421908791,-0.484953610089503,-1.11071151417736,-1.73906793996884,-0.583663453766765,0.0276505959391425,0.43420426940266,0.277592609729285,-0.243842454558677,-0.647220386280329,4.27258765455146,-0.713218326115118,-0.0842845426164482,2.66936406983375
"246",9503,-0.807771272328428,-0.0367605496841837,-0.069209310273737,-0.0693949202403438,0.159696567089868,-0.273745941534717,-0.324016182073015,-0.398760241264735,-0.0342489556719111,-0.171220958649186,-0.0909149973378392,0.057538449129371,-0.327244151969039,0.0265152998340673,-0.27429147548914,-0.325482391721003,-0.256581824480551,-0.263283544503424,0.0663700143675944,-0.146475087567141,0.0469821691832903,-0.62462565730534,-0.339648743848559,-0.899182322907547,0.0964141437075612,0.623485203994798,0.950929026037233,0.0655909109002707,-0.00195480196566642,-0.112019909484904,0.0641189055195288,-0.566043616280848,-0.300855804238691,0.183822702796897,-0.799996749249449,-0.02519697791465,-0.231632187615932,-0.620167439405741,-1.34826122641648,-1.09747893842144,-1.17371595252273,-0.193387045195274,-0.656538232145601,-0.763286840964585,0.372591325059629,-0.377404646152684,0.552921194163141,-0.954015127325445,-0.579457822810305,-0.0819979399952295,-0.288483228521258,0.205466095448308,0.366737803946517,0.400418545401751,0.563712954473745,0.323439883271358,0.231314997696331,0.0737882267167099,-0.178350232338039,0.395578864586259,-0.809227759922206,0.556755831281394,0.156480030853261,-0.121848666992634
"247",9506,-0.205968811912838,-0.663675579414722,-0.0263338415602724,0.05214816331728,-0.204973053046639,-0.156813309323963,-0.0794371513751026,-0.409194753268927,0.076012415286057,0.436800981372502,-0.140298124047428,-0.0821773683143555,0.184186915689245,0.0796992853235893,-0.0335829402776416,-0.177132434922753,-0.223447612886325,0.269769839550586,0.0410810838393452,0.154287402803728,-0.766304134048556,-0.0484718691657196,-0.149626702734446,-0.47179066380593,0.220480882923384,0.677588015425722,0.510644031772329,0.117263727762842,0.0335779480394024,-0.126787733588566,0.0552708445952969,-0.414369053194019,-2.21017634434128,2.07447057136479,-0.826878756996524,-0.446512731716261,-0.873321227228177,-1.00723216651706,-0.668437619582625,0.0505118778595425,-0.560292128274674,-0.68834527325441,-0.228154462573675,-0.469253836927813,0.321899743761889,-0.288451148318072,0.557607387389541,0.0304886483966438,-0.526976774858308,-0.553107439249197,-0.606369676864899,0.156150402195606,0.507272076736188,0.0148039080996333,1.48249097131868,1.0957853941276,-1.11197489543106,-0.546355319875391,0.796328133651406,0.0878279951579384,-1.02862681032495,-0.534488033103876,0.115184722546928,0.0775575962519931
"248",9507,-1.07308203431771,5.57049221939836,-0.0561024533862415,-0.118545497912216,0.25955693260963,0.0649620637711182,0.027105912948602,-0.22378274428038,0.0150327655500437,-0.0257422327536969,-0.309630326046313,-0.256594077235666,-0.440272241199587,-0.74659160485432,-0.178924872399215,0.306438339787385,-0.220851802040162,-0.212140448012936,0.274921197790407,-0.127433111995124,-3.48984988926774,-3.60578503515014,-3.2968667586869,-1.24239296177001,-0.482055185200919,-0.257549716607064,-0.670734825865235,0.041471443408754,-0.218959983378829,-0.414599903365758,-0.158443903430095,-0.306505410906012,-0.391720544847106,0.423773568804441,-0.44293355939155,-0.782463855662645,-1.09406225685474,-0.860455328101758,-0.980678580629632,0.411583074459382,-0.671197653842564,0.698313629398934,0.261426988365671,-0.263430734102072,0.693638006611976,0.423176834358845,-0.0107829554530496,-0.841783486237272,-0.0431411526648183,0.0201879104797731,0.112058235008007,0.369851739623977,1.87729729105225,-0.717026394151156,1.33544890560509,0.503331118474938,-1.30786466309902,-2.20884964070474,-0.359416964359798,0.622376329793136,-2.06378668669529,1.91144796736304,0.406088739545085,2.97101987549077
"249",9508,-0.529518521684273,-0.411201494104535,-0.0546368682137116,0.0424115513031869,0.114047848169681,-0.0112095911542358,-0.0695129492525133,-0.108304268361701,-0.0712063659731499,-0.0625040770818628,-0.202264859623739,-0.472716195184594,-0.489911002764125,-0.107785387431175,-0.366918118201112,0.00849200597030802,-0.349759145494344,-0.492543125220802,-0.173104571803161,-0.0923719596667276,-0.603400071832468,0.431656291982099,-0.268390478430765,-0.846537823002333,0.0577183840415803,0.894478283084216,0.449566147261137,0.0150639946647787,-0.251543525205725,-0.71019884281396,-0.161244447476018,-0.205154255354631,-0.164077568032907,-0.0547209014023497,-0.728700989572422,-0.0455437445288905,-0.317733580406969,-1.08569351792801,-0.708302345334284,-0.0864634992175164,-0.534863469209877,-0.299678069356124,0.0778339442634174,0.0306022699347018,0.440180100123281,-0.110544152648842,0.748766788130556,-0.388824270358027,-0.352389965228114,0.2131046139566,-0.289288514324619,0.172588966613174,1.27616377864827,-0.546550285666518,-0.776075158041982,0.958643200689484,-1.30786466309902,-1.73864922677166,0.796328133651406,0.399487940294933,-0.693879201907233,0.912578104498078,0.239070647465928,0.131922775463133
"250",9509,-0.594228463793864,3.53516267012855,-0.0520163594315917,-0.0783478492080801,0.0477565298799321,-0.103488095184248,-0.197561819772716,-0.588290120211258,-0.0757717917850544,-0.137324512375546,-0.0278901913790589,-0.126082071658072,-0.439588398233918,-0.421756609840961,-0.118206382401505,-0.231129074205655,-0.28058472792363,-0.260033911659922,0.114591045190962,-0.25673258420203,-1.70062896558075,-2.14357655330979,-0.743445581216041,-0.829741513826099,-0.0349045072158193,0.488475093940569,-0.301604756534429,-0.190083229912771,-0.0962120536462511,-0.42982713547456,0.0388766793710209,-0.370175197967861,-0.0363694751753921,-0.0678497964352696,-0.783633788012099,-0.420454592017324,-0.770580173823749,-1.03428780493463,-1.00929943674973,0.119029732756259,-0.785781383055383,-0.500411044894859,-0.105759099838838,-0.322237334909425,0.338796937527802,-0.288451148318072,0.423235155352271,-0.9208261070379,-0.615263355073409,0.0836449599740351,-0.546874348094604,0.271220353118575,0.998038359200644,0.0640101030095857,-3.95806546008395,-1.92134286151095,-1.11197489543106,-0.299131479231124,0.241501692254961,0.814987151075063,-1.10473521678848,1.12588140541791,-0.00305456219179905,-0.108425118264812
"251",9510,-0.720412850655197,3.66981551562731,-0.321337110073866,-0.396900544638524,0.0765006529947378,0.0507424537021454,0.394735221486056,-0.438144224178951,0.0486270501196481,-0.113724852028597,-0.43486774799644,-0.197929020882463,-0.373512382964254,-0.410928273715995,-0.338325703883565,-0.356246578496229,-0.274716050563198,-0.628697517285598,0.353430473557649,-0.00332664716156734,0.0469821691832903,-1.9565136388239,-4.30635885210561,-1.12109505795774,-0.343100255199292,-0.641454685608394,-0.903944434618506,-0.141366337292656,0.0337878443840329,-0.447533632604778,-0.0418387345070103,-0.443473028330966,-0.27370230598386,0.450255903335553,-0.898174516673551,-0.825401142602969,-1.15771780958427,-1.13067351679721,-0.813883521546389,0.434449173965566,-0.632008699707838,-0.25929321800928,0.0778339442634174,0.148215471549408,0.676740812846063,0.156316340855003,0.571033038026438,-0.791857470994416,-0.523123601709605,-0.388737316776951,-0.146651224875312,0.386290304041544,1.90157808163895,-0.523442017007301,-1.07015928946915,-1.19174639242018,-0.417456628244692,-1.99512217977011,-0.359416964359798,0.663315013578519,-1.52178406844629,1.88971748472102,-0.115851302178456,0.677181133794158
"252",9511,-0.749532324546274,3.53127845343147,-0.0934714719780244,-0.237718820652413,0.266820419659867,-0.0267430141000949,0.209832951604094,-0.130754368626616,-0.0491329867404017,-0.0806524240527299,-0.315000022084604,-0.39349541149519,-0.0251452708315729,-0.592180248031777,-0.237789841200318,-0.234543909438743,-0.215764769525125,-0.631385483824467,0.353643394894911,0.0424346209193548,-1.61740938773484,-1.30553467965216,-0.743445581216041,-1.04201135278139,0.075363639810345,-0.107956598579243,0.795756245087739,0.00903850524371072,-0.103235463520587,-0.657577080758197,-0.374472935522914,-0.327614029337728,-0.33221160415826,0.463425582137863,-1.16115067941669,-0.975783635699185,-1.0982398737747,-1.03580968459561,-1.03071045752706,-0.112869118084376,-0.921265523822195,-0.0417416083832051,0.139031625630834,-0.263430734102072,0.592254844016498,0.0673628430203868,0.227949181723271,-1.00172765758906,-0.456034353140111,0.0936453545934747,-0.456307877769032,0.156150402195606,1.95896904120751,-0.685720418513632,1.13547169623462,1.1396708960278,1.9569647980335,-1.9465477568584,-0.359416964359798,1.0255086465131,-1.39555563528322,2.15106457040195,0.446567666138608,0.0316833701504953
"253",9512,-1.32221531107079,4.7548067130116,-0.186072040124792,-0.255178748383497,-0.198268786023962,-0.071705159708459,0.0173615527762652,-0.43834226132438,0.00578823214464766,-0.245767606132871,-0.202244421925956,-0.457924057413915,-0.235003596718135,-0.539325354100539,-0.193039664495878,-0.16865857042243,-0.342247452685072,-0.0271143925540887,0.271134196563953,0.218641668516026,-1.95028769911847,-4.98069748411969,-3.47501242223138,-1.1676582264621,-0.202365220607348,-0.402482000593069,-0.352562195649034,-0.136106381093805,-0.204988514754076,-0.113135808867034,0.152137429769825,-0.734710864500872,-0.469431851413773,0.953431484399962,-0.611822695019918,-0.947277764678235,-1.45170874944302,-0.9422986343149,-0.803916117796558,0.307428695090408,-0.728432400876958,0.166750400676926,0.689810757937596,-0.17522083289104,0.609152037782411,-0.110544152648842,-0.123868625621714,-0.91742303956233,-0.61210706331426,0.431840518087253,-0.305148429521231,0.402728868459111,1.89201292171086,-0.601550176285908,-2.4876448029481,1.18904208566552,-0.221566860576741,-2.07619121668962,-0.359416964359798,0.66246212433299,-2.05678639977488,-0.300723883729679,0.290570727182393,0.0135636221279627
"254",9513,-0.425982614774839,0.380790290430037,-0.154816481804146,-0.235821548591182,0.0235992102142804,-0.0033751005339182,-0.195064634770454,-0.170985664906514,-0.135030162846483,-0.28920508109842,-0.0168999960585818,-0.129773565187901,-0.372577935987311,-0.361262355650893,-0.2865113853412,-0.428080606135535,-0.272521483066974,-0.213951210852816,0.00778792030201293,0.104009974386929,-1.86706812127256,-1.92533647767998,-2.22799277742003,-0.812837459004062,-0.23602957393878,-0.00589035787545697,-0.00677780145408012,-0.069205812722458,-0.163705574893646,-0.527164753954951,-0.240849743496933,-0.28516559509235,-0.0770901845193511,-0.348984264491313,-0.795906008940112,-0.436313851207871,-0.668617998150229,-0.936549311151168,-0.898713086265053,0.0928051120385255,-0.602165188311974,-0.923338511748147,-0.166956781206255,-0.322237334909425,0.457077293889194,-0.199497650483455,0.564687297441882,-0.938444519664585,-0.540809385523852,0.179648748320656,-0.394710620716501,0.287658917536142,1.27542799711534,-0.135522798341424,-2.68762201231858,-3.42990698933023,-1.30786466309902,-0.336474928538378,0.0491664455275921,0.192875520565573,-1.03106998909999,0.669277872449768,0.300095180498516,0.0505597000283254
"255",9514,0.350536688987213,4.61238543411868,-0.00273381722930078,-0.160102812827655,0.228822794953999,0.157728533217602,-0.0768338084358637,-0.148448744027868,0.102815742325831,-0.0637735870675003,-0.123610557998019,-0.371120808408144,0.0376296199460571,-0.753030689220181,-0.508680691808712,-0.0989992949432858,-0.319367090221485,-0.401124270300476,-0.0750725285821818,-0.132324847147735,-1.1180919206594,-0.866872136409497,-0.0308629270381269,-0.799495308080466,-0.0437512166193688,-0.444645807595629,-0.915755902357513,-0.237404314000529,-0.25126836716349,-0.238980139650631,-0.21304963929996,-0.220367715175726,-0.0445590993760479,-0.142505461419291,-0.996936675570417,-0.87848631564914,-0.662705608102491,-1.15688366651423,-0.953690686187839,0.574340632334091,0.00480813013767334,-0.478897176616495,-0.411747506675928,-0.204624133294716,0.642946425314237,-0.288451148318072,0.434920044289286,-0.608950049783136,-0.22071058858706,-0.0494512011428709,0.113328165328459,0.254781788701008,1.7397061443943,-0.567829805012294,-0.187906895187644,-2.05848505494907,-1.05855041333981,-2.20884964070474,1.95207323166261,0.607308619788792,-0.965203322629071,1.83994455712155,0.178862496146151,0.319371935217807
"256",9515,-0.895129694001658,5.57049221939836,-0.15377921722208,-0.247962219873748,0.0410672172608333,0.0588115215058946,0.256742132872385,-0.0620211469051408,-0.269203565268198,-0.0507548000764863,-0.301285294993282,-0.227978538673731,0.112056755276344,-0.595499450594872,-0.371751169010983,-0.101612566098943,-0.331270047525877,-0.246922381507498,0.478196607184453,-0.0465794563743447,-1.73169688896545,-2.84194477699301,-2.9999573194461,-1.40422187389819,-0.188466898073866,0.207764289456488,0.408752184753655,0.00608193459181287,-0.180025226253462,-0.518362910170945,-0.182363081698437,-0.459524252992475,-0.475747490315579,0.968665062168234,-0.872461291872002,-0.935600046496128,-1.4056133491906,-1.08400254052691,-0.885055391687021,-0.235807083151482,-1.17291756646096,0.119366935908199,0.0778339442634174,-0.586867038542522,0.220516581166411,-0.110544152648842,0.368668098884967,-1.06730712049948,-0.38267879324318,0.207104377184936,-0.390813831441018,0.238343224283442,1.67863627716109,-0.241239676845858,1.62953303703226,1.0518998922274,-1.26037623457345,-0.909081353217107,-0.359416964359798,0.6144160301682,-1.40839673592799,2.20904149779711,0.326491522546057,0.136563871730468
"257",9517,-1.49693215441725,2.33623444962991,0.00229833266032288,-0.0705176511459577,0.316450658096136,-0.0867468786573777,-0.28936174311603,-0.336047876581369,-0.0513432532259162,-0.0446935414347187,-0.0230122788215289,-0.550677776849716,-0.314136634147104,-0.955832218857163,-0.335146970371086,-0.00707252171461189,-0.337836730953179,-0.717869919873177,0.339392234809205,0.138449615129579,-0.45233529789215,-3.19112889538183,-2.9999573194461,-0.97601553675919,0.0736604269661438,-0.561800745408294,-0.623087680356508,-0.0428673249125308,-0.28968515813171,-0.390545519730175,-0.0127861654890318,-0.55531880129413,-0.282786033356696,-0.182460539472761,-1.31601441969875,-0.747838656336658,-1.07186424152581,-1.23297764956364,-0.821427460933625,-0.066312371948215,-1.07671351595481,0.360314486279241,-0.411747506675928,-0.17522083289104,1.09917065699389,-0.199497650483455,0.201017500336394,-1.05985151989575,-0.47734761857778,0.340018712945124,-0.169815812604111,0.221904659865874,2.31582308467866,-0.499952989342731,0.0120703141828305,-2.78808152403985,-1.26037623457345,-2.06778951648635,0.796328133651406,0.551444374206654,-1.6906221978505,2.35552365489685,0.486706433685126,0.0834517780792065
"258",9518,0.51231154406706,-0.724139885999265,-0.241765523500205,0.10433125742236,-0.127084733797228,0.170900129199875,-0.0959588079796986,0.0471057257814452,-0.0742022925906329,-0.118808530822533,0.328294326874256,-0.629785951524737,0.161040813744954,0.577687632888243,0.0186416388400693,-0.471919690242542,-0.260592139331693,0.00789091149421366,0.218792252667402,-0.138129847744722,0.368087762302564,0.584424333138,0.0879008486581922,0.207617680216685,-0.223257035448372,-0.23484703992023,-0.730992444955232,-0.157479396187908,-0.15184106536703,-0.53722818714521,-0.250288734930799,0.158435655808249,8.40848372543098e-05,-0.168507208943576,0.111653948260079,-0.303830393403879,0.317936858557881,-0.17831504449885,-0.192040032202801,0.972074009584566,0.986598715652057,-0.693281590719669,0.0778339442634174,0.383441874778826,0.136030612336846,-0.110544152648842,0.517684989546953,0.81327369418417,0.464738059604577,-0.0921801599713858,0.566407543155285,-0.0575509352327633,0.300517465982797,-0.600248606292001,-3.61692786762843,-3.06236591091608,-1.30786466309902,-0.765251878433773,1.95207323166261,-0.0829630762592112,1.76589511150057,-0.239948145399593,-0.0227157551086531,0.0518758040048493
"259",9519,-0.380685655259299,0.26729903835197,-0.0937562047890077,0.110729931545248,-0.0465605634948666,0.0201935979153621,0.349204279928775,-0.425858728156182,-0.0664884233316189,0.183616922412788,0.0541565353946344,-0.0743356853801957,-0.0490394069199701,-0.550163682593433,0.0293209036414381,-0.255757711605492,-0.262993651205952,-0.112640045507736,0.181878552447182,0.0237171839613765,-1.78384854342666,-1.96898450066259,-1.24225343914058,-0.527814256012294,0.304977390007425,0.377903003953438,-0.0927657117856264,0.0035212213353502,-0.0751127683550009,-0.296342309690789,0.0494993507511933,1.27897229606845,0.873648153231741,0.722548740820788,-0.590784602000467,-0.387767179987933,-0.719811507186327,-0.699643377257345,-1.126218236295,-0.0238783614310229,-0.328553959126199,-0.953152869305509,-0.105759099838838,-0.675076939753552,-0.0329413253222852,-0.64426513965653,0.838980078337894,-0.65925381545658,-1.01312547583971,-0.288733370582555,-0.490582027677907,0.369851739623977,0.556569439442513,0.172966243826914,-0.0408648294740593,0.821501007251367,-1.11197489543106,0.0689216897448125,-0.173342003579994,-0.0599350666299323,-0.76329432398853,0.528158628925677,0.0900129530686034,0.0450535486480419
"260",9520,1.79356839527444,0.0117897042074555,-0.965448873554003,-0.376406258000658,-0.135151387576478,0.193835434598169,0.0543922825445854,0.00801506608826942,0.488322049780485,0.158705924138687,0.370309451597209,-0.494240066469724,0.0477993269927471,0.291848080079266,-0.288125732733309,0.0556466533626714,-0.125267662016243,0.200990901847579,-0.21130063223733,-0.128964002312334,0.712738791950544,0.531423173597186,0.32542840005083,0.282171909197333,-0.376240215987455,-0.174323359214917,-1.19215257411869,-0.564507388616157,-0.326309680163502,-0.348005281990081,-0.891213076512845,0.0439358575615659,-0.282786033356696,-0.591092279213463,0.221519545139433,-0.534274098490961,0.262388714935726,0.793658765652248,-0.220230194792739,1.13853197406362,0.582714904163723,-0.335875636667929,0.445020032467924,0.736281479622953,-0.252604844279155,1.13480481703576,0.992218319914045,0.935432881676246,2.41826691864963,0.0614622664545508,1.05295431469358,0.00820332243750442,0.57790710389749,-1.45783621685378,-2.34060273723452,-1.64705847463472,-0.910149074197418,-2.05496586884412,-0.359416964359798,-0.418361772063425,2.80859265047525,0.236398018991335,0.115184722546928,-1.43143715411215
"261",9521,-0.24479477710094,-0.610591284554632,-0.159597766565666,0.00189637417671382,0.107818362441983,0.193435603319187,-0.0108365805471521,-0.304168669401973,-0.0995071970710714,-0.150385630002044,0.180697733962162,-0.0567032072328539,0.133195632001056,-0.0810848361910619,-0.134746137610173,-0.373680399727817,-0.0983274925899542,0.155855586840327,-0.3109445022986,-0.199191845888861,-0.0862112936240409,-0.735928093650493,0.32542840005083,0.7598566698884,-0.0793273234975213,-0.210922610381158,-0.405015777632326,-0.105554812212572,0.0653176704553983,-0.170044203984071,0.118295434873263,1.73412966464696,-1.82469828214321,0.438143232240245,0.0257484017639894,0.120188063732456,-0.48947612005711,-0.0976554224664743,-0.488473274253942,-0.0998975840637174,0.503077049452757,-0.639548029154372,0.62861307657018,0.412845175182505,0.169824999868672,-0.0215906548142258,0.246728279805249,0.275847493865049,-0.299914683206052,-0.246186237110757,-0.0569120962637202,0.156150402195606,-0.344027156864073,-0.0892030940485858,-0.776075158041982,-0.730948622468106,-1.30786466309902,0.383091874910361,-0.359416964359798,-0.459797974575368,0.243153277913511,-0.318027549195417,-0.282393171591806,0.659645942858199
"262",9522,-0.542460510339147,5.57049221939836,-0.212731466346931,-0.146113632107576,-0.323058970524695,-0.201506327478489,0.0177333301327631,-0.496481152677967,0.0657277880004256,0.0251865208779494,0.0513657382678092,-0.0352564517626541,-0.20087059943163,-0.463758530395374,0.0635796531069477,-0.30436932591654,-0.221545732270097,-0.0250084031486311,0.450323072347755,-0.0989164089743822,-1.61058273833484,-2.96197682055357,-1.66980303164733,-0.609028233573391,0.0487083774639083,-0.124172231827493,-0.162950668430072,-0.0704776093914403,-0.0184860175150835,-0.458758028485064,-0.356511291326009,-0.612895237075895,-0.305627431294301,0.0522566129211751,-0.832138280251387,-0.559312350139061,-0.928975581449958,-0.888018259739656,-0.884917758496032,-0.46603672883907,-1.08443110789123,-0.0663233333108849,0.0166362628959979,-0.616270338946199,0.473974487655107,-0.110544152648842,0.396161758512708,-0.808511625943018,-0.969439473432733,0.202740568623726,-0.140085425348951,0.336974610788843,1.26586283718724,-0.0990181196501245,0.600238577037169,0.3168177353991,-1.30786466309902,-0.39992164789003,0.302381635427044,0.659405937869845,-1.96432241368595,-1.34569168418291,0.371120389513033,0.127237128795648
"263",9523,0.402304642830189,-0.400455161242614,-0.0366993245314056,-0.523530491338384,0.130317093578787,0.0823704103764389,-0.204133070460298,-0.103016770326439,-0.0365157740936529,0.0931290090075244,0.0919658776684264,-0.152710059634975,0.264929368081714,0.42504422358642,0.0136494919772492,-0.170512764204687,-0.272254074109623,0.187180913378418,-0.232823595261758,-0.197557397393691,-0.247010362142538,0.239605024904089,0.32542840005083,0.624625696660011,0.636667737838389,-0.0459820246322632,-0.443985471665785,-0.178624576074146,-0.247749051073134,-0.718972458992527,-0.201826031089319,0.0234611484273853,-0.0582689492805832,-0.0837476539662656,-0.3985198074616,-0.0895009195200525,-0.568780034469875,-0.0721216637099007,-1.03629970208234,0.549825438580319,0.4597869696509,-0.102007453453937,-0.472945188043347,-0.028204330872654,0.0515446435072806,0.512130332193462,0.376600213714675,0.14354537595163,0.149184082031164,-0.356372403281311,0.00991976357632173,0.13971183777804,0.550683187179071,-0.49471560949016,1.62953303703226,1.37006978100383,-1.30786466309902,-1.20860512361069,-0.359416964359798,-0.706780485259759,-0.378840956456138,0.0932525167637807,0.289686313660181,1.60438224664346
"264",9524,0.984694120651727,-0.836264274654968,0.172753070159044,0.0243024801108175,-0.167409406278711,-0.0222625097448363,0.0475414494655113,-0.207746884801161,0.138033595510088,0.120519432907009,0.430845290655897,-0.0987707221316056,0.385473067044394,0.402156051433748,-0.0765966899198015,-0.168727971841595,-0.139005625140665,0.160467584728114,0.232806704632849,0.136357086451826,-0.0362374086626164,0.684814770284704,-0.0893537508399981,1.11528736467225,-0.150071331678397,-0.226940708810945,-1.08012965191395,-0.183328960101217,0.0139039598123504,0.175226552991809,-0.460581020463187,-0.861724822654464,0.488170091033669,-0.767329492823927,0.435991215643276,-0.235395905192579,0.156355132941873,0.0841246481515517,0.10104676679013,1.09973803743439,0.808179799979896,-0.854086097852524,0.383822351100507,0.148215471549408,-0.421576781938285,0.334223336524233,0.523837166104623,1.02765700434427,0.379747866358385,0.0983728138681195,0.73618634608413,0.0410804512726383,-0.57211943207244,-0.470119717496045,1.42955582766179,1.55109747634214,-1.30786466309902,0.150071626876201,-0.290072258479125,-0.396755244510028,1.24297442381761,1.05366255610833,-0.28810784358148,1.48373676490015
"265",9525,0.269649261641419,-0.701223007486494,-0.0246352411315692,0.126384686981947,-0.341495619073157,0.230389059914059,-0.0787833008988004,-0.300612196918688,-0.169977442232347,0.228927424387841,-0.0101055848373048,-0.317817123082414,0.520787059487956,1.06890816626782,0.0440467543030321,-0.156694035601578,-0.109266794643929,0.116579136790413,-0.332791148602386,0.0488558264888477,1.4617149925637,0.933608451526814,0.499745031239147,1.00657860035102,0.349689002793689,-0.252193560004232,-1.32801368503833,-0.19284508036192,0.127763864863773,-0.241984967484335,-0.320209404367803,0.331743809959444,-0.0900470022605499,-0.798263297421118,0.496183537337816,-5.74305892623939e-06,0.195794668948937,0.586006740797423,-0.160724641235046,0.913591496511583,0.768515846036718,0.0290074326790121,0.200229306998254,0.883297981641339,-0.793315044788373,0.334223336524233,0.425891955258756,1.55136158595226,1.46823504113466,-0.230003780362937,1.24164875670282,-0.0575509352327633,-0.441886100743792,-0.832567489184454,0.941376169492684,1.50721197444195,2.44965724398623,-1.41089464245665,-0.359416964359798,-0.610332926411207,0.77144506614392,-0.76531206817644,0.0396694141119527,0.24247688296796
"266",9526,-0.697764371091557,0.445527235381367,-0.0276458898443774,-0.212543032678012,0.0571634848213386,-0.159860277596653,-0.249804346431178,-0.716365388726445,0.289287934481646,0.116733649486599,0.0747550536233858,-0.166282602954206,-0.299637664166198,-0.203223292763979,-0.0604279230137453,-0.502324691721673,-0.288741947685888,-0.267424703497248,0.0920961257093661,0.000929044827403646,-1.0348723428135,-1.28308712572365,-1.17891275085162,-0.61904010440593,0.0107719063830071,0.779337212745857,1.1098222333032,0.0277316600307254,-0.0927835974654707,0.000390433735349134,0.317848663873653,-1.25027768418265,-0.668264095554768,1.10470216222315,-0.717597551589935,-0.0722648114608729,-0.173003936603639,-0.827481268780352,-1.00550365741195,-0.592976764092395,-1.08425051556795,-0.794269437253654,-0.289352143941092,-0.351640635313104,0.761226781675629,-0.0215906548142258,0.632849534514684,-0.822352534263813,-0.646111912546312,-0.138363800577526,-0.416768491863445,0.452044561711811,1.05616510030213,-0.337419646393114,0.547303433380278,1.18904208566552,-1.30786466309902,-0.90083757988945,-0.359416964359798,1.2040467952438,-1.33706313992183,0.289866748317977,-0.0282943634795247,0.645036792186463
"267",9527,0.0852259269979315,-0.732296741063132,-0.0553910793740289,0.0827304785650351,-0.144603170506329,-0.542383065515663,-0.235176330793558,0.0469420468785292,0.231755447318479,-0.0447892234543021,0.0435547583206927,0.322490953488783,0.3888183095142,0.390849424299354,-0.302556124913866,-0.241382810594602,-0.056386361432156,0.137251378531283,-0.0819056712341211,-0.0435354445768285,0.719490951945821,0.737192387388307,0.32542840005083,0.46873384353581,-0.462977988809463,0.181298574477786,-0.301847470060787,-0.0322147413755615,0.00166599852505563,-0.0329257347595839,0.710565394354916,0.213935391629621,0.488170091033669,-0.227560971807291,-0.393844675679498,0.643084667397635,0.817657729957955,0.58702132723808,0.869475311897564,0.123152468375228,0.762361847634213,-0.661651124848915,-0.0445614184714189,0.35403857437515,-0.11742729415185,0.245269838689616,-0.31356031712041,0.728034640881773,-0.58202508501996,0.0280064008186076,0.622985855213042,-0.2876908370787,-1.08937384972238,1.01973121862051,-1.5112854866099,-1.5099162811966,-1.30786466309902,1.28203222091977,-0.359416964359798,-0.664491393502288,0.872020079058026,-0.401245000500876,-0.594250985885434,-0.803003697824543
"268",9528,0.589963474443265,-0.256941366859084,0.0288271354789604,-0.234767361729808,0.189679989704981,0.0107645096465096,0.14269740639764,0.385485805698149,0.156731159011996,0.0124861853980344,0.161616859964199,-0.313674956344312,0.181833707056515,0.517023925980948,0.0298346878126085,-0.051322201306102,-0.240264685596019,-0.011472746062672,0.137199581284649,-0.138103655162924,1.71137372610142,0.318171450559494,0.32542840005083,0.504570526355015,0.046584675701382,0.0480208447815505,-1.23183269241544,-0.450807279610638,-0.0728894617860472,0.516508437447349,-0.332185954020692,0.654689582128895,-1.43922021994513,0.0208551191966245,0.446510262153002,-0.459516304364459,0.158196116669313,0.287041936283307,0.161185366963749,1.05631859254974,0.77627837606289,-0.120433178488246,-0.289352143941092,0.442248475586182,-0.708829075958807,-0.199497650483455,0.36520566851984,0.862672846984361,0.286453105552719,0.097100036371099,1.09384523778892,-0.205498014990865,-0.279278381966214,-0.994283902462781,-2.63468686866169,-3.52316368086815,-1.30786466309902,-0.152922950766571,0.31660830722876,-0.33584473755851,0.690202963186766,-0.583772237819127,0.0896727940215916,3.51303620593168
"269",9529,-0.438924603041453,-0.501833217036397,-0.039476449082212,0.0525034737745774,-0.0785549325939651,-0.311806241910754,-0.304499978275705,-0.39823406382934,-0.0351199980377119,0.140335415199766,0.0653266289682513,0.25813525351352,-0.13046490789626,-0.389455225414152,-0.128002012187245,-0.121587891793605,-0.289012380279239,0.313167333334373,0.0900296621379744,-0.274624639870018,-1.61740938773484,-0.424935992097857,-0.209008590582605,-0.203761333038142,-0.394527984154812,0.82216473673848,1.36589386177118,0.197846957689083,0.0382492089311632,-0.0488481040355295,1.07490831635091,-0.275402904406767,-0.197005483366408,0.230621356839219,-0.469815567138627,0.27832170601505,0.37015707005732,-0.801609314543554,-0.106900164391384,-0.339036360869371,-0.590339331011916,-0.548346959446724,-0.166956781206255,0.148215471549408,0.626049231548324,-0.0215906548142258,-0.236545661643906,-0.376971522198228,-1.01719346003503,-0.356190577924593,-0.151978217421765,0.287658917536142,0.0672747200439187,0.961822655317687,0.106177236239525,-1.69094397653492,-1.30786466309902,0.649837352025601,-0.359416964359798,0.478451269610144,-0.0723695672882227,0.102358805389994,-0.757799455685145,0.895952112570934
"270",9530,1.8906333082447,-0.535496428411089,-0.0283449865034802,0.15522312364468,-0.119961320806476,-0.102904213720575,-0.089204202062777,-0.035049748886651,-0.218857118149311,-0.142443017963826,-0.013635626477776,-0.171419890917592,-0.150030906563392,0.55850929012737,0.172599483186702,-0.3293439875627,-0.310706300401414,0.0709233462432263,-0.150412964919638,-0.0603836545193008,0.0243189294146119,-0.074660677717519,0.919247278532426,1.0805253724094,0.240279293549276,0.147375920101823,-0.665829178022236,0.167566142424403,-0.0802673783998262,-0.62498733820038,0.022702404788016,-0.102589611727316,-0.378914100898362,-0.00159072024664902,0.125094952133616,-0.0349879032027074,-0.265548772440675,-0.0063426428071878,-0.647898153987253,0.385137233781606,0.874878004736507,-0.516489807239937,-0.0445614184714189,0.118812171145732,0.0177502559754544,-0.199497650483455,0.642864653919966,0.649124564091878,-0.264686721008262,-0.137272848437224,0.210810634027931,-0.139743757320598,-0.326368400073748,0.154243021240924,1.82362856377419,0.0425333485228688,-1.20695175248219,0.0435089860027873,0.796328133651406,-0.831089092795587,-0.11838407315664,0.150849442900978,0.0351793146914878,0.430309345428292
"271",9531,0.687028387413521,-0.688275618496228,0.0527473888024452,-0.0082337053686596,-0.0549690922496503,-0.135726645682239,0.131179431319718,0.110982586122725,0.311356017152276,0.0846957871566912,0.223553178097816,0.0856827773544968,0.366843448893604,0.14128439647322,0.031357570187418,-0.025611301341852,-0.143779670964115,0.242011839118944,-0.317508449624423,-0.0935310905699886,0.54629963625873,0.5538707275257,0.32542840005083,0.482760264037813,-0.472783750575976,0.201371075056686,-0.724719983348819,-0.283336179073055,-0.186567588914056,-0.219709185875536,-0.173477022337563,-0.409984622291709,1.64460427762211,-2.37603416548283,0.322034878454585,-0.0955692534225434,1.10251455824595,0.889706282034615,0.0952792963233477,0.700295233219954,0.63587036460264,-0.444967519715087,0.200229306998254,0.559861677200891,-0.438473975704198,-0.0215906548142258,0.607951647405996,0.951573428583257,0.634716069761819,0.107464081703973,0.770339678615931,-0.435637916836803,-0.906164248022759,0.0081039561060916,-0.0879182905024063,0.821501007251367,0.223637156850421,0.121601712110558,-0.359416964359798,-0.475434277410063,1.0018804278502,-0.452822848976332,-0.145989393743045,0.15067518394928
"272",9532,1.33412780850943,0.0591771479118295,-0.118734371548548,-0.0659923334249187,0.0837749996138159,0.0557868564603337,-0.00531510893853602,-0.000999974189321282,0.196279303410885,0.218680473912933,0.0752435376508381,-0.425684677562787,0.171838472820894,0.30974440501509,-0.32293328688948,0.0146298189092585,-0.164117863797399,0.368552550891618,-0.211412542821394,-0.0374879687816733,0.54629963625873,-0.205604720476523,-0.07045086018782,0.576907100089999,-0.0763586978764111,0.4534294541216,-1.59948876427229,-0.277094351905796,-0.0691463978000327,-0.199640589773932,-0.147861055340035,-0.145862499905148,-2.7883934376355,1.484255034503,0.237882506376783,-0.151153152193272,0.487944625080208,0.111518482049341,-0.51360090864443,1.17688347077276,0.779538697471383,0.0579269550865692,-0.166956781206255,0.383441874778826,-0.134324487917764,0.0673628430203868,0.588909277795128,0.589618930473295,1.11442931742928,0.0805539289098441,1.08133169436495,0.0739575801077722,0.110685830486801,-1.2574905999727,0.647292038065516,0.41007442693702,-1.20695175248219,-0.990603113346576,-0.359416964359798,-0.583609063384637,0.91974971220443,-0.34630939539216,0.130627943280928,0.7525414051798
"273",9533,0.182290839968188,0.117440398368027,0.0897668527033542,-0.0454044720345291,0.238606934512665,0.214470764256633,-0.00387011810066425,-0.0303497232537723,1.00446050845101,-0.118893988797615,0.013940769943208,-0.496174729715037,-0.228672043582531,-0.35475514259892,-0.287924323681042,0.0476925304548661,-0.316493802937987,-0.0802438157441407,-0.0191579993377924,-0.167253330931837,-0.285896142200336,-0.179415911924724,-0.228802545281072,0.406723398063027,0.473850594747133,-0.510231318024252,-0.220206257808987,0.0113076821674719,-0.268862683570033,-0.166095569890965,-0.52700189510661,-0.0810533947992056,-0.338715911181859,1.30631560577078,-0.275213206708708,-1.1113267576557,-1.2261528392985,-1.08180426990548,-0.512398452330302,0.529453091350976,0.404762168674922,0.277059086764571,-0.289352143941092,-0.234027433698395,0.609152037782411,-0.0215906548142258,-0.279015773081575,-0.409040545595079,0.391937922811953,-0.18800212296129,0.304132622787155,0.419167432876678,1.26586283718724,-0.850423661766448,1.42955582766179,-0.506035425229596,-1.30786466309902,-2.20884964070474,4.26356342768502,-0.406279174418433,-0.53345339913007,1.24880914503364,0.483304843215082,0.421061848942357
"274",9534,-0.33538869574376,0.0571055656733866,0.0504779995966219,-0.255932662393015,0.474358116661347,-0.0265716946669952,-0.15527547297454,-0.246843235962814,0.137552880193208,-0.0954911265580244,-0.351419492742951,-0.320995617869579,-0.387912747095014,-0.687932325167974,-0.343591262453503,-0.330763980867547,-0.451346019108615,-0.304732342491639,-0.116953959564294,-0.255239980027847,-0.868433187121683,0.671720366008805,1.15677482992506,-0.246615509303902,-0.594834148824709,0.525878311817985,0.477725345397873,-0.0109339619280128,-0.177940494814791,-0.370856593874813,-0.0543835099369194,-0.381124944205892,0.102692028835596,1.15580386176349,-0.601888039982956,-0.274916567162592,-0.71892641885579,-0.821562847876505,-0.811471777674795,0.182419306761088,-0.524491170121181,-0.356236310196401,-0.350549825308511,-0.0576076312763306,0.626049231548324,-0.377404646152684,0.056763062429983,-0.685156228754078,-0.300826882272051,-0.0479965982891338,-0.173110720585297,0.238343224283442,1.72278316913691,-0.608984191763373,-0.187906895187644,0.272932233498903,-1.30786466309902,-1.76495414489376,-0.359416964359798,0.297709823661825,-1.56960370751424,2.40718047593562,0.375270329886487,0.551891878796986
"275",9535,0.570550491849214,-0.435787525836465,-0.324747249861959,-0.687639153270678,-0.0938564918460039,0.363506402135024,-0.144601261409676,-0.0411817125959243,0.323768560582049,-0.0159275288825401,0.0639867302431836,-0.415086867854189,0.502981598694398,0.795682504380924,0.181677877905393,0.118178515182404,-0.0809841213330615,-0.194085976875306,-0.219147943072002,-0.204994164506866,0.54629963625873,0.684814770284704,0.147874674704392,0.454108346175919,0.306498028097588,-0.323233994444919,-1.34745734162084,-0.46008889455799,-0.0298362057902293,-0.0617845936281036,-0.762597170702897,-0.0720913972352491,-1.24648118884899,2.08494551048765,0.327878793182211,-0.261148078476265,-0.0142190901120095,0.387485993908525,-0.160310744586892,1.09454942382613,0.775804216218734,-0.104906996807562,-0.166956781206255,0.559861677200891,-0.759520657256547,0.156316340855003,0.46994028480533,1.14776175966998,1.54060670178247,0.225286912856644,1.35214617319439,0.00820332243750442,-0.510313783306302,-1.00757083718505,-3.95806546008395,-3.155622602454,-1.30786466309902,-0.755502906380037,-0.359416964359798,-0.674726064448634,1.4500300310321,-0.526923550735584,0.0060617002679187,2.40759924475732
"276",9536,1.11411400448265,0.82527415446587,0.0402485598760625,-0.0422624353978485,-0.06712348589863,0.510244287358668,-0.0939444272430327,0.213521729486711,0.364956253106783,0.0659551516192433,0.0577121880153033,-0.882198810739021,0.0553445937581666,0.240600181978034,-0.0799085555045812,-0.127816029325199,-0.338388193451558,-0.310922058032362,-0.11074875923403,0.0946277802186995,0.154230689960874,0.0824721735932849,0.879659345382732,0.672414821497815,-0.182283440032027,0.135913962260067,-1.40420181528914,-0.216573243700265,-0.241859374608439,-0.307166971367823,-0.529889214760959,0.255657400778281,-0.223217748238376,0.689017893409279,0.165417963754232,-0.488175158593037,-0.410632451576206,-0.169352864273028,-0.543694497994133,1.21342498599064,0.772344823272481,0.36818516151232,-0.0445614184714189,0.471651775989859,0.00085306220954098,-0.199497650483455,0.581809061284668,0.443432827435594,1.2300903013922,0.268743173112028,0.999440303818177,0.386290304041544,0.968607097883435,-0.879885709779327,-4.05805406476919,-3.70419137620646,-1.30786466309902,-2.1348670580824,3.10781832967381,-0.262780558858207,0.317463295182566,-0.238475347423448,0.0153820581558323,0.8368499791985
"277",9537,-0.710706359358171,5.57049221939836,-0.144997143845394,-0.313315330192515,0.2282187290856,-0.0279693997013787,0.237057701247892,-0.117324551907415,-0.217429350417001,-0.285198735456726,-0.0906018928494693,-0.294586356588087,-0.153940701936296,-0.731589037713203,-0.23412039232226,-0.423500765282214,-0.197474193578615,-0.197699719236093,0.50589454448048,-0.15015805821182,-1.07648213173645,-1.29244027537626,-0.92159124476052,-0.408479202157289,-0.262034273015756,-0.189263905209944,-0.48133855188316,-0.10000569590255,-0.12450128927124,0.100845761255783,-0.19024812968285,-0.384331478286006,-0.583489553498712,0.140498392142866,-0.710000462444021,-0.724330236764819,-0.872329928297982,-1.09364111171317,-0.710696252297751,0.458260486028294,-0.883761958044067,-0.246352464666934,0.383822351100507,-0.17522083289104,0.338796937527802,-0.377404646152684,0.69503971717423,-1.07264533053175,-0.51535997005391,0.420385520614076,-0.0353031854307658,0.254781788701008,1.80445491929216,-0.282701622337589,-0.823128619070329,-0.917462005543944,-1.20695175248219,-2.05175995694318,-0.359416964359798,0.92408590039896,-1.74523030606931,1.68873125963549,-0.246064185371737,0.926968139371706
"278",9539,0.657908913522444,-0.760780996841717,-0.283610076231812,-0.142816583537707,-0.0824245837625411,0.132797429564216,0.183595909581331,-0.0219909594946462,0.188068473641638,-0.0967209768660616,0.0636831094497939,-0.20965860216099,0.234652581501583,-0.0301972121260619,-0.142063105921481,-0.28300588984805,-0.320415300771041,-0.0119744947118484,0.00720842109523649,-0.080781085416046,0.00537238026033693,-1.00249275399481,0.38481028789899,-0.0859597982318191,0.11303171428365,0.148731996630625,-0.81431847883892,-0.0762071550911216,-0.155268415545798,-0.493344853748154,-0.322293352915643,0.534820582089442,2.03008233982018,-1.74002579293567,-0.382741237697012,-0.256405599039863,-0.460728451082449,-0.465443007205279,-0.617851473190227,0.403578934086945,0.424707960808395,-0.0430008169507429,-0.105759099838838,0.589264977604568,0.288105356230063,-0.199497650483455,0.88429381093527,0.393596279399983,-0.0628819114953926,0.252560716364207,0.179011892487817,0.172588966613174,0.223260405025125,-0.219588449835499,1.13547169623462,0.728244315713449,-1.30786466309902,0.0395632479767052,0.796328133651406,-0.51729692454477,-0.551137980991801,0.0601625328541072,-0.222185020272028,0.621417963578844
"279",9540,0.541431017958137,-0.564369105859382,0.0806287488091277,0.141787825216291,-0.0757000395456551,-0.262277272231349,-0.149461092892074,-0.237304439427646,0.318661665462394,0.10811907944486,0.0297661749880507,0.244755650789919,-0.0498534156913307,0.446109700073175,-0.144278361007895,-0.263778185674165,-0.296348373175354,0.196510248749749,-0.00389053660081886,-0.072973522626652,0.54629963625873,0.531423173597186,0.10729137986486,0.894821235982187,0.393305763439266,0.273422887767943,-0.590934338824297,0.043784038162016,0.033481781947487,-0.0146156054869048,0.255656661618129,0.345716083952084,-2.21017634434128,0.713128569873494,0.073084111057753,0.34568531177297,-0.0203439013591015,-0.245277749582329,-0.266147332601724,0.0165043367294135,0.520068687163023,-0.733818918730183,-0.350549825308511,0.089408870742055,0.085339031039106,-0.199497650483455,0.339865467868601,0.346178659560251,-0.382254659639737,-0.225639971801726,-0.0660089340667464,0.205466095448308,-0.183626782685286,0.18480245720448,1.57659789337537,1.78149636131818,-1.26037623457345,0.342069808304356,-0.359416964359798,-0.802233006655195,-0.0978745018791227,0.496955485229783,0.108449573416235,0.270701913194085
"280",9541,-0.497163550823607,0.210273177428234,-0.0633999339577072,-0.235062385293905,0.232102120211812,-0.086713346305287,-0.129604366361293,-0.281670072229933,-0.148774948674682,0.00419845468929824,-0.102088500262958,0.000877886765369103,-0.194415357348125,-0.354816304082872,-0.165100849741572,-0.309100949033156,-0.287920699110892,-0.144126126037954,-0.0118382230619497,-0.0970201502158792,-1.53418980988894,-0.812312114228443,0.32542840005083,-1.1003492660948,-0.521257304330909,-0.0378376640667187,-0.353867002307165,-0.237742040515774,-0.0529750846024395,-0.595393962110819,-0.0267855120856126,-0.318537174050934,-0.0448841893435307,-0.211224342276795,-0.628770047730031,-0.529174658236767,-1.33176157889375,-0.407442482347623,-1.29992916432171,0.240519712630362,-0.711179114289002,-1.03461768235178,-0.472945188043347,-0.381043935716781,0.507768875186932,0.0673628430203868,0.604935979802854,-0.725790908844549,-0.73003134365329,-0.256732107800348,-0.241879089377915,0.254781788701008,1.11576340446948,-0.444695464431283,1.2825137619482,1.50721197444195,-1.30786466309902,-0.877163153271796,-0.359416964359798,0.864099356796766,-0.825731278978641,0.875703403336166,0.595421265107729,0.0758570835131626
"281",9542,1.27912435653209,-0.676622968404988,-0.465131149085877,-0.169607786647589,-0.416606791888612,0.270617392345905,-0.0464348479781937,0.121226365064464,-0.294941522616703,0.0968767003168848,-0.0306931188542679,-0.447392697784762,0.230074130266346,0.550848913494723,0.160353191408677,-0.126886158245456,-0.163916489096633,0.063427137636684,-0.208763209191108,-0.0601648151183949,2.04425203748505,0.632437153181102,0.518712173577587,0.487223662500859,-0.01931523108355,-0.209052943324331,-1.08266574251968,-0.456824108053247,-0.255210694414019,-0.131327574591976,-0.412177361372081,0.354762945294497,-0.372259587486101,-0.394973666786064,0.400343335804762,0.0128958407841885,0.037717893121708,0.696934858309448,0.198755322636914,0.893098483849489,0.740963337253676,-0.388200654152168,0.261426988365671,0.736281479622953,-0.691931882192895,0.156316340855003,0.909583755630628,1.15709285802559,1.53454758999163,0.00436910444538608,1.18199070432527,-0.106866628485464,-0.0879751834043572,-1.33414554543336,-0.187906895187644,0.821501007251367,-1.26037623457345,-1.06896984913033,-0.359416964359798,-0.426108849376979,1.37261554164702,-2.95021864567655,-0.112721838946015,-3.24624731845138
"282",9543,0.596434468770702,-0.372359327133737,-0.0121142493563599,-0.0321549576167692,0.0305398516243248,0.33573967107683,0.196189144809907,0.0842795980371176,0.586909977754356,-0.154793431632284,-0.00693735604980553,-0.540495056100551,0.493513908219743,0.316328102259766,-0.287784594224617,-0.132339310149506,-0.350653912452564,0.0761172258328598,0.0103216457985377,0.123399115028614,0.712738791950544,0.295256243076667,0.32542840005083,0.571613338431404,-0.139745034077773,-0.418699609189506,-0.735441897666568,0.00704028000225694,-0.155912615487787,0.100589302922716,-0.291195560270758,0.0730096657333199,-0.364866931117688,0.249224784488215,-0.164763218356592,-0.712550529777628,-0.627160460749592,-0.312578650146027,-0.316467524783075,1.12391134579537,0.963010418356166,-0.173493486870773,0.139031625630834,-0.0576076312763306,0.0515446435072806,-0.110544152648842,0.224290114703992,0.648534743244116,0.344039245143604,0.222923183219322,0.769215317305578,0.205466095448308,0.625732903537953,-0.883742634423563,1.77657510274584,0.547216620375136,-0.761747735055031,-2.20884964070474,1.95207323166261,-0.334778626001599,0.221646490901911,-0.266205536212848,0.328396413209281,0.498929937139913
"283",9544,-0.807771272328428,5.57049221939836,-0.112893417625865,-0.317653849535644,0.435489253287967,0.135174496352013,0.176394479938759,-0.32885320353878,0.205567510848577,-0.220600693720535,-0.279788989871797,-0.500768003524021,-0.058276092683827,-0.922334672724789,-0.336304390961453,-0.265800907523492,-0.312845212507376,-0.584935229117205,0.420641022202083,-0.0223121117146532,-1.37925867206495,-1.94716048917128,-1.17891275085162,-1.37060843525915,-0.775510780541135,-0.132385729579503,-0.179314343512019,-0.248121775706391,-0.219774598576675,-0.540274352975749,-0.333972995704196,-0.261929919484506,-0.324196664189724,0.281530113959444,-0.728700989572422,-0.928307846932628,-0.658527991182498,-0.556586689124456,-0.872511480203089,0.680445769532528,-0.64508400389573,-0.365773627348098,-0.0445614184714189,-0.0870109316800072,0.727432394143803,-0.110544152648842,0.211455585154881,-0.865949572994167,-0.504580069473138,0.222741357862605,-0.208889573729908,0.205466095448308,2.21281367006843,-0.519351769526813,-3.76396993334202,-3.1117371005538,-1.30786466309902,-2.20884964070474,1.95207323166261,0.593022724926184,-1.6289110944512,4.97486075674145,0.209476810376546,-0.132948897577054
"284",9545,1.03646207410644,0.747589820524273,0.0289997817812412,0.117901861874625,0.354323662772145,0.177009688395706,0.0757939033982208,-0.10132285530216,0.656885773224412,0.124734557447776,0.120164831219117,-0.615558245148035,-0.0780669197179206,-0.59315815236503,-0.14705081742685,-0.160894850468951,-0.306755019380564,-0.297414982133912,0.0809896641036153,0.0763785844620066,-0.535554875738057,-1.77693323358458,-2.28737466526819,-0.0414921528374156,0.140619217468447,-0.117181474601817,-0.262116860264033,0.0552065157729451,-0.266096169846866,-0.363470308458353,-0.110732260370042,-0.366555540600429,-0.0458963733492021,-0.0148328184938781,-0.417804726062762,-0.736721876582513,-1.27479729394276,-1.26798088176636,-0.731147211363614,0.730039262392905,0.214906719153133,-0.480483980968727,-0.350549825308511,-0.381043935716781,0.457077293889194,-0.199497650483455,0.76950139858908,-0.727623329792933,-0.684081827743128,0.320199749062963,0.0641910273830663,0.320536046371276,1.73087676599914,-0.607968889757063,1.67658649806061,1.60046866597987,-1.15946332395663,-2.06636466674832,1.95207323166261,0.0227951901863643,-0.957747039729982,1.59541180369314,0.303836930015565,0.279515071224175
"285",9546,1.29057782664044,-0.432823633718279,-0.515099200161652,-0.498682848662736,-0.231165721140065,0.688236527438009,-0.0179547540194729,0.0118010733449739,-0.118514665224967,0.204240894330569,0.27695754852077,-0.542175052234344,0.163256910805943,0.626855023797826,-0.306431821242986,0.502392648983578,0.0415615408080437,0.211943949872087,-0.279127748794354,-0.116766741028091,1.3784954147178,0.397830700661366,0.28687295761231,0.50216911818687,-0.392312537557822,-0.281991687370528,-1.34093065088281,-0.588445763282866,-0.546951777663649,-0.0563438956521217,-0.512161169089468,-0.0267596884308822,-1.43922021994513,-1.1983114064917,0.808248583793,-0.756558699171332,-0.273939409813813,0.866539891639573,0.711809221663328,0.93368229106451,0.362574542009391,-0.126922663822849,0.56741539520276,0.618668278008244,-0.759520657256547,1.84643279971268,0.243817467618378,1.44719193431692,2.11080435016732,0.12637391880255,1.37383105438616,-0.156182321738165,0.150418033265033,-1.31616160130757,-1.55833894763825,-1.14237520278245,-1.30786466309902,-2.13190775477443,-0.359416964359798,-0.351338892185617,0.603807073463297,-2.71092359930693,0.130219752424522,1.15406675504436
"286",9547,-0.167142846724735,-0.0590325135692994,0.00072935054611011,-0.0677620469126324,0.325328301937774,-0.469375538289272,-0.146018980438228,-0.591373857975314,-0.183802637299058,0.066753019591362,-0.0262248419332337,0.0560479604226758,-0.0832260684110354,0.0614672231027042,0.0850649108323399,-0.294100374561152,-0.151941959743251,0.256970086845532,-0.330947485435926,-0.317313436724066,-0.0971107900804697,0.278888237731791,0.32542840005083,-0.626997165253879,0.255962380729274,0.487070621381245,0.474829613581557,-0.153771887887087,0.0186937685581045,-0.197895970072196,0.0994714207495188,0.210243427009692,-1.05374215775284,0.666591470541209,-0.502541489613327,0.146705153054271,-0.119473794375022,-0.22769158461091,-0.83064379504454,-0.455840499771669,-0.159991604466008,-0.656849091552692,-0.71773591351302,-0.322237334909425,0.27120816246415,-0.199497650483455,0.16826361544184,-0.512627003583192,-0.56648550577873,-0.0767250046504334,-0.351361688915227,-0.0246738063976295,0.0952344182952666,0.710066324128046,0.206165840924762,0.135790040060787,-1.30786466309902,-0.0544768346560264,-0.359416964359798,-0.565769463332325,-0.937495154369331,-0.139919658065634,0.094230925251451,0.158392089882347
"287",9548,1.27178948519707,-0.812570552802782,-0.685852410928723,-0.228441448952356,-0.390568992310385,0.20146205186357,0.0614488058859507,-0.0164238595165463,-0.15233335059044,0.17410001230475,0.319162612180574,-0.256858261823429,0.314990101823317,0.758328134714042,0.0353958418532472,0.159670086686113,0.00967648910630674,0.29030670814149,-0.122688892218486,-0.0767011582754082,0.975703547660994,0.868136430147311,0.335037868315567,0.77753984413398,0.112124059169273,-0.353466698411854,-0.817462239076338,-0.666164549239221,-0.242457641867452,-0.25319103666128,-0.254949460983502,0.736397051256585,-1.05374215775284,-1.16395869815302,0.430731692388413,-0.0972010743038893,0.270000474578021,0.862481545876936,0.400435465482537,0.883465360134923,0.728016547602817,-0.0668964623325299,0.383822351100507,0.559861677200891,-0.979184176213416,0.512130332193462,0.295997975191257,1.14628058035004,0.871469169745399,-0.279096626676549,0.975520913814777,-0.402760788001669,-0.818606245604063,-1.22042924585719,-2.34060273723452,-0.0452376552775256,-1.30786466309902,0.0631851973576955,-0.137513905541646,-0.659516206236703,2.30556211825446,-1.76649212283806,-0.138709990137151,0.280485856303195
"288",9549,1.25647587813322,-0.51219112822861,-0.132450477771143,0.220718846955612,0.0676531225391684,0.424727820522944,-0.0951319637822272,-0.10718097581735,0.667447818499405,0.151685197746998,-0.024118276386568,-0.858624182463397,-0.0980951194966169,0.257929293404377,-0.151355501325643,-0.269361368459106,-0.326208461855487,0.179156469817917,0.182741730083154,-0.139662732892708,0.130201747029197,-0.0484718691657196,-0.505918029823403,0.913524213289433,0.220564183635884,-0.105062713488649,-0.702583446765813,-0.151381274522285,-0.341235851342985,-0.693983585352912,-0.319421221276947,-0.0177808634768013,-0.318904455931992,-0.240237765304095,0.226779068394294,-0.422137407301208,-0.668334769884434,0.0590981826153003,-0.307596867947292,0.874837781693276,1.06705301565712,-0.307753442874164,-0.166956781206255,0.618668278008244,0.237413774932324,-0.377404646152684,0.630942462555098,0.611535082647997,0.499938965357086,0.683304986426981,0.872266413305645,0.205466095448308,1.01128242679339,-0.585431480673916,0.547303433380278,-1.09848970088226,-1.30786466309902,-1.67025643919256,1.95207323166261,-0.47415494354177,0.35555632569896,0.41618982407142,0.00368058693888818,0.37501169229219
"289",9551,1.8906333082447,-0.350737187519993,-0.932439460354337,-0.3428035874004,-0.187715094123428,0.628145277049662,0.359781775984123,-0.119041987326421,-0.238862429097757,0.258059330865061,-0.130755502408387,-0.669043793093546,-0.188617472068497,0.514599448690913,-0.150188442624575,-0.099171357947295,-0.214892177480555,-0.176928800226996,-0.109993044028099,-0.00198669827533445,1.12883668118008,0.632437153181102,1.51306615701402,0.899913932246375,-0.0910042024059685,-0.40646430253344,-1.94308165020369,-0.591454543273163,-0.277119615620408,-0.319811730494968,-0.700983950717568,-0.189974608832158,-1.05374215775284,0.737115453038514,0.27878990947016,-0.242841087963703,0.253714849296829,0.671570197292978,0.273424791411572,0.978931828345875,0.587447262998052,-0.618862770110089,1.11819452750952,0.853894681237662,-0.353988006874633,0.956897821366533,0.862713347787456,1.57507039587212,2.27966101964096,0.611120319810299,1.5438843308694,-0.172620886155732,0.196036488306707,-1.34183581379033,0.0120703141828305,0.0425333485228688,-1.30786466309902,-1.46673274095011,-0.359416964359798,-0.56271327686918,1.08866973992936,-0.715815864053871,-0.202523827355175,0.0343562148372833
"290",9553,1.23059190004696,-0.961465526190841,0.100696101551176,0.0593324548320747,-0.0308307207391347,0.10835594025389,0.195107871245483,-0.186835282448823,0.123332575879352,0.121539651052682,-0.00399159071241419,-0.348882722858955,0.331637176501409,0.474204367033256,-0.0735153884026114,-0.126682577635662,-0.0992380066065137,0.0968294405037329,-0.089229883662851,-0.0848459680894045,0.704812982686109,0.16976820646409,0.32542840005083,0.439506583771522,0.188818784349808,-0.170974156367747,-0.744728790405117,-0.264441434209481,-0.00475638287464415,-0.502244153132547,-0.551461740654916,-1.91968005558352,-0.861003126650914,0.0689743707922588,0.583842258252193,-0.0757324308337248,0.121411845653714,0.583977567916105,-0.0786326032008491,1.01925419378994,1.09755043925614,-0.371838664768304,0.506217713835343,0.6774748788156,-0.438473975704198,-0.110544152648842,0.859801678390436,1.35423550598959,0.568938099810565,0.184921683665452,0.85667803087535,-0.238375143825999,-0.151252395236356,-0.906019330119803,-1.999465144779,-2.65093933060173,-1.30786466309902,-1.28269731021884,-0.359416964359798,-0.558875275264301,0.79202529698357,-1.20727162773764,0.0600109251228158,0.237963544549727
"291",9554,1.16264646096778,-0.139306325308949,-0.0968069680037387,-0.0772688543964988,-0.0262492689098115,0.284081910082582,-0.100985493175435,0.0500274506534411,0.845913129182889,-0.0659282158284024,0.107568691317097,-0.504616061437547,0.271769905662433,0.389120797275884,0.0331439322016588,0.074627697607074,-0.291225050244216,-0.181874188928191,-0.112077957744432,0.211539757992109,0.0622146962064418,-0.179415911924724,-2.84160561060009,0.248021265675661,-0.359364885855512,-0.0604079924251751,-0.790723889466178,-0.0551656890173078,-0.24786647776748,-0.301371868525922,-0.498918247207484,-0.0431637264897605,-0.221734693705964,-0.0682957297963961,0.0421113630013391,-0.38169884608544,-0.257193538600761,0.00397231933950966,-0.360169070509883,0.933642069253592,0.884180609296357,-0.416725962215526,-0.472945188043347,0.383441874778826,0.0177502559754544,-0.288451148318072,0.44945528337077,0.258467660457684,0.632176503316036,0.249833336013451,0.733768038017313,0.0739575801077722,0.91930973517711,-0.953892280683195,-1.16426621152584,-0.36889323179148,-1.30786466309902,-2.20884964070474,-0.359416964359798,-0.271025154898319,0.326051490608736,-0.0306743892504269,-0.0635348407491798,0.431020650400018
"292",9555,0.997636108918342,1.25812530231972,-0.202915347217543,-0.08380675735073,0.16946732687519,0.405023433225596,0.11345033155409,0.151471305467685,0.832166538820096,-0.066450142353982,-0.124507041362201,-0.776828672105512,0.00752014908606331,-0.78754934832318,-0.459716124200109,0.14127030293838,-0.281796370849913,-0.272007533867519,0.0116394719000546,-0.211092901063735,0.130201747029197,-1.98644370199899,-2.52490221666083,0.0018020461197925,-0.0660188388595158,-0.575556082492493,-1.24731763823407,-0.119782867402542,-0.25128547609002,-0.0827599775013002,-0.319115483010934,-0.0508530952512479,-0.294965304513955,0.508244544121046,-0.53818936945184,-0.795722400323553,-1.56864661966863,-1.01636344448299,-0.489002727314468,0.701481776641999,0.431721242684013,0.110067560880584,-0.228154462573675,0.265828673164117,0.727432394143803,-0.288451148318072,0.546612102185152,-0.560810065084907,0.191778671102177,0.383111322487074,0.402330928319135,0.419167432876678,1.70586019387951,-0.928894995612207,-4.05805406476919,-3.70419137620646,-1.30786466309902,-2.20884964070474,0.796328133651406,-0.0416690219548565,-0.482685351300567,-1.28165051342228,0.361459872578102,0.324271207019637
"293",9556,-0.361272672665248,0.252352191646598,0.0661861286259242,-0.0562024960744731,0.20756984699685,-0.0388879591797821,-0.24076949814405,-0.0220085000946864,0.0133590072691934,-0.245679479150224,-0.0680708986628772,-0.614511453803458,-0.36062355177614,-0.872482511987092,-0.281000185913081,-0.242005636179321,-0.40745861069759,-0.44893167359731,0.0967384374277364,-0.212779604337353,-1.61740938773484,-0.801400115029995,-0.505918029823403,-0.72199154506281,-0.347515666372218,0.121851458533143,-0.354716499649427,-0.0964927114412947,-0.365152331927052,-0.631083973358115,0.137658013374157,-0.966541033319501,0.873648153231741,-1.48389898285521,-0.891746210473164,-0.603575491545474,-0.436158399027779,-0.92809442414568,-0.922270904004532,0.223566219328943,-0.723152385322717,0.242213784593595,-0.228154462573675,-0.145817532487363,0.896404331802933,-0.199497650483455,0.349942009943209,-0.787622689851497,-0.0768391772235905,0.421476472754378,-0.282522251077272,0.386290304041544,1.76766584264565,-0.609391380645306,-0.870182080098676,-3.29276479589211,-1.30786466309902,-2.00986200468205,0.796328133651406,0.656562973718082,-0.845863141537796,1.23448279385203,0.31356547875989,0.0449917132027886
"294",9557,1.46354769117557,-0.91614966472491,-0.483388807256885,-0.261385540965381,-0.00900784975600184,-0.200102049865831,-0.00958425646077034,-0.0930698472683083,-0.0894386088458595,0.189390565991086,0.346694737941514,0.311153588174344,0.361869224773747,0.67558879514344,-0.113103140092917,0.120436748313872,-0.113832736022588,0.431072863279728,-0.195136326147078,0.0145310530735895,1.3784954147178,0.824488420259112,0.347203958201393,1.16711886144428,-0.0574706826936459,-0.385707343808541,-1.02865666800978,-0.33711863628547,0.113445048450024,-0.378013355778568,-0.276229389531686,1.91102327869077,-1.05374215775284,0.819278256783441,0.352423235038235,0.138087099024682,-0.00795266473207313,0.57298621480897,0.824006216727009,0.568810133333035,0.810113817767621,-0.680266235061191,0.383822351100507,0.6774748788156,-1.06367014504298,0.778990825697304,0.140224110589986,1.49290636361873,1.35682750407157,-0.188547599031441,1.25434805990736,-0.2876908370787,-1.24830266083531,-0.354955192965415,0.941376169492684,1.27681308946591,2.59805858312862,0.0581880697968877,-0.359416964359798,-0.745942316450292,-0.100201004887404,-2.05767563705224,-0.118708638173293,-0.398608092789312
"295",9558,1.56708359963804,-0.864360108763846,-0.146758072515429,0.122142722567178,0.00973197940703117,0.225913712876821,-0.0704058908341561,-0.11725164665901,-0.0219411495068037,-0.029960204268373,0.25782835028711,-0.279240437395789,0.0818290553044835,0.307954982368209,-0.0930572964966224,-0.263822757430518,-0.261251221427378,0.222582360043507,-0.0214589390850139,-0.214751119418924,0.712738791950544,0.684814770284704,0.476379598397543,0.526004663717109,0.106558422053854,0.151355259019917,-1.46038379593101,-0.260306959136698,-0.179011472588952,-0.112186060010021,-0.413242725624686,0.161186901680092,-1.43922021994513,-1.3150997034483,0.289893347452646,-0.198017008129328,0.355216779038524,0.538659373566677,-0.0665980038586507,0.898246875646836,0.880116442058178,-0.700783442572296,0.0166362628959979,0.442248475586182,-0.353988006874633,-0.0215906548142258,0.568207875611824,1.0981737316545,1.01559844362816,0.292562294841966,1.02912633418642,0.123273273360473,0.0665389385109881,-1.09555256913708,-0.629033092328398,-1.78420066807284,-1.30786466309902,-1.77450028467135,-0.359416964359798,-0.407700656494315,0.988854827948356,-0.71272076572927,0.0617117203578372,0.451256829699985
"296",9559,-0.303033724883094,-0.204043270260279,-0.110435326138875,0.00856083140534352,0.243292751131282,0.108954087170548,-0.157202550842317,-0.404653330209115,-0.00170101490945453,0.195602837119786,0.0394068560300223,-0.371890390879634,-0.0204904304799436,-0.705338464505246,-0.057872983982494,-0.0898495226840945,-0.186184592744122,-0.102674532394428,-0.0434090161042129,-0.0454039069546875,-1.35700527427449,-1.69462555330589,-0.577176295241197,-1.11809784298275,0.318945696379835,-0.252868141409305,0.650497514455858,-0.146346429417766,-0.236487660258858,-0.200220738399562,-0.269675066652485,-0.500523619353397,-0.111890759118401,0.0677728848301157,-0.560980636889579,-0.926166082025865,-0.812391746556585,-0.946864273297865,-0.937612883555689,-0.0475287862500833,-0.771371795585926,-0.500376361361921,-0.228154462573675,-0.586867038542522,0.338796937527802,-0.466358143987301,0.551273050227935,-1.0263907843862,-1.00173593070054,-0.0294504119039917,-0.485261406838967,0.320536046371276,1.61020859459858,-0.383393105690831,1.52954443234702,1.23292758756572,-0.910149074197418,-0.796416449148903,0.796328133651406,0.708944588214312,-1.22855518369976,3.15062587064874,0.0825974858439071,-2.09927321591468
"297",9560,-0.798064781031402,-0.815807400050348,0.046764399263061,-0.113008301003407,0.533614609688001,-0.224965691877433,-0.0695781408816669,-0.326179066626808,0.194548891427081,-0.0163512764963666,-0.498468274684075,-0.153670060582588,-0.37534447577293,-0.474390187628204,-0.453967281953818,0.0643121537900548,-0.19662385582069,-0.65011788344686,0.137016319685813,0.231063889640133,-1.20573976017519,-0.659544073072543,-0.545505962973096,-1.24705344616974,-0.195732415415418,0.18399393707582,0.267437106017228,0.0805208084030432,-0.300419809045138,-0.649330634692883,-0.0997107185014851,-0.43344726906812,-0.161495357248512,0.204547231033071,-1.08225783059375,-0.616273097778422,-0.687629695489325,-1.12661517103458,-0.971270306988477,0.09250344845665,-0.983397262692608,0.187295616776894,-0.411747506675928,-0.145817532487363,0.626049231548324,-0.110544152648842,0.62118844292645,-0.582858761270344,-0.245726353050381,0.239651116037293,-0.283474086153431,0.369851739623977,2.00826640391383,-0.741240443904885,1.48249097131868,1.64435416788006,1.36335944146396,-2.1348670580824,-0.359416964359798,0.804112813194571,-1.89294593592811,1.73140655519031,0.45064957470266,-2.58446963354125
"298",9561,0.687028387413521,-0.780202080327116,0.0277343365483707,-0.383646033895565,0.018554532299418,0.277143022165912,0.0469718408686207,0.325163197976483,0.651243149536498,0.395237431537014,0.0417034727373742,-0.202892711703875,0.120320455394948,0.690571528775284,-0.175800942679643,0.200138092599586,-0.0354814101792508,0.305746355572327,-0.247816984344586,-0.264941939972612,-0.535554875738057,0.737192387388307,0.800483502836107,0.781182966461535,0.0221141828863271,-0.579724067162227,-1.31796321908912,-0.54767050154181,-0.293207443097276,-0.496691142809367,-0.747818750466511,2.7508847103298,-2.59565440653357,-0.977264731077894,0.567479297014843,-0.394396452318386,-0.266894106703037,0.57907373345292,0.111641555814104,1.34732339453257,0.741675626975278,-0.467981548953965,0.812206120672433,0.736281479622953,-0.522959944533764,0.778990825697304,0.709802702973647,1.49489121017946,1.38453976960087,-0.177456252271699,1.21294029330646,-0.2876908370787,-0.140951453775333,-1.50202338151665,1.2825137619482,1.37006978100383,-0.369968199719128,-0.89360372729046,-0.359416964359798,-0.524759705443147,0.999018728596266,-0.732636143290374,-0.0911557553659369,0.120448167664801
"299",9562,0.35700768331465,-0.919386511972476,0.0851069547045508,0.00781583904553107,0.230086337656459,0.200339175353402,0.117470296504014,-0.135386699662585,0.248271309682718,0.397206785145566,0.195533469322042,-0.144252668175089,0.166379404878017,0.465290114669966,0.22036403117628,-0.231144179159368,-0.239563154554357,0.0965258755350203,0.0306986484424996,0.161379673973095,0.109495914844261,-0.0484718691657196,0.0879008486581922,0.852693997851516,0.67212982201884,0.135198886217199,-0.65318770088834,0.196003012049957,-0.144689933228214,-0.0360611341672627,0.232389948213669,-0.66110705246663,0.102692028835596,0.382895202630441,-0.178788613702893,-0.324789092848622,-0.342020404195841,-0.184909856363129,-0.679700176959805,0.110985370572905,0.447244622807768,-0.112887088770966,-0.228154462573675,0.236425372760441,0.085339031039106,-0.288451148318072,0.352090668083244,0.735254975866454,-0.225364393676304,-0.282551308454174,-0.0223382310360692,0.123273273360473,-0.133593638446031,-0.258882104625488,0.7943341037791,1.46332647254175,-0.910149074197418,-0.184686179898995,-0.359416964359798,-0.422768366498657,-0.74004702417957,-1.33694962456733,-0.0310836676649672,0.6731646698919
"300",9564,1.21373721870486,0.339747067330894,-0.545478677098727,-0.0413051860549755,-0.0228900320718448,0.332618194054217,0.00182134816491317,-0.0592754551013785,0.0262936392238626,0.133500657297794,0.25996130843206,-0.389580560807958,0.284426508119455,0.120923172681077,-0.424325539183565,0.0918024015257385,-0.18344401574173,0.0803375408822924,-0.329548369513015,0.155061930183064,1.3784954147178,0.580059536077503,0.0131557753950652,0.578704476187813,-0.173807165148207,-0.206383260252703,-1.24081486452235,-0.554833831051524,-0.0720796818733866,-0.162126402482858,-0.127130075301179,2.87158436752186,0.873648153231741,-0.216576834254848,0.303334351326184,-0.335344934174805,0.147044003705018,0.444302834585416,-0.212794500955806,0.962641994924584,0.670943493695084,-0.476250103206408,0.139031625630834,0.442248475586182,-0.320193619342807,0.601083830028074,0.691252958016823,0.991952961453068,1.62606525017843,0.0692807567933853,0.998426957257956,-0.00823524198006215,0.304196373647449,-1.26871625178196,1.42955582766179,1.23292758756572,2.65148306521988,-2.1348670580824,-0.359416964359798,-0.385809832525741,0.73873572010183,-0.77038736076111,0.117089613210153,-0.437341287653857
"301",9565,-0.0765489280819157,-0.362648785391037,-0.0804076430783191,-0.0147915168539544,0.193495199124549,-0.448847743139035,-0.177654789936376,-0.157111941680038,-0.264344400333355,0.273282122769319,-0.126265187706668,0.258701446084549,0.313539585194074,0.0362319338255575,-0.0490167110262935,-0.24922080781391,-0.0669106241609135,0.00480956599512214,-0.450894931063378,-0.305208059019219,-1.0348723428135,0.16976820646409,0.919247278532426,0.563245362814951,-0.425510956450616,0.114754032505489,0.753660507132655,0.145321281037333,0.147643971647856,0.0392866680000532,0.456331314665016,0.0460008964103029,3.18651652640862,-0.762673964324879,-0.348846532276786,0.757771078714485,-0.236553278733509,0.139926902387786,-0.0791242829626988,-0.174468821503408,0.182598752517665,-0.375944671543137,-0.289352143941092,-0.0576076312763306,0.423282906357367,-0.199497650483455,0.258338646614895,0.132613808666425,-0.502322406338195,-0.04581469400853,-0.262898127134582,0.156150402195606,-0.785496076622204,1.1542252359132,0.647292038065516,0.229046731598706,0.176148728324857,0.88555229349926,-0.359416964359798,-0.617227114479232,0.489181107005032,0.27981636134563,-0.206673767728635,1.14909038153024
"302",9567,1.1335269870767,-0.920422303091697,0.0488743991634332,-0.164229602507687,-0.205064565191003,0.373407958190888,0.151029311973005,0.325392676589793,0.15065929196767,0.366308805042663,0.178683419154119,-0.622536841818628,0.181045551470718,0.750328580312266,-0.214601792765751,-0.0976268790252615,-0.00583158665307083,0.50539889395131,-0.192433333708619,0.0410191566700012,-0.369115720046243,1.06455249428582,0.189087177755606,0.872097631345134,-0.277154550673014,-0.357769006758146,-0.625721210699093,-0.453997370354827,-0.235024718200593,-0.507678711306444,-0.356984954630174,0.744876959631772,0.102692028835596,0.911370429905244,0.55988220786893,0.0250325085891738,0.363784434077761,0.800084479776423,0.147398824705433,0.870131829816014,0.78425215710909,0.0519188510128956,0.506217713835343,0.6774748788156,-0.742623463490633,0.778990825697304,0.423578494445769,1.4585443288362,1.11800825909024,-0.336007963328997,0.72664740980598,0.00820332243750442,-0.510313783306302,-0.964853595230348,0.747280642750753,1.0518998922274,0.81724251341997,-0.59972846848611,-0.359416964359798,-0.778707478299358,0.751139996441779,0.366382791447466,0.0328662331718652,-0.383030612245963
"303",9569,0.861745230759983,-0.728412524366052,0.107104650866904,0.109573380426264,-0.0671865379342406,0.189442703994861,0.177109242929858,-0.0707564194310111,0.0329919512145837,0.152334861687345,0.0331768057484483,-0.333307763834021,0.184685033709504,0.378172524202463,-0.00663996173231325,0.0098731263851373,-0.160564245522759,0.0507906477197095,0.0147573513102408,0.0472334147045114,0.54629963625873,0.501493110422098,0.285845526558884,0.82513143956165,-0.517015314551895,0.154082227188903,-1.04481129056538,-0.246996514211976,-0.205405149097708,-0.34832376906146,-0.276276945854272,0.140122471404276,-0.668264095554768,-0.21837721441659,0.31385339783591,0.0726612805633551,0.26472534812821,0.370745317637652,-0.314198663319843,1.05332206763644,1.08185486645204,-0.121546847098699,0.0166362628959979,0.501055076393535,-0.269502038045068,-0.110544152648842,0.530933144825498,0.96442688402409,0.254147396259266,-0.170910539429884,0.829448293753326,0.254781788701008,0.0724251907744302,-0.789146271124129,0.353207906638347,0.3168177353991,-1.30786466309902,-1.3157741791785,-0.359416964359798,-0.56392153663368,0.989287130548968,-0.610433227169374,-0.0191781010198069,0.40900093599432
"304",9571,-1.5163451370113,0.609225280044752,-0.104423926931621,-0.466413590283863,-0.203691260362786,0.0502775274060849,0.0802633078284378,-0.537589130249196,-0.162808629086474,-0.302511818607271,0.0880374397686176,-0.269841179866454,0.0040053874599139,-0.56991350871629,0.0639882631471202,-0.480374124006076,-0.31655415286742,0.145851893103358,0.177327841792082,-0.0403878767023349,-1.41913783457876,-2.23710801055274,-3.05933920729426,-0.692223872964,-0.172205419655497,0.264444930268452,-0.188423187276841,-0.208991789437092,-0.133800986697227,-0.457265631096219,-0.270767939521173,-0.692368860966633,-0.283964902776691,0.859600242337766,-0.424817423735912,-0.592662689401497,-0.816179924611088,-0.860793523581976,-1.07445489487184,-0.631629924383411,-0.890030611572751,-0.216107115132345,-0.289352143941092,-0.645673639349876,0.102236224805019,-0.199497650483455,0.807189394295204,-0.941343919899369,-0.599520388081897,0.153284071596679,-0.725326760408209,0.271220353118575,1.05690088183506,0.0566844924334942,-4.01100060374084,-2.92522371747796,-1.01106198481424,-0.156855906614229,0.562482375487143,0.347248474006292,-0.991645758017621,0.739205549622967,-0.0303353177615511,-0.266831884048173
"305",9573,-0.555402498605761,-0.842737969150101,-0.125907322863805,0.0234905382518606,0.102350938404759,-0.318273037548155,-0.242769739147379,-0.233758127759574,-0.142549828810555,0.0257640791947135,-0.168826774776588,0.161771362172224,-0.471193344674091,-0.223854441109375,-0.157891578137121,-0.0568208237496567,-0.256956951403435,0.253392480294296,0.112673895474438,-0.151295654557715,-0.942337971682086,-1.19423224330701,-0.624681805519722,-0.861734304911704,-0.608436468125906,0.592519645851334,1.06790897340078,-0.0252028215010655,0.0900105705158832,-0.41761265971945,0.265283347747253,-0.0968506730510838,0.102692028835596,-0.56286813768798,-0.351184098167834,0.396169770289501,-0.600041354303085,-0.818349990814421,-0.504444262010854,-0.435528485258701,-0.538321182227541,-0.616748252532172,0.62861307657018,-0.204624133294716,0.254310968698237,-0.199497650483455,0.306065669386309,-0.272937728173891,-0.558384374219996,-0.0230865244188944,-0.357609393197291,0.320536046371276,0.10847848588801,0.351467325312188,-1.31130827723943,-1.00523300934434,-1.30786466309902,-0.28530249244696,-0.359416964359798,0.781155877669086,-0.71736459925952,0.693950609687732,-0.0780936479609677,-0.314100006466438
"306",9574,1.08047037109166,-0.238612798864289,-0.14647620229973,0.215346384048547,0.198003327996246,0.353276953099133,0.00133935402290857,0.102102498534323,0.154240145220913,0.155974830213188,0.147610951700515,-0.809848462037998,0.344653941438633,0.100064873445219,-0.0868801024775907,-0.133133645561079,-0.312805935767366,-0.354505814645422,-0.180707888761838,-0.0282249617054242,0.176765542970498,0.134849790696887,-0.195960885276063,0.421444620524755,-0.24246212711552,0.0871436032537553,-1.23916370389047,-0.312242382246269,-0.222225287841874,-0.661982056017414,-0.586896948167694,0.226249643755396,-0.116996187991689,-0.0708228038640036,0.198143886228931,-0.55798649567297,0.0301769405458501,0.159711337980628,-0.54414902826845,0.934587281810137,0.883036577927461,-0.356191679687979,-0.228154462573675,0.442248475586182,-0.0160441315563717,-0.110544152648842,0.681141877037838,0.495211145228443,0.615784712392838,0.435658850578311,0.731622978176527,0.452044561711811,0.933289584302784,-1.24830422393371,-1.16426621152584,-2.2888839399251,-1.20695175248219,-2.06636466674832,-0.359416964359798,-0.366690898605137,0.828795740708569,0.235277066518789,0.0365399508795128,-0.174208170367548
"307",9576,1.25000488264101,-0.601139690591738,-0.572462352669424,-0.754991158639887,-0.289808867219704,0.118185026995061,0.0143641809291144,0.017198081568747,-0.0476629563156873,0.300710440822768,0.0543911886541888,-0.193280928136532,0.487913947154665,0.506106529127862,-0.256900945343193,0.187664170873784,0.0597731433439138,0.21416817540396,-0.272284882689476,-0.303841945482046,0.788433122385945,0.868136430147311,1.11718689677537,0.374440825699738,-0.367745564986125,-0.295564304747647,-0.818201895260686,-0.61205985266451,-0.0416909219696409,-0.374526977975361,-0.61608965555834,0.83313430653567,0.0222741442241513,-0.0244855655329137,0.315022180781434,-0.574865642914357,0.073510865207075,0.799915382036314,0.0919006830176969,1.06916946113765,0.658622477443513,0.21632586472734,0.56741539520276,0.501055076393535,-0.607445913363329,2.11329329321652,0.734141162788564,1.3263349917303,2.08768964175386,-0.123272295970007,1.39286138420178,-0.600023561012472,-0.180683656553565,-1.38734912212129,1.72363995908895,1.78149636131818,4.28389779578614,-0.8781417590376,-0.359416964359798,-0.679772325818013,3.31305176728857,-0.507256781523518,-0.0457785384955508,-0.478886849275958
"308",9577,1.91004629083875,-1.19231747188728,-0.582804654980074,0.147390411059197,-0.245617209729612,-0.399551064157945,-0.160284536120485,0.212782960771575,-0.0339024153770184,0.42432604294745,0.531128466996725,0.507487944249644,0.326876072352117,0.654590857020155,-0.100848112369916,-0.0144167849705363,0.277406564473021,0.315075005135193,0.118825203907823,0.155564006512516,2.04425203748505,0.693544377500108,0.736473598086859,0.784338358385328,-0.291823951896358,-0.139661924617872,-0.652393124125034,-0.311987502833798,0.168367387535831,0.337348501237235,1.05626348752469,2.24431662756943,-1.82469828214321,0.837282058400856,0.525987502448704,0.54808209546198,0.829942755985289,0.581779297294676,2.06832453319663,0.616875197378574,0.603766929272845,0.515558634116453,1.3629852529792,0.236425372760441,-0.979184176213416,1.31271181270499,-1.39137361316238,1.5771546504409,1.16899309647455,-0.0745431003698283,1.11323532401335,-1.04386480028678,-1.64709625168349,1.37677392600784,-2.04651860580735,-1.60317297273452,-1.30786466309902,1.56700216890955,-0.359416964359798,-0.054462360637789,3.06361951844797,0.386814662935589,-0.495264703207155,-0.718611644448477
"309",9578,-0.584521972496838,-0.429327838690908,0.0572583046199881,-0.0362131503947118,-0.0209473219373472,-0.403416389791328,-0.0845217531568851,-0.26252521653889,-0.061284268275523,0.170090910378847,-0.348188416272372,0.172042126268525,-0.287141472929851,-0.436780809041486,-0.144304601187609,-0.389938424752121,-0.284653451797199,-0.138959489429377,-0.187527243976479,-0.227764859098343,-1.1180919206594,-0.34309596537348,0.0879008486581922,-1.04454280539073,0.112019842189272,1.10168934463764,1.20623708129455,0.25177577698135,0.0378265519543688,0.158943100640226,0.609353431136105,-0.263709497324275,-0.282786033356696,1.74392804793235,-1.07349195850231,0.943849653590073,-0.0631821765552478,-0.614587213982119,-0.53404211069043,-1.14512167345235,-1.09407263804385,-0.0111755997705094,-0.472945188043347,-0.792690141368261,0.389488518825541,-0.199497650483455,0.0122272399995073,-0.624716159859827,-0.568076118370831,-0.434193655956223,-0.773202055200375,0.501360254964513,-0.00409608865031286,0.603803404419911,0.453196511323584,0.591102122275333,0.128660299799293,0.583855848517927,-0.359416964359798,0.991748447210915,-0.735067899681923,0.688352003687443,-0.0471391746835681,-0.474237374540757
"310",9579,0.191997331265214,-0.316297132805885,-0.109044511955181,-0.209636253739591,-0.280221521822242,0.163694291143503,0.138313521153454,-0.124315250747608,0.491097844665377,-0.159753495979658,0.100013513025759,-0.4557056550897,0.258576969993665,0.00170706175110779,0.114017523296783,-0.407115781430269,-0.424279474993918,0.0701230865452187,-0.114236936865575,-0.101854671752886,-1.61740938773484,-0.34309596537348,-0.268390478430765,-0.110610369828054,0.230590819543685,0.19011751644841,-0.851783171845785,-0.00288764506851267,-0.03153022648111,-0.365403996039708,0.026818485923524,-0.222082495781979,-0.607304868188766,-0.3355205471358,-0.0864547610064142,-0.468083363991507,-0.273514567415172,-0.0509844461961716,-0.665331818320028,0.655548468575048,0.595897723781292,-0.848660546250954,-0.105759099838838,-0.145817532487363,-0.151221681683676,-0.377404646152684,0.338909825633844,0.0121810069141473,-0.35992242893135,0.00327815230508353,0.20061859772971,0.0575190156902056,0.399112191395447,-0.518545218036897,-1.95241168375066,1.00252870258968,-1.30786466309902,-0.269311575116687,0.000405009487686803,-0.0305103876591879,0.0526509601339983,-0.671149138324283,-0.0453703476391455,0.409101113902866
"311",9581,1.71591646489824,-0.333517160162939,-0.459045411459741,-0.0454998993287889,0.0614465108066504,0.346078642422351,-0.109146180089983,0.0776250988780033,-0.365845231672891,0.134395436963784,0.17621852152225,-0.588131288143946,-0.142776964282073,0.37880011072521,-0.216235759487628,-0.00378624568284547,-0.180696343336812,0.0078437018591475,-0.189911219310228,-0.0937271291328677,0.453149891097235,0.606248344629303,0.0879008486581922,0.412405388145705,-0.300452216647345,-0.117879760185116,-0.93301513720278,-0.631808062297476,-0.408354957309441,-0.597945603881921,-0.714808189415812,1.24425911911008,0.680909122129814,0.506212150880628,0.347163711783375,-0.419995642394446,0.29807547642147,0.590741477520499,0.248925129291286,1.18488761114519,0.672814094178587,0.0551777942965145,0.139031625630834,0.442248475586182,-0.404679588172372,0.778990825697304,0.867522446104423,1.17180192961668,1.68213852073041,0.271470553462784,1.28813967550497,0.0739575801077722,0.475633470820189,-1.32102040968649,-1.65832755232349,-2.74419602213965,-1.30786466309902,-1.83893672759304,-0.359416964359798,-0.536131562050198,1.31508003017799,-1.2630259165817,-0.028090268051322,2.24559344710649
"312",9582,0.754973826492701,-1.05636988748949,-0.248623245822714,0.392579837271095,-0.0379430370135784,-0.531575312157194,-0.106436067407805,-0.300443934540703,-0.218632791146111,-0.030859354105134,0.0925406877672117,0.418961724920821,0.26109556646465,0.498922192542902,-0.0412164387438663,-0.0934548750356599,-0.153532781006879,0.252650964556494,-0.183095665121735,-0.175895426070383,0.54629963625873,-0.553541753990912,0.32542840005083,0.895426441560195,-0.0325451797021528,-0.0795501040090689,-0.404835071211244,-0.0171531278758331,0.289653411992298,-0.163580753392211,0.323309715330247,2.37974061118367,-1.05374215775284,-0.453863302440726,0.174768227318431,0.84772520479849,0.863434498411394,0.334051108033828,1.03739352146847,0.464836752113185,0.614554170722946,-0.499426032559418,0.751008439305016,0.324635273971473,-0.489165557001938,0.334223336524233,-1.02715174054668,0.865535797616194,-0.325216198954375,0.0405523504320856,0.816364972638295,-0.0246738063976295,-1.66401922694088,1.21957816620889,-0.823128619070329,0.958643200689484,-1.20695175248219,1.35762106647407,-0.359416964359798,-0.465199606463717,2.1937174789541,0.318598240712536,-0.279944026453374,-0.127475728737499
"313",9583,0.589963474443265,-0.559347921062912,0.00691212379107429,-0.368471979059373,-0.195760866742372,-0.379898603754786,-0.12333297976603,0.229955653473773,-0.367943924095073,0.132275255660748,0.246395347019504,-0.0560660449777734,0.514718747923877,0.708409220913194,0.13587028052785,-0.0963604842314183,-0.103864315553049,0.302955820905715,-0.0442990972179433,0.187377351368242,0.29664090272101,0.449115493318499,0.455905802748037,0.709126153955428,-0.132265010618993,0.197578406542046,-0.911311764540907,-0.294971325389763,-0.154951552789913,-0.0651588351635873,0.125035299663932,0.466738875074765,0.450834236570286,-0.650488375660731,0.46696396369969,0.306215644205496,0.471977631598031,0.948890491073044,0.764872264399329,0.954175303726604,0.776515245993895,-0.108983162655955,0.0778339442634174,0.471651775989859,-0.962286982447503,0.334223336524233,-0.242269435364208,1.45583380381671,0.341709785324617,-0.18236553690306,1.01534604629575,-0.0739894996503299,-1.19238326433261,0.945836673764263,-2.83466407803216,1.18904208566552,-1.26037623457345,0.703187014125639,-0.359416964359798,-0.46804257061548,0.748269826019224,-0.376957143156302,-0.33770303263472,0.373418543060063
"314",9584,0.434659613690855,-0.555823829125806,-0.00349321922906767,-0.341158838676069,-0.209205993993173,-0.152121451566377,0.169990111575556,0.0721085846883605,0.188437704477959,0.284814109696224,-0.0584132503224554,0.541861477360694,0.175408490077657,0.586989063036179,0.15519036620715,-0.246413357984414,-0.0894056117667861,0.470153054185638,-0.23330979257773,-0.144137023162776,0.576254721446184,0.824488420259112,0.376238873966802,0.544258306672601,-0.293175910182535,0.412615797603289,-0.36494678620393,-0.165477305549956,0.0795377303376163,0.122139579387761,0.684491558048616,0.930221313680007,-0.282786033356696,-0.904358427356468,0.154898917244506,0.498668519398826,0.944543993018378,0.52817531367987,0.716128287535087,0.579790687713313,0.530960084185624,-0.0100026419509195,0.62861307657018,0.118812171145732,-0.489165557001938,0.86794432353192,0.0203357792494188,1.35010676005526,0.459968356911115,0.104918526709934,0.868647038372648,0.00820332243750442,-1.51907026495363,0.732917982355585,1.72363995908895,1.46332647254175,0.324550067467244,0.340499203589307,-0.359416964359798,-0.625542784623138,1.2686913516398,0.975840643282374,-0.232457823491562,0.404276305064305
"315",9585,-1.64252952387263,0.28795751136983,-0.110621267605922,0.00548523456712706,0.301137992960349,0.132542160921676,-0.00472804055173172,-0.35777259863863,0.254518002553564,-0.134418755455102,-0.259997690815467,-0.365468431462417,-0.296303217901488,-0.881634543901764,-0.195952400866756,-0.0684967941741609,-0.335118199289717,-0.39411404832458,0.33053205738158,-0.171704545133832,-1.78731026318142,-2.79829676710481,-1.17891275085162,-1.15344874211843,0.0269494572325281,-0.285373483462748,-0.157208810481647,0.0337286381985443,-0.201689075299703,-0.384313513456577,-0.394093646086238,-0.635656332601879,-2.21017634434128,3.68693832693172,-0.940250702712454,-0.79592637793372,-0.796920402539416,-1.38567290888278,-0.802522178050174,0.0287518781535701,-1.28197097075982,0.282392628842913,-0.350549825308511,-0.410447236120458,0.440180100123281,-0.555311641821914,0.313041192845088,-1.06745623251156,-0.665588596610906,0.37711108571541,-0.245210757210136,0.452044561711811,2.32465246307383,-0.664929387680573,1.18840683989151,-1.82808616997303,-1.15946332395663,-1.96840624717252,1.95207323166261,0.755142755680457,-1.36886712418435,1.70925260749932,0.493713710053417,0.166538490009468
"316",9586,0.824807010517161,-0.755602041245611,0.183894443678784,-0.266879458622989,-0.260764289600601,-0.0439895740823981,0.0171233470454753,-0.172590689374767,0.31888006388965,0.108745991485329,0.412433358386125,-0.105593998634515,0.35757367331524,0.466794227915618,0.127946585632605,-0.194368215618973,-0.192944618597045,0.246373971301494,-0.0268230457346021,-0.0465461911095474,0.4914656574568,-0.0921198790539186,-0.125733390724601,0.286811025077741,-0.331949875375565,0.298628330604798,-0.904413031171223,-0.29394644293879,0.00664162975617536,-0.487006012131312,-0.207598573421628,0.44854935355004,1.64460427762211,0.635639480285818,0.292230913343697,-0.156762536472889,0.140600560658946,0.378185618202484,-0.259289793068049,1.16352982954839,0.652329464950293,-0.407159458543673,0.32262466973309,0.148215471549408,-0.742623463490633,0.778990825697304,0.711003408490612,1.0859134106617,0.507116305676875,0.308926576946503,1.08208992755898,-0.123305192903031,-0.43599984848035,-0.855485228895588,1.57659789337537,1.00252870258968,-1.30786466309902,0.0191005606926761,-0.155648096484255,-0.412675843759899,0.653363051208968,-1.40159235756467,0.137771283268013,1.97969848462114
"317",9587,1.06558154799752,-0.959264470062495,-0.27701296458402,0.319074228159268,-0.0891701769282054,-0.100969238824236,-0.0146655334827908,-0.138396064696056,-0.0930190614996844,0.265787294040367,0.0819562347460093,0.132894139043918,0.401051398287361,0.505418511574101,-0.0773381864269854,-0.134238768975798,0.106534394649363,0.443649216443947,-0.274125347420115,0.114550145271897,0.504689847335777,0.737192387388307,0.142260411741556,0.65309731413074,0.283171134182235,-0.226256250664939,-0.239695976812553,-0.0223247478831464,0.239238596490594,0.0641915297118992,0.480499617282182,1.67577829855004,-1.82469828214321,0.78858086574284,0.463457614863115,0.218607260638423,0.368280682796662,-0.244094065401557,0.460100904904126,0.38783209511303,0.62610451973446,-0.526398303634713,0.62861307657018,0.501055076393535,-0.16811887544959,0.156316340855003,0.223763229221785,1.05825147562172,-0.257333435387149,0.330018318325685,0.98493266100834,-0.172620886155732,-1.03345445321969,0.528200799594181,1.52954443234702,1.64435416788006,2.94828574350465,0.953905766467616,-0.359416964359798,-0.364771897802697,1.16234389100624,3.0838290171864,-0.178440566827264,1.50967958519965
"318",9588,0.195232828234802,-0.4158575624679,-0.0992520951147503,-0.011255458937106,0.0444288363090594,-0.0887131615672831,0.0121792176373816,-0.47246568834672,0.286812618152255,0.228754679528766,0.245615939698305,0.0957042280609391,0.481354074964528,0.829272110410169,0.153475619661702,-0.0612978743239774,-0.157665006663798,-0.00640395993113735,-0.125774893813796,-0.289969984637072,0.447721497014651,0.41918543014341,-1.93108333817923,1.22963160904385,0.324188032197244,0.154821995083977,-0.253788420209873,-0.014861701187281,-0.039673990626985,0.0264261043887332,-0.21728270564063,1.75954681517469,-0.668264095554768,0.449254669400083,0.047370886256202,-0.132897156083253,-0.323645970454706,0.368039753795896,-0.562373510259009,0.266382337049845,0.79828418062824,-0.432620443751648,-0.350549825308511,0.207022072356764,-0.286399231810981,-0.288451148318072,0.296173556190215,0.564988939678834,-0.114946389103505,-0.282369483097457,0.205876481756215,0.18902753103074,-0.424963125486397,-0.0232032310947384,0.500249972351931,-0.0946088449152474,-0.963573556288677,0.117358462647493,-0.249621180048733,-0.72618371559554,0.349645574362224,-0.157468562111088,0.0859310445045506,0.406914410381074
"319",9589,0.117580897858597,-0.747833607851451,-0.37855052976428,0.0387297982781992,-0.148990060448641,0.0204304092627078,-0.178914946785205,-0.151306034581118,-0.040015795543093,0.242653759725468,0.12088605217368,-0.101498019056265,0.758790601515277,0.123614162256579,0.0573991412109585,0.148539263526924,-0.0394083705021247,0.175514010274935,-0.148052823173315,-0.0182515708045255,0.40906213133434,0.671720366008805,1.51306615701402,0.385128786476696,-0.129379305502349,-0.399961456309383,-1.00628893350568,-0.37115920664593,-0.000439185108910118,-0.664085990078281,-0.541560076028809,0.61189444785513,1.25912621542403,-1.26034268660988,0.468132746645214,-0.0155590358342235,0.499734001642499,0.523271479216686,-0.11639306875183,0.849699149870295,0.810137336767863,-0.472208751772209,-0.0445614184714189,0.501055076393535,-0.489165557001938,-0.0215906548142258,0.238736116600236,0.874432814336647,0.477608230412951,-0.157637288389536,0.880768231653233,-0.320567965913834,-0.0188117193089169,-1.01629721292781,1.42955582766179,-0.0452376552775256,-0.714259306529467,-0.851864511525941,-0.359416964359798,-0.426748516311125,1.79963357497609,-1.75741833424579,-0.0696577035952591,-0.0396524195120205
"320",9590,-0.924249167892735,-0.657201884919589,-0.19166689991151,0.0441849346358072,0.0998846549088625,-0.113859751512877,0.0188706930959136,-0.476747980787445,0.10305182087218,0.0120079074340292,-0.198917746013357,-0.268526973832281,-0.300007781545539,-0.27263774153931,-0.300162515311023,-0.303790221046394,-0.326127086224734,-0.234018873615269,0.176355983077487,-0.105690653865581,-1.78384854342666,-2.3618166289396,-2.84160561060009,-0.898877485253699,0.400360382092437,0.243365989789452,0.707641491045277,0.204275866190729,0.161602518389789,-0.0796027563196895,-0.0358627494140684,-0.758643998722087,-0.515527308677871,1.19216658604712,-0.492606834576364,-0.462219007699184,-1.07774122804033,-1.22993389024166,-0.631162050614294,-0.510461718996643,-1.13105374603089,-0.575593950279128,0.261426988365671,-0.410447236120458,0.288105356230063,0.245269838689616,0.28350685597831,-0.702933694193642,-0.548172514238745,-0.157637288389536,-0.4339475955809,0.386290304041544,1.2842573755105,-0.130710574758781,1.52954443234702,1.1396708960278,3.24508842178943,-1.34254099906202,-0.359416964359798,1.19416749481642,-1.13442211702209,1.06447274029237,0.152057963242204,0.352775859773054
"321",9591,-1.0989660112392,-0.37494880493179,-0.120733442700975,0.00381427590108404,-0.0230007221607255,-0.440617950986351,-0.0622574216180666,-0.282378889541782,0.399421702943076,0.0590180391787793,-0.34853970024071,0.214510558097666,-0.268726113241585,-0.22444545362524,-0.0277187235612421,-0.303330542246273,-0.256875971280827,-0.129451919996962,-0.31173058477654,-0.0764094487847935,-0.111263510340325,0.288241387384406,0.32542840005083,-0.490444451234154,-0.56332892155553,1.11139916863957,1.40917216380542,0.202033352095681,0.138558618826767,-0.0275027178247631,0.575711621920757,-0.522329522968756,1.25912621542403,-0.60958709360226,-1.01914355153539,1.54466570433935,0.00911183827992443,-0.579583981779389,-0.662664948985248,-0.713400865977203,-0.727203113132187,-0.269735186405007,-0.472945188043347,-0.292834034505749,0.321899743761889,-0.199497650483455,0.0429747590424991,-0.232952513736011,-0.76896297495038,-0.241822428549547,-0.39710442221596,0.287658917536142,-0.320482147810306,0.884085327331846,1.72363995908895,1.32618427910363,-1.15946332395663,0.293542714347172,0.796328133651406,0.443767106958638,-0.739552342098969,2.2043171149451,-0.330015438172421,-0.488633299940243
"322",9593,1.34706979561126,-0.729707263265079,0.0478967147312248,0.0717508211140863,-0.00454023233043946,0.0910170026984902,-0.162470791220325,-0.207664893734239,-0.335325906011281,0.288064128610845,0.210415555728328,-0.353760809522848,0.0379491627903371,0.345790919937566,0.0704815313230703,0.185628194567699,-0.0149820718610989,0.371345191169955,-0.167309750018229,0.0360611474325155,1.25366604794894,0.737192387388307,1.51306615701402,1.25164620111224,-0.258515791148336,-0.320171217084538,-1.24555840807585,-0.666850544589078,-0.155551135731539,0.0135912389401593,-0.0707465277034074,1.12295854401192,2.41556040201247,-1.21722449101909,0.30917826605381,0.0590967694871984,0.0336110832681894,0.989812144179609,0.895757311876254,0.674513052422305,0.606983572538032,-0.177862695852192,0.751008439305016,0.648071578411924,-0.607445913363329,0.601083830028074,0.14695487642058,0.866357570482739,0.999634791096562,0.384929576054244,0.874111512761974,-0.156182321738165,-1.07392243753085,-0.944466258255694,-2.68762201231858,1.46332647254175,1.46427235208078,0.33878169334674,-0.359416964359798,-0.594696623576512,1.16291603556095,-0.734586160349242,-0.29504708814037,0.270352342666853
"323",9594,1.41177973888563,-0.841054808581367,-0.432534127724245,-0.127562543450125,-0.367207851484634,-0.246197712071232,0.0335963335254555,-0.0924207329692223,-0.0500168398897767,0.286943233198514,0.485154472553543,0.0233717187340492,0.153093002713473,0.61023511115823,-0.0350505983773799,-0.161916059088639,0.103121404959509,0.514370231189755,0.066435203466263,0.0848945262346503,0.379860480566917,0.711003578836508,0.16673140434249,0.400292100908667,-0.551573481272678,-0.559315757391933,-1.12665535463301,-0.340619711262881,0.000655241019493173,0.560553456457289,0.383634080595835,1.22961067048599,-0.282786033356696,0.392933685956515,0.57157003732418,-0.0631368134058648,0.699693157268969,1.28336582101021,0.450795116275292,0.769014197171255,0.811600974550755,-0.614674700787513,0.383822351100507,0.501055076393535,-0.877801013617938,0.86794432353192,0.274786133090967,1.40878068000649,0.651102999451201,-0.0887254781937615,1.043991527814,-0.139743757320598,-1.10776838804564,-0.629364903626472,-1.55833894763825,0.3168177353991,-1.11197489543106,0.35587989043387,-0.359416964359798,-0.546579455307927,0.924128719628323,0.227101038695818,-0.356479812029363,0.991471539210803
"324",9595,-0.293327233586069,-0.633508163067403,0.0352855830111625,0.0747181109623035,0.10286245391505,0.141480134029513,0.0252794993059594,-0.0611476616632262,0.150643464870709,0.247563657554909,-0.0672394639739314,-0.020514052295931,0.377450261640722,0.224225003093468,-0.327790399045791,-0.437649271536519,-0.274906734332872,0.00536393385593064,-0.14267284622279,-0.366040744190195,1.3784954147178,0.632437153181102,1.51306615701402,0.11094483489009,0.150682489393526,0.0739018566975746,-0.296531689507183,-0.0483413374124923,-0.195801944306979,-0.504547245089207,-0.580975652376599,0.590209980469606,-1.63195925104706,1.78424565216044,-0.208008187341019,-0.0506431847830847,-0.817242030607687,-0.176285871617532,-0.891642995867388,0.269640303734103,0.457859251595382,-0.710724659281151,-0.411747506675928,0.295231973567796,-0.235707650513242,-0.288451148318072,0.747946642553141,0.40577044678581,0.0160106419678839,-0.0472692968622658,-0.0928338226960265,0.00820332243750442,0.211487900498241,-0.585351555912714,0.747280642750753,0.229046731598706,-1.26037623457345,-1.00663267304363,-0.359416964359798,-0.575364467344525,-1.42392775086111,0.76705543597875,0.108381541606834,0.404659426883074
"325",9596,-0.516576533417658,-0.616158661820446,-0.107961204118291,-0.0894373515607141,0.185720229856343,-0.096997116678456,-0.261531631655999,-0.607246806234199,-0.100471796482104,0.145156468330239,-0.0955719981622995,-0.372691575180777,-0.26274679041552,-0.608188607019949,-0.184440841097089,-0.469460421323771,-0.359171999135729,-0.420316478095512,0.0839423194875671,0.0628066380846583,-1.09633328703465,-1.35791229675576,0.721307660289481,-0.344722860387636,-0.390966899861086,0.0616951925901844,-0.104683477419392,0.211978679144204,-0.174028723838252,-0.704451636900796,-0.0141110382226167,0.493875591953563,1.25912621542403,-1.08186863704089,-0.60773195471058,-0.463850828580526,-0.482253799280234,-0.831708712283093,-0.96204959699579,0.225878973456658,-0.365876932581042,-0.419056826510222,-0.350549825308511,-0.028204330872654,0.440180100123281,-0.288451148318072,0.594873642596697,-0.191416534372555,-0.355539767300431,-0.141818482355151,-0.322121187941538,0.419167432876678,1.55134607196417,-0.440632983236079,0.159112379896415,0.821501007251367,-1.26037623457345,-1.70506348264451,-0.359416964359798,0.210146527787532,-1.16126576738952,2.07241812558247,-0.00672827989944663,0.237323199631642
"326",9597,-0.529518521684273,-0.954991831695708,-0.0025054839067487,0.139073447587717,0.0606438270575255,-0.595741223292846,-0.157085355314347,-0.0893298569853705,0.215432807642733,0.0276936127121676,-0.119824473817218,0.201153256039163,-0.107054908774136,-0.240871818111749,-0.192570923921223,-0.627078994214115,-0.35677204690678,0.237888495992694,-0.0882692637445052,-0.156994270029262,-0.102441422946219,-0.0048238592775205,0.32542840005083,-0.372542846794597,-0.752186693398087,1.07694909629829,0.451421045524634,0.0722141292850642,0.091434605454442,-0.115439459007944,0.780451700246017,0.372362114128603,-0.475525064458623,0.625510068668747,-0.318458175693135,1.18841880818128,-0.0265041161393795,-0.2275224868708,-0.110161882647309,-0.594344305663565,-0.435325180437333,-0.64021591620563,0.0166362628959979,0.0600055703383784,0.27120816246415,-0.466358143987301,0.171371404409142,-0.00278321189760901,-0.868785745514324,-0.207639261486734,-0.0789795249719338,0.0246418868550717,-0.60449381952137,0.503530641176474,-1.95241168375066,-2.15174174648699,-1.26037623457345,1.17585351437311,-0.359416964359798,0.392664826330702,-0.00433687752447545,1.59573449650051,-0.571936552401945,-0.780247945841623
"327",9598,0.648202422225419,-0.614087079582003,0.110817449673786,0.208720932136515,0.0360131279930584,0.288564775927466,-0.14045035744177,0.0790410380995005,0.537796026193249,-0.0679614442390778,0.0859016032065623,-0.639003106319299,0.11107863726545,0.135819188487233,-0.0794384764267535,-0.108305865422985,-0.365130597952096,0.0598330440129386,-0.0845552774235172,-0.0200558782575087,0.29664090272101,0.306947673595235,0.32542840005083,0.52940745382908,-0.183707143262288,-0.0856183736324862,-0.965057751761282,-0.204606294680196,-0.401829157395308,-0.823296962192113,-0.445005031610969,-0.0711345977759935,-0.324756278462907,0.250185861131126,0.168339921118044,-0.462320996504267,-0.450638444114788,0.340476822158003,0.100321740755118,0.997091975974797,0.585622020586445,-0.0812485082623307,0.0778339442634174,0.324635273971473,0.186722193634584,-0.110544152648842,-0.0583408963952165,0.872358500568676,0.34181729941146,0.381293068919903,0.653641120320269,0.106834708942906,0.978172257811528,-0.88109280695636,-0.576097948671507,-2.3327694418253,-1.30786466309902,-1.99512217977011,0.796328133651406,-0.626679970283843,0.0438895847536185,-1.24024540093405,0.300367307736113,0.394971918037061
"328",9599,0.619082948334342,-0.657201884919589,0.0288901252978692,0.225774622131839,0.186924116942961,0.171080126593839,-0.0305117688456761,0.0638659964317361,0.231003918881332,0.00869549059414152,0.198685346897509,-0.429780241480372,0.369899907769719,0.924315155203968,-0.168786562336863,-0.231210066398688,-0.245728426388121,0.12268681262366,0.304557287589328,0.000760411737046664,0.373084929868885,0.920514047250914,0.32542840005083,0.85483787453856,-0.00752068248071099,-0.0119783809807206,-0.48890076127928,0.00935663062705076,-0.0384112354383883,-0.613017750436136,-0.18453778744292,-1.78628420793815,0.102692028835596,1.32489411170159,0.0485396692017264,-0.278282197730361,0.241288209136615,0.296173214249232,-0.0147711492573595,0.591334347446425,0.974447372187942,-0.24738315456086,-0.166956781206255,0.442248475586182,0.152927806102758,0.156316340855003,0.441811207238258,0.952434964653022,-0.101764399699271,-0.0714520693056386,0.775766903022874,0.221904659865874,0.672822921645487,-0.75535911781195,0.894322708464337,-2.78808152403985,-1.20695175248219,-1.26818081578628,-0.359416964359798,-0.644022051609596,0.509191685047332,-0.478968366694928,0.257983490479372,-0.0770103594422931
"329",9600,-0.0506649511604275,-0.51219112822861,-0.0777431266646892,-0.125207399086316,0.135319643560627,0.244814662726278,-0.248904119616196,0.0535877397491088,0.770144703126734,-0.256792540619822,0.0681720980570726,-0.625908580358993,-0.354030984466454,-0.261415851384265,-0.410003918381089,0.0964949846575572,-0.310842056027374,-0.214014439249308,0.169958458424599,0.00117694997944217,-2.03350727696438,-2.29322688227962,-2.90494629888905,-0.312435145240736,-0.0384760096367915,-0.521304132273627,-0.584971026928468,-0.0237192130870181,-0.311431179742338,-0.611250954329466,-0.343959060912997,-0.172533282540361,-0.1425036237753,0.232033972268875,-0.459296520628902,-0.773947790438139,-1.52120588515385,-1.55105049871016,-0.694172044275762,0.823575083679853,0.179774372577937,-0.104111631412601,0.261426988365671,0.236425372760441,0.642946425314237,-0.0215906548142258,-0.592438953990503,-0.310129577585573,-0.179760049492274,0.387475131048284,-0.122847750935512,0.550675948217213,1.69850237855021,-0.498893407316144,-3.56987440660009,-3.52316368086815,-1.26037623457345,-2.13190775477443,-0.359416964359798,-0.0675399957358977,-1.25497832877163,1.15436520994031,0.410238679918538,-0.335456144640598
"330",9601,0.104638909591983,-0.402526743481057,-0.00192712515543107,-0.0149764777923713,-0.0721261215237543,0.0997386556095581,0.0342205813724082,-0.300476328998351,0.0529426521179262,0.340621812566506,0.0956015856706687,-0.121629492545137,0.399116840536823,0.737045363695937,0.0530757265125757,-0.276406384668669,-0.228243782064897,0.00985983416890805,0.317583450486252,0.0484899639435075,0.252539930331377,0.344360259111294,-0.941385199458986,0.247716205380041,0.133061161814899,-0.0245396200872686,-0.986215461896739,0.0324187833934334,-0.149919805472171,0.0465828956256516,-0.461158804126151,0.421740249814856,-1.82469828214321,-2.15899243688451,0.3904086807678,-0.155640659616965,0.687231113575498,-0.124880158624154,-0.162856219250586,1.02834432305713,0.805508293541738,-0.455191570818957,-0.228154462573675,0.412845175182505,-0.725726269724721,-0.0215906548142258,0.557644440470603,0.844189584687644,0.380739437430603,-0.0221773976353085,0.679653616241653,-0.156182321738165,0.200451177504288,-1.0462697175859,0.988429630521031,-2.56316832680134,-1.20695175248219,-1.05853980750723,-0.359416964359798,-0.427032812726302,0.81953970279968,-0.408671476263539,0.325947268070843,0.663942337794743
"331",9602,0.039928967482392,0.140357276880797,-0.0294885996810344,0.0153755987356878,0.274683196939952,-0.200079113325709,-0.258436320295474,-0.234027081380742,0.136628844648032,0.0355032809668276,0.0624931116871428,-0.134226205886068,-0.221422182700035,-0.277357987711962,-0.221591538117881,-0.263319364142982,-0.308578591419746,-0.145557546638953,-0.0352782921987737,-0.167721078894189,-0.0362374086626164,0.126120183481484,0.0879008486581922,-0.369076581716761,0.197431931524983,-0.192160753322815,-0.654192215993787,0.015319674853124,-0.330784419301449,-0.0311064775354925,0.107957229252472,-0.22400101452904,1.64460427762211,-1.64016834376272,-0.249499981907157,0.278984633248096,-0.333346538556946,-0.739043150702926,-0.850837605862887,-0.374572330814336,-0.0353925609895891,-0.947449064152895,-0.778933594880437,-0.17522083289104,0.592254844016498,-0.377404646152684,0.428376297352859,-0.53747900559563,-0.609064232511114,0.00436910444538608,-0.188884617730459,0.13971183777804,0.964192408685854,-0.521579569749254,1.23546030091985,-0.138494346815445,-1.15946332395663,-1.05206818316359,-0.359416964359798,-0.227172432857378,-0.847838635108958,-1.06969776696863,0.521402656479567,0.37864503437568
"332",9606,-1.29309583717971,1.24595649287638,-0.0754592209201112,-0.00829395576477421,-0.0408167560245497,-0.137242145720174,-0.0317064126810506,-0.548533007166583,-0.295356904253818,-0.070542419409989,0.295309641772048,-0.14416351438038,-0.194344449699446,-0.654233456187463,0.0287323386523621,-0.199530504276059,-0.390561771525775,0.0315869249870084,0.424538316526288,-0.216906930862285,-2.33864572934343,-3.32207293814083,-3.83130374932034,-0.671540843530276,0.207232828260438,0.735598065565999,0.713861689520101,-0.0502678929295063,-0.129387895171731,-0.216234870695391,-0.182702957317424,-0.769071799027174,-0.20108711940425,0.428987155959676,-0.72110390042651,0.0761798943387507,-0.649216861945642,-0.43974015070859,-0.631815814918659,-0.7739548023124,-1.31588158926889,-0.0131652566298498,0.261426988365671,-0.880900042579294,0.254310968698237,-0.64426513965653,0.532153380025701,-1.33680223032237,-0.97026555749077,0.136737964135424,-0.545175797911068,0.336974610788843,1.02011180518855,0.329158444050888,-0.503216922240739,-0.650779541061601,-0.509980056445828,-0.10197764893889,0.0722538297473869,1.04391683939576,-1.30463108234821,5.83213720637952,0.0423906864879883,0.176495648351645
"333",9609,-0.904836185298684,0.315650730913777,-0.0323269583256417,-0.177724673094514,0.382257354797807,-0.143722030028249,-0.0920688606154596,-0.511182099132507,-0.0939590840662832,-0.038945169564681,-0.218080124915385,-0.051010839878596,-0.0608138415114991,-0.357424363155087,-0.245077001892764,-0.154901309868555,-0.300525646734833,-0.167374700097657,-0.202281823940348,-0.145916541991451,-1.57579959881189,0.194709930141464,0.32542840005083,-0.951561691229983,-0.814164873020641,0.528540093496879,0.115799615884177,-0.054404577371869,-0.245707098519098,-0.555205176490033,-0.0685305056967263,-0.194484466904138,0.199982408646139,-0.209650280022613,-0.611822695019918,-0.369256211865204,0.0154136671931172,-0.505180976131084,-1.16120355525902,-0.306215363161287,-0.644289397673283,-0.233047207025596,0.0166362628959979,-0.116414232083686,0.406385712591455,-0.466358143987301,0.718323107569682,-0.822929100710501,-0.885244942329733,-0.45001246199061,-0.628898074105102,0.106834708942906,1.13121481666101,-0.52036448411012,0.534379828483618,-0.0385507738301509,-0.968326403962775,-1.56308738362475,-0.359416964359798,0.00516881244543522,-0.607617161129976,1.48176757999447,0.21525951417562,0.0654240136890953
"334",9610,-0.186555829318787,0.388371719082766,0.0266548963957764,-0.264413429819808,0.0285207953241559,0.165110026574111,-0.0551658215321155,-0.188794113153609,-0.0451385379442292,-0.253464009293275,-0.0644058958196354,-0.162005460737976,-0.554013294961817,-0.706975931382471,-0.331389332494735,-0.331715896005062,-0.361451880384087,-0.45987096931288,-0.171849315085892,-0.209775969294198,-0.614096785675316,-0.534835454685679,-2.36655050781481,-0.492897085752132,0.10987499143133,0.0150878398461246,0.0870761530894384,-0.0512625031013371,-0.284760494444263,-0.0398728479935982,-0.247005418129664,-0.2472437354449,0.19413599136962,-0.161740358113184,-0.735713687245572,-0.318108826115625,-0.302014411657259,-0.904082545050085,-1.14069741549566,-0.146454330199878,-0.492025710180525,-0.117976929949946,-0.71773591351302,-0.204624133294716,0.778123975441542,-0.64426513965653,0.696595473159814,-0.87672540106676,-0.47114199426604,-0.314188920522947,-0.546779507678931,0.632868770305047,1.40639710997691,-0.493494416855269,0.0580454639621601,-0.718823083358631,-1.07522810522724,-1.2296526322898,-0.359416964359798,0.168070658341443,-0.50134449689725,0.406754335396733,0.25777939505117,0.229426292786143
"335",9611,-0.24479477710094,0.408939973601175,-0.0359138919985168,-0.185564522748058,0.0752808585721759,0.0421697413455994,-0.159992394265766,-0.318707672742425,-0.158115876161425,-0.22044825165191,-0.116347544427352,-0.286205889783044,-0.370589016826531,-0.457408350141422,-0.309768396655363,-0.13392791039845,-0.24388339379219,0.0961381424715265,-0.020046134934183,-0.215179061108223,-0.95165276496759,-0.812312114228443,0.0879008486581922,-0.42356539783839,-0.700495043416717,0.408839919548218,-0.132007351266502,-0.0255264762673497,-0.0644163606569191,-0.641637120391051,-0.189806506755325,-0.160844463771498,0.192559522375263,-0.194007109697172,-0.423648640790388,-0.370021127903333,-0.312175225691395,0.0612964532367285,-1.15837623863031,0.0725333193364735,-0.39432862314118,-0.634005862353376,-0.411747506675928,-0.292834034505749,0.389488518825541,-0.288451148318072,0.712718063200425,-1.0332532505419,-0.771102701899183,-0.0756340525101309,-0.534603664753141,0.156150402195606,0.976700694745667,-0.467177767658443,0.272763744770083,-0.295540529252873,-1.1000786434245,-1.13284242363333,-0.359416964359798,0.600130135305592,-0.658968499203568,0.487144216738285,0.10600042827781,0.18008347318049
"336",9612,-0.108903898942581,-0.0663221726881581,-0.049040570768028,0.0476607346054186,0.140151379815287,-0.0370301864027744,-0.16717505349758,-0.506189396269167,0.00915211110895163,0.0517896528818722,-0.174233223265576,-0.0490264052267677,-0.142733248320753,0.121186376686853,-0.0278007439023229,-0.0150300726601983,-0.0128966171241432,-0.00502024946326312,0.00544408569795554,-0.390160466675358,-0.0362374086626164,0.278888237731791,-0.0902448148862864,-0.00646043938096165,0.42006568333444,1.16542691683948,0.472243031475817,0.0492188245621734,-0.0676273497602395,-0.152081806705036,0.0333346340541054,-0.0847775779940617,-0.225509653113362,-0.0986800249386198,-0.611238303547155,-0.0288175804951292,-0.438282611020978,-0.645532100422211,-0.897831099120029,-0.495740536201105,-0.200295191219327,-0.216913605434099,-0.71773591351302,-0.557463738138843,0.288105356230063,-0.555311641821914,0.100747687243751,-0.822717030293329,-0.59564220913245,-0.599836555925487,-0.647832338176687,0.00820332243750442,0.017977357337594,-0.0252258695104421,0.494303617054917,0.286492840441166,-0.900260962683881,0.177088648990753,-0.359416964359798,0.0677140237842166,-0.85298628933595,1.0985085361892,0.129947625186918,-1.455662241422
"337",9615,0.454072596284906,-0.245204671845274,0.088208328603915,-0.0621650992402286,-0.0233149981647143,0.313066880888644,0.0346980455635318,-0.0702752103070703,0.159310487037099,0.152980948747992,0.0794921542828975,-0.44408977411945,0.46911322008545,0.0299275964682889,0.0497432427150653,-0.137524511549671,-0.355504453485553,-0.191048021113694,0.180992010334832,-0.154548967372824,0.130201747029197,0.213416216352289,-0.109606095370954,0.67466134365972,-0.477319128132636,0.261889817391535,-0.847810288029271,-0.166980165501338,-0.242237483299481,0.00762277665296255,0.118653981780228,-0.0384227634123038,0.0553268911911201,-0.183825156251923,-0.255928288107544,-0.365380637272015,0.092274737813668,0.313421183740433,-0.311136918463567,0.449773683924855,0.938036179974608,0.0709339343446386,-0.595340550778184,0.236425372760441,0.288105356230063,-0.377404646152684,0.444029892323218,0.268004202029923,-0.176264930942445,-0.104362458871431,0.45900775677767,-0.238375143825999,0.234297128019078,-0.995129857334244,0.156898492842518,0.0784431264240378,-0.883708601743109,-1.1463188349638,-0.359416964359798,-0.561078572481917,-0.308398718539129,-0.168066830569032,-0.300421601083046,0.289608360554401
"338",9616,1.41501523469044,-0.619959802199865,-0.0900180624718728,0.0571049294507527,-0.142457379028349,-0.227864203182614,-0.000675446081073513,-0.298256640209487,0.306832841135042,0.104279928550242,0.215951337343483,0.160259965685497,0.177038745334469,0.276909534728704,0.153819095873627,-0.0693803467862097,-0.0948033562927816,0.186446593029646,-0.123979248255326,0.0848225297871528,1.4617149925637,0.562600334741103,1.15677482992506,1.17227010921398,-0.0881287696326238,-0.16443575387637,-0.828883947867907,-0.278940982499322,-0.0691565104680542,0.171907395955481,-0.30456613349039,0.349477237689114,0.455737523493247,0.0759861029388988,0.610724265999268,-0.051357106418674,0.300199688414669,0.626590198423776,0.20075660082164,0.61355689797794,0.815715959628742,-0.45430236356319,0.445020032467924,0.265828673164117,-0.573651525831503,-0.199497650483455,0.217737791069771,1.20090528077338,0.480270799343143,0.00418727908866942,0.717667468329249,-0.189059450573299,-0.702352763401089,-0.0285032533019919,0.147574174975981,0.518563204791482,0.157417242538921,0.189299948438418,-0.251932670244756,-0.365056194217873,0.854779014206229,-0.576884660578041,-0.283413648732826,0.433109991340972
"339",9619,0.337594700720598,-0.39020965817203,-0.0412816652819625,-0.0162512480064589,-0.213070276413249,-0.376146957378961,0.0733428393943854,-0.271198173637685,-0.0365693347547333,-0.336692848178021,0.100214315435365,-0.117819415539377,0.196614870622999,0.179143831229864,0.454153332025281,-0.332859331867652,-0.252733581132484,0.28064408143521,-0.138812773418851,-0.049020465590378,0.241161181383086,0.213416216352289,1.51306615701402,0.36481006482591,0.715360850949015,0.965238218082674,-0.412254664265234,-0.0146358250710632,-0.0727460149922574,0.052864101950852,0.553563963463493,0.218641327313372,-0.370225307133879,0.0949898637398857,-0.233137020669807,0.0622584224447993,-0.138025245782293,-0.156332338284574,-0.20353259897485,-0.333324863719189,0.725516813862852,-0.482634490892148,-0.350549825308511,0.324635273971473,0.169824999868672,-0.555311641821914,-0.00984811148062642,-0.0541307616555756,-0.192252310637605,-0.198547993650881,0.209613978343874,-0.00823524198006215,-0.555932238347976,0.441890304975022,-0.194364653076758,0.0136414424350478,-0.5622968508249,0.0846104208570944,0.796328133651406,0.181503663958522,0.62054823115077,-0.0424476303731217,-0.402673410612559,-1.04313266546521
"340",9622,0.285826747265881,-0.466852818390416,0.0978622212778584,0.0936934820181609,-0.279958646024302,-0.158721914495423,0.156796680195448,-0.315428999176309,0.482867518623309,-0.00666281658543259,-0.00674522751881498,-0.166971711807807,0.573616061552807,0.211979490303971,0.0415677582820844,-0.539384741310497,-0.340077572902099,0.100450945948988,-0.0616172739034252,-0.119001392840912,-1.07648213173645,-0.153227103372925,-0.149626702734446,1.07917087959534,0.749379889718137,0.325738009091709,0.0541982142413097,-0.0363190372430825,-0.161214949810662,0.210705089714116,-0.00327056231242518,0.0726948173511514,-0.24250009932546,0.335599375179699,-0.094636241625089,-0.277772253704941,-0.127758221148534,-0.138407977832936,-1.03122544430491,0.00789686919322513,0.656132823275079,-0.164432053967239,-0.472945188043347,0.207022072356764,-0.11742729415185,-0.466358143987301,0.785644097446864,0.231846195901959,-0.749234423486113,-0.394010252121747,-0.214964261646432,0.156150402195606,-0.46763845439635,0.173573109731166,0.592472435213479,0.776287029815287,-0.0784367451305084,0.175982949628066,-0.249621180048733,-0.556458755735302,-0.27043523084112,0.403529587780398,-0.135036272429503,-0.00508182445418444
"341",9625,1.0558750567005,-0.129685217137325,-0.2155089980224,-0.00172043543032747,-0.0210082160033591,-0.268038931166626,0.135193599202374,-0.335676743085883,-0.0766455174134504,0.0832858212575134,-0.0661776329727041,-0.0754755696842617,0.4089455980287,-0.310092282808303,0.00496707253915021,-0.235362305461942,-0.0796638174629941,0.307324500220321,0.079848833941689,-0.102884585424951,0.0469821691832903,0.802664408767809,0.00872500611156631,0.560751405395614,-0.338948002267326,1.05591657650163,0.455686248551732,0.0575337078020695,-0.0659127743074058,0.43223109865832,0.132108185143743,-0.0505857589485673,0.0654023801817933,-0.261389089810836,-0.160672478047255,-0.150745196972938,0.147468846103657,0.442104563963987,-0.635725595231517,-0.0527576216692633,0.635935881817599,-0.119681527432912,-0.71773591351302,-0.204624133294716,0.119133418570932,-0.466358143987301,0.112406662235343,-0.486900211099915,-0.420850721052177,0.177648669396769,-0.0751817422285741,-0.041112370815196,0.0569737785828956,0.254177130634987,0.367553242961401,0.0104649749069351,-0.613845961604585,-0.60589368369502,-0.359416964359798,-0.257450001073652,-1.30982808153806,1.20416442006864,-0.305319891359902,-0.162840819700779
"342",9626,-0.15743635542771,0.478219170881446,0.0606063706196633,-0.0540088676762517,0.154849763044733,0.0177911821109265,0.13278276702566,-0.305155226783145,-0.115675050548984,-0.19379021337439,0.148637186005098,-0.168272077839824,-0.125954590462738,-0.344339070751696,0.129150435571406,-0.498707545176503,-0.326190417729279,-0.00535199676450904,-0.155801894983587,0.0114601475806458,0.42147026948987,0.431656291982099,-0.342079230650608,-0.364025740107258,0.508629251219197,0.727497162660513,0.0991019882495376,0.0641000171850983,-0.214868334235646,0.242811977831166,0.0824997997926497,-0.225276670656369,0.0128498158349846,0.0419958999582622,-0.605394388819531,-0.381086913254936,-0.533057869450875,-0.313593236586683,-0.796645378033399,-0.362163902146513,-0.493029467512264,-0.461745842375463,-0.656538232145601,-0.204624133294716,0.473974487655107,-0.555311641821914,0.622091181735911,-0.816311840974656,-1.07185464469584,-0.258732186724236,-0.768916346700934,0.452044561711811,0.677237610843069,-0.39155325657945,0.356118771847726,-0.37844887420109,-0.996532988674866,-0.520950718765456,-0.359416964359798,0.241561281664511,-0.712966024311967,0.475172410999971,0.164643847981367,0.0757715675186608
"343",9629,0.0140449909491632,-0.281583777917852,0.0554251240449676,0.0663382655289699,0.0705309326455439,-0.267271063160901,0.0151218142340411,-0.213872295418928,0.0818408120476099,0.0280678447260541,0.0597001118723869,-0.0112837912775457,0.333319966123494,-0.109418115241332,0.159979143036047,-0.542036634195042,-0.422487779011512,0.226972952759468,-0.0384188173507081,-0.21145667707614,-0.45233529789215,0.344360259111294,0.919247278532426,1.24927500721263,1.00408836695127,0.244508728714304,0.986980842859627,0.0141740239364501,-0.193280345104566,0.242197911716418,0.334620597465153,-0.0638176828006764,-0.44877522317117,0.549359947202901,-0.234890195088095,-0.120811482680811,0.117800685265311,0.270132162272325,-0.767284448735402,-0.668573657710464,0.296434073544224,-0.845859556483375,-0.595340550778184,-0.0576076312763306,0.0177502559754544,-0.377404646152684,0.44755825662717,0.00296588456793528,-0.577918283329804,-0.1923659315225,-0.192780671808946,0.0903961445253395,-0.150516613703426,0.225186550791738,0.724283380373196,0.68647870672661,0.12666390564686,0.14399896099425,-0.180276474168061,-0.589721436310927,-1.45062625388728,-0.216691414058331,0.080284404324271,-0.176313235305838
"344",9630,0.201703822562239,-0.520027075386722,0.0925481375593077,0.0288189718296864,0.0239428449784163,-0.19273628784555,0.230383719285432,-0.109236063733806,0.0608157089546583,0.00176701220298857,0.307290898522571,-0.0478160394592508,0.207394283876043,-0.0175229884543895,0.0465056550185523,-0.420522927547991,-0.184678742639829,0.099861503037126,-0.220142873968676,-0.197357817298619,0.29664090272101,0.671720366008805,0.32542840005083,1.97702488700412,0.606071542778915,-0.341016078803651,-0.0272073710104563,-0.00494519809753909,-0.157985993353483,0.310073950652702,0.690990037449413,-0.152570882634617,0.0384385466552376,0.212304852897079,0.215091238939044,0.209275284973248,0.0493656555510468,0.705051549834718,-0.635074125734045,-0.578738243027859,0.521066144762556,0.404297525126215,-0.228154462573675,0.177618771953087,0.0177502559754544,-0.288451148318072,0.67183520160326,0.387648366918339,-0.293040078333082,-0.0159953355069278,0.038587546070873,0.00820332243750442,-0.60302225645551,0.562157194073614,0.540960478422118,0.847858497151693,0.373728537604492,0.202136305011006,-0.232285003578565,-0.890507043567429,-0.293795635573666,0.200450420659611,-0.408047923555229,-0.0890024024060035
"345",9631,2.55067471644244,-0.0728185975443851,-0.0411202912437807,-0.136852577121927,-0.25718180869747,0.0622793360266835,0.26139941268452,-0.289274919872097,-0.0120433811201375,0.0277522918722364,-0.0606349718489623,-0.0692007791949515,-0.0661139265901382,-0.0709953937938215,0.11399971242083,-0.280731471354956,-0.294341022138139,-0.160542432382029,-0.0548449198006373,-0.0705168056475705,-1.15970170958236,0.0606481621019817,-0.387154254127084,0.291404956481556,0.306527901845406,0.0578798075714213,0.291494091232164,0.102409218967004,-0.145515490216649,0.0165317639473751,-0.274856462159624,-0.229181897056689,-0.345349317539022,0.360255357986098,-0.19222961757643,0.0415037006102241,-0.450461426448687,-0.323570003253162,-1.16009397931089,-0.274601019780706,0.594471884391644,-0.630164890122693,-0.350549825308511,-0.322237334909425,0.406385712591455,-0.64426513965653,0.743540302011733,-0.500035322563556,-0.268583862388373,-0.138363800577526,-0.328820793325671,0.205466095448308,0.335834979563448,0.285988766883439,0.386288286922075,0.197945892565335,-0.261472667481683,0.126236380764198,-0.0993743173072766,-0.0963960818762903,-0.46911268872342,0.504213529178881,-0.567786612028492,0.0308468063631087
"346",9632,0.62231844530393,-0.548907141067303,0.129875718494014,0.166547225489509,-0.401228263084283,-0.233784301032985,0.162048641282942,-0.0901492674424695,0.384219609132323,0.049394467259175,0.151532844764643,0.0498558559501781,0.272861305786404,0.546878642439356,0.148622102215628,-0.237704713890275,-0.14516459123139,0.164336815538824,0.117450770585956,-0.177364655835526,0.242048064147833,0.587542058418477,0.32542840005083,1.18320269986398,0.616848100455894,-0.261149788673691,-0.600849274957692,-0.0356411047017546,-0.161750972751706,0.306800018339795,0.31837761455743,0.109183717372176,0.245837633862519,0.129301295228515,0.130938866861242,-0.256405599039863,0.142052105521,-0.185586247323573,-0.483420197421427,0.0599237816140662,0.901273042721945,-0.486445229552634,-0.289352143941092,0.0306022699347018,-0.370885200640546,-0.64426513965653,0.728304747517984,0.70849434009946,-0.492810925904828,-0.168364984435845,0.315726924869586,-0.386322223584101,-0.582420373533463,0.488995677849052,0.644791490989947,0.526205601179298,0.00967344704819722,0.19732718507612,-0.226506278088509,-0.770320734051657,-0.103349942478662,0.61126133977518,-0.22558661074208,0.305325622575023
"347",9634,0.919984178542137,-0.560015726566151,0.0406439669820745,-0.105777255463136,-0.127480198793229,-0.0391177579897984,0.148887414177272,-0.0899654334944668,0.0709836204124827,0.147278222075622,0.199934449736014,-0.116902807058964,0.186383551892518,0.378315958972282,0.228981723632745,-0.128993212107845,-0.219584042410525,0.198033158570822,-0.0153756285492717,-0.00458958972137803,0.92078773656531,0.501493110422098,0.32542840005083,1.00338898072397,-0.0401127736614782,0.389330393201963,-0.699763895107401,-0.281732159733209,-0.216172865378773,-0.210544459847832,0.0484841939208552,0.423747332624767,-0.00127946082433964,0.137683417915851,0.28580260714331,0.216006546108784,0.587959606426698,0.338616747016794,-0.335670585449639,0.824781738007356,0.820696107929903,-0.300601436619829,0.0166362628959979,0.148215471549408,-0.472268363236024,-0.199497650483455,0.482233976800341,1.09630817470343,-0.220249965573463,-0.120544915619251,0.424166279834471,-0.123305192903031,-0.422755780887606,-0.132741967219205,0.20140176880067,0.380886791108943,-0.106583439133545,0.121997246885721,-0.196071657174218,-0.44430381994826,0.57027260565561,-0.426308159101566,-0.240349513382063,-0.82541842928746
"348",9635,0.402304642830189,-0.507697972228121,0.0354871860550784,0.299442180140203,-0.0117023475227151,-0.361857018353032,-0.144002333550327,-0.416615899134546,0.0838817623792708,0.172518991007802,-0.0328430680021555,0.169161378950244,0.11792499276967,0.0816551275960063,-0.0800777355188471,-0.32700600040021,-0.26862652430517,0.113217499011955,0.050027817319779,-0.214419732928113,-0.308008442695262,-0.812312114228443,-1.099736908305,0.410398858353911,-0.00421527009334236,1.30902386545262,1.251788386645,0.295194918597459,0.124168831340015,0.372387849764764,0.740802969856747,-0.375203617455589,-0.197622915760679,0.213519486979531,-0.465140435356526,1.07628211699152,0.43891073157053,-0.408626166528388,-0.276250206656367,-0.828234136144578,0.130055626049324,-0.598523430226392,-0.350549825308511,-0.0576076312763306,0.355694131293715,-0.555311641821914,0.0914397960875401,-0.199564677432367,-0.886632987429367,-0.400374139606845,-0.273954510063493,0.106834708942906,-0.973120367519409,0.970085241107934,0.362639791573486,0.259192723049419,-0.0994207832254971,0.934775984283099,-0.359416964359798,0.0307554898113002,-0.298953660188305,0.619683518686534,-0.20680983134743,-0.1613425607816
"349",9636,2.58950068163055,-0.297379804226592,-0.259071018866299,0.106213720476383,-0.00698942685428483,0.0228885257999862,-0.0756002904260612,-0.395102454667647,0.0059861630400776,0.214878063560316,0.10956532369501,-0.191447318178248,0.529276089828502,0.389527141207195,0.454584118218495,-0.0931072857027132,-0.078166609516891,-0.0214524788548668,0.019966807600264,-0.0270713132808555,-1.1180919206594,0.422926684766696,0.0189332292777777,0.854924814076868,-0.0297702733962716,0.0233151650354279,-0.211064638859943,-0.172413622193577,-0.318710133680766,-0.175950226100327,-0.180731422210634,0.00855547714656165,0.0124336959066433,-0.394162125981689,0.540012897795005,-0.120301538655392,0.0744313570708301,0.432804188257946,-0.516052576429182,0.577055604570972,0.506410867737004,-0.239984960663266,-0.656538232145601,-0.028204330872654,0.254310968698237,-0.288451148318072,0.697748053106443,0.584423205252561,0.0204563428244104,-0.13054531023869,0.512575682101256,-0.189059450573299,-0.143158798374123,-0.893186424562191,0.22560850806351,-0.0704548927547378,-0.903301337711961,-0.932675601773109,-0.359416964359798,-0.304003539058767,0.129126344386875,-0.0256586532233112,-0.295251183568573,0.510504894231831
"350",9637,0.318181718126547,0.677182304104017,-0.207091046765927,-0.241885885495925,-0.180131441464754,-0.0139852340781993,0.275592740381148,-0.486557375469038,0.12397313698048,0.046771976684906,0.181261160458297,-0.121323473154403,-0.427595501312454,-0.308688300267006,-0.0153090893678192,0.192079051808366,-0.174506349869729,0.089147547586454,0.104796577535149,0.0848729406355276,-1.51338491542746,-0.921432158590551,-2.00234160359703,-0.618336533437511,0.0241858952864142,0.42095275461684,-0.745715589194766,-0.0959934586142039,-0.124448163785768,0.00401462349556323,0.314062124105953,-0.392782191859413,-0.258628463328649,-0.230445322104233,-0.0455473579130378,-0.583891652164281,-0.271744390754174,-0.582965936581589,-0.794789918259971,0.265256126344175,-0.0583013271713563,-0.183992519494277,-0.228154462573675,-0.263430734102072,0.372591325059629,-0.466358143987301,0.461105649490462,-1.17421380595646,-0.705308169977635,-0.396737632472504,-0.360204393614754,0.402728868459111,0.639712752663627,-0.642508706499557,0.0571260182071917,-0.60504308983553,-0.815184009125902,-0.387891673815611,-0.359416964359798,0.180935071128169,-0.326466002890821,0.1214285063392,-0.474378937721086,0.574344501428792
"351",9638,0.518782538394497,-0.507068408039485,0.0559561545542451,0.394615871252677,0.216153376349938,-0.52173543006376,-0.155294781116103,-0.337249722056938,-0.171219328445773,0.0982586630901255,-0.156246025310095,0.250781241601961,0.184961903239435,0.156747028808437,-0.0511508907466223,-0.119713185828788,-0.200200698496278,-0.0602824817152194,-0.130238845463568,-0.198184323979182,0.837568158719404,0.0824721735932849,0.32542840005083,0.874847216477403,0.346551061183253,0.649099543905886,0.84852340586057,0.204195473627752,-0.0054837052594042,0.25849759253788,1.08826497228509,0.132191229390131,0.264501961544548,0.123775376407367,-0.560980636889579,1.11294709241918,0.477819214579329,0.22582855436356,0.103456565598127,-1.01003672148838,0.190062675237199,-0.03291458380983,-0.228154462573675,0.089408870742055,0.237413774932324,-0.377404646152684,-0.129269991803583,0.0735290022819191,-0.877137779463536,-0.42128405562931,0.102524445108999,0.435605997294245,-1.18061075980573,1.18433898158206,0.346391476228595,0.445811625414091,0.197769996306437,0.99009289921557,0.796328133651406,-0.488227616092996,-0.181553490059365,0.333186932323343,-0.41049706869366,-0.288643894385233
"352",9640,0.250236279047367,-0.545886330162102,0.00560505006144154,0.267099667075975,-0.293713085104658,0.0601995277903034,-0.0923582036832561,-0.193361293390981,-0.0182138979776745,-0.0435140404867494,0.204573141421118,-0.0870354470246901,0.345022401165695,0.603079358617067,0.126412818287481,-0.103846855896479,-0.160672312186723,-0.0821629745307762,-0.0375546501544819,-0.0967314356285883,0.355012366467942,0.78957000449191,-4.66265017919457,1.18084339606831,-0.0375489175598498,-0.57095549657041,-0.316304869563441,-0.115276124054934,-0.0726286575177726,0.0255486661532862,0.0646024526644873,0.363103546242858,0.156278485691238,0.0394391448507681,0.488586448191902,-0.301688628497117,0.29683635275877,0.229717802386088,-0.306669686196271,0.470045476626907,0.775448491340079,0.108393851374122,-0.472945188043347,0.0306022699347018,-0.320193619342807,-0.466358143987301,0.520327403031095,0.939352870793674,-0.307581741566642,-0.298733765201995,0.547310065345102,-0.041112370815196,-0.374194199714212,0.0378173921442675,0.221843413032966,0.30622000630747,-0.437376112191208,0.186096003730142,-0.263490121224867,-0.803156970004518,0.241377683501975,-0.0278072283149883,-0.0471391746835749,1.64298071735195
"353",9641,0.518782538394497,-0.475806283404425,-0.0392118307740958,-0.0444288029899907,0.13037116066857,-0.0910727574803499,0.252164940851638,-0.136041455671737,0.285733986666348,-0.113879276105943,0.0990364809675395,0.13721517872229,0.376104421043831,0.191356339213512,0.0954919744927688,-0.35723025824919,-0.36482161450845,0.0610097168409122,-0.421574840083731,-0.340170843981122,-0.618774453583963,-0.0266478576744164,-0.505918029823403,1.94437643264028,0.654882470032967,-0.342519318772214,0.0456332613713168,-0.0536949196908488,-0.155965031090741,0.118850790328043,0.271553526870989,-0.0191593322156249,-0.150460328439462,0.309308908300121,0.272945994742533,-0.371448971174508,0.271416615906785,-0.114057903257128,-0.550780679651366,-0.214891741474762,0.387708793589021,-0.496086466421876,-0.350549825308511,-0.0576076312763306,0.00085306220954098,-0.377404646152684,0.57246899831913,0.229592947719498,-0.423272266873515,-0.147091417699945,0.308430829635949,-0.0575509352327633,-0.150516613703426,0.102405959278345,0.459539937660418,0.778773262518722,0.0638746839599642,0.178338617339166,-0.261178631028845,-0.729595272577656,-0.478070838815269,-0.056489135456236,0.0591945434100053,0.102824259878783
"354",9642,0.454072596284906,-0.610880210349599,0.0139092735879165,0.242768614221414,0.102867081909419,-0.150234516187754,-0.0693835481759799,-0.161053817528379,-0.0583376797696166,0.115803533506189,0.165081328208835,-0.0149102159443176,0.218992911813835,1.01054277753657,0.0323184645191173,0.016338574840864,-0.154479719763056,-0.0220364282405165,0.0109206996547119,-0.0987524832199962,0.130201747029197,0.580059536077503,-0.0308629270381269,1.37159605963368,0.538379190946216,-0.128266140940299,-0.106527745893416,-0.00211360920693848,-0.246343056750331,-0.42989174113075,0.28149716757097,0.158366381487792,0.0549590065099297,0.151647794625505,-0.121518249372167,-0.250898203565333,-0.321344740795371,0.197758329505333,-0.199077358198478,0.19547128440358,0.694446954597247,-0.342447315431519,-0.411747506675928,0.265828673164117,-0.235707650513242,-0.377404646152684,0.250162665839408,0.692297461987886,-0.48549564958335,-0.227640050725615,0.527246783715368,0.106834708942906,-0.595664441126207,0.358158859984433,0.544720052430683,0.960148645504668,-0.164603517970415,0.225290255577264,-0.268883598348924,-0.85909228969045,0.272087898371653,-0.180238504886802,0.15328253581142,0.210949832953252
"355",9643,0.182290839968188,-0.232611094718662,0.0823871075047293,0.143035430271836,0.181765155539883,-0.514479524133274,0.0292051222869909,-0.477765881433681,-0.283174213078984,0.131046125994505,0.0608365097649252,0.352521386708429,-0.343432832045658,-0.0716139149644386,0.0680345236568931,-0.285749478332784,-0.329770866787874,0.320586284634546,-0.345580702588431,-0.259889719008635,0.92078773656531,0.431656291982099,1.51306615701402,0.503840592134411,0.479308713292922,0.934557110077819,0.933544005349834,0.314491971897824,0.178231317775139,0.631259507446379,1.41522059338826,0.00146423070714856,-0.191107752451591,0.121150014345079,-0.877136423654102,1.76399262967229,0.611892394883407,-0.407611580087732,0.200797566806199,-0.849330475970426,-0.163392619893803,-0.0891464067967196,-0.534142869410764,-0.116414232083686,0.355694131293715,-0.377404646152684,-0.702168756736158,-0.445327782133507,-0.859786298959371,-0.47237698086681,-0.115716829965888,0.0739575801077722,-1.29097798974526,1.14891278610796,0.509904575948539,0.329663129786871,0.590092138948182,1.56130276988051,-0.359416964359798,0.879877807839049,-0.498856793867737,1.54003030566478,-0.635886453238771,0.759303927166746
"356",9644,-0.205968811912838,0.227026865183875,0.0162096424360432,0.00011530128566508,0.235334068929952,-0.0476441691136852,-0.12821710515787,-0.475901034702256,-0.0118984990170297,-0.15482293991466,-0.0947492323857743,-0.290163563264158,-0.0963699440951376,-0.270538438183011,-0.136284804555496,-0.416327970338907,-0.37158848882569,-0.0951311004121842,-0.143133160557519,0.0367606651700339,0.879177947642357,0.0497361629035338,-0.149626702734446,-0.206432005124454,-0.0806043706521241,0.773890190126533,-0.058102854121381,0.156354761478737,-0.130358513241956,-0.472723155141085,-0.411868693957039,-0.0604526715710153,0.197870553454244,0.0463719331546421,-0.875967640708575,0.0956597561097782,0.0128646128012793,-0.7852068337529,-0.910665578766486,-0.245017877851422,0.130898950200845,-0.559131967615398,-0.350549825308511,0.089408870742055,0.558460456484672,-0.555311641821914,0.595736106318048,-0.945114797004723,-0.463900203394696,-0.503105466151997,-0.338155589897734,0.0410804512726383,1.09516152154743,-0.440999865388321,0.436890790930965,-0.284859364484125,-1.09701615192687,-2.06320964232566,-0.359416964359798,0.203323413823301,-0.2853577380947,0.469471336927715,0.55671116555863,0.344962032841063
"357",9645,-0.31274021618012,-0.294028646379523,-0.0193609411261527,-0.059539230820368,-0.0840992386102169,0.0752383593689367,0.130841240974006,-0.325810771543516,-0.231709038731552,0.1323842466373,0.3657128168617,-0.277787917591111,0.334535217266567,-0.075893799784181,0.16886783212261,-0.427383097483347,-0.370128519022735,-0.0697597152993679,-0.074488254790518,-0.0336728427292835,-0.159579245542887,0.00390574793788295,0.919247278532426,0.768672554406232,-0.548710510847957,-0.0806385208588452,-0.265835514948927,-0.0505326943579912,-0.0696304623934104,0.0807051998371574,-0.164992590253159,-0.0463782103807646,0.0224887428788985,-0.101048452557383,0.292230913343697,-0.371295987966883,0.106613168767795,0.536968396165583,-0.629773235323054,0.445811835549553,1.12817343751715,-0.873457439964108,-0.595340550778184,0.148215471549408,0.102236224805019,-0.555311641821914,0.845894730683477,0.213505418416779,-0.5785103044078,-0.108908092789357,0.0117481985668503,0.106834708942906,0.505064732137398,-0.60716497620575,0.202514336669823,-0.385169149903176,-1.20538834792355,-1.55621757271073,-0.359416964359798,-0.360862822094023,0.421076865779217,-0.13453223500065,0.354656691638014,0.414805367986482
"358",9647,-0.749532324546274,-0.0224041759582029,-0.0967010774234967,-0.00098169665739502,0.217015246968681,-0.0971392920690068,-0.205529870506476,-0.420117265698,-0.328764052307784,-0.170099026156275,-0.161983774936503,0.175474923959759,0.022072465119433,-0.358449095418565,-0.00798332739829308,-0.565422682100154,-0.349358602933273,-0.0343324483740192,-0.142373814474867,-0.0453891406834303,-1.0004363049798,-1.03055218985825,-0.719692826076779,-0.905414024653777,-0.128754083635337,0.410773785421048,0.534842747513607,0.00292509051822817,-0.178521800681577,-0.758808399573223,-0.207725398513065,-0.379991181457954,-0.463448281516052,0.378786476147759,-0.784802570957623,-0.464564750216114,-0.189962229016046,-0.730419165957328,-1.3820594573186,-0.471426451501917,-0.939254619131994,-0.414702014467017,-0.656538232145601,-0.645673639349876,0.338796937527802,-0.733218637491143,0.604762262603978,-1.1018381488957,-0.691542880765998,-0.149455147337268,-0.489053062940486,0.0903961445253395,0.877370187800088,-0.0950862677211248,0.239762023392556,0.0549369799405152,-0.679214853658618,-0.0117128163526558,-0.143127524589126,0.579234348790135,-0.892620570735903,0.598887594707825,0.196958957446784,-0.289346912532969
"359",9649,-0.273914250992017,0.658280822905156,0.0528473633524323,0.0959991766062228,0.308186236355323,0.0766686702576841,-0.0922743776437717,-0.317744706782798,-0.0593075743400288,-0.152019524855652,0.0428686203647013,-0.242329574197947,0.125404227667088,-0.182921920776501,-0.19693761149788,-0.344740441761394,-0.309419152731974,-0.163731796054426,-0.197151864635498,-0.15977762278386,-0.83219109170378,-1.11473049744858,0.32542840005083,-0.221200528064667,0.00361835909535212,-0.509842174431865,-0.681932423262026,0.00808405985580712,-0.183881258568464,-0.688979781482153,-0.454821015046849,-0.197979870951726,0.0240152424948721,0.120888684990448,-0.471568741556915,-0.32529903687404,-0.473544530108083,-0.849294877254513,-1.09291797337558,0.32408052480995,0.340757729410271,-0.978789889803302,-0.350549825308511,-0.381043935716781,0.558460456484672,-0.64426513965653,0.874114015255313,-0.826878912230345,-0.762004209213066,-0.319825506581177,-0.394539074745001,0.123273273360473,1.27984268631292,-0.731410786851445,0.50652713506662,-0.234463784009298,-1.00377056821194,-1.62491568492867,0.796328133651406,0.251014137469122,1.01769546963801,1.10244183721656,0.474324644374166,0.519638073812499
"360",9651,-0.956604138753401,0.979344250451306,-0.0414915380455899,-0.117188777896704,-0.0786701318622223,0.211434913390601,0.0602993204638338,-0.565756666213518,-0.105070008577589,0.0359786792891296,-0.183941620155034,-0.341888381217751,-0.41848730207033,-0.825839354651365,-0.0824496753864525,-0.494895587903289,-0.315370352900298,-0.404849409055316,0.280471467513233,-0.11735402373492,-1.61740938773484,-2.06875138227767,-0.149626702734446,-1.39503764044561,-0.135656551254781,0.792975016613075,0.00572371678505479,-0.235337144283213,-0.293502698140919,-0.325408254975104,-0.150505663066935,-0.515895764319406,0.272270253031682,-0.295634584979866,-0.60071925703743,-0.566196594482223,0.0073770651521807,-0.508393833193169,-1.07371410482245,-0.137746308136398,-1.00428297487145,-0.287503364007312,-0.166956781206255,-0.204624133294716,0.676740812846063,-0.555311641821914,0.668584557300605,-1.16561832686042,-0.744555093903684,-0.167455857652259,-0.604257700890049,0.369851739623977,1.46820275874305,-0.526249758878819,0.450806956396134,-0.200397193588925,-0.869738675168027,-1.20860512361069,-0.359416964359798,1.20347820241345,-0.857072245055246,0.49116744679643,0.270637407027936,0.343932163983008
"361",9653,-0.84659723751653,2.31367917455329,-0.101282107741546,-0.0397519141299929,0.440853630960026,0.062319823500255,-0.0372825568539597,-0.243142502101489,0.521682714193897,-0.206925704354498,-0.36652597133515,-0.525888241183167,-0.115042766035622,-0.921533336684173,-0.161912772392486,-0.0690535249484002,-0.460205566356024,-0.275188621910792,0.198810378859842,-0.0157313377260592,-1.70062896558075,-2.03882131910259,-0.327772366278925,-1.29213979917404,-0.813849142661637,-0.4538716712923,-0.0944195298648806,-0.0619718605694416,-0.344974527699266,-0.88187063523413,-0.0997940705959714,-0.468385514437885,-0.28299924303852,0.228073675427328,-0.232552629197044,-0.648807526600188,-1.23900432185736,-0.737183075561722,-0.942869242032193,0.417053240744063,-0.866106328559122,0.989542617317252,0.0778339442634174,-0.322237334909425,0.761226781675629,-0.110544152648842,0.505369791459244,-1.05266100731348,-0.187682883539774,0.256015398141832,-0.322850993517438,0.106834708942906,1.98619295792592,-0.755093511331829,0.27342775984434,-0.738514269365646,-0.596115387923626,-2.20884964070474,-0.359416964359798,0.822947450699999,-1.60696273670021,-0.0102537828765694,0.074025477859397,2.04072010705231
"362",9656,0.570550491849214,-0.126175416146543,0.00765686930298339,-0.202156647942533,-0.00482703939596352,0.0604687574605281,0.151111466814138,-0.363334949490242,-0.029594534603252,-0.226690000345511,-0.22482666079629,-0.00366470797863238,-0.263422789401225,-0.24191483547645,0.141246830532887,-0.403378863209078,-0.326667335422793,-0.351369399018848,-0.0629099642943643,0.041420656871673,-0.477389813873828,-0.986904179970054,-1.57479201109027,-0.284336501650156,0.225617980980727,0.369812965462976,0.929998084743924,0.118623422495106,-0.116441369071509,0.11388609649268,-0.129124315140582,-0.261758651115973,-0.269776148759772,0.125125132979977,-0.527085931469353,-0.463799834177984,-0.244129634842586,-0.481845487995927,-0.910015485744094,-0.37839340285143,0.153903052330021,-0.0908886980815199,-0.901328957615273,-0.528060437735167,0.541563262718759,-0.555311641821914,0.540310028758894,-0.694868391140539,-0.322490108293979,-0.00381303660688305,-0.767762577509753,0.0575190156902056,0.27476511233024,-0.144060880419022,0.211328837952125,0.187698790701745,-0.360111982464646,-0.0168234992164731,-0.232285003578565,-0.103148121736727,-0.754247027486591,0.315841151579234,-0.273753131797895,0.0275752247190132
"363",9657,-1.02131408086299,2.41373651313852,-0.299891843910874,-0.202649877111645,0.0648041874892953,0.142253744914055,0.222818543758367,-0.375125593972845,-0.0279734009604919,-0.0543680892534338,-0.357110202596881,-0.102725967675395,-0.0354272433023431,-0.837330515312608,-0.309923547596279,-0.254636999596251,-0.368039366996962,-0.0910786006315195,0.466284974628779,-0.109742004539231,-1.90867791019552,-2.8544156388317,-3.53439431007954,-1.00583204799327,0.131820030414229,0.206723280963144,-0.282237280109826,-0.151551388602037,-0.107236756998147,-0.261849042626564,0.00410287973861207,-0.581590809557454,-0.341732053702912,0.755886048920878,-0.987586412006218,-0.915355268686973,-0.902812370400389,-1.34204569193445,-0.744534920478919,0.143725924659156,-1.01726966282629,-0.0266462877984914,0.200229306998254,-0.322237334909425,0.423282906357367,-0.466358143987301,0.202392713616017,-1.09608573882989,-0.690098177564052,0.162011688719098,-0.213199543731033,0.534237383799646,1.79047507016649,-0.440299352589546,-0.861382326670034,-0.362632410537792,-0.176918841727223,-2.13190775477443,-0.359416964359798,1.00859300981011,-1.74883434052486,-0.388193451172824,0.310163888289846,0.922585394170185
"364",9659,-0.296562730555657,0.636647613890107,-0.0307997828252312,-0.117690801604982,0.0536045964726158,-0.0892139281708466,-0.0722230544879836,-0.559247283632055,-0.19414398874726,0.18665770702953,-0.0971153091278721,-0.100862680842363,0.0705765159430843,-0.501986412081607,-0.140503351764095,-0.352773380478568,-0.27998337916235,-0.075154718501487,-0.0596438465977181,-0.176373187487574,-0.868433187121683,-1.27934587110036,-0.86220935691236,-0.807690857900903,-0.547350434311532,0.535467639580643,0.518152206405286,-0.0812459251892207,0.0765160171338966,-0.514687136319611,-0.267172976274972,-0.182338386888531,-0.201572536223347,0.568398524382494,-0.950185357749417,-0.361607051483911,-0.56555831294682,-0.383599700992137,-1.01574226356756,0.0396720998174731,-0.679862305520861,-0.721496971967955,-0.350549825308511,-0.675076939753552,0.592254844016498,-0.110544152648842,0.116808629396284,-0.938818956494906,-0.56221690823456,-0.507832925426642,-0.495875446227078,0.369851739623977,1.28352159397757,-0.133102072868509,-0.0087485013717604,0.175816556706989,-0.721968006983989,-1.67025643919256,-0.359416964359798,0.566938528833761,-1.11281269595512,0.16259815994875,-0.0333967491845907,1.43020075338955
"365",9660,-1.33192180236781,2.59000561981472,-0.00766567450279505,-0.229395061171847,0.51629600397868,0.102262567475543,-0.210605623245951,-0.419089554815073,-0.256598108881768,-0.388520210921298,-0.203231284137683,-0.378421579895944,-0.252890652874273,-0.973404772113304,-0.106443285510239,-0.16417741409044,-0.413625567680959,-0.512926877638354,0.538148435727505,-0.079714742384171,-3.36502052249888,-1.69836680792917,-1.73314371993629,-1.06461341363926,-0.215212068230831,-0.220147486403739,-0.125330957660016,-0.0959970311755966,-0.141677589968459,-0.294412867456085,0.0473117801603711,-0.52107767953515,-0.319791927329491,0.512103655664673,-0.673183799659983,-1.02688002704622,-0.778758389997565,-1.02566382018903,-0.679698211443384,0.0614723213343622,-0.966973860827465,0.184805862636963,0.0166362628959979,-0.116414232083686,0.406385712591455,-0.377404646152684,-0.0935885412047629,-0.973207500079584,-0.240975588662355,0.37711108571541,-0.0395668380195836,0.287658917536142,1.9442534105489,-0.694596690504672,-0.265915463913161,-0.792507643684227,-0.530447414836866,-2.20884964070474,-0.359416964359798,1.17689648759447,-1.28472740650372,1.23751608898014,-0.0851009243292588,0.670233786574943
"366",9661,-1.25426987199161,1.41908092230107,-0.191733884641172,-0.0411399348014302,-0.0944169799973469,-0.18141813241228,-0.123688743170026,-0.571423620777853,-0.105469360502898,-0.179499815907311,0.151125482796285,-0.143342357716629,-0.170711024608813,-0.651594084652188,0.311913485797016,-0.434884189057601,-0.366513902945109,-0.122783702520953,0.274781826209191,-0.101650728019539,-3.1708415078025,-5.47329649401179,-3.61752895306696,-1.04406947037651,0.222831069710557,0.504706529974299,0.224812536035732,-0.285125087403421,-0.0588946079638595,-0.132143923591617,-0.0693536523867928,-0.772654444950443,-0.264908723387115,0.671917645962355,-0.776036698866185,-0.193529500705636,-0.670883824276272,-0.971552543353892,-0.835119380245306,-0.858139052561196,-1.28634928464408,-0.157213560034654,-0.0445614184714189,-0.704480240157229,0.203619387400498,-0.64426513965653,0.35468310598587,-1.34094423065777,-0.575014522414149,0.087463292465094,-0.535747386251705,0.254781788701008,1.09074683234985,0.387714701737959,-0.33893891234435,-0.628117653355876,-0.586090175606467,-0.0911236536118844,-0.0935955918172207,0.753365903085605,-1.19515971000934,0.640351821150107,0.0806245633712818,-0.142024050385504
"367",9663,-0.193026823646223,0.665144301156552,-0.129765592401731,-0.117044883730974,0.000217816681065407,-0.0174764424846542,-0.0571608737467514,-0.509672877110979,-0.158058325656263,-0.0297979813645785,0.00767068085141967,-0.379213738341918,-0.222445549526408,-0.460559301874046,-0.274851930009076,-0.331122286061897,-0.376626771400537,-0.257925773444426,-0.0310407363606295,-0.0177967152749954,-0.0639772651705999,-0.860324934271546,0.00872500611156631,-1.16218978208211,-0.432742483994764,0.135476422637151,-0.292207136822178,-0.124317737222363,-0.08748693108713,-0.17585260374697,0.0277051592435197,-0.270405065720478,0.0785996499503406,-0.598818929040618,-0.8677861600899,-0.521780469868183,-0.428829867651243,0.0513196865702499,-1.2999915945228,-0.0222091562779772,-0.152136258385311,-0.187336142950766,-0.411747506675928,-0.0576076312763306,0.406385712591455,-0.555311641821914,0.640367945477839,-0.941178239885953,-0.569016387141766,-0.157637288389536,-0.295691100112383,0.0575190156902056,1.32619692288752,-0.688490106887006,0.409372426017869,-0.360871860987536,-1.15654266146056,-1.95795218660089,-0.359416964359798,0.0894626995452017,-0.553856758309337,0.77491671076156,0.116817485972549,0.274546640183379
"368",9697,-0.438924603041453,0.220507214969629,0.00880541886707294,0.185119546641276,0.0382986772534996,-0.0398193520127144,-0.207523531362259,-0.30792409530978,-0.44917285632364,-0.0587591600971337,-0.154739386645722,0.122444127796755,-0.230205039810874,-0.434651523191776,-0.295366465979962,-0.250726618303517,-0.300058884713537,-0.0323601509607933,-0.0984115216263007,-0.336638211229428,0.130201747029197,-0.62462565730534,-0.86220935691236,-0.916212053806443,0.168996081995115,1.61610260518026,1.50927111966588,0.213477604454103,-0.0842109930387192,0.296589386988541,1.12038990850397,-0.664681967444321,0.122622162457866,-0.0920081143651061,-1.1734229003447,1.21595578555393,0.876569209236009,-0.921330514541286,-0.467179262039513,-1.24845150569753,-1.15841222306194,-0.470053661004819,-0.534142869410764,-0.528060437735167,0.524666068952846,-0.110544152648842,-0.480628297738172,-1.00386161616186,-0.970322613659374,-0.600745682709073,-0.576469949229301,0.156150402195606,-0.541216607689371,0.563794921611679,0.544213706139466,0.333186045660328,0.534276774044351,1.28203222091977,3.10781832967381,0.966232843948843,-0.900590961034739,1.55644130877397,0.166208579597587,-0.749421374885297
"369",9698,0.00757399662172633,-0.551818253273024,0.0557318670330285,0.243611493023958,0.0680141624317776,-0.104207138652034,-0.121677720115414,-0.068528034751693,0.135026850120082,0.0367348100094364,0.285021195329912,0.110927428644192,0.337020286963107,0.711664169931788,0.246553716565212,-0.265602405142288,-0.197726210960088,0.0528685555886897,-0.166056920463833,-0.0631127113192435,-0.493945086815103,0.363066545322119,0.32542840005083,1.22647864777692,-0.218862632283012,0.0774406929704752,-0.261005161448039,-0.0939189184672157,-0.0540035108564724,-0.107228774659073,0.264491081330788,0.3400826630192,0.361436823647704,0.059700270049709,0.111653948260079,-0.220709517260496,0.196608950212996,0.582455688255114,-0.269752349469307,0.259846292775869,0.958089907519904,-0.362472409418671,-0.228154462573675,0.265828673164117,-0.134324487917764,-0.0215906548142258,0.704919181349784,0.609023373644607,-0.273301912964718,-0.261459567074993,0.622061467492325,-0.0575509352327633,-0.242489305319703,0.337296843941243,0.571613534031091,0.753036287251044,-0.430892335622367,0.134799707032592,-0.232285003578565,-0.925191206218935,0.482119069702813,-1.1241480287746,-0.03673030784524,0.397375902196588
"370",9699,-0.413040626119965,0.302213544598765,-0.164562753608588,-0.406888723514166,0.096242866873628,0.145831919732838,0.183816096235143,-0.137502296201329,0.225364007125232,-0.182118349290242,-0.171506319108384,-0.54422989959663,-0.44926448864656,-0.677696184106384,-0.392504998335221,-0.421535292598181,-0.346216903336425,-0.209889121612089,-0.0429451827699968,0.163111494211393,-0.691490863212018,0.5538707275257,0.32542840005083,-0.902776144600847,-0.041067905211286,0.632704153972819,-0.245574250392578,0.0339874204711734,-0.248512403153449,-0.346454707137674,0.0311804802584713,-0.103823624875745,0.0847726528072651,-0.195834175683067,-0.524748365578303,-0.825350148200427,-0.352252025296417,-1.39074584108607,-1.28107441320878,0.111830028602158,-0.396544448949658,-0.197860304775494,-0.71773591351302,-0.263430734102072,0.575357650250585,-0.555311641821914,0.794453193414847,-0.891967962301056,-0.536206894798507,0.110555112768164,-0.539511594997783,0.468483126129379,1.61683062839496,-0.603422932734393,-0.145121614540907,-0.787086896963684,-1.04952436883451,-1.78841719253058,-0.359416964359798,0.108439485258218,-0.575768289971089,0.576895907637374,0.0130009448268086,-0.726876129396206
"371",9701,0.298768735532496,-0.544363889300235,0.0918403513331851,-0.0455573910486224,-0.171118879530773,-0.292279953160103,-0.0192613391414714,-0.247248441030683,0.309137422466664,-0.0981286969762703,-0.164849238520741,-0.0871951404775264,0.0870452350899475,0.218561461282911,-0.0920818168881712,-0.295421086577565,-0.2656837727665,-0.0581580560429243,-0.190004650279894,-0.0888217390106922,0.837568158719404,-0.506776018822235,0.32542840005083,1.0331808209568,0.699898442322934,0.36595017208778,0.078819464114241,0.237113666648998,-0.188240665291802,-0.254561198439721,-0.424668944423292,-0.221660367424671,-0.299517199683867,0.545249385200635,-0.128530947045315,0.0818402730209069,-0.220055232253033,-0.227015193650472,-0.58210384269238,-0.449384899119528,0.494439276631879,-0.378712810115367,-0.228154462573675,0.0600055703383784,0.169824999868672,-0.377404646152684,0.626519890176468,-0.0466022618459414,-0.433101355957907,-0.186911170820987,-0.402732110343889,0.13971183777804,-0.293258231091888,0.237367280921364,0.570647454589325,0.667145610813575,-0.258140821474,0.154338434391669,-0.176423990508027,-0.706354040636995,-0.206117124919875,0.427061988514223,0.277100428921013,-0.106115588166617
"372",9705,-0.283620742289043,-0.216764771498193,-0.0657099720165733,-0.0343957540936121,0.403539953667257,-0.13517814657402,-0.152388255987628,-0.56528345157322,-0.014700423942708,0.0843100970358034,-0.163959944422294,0.170601725063576,-0.238348294402399,-0.082125607032531,-0.303916456051998,-0.448283563710892,-0.315390923394126,-0.00465792462908334,-0.447648959805434,-0.175927235100045,-0.605664513213948,-0.254241082956841,-0.0308629270381269,-0.570055189799647,0.124079039509413,0.604046790183188,1.12467116338486,0.0636696492438862,-0.128481046782688,0.0193343449098967,0.00927896711998108,-0.134520104093298,-0.603636862817961,0.624425834180818,-1.05420703990115,0.0158025217290784,-0.526649829938094,-0.552528343361825,-1.34386393871794,-0.765709331074462,-0.388839876459795,-0.238734521139906,-0.71773591351302,-0.763286840964585,0.524666068952846,-0.199497650483455,0.582785200724039,-0.715101234378932,-0.639817471200864,-0.23036743107637,-0.841996400954392,0.0246418868550717,0.534495993454606,0.132372270327047,0.626815399750966,0.842346035922228,-0.358201986552606,0.0710232294233049,-0.203391376128285,-0.0737234427659819,-0.951670207125832,0.385616103587923,0.437859594535295,-0.138756776324962
"373",9706,0.169348851701574,-0.597864314191,0.0300663211710861,0.45886977114987,-0.130848831061682,-0.630126949458488,-0.132788076432781,-0.0827210540309387,-0.38855595893155,0.016712255112676,-0.0691084826546538,0.413290267012135,-0.075412540525935,0.491196852203168,-0.273137717469628,0.0113466419149718,0.169210177902177,0.478952467139623,0.150878158151002,-0.0860597180058521,1.29527583687189,0.737192387388307,0.467900944795497,0.916748341033732,0.0323889112513263,0.407394952351105,0.288917253100117,0.12687543035708,0.00990019462997414,0.665987577822724,1.12010852746303,0.555573658736403,-0.364065306512609,0.317190036238676,-0.127946555572554,1.02396185998348,0.995312659655835,0.597167191644668,0.791874436957809,-0.0486549969557531,0.924160809796355,-0.310441351236239,-0.166956781206255,0.207022072356764,-0.286399231810981,0.0673628430203868,-0.726872254781916,0.618119206381159,-0.564447563174681,-0.0267230315532353,0.740562973948464,-0.386322223584101,-1.5036188527621,1.44496505234154,-0.0316144768305042,0.189338563623806,0.456570582173394,1.30719940399113,-0.359416964359798,-0.057163176581964,0.12300999287515,-0.153312260304945,-0.851683352658357,-0.243949203000048
"374",9707,-0.0603714424574532,-0.640714236906005,0.00136352354415625,0.124621802224845,-0.129492915077639,-0.110464605725772,-0.10106410416678,-0.0258363832188686,0.141847551017754,0.153621756790571,0.259610025396397,-0.00718282539719736,0.0973748485071795,0.577139478366974,0.00276129320531514,0.0270776634695326,-0.0131476365768299,0.0904415210480429,0.0837338707066261,-0.083096969887521,1.12883668118008,0.793311259115195,1.51306615701402,0.994816585794298,0.0222463382701297,0.177945420934151,-0.330340620750223,-0.242222380392979,0.0915158023724639,-0.0675378202902821,-0.27919630588523,0.783209713931456,0.0469268978132931,-0.385679503751051,0.319112921090773,-0.369001239852495,0.892713220384322,0.480489750968911,0.126688865388808,0.626367544754932,0.499143916644494,-0.273386773457735,0.261426988365671,0.383441874778826,-0.725726269724721,0.245269838689616,0.153691557690648,0.990534740538224,0.217165324786655,-0.222003464667384,0.689313124831199,-0.00823524198006215,-0.681015098946113,-0.245212447278131,0.392464276245198,0.640723320086573,0.00783235025175809,0.232760259946024,-0.313187160439349,-0.741109277392295,0.957703108704643,-0.727402958853844,0.048649612952869,0.388139784825897
"375",9708,0.415246631096803,-0.225339509053244,0.070877209829362,0.157696897381181,-0.153345764533813,0.00349576484472668,0.160156075385637,-0.171046888602342,0.103637795017509,0.00177153644872911,0.000303113915332118,-0.105287219084523,0.194902083518261,-0.166066045206765,-0.10048232586924,-0.272149319053321,-0.270263326273584,0.143243253060489,-0.00333254649495897,-0.133273874207011,-0.923912908459606,-0.523144024167111,0.206664624354511,0.678131636992438,0.318970492401181,0.400124683357296,0.526117461985692,0.0917793131076605,-0.198741208066867,0.24302320233905,-0.282077773167927,-0.246533323378423,-0.130254505692608,0.00661583886804619,-0.23839654392467,-0.145237801498405,0.616530257735225,0.282307199560231,-0.700513919020456,-0.256923533882786,0.36631364306566,-0.337140080485708,-0.656538232145601,-0.381043935716781,0.00085306220954098,-0.64426513965653,0.573557625332695,-0.211178846372847,-0.730588793276905,-0.224185368947989,-0.525452912501931,0.00820332243750442,-0.0232264085064984,-0.124253203730371,0.719743374904258,0.387025363931866,-0.274607634063854,0.0511603933524763,-0.22402968144991,-0.478987982599766,-0.417643821836357,0.317121991452262,-0.104421958199108,-0.0733230496876849
"376",9713,-0.231852788834326,0.713373721232529,0.0820358352566843,0.0377659454798315,0.29935345041697,0.0740779850931682,-0.295368854618778,-0.265781723976328,0.015030132407375,-0.0487114875564892,-0.194650378093369,-0.46866655402278,-0.139397636274885,-0.813031891798431,-0.653929019717922,0.0814458437221364,-0.217033611205326,-0.401145556620496,-0.022932420974507,-0.278181389793466,-0.698789360635541,0.508040312560049,0.0879008486581922,-0.749165759459571,-0.0725729839767764,0.478321804271176,0.558297377991588,0.190429647724362,-0.374082579712934,-0.256250410811235,0.496239553535269,-0.299595540688734,-0.156059175612502,0.354255506634349,-1.02557185773578,-0.578231273482125,-0.863797676791967,-1.2409252433488,-0.775791661950171,0.166350693299839,-0.955176142331268,-0.200378591029313,-0.411747506675928,-0.145817532487363,0.947095913100672,-0.466358143987301,0.303299895777796,-1.03393253859691,-0.596310574500318,-0.00544946481733688,-0.635868231992859,0.0903961445253395,1.64405454511337,-0.874892126244169,-0.0815739746104822,-1.14671763504744,-0.875442415110101,-2.13190775477443,-0.359416964359798,0.319032054800047,-0.518417508057754,0.181117774555528,0.214851323319215,-1.82665046588656
"377",9714,0.31171072379911,-0.291576057656492,0.00559610604150773,-0.133330437179985,-0.114166558113325,0.0309148822768416,-0.0415602481034169,-0.418360955912278,0.027816114593541,0.201850044748108,0.116120798291741,-0.414070333031074,0.440846946407467,0.26503371197035,0.0549495932110055,-0.012297183431173,-0.000450543696463528,0.112116856150148,0.10776994527798,-0.0925667660591826,0.148196599653308,0.580059536077503,0.154284537992988,0.737357660193094,-0.116982312245957,0.0339780945364726,-0.416115935292258,-0.155258636409503,-0.159349412409199,-0.418948505666889,-0.392256718984383,0.0730920489950584,0.108320884631755,-0.313986011126415,-0.275213206708708,-0.181290844095567,0.167932088304772,-0.175947676137313,-0.453581030980394,0.561932203666267,0.949172006606862,0.30808108567446,-0.472945188043347,0.442248475586182,0.119133418570932,-0.377404646152684,0.246318829815337,0.369473269446576,0.405431296557909,-0.405465249594923,0.777359829901096,0.106834708942906,0.758173579465393,-0.650473848403002,0.392827810278247,-0.348112293690454,-1.08792680545081,-1.63178549622741,-0.359416964359798,-0.702018520305557,0.279000735526901,-0.141518411156317,0.160017684942107,0.407047973007108
"378",9716,1.8518073430566,-0.601799882212693,-0.170940348727305,0.163809692347752,0.0342792576878015,0.0859830594098457,-0.00860467790283007,-0.00253935563947926,-0.0285596822742478,-0.00510488946883395,0.0694507347194383,-0.0884295181904631,0.326455864987346,0.486345163180135,0.467298699012658,-0.11009881844643,-0.0886355621618082,0.101573322266267,-0.210176328971792,-0.135492393361914,0.384430292168365,0.213416216352289,-0.86220935691236,0.817412415991887,-0.171789825802356,0.387975304347258,-0.510036326019995,0.000758184194243533,-0.0499666247284647,-0.36027329843085,-0.283867193828148,0.533011318371967,0.16929097769107,-0.0297715589037283,0.35534519240205,-0.249929309917036,0.195192808884195,0.453095917071122,-0.235546972373714,0.948483917481881,0.845379718665618,-0.24181258652722,0.383822351100507,0.148215471549408,-0.522959944533764,-0.377404646152684,0.353863992278044,1.06836127004038,0.255599928098299,-0.415283818857646,0.502287334993323,0.0575190156902056,-0.74061340311346,-0.17404393982169,0.225987087174077,0.316326888949766,-0.251124379626435,0.229958288626867,-0.061106312950907,-0.62611137745349,2.19132757306303,0.494917966853238,-0.0821755565250206,1.1523153410157
"379",9717,0.738796340868238,-0.594920980966679,0.0723480494545701,0.112478225019135,-0.143096563348898,-0.0592223720481162,-0.0451977394786845,-0.260854069636442,-0.124579599327262,-0.090759712392745,0.320164689145755,-0.165047849533677,0.00333487127310587,0.290800340450452,0.146979204845873,-0.0560027110610756,-0.157318196902783,0.19767529078577,-0.0647868218002264,-0.0985268776338434,0.29664090272101,0.501493110422098,0.32542840005083,0.970491892932459,0.233390231180356,-0.118153345908695,-0.490687451726978,-0.191166007154094,-0.0334525832834027,-0.276241838599361,-0.534657816567751,0.25571633233236,0.0417485312618417,0.0144447413815988,0.477483010209416,-0.130755391176492,0.33864792549157,0.461550804076616,-0.44456377443542,0.492368581685714,0.906104517343008,-0.472760808911579,0.383822351100507,0.324635273971473,-0.421576781938285,-0.377404646152684,0.805220175748874,0.617446545526689,0.117611803850494,-0.363463592193277,0.696483991505613,-0.106866628485464,-0.531651447761279,-0.201117573395655,0.212770630950386,0.681228396449454,-0.383747759974554,0.0968233937560459,-0.089834833958611,-0.468255792926862,0.866354928683211,-0.457851548154468,0.175120746629102,0.397038396144145
"380",9718,0.182290839968188,-0.614485327580723,-0.124988824179439,0.42857346720305,-0.15286657550451,-0.586173340416129,-0.23812192331897,0.0104839524544234,-0.33864175184414,-0.082411798342659,-0.172923360155699,0.413674719687722,0.357727304501811,0.388137245247905,-0.424762941470139,-0.103328203014722,-0.213895852443465,0.292833289559983,0.102070769338861,-0.141449679472148,0.712738791950544,0.737192387388307,1.51306615701402,-0.000566441799858942,-0.230837238212888,0.522192312105323,0.0783225214562574,0.258926248107672,0.0355837683312278,0.0666979574344534,0.87835073712031,0.363997138215436,-0.210536268606112,0.196853073881679,-0.341249443130872,0.929112271255448,0.320769141215443,0.0905503622757269,0.387299424280459,-0.229452037026632,0.772118452895156,0.00574708491564401,-0.0445614184714189,0.236425372760441,0.169824999868672,0.423176834358845,-0.300977998101667,0.729118188169516,-0.560103043532161,0.0950999574472119,0.672187445430586,-0.123305192903031,-1.33733222631987,0.888027819490062,0.161241906646072,0.346138606320477,0.396975819736162,1.35288326559166,-0.359416964359798,-0.719147379319927,0.42080709256782,-0.376997229892843,-0.614660528705697,-0.34542674681812
"381",9719,-0.642760920278992,0.403274633545512,0.142772982516088,0.0816233596025179,0.448493773569141,-0.0117891716855845,-0.284783778205238,-0.235823798721007,-0.281290670121111,-0.0442914267269152,-0.194008167924245,-0.277232333958755,0.0384625590997846,-0.677199257352961,-0.442002326988611,-0.0195342050445009,-0.257344033119624,-0.235584861374252,-0.00386053643017966,-0.169200104970409,-0.861891607482671,0.0606481621019817,0.32542840005083,-0.486102141612904,-0.154310720040144,0.643079670312991,0.05428679582027,0.0739108099142072,-0.343067084492874,-0.381735953957164,0.147870770322037,-0.275014389490863,0.165945474498023,0.112126900230139,-0.926225307366153,-0.636568869990119,-0.421607546874366,-0.823930216238043,-0.877534283787622,0.379626845686009,-0.869309532395599,-0.330380456237956,-0.595340550778184,-0.0870109316800072,0.558460456484672,-0.466358143987301,0.16258175539098,-0.917250732348377,-0.737663191240909,-0.119635788835666,-0.380885975938911,0.0739575801077722,1.78606038096891,-0.765910058750593,0.313137836916252,-0.549872180646051,-0.692661679735291,-2.06088447546006,-0.359416964359798,0.421520912471095,-0.87147237187078,1.15311231373818,0.395747904516152,1.14164687190845
"382",9720,1.15293996967075,-0.626914719152549,-0.0115134096900734,0.246206896445307,-0.118908959131245,-0.0153217624037542,-0.134915858794966,-0.167539595434228,-0.0224801561292911,0.148760498381572,0.165041004787361,0.200165515653327,0.498872013457738,0.650874034112141,0.116653950882852,-0.231896569627673,-0.192655350182792,0.0835501014822956,-0.12409941001975,-0.0455606366853227,0.712738791950544,0.737192387388307,0.0879008486581922,1.14268332303459,0.0448362109648524,-0.246929257091989,-0.721055363427095,-0.241893158787188,-0.0161949825962483,-0.542783623645618,-0.351523176689315,0.641377670655823,-0.0143705013250533,-0.298087366966046,0.392746246658851,0.186633770244619,0.782254196737935,0.341153213118441,-0.21764162602811,0.919142106418097,1.00511572852085,-0.860119331127435,0.0778339442634174,0.412845175182505,-0.658137494661068,0.0673628430203868,0.285970664097391,1.22879916783215,0.183758190186844,-0.140909355571565,0.822613167051709,-0.123305192903031,-0.665563686754578,-0.185413705348102,0.517234950723726,0.534508655442435,-0.417574162749818,0.217322019120384,-0.315498650635372,-0.590218955037485,0.901938704688869,-0.517149736484156,-0.0904074054625266,0.62129944896896
"383",9722,1.30824383042316,-0.654044428462923,-0.0706399717837937,0.224855152306886,0.0915052612766763,-0.118204448906125,0.135099155331143,0.0395939430806559,0.182144858664973,0.0990964998649453,0.127359407269784,-0.0575890683737591,0.316859257021338,0.579667238658919,0.391666987887617,-0.11333065790222,-0.193222061114311,0.0955456391617668,-0.185236603870023,-0.159350828978116,-0.0362374086626164,0.693544377500108,-0.149626702734446,1.18502779214739,0.488161987419186,0.159657647440239,-0.21704921033472,-0.0225566738014967,-0.162886392700735,-0.288821319945678,-0.126136574715272,0.0628032887785227,0.428917493006432,-0.079198307207439,0.212753673047995,-0.0724687890710402,0.149097408631777,0.303782612554173,-0.563865992735817,0.444263295829258,0.7895292327883,-0.589241855049655,0.200229306998254,0.0600055703383784,-0.33709081310872,-0.555311641821914,0.901564039898861,0.519748355215391,-0.135372702528216,-0.412192787793455,0.40231475398468,0.0575190156902056,-0.345498719929933,0.183641173593296,0.65168711268031,0.449822338124639,-0.141638536343789,0.295319614457272,-0.271451920788946,-0.667689728173021,0.73951856996294,-0.174767942591537,-0.029042713382934,0.436326422616033
"384",9723,-0.225381794506889,-0.450635756642408,0.0518169817216943,0.11519009945103,0.112822955679658,-0.493036463615261,-0.168269267483202,-0.238618787986302,-0.306699936696065,-0.0356954763528438,-0.132157818211333,0.108410693335342,-0.344791814054553,0.0146856151337174,-0.235620312756097,-0.308565087463887,-0.337149627478707,0.0654795297982023,0.050642305969047,-0.207719184558276,1.12883668118008,-0.0921198790539186,-0.86220935691236,-0.0399756220272584,-0.199869773146921,1.21385652828393,1.81855724588045,0.220665671752301,0.0834478193220583,0.407559221089202,0.938842078697794,-0.103864146418917,-0.368903250879174,0.6514129748626,-0.905187214346702,1.17561921314324,0.383114763215872,-0.0195322665357511,0.0303855116361439,-1.08824803281604,-0.661879929925416,-0.254967854248757,-0.534142869410764,-0.204624133294716,0.457077293889194,-0.377404646152684,-0.217472416380612,-0.459384074471743,-0.819422799082617,-0.526742762525219,-0.413156223834983,0.106834708942906,-0.866432045244527,0.892817334483133,0.376022284976103,0.609929895103206,0.314883844018548,0.886581616278594,-0.359416964359798,0.107728744220277,0.015861013488131,0.125184436826337,-0.0665282403628183,-0.344297417381418
"385",9725,-0.69129337676412,2.12196069479804,-0.134110719423031,-0.352381197972268,0.309974474104984,0.153295378581193,0.254138734278792,-0.190543649627219,0.582138820170619,-0.205446655821668,-0.138642990906834,-0.414007310746819,-0.315836111445532,-0.92477486014262,-0.294490740848959,0.326981747285439,-0.155217461169407,-0.0478002417625116,0.138146945015936,0.0591142082764346,-1.90867791019552,-1.93780733951867,-2.23986915498966,-1.04884707283369,-0.640289385776909,-0.427449413973664,-0.621557876487804,-0.0651529929527783,-0.145963422547816,-0.137449980726433,0.151015223431607,-0.311733761893796,0.0698728549310583,0.186446797729625,-0.759673737628835,-0.789297105603265,-1.33363796615437,-1.30112403882788,-0.841356335068939,0.523460041524377,-0.603796398971588,0.530575949472382,0.261426988365671,-0.0870109316800072,0.642946425314237,-0.0215906548142258,0.130021195515657,-0.978598727716149,0.127596717794512,0.0912816249561529,0.174462983454957,0.336974610788843,1.98177826872834,-0.603642359771233,-1.05507515061723,-1.09119202621467,-0.861934124325245,-2.20884964070474,-0.359416964359798,0.967156807298167,-1.26784834855077,1.25258666326904,0.160561939417314,0.333766913575486
"386",9726,-0.69129337676412,0.744059181781609,-0.00928623422271475,-0.223803465985859,0.516177163905716,-0.0565431744484444,-0.244035696198931,-0.323010224588414,-0.169558423502331,-0.0207584330595613,-0.419202997088845,-0.344327264167356,-0.405027002497413,-0.923098423093881,-0.225951777350095,-0.21528780122658,-0.319715829356692,-0.34173168305547,0.217153129645549,0.0442172241289111,-0.993262553890543,-0.860324934271546,-0.102121192455921,-1.00890139577277,-0.301846331000681,0.207263538691666,0.0304521503685321,-0.166296692226592,-0.414823909528499,-0.270040815625383,0.215768642815376,-0.369416446523115,-0.0712807712393249,-0.0121898651414398,-0.959535621313616,-0.305258236675054,-0.560212379430639,-0.535280373870624,-1.00924498826335,0.0195008616427128,-1.0784514020798,-0.0663000364472506,-0.595340550778184,-0.322237334909425,0.524666068952846,-0.377404646152684,0.606062912389521,-1.0843257714776,-0.823617078856223,0.0834631346173184,-0.228722248560809,0.18902753103074,1.56974061028742,-0.637181758898687,0.234116921751145,-0.312896108010272,-0.99246692118294,-2.04827527008597,-0.359416964359798,0.340069989523091,-1.27108203248745,2.93573966251678,-0.0441457750699296,1.39092445177093
"387",9732,0.541431017958137,-0.541281217382934,0.0644978589855374,0.040497562318121,0.172586539474255,-0.0600881330662109,0.0397490356428083,-0.358028803963776,0.311118625376956,-0.233962443795216,0.0540716911502644,0.19741618545174,0.347547865195889,0.48796091430022,0.060450402670809,-0.137616997995996,-0.134372299486213,0.167110781724332,0.00226075303079809,-0.0408090240283871,0.79595836979645,0.649896354517502,0.32542840005083,0.988271784363168,1.01383810478099,0.114913048034356,-0.353044965254381,-0.0525571760812225,-0.122621407695651,-0.196850638945214,-0.0529056300333889,0.374430169686442,-0.291092010904422,0.412808803782634,0.191715580028544,-0.468338336004216,-0.151797220204869,-0.0437132433714554,-0.174263286058307,0.239031505626441,1.11594901715943,-0.328821267830818,-0.472945188043347,0.118812171145732,-0.438473975704198,-0.466358143987301,0.434553732883049,0.827164306508989,-0.172062533028993,-0.500196260444524,0.384852109282899,0.00820332243750442,-0.233659926924541,-0.0251427494672852,0.123228125017584,0.304939132470299,0.206681487275652,0.134774382459211,-0.211096343448364,-0.474936758683504,0.839773308619731,-0.167609496981009,-0.090883628128333,0.104448981120271
"388",9736,0.259942770344393,-0.477070977558376,0.0710053523169502,0.190181944150799,-0.120972190600874,-0.225645933916368,0.416997649018871,-0.044870906849716,0.201532105699421,0.0564652909325756,-0.0478563182062929,-0.0297381982338175,0.0906481834179709,0.451769655562704,0.23342373459517,-0.293941881522076,-0.129827269158992,-0.126250938143885,-0.146605322941072,-0.107154134202381,0.258691379305069,0.711003578836508,0.0879008486581922,0.991365076767582,0.729048320093882,0.659609383922617,0.0578105710314453,0.020783822089436,-0.179540198645082,-0.0772230502448055,0.539105321258619,0.0237039379400588,0.0037526595403256,0.175313731644156,0.175352618791194,-0.396130262004813,0.173525846553565,-0.249336095344961,-0.356331071429411,-0.402727598456075,0.722060780773777,-0.614112696672645,-0.289352143941092,0.265828673164117,-0.0498385190881979,-0.466358143987301,0.707618731452504,0.569313188028998,-0.469027743559963,-0.299279241272146,-0.330955070276817,-0.139743757320598,-0.439678756145001,0.238350631633915,0.46737103788719,0.737321152458027,0.126011249852582,0.241291341260469,-0.324744611419462,-0.628527896982489,0.331221678296151,1.27912529473276,-0.308109195545345,-1.21888453716309
"389",9737,-0.413040626119965,-0.501079335749077,0.162066658449883,0.0159789660416906,0.0518516449635663,-0.32463049662833,0.228568547038459,-0.122036433763137,0.190620818805146,0.0632719043106966,0.00612401976526866,0.0367810427368185,0.0846481913552611,0.0826026737471637,0.0345173046288803,-0.491067811631586,-0.343614739937523,0.142920839794002,-0.213737149873648,-0.122690376897511,0.14827817465551,0.442568291180547,0.10887513460676,1.62116113289162,1.1938735643753,0.359610292088964,0.145097973126386,-0.084660758137369,-0.183726170206656,0.0820809853711575,-0.0309379391653353,-0.249463462924358,-0.236858565771385,0.40926968142949,-0.168269567193167,0.264043273303304,0.0869996113639241,-0.130460384047776,-0.697270550015908,-0.636838648897132,0.288861375448573,-0.254896916607805,-0.105759099838838,0.118812171145732,0.0177502559754544,-0.64426513965653,0.110288633845627,0.0266879488888748,-0.341770943742621,-0.22545814644501,-0.273302390306115,0.0739575801077722,-0.403625461031421,0.220578448218663,0.410959938307919,0.549901089344755,-0.0447519104393415,0.214245741155863,-0.128267944757557,-0.619572559904436,0.000597099570194443,-0.130090126024024,0.285128182430323,0.453964257867713
"390",9738,-0.0215454772693506,-0.534350779921465,0.103690821511556,0.323262120253592,0.07904109127376,-0.268040648830497,0.0851966359805803,-0.162477219365843,0.499492084659411,0.0945756130571084,0.0864892409797878,-0.189362778049208,0.59951667573584,0.359610153952842,-0.109474943178498,-0.260924741187974,-0.0907748019357638,0.108734140514106,-0.258141969107971,-0.22993487214015,0.29664090272101,0.300712249223095,0.295860219191356,1.737736865826,0.774948027935221,1.02460829544813,0.167677417604213,0.135031976768057,-0.0368803305921786,-0.1464117877583,0.0738102205986952,-0.0479528652145219,-0.202328520075661,0.421582856083858,0.159574049026606,0.112181942533369,0.105267834505436,0.0584217916548627,-0.310533447654311,-0.521764047864255,0.667517699320605,-0.402106787641487,0.0166362628959979,0.207022072356764,0.136030612336846,-0.555311641821914,-0.207988316830348,0.594814655694029,-0.380920063986843,-0.159819192670141,0.0153744353387058,0.18902753103074,-0.419812654755886,0.324324580192571,0.612578137131757,0.806401580045497,0.418469004416283,0.246278529932257,-0.17899231294805,-0.78155044245112,0.214391864166544,0.316646842728389,0.0205524756703064,-0.150108616216217
"391",9739,-0.225381794506889,-0.553919190374602,-0.0465249093092017,0.149029473789258,0.0527688790219543,-0.26746433319886,0.0381605910039846,-0.0693762215990221,0.146857764290098,-0.102433763756382,0.268662437353099,0.103731046346542,0.144282596493366,0.359168948013719,-0.170900123844461,-0.330977711707319,-0.259773940171961,0.29365858009031,-0.291735834951216,-0.00126455778981131,0.268319617281142,0.737192387388307,0.178855578761028,1.55891686253507,0.66245337532035,-0.209070721457998,-0.196064234278241,0.0918352141874201,-0.0136104418247129,-0.376536054703494,0.406753089029665,0.164728862041289,-0.041858675244853,0.45835756151211,0.0666558048573658,0.214629697240153,0.466667101614998,0.0479377317680559,-0.605433504062878,-0.333244420097356,0.774533770223539,-0.942227818192519,0.0166362628959979,0.0306022699347018,0.102236224805019,-0.288451148318072,0.233838787687964,0.412049719294286,-0.377118639456176,-0.412374613150173,-0.209406907366819,0.172588966613174,-0.348441846061655,0.469778864765502,0.806619479663018,0.798478163589163,-0.0819277973291957,0.256659726879203,-0.226506278088509,-0.685742550536715,-0.153849853526317,-0.524040271569692,0.19661879839978,-1.44621049984907
"392",9741,-0.108903898942581,-0.531943075731657,0.0415379109602213,0.129649799343189,0.116171639334643,-0.187740054114208,-0.0170016810436505,-0.237988827390435,0.224737248493268,0.0552712903596694,-0.0529556018091109,-0.0265606252919289,0.313920353014263,0.61192444621777,0.106540509518053,-0.187146591634726,-0.252073451584706,0.159247921111763,-0.327066887090769,-0.408912020541692,0.245135114208017,0.632437153181102,-0.149626702734446,1.57642355380592,0.698719532416784,0.207641817869037,0.668062355748546,0.0494957732669139,-0.187093178350499,-0.260550194041901,0.476617138623024,0.313584786809662,-0.124784741430666,0.136128746222837,0.0824343746219523,-0.297099132268341,-0.275780393541251,0.0856465278125423,-0.664554762345117,-0.0948899686045794,0.713151279503679,-0.325353568943289,-0.534142869410764,0.177618771953087,0.203619387400498,-0.288451148318072,0.472069730406899,0.250670759026314,-0.58550524592728,-0.244549808900303,0.10676408126181,0.0575190156902056,-0.362421695187329,0.256235676565981,0.748992620530434,0.671139838659741,-0.435220966821553,0.16587705878078,-0.261178631028845,-0.822773422651681,0.16403352369055,-1.31242720111119,-0.017001083118979,1.21038566240338
"393",9743,0.0269869792157776,-0.556592487102809,0.0997480863287628,0.123772044350881,-0.103151241536094,-0.275342357769631,-0.00105922831691531,-0.143560618455991,-0.0692574749419376,0.154094725019032,0.148758336021455,0.109929126757762,0.221634680069173,0.574856182031682,0.273391798764139,-0.0996558767887872,-0.244929643761062,0.0776570215814308,-0.166936758608817,-0.0103734493881633,0.38061576143681,0.396737876214896,0.32542840005083,0.968453790470719,0.649594240376712,-0.0208022613218079,-0.407266635553792,-0.136463609424316,-0.0435027285907932,0.277784608029885,0.21980705779353,0.195051535534235,-0.053010357903059,0.554617781346259,0.301581176907897,0.10774542951222,0.548909509285057,0.394757196733247,0.104660927092845,-0.38635732141295,0.68241152620575,-0.30976953774729,-0.411747506675928,0.236425372760441,-0.0667357128541113,-0.288451148318072,0.103933585751407,0.498736815913941,-0.53107602535152,-0.164546651944786,0.213352945325577,-0.304129401496267,-0.523557850899046,0.285397615779493,0.400802379564588,0.35877266305961,0.0816885988534952,0.150862715841108,-0.243842454558677,-0.610475074618795,0.537964244441769,-0.589526226169203,-0.106530944290542,1.26518892300684
"394",9744,-0.425982614774839,-0.0393936485087066,0.0993305927097987,-0.114450938934538,-0.0665443270281643,-0.0339663655674453,-0.0874316375351428,-0.323607928246414,0.254422078476096,-0.126966090609605,-0.0198259781454191,-0.241469320696461,0.410024323984957,-0.203033522739222,-0.141191275482709,-0.231572569719861,-0.377947661409605,-0.183365251430725,-0.158173267258709,-0.139234939014427,-0.0710187791287425,0.344360259111294,-0.86220935691236,0.217867782233914,-0.0213293020030558,0.556613741897929,-0.398352671262689,-0.075410123738677,-0.139016715858334,-0.280258437342532,-0.0926659416910406,-0.127039408864613,0.101140770847895,-0.330737700351409,-0.525332757051066,0.0779137040251766,-0.301235533926419,0.00972164250324128,-0.62776186878271,0.330616569083925,0.60166365867981,-0.734685614409867,-0.595340550778184,0.412845175182505,0.406385712591455,-0.466358143987301,0.35222334490988,0.137527877864351,-0.583869688031961,0.0710990103605558,0.144382152286585,0.0903961445253395,0.101120670558709,-0.666566682619121,0.0434856304382462,-0.293099240447648,-1.14029161547795,-0.612939644208568,0.796328133651406,-0.0993101201318469,0.0420669819615043,-0.15436098026137,0.168317565689014,0.148748045792415
"395",9747,0.790564294711215,-0.630627208118389,0.0485446154639917,0.0486970643236573,0.00372684785039128,-0.196646729357339,0.0262950768246517,-0.208646663730766,0.247251351822805,0.260270327661472,0.291326112812074,0.086683878979762,0.424719241710455,0.363014824265262,-0.0558693186268988,-0.426803291022674,-0.206667021901974,0.10921403618309,-0.0692189773761809,-0.0329972889146372,0.582474154044565,0.5407763232498,0.32542840005083,1.07334277941611,0.289528496006382,0.0106097255113954,-0.577659503400811,-0.0784941743909902,-0.0284734137552973,-0.125455868306723,0.0379854742905205,0.567984011017909,-0.246855691571026,0.221279544671153,0.343657362946799,-0.145084818290782,0.0493302520178608,0.109489309168022,-0.268434041199495,0.499326954974315,0.788401580723145,-0.373576113446619,-0.166956781206255,0.383441874778826,-0.303296425576894,-0.288451148318072,0.35801711569915,0.999541106067532,-0.518015578855289,-0.187638472247855,0.606921310178998,-0.221936579408433,-0.43526406694742,0.224325322841657,0.564384512825759,0.78231702686058,-0.340178211273676,0.227356558404731,-0.307408434949293,-1.01730324473605,0.751645332606753,-0.0850533892920966,0.0277638474667991,0.192829664586006
"396",9748,0.463779087581932,-0.2657810434189,-0.0446378737748922,-0.0447218934670585,-0.109906477532793,0.175243073266731,-0.0150499510405206,-0.224585670037635,0.388974461614653,0.0559429918966253,0.0999054093174235,-0.17110379580804,0.0614968222632824,0.135182010014117,0.0610175252894376,-0.265835413116174,-0.233903954045195,-0.00817531301897805,-0.200061523819699,-0.130009078848796,-0.066877954654565,0.213416216352289,-0.228802545281072,0.654740297322558,0.008186298088438,0.215896797932926,-0.153607083480992,-0.0989884103231884,-0.0492762318974551,0.0157995408158891,-0.125645016488424,0.0665869355954389,0.207897363503922,-0.244124332706653,-0.0473005323313254,-0.0276447092366653,-0.546794440340229,-0.245954140542767,-0.575251424545926,0.109979825299986,0.622576669698218,-0.573089406557227,-0.534142869410764,0.265828673164117,0.254310968698237,-0.288451148318072,0.861802907875555,0.131772154198271,-0.297353247239407,-0.242004253906263,0.0840102236019235,-0.0904280640678972,0.0466728371218725,-0.0840803813301922,0.230555188048873,0.243426522427455,-0.821076547387522,-0.888153319898476,-0.359416964359798,-0.383251164789155,-0.583625012205561,-0.36451789649141,0.068855060344923,0.108712557338692
"397",9749,-0.409805129150376,0.313606243809023,0.031655888526057,0.00394623803678603,-0.0777863307719648,0.0293448365350475,-0.0927515224102568,-0.0725428814509184,-0.0862627952078802,-0.0136084528823478,-0.115418292709878,-0.435063896633452,-0.205419505119925,-0.553200889424622,-0.235417393012269,-0.485443305579046,-0.315126013668344,-0.295468225086009,0.0933048874959951,-0.00818497751874696,-0.848511682418736,-1.30553467965216,0.0879008486581922,-0.720121588312637,0.081952885782918,-0.0279569724468148,-0.0316479655639001,0.0426385932564276,-0.278845102548563,-0.190389155622782,0.438100278146316,-0.303826355668644,0.0755372409004952,-0.0063625946437855,-0.561565028362343,-0.356915566450051,-0.6967992105933,-0.879563372734168,-1.12544865480475,-0.049821429472339,-0.218273786975448,-0.565824449778631,-0.0445614184714189,-0.0870109316800072,0.710535200377889,-0.466358143987301,0.687598271272463,-1.04038080471907,-0.776210290499361,-0.33146232941107,-0.593876473891829,0.320536046371276,1.71689691687347,-0.614755933150888,0.283359559803344,-0.510109714213955,-1.10800586019871,-1.38684119203001,-0.359416964359798,0.281647076204366,0.486683376826039,-0.849047834912526,0.0489217401904729,1.36432906134057
"398",9754,0.00541421432355449,-0.6004611999895,0.158498147167996,0.0260507597409837,-0.0964453470497134,-0.255067170643823,0.172139248356648,-0.131841291079266,0.420028511509468,0.0124986966757225,0.044178571170267,0.188137099736212,0.150187367897455,0.397535648095978,-0.132455264229692,-0.267000737358149,-0.280594794725228,0.0526065012780379,-0.176491429052222,-0.0885699523364198,0.529291529957775,0.5538707275257,0.681719727139787,1.0524849468519,0.229992977861021,0.38953681708727,0.306041843945359,0.0343422981187169,-0.168320475660883,-0.317015273546944,0.242278571681488,0.465324996016006,-0.086333206670637,0.361728943368675,0.504365017956491,0.173426219986254,0.330646726983855,0.14161787978888,-0.650971368787432,0.036796240336924,0.850490061432401,-0.597500854970385,-0.105759099838838,0.089408870742055,0.00085306220954098,-0.377404646152684,0.883897853387143,0.8138668286322,-0.701649192866639,-0.398919536753109,0.378534561283865,-0.156182321738165,-0.522822069366116,0.301573646989816,0.689257944049051,0.735868972839841,-0.214693305430095,0.188372498153564,-0.313187160439349,-0.753831541971433,0.582528265893188,-0.249285726041104,-0.132246968244074,0.0884404509698437
"399",9755,0.298768735532496,-0.367925420332947,0.0395289161441384,0.126776155983148,-0.0294315140033526,-0.137326057973216,-0.0177560805170588,-0.209860771831162,-0.144403105688545,-0.124703506002416,-0.151779553902739,0.0243766887288351,-0.220524346176722,-0.107480604040481,-0.233176777714458,-0.450730574514489,-0.336867687837127,0.0572815412166593,-0.216499069751908,-0.347665050628529,-1.1180919206594,0.0562833650414855,0.721307660289481,0.36180759110805,0.737028824955353,0.212434012565134,0.81802742567077,0.173315827835936,-0.0992119499623785,0.242040389309719,0.496290537322774,-0.353251264197217,-0.536365934756014,0.550033175980353,-0.485009745430453,-0.100668693676741,-0.0847783318194732,-0.700319768217783,-1.19489664944014,-0.524237689235636,-0.0571535159631367,-0.0574315225156062,-0.105759099838838,-0.586867038542522,0.338796937527802,-0.555311641821914,0.490189319037497,-0.575774283896665,-0.832775703677749,-0.27473281811534,-0.657709710150035,0.205466095448308,-0.0489787621590561,0.350881540366644,0.640351112040124,0.150536110553858,-0.128766799811,0.16241258113946,-0.0935955918172207,-0.449634377732816,-0.568283782999055,0.577107834318663,0.0569494936997762,-0.571509219110033
"400",9758,-0.0506649511604275,0.59358395358461,-0.0606936109302752,-0.119994105004662,0.072695646585671,-0.0539111159080624,-0.0527412027528606,-0.555247375342814,-0.254062221115968,-0.0798287909423835,-0.271261991117007,-0.0549485617667524,-0.276744434564424,-0.369413643262441,-0.0425897179420143,-0.071429213261675,-0.285441957996558,-0.132217855532,-0.029146953654069,-0.136171004615308,-0.0778471975855698,-0.244887933304226,-0.339648743848559,-1.09522365889656,-0.961898725640149,0.450213587276898,-0.134037641056352,0.0470497417849814,0.0682365345664575,-0.187675494732828,0.0575464654756493,0.0579198316308707,-0.0374604251438433,-0.0512559458434538,-0.783633788012099,-0.169715114718543,-0.312989506955454,0.291607575266273,-0.986834793838525,-0.265350003269849,-0.583328569029182,-0.168330744831995,-0.350549825308511,-0.557463738138843,0.507768875186932,-0.466358143987301,0.12737819830128,-0.877885161160674,-0.554498294257772,-0.275823770255641,-0.419166214413679,0.18902753103074,1.10472668147552,-0.210582595335941,0.402931146179057,0.0203769137241562,-1.02225774147086,-1.6169889798799,-0.359416964359798,0.619391217433784,-1.47471353473725,1.9638989970458,-0.239873290716257,0.979737907244772
"401",9759,-0.613641446387915,2.19833481771077,-0.0599559010414436,0.0282559514228154,0.525056230632156,0.294219277843507,0.0272513789288093,-0.238843880018857,0.536696729693695,-0.0955865004276679,-0.233743357379433,-0.573375164905795,-0.347766569076895,-0.86957126643888,-0.47805942633231,-0.204419257727029,-0.264188826611379,-0.599785898182705,0.301036307522122,0.072733016554695,-1.70062896558075,-1.38410110530756,-0.802827469064201,-1.09042889145256,-0.161785587689577,-0.181082013028887,-0.710581477530435,-0.0654882927368867,-0.355476425566793,-0.609886274892424,-0.206978365249871,-0.328652076177428,-0.221671698914615,0.450872300194405,-1.07582952439336,-0.741515350421457,-1.10659510761462,-1.45804674164977,-0.817049779312522,0.347549951479885,-0.727028820541111,0.30392364256586,0.0166362628959979,-0.263430734102072,0.795021169207455,-0.377404646152684,0.133383619562141,-0.927327390764354,-0.050510119685336,0.23237810176861,-0.29324632495282,0.599991641469913,1.95823325967458,-0.485164905067533,-0.473349503572572,-1.51042979247417,-0.808561417812309,-2.20884964070474,1.95207323166261,0.832968899334963,-1.75401769617429,1.33949993797421,0.480379475410845,-0.390608846023809
"402",9761,-0.633054428981966,0.476245869159422,-0.0853808489503698,-0.266229425387923,-0.0251161801132039,0.0991610829347228,-0.00510150439193066,-0.545320399179543,0.00788816116662248,-0.178885273746613,-0.0192214805130686,-0.171659289065158,-0.0205831255567262,-0.347074820860021,0.0345673648375934,-0.550999302843577,-0.370093246887469,-0.0913783196330794,0.0976658919427648,0.149787666175045,0.92078773656531,-1.88168846779178,-1.33726445969764,-0.93023836879495,0.159041707051003,0.213134273496613,0.418849598939714,-0.00849206542341183,-0.0814566539270221,-0.273472112918465,0.0950046961250463,-0.569670087921512,-0.242219056337142,0.336803187955527,-0.777789873284473,-0.235242921984953,-0.516772244169718,-0.54762450889864,-1.29329374757383,-0.47512685810626,-0.939248319399786,-0.588977736674289,-0.472945188043347,-0.763286840964585,0.338796937527802,-0.64426513965653,0.322179921736782,-0.888866432449904,-0.728378765408309,0.0123694201409373,-0.42358205278579,-0.0246738063976295,0.697103712232184,0.0496634635240457,-0.19531459796894,-0.478421844580831,-0.598553384440646,-0.0412500403276512,-0.207243859788319,0.678311649479068,-0.932365698049264,0.316000241908784,-0.0909516599377343,0.0197859064212721
"403",9762,-0.0603714424574532,-0.127783546497174,0.0392343868959587,0.0184595836110444,-0.034480638131698,0.311203087170287,-0.0827762727031062,-0.11682466295256,-0.0574192811241343,0.0969545803388169,0.0732187137018012,-0.379889484399605,0.229978462996732,-0.0218631480059722,0.101690509725528,-0.3547448353636,-0.318691506006473,-0.076678481936212,0.0959129776256425,-0.201956024366033,-2.19994643265619,0.737192387388307,0.32542840005083,0.688261204132584,-0.0826051092569496,0.167656819914209,-0.491542263963977,-0.0984923458439774,-0.188518474404188,-0.425664742093384,-0.493341686726253,-0.0724991601862647,-0.054185889953445,-0.0894377956517526,-0.049053706749613,-0.650745313896781,-0.385637557122863,-0.287213989129557,-0.269832654416246,0.508336640619672,1.0831891497336,-0.352729477813217,-0.411747506675928,0.265828673164117,0.355694131293715,-0.199497650483455,0.0461309079914909,0.155202621695598,0.115455358117403,0.174012162262426,0.314610160595088,0.304097481953709,0.591151171490233,-0.887629824715554,-0.398806322997981,-0.754907501048715,-0.997930516838231,-1.14540286027786,0.796328133651406,-0.419641105931718,-0.104005023176442,0.297489853428447,0.159065239610495,0.32731248069082
"404",9764,-0.448631094338479,1.55361501147083,-0.166525094482854,-0.285862038482559,-0.0428405333204683,0.183739307711887,0.15571394276474,-0.537319657471442,-0.0226127510111983,-0.0524652765290926,0.276754430254617,-0.19403757088838,-0.247662870854035,-0.722619652004922,0.148182524266833,-0.567674347679935,-0.333074974375013,0.062062031240843,0.475625543223271,0.147649333384417,-2.44960516619391,-3.21731770393363,-2.52490221666083,-1.18452944316874,-0.179609865997193,0.190256778495431,-0.087688215679431,-0.182791752427303,-0.116433172328399,-0.319896832665862,0.113706522606287,-0.534339352683359,0.108961401209939,-0.0333479755376135,-0.705325330661921,-0.516834012821614,-0.742257347247762,-1.10040502131756,-1.01460793970195,-0.0391224277684784,-0.945674046251511,-0.255884677449631,0.383822351100507,-0.439850536524134,0.389488518825541,-0.64426513965653,0.562120895286657,-1.26925448885256,-0.816047956866223,0.445659245197751,-0.297477138741379,0.402728868459111,1.81696320535198,-0.573792236592223,-0.385563596808194,-0.710389138440538,-0.940710551320442,-0.92648487532779,-0.359416964359798,1.38158990652139,-0.96029494687364,1.21737927601066,-0.221436670368619,0.44970103494543
"405",9766,-1.35133478496186,1.15136359861316,-0.112272310784963,0.126212999656094,-0.0462744810198093,0.0740526033656685,-0.17095809864584,-0.652656330834495,0.122784990966091,-0.0790879331473459,-0.249851830776613,-0.464079192465533,0.0977614928228381,-0.862422656104224,-0.141400615031468,-0.110358813785411,-0.284291387497444,-0.271561449957852,0.18835052614117,0.0766566444209099,-0.912885352322279,-0.609660625717796,-0.387709645110181,-0.920888233696964,-0.522978451495617,0.584739737025867,0.915800229267639,0.0463325905216559,-0.206577717880921,-0.208864809759779,-0.204710199352646,-0.433609314546379,-0.178154234053323,0.0475104739515117,-0.758504954683311,-0.781647945221974,-0.898280718148232,-0.401354963703666,-0.949512468691058,-0.313676509086348,-0.576405163333058,-0.444231443529261,-0.534142869410764,-0.322237334909425,0.288105356230063,-0.466358143987301,0.59163202083304,-1.06721433969197,-1.09941109742813,-0.319098205154309,-0.847158954433878,0.238343224283442,1.71101066461002,-0.688665838370632,0.233443892605269,-0.522876702520406,-0.561431792162397,-1.29033043349939,0.796328133651406,0.771489799553093,-1.77164465629204,0.970996177026223,0.0319137878402532,-2.78015226007486
"406",9769,-1.15073396469391,-0.407005929220516,0.0436725927932704,0.0407833206564977,0.262974647166666,-0.275133826801072,-0.241062303931698,-0.672364176568018,0.0575997657717972,-0.0853937546001499,-0.138699348224884,0.15131010966705,0.190038413922992,0.0378271171789879,-0.154743250939065,-0.207668094147701,-0.0873938843607545,0.016579252559088,0.0212418001840728,-0.15557414701395,0.00674218278595295,0.213416216352289,0.206664624354511,0.357975169724741,0.112905814186271,0.900684827080565,1.33279358315985,-0.0431183848908226,-0.275243098029016,-0.155833140220453,-0.230877495811688,-0.702441582538427,-0.709657096995354,0.456606639805655,-0.321380133056947,-0.0309593454018899,-0.362766874662751,0.0951160012586867,-1.0329140826617,-0.937476574594524,-0.739059629128987,-0.286946202498943,-0.472945188043347,-0.351640635313104,0.321899743761889,-0.110544152648842,0.0126421963581006,-0.411287166577003,-0.386623449263489,-0.592018065586653,-0.0091884971234974,-0.221936579408433,0.358644207084285,0.224842588856731,0.661493999234353,0.738545186241933,-0.430193110509872,0.174131675614797,-0.209170101618341,-0.66470461581367,-1.02876599497818,-0.129862493161974,0.588958243214646,1.87461364290168
"407",9771,-1.16691145031838,-0.561260568778065,0.0262606216052325,0.00939075122537415,0.0122975931937972,-0.574411538051858,-0.173591026969414,-0.467965288202698,-0.497072888460005,-0.105963672044878,-0.187261119314275,0.382615053656282,-0.169511183874577,0.139017576543831,-0.0505716540559724,-0.308087651988449,-0.110596942799861,0.2504122098049,-0.34184354607611,-0.400748870297193,0.79595836979645,0.693544377500108,0.42642335207183,-0.0739175176180733,0.136409142441729,1.32323155727112,1.15677667086443,0.178674392404438,0.23355395986466,0.30142507441317,1.51216197137854,-0.221338530538523,-0.451914533146989,0.16782404762984,-1.12082766779607,1.95369180712836,0.483696201093845,-0.416911955793767,0.084673393234615,-1.22980869633761,-0.658856898430074,-0.221782388171068,0.0166362628959979,0.177618771953087,0.541563262718759,0.0673628430203868,-0.583962434877067,-0.489428488104647,-0.582652859688598,-0.49492332509973,0.0324030687325889,0.172588966613174,-1.03786914241727,1.36752322489221,0.329707760396055,0.640602843587524,0.667393340593506,1.57191544384173,-0.359416964359798,-0.183177562608849,-0.42696201728392,0.259719568091265,-0.689427487237263,-0.79818832108028
"408",9772,-1.30280232847674,-0.492115404836802,0.0487485467520726,0.127360113132087,-0.0612097406751585,-0.351056000763237,-0.0809371490953216,-0.210206211742552,0.139111546991176,-0.0957022277959792,-0.282177343861946,0.231693604159609,-0.106828286641705,0.0389336887048668,-0.200473833171926,-0.398153112781757,-0.309673299616117,0.057054295896895,0.0072234079793124,-0.0731111256612913,0.0469821691832903,0.501493110422098,0.483780108896843,-0.511470410390784,-0.270376204645304,1.28827579579456,2.3451552448717,0.222377640333592,-0.081795810530708,0.204395905800565,0.326407162289519,-2.10696017876005,-1.82469828214321,0.171286883822127,-0.769024001193035,0.90545086847598,0.434131254585832,-0.282141056926263,-0.663857296490935,-1.63063915302867,-1.2066694317184,-0.298887415686391,-0.840131276247856,0.0600055703383784,0.389488518825541,-0.466358143987301,0.067321531267899,-0.752713911024691,-0.834234085885022,-0.714022879943817,-0.665154560247506,0.18902753103074,-0.253526028313656,0.247902976716178,0.488278573878404,0.255514720812144,1.02294510568432,0.27139124957008,-0.174497748678005,-0.600453625983831,-0.350004608537901,0.116288724017518,0.394455300137528,-0.307071340952689
"409",9774,-1.2154439068035,-0.0611913705894924,0.106279269226487,0.066898003715156,0.324176950132331,-0.543167984613478,-0.236290066131787,-0.432671834063856,-0.59382981074094,-0.176995832876933,-0.187872473683404,0.332521349708037,-0.418316619129602,-0.315309740116452,0.0927558564846025,-0.15135063695125,-0.182873718100852,-0.0209820289339264,-0.231269092509628,-0.194670805812009,-0.285896142200336,0.388008268999493,0.32542840005083,-1.32209989840027,-0.30399187415194,1.44863061073266,1.54713885885703,0.0714841463119584,-0.0695404194802997,0.214373616496576,1.08276132395871,-0.780533407122976,-0.302049228744799,0.206483249335487,-2.36324393888918,2.7473686882913,0.447442983076583,-0.381570528110824,-0.0908221214385471,-1.80608669224762,-1.30103984017,-0.0121064272658146,-0.595340550778184,-0.557463738138843,0.575357650250585,0.156316340855003,-0.743107860971345,-1.13887425909477,-0.716838413457317,-0.584199575247818,-0.697203513840339,0.238343224283442,-1.11439042184201,0.940449014250688,0.466655388298396,0.341921097592824,1.09263437454558,1.56130276988051,-0.359416964359798,0.529624624341874,0.108039194345907,0.356007809051078,-0.401720965280947,-3.3287069222141
"410",9775,-1.16691145031838,-0.0717904103024359,0.0175183064963895,0.192535113896414,0.0534137242431775,-0.560770270151403,-0.102477170961645,-0.371553088530279,-0.296235716021329,-0.179495980610728,-0.189062784316163,0.41944680703388,-0.472411544048752,-0.278671413745207,0.123394097263428,-0.0111586088852872,-0.0710306474079482,0.13638478373482,-0.196491741403625,-0.285464844131548,-0.618774453583963,0.606248344629303,0.407758088896271,-0.776777415766102,-0.22807441662111,1.24027878560256,1.45278884747131,0.204940621967896,0.221151068869181,0.491770702563373,1.24661928284202,-0.686237176634208,-0.393822071368746,0.108862941122923,-1.6847654390119,2.4251350586287,1.16560365444396,-0.333039476699312,0.42361159670431,-1.76616654491273,-1.09998346678314,-0.346745586771972,-0.71773591351302,-0.439850536524134,0.169824999868672,0.0673628430203868,-0.348004369930838,-1.35385733090344,-0.950193269751546,-0.455103571978688,-0.297469786771171,0.0739575801077722,-1.08201603439308,1.62952559717489,0.290589669514047,0.289641246707002,1.48939892286519,1.56426207330389,-0.359416964359798,1.0854241160115,0.052602261706923,1.25086799932327,-0.604931979961371,-1.88597540597746
"411",9777,-1.19603092420945,-0.359006690484977,-0.0427045914234278,0.131975417564558,0.100483822946234,-0.447587309777329,-0.122339255987704,-0.39992699688517,-0.330618141432718,0.0514786866839095,-0.0755514222460896,0.237707889987004,-0.217388547955856,-0.407903031856113,-0.0341474543847699,-0.418240844489624,-0.318044136514709,0.0655581207935638,-0.0310943242287651,-0.186943453239326,0.281908560693415,0.632437153181102,0.359234874108757,-0.236364060424621,-0.103403147354069,1.87128005902882,1.86671196383665,0.44501334121392,0.145195243780471,-0.0446425260143046,0.641504771675463,-0.741168306075076,-0.13359336870601,0.534601959432668,-0.520073233796203,2.00070864627204,0.614441449275247,-0.173580307775775,-0.369925765172556,-1.30446037739913,-1.20334527302354,0.170902739416526,-0.166956781206255,-0.17522083289104,0.710535200377889,-0.555311641821914,0.0506624517739984,-0.70568729601662,-0.472426192313769,-0.366736448614184,-0.68600866880586,-0.156182321738165,-0.453658605270675,0.595975738551978,0.381710000132558,0.129839122250251,0.470876011929239,1.49027949041226,-0.359416964359798,0.047813274721877,-0.299766718238565,0.0418255137191087,-0.252799334502424,-0.496218176701587
"412",9779,-1.15073396469391,0.0352025908951962,-0.00868038183401852,0.032538691892104,-0.0228643282294651,-0.55903528751641,-0.15961090444061,-0.320803413742187,-0.715597726705438,-0.0883056477025799,-0.300859005534075,0.466728807956775,-0.109739640208331,-0.491537430222557,0.0414933386475714,-0.104713770641769,-0.122781098252865,0.0995451970140222,-0.146265916974713,-0.145474629194963,-0.161066775431476,0.115208184283036,1.11718689677537,-1.59906972075038,-0.126671757315927,1.09825421414444,0.949689769747533,0.124953949636566,0.270399638847237,0.931633973573889,0.801423737744376,-0.58214936073531,-0.558306478313645,0.330591233293724,-2.17799184202347,2.27541549276553,0.853450702043359,-0.807020442227067,0.153785129120491,-1.64180070555808,-1.36859816836402,-0.109724212329523,-0.656538232145601,-0.851496742175617,0.406385712591455,-0.0215906548142258,-0.354188332208545,-1.3876096632366,-0.819152765384864,-0.213094022188247,-0.805575965876366,0.304097481953709,-0.945160669268061,1.1061938625466,0.0909065442749989,0.0747599666160291,1.53327257743846,1.54206729839793,-0.359416964359798,1.47618953867129,-0.685429959532189,0.809131583619402,-0.447846532054743,-3.49905298715044
"413",9781,-1.26721186025822,0.389507133808112,0.048388839389922,0.096676868339752,-0.0458133182137368,-0.523110925313286,-0.10554929366117,-0.642383958154553,-0.531575213360385,-0.194591998556363,-0.143631463378687,0.530259302544847,-0.624946957567031,-0.270615699750109,0.132538378619304,-0.310822427001506,-0.259073621433998,-0.0330044368090389,0.206268631032199,-0.370249060276556,1.04561710333417,0.108660982145084,0.32542840005083,-1.74012209231633,-0.00964865455768114,0.796576076353791,1.44026784128481,-0.00559486058317134,-0.0897471828727238,0.285292790438064,0.988674126877038,-0.818397798750542,-0.398410817796794,0.220460087109832,-2.10961803971025,2.50264655049247,0.491449574869022,-0.822070141096834,0.00345229577500405,-1.42253150334531,-1.45675284103747,-0.220890825052675,-0.534142869410764,-0.645673639349876,0.406385712591455,0.245269838689616,-0.262516741387173,-1.1118286537047,-0.908900405707752,-0.765479455894752,-0.319166431115271,0.0410804512726383,-0.616266324048254,1.01080451065245,0.463421279753063,0.421576272242703,1.22119205195628,1.22605598134903,-0.359416964359798,1.20418894345139,-1.11080070712818,0.414832060654941,-0.211367962577289,-0.503170878404077
"414",9782,-1.15720495902135,-0.155912763628276,0.00171005024535165,0.147142076077527,-0.0383755979772879,-0.637389341600872,-0.250406107959404,-0.412365972905807,-0.47926967189184,-0.16334377971564,-0.181234163606483,0.600770837474217,-0.381629095817208,-0.318065845259694,-0.00963649296777459,0.100371573364529,-0.0115709932285925,0.238855795366283,-0.0868371261651934,-0.298122059807463,0.16308483316088,0.737192387388307,0.439419003652772,-0.77999490238235,-0.179331486245383,1.05816353506173,1.21218622013774,0.172284768457532,0.18112513591735,0.255378329009453,1.22337803095826,-0.512236302134847,-0.436559657002932,0.161083044682121,-1.35925938868318,2.07465052995786,0.637276728202138,-0.768973450702362,0.0424922092295059,-1.62160935647786,-1.03730071133564,-0.414371408413427,-0.534142869410764,-0.645673639349876,0.389488518825541,0.156316340855003,-0.498568442178765,-1.17630800132604,-0.851690125135373,-0.55783489852384,-0.0682378063678914,-0.189059450573299,-1.19017591973382,1.33155676140842,0.343390514750921,0.552078883247503,1.12617159941372,1.63824465581082,-0.359416964359798,0.477598380364615,-1.26358847016514,0.20577290169112,-0.516830786787233,-0.229360871750758
"415",9784,-1.19603092420945,0.186382254005399,-0.118146801601735,0.15984667516003,-0.151185728526539,-0.569471094330961,-0.0543534764696897,-0.581528664766745,-0.610432260445491,-0.204652397884625,-0.407490904321524,0.429531903064491,-0.0910136808778915,-0.272883722834403,0.412136307122278,-0.0959579912873801,-0.195531998267908,-0.0685609854521187,0.101102350949627,-0.404484022803519,-0.0719564403806751,-0.0702958806570227,0.440106382746118,-1.36954098078668,0.345648914216233,0.881938772807694,1.15166374212665,-0.010687372333532,0.171255737814276,0.231829283038334,1.07667796142755,-0.669069012632994,-1.05374215775284,0.242938377127797,-1.49542260183685,1.9651655477003,0.723378120993137,-0.824268411718262,-0.0390267355528216,-1.76196336567193,-1.29023705938045,-0.168661743529355,-0.472945188043347,-0.880900042579294,0.220516581166411,0.0673628430203868,-0.664859932886658,-1.32588391743824,-0.822787376013708,-0.467285870878732,-0.455570230091575,-0.041112370815196,-0.833321876262668,1.34237620548727,0.191545074890696,0.314779684326855,1.58654795151753,1.63824465581082,-0.359416964359798,1.29082827597636,-0.845335239837341,2.30865058041266,-0.747118461609208,-2.72173249790742
"416",9787,-0.969546127408275,-0.492212481916996,-0.0288287651065918,0.0703098154836562,0.159974362551571,-0.27806719987786,-0.0818043317254388,-0.322032077459222,0.0297322898628571,-0.060505153755978,-0.121134342377798,0.0137013068876816,-0.221799040510866,0.295099261431748,-0.186416276751798,-0.572736033858123,-0.338629993426276,0.107148369811578,-0.38177845696396,-0.240904191054999,0.54629963625873,0.606248344629303,0.800483502836107,1.03341541633799,0.491129035795455,0.589365014800357,1.0117783700747,0.019078042353576,0.0487221900754277,-0.128525268985383,0.0199774239966547,-0.0915752895828634,-0.262162169017177,0.744561423718117,-0.166516392774879,0.00437977555968232,-0.186280261561131,-0.102897452409878,-0.608311487450738,-0.699886337509169,-0.152775891195454,-0.328940238892859,-0.166956781206255,-0.116414232083686,0.27120816246415,-0.199497650483455,-0.038755515179844,-0.410677464127631,-0.605812597843583,-0.384373508215741,-0.0412055921787638,0.106834708942906,-0.139479890709473,0.196884489944866,0.869570926536926,0.887625655420182,-0.213277922345506,0.143539682774743,-0.251547421878756,-0.890578117671223,-0.427160962424851,0.14954917774,0.362140190672111,-0.0704924963553951
"417",9789,-1.24456338069458,0.0052578927588556,0.0325708121469791,0.13050097808646,0.0627957805097211,-0.495618846933159,-0.196868123522381,-0.53519197741426,-0.537124623754386,0.0137272017532393,-0.241347193210636,0.167101075009442,-0.653959221694554,0.0497499615770971,0.15163655087456,-0.253925663590886,-0.186984127718576,0.115878720809103,-0.0460166053864862,-0.162380800335678,-0.0362374086626164,0.377096269801045,0.381603666639979,-0.95641877035167,0.152113961109542,1.78191036878224,1.1326762806758,0.0829772250002897,0.0585525370612738,0.594310411121474,1.20648788143501,-0.544997672619651,-0.500351687271731,0.306315570373384,-1.53691439640298,2.19377345429587,1.19484697288367,-0.314438725287236,0.0944931122529238,-1.58343885791785,-1.11544888937059,-0.212860343805569,-0.411747506675928,-0.116414232083686,0.440180100123281,-0.288451148318072,-0.392863599595228,-0.706253921662504,-0.845855739860621,-0.689112806073576,-0.34666427008418,0.13971183777804,-1.16148043994954,1.26589736755176,0.38569792469824,0.372034158373247,0.574801222395091,1.16352308395529,-0.359416964359798,0.642490301166857,-0.509495057782924,0.237135627354015,-0.69772736798417,-0.427799257038977
"418",9790,-1.26397636328863,-0.251758937652991,0.00704410851766674,0.132939756151725,0.174269494362716,-0.496720857391515,-0.155733884171881,-0.409276776713567,-0.369613797321281,-0.0580716824533602,-0.169907282015681,0.280681291636898,-0.162382736952836,-0.07485236031196,-0.152739700375733,-0.312042776283715,-0.257550552139855,0.316759476916782,-0.183605728428201,-0.152534559412738,0.54629963625873,0.5538707275257,1.51306615701402,-1.16025241966781,0.437898655512242,1.48010975940414,2.30928856354934,0.107762287636455,0.0614320292185219,0.226213623653502,0.964985621936017,-0.684497552084772,-0.223850720738408,0.672220816178496,-1.18920147010929,2.21340629927452,0.924470189682648,-0.160559781787321,-0.0978922844437391,-1.47590584643186,-1.01893615198627,-0.205996930721516,-0.778933594880437,-0.381043935716781,0.338796937527802,-0.466358143987301,-0.32543144587856,-0.861529230236221,-0.968430001439964,-0.539470537495415,-0.656588779759116,-0.0904280640678972,-0.559611146012627,0.719557963815061,0.49724422246865,0.368270779730485,0.5623845176827,0.717273596924688,-0.359416964359798,0.408727573788162,-0.325196575633473,0.160775181821752,-0.319606571334086,-0.610792145145348
"419",9791,-1.3966317444774,-0.0933024672225929,0.0909297915797414,0.102889472767925,0.1686481951518,-0.478211761212238,-0.300701509424641,-0.243906622900775,-0.444011499706275,0.0288366368983865,-0.24156413017305,0.221226567668916,0.0367245384739194,-0.17221946445604,0.0188623142834571,-0.477887829321588,-0.278292653084609,-0.177513929707647,-0.0717751986002656,-0.369156948816238,0.00113346311265531,0.0637658873824593,-0.228802545281072,-1.13714131256818,-0.631591705174112,1.21850748558482,1.5732527083355,0.307245122202285,-0.0270143505355247,0.0174151541069075,0.516294531804961,-0.571277045889148,-0.0167342757251044,0.217944987491615,-1.43230832277849,1.29571103112954,0.516904715254191,0.0120890108647789,-0.62063813164938,-1.22407708828197,-1.35660179831221,-0.151433843753346,-0.778933594880437,-0.439850536524134,0.305002549995976,-0.466358143987301,-0.0559488365358113,-0.852025824666665,-0.653355814375267,-0.6414745626137,-0.978297027282124,0.13971183777804,-0.149780832170496,0.87526676884767,0.607493403850542,0.256651481797154,0.261120796390275,0.457886178540766,-0.359416964359798,0.288256967857214,-0.480468975222572,0.253854860466924,-0.113538220658826,-0.313768283981337
"420",9795,-1.39986724144699,-0.345559804976312,-0.0504859142112338,-0.0290852569456957,0.183409536571116,-0.323336624842008,-0.111935310588997,-0.551374866091274,-0.0774169295395886,0.182569393015809,-0.154757665987927,0.210156407414366,-0.253030632806781,-0.0292234663653731,-0.368038956843513,-0.0777059027267025,-0.152905138755724,-0.062493671427774,-0.192249499522296,-0.240453210991899,1.3784954147178,-0.0671781553765451,0.721307660289481,-0.312847576379215,-0.0758881464587595,0.830196502457492,1.57114446675616,-0.0531290866914333,0.091470580582514,-0.319251308331364,0.37469515678661,0.862685016886986,-2.7883934376355,3.30813106663805,-0.49143805163084,0.115904533918931,0.0249372176292921,-0.310887672744927,-0.653923177667473,-0.846595392828083,-0.621873690532294,-0.324474570425508,-0.656538232145601,-0.49865713733149,0.288105356230063,-0.288451148318072,0.382091065282042,-0.312893120209356,-0.718814233594493,-0.338371692966319,-0.350366477214846,0.123273273360473,0.361587333216006,0.329449441062997,0.81502619761654,0.582099529437571,0.118974725098137,0.117350159790356,-0.0377345787466828,-0.767122399380924,-0.602380940134638,0.317134218342189,0.33676432576559,-0.0534591618200783
"421",9799,-0.924249167892735,0.0684085704198196,0.00128666604142386,0.0270690598988205,0.181495552160165,-0.133374377810638,-0.256139471763406,-0.521762266700456,-0.208774711205526,-0.113625706735222,-0.138802548121243,0.0657966580745137,-0.00804566773082584,-0.257244945133724,-0.150893307398197,-0.557126820252723,-0.278082048729849,-0.212103372663676,-0.421281186044407,-0.366725209303638,-0.288585330362185,0.147944194972787,0.32542840005083,-0.684764267070493,-0.215797235483594,0.178635805124802,1.00331351438894,0.0215459354141222,-0.125782830831172,-0.394978952835334,0.0328377736279149,-0.268323171239788,0.122801134415243,0.154220360857436,-1.14887845848867,0.0351294002924786,-0.360217820270913,-1.07943690154394,-1.16003068600061,-0.779364635880705,-0.995315936047191,-0.590395180680776,-0.411747506675928,-0.381043935716781,0.862609944271107,-0.64426513965653,0.190897167003358,-0.923139000025191,-0.640362303329266,-0.618746393024064,-0.80386344694944,0.320536046371276,0.982586947009109,-0.205333344448362,0.331804907013273,-0.0671166701822032,-0.777667538470069,-1.33861037896239,-0.359416964359798,0.151226095742248,-0.555508710167386,0.386858787229066,0.18961152203149,-0.123542466243033
"422",9802,-1.22515039810053,-0.266829666161399,0.000509999411429188,-0.0859605271556577,0.0624461332249381,-0.207145274106618,-0.155063721090837,-0.574471434234313,-0.012062832939842,-0.0683792555783173,-0.10970776944486,0.265425574873633,-0.0377140563220524,-0.0613410017479232,-0.171621467967193,-0.533097224933461,-0.389750302788484,-0.19072617478973,-0.0398694293439252,-0.0146586618078012,-1.1180919206594,-0.135767902036525,0.681719727139787,-0.741452643778251,-0.224727535734557,1.28196159532215,1.55058645391029,0.0499089225405138,-0.0152283666466031,-0.107618173941729,0.361103295764579,-0.630805319080028,-0.5500431747738,0.641780116325876,-0.755582997319497,0.21457870283761,0.212186504829752,-0.58719338008433,-1.42097891488666,-1.0941606390208,-1.22346409780164,-0.534317404932635,-0.656538232145601,-0.557463738138843,0.457077293889194,-0.555311641821914,0.47192163758648,-0.916226829865465,-0.844617814003752,-0.477649916211607,-0.423530098862991,0.0410804512726383,0.405734225191818,0.355695227042846,0.564194793931017,0.586765029678747,0.0119334694506902,0.17888082264511,-0.238063729068621,0.121943564979092,-0.76949728088503,0.535400380271385,0.200700706963833,-0.196625704510758
"423",9803,-1.28338934588268,-0.502214724658105,-0.0127471628124808,-0.0378775005711768,-0.072425039273856,-0.242648156789084,0.139725205995837,-0.469311728949144,0.255191127635452,-0.0109187212603947,-0.078991946661254,0.0293774430145134,0.23594496655643,0.307199950829952,-0.0981244347355373,-0.40495518769932,-0.230370676964632,-0.0259877072289594,0.0531589615844994,-0.0953380620817318,0.629519214104637,0.755898673599133,0.32542840005083,0.494430181339322,0.888782596029566,0.814359148386613,0.238753504933023,-0.060528107638932,-0.197280400203442,-0.00701883117468424,0.0819399110523764,-0.193027873555,-0.46989382144231,0.499285394320031,-0.231968237724283,-0.175018532582907,-0.403233113133193,0.393742610292585,-0.787542873093837,-0.490511700781925,0.491214233723749,-0.95056351452948,-0.534142869410764,0.089408870742055,0.305002549995976,-0.64426513965653,1.02659463703563,-0.0933936112349604,-0.600517652708361,-0.0607243732593298,-0.0231888539890383,-0.205498014990865,-0.0305842238358006,0.458920741212441,0.651558517666463,0.673699521510161,-0.298642331201157,0.130946486802797,-0.209170101618341,-0.599458588530714,-0.336198504017774,-0.805577592969885,0.332750449010931,0.641521333739518
"424",9804,-1.10867250253622,-0.558338648389982,0.12905056586122,-0.00203468414901754,0.23633150286069,-0.231163973399741,-0.159714094667944,-0.0547406960035437,-0.0416244284630755,0.0174293273403116,-0.23955578678718,0.188653875481766,-0.308615439353658,0.0937455599004993,-0.297208417575041,-0.570021404664511,-0.0554084197220962,0.166801981760464,-0.0485604746423665,-0.201033821545831,0.196942959996752,0.449115493318499,0.184329566364989,0.0696115679051818,0.728277643896387,0.546346869707914,1.20383563468885,0.107504604089618,-0.229022123427103,-0.167551642041655,-0.0241796233531892,-1.51391127403793,-1.82469828214321,1.34169765987784,-0.750323474064634,-0.138608529167952,-0.248378058828984,-0.322555416812505,-0.996803541338917,-1.04836810729206,-0.808010198140879,-0.737346299470616,-0.228154462573675,-0.028204330872654,0.186722193634584,-0.199497650483455,0.340421222717818,-0.282013679308834,-0.860906759072083,-0.589654335949331,-0.508379677155458,-0.0904280640678972,0.0937628552294065,0.100302142378502,0.893875323440926,1.00150684936013,-0.239555954893973,0.227583018683508,-0.132762509027602,-0.452193045469402,-0.553142645320622,0.374392205395229,0.500040668327699,-0.407028352542474
"425",9807,-1.2154439068035,-0.257800688030647,0.00330250564089855,0.166347385066752,-0.155177128382995,-0.610544935795643,-0.279077031683997,-0.326931830177381,-0.589331985990831,-0.178524442354553,-0.308208504130562,0.28016349822809,-0.736710666115671,0.00378307779852025,-0.0811041115437493,-0.284709710775204,-0.245439543984375,0.180584246985006,-0.269127525678988,0.00929268081842043,0.200252817431866,0.508040312560049,-0.0308629270381269,-0.283998298351136,0.13616336998176,1.78856334146834,1.65508702842944,0.109727250316645,0.0496415000604762,0.382134434984547,1.28333048022825,-2.88478941782304,-1.82469828214321,-0.0797661276207023,-1.40776388092247,2.17322271007146,1.07309422214014,-0.444813082911884,0.132072215451785,-1.51596677010496,-0.736291106814833,-0.276010157360419,-0.595340550778184,-0.0870109316800072,0.305002549995976,0.156316340855003,-0.664885290679652,-0.787294643424933,-0.634441465293333,-0.573290053844793,-0.450802477412217,-0.0575509352327633,-1.03345445321969,0.967101900677813,0.30636532260424,0.124743447662838,1.18586103802555,1.63824465581082,-0.359416964359798,-0.197534531575251,-0.256507398779503,0.175351731336311,-0.74575782542119,-0.588895472970494
"426",9810,-1.24456338069458,-0.51439603051402,0.142902829838201,0.099527021420239,-0.101313063617489,-0.0219118690904835,-0.014003655845735,-0.34205870007807,0.196361891441743,-0.0619965580287883,-0.021581410926131,0.0641208449382107,0.0405653514176659,0.316261202725581,-0.276507181499864,-0.542291869927197,-0.380171250248591,-0.111773960432505,-0.301555839155514,-0.37514353623594,0.0627619962567652,0.318171450559494,-0.0315483384176082,0.597492375832533,0.31496137883253,0.46314125347171,-0.0801702970727942,0.0503415350377709,-0.16864185943368,-0.211117866776242,-0.0503023425196481,-0.114260779784516,-0.32809602219843,0.31419824035737,-0.283979078800146,-0.33962846398833,-0.527110075869919,-0.117778053539541,-0.612686849721558,-0.497872292179693,0.397554015083017,-0.555041143066291,-0.350549825308511,0.207022072356764,-0.0160441315563717,-0.288451148318072,0.594011923476119,0.0641382591214855,-0.363187995919121,-0.0465419954353979,-0.193919982125386,0.221904659865874,-0.00630343324910308,0.439239105523545,0.680098251528658,0.579476070985439,-0.285739389991722,0.181113651734133,-0.243842454558677,-0.454751713205989,-0.320443644325796,-0.209869216981306,0.156548062662662,0.0275551130657651
"427",9812,-1.10867250253622,-0.435510473962929,0.0211265124328912,0.0783819288159031,-0.00841514875181625,-0.278344509009369,0.283830852692525,-0.161666720909468,0.239279119779482,-0.0117397102297057,-0.175823332113726,0.0731452992223963,0.0813280982094276,0.395514702937294,-0.139923487204156,-0.465393454570991,-0.183280830981584,0.127508166554737,-0.146204453961777,-0.399766727020015,-0.535554875738057,0.841947621595512,0.16186201724458,1.18950834975217,0.718936913088225,1.01934399253588,1.24395688924883,0.0141498008919188,-0.126242707883033,0.0492612697193104,0.350706871639628,-0.176288137762544,-0.00591641518624034,0.158224991306852,-0.0712605827145888,0.342727636425536,0.392779927784891,-0.189982788566423,-0.361005174811372,-0.787630218024101,0.480379954273164,-0.384084700401825,-0.595340550778184,0.207022072356764,0.0346474497413671,-0.377404646152684,0.575861332794816,0.120038695648132,-0.477799821886159,-0.387282713923215,-0.183685059334291,0.172588966613174,-0.486032992719605,0.502815039681161,0.777283580921098,0.659785429735858,0.805060658833946,0.249479362492473,-0.270809840178935,-0.56079427606674,-0.0568768280675797,0.338724008775997,-0.0744199302533269,-0.212129857395727
"428",9813,-1.11837899383325,-0.508258480115665,-0.0232931165130064,-0.0281187386015404,0.213024148190602,-0.256852287383325,-0.0554682194652771,-0.340334591113543,0.303681234316785,0.108015531312923,-0.0445219312507351,0.128983004349351,0.273366087362488,0.220112526420209,-0.167708351262632,-0.354478896224313,-0.0693847955619542,-0.0685400058495134,-0.347916652446779,-0.331120029629962,0.230466447720134,0.628072356120606,0.186731820828507,0.957284700671366,0.807458970303196,0.767596730810052,0.446366580628968,-0.0650122817059314,-0.133772367568838,-0.647309418763408,-0.145865711205025,-0.330226870475045,-0.468755836061466,0.723094778425743,-0.671430625241695,0.078678620063306,0.049542673217145,-0.310887672744927,-0.608230900254822,-0.583062087701412,0.347699194338721,-0.304411782636521,-0.595340550778184,0.00119896953102261,0.119133418570932,-0.199497650483455,0.24509147954108,0.0302666371786659,-0.785828440636527,-0.595472747364277,-0.452130978428657,-0.00823524198006215,-0.104898158661752,0.0936003136424382,0.851143486697477,0.79022469957357,-0.0678424464301693,0.166531829064634,-0.240375219264643,-0.582685100035314,-0.617779393349197,-0.257586623067223,0.481331920742457,-1.22351568002732
"429",9814,-1.00837209259638,-0.26092216781951,-0.0324573781668119,0.105068962950206,0.0555851153441016,-0.6489707075421,-0.169797585822963,-0.290458611900361,-0.488754452896662,0.004055254681023,-0.184971062377521,0.390895604686855,-0.441915477461177,-0.0195260127872111,-0.208388499750735,-0.217569782575091,-0.238450153258378,0.122971860199299,-0.214778257404201,-0.408800369092629,0.29664090272101,0.396737876214896,0.425023394422845,0.196362807002242,0.133829986015264,1.94290223350991,1.5033547560069,0.0427796262891852,-0.130240161931947,0.492614247075368,1.37303612963341,-0.704993034055079,-0.199849844219227,0.205065028517127,-1.2669255359867,2.1466546263471,0.934206161318142,-0.103573843370321,0.00360834673433237,-1.41780544056259,-0.70699819201391,0.15240228118483,-0.595340550778184,-0.17522083289104,0.186722193634584,-0.288451148318072,-0.889274893293076,-0.40808954231807,-0.356251630457725,-0.28400591130791,-0.421666864546818,0.0575190156902056,-1.1725171629435,1.03175282380428,0.520979425955988,0.302473144367012,0.907499977871222,1.19434915999984,-0.359416964359798,0.247389358175624,-1.05545807124243,-0.701763387461041,-0.698747845125183,0.186178947067782
"430",9817,-0.409805129150376,5.57049221939836,-0.0250499230458314,-0.00907073331078817,-0.0338507889294568,-0.0950103150421934,0.0167180826208739,-0.46543721695957,0.0745871107231415,-0.1349774732309,-0.0157378596031609,-0.135853618095476,-0.134944315323029,-0.604820675573581,0.0226090453091984,-0.521693720723527,-0.369757187756894,-0.101802978921407,0.129712793080128,0.0530260624530623,-0.709165047032763,-1.94716048917128,-0.774624584430575,-0.767246296362451,-0.567011530468893,0.297509295858166,0.423502789282675,0.104612226038041,-0.0861149732310404,-0.372005401351165,0.359459043553403,-0.246821408131254,-0.00496978178826382,-0.0443964035423023,-0.613575869438206,-0.308419889632655,-0.0392139845653531,-0.57484924505632,-1.08485612654717,-0.260402720527086,-0.658892596912585,-0.203493564930924,-0.595340550778184,-0.822093441771938,0.423282906357367,-0.555311641821914,0.587362470807724,-0.886861704287567,-0.734326080884006,-0.0490875504294363,-0.387811041742732,0.287658917536142,0.869276590937856,0.114767155688618,0.158274679878578,-0.552590936605751,-0.898796559290828,-0.143120919962551,-0.085477858390713,0.569426122466553,-0.962757022930853,0.880460543428002,-0.255112416022054,-0.426711091352932
"431",9819,0.939397161136188,-0.857886414268713,0.0432673001915419,0.0102770766623057,-0.126517523250953,-0.0226540757292621,0.0534110092723677,0.0313225167950537,-0.0483377640057499,-0.143878359913175,0.238149367965871,-0.0630183199890451,0.656263181040378,0.90115501678063,0.058528802685301,-0.175639697265144,-0.189995906621772,0.242545067006947,-0.169446423296441,-0.22511861329692,0.890995127696476,0.191592204860986,0.32542840005083,0.478902568024051,0.301916266593127,0.201168601867752,-0.888366478141965,-0.209402425715958,-0.0320398508871194,-0.0209454787935363,-0.31189046648834,-1.38487381794683,-1.82469828214321,0.92779207925931,0.265933297069383,-0.222953270972343,0.388354486132428,0.352651859445904,-0.0423080240937388,0.94862469382009,0.870791158462379,-0.300020062079019,0.261426988365671,0.559861677200891,-0.675034688426981,0.245269838689616,0.551203777076385,0.989401489246457,0.176323711104659,0.294562373765853,1.1532842014543,-0.0575509352327633,-0.761951067568437,-0.868116108965209,0.500249972351931,1.0957853941276,-1.30786466309902,-0.0557546847946697,-0.172186258481983,-0.593488363812012,1.22424560035378,-0.89151858052706,0.0723246826243747,0.620843826413352
"432",9820,-0.720412850655197,-0.245086493359422,-0.116371012881511,-0.261254914119612,0.109227525873359,-0.241095619040153,-0.0592303922710763,-0.247656535642888,0.295367030557288,-0.124136730983288,-0.080847012522185,-0.163979984886361,-0.42505716876222,-0.263139504733388,-0.484510835287205,-0.291739213115893,-0.244386821385683,0.125224651389889,-0.128691544459221,-0.0408821682358407,-1.53418980988894,-1.30179342502888,0.681719727139787,-0.48071109270216,0.095099488652453,0.0903495933575311,0.0315470186845211,-0.0663716325188605,0.0352187624041002,-0.464599674960855,-0.125144122617573,-0.701571785940788,0.488170091033669,-1.10818328445543,-0.594875342309805,-0.229276576887544,-0.682106744307043,-0.687637437709548,-1.00253410161621,-0.0341952559311744,-0.533627041768605,-0.592210241944118,-0.289352143941092,-0.145817532487363,0.406385712591455,-0.377404646152684,0.547027959418754,-0.645495747142494,-0.809183665529016,0.0385522715081985,-0.241728373988667,-0.0575509352327633,0.835430640423065,0.116820981151358,1.62953303703226,1.60046866597987,-1.20695175248219,-0.0303454881922677,-0.0502276329013713,0.0650842819438361,-0.70179559587886,0.644942096585508,0.257507267813566,0.0201788075065044
"433",9821,-0.0797844250515045,-0.929097053715176,-0.0567195017031622,-0.0354109708769559,-0.0611247178794876,-0.307836672465552,-0.152931310794752,-0.101868822950975,0.284253884482564,0.110529538967982,-0.099262826173974,0.0515448587259759,0.0640093305811306,0.376666726856979,0.100594552464909,-0.210270568489193,-0.324389893706639,-0.0117762287757812,-0.32125578883313,-0.038422321642737,0.402740085440086,0.449115493318499,0.32542840005083,1.24158914776404,0.440532115858892,0.343287990038735,0.897598486422193,0.096985966917559,0.12095368752927,-0.323542599520331,0.115249803874165,0.858455544394296,0.488170091033669,0.927410180437122,-0.091714284261277,-0.133662072121382,-0.507425711399608,-0.600552101553008,-0.205145239749511,-0.167691446363932,0.54377037963865,-0.452975882029866,-0.166956781206255,0.236425372760441,0.119133418570932,-0.110544152648842,0.924247502693681,0.328984387767911,-0.29487544138205,-0.20673013470315,0.372121682737814,0.0246418868550717,-0.207171791739053,0.448500793875107,1.82362856377419,1.64435416788006,2.89486126141339,0.113143014819968,-0.145218872861725,-0.625471710519344,0.0839307867944349,0.0101452979337558,0.386767705675235,0.13931241561703
"434",9822,-0.464808579962941,2.09541301441097,-0.0955994616994302,-0.128991843584163,0.11480247819404,-0.177338448667695,-0.245669042143576,-0.311062463698762,0.0491532902875418,0.196274008658348,0.0222953634598752,-0.0839975892445106,-0.518634035022987,0.0152927400971625,-0.0939085540687832,-0.164997017139974,-0.246229800459915,0.0654199422004248,-0.332857417669855,-0.0763161183629354,-0.785213609275777,0.278888237731791,0.0879008486581922,0.0031200248157357,0.0473638213173561,-0.102841434454941,0.716725531967996,0.123431473797663,0.16648711691431,0.105337706678869,0.322418682610712,-1.14447496792852,-1.82469828214321,-2.16051285847668,-0.506632229922665,0.0918351759191316,-0.581065060497175,-1.10818351736261,-1.11587155843809,-0.399489742677275,-0.724103224903913,-1.10213304021285,-0.166956781206255,-0.234027433698395,0.524666068952846,-0.110544152648842,0.196128697562604,-0.715535316014083,-0.723743814186196,-0.0369052515293916,-0.35689723234989,0.369851739623977,0.925931768973482,-0.0996406146862953,0.7943341037791,-1.87745735961076,-1.30786466309902,-0.165754914664038,0.0870277988309603,-0.321203472176932,-0.512683473530799,1.05663344852601,0.34996249678936,0.0424402516490565
"435",9823,-1.25426987199161,-0.825517941793047,-0.122765071103776,-0.0286207560172177,0.0370796293750377,-0.0357776186485301,-0.0356490737330891,-0.423719731660438,0.0557467604538101,-0.00432543004267078,0.145704643941749,-0.0387662899726406,-0.102805975915615,-0.441468746938279,-0.0837044902365347,-0.355646004540441,-0.197031116592972,0.0443844001341277,0.373234303726539,0.0280576835098728,-1.40735365579141,-2.73282474572531,-0.624681805519722,-0.751086830974718,-0.0238955595186646,0.935681083194915,0.64213541340169,0.147773365726542,-0.155492260450312,-0.259620352839074,-0.18274831097527,-0.482632769967115,-0.392209899264763,0.346707146759163,-0.693637501206671,-0.355793689594129,-0.748063526695839,-1.08856817950987,-0.76914607912594,-0.210205900502958,-0.740740397681968,-0.847196115873427,-0.166956781206255,-0.616270338946199,0.119133418570932,-0.555311641821914,1.17339293683683,-0.596792450398651,-0.774404999549406,-0.00908597195167785,-0.47894655456234,0.106834708942906,0.867805027871995,0.174273105661705,1.13547169623462,-0.868090815906222,-0.963573556288677,-0.145253286279418,-0.0232877650215431,0.463383559605802,-0.793706350251478,0.582760254097679,0.0713042054833615,-0.505779482594176
"436",9825,-0.419511620447402,-0.0464735462487413,0.00810115681381198,-0.139059246306474,-0.0114521741924013,-0.021045899070611,-0.110705875727512,-0.162570963207632,-0.165732476366206,-0.0461842182396283,0.128554945122647,-0.198711713454115,-0.505632915115131,-0.34560393085862,-0.0434979039152842,-0.255830559743845,-0.194722401919084,0.0973990255573325,-0.186939360910128,-0.0591341759858994,-0.989775386482152,-0.113943890545222,-0.149626702734446,0.103501700301943,0.134620027058335,0.239759991678272,-0.195715222857124,0.00690359590324819,-0.0933013317108212,-0.0306324881394536,0.0917086660960144,0.41618549265463,-1.43922021994513,-1.46907767142269,-0.372806582660049,-0.334223057318883,-0.950465526114487,-0.804653073865529,-1.2193543986101,0.433986623140023,-0.296508901314862,-0.672798019691452,-0.534142869410764,-0.292834034505749,0.152927806102758,-0.466358143987301,0.883568289407947,-0.402526007467552,-0.51463827586545,0.0816448810501467,-0.608757351722518,0.221904659865874,0.942854744230877,-0.112729846552855,-3.46988580191485,-3.56704918276835,-1.26037623457345,-0.135980997182982,0.252481270686067,-0.283320974854693,-0.600603254182343,0.639103167811218,0.287917486615759,-0.137974525354979
"437",9826,-0.0506649511604275,-0.70251774638552,0.00249057183699644,0.121916677236792,0.287351487103227,-0.279651667955383,-0.0906265019933791,-0.506092607797955,0.122421332478723,-0.0110411216351931,-0.103828753937786,-0.0955128408268594,-0.151759462164471,0.203508783611867,0.0237711419402435,-0.101842502019603,-0.293450499938841,0.14926738166878,0.0464547967307888,-0.210031964380457,-0.454812674771244,-0.0484718691657196,-0.149626702734446,-0.0815815085461063,0.0472599265827463,0.127819973073232,1.19908854787219,0.124331368812101,-0.0191278336665276,-0.412643401695402,-0.118346311445684,-1.35966511309283,-2.59565440653357,1.59949755051265,-0.466309218302052,0.00845932776303625,-0.645782719223305,-0.723993451833153,-0.541102435887103,-0.408338541078965,-0.466621410080264,-0.556309775084288,-0.166956781206255,-0.292834034505749,0.473974487655107,-0.110544152648842,0.303186286706142,-0.0506183453711514,-0.872414541962773,-0.00217660839642923,-0.376550274042062,0.0575190156902056,0.500650042939817,0.170307442590226,1.67658649806061,1.78149636131818,-0.565857967387079,0.0810324764561947,-0.0169479833794099,-0.0128129358144644,-0.641924105535999,0.383386537388282,0.510993789641232,-0.0508816825668628
"438",9827,-0.555402498605761,-0.92689599758683,-0.00823184495952273,0.0212478388924721,0.00171276440961082,-0.319884096401578,-0.189707456382954,-0.496761275194561,0.131408563935383,0.0494619740374261,-0.0963734615179679,-0.0269735520763249,-0.214211904131212,0.150307868670766,-0.148259230516696,-0.394292457237425,-0.256320576088266,0.2660878288964,-0.192404454577347,-0.211945034046763,0.0469821691832903,-0.921432158590551,-0.941385199458986,0.016554496239677,-0.262006428399145,0.429487246448862,2.06548459795202,0.145733927484976,0.162338202735864,-0.263779631906053,-0.068018395521027,-0.544784916766802,-0.580063394018449,0.411284943563111,-0.392091501261211,-0.165992523332982,-0.795327243544517,-0.578907590818951,-0.631583829780958,-0.701253879080339,-0.854056620774623,-0.670648818580596,-0.228154462573675,-0.381043935716781,0.558460456484672,-0.110544152648842,0.0943657209123241,-0.306063790056338,-0.560662531737699,-0.191638630095632,-0.330103957192498,-0.0739894996503299,0.430750797311446,0.339904392852325,0.941376169492684,1.00252870258968,2.94828574350465,0.049092071724295,-0.165829660442921,-0.276000342163904,-0.772434656577607,0.582500667997066,0.0106198314977781,-0.138532050182336
"439",9828,0.172584348671162,-0.812570552802782,0.0579306582778089,0.0816636498682395,0.211802375046238,0.0305049398241803,-0.0567433453757051,-0.0327528724713409,0.0996680834185011,0.0394745452979324,0.204466437815602,-0.114567864357836,0.204410178976013,0.475982599863967,-0.179300808184983,-0.0987517061328757,-0.0897116407713871,0.0430975102541862,-0.0148730914212759,-0.107723249007288,0.652903255085717,0.257064226240488,0.32542840005083,1.16820219328444,0.634388392076346,0.641228769063921,-0.167675609851989,-0.0250452519641239,-0.110071749879324,-0.69837357846349,0.00146650336007846,0.180309831765732,-0.263385431891074,0.188861419291443,0.308593874581047,-0.339475480780704,-0.10396704682467,0.427054865094215,-0.0166296646827467,0.706167617613803,0.99246040648013,-0.336289221438044,0.261426988365671,0.089408870742055,0.0515446435072806,-0.377404646152684,0.0108346733852014,0.792616710111431,-0.0223655179744397,-0.0676337368145797,0.793290078946027,0.0410804512726383,-0.291786668026028,-0.146577199612539,1.67658649806061,1.46332647254175,-1.30786466309902,0.0477672290493666,-0.174803501349436,-0.73613409012671,0.824616169984488,-0.417518566646253,0.215531641413218,0.261144285030498
"440",9830,-0.895129694001658,-0.726211468237707,-0.0472687387906199,-0.26227047573749,-0.117283353882952,-0.0860113327019,-0.170748068911657,-0.398179289625009,-0.165092266154218,0.192410515868664,0.12970049364825,-0.116714439593161,-0.165465907293011,-0.334657981031348,-0.0466215872437233,-0.276067410576965,-0.344327640311875,0.200372865231036,0.207716655847384,0.209243394461864,-0.285896142200336,-1.60109409606295,-2.16861088957187,-0.541024461630229,-0.507156369252103,1.17440289899078,0.730350264628386,0.108536551075016,-0.214110033689424,-0.169409441790417,0.199358290968268,-0.946799902736618,-0.171525923234584,0.184231815722607,-0.043209792021989,-0.198424963349663,-0.535288292043735,-0.590744432626639,-0.486481951481475,-0.533468594841035,-0.6908964964735,-0.121355236939374,0.139031625630834,-0.645673639349876,0.254310968698237,-0.110544152648842,0.0990201330149878,-0.286424081265974,-0.725348793352675,-0.0436327897279249,-0.0546332305651663,0.534237383799646,0.453560024832283,0.380330023055336,0.106177236239525,0.728244315713449,-1.01106198481424,-0.0554931542825832,-0.160050934952865,0.143550092532489,-1.01904447081043,0.510757367597386,-0.328858897412607,-0.497175462683154
"441",9831,0.541431017958137,1.70699134470299,-0.0295390704165647,-0.157755595882594,-0.280466932420778,-0.121013520429314,-0.014002837491572,-0.549047999384665,-0.0586572854794209,-0.165000778501178,0.156206482090707,-0.148902705624443,-0.205769332649008,-0.141354694541025,-0.185698803538366,-0.0881174907598405,-0.151271810881992,-0.0633178354139449,-0.0617378709090248,0.0926978154812884,-1.61740938773484,-1.18332024410856,-0.505918029823403,-0.128577389293261,0.201008076952597,0.293369953737009,0.0411997533441848,-0.112245992122263,-0.0368400719167894,-0.345389494818984,-0.091097082348902,-0.239563010483953,-0.493886589614346,-0.505685625015755,-0.290407385000533,-0.544676956609521,-0.327469552042428,-0.280111884044944,-1.13261342337168,0.479055162272264,0.245659071915476,-0.811047236389006,-0.411747506675928,-0.292834034505749,0.321899743761889,-0.377404646152684,0.496486573242084,-0.556943093571772,-0.407494595738859,0.186376286519188,-0.167835927027315,0.18902753103074,0.890614255392832,-0.163659116452806,0.0786525935276387,-0.437918488542878,-1.03555774191303,-0.216644473250453,0.109650438990175,0.0446860141549382,-0.674017714808307,0.328513112413598,-0.0459146021143522,0.237141394324766
"442",9832,0.62231844530393,-0.780202080327116,0.0264298200705259,0.198603907221189,-0.361456318748556,0.0826271675855256,0.0346476446668872,-0.337492720009879,0.084043385450253,-0.27065913196359,0.258739370749652,-0.17217957948153,0.0588737837148815,-0.227644426614851,0.115557723131068,-0.369753931669768,-0.379566715034909,0.138686001736379,0.220432227236458,0.0425009723701918,-0.70199403142987,-0.528600030313538,-1.45602823539396,0.261239524409436,0.185905326356618,0.0162286034227897,-0.682947568156948,0.0476855867722496,-0.0793054436327521,-0.46815501236983,-0.280677009249411,-0.358844639712633,-0.166411975669613,-0.00411476292270623,0.422550211769738,-0.293376540882778,-0.132537698133197,0.0195293114296105,-0.891270259505624,0.571525105569917,1.02092679641542,-0.415439661227919,-0.228154462573675,-0.145817532487363,-0.11742729415185,-0.555311641821914,0.945889381616368,0.198693625217366,-0.277048524973158,0.0434615561395587,0.225907414717039,0.00820332243750442,0.112893175085592,0.0148968238104023,0.219228226934222,-0.123007277953322,-0.915833197430513,0.0654256945004263,-0.115197018053863,-0.514382886289213,-0.195087476211079,-0.15856968241236,0.184917327182822,0.362947138295294
"443",9833,-0.33538869574376,-0.145169045392489,-0.0262872512316834,0.0288558527641852,-0.375334658213914,-0.0442760815968835,0.0893838450081853,-0.204679467616726,0.0971819003752478,-0.196179419327966,0.231995699016319,-0.266395445181907,0.164188680113696,-0.0723458449774104,-0.0499041497248119,-0.465142881925085,-0.308629810063428,0.18131065385519,0.0259360894849478,0.0433272460877421,-0.100620971924447,-0.572248040201737,-0.505918029823403,0.425536674570898,0.253795410379456,0.164594042553821,-0.531861941260838,-0.187000575936167,-0.0299230479163363,0.0480908546971802,-0.364881163112004,-0.770640187146659,-0.282786033356696,-1.4931918541951,-0.0531444470589515,-0.277772253704941,-0.354871886754697,-0.0623139947835315,-1.19064845465008,-0.0854579539445972,0.426683136846543,-0.916386230291018,-0.778933594880437,-0.234027433698395,0.169824999868672,-0.555311641821914,0.900908297116207,-0.32287699781782,-0.318209424009653,-0.0696338157384681,-0.356953842520485,0.0739575801077722,0.291688087587635,-0.101151635273987,-0.334948960901228,-2.2888839399251,-1.26037623457345,0.0039567245436527,-0.259665155305263,-0.357948783838466,-0.380860478237474,-0.113896443170294,0.129811561568117,0.117274338075359
"444",9834,-0.409805129150376,3.66981551562731,-0.142697869144798,-0.0551835301594511,0.0403271500934284,0.168568771654983,0.16352883741912,0.1035576461294,-0.0295940276006264,-0.169628931718568,0.128530949935477,-0.258063679844058,-0.0627351227352327,-0.23732386552424,0.0484454045488992,-0.366657810544812,-0.308097318387853,-0.246049477216747,-0.395363121881821,-0.271436249212777,2.04425203748505,0.278888237731791,0.32542840005083,-0.0914175457757604,-0.589795587729956,0.0563508880764588,-0.891932772511043,-0.0438395213052341,0.0118288853021794,-0.138460916747324,0.127410292827068,1.14224956005368,-1.82469828214321,1.46079553542576,-0.395013458625025,-0.623106347719044,-0.179978432648011,-0.300910906078448,-0.811997365151516,0.345760080894089,0.715402803794666,-0.329077795093303,-0.166956781206255,-0.145817532487363,-0.0160441315563717,-0.466358143987301,1.27559686192824,-0.0596247109004592,-0.429446419822911,-0.0250866033427815,-0.17409588459306,0.0575190156902056,0.619846651274512,-0.372404439498417,-3.86395853802726,-3.52316368086815,-1.30786466309902,-0.189842800439802,0.249977156307039,-0.223263357148704,0.134421149039419,0.194109547299353,-0.147486093549864,0.40244861011589
"445",9835,-0.176849338021761,0.25779009502251,-0.117873989909781,-0.0827807147766162,0.0647518209615761,-0.205748026094309,-0.0737882457970166,-0.449777803419228,0.32251243690815,-0.0318461433455206,-0.0957981348140675,0.093638257118799,-0.280145712736507,0.169955116564663,-0.306574578424652,-0.188912303018425,-0.276196178391795,0.0234939408614028,-0.1197765890509,-0.29936494925708,-0.566294183907344,-0.0266478576744164,-0.228802545281072,-0.359548814157854,-0.0741845624723196,-0.253735319262391,0.608200696316525,0.0106617278813839,-0.0479832579448509,-0.382542407167375,-0.141319047134862,-0.358064152729,-0.668264095554768,-0.862240442966638,-0.759089346156072,-0.391438776970954,-0.570054561665759,-0.565717967090388,-1.20126483878866,-0.298291666410683,-0.0250328613653076,-0.888318090456148,-0.595340550778184,-0.616270338946199,0.457077293889194,-0.199497650483455,0.516320646519357,-0.540898641072542,-0.702686626000809,-0.107998966005773,-0.680154539995552,0.106834708942906,0.85161783414753,0.00728938233009915,1.33544890560509,1.41395528290403,-1.30786466309902,-0.0485381519437506,-0.148080717866323,0.00026469928364474,-0.525055233268472,0.51405951414091,0.53194758693671,0.213751745540355
"446",9836,2.10417611677927,-0.262306520716476,-0.252660535708422,-0.133488046698868,-0.207168513771287,-0.0421520856376071,0.160242521099088,-0.0525263019624511,-0.119840779542211,0.0288910692451793,0.270249818065963,-0.270725935625795,0.259592655909657,0.310535810509965,0.247067320937449,-0.164809154856714,0.0226806598001854,0.175917155629476,0.0982272605014742,-0.12895495902176,0.600930259366277,0.737192387388307,-0.149626702734446,0.729520687882791,-0.0684997821187487,0.0719670031506552,-1.03120427422078,-0.274951329814723,-0.179009669841038,0.0207554491063258,-0.141710134709774,0.386193943748075,1.83734330871825,-1.14519109889123,0.419628254405926,-0.352224081416191,0.472898123461751,0.224475772442684,-0.235071119007357,1.15214705705894,0.661526234009056,-0.65668365764464,-0.166956781206255,0.324635273971473,-0.725726269724721,-0.0215906548142258,0.557667355329579,0.749858012248963,0.795901241832576,-0.1636375251612,1.0914752076598,0.238343224283442,-0.445565008408443,-1.43553306099371,0.104581267693885,0.255338340622895,-0.376181703781561,0.113453072910715,-0.116710493777445,-0.818722198735419,1.18660875857365,-0.925407673586612,-0.282869394257613,0.879027848749151
"447",9837,-0.390392146556325,-0.788876830950595,0.00237793825452836,0.155894948157031,-0.0684123269044202,0.0702024836326232,0.280881971465102,-0.121702147761007,0.047418424650166,-0.215946000601853,-0.144765658462169,-0.291998850032086,-0.214451893976299,-0.324464987101976,0.0662641415502833,-0.382049279921948,-0.36675582164012,0.0431024525549135,0.150350821877597,-0.0434037224679701,-1.16810863390365,-1.59361157372197,-0.783033514365734,-0.131595736268396,-0.469162065723888,0.314273088227677,0.060261623321367,0.0248681360166811,-0.0665727952823077,-0.359386397188393,-0.0450875860247764,-0.450667753265145,-0.0513732494335667,0.283947239541274,-0.297420082673684,-0.637996713261293,-1.09604485471506,-0.81243156991058,-0.48208818371401,0.380893832729888,-0.018184632473528,-0.606608227194892,0.200229306998254,-0.0576076312763306,0.136030612336846,-0.555311641821914,1.03744569261065,0.136079834547093,-0.490080999332884,0.301108086607668,-0.239181406443224,0.304097481953709,0.892085818458693,-0.0675645031300932,-3.81102339437036,-3.61093468466854,-1.26037623457345,-0.291070010761965,0.818490616040126,-0.40080646842629,-0.657987341621633,0.483174801123694,0.0142255173960244,-0.128876264810805
"448",9838,-0.283620742289043,-0.907474914101431,-0.0336374798922617,-0.0204020074622437,-0.00636768481449048,-0.132795401075683,0.267024584032163,-0.520804613428561,0.312986672389379,0.244994676340344,-0.107668727965874,0.10501363299352,-0.0854239702339833,-0.023702630773922,-0.154671462013453,-0.164334980324254,-0.189519044557195,-0.100694780590534,-0.0511805408379928,0.080893733602454,-1.25240492214904,-1.66344839216197,-1.02056106575837,-0.514895700331898,0.119372192864686,0.444629277958733,0.615755819186333,0.105396827487451,0.0566910507900736,-0.416411768117767,-0.449123209722863,-0.618239891748473,-0.668264095554768,0.172905407401877,-0.553967939216429,-0.433356175860437,-0.863514448526241,-0.747667135448529,-0.956086331641376,0.014634022521784,-0.565242457843385,-0.638827527838056,-0.228154462573675,-0.557463738138843,0.305002549995976,-0.288451148318072,0.858824730002077,-0.182615612059884,-0.500644375975719,-0.109271743502792,-0.368691753087599,0.123273273360473,1.01790446058976,0.251652456232283,1.52954443234702,1.37006978100383,-1.26037623457345,-0.044613461917914,-0.113821131032417,-0.0347037597830378,-0.84027837644648,0.460330579497814,-0.0690454173106512,-0.123264543621937
"449",9839,1.58002558673988,-0.4532805083229,-0.129762462630888,-0.0205929212012126,-0.398361058270611,0.0337392893712346,0.269682716723381,0.084818691282365,0.0166832558148092,-0.191003535928028,0.229711800400139,-0.404877632887754,0.162503135281169,0.727837797701674,0.291773785572216,-0.112328603949696,-0.0883623800067019,0.0873363500341744,-0.118023695002363,0.0458797104954069,0.999195439562805,0.737192387388307,0.268209773427762,0.23298768382047,0.0518510408657328,0.305198338667134,-1.13044930366002,-0.479024387619805,-0.0794723418123136,-0.442235786818289,-0.707237116972235,-1.56330835329314,-4.13756665532008,8.5270694423624,0.284049432725022,-0.235395905192579,-0.107507400146703,0.341998701818988,-0.114351105808879,0.74940606434933,1.05288701783303,-0.267282995185654,0.56741539520276,0.6774748788156,-0.55675433206559,0.156316340855003,0.778978006168603,0.878074461031537,0.324817866323936,0.330563794395836,1.14534505389323,0.0739575801077722,-0.388909830372816,-1.02297171367835,-1.36424342089632,1.73761085941798,1.36335944146396,-0.0164220593799549,0.0605037545842694,-0.439541854994058,1.16833155800959,-0.712099122649192,0.122736253390426,0.632750986680422
"450",9840,1.79356839527444,-0.680507185102068,-0.000139262644428714,0.391249948906274,-0.0809565447930048,-0.0345308514719889,0.201395050743562,-0.12153596636404,0.0768128470669175,0.0205183681403823,0.423115236627507,-0.314639154535708,0.371944087220248,0.187067001939622,0.248470487982197,-0.267325611140595,-0.227495775085273,-0.0772984329249005,-0.00622382034034162,-0.0733843592691669,0.497404381596913,0.322536247619991,-0.149626702734446,1.01196386065108,-0.124270567057663,0.469926574486176,-0.0189905437457927,0.0270759494455287,-0.2126886134427,-0.167181978322771,-0.113086151412017,-1.76772078344971,1.64460427762211,-0.188098093514576,0.570985645851419,-0.140801288477257,0.152885586686316,0.193361788262477,-0.300778694987311,0.428476235044426,0.842582637565455,-0.694414237112296,0.139031625630834,0.295231973567796,-0.269502038045068,-0.377404646152684,1.05517017860512,0.597588139118617,-0.306315142874091,-0.43564825880996,0.393763922502377,-0.205498014990865,-0.349177627594585,-0.214019189660487,0.365852123178318,0.122086913100271,-0.733119187086979,0.0908827678647149,-0.146759866325736,-0.407700656494315,1.00552332571559,-0.39065037684369,-0.0865976241360775,0.332237749550308
"451",9841,-0.24479477710094,0.514536818699485,-0.0996530620169375,-0.0282869284997556,-0.0266646992860766,-0.142230537497764,-0.0216905396066386,-0.220500253005069,0.0112471293587976,0.187129809317648,-0.00522677610010724,0.0070460135053647,-0.32440531744486,0.177924832407763,-0.0679584315730434,-0.273391740415412,-0.269316525232947,0.0606322305294046,-0.110094566029656,-0.143742059767385,1.12883668118008,0.370549067663093,0.800483502836107,0.632494178890274,0.754034961801443,0.0211551217954521,0.094426652511835,0.0330678403313289,0.113564486562377,-0.432058512131285,-0.0595387174391204,0.605495554697579,-1.05374215775284,-0.46302887417323,-0.455790171792326,-0.40337146716577,-1.02591045540627,-0.81226247217047,-0.880846715844198,0.0160820077147878,0.109372765247567,-0.716085948185842,-0.166956781206255,-0.17522083289104,0.220516581166411,-0.110544152648842,0.605548009464199,-0.33664500693271,-0.617496687914043,-0.0870890499833077,-0.122026290797692,0.18902753103074,0.627940248136744,-0.00968529834735445,1.13547169623462,0.591102122275333,-1.30786466309902,-0.0616017981919178,0.134498958597416,-0.601661885748331,-0.388367900504162,0.448070334981365,0.450377447465057,0.204466607063356
"452",9843,-0.607170452060478,-0.743560969484664,-0.0566077714285397,0.0512691033174701,0.290737284095829,-0.0989656620558636,0.0249059539438894,-0.0717180151990738,-0.241637736500416,-0.0993244440572322,-0.241372615875246,-0.120229109854663,-0.109769691936582,-0.419609460232026,-0.164308134321437,-0.133826244117334,-0.274501724497161,-0.22659986321153,-0.0951138390777013,-0.0764191516634915,-1.06407737960271,-0.866872136409497,0.32542840005083,-0.162586221092336,0.100381830508963,0.0418419556597882,0.541745909962241,0.0726004392300962,-0.0700158608958043,-0.606680057212477,-0.366958755045921,-1.53793093758084,1.06638718432789,-0.316306983820403,-0.611238303547155,-0.144778851875531,-0.671591894940673,-0.929447206066555,-0.736594233114117,-0.0340745904984242,-0.53521499426706,-0.494162904597002,-0.0445614184714189,-0.645673639349876,0.27120816246415,-0.555311641821914,0.107362621691122,-0.258198834180381,-0.452649957332695,-0.0361779501025237,-0.132566320352387,0.13971183777804,0.853089397213391,0.167132815139333,0.106177236239525,0.821501007251367,-0.714259306529467,-0.0932325224057829,-0.0675913271119687,-0.366619824501342,-0.656340024388658,0.771658141810322,0.308803252101828,-0.14405568800489
"453",9845,-0.361272672665248,-0.387507772252348,-0.0351259912723603,-0.0580026733021782,0.126937954326471,-0.117596490631648,-0.0720510119859519,-0.32278316129963,0.09495422254379,0.0297632086668917,0.0389820850143618,0.0407666129106585,-0.139786956928557,0.148512338942742,-0.168693252081484,-0.41328471447619,-0.307680486047164,-0.130321662152625,-0.229078243974393,-0.401118179830047,-1.45097023204303,-0.703192082960742,-2.16861088957187,0.123554412360399,0.259728348814938,-0.494624092016886,-0.259090027710847,-0.0375608436921798,0.00263711376566802,-0.239194869904011,-0.310221186375237,-0.395820996952346,-1.82469828214321,-0.418346711977284,-0.4031949392437,-0.263952770616073,-1.16405504203065,-0.814291645051783,-1.02547516443701,0.246935091471586,-0.160779910956249,-1.14736416272057,-0.411747506675928,-0.557463738138843,0.457077293889194,-0.199497650483455,0.944187520710577,-0.22895962541268,-0.693369582857447,-0.0970894446027473,-0.457479536754383,0.156150402195606,0.40941313285647,0.0070902314989492,1.18840683989151,1.55109747634214,-0.613346395912643,-0.143056881750011,-0.0223246441065259,-0.380621422948774,-0.698938068441907,0.493296188685941,0.457112596595744,0.0263730872718378
"454",9846,1.76121342557856,-0.186823242903225,-0.080961103611983,-0.322959920468014,-0.24335792979851,-0.0869528039572178,0.0674015905084944,-0.248290648476073,-0.213522055722856,0.23531775596211,0.195888452861311,-0.224473345112545,0.306531334868691,0.423787068109403,-0.189978030825633,0.160266862089558,0.103500807847793,0.288076896945817,-0.104921326498206,-0.0491930491649707,1.00663920979672,0.671720366008805,0.161897563770906,0.728329651991316,-0.250420515543522,-0.21059075188613,-0.808479181153641,-0.337362204384026,-0.27918492962492,-0.0380798099791392,-0.298881969378007,0.507390973493323,1.25912621542403,0.95732558817515,0.372876936584924,-0.147226583197542,0.818259590022694,0.846079065086288,-0.178812863441772,1.04630336163146,0.842882504818535,-0.423145164315458,0.32262466973309,0.265828673164117,-0.810212238554286,0.334223336524233,0.582484216544886,0.908354140283492,0.66556890946302,0.127283045586136,0.790333116528695,-0.0575509352327633,-0.719275738658484,-1.34694870344012,0.7943341037791,-0.549920927129793,-1.11197489543106,0.121207876113169,-0.290072258479125,-0.437622854191618,1.21292984851484,-0.673719042460667,-0.0848968289010562,0.610539967614246
"455",9847,-1.1377919764273,-0.122086297951895,-0.133136406491936,-0.178374848542363,0.171030012654021,-0.0119160427601777,-0.255253423091104,-0.33307828470985,0.0177835560535635,-0.183069036229568,0.00106009230158928,-0.0924699282196073,-0.38319504874203,-0.53627296849534,-0.289730739459864,-0.270441263674365,-0.275730299649401,-0.109675033903621,0.17736550322062,-0.200369079563264,-1.53418980988894,-1.0586116257217,-0.664269738669415,-0.911578161711429,-0.0417080527515565,0.484019696109963,0.374215998747329,-0.104480452482062,0.0112351208709152,-0.492888496569727,0.165430014828192,-0.489516779180312,-0.436188300986807,-0.0696712894163923,-0.597797299673617,-0.0913367180115622,-0.417571544087322,-1.09516299137415,-0.893688684292296,-0.353898320003117,-0.865461655963213,-0.147615383098746,-0.472945188043347,-0.49865713733149,0.575357650250585,-0.377404646152684,0.790008623139304,-0.972117325591305,-0.514418639772862,0.00345997766180019,-0.34659491649856,0.287658917536142,1.15623138878064,0.0679977335106463,-2.63468686866169,-3.61093468466854,-1.30786466309902,-0.251412573996634,-0.0471456459733376,0.953723801681088,-1.04845504157083,0.791401770873413,-0.0278181408137249,-0.0312634703665786
"456",9848,0.919984178542137,-0.180349548408092,-0.00460337184840544,-0.150662602457278,-0.197011217724852,-0.0896993358325282,-0.150359817431427,-0.379867688306049,0.177058263375559,-0.0446988926144803,0.122170835165085,-0.0644620795818742,0.286735071294216,0.0856497182322908,0.188662276855393,-0.576717864259555,-0.394943054697908,0.174672277846797,-0.25983772521929,-0.143298426505031,0.29664090272101,0.00390574793788295,1.51306615701402,0.849692037899159,0.384499764341405,-0.044222977073781,-0.540265675657115,-0.122964953225614,-0.0605447402313116,-0.242118387343085,-0.344236464316665,-1.88658701383462,1.45186524652596,1.18202758088704,0.364111064493488,-0.325859975302002,0.0716698814796351,0.378862009162921,-0.886147633866502,0.420713425537489,0.695352436106549,-0.819479392211911,-0.411747506675928,0.0306022699347018,0.27120816246415,-0.110544152648842,0.594580784677831,0.148943230788732,-0.324078935619071,-0.484741105123572,0.0812110834783746,-0.189059450573299,-0.212322262469564,-0.00478441551493627,0.0120703141828305,-1.32888858585829,-1.30786466309902,0.185847811575415,-0.244805575473682,-0.420636143384835,0.234039584306872,-0.299116578413802,-0.049724383440808,0.613204622531862
"457",9849,0.984694120651727,-0.864360108763846,0.103333022546261,0.0316498116591638,0.104386850751365,-0.0297764184444381,0.171146914369446,0.144437107704068,0.307927470566342,0.0173896364576513,0.165737421101761,-0.0956030456550583,0.599293647457448,0.662641969225153,0.174748564972377,-0.115857262907028,-0.21030017123337,0.075987175392254,-0.193837972687219,-0.0456064142268287,-0.161066775431476,0.370549067663093,0.32542840005083,1.21143812929556,-0.00953054555207437,-0.292176582610873,-0.64478485230785,-0.295601064390056,0.144613187610814,-0.0796719512786441,-0.566891128832086,0.00889468696029041,0.488170091033669,-1.10649201824289,0.236713723431259,0.163329328282949,0.463055941226561,0.475247721025508,0.0556175444006708,1.2024243207049,0.799555886569876,-1.04449136433234,0.445020032467924,0.559861677200891,-0.658137494661068,-0.110544152648842,0.446715235259337,1.03542076977296,0.117927434232671,-0.207639261486734,1.07658599759621,-0.320567965913834,-0.511049564839232,-0.656217727965477,1.33544890560509,1.50721197444195,-1.15946332395663,0.0684223943289932,-0.220727552598453,-0.378347051627364,0.976043590903084,-0.289449547858814,0.171991283396655,0.531290353155891
"458",9850,0.337594700720598,-0.460789993937254,-0.102775695457284,-0.0172215003800512,0.221874723084104,-0.0251072721730179,0.105165317515602,0.156902321078532,0.166408131494804,0.0416516256100318,0.279905597422348,-0.203207240722372,0.325516878019963,0.466477473212883,-0.163887691799108,0.0450092777186346,-0.0885567597083896,0.172143651990652,-0.163260717609895,-0.134490436734764,0.938300337908947,0.693544377500108,0.0436872266463017,0.821453631727465,0.14066211511821,0.0339168587427469,-1.21727076664962,-0.357096104475619,-0.0273503073627187,-0.184801427362445,-0.249694931079518,1.91003251019804,0.873648153231741,-2.35238337415847,0.21392245599352,-0.083330596812478,0.201848673129554,0.54745245605239,0.328463095317068,0.967267503180012,0.678973972331152,-0.478923876392795,0.873403802039852,0.648071578411924,-0.421576781938285,0.334223336524233,0.520926972120245,1.22042238635382,0.621396747486643,0.0325520347365344,1.11481183149145,-0.123305192903031,-0.541216607689371,-0.709851254538074,1.33544890560509,1.0518998922274,-1.30786466309902,0.0184244085761225,-0.152238954197788,-0.634498121701191,0.8650904983772,-0.698297141997654,-0.170208717889757,0.460114142652357
"459",9852,-0.270678754022429,-0.853613775901925,-0.0421845151121062,-0.124347297434818,0.0810195796756045,-0.162175885124949,-0.0878503252412563,-0.12844010485023,0.292180048170045,-0.0631867554853293,-0.181993155480858,0.0301563122555574,-0.304654995897975,-0.139458496414124,-0.129990666076025,-0.273381746901655,-0.377659159589168,-0.0524825882387723,-0.170632042360993,0.0980872382367385,-1.70062896558075,-0.703192082960742,0.32542840005083,0.0574987532539661,-0.136106951090712,-0.271447278760568,-0.232922143469208,0.184508111043177,0.104474118080262,-0.189080202357995,0.0166278795849603,-0.311521713029745,-1.43922021994513,-0.47501322292664,-0.432998904354587,-0.343911993801853,-1.42490827479549,-1.10006682583734,-0.631453071806878,0.0824278848219988,-0.190123223614832,-0.651248682592611,0.261426988365671,-0.292834034505749,0.406385712591455,-0.0215906548142258,0.455627030978388,-0.0178634067187567,-0.539332619891431,0.212740963243166,-0.403719970074058,0.156150402195606,0.223260405025125,0.413215337731106,1.18840683989151,1.18904208566552,-1.30786466309902,0.0177748977469805,0.0302342401125542,-0.125323242120476,-0.663160567064641,0.432446909528338,0.212470209990185,-0.0038023993063096
"460",9853,-1.50663864571427,-0.877307497754112,-0.058320913841289,0.0263915959574465,-0.0498850470105946,-0.167746824539423,-0.130853492281974,-0.554204377833331,0.195458597266292,0.068800399983133,-0.0569902718895546,0.108066532500836,-0.340524201741152,-0.115709198555398,-0.0516716429984825,-0.559170583591079,-0.33480086947098,-0.061441068850877,-0.0853415381849874,0.120653939659753,0.130201747029197,-1.83804045790358,-2.70304788020531,-0.356566593110727,0.0211128039898817,0.0636339968334703,0.924687619085057,0.145090994127289,0.0183386347978778,-0.125484320815203,-0.0572224969034165,-2.77644606609113,-2.21017634434128,3.58224349267772,-0.377481714442149,-0.223871170218097,-1.24920053942475,-1.09719216425547,-0.919191418368403,-0.755794654683478,-1.00595828365652,-0.251147037731542,0.32262466973309,-0.586867038542522,0.203619387400498,-0.199497650483455,0.489463218376239,-0.102827431198882,-0.501642521173073,0.0705535342904045,-0.153465766060351,0.336974610788843,0.678709173908929,0.284259471173577,1.72363995908895,1.68823966978026,1.11404519170474,-0.143605509147413,0.111656176514766,0.188255703818958,-0.939284519460686,0.801657260839416,0.143009732591888,-0.16608490919678
"461",9854,-1.30603782544632,-0.113411547328417,-0.126698506032555,-0.243200506752186,-0.102528750780982,-0.0726998368970963,-0.0768385143642441,-0.421335637894403,-0.0137614413382067,-0.243646512569483,0.000475066866585858,-0.124866533890935,-0.537409271986068,-0.623502348380892,-0.331926734381467,-0.228018216565788,-0.297952830989882,-0.00928173504288605,0.16766778578173,-0.121130581122566,-1.95028769911847,-2.4840310644832,-1.73314371993629,-1.24543913949472,0.206007374117258,0.268721559088344,-0.070017962307772,-0.209343776686675,0.0471753090831833,-0.494625463107403,0.14430524623379,-0.525579015552168,-0.576630491471227,0.126072130072265,-1.10855544686806,-0.423820222585092,-0.893749065896072,-0.897656830925916,-0.895503752805529,-0.253967230780403,-0.976711146909638,-0.760011268398755,-0.105759099838838,-0.381043935716781,0.372591325059629,-0.288451148318072,0.189688158268514,-0.772479536625251,-0.520632623476747,0.381838544990054,-0.429023491001803,0.238343224283442,1.15549560724771,-0.10956544327779,-2.63468686866169,-2.65093933060173,-1.30786466309902,-0.399029766669075,-0.0674567959365413,0.599703690682827,-1.0799586066167,1.02326998210894,0.0416423365845779,-0.00670726753202085
"462",9855,-0.49069255649617,1.72835453653692,-0.148037169147146,-0.263344642865579,-0.00289539220294228,0.24841338429197,-0.212757842964716,-0.340158150437916,0.0514018370943691,-0.0288128025977003,0.0863061947664333,-0.287356304517498,-0.25720036642728,-0.612178282633708,-0.165345038572745,-0.338948328219911,-0.27351303554867,-0.133812682727216,-0.0170181312240881,-0.11546437235133,-1.82545833234961,-1.32049971123971,-0.624681805519722,-0.0693520729726924,-0.203794107984894,0.446144370016402,-0.358970187071258,-0.0176146188141413,0.0952666452561459,-0.282433910623857,0.0672636865594452,0.0159527992921883,2.41556040201247,-1.7114379382462,-0.698312632988771,-0.37308079205585,-0.707738902358312,-1.01112141453959,-0.928441816658296,0.385519340985316,-0.104944544436231,-0.277462284899847,-0.289352143941092,-0.49865713733149,0.288105356230063,-0.555311641821914,0.414121690029398,-0.561373377130523,-0.602553629106177,-0.239640524268942,-0.472525588849059,0.484921690546945,0.91857395364418,-0.0704802643673708,-1.21720135518274,-0.275636540253561,-1.26037623457345,-0.185811928951641,0.13517314323793,-0.120703425373862,-0.76863406233078,0.839306376037093,0.264310448753647,-0.0762733143300819
"463",9866,1.69650348230419,-0.141507381437294,-0.00108022952111872,-0.0127920302990179,-0.264751595828552,-0.0176971119320156,0.165004271580635,-0.178471984017399,-0.168102857247742,0.0248590901115934,0.284484934389595,-0.279007289544593,0.582389077580455,0.394997530209635,0.0101774379103782,0.0565993012263911,-0.21641515451207,0.340308666695897,0.215111621634361,-0.0431127711885458,2.04425203748505,0.684814770284704,0.213884717084841,0.415316994681526,-0.0175806274904037,0.0594314435705067,-0.896847278511941,-0.442549001747354,-0.331955651686617,-0.0740464121167297,-0.216547937170465,0.659083090877102,1.45186524652596,0.262178803502771,0.405018467586862,-0.185880340324343,0.628779880229341,0.93586996508459,0.109383871819386,0.794213161710611,0.734199524773476,-0.219099060652968,0.261426988365671,0.324635273971473,-0.489165557001938,0.156316340855003,0.562401605181799,0.654313662112075,0.382906184636842,-0.147273243056663,0.884055297532867,-0.139743757320598,-0.481618303522024,-1.10039823431389,0.600238577037169,1.0957853941276,-1.30786466309902,0.0483669904418986,-0.144319960007714,-0.509763069542598,1.25649013140763,-0.777427409619318,0.0564052392245694,0.306130454588391
"464",9867,1.06234605219271,-0.609684967325313,0.135225145722347,0.00242358087421911,0.175943725336429,-0.0849650835056296,-0.094701253167893,-0.11522832519845,0.053494515578459,-0.018697623278802,0.275884080968132,-0.1105195486863,0.225884485849184,0.503562907481535,-0.0725227378375134,-0.212479669525795,-0.226690809505893,0.240832753961835,-0.102436368413909,-0.155612964708133,0.857558780241622,0.671720366008805,0.32542840005083,0.461100664999809,0.207143929181228,0.171039603680519,-0.710165144109306,-0.15322598745339,-0.0405275200180973,-0.0468581782244082,-0.496772652690587,-0.803801780260392,-1.43922021994513,0.745062585671656,0.224441502503245,-0.280270979429498,0.122863390515769,0.180003066793804,-0.275135873381291,0.828059815597073,0.924595491318676,-0.690915912010777,0.383822351100507,0.383441874778826,-0.404679588172372,-0.199497650483455,0.646329853556488,0.813101386970217,0.0973325698895853,0.127646696299569,0.930206800377119,-0.0739894996503299,-0.33446199693598,-0.72192496754139,0.0120703141828305,-0.687063120567909,0.722265656368842,-0.0797635636118161,-0.081353254853105,-0.461006234339867,1.03635644833707,-0.621907672049701,0.0154500899652403,0.695039986601606
"465",9868,-0.218910800179452,-0.683096662900121,0.0595257981516007,0.00896658712786638,0.0428485460097014,-0.0149373238287899,0.241657075840014,-0.240377593734062,-0.170210887195344,-0.171407824771879,-0.0488836196365617,-0.0784049951918672,0.0697364393333401,-0.0906085542009786,-0.0552878155817975,-0.332117343828288,-0.292771700100154,0.124961497357564,-0.247031415115183,-0.0336742228343133,-1.57579959881189,-0.179415911924724,0.721307660289481,0.579244919784197,0.151836384558547,0.569783388245367,0.118773299489986,-0.072241120470839,-0.0821920891826474,-0.0763222978861299,-0.095709974029649,-0.756381098732633,-2.59565440653357,1.9358776702271,0.106978816477979,0.0202390347502306,-0.830022706100101,-0.405751504946523,-0.705284303050466,-0.055713924771646,-0.00640959301327978,-0.584044560359182,-0.105759099838838,-0.145817532487363,0.203619387400498,-0.555311641821914,0.771407569673656,-0.0502306541397569,-0.238144456751175,-0.0970894446027473,-0.372759108071888,-0.00823524198006215,0.204130085168939,0.0436730379994654,-0.629033092328398,1.37006978100383,0.472951406609632,-0.0244952700637259,-0.120012622628902,-0.564845499983002,-0.693001383410471,0.391501190605134,0.109470050557247,-0.15043492900382
"466",9869,0.250236279047367,0.378589234301692,0.000802874715666699,0.0956817627092266,-0.118663602210527,-0.0263892104793802,0.0548947465148126,-0.591743486995597,-0.190260930528938,-0.081220081589886,0.0526611747104855,-0.132217142673122,-0.154881294972721,-0.0649462625533223,0.114349797115581,-0.414201950699107,-0.289718495959031,-0.0918329666900257,-0.209520440407079,-0.292026871580106,0.338250691643964,-0.493681614546335,0.0879008486581922,0.459591145708539,0.676169084935689,-0.272454706334765,0.255048086383383,-0.132384890712761,-0.097681372521058,-0.397941174214619,-0.21390509848958,-0.26153135366069,-0.177322090934789,-0.0798353793172761,-0.732207338408997,-0.537945695473982,-0.707526481158957,-0.827481268780352,-0.973018483516989,0.145073355324867,0.346527444148114,-0.945194372749405,-0.350549825308511,-0.528060437735167,0.389488518825541,-0.555311641821914,1.08260875156455,-0.738402471465795,-0.524917421112764,-0.130908960952125,-0.170452003092706,0.205466095448308,0.664729324783255,0.0641154136422521,0.296546058652119,-0.0381641004258431,-0.987990272007548,-0.0583215765871659,0.0556881500092302,0.114551858184508,-0.602826868944954,0.40304444647404,-0.0690454173106512,-0.0425450638585483
"467",9870,1.42472172598747,-0.402526743481057,-0.192174228131831,0.0281795365932347,0.12186778740119,-0.0461525880738373,-0.132631955387282,-0.279198057757074,0.216411116464347,-0.0541305036981948,0.162388439197764,-0.101960702306908,0.442116351296655,0.514913672488353,0.248319191461089,-0.117525240445366,-0.0963046061557213,0.129029031844045,-0.262652938404493,-0.0725814482198148,0.29664090272101,0.126120183481484,0.958835211682119,0.897844895625957,-0.371583664072813,0.169066230843997,-0.675473054524001,-0.336555859400922,-0.00888514144216271,-0.0660590386644857,-0.181084939041223,1.99934239904409,1.25912621542403,-0.617352369653406,0.479236184627703,-0.204748269264865,0.442982137890865,0.500781479782087,0.23627975339097,0.850805249670506,0.986939741155561,-0.415969206791194,0.139031625630834,0.530458376797215,-0.624343107129242,-0.110544152648842,0.592398465526924,1.11512611062725,-0.047513054443222,-0.122726819899856,0.441757584014878,-0.238375143825999,-0.524293632431976,-0.214688419383081,0.117233849257479,0.0826069301711663,-0.343616793588694,0.153119469757626,-0.15908781403786,-0.760014989001517,0.607643877529044,-0.699420165865691,-0.304027286981285,0.559085993534836
"468",9871,1.68356149520235,-0.790948413189037,-0.0195591217783727,0.077219657722604,-0.393354371838618,0.123194245644211,0.0414273918503889,0.0773143865637908,0.0595548080665965,-0.188435844847553,0.411387575695539,-0.512972331888459,0.261687415219969,0.699584724222834,-0.0898831499181216,-0.0212166035895288,-0.152579581282189,0.0393613091557354,-0.0825730420847744,-0.098239949508291,1.18397262365851,0.580059536077503,-0.0551892809114234,0.404595025486865,-0.286499328279733,0.22892224386288,-0.700561129318075,-0.40108458865741,-0.0670599171704217,-0.311018197335726,-0.378042719248775,0.409417897332912,-0.188169965963245,0.0314261872284427,0.532415808649093,-0.261607028099143,0.254068884629028,0.960896430620835,0.431383739502022,0.847667948418998,1.02856711163676,0.191811020121665,0.445020032467924,0.501055076393535,-0.844006626086112,-0.199497650483455,0.707359343798018,0.885440594428024,1.01450683729035,0.0256426711812845,1.29366884723212,-0.2876908370787,-0.478675177390303,-0.98527554612169,-3.56987440660009,-2.97459490711568,-1.30786466309902,-0.114988029248551,0.233779908537954,-0.525825817000058,1.10713894398045,-1.00334831584495,-0.0201305463514189,0.568986508841029
"469",9873,-0.723648347624786,3.73416403890894,-0.111324689964566,-0.0591870163227656,0.062279433149917,0.00609006943160624,-0.0143617849517128,-0.383800834963157,-0.188886440247538,-0.000390971101579621,-0.224777249848731,-0.147930923794578,-0.270148476738494,-0.529030486715162,-0.164932027422539,-0.432589449347412,-0.315811898055099,-0.0897035015913965,0.120896110832772,0.0524856575899742,0.54629963625873,-3.0110808365882,-2.04984711387555,-0.978657312364362,0.0898180014086346,0.528439350739461,-0.0418171308289207,-0.0538475756080063,-0.0804705280816498,-0.344675692329847,0.287349256721529,-0.15126698496221,-0.439285065823896,0.715502080681242,-0.58435629580008,-0.606635155697992,-0.400082198676615,-0.839656306068253,-1.11147457855456,-0.17917477338067,-0.452971990297187,-0.447131248645398,-0.0445614184714189,-0.410447236120458,0.423282906357367,-0.199497650483455,0.581680282121338,-0.858338233177824,-0.858982940867857,0.222195881792454,-0.153872330012808,0.402728868459111,1.10619824454139,-0.24508193189995,1.62953303703226,1.0518998922274,-1.05855041333981,-0.2618367847926,0.325496537387268,0.609654065213997,-0.998896692881032,0.514596076013214,-0.00339472123880313,0.0586641730920021
"470",9874,-0.700999868061146,-0.820338986196941,-0.0816706455632133,-0.0576742058222532,0.050396374684418,-0.0144076374683941,0.0358111365654388,-0.158065974875501,0.221384348914904,0.0631582394016433,-0.338941244671827,-0.048326817148144,-0.309510801878367,0.0127373278498049,-0.0843335264750104,-0.0894522978962329,-0.337068105313208,0.105734569979911,-0.0616583349868322,-0.168663739945548,-2.19994643265619,-1.83804045790358,-1.099736908305,-0.483762280432418,0.00357990450742695,0.350890117527578,-0.0418764804868275,0.00288650742272188,0.110667946614388,-0.327529868728735,-0.27145112415055,0.341699205445291,-1.63195925104706,2.29471707781782,-0.43825842760945,-0.206788045366543,-0.928409124918437,-0.758151195335336,-0.5237630058973,0.136566442315971,-0.451358838869902,-0.559749858026722,0.261426988365671,-0.204624133294716,0.119133418570932,-0.288451148318072,0.585639696732073,-0.286218638049338,-0.461328646894127,0.0467344125604663,-0.289269154136403,0.468483126129379,0.708140435226138,0.105681821851605,-3.5169392629432,-3.61093468466854,-1.30786466309902,-0.190802241425124,0.225689692851875,-0.611541186175706,-0.81497442323287,0.608425483554569,0.0728009052901812,-0.137225244413265
"471",9875,-1.14749846772433,0.592221152641081,0.0943029466367562,-0.0637440210654316,0.0911267192736312,-0.12452922955345,-0.0395667988909526,-0.0483919906179047,-0.0268077474408915,-0.148846132397298,-0.302863238002947,-0.0175762698249223,-0.210452737134893,-0.5885439696076,-0.201715455156392,-0.342115295459371,-0.314105108783869,-0.530961726296745,0.0561846182726293,-0.29086782137969,-1.78384854342666,-0.899608147099248,-0.505918029823403,-0.642051288226095,-0.286470824433091,0.246553214085478,0.620136178266083,0.0578945853096661,-0.0950025012470615,-0.456119421887521,-0.196297026930671,-0.409988843515501,-0.271860921049797,0.00116537269575172,-0.762011303519886,-0.00434026727499115,0.151292427691416,-0.807865930927614,-1.25339891424207,-0.703003527855218,-0.994474711806407,-0.255505645331182,-0.534142869410764,-0.880900042579294,0.119133418570932,-0.466358143987301,0.47626267618046,-1.09741449253748,-0.901914571462541,-0.0767250046504334,-0.519468408753283,0.13971183777804,0.844260018818228,-0.0427746669095559,0.206165840924762,-1.00523300934434,-1.30786466309902,-0.22154991132868,-0.0777728910706345,0.644409301969297,-0.995769872382229,0.968715741423938,0.417858242571436,-0.737023029826039
"472",9876,0.017280487918752,-0.103701005585717,0.0823527309160218,-0.0687199204815251,-0.088660026282422,-0.0782189956256283,-0.0845001286967806,-0.140434127379078,-0.0044850609680314,-0.0678522270258578,0.211439620291426,-0.359010769354833,0.363014672815001,0.546892148526864,0.337390330886819,-0.151428022595285,-0.120488526145462,0.00846949167819156,0.0686444676098371,-0.0659010482465003,1.3784954147178,0.606248344629303,0.0879008486581922,0.534521215610108,0.0160310711656992,-0.237910804954708,-1.14180723371473,-0.457021045570905,-0.0461145980708232,-0.202549099725559,-0.289748994259526,0.485811007304604,-0.668264095554768,-1.4011724237061,-0.0554820129500002,-0.470123140093186,0.204256113388512,0.515154787691417,-0.262816283361771,0.53524503212299,0.754067200227576,-0.344619944287263,-0.105759099838838,0.6774748788156,-0.522959944533764,-0.377404646152684,0.416461869140495,0.501371128127259,0.041081810021565,-0.241822428549547,0.813497214126148,-0.041112370815196,-0.352856535259236,-0.932347740927152,-1.65832755232349,-0.643177618667711,-1.26037623457345,0.0721662028827643,-0.243842454558677,-0.480551612883236,1.06806041121516,-0.851403257628342,0.0286482609890109,0.593638377232402
"473",9878,1.61885155192798,-0.171674797784614,-0.510948004428906,-0.0109531170780388,-0.0957075115533687,-0.00492000480523878,-0.114109904141986,-0.0442681010976084,-0.0827707501942388,-0.197442881383423,0.153396516794398,-0.0784583290641779,0.544409890047314,0.642865562414449,0.511507748789684,-0.159580074987877,-0.318409358095594,0.0556687033379632,0.0200848134274537,-0.14565705789782,0.697438231956156,-0.0484718691657196,0.32542840005083,0.772996894754789,0.190383390468509,0.115112558201013,-1.16583144374545,-0.348682316618727,-0.0991205777247825,-0.410617792319257,-0.397590895468563,1.47823368314691,-0.282786033356696,-1.35750865836932,0.0987973358593041,-0.32631892492488,0.14194589492134,0.58871230463918,-0.396201284673847,0.731165473098575,1.01618771786673,-0.849397931249343,0.0166362628959979,0.118812171145732,-0.675034688426981,-0.199497650483455,0.620699288479712,0.573574477974065,-0.0867577950359694,-0.0785432582176052,0.851179982488743,0.123273273360473,-0.566968961341929,-0.657068364541045,-0.123018000785018,0.110496158465978,-0.862072870177522,0.117598262260702,-0.175690184096592,-0.454822787309783,1.02183019079312,-0.798178682191346,-0.105238339911918,0.460710655883458
"474",9879,-0.574815481199812,-0.333517160162939,-0.0312514240252801,0.075531556752901,0.0352085107562549,-0.000628887599607281,-0.138762165306927,-0.420385006167408,-0.111621999287804,-0.116706821938299,0.249776158024496,-0.2067814212245,-0.375799728456083,-0.438593209569268,-0.23918229482893,-0.406648809617269,-0.330235047491016,0.0832048836493185,-0.0658076416787107,-0.109731834745805,-3.44824010034479,-3.42682817234804,-2.88119354374978,-0.788440318154794,-0.465740174654563,0.0542619573711284,-0.0448554789873737,-0.0602178736719775,-0.0740232674470763,-0.398369908435715,0.223323150824799,-0.589431555502583,-0.211022592889466,0.0200676228973997,-0.301510822983022,-0.147022605587375,-0.471066282782718,-0.819533674995187,-0.83189239906628,-0.305471259659326,-0.754216364838262,-0.476096579492687,-0.105759099838838,-0.704480240157229,0.321899743761889,-0.64426513965653,0.555541301798198,-0.534579605360846,-0.657166225554055,0.0729172639277275,-0.515343463335701,0.336974610788843,0.975229131679807,-0.136143346343196,-0.669932461702634,-0.775103154192527,-0.991625449071711,-0.137512578650445,0.0538582202707046,0.416830021620686,-0.935041633432469,0.789202057571029,-0.0169330513095778,-0.0991439650043946
"475",9880,0.51231154406706,-0.2147896031222,0.0631681643918331,-0.0125415558330048,-0.00100369000411268,0.00786632261957634,-0.0380274119975648,-0.20219322470887,0.0409305937520715,-0.255474112806123,0.239252287303298,-0.367572905458336,0.513502301048093,-0.0302338114958954,0.271501178103059,-0.495016325823096,-0.309256519512343,-0.068170008939068,0.0394001922005149,-0.0187805732094013,0.335860889290883,0.370549067663093,-6.56287059033567,0.31756707671262,-0.549273755499946,0.563714130947853,0.262131955253099,-0.0372267130067959,-0.0924172182567216,0.142970623834868,0.0895069559777699,-0.984437505840848,1.45186524652596,1.14676558963838,0.113407122678366,-0.211836491218198,0.423439387553397,0.314097574700871,-0.565951976292645,0.529292204107309,0.982663062950912,-0.7340966487562,-0.0445614184714189,0.177618771953087,0.152927806102758,-0.377404646152684,0.648175440796682,0.258060087624679,-0.448411781703371,-0.148727845910399,0.357311628886784,0.0739575801077722,0.000318600547268608,-0.332732109912046,-0.118904226773134,-0.308612513348913,-0.774015308069785,-0.013735742207339,0.00329437223271475,-0.439044336267499,0.426259905613376,-0.397903691353894,-0.177488121495651,0.557568891727327
"476",9881,0.162877857374137,-0.729707263265079,-0.0184953940932298,0.291039547940103,-0.0350103694866989,-0.283690904094022,0.0732881444899666,-0.323073335655956,0.232926231188245,-0.0121607654321779,0.109194231402903,-0.0692280609970001,0.0555521014725566,0.248183863905501,-0.218775744131088,-0.142289873283496,-0.249946240549821,0.12478572437665,0.09735045637676,-0.0261753225693148,0.184046960524037,0.370549067663093,0.800483502836107,1.29136085056605,0.66558057527139,0.191728412893042,-0.291005084795643,0.2315963986313,-0.0890772589104047,-0.378221683178125,-0.242967003151534,-0.886263564213156,-0.668264095554768,-1.14382717452627,-0.21502088501417,-0.146206695146706,-0.760029920924193,-0.118792639980203,-0.580245015361421,-0.0493789895522548,0.54724951174582,-0.47073254208161,-0.228154462573675,0.148215471549408,0.254310968698237,-0.377404646152684,0.383682906827312,0.159506988444153,-0.553298980831284,-0.235640366421166,-0.418871400408371,-0.0246738063976295,-0.182155219619425,0.0701092117059277,1.33544890560509,1.55109747634214,-1.26037623457345,0.153571243616238,-0.19513605399963,-0.647717905006888,-0.0222161283706502,0.264691237754093,0.128995179855306,0.0224050146661148
"477",9882,-0.154200858458121,-0.272017062459175,-0.0107670102342219,-0.162292446682758,0.213025503284536,-0.252284359310629,-0.199387209296856,-0.488998747985909,0.0166767074151993,0.0070662282288155,0.0490164631229195,0.133518074155168,-0.155921198719268,0.0446028855019906,-0.321315328931852,-0.0992977355756486,-0.21385159148677,0.388903400690753,0.0368877177805061,-0.182062655978368,-0.731642058847188,-0.965080168478751,-0.07045086018782,0.06264316549888,0.864468869414098,0.193082514073657,0.0954338250646511,0.054824615486693,-0.138828657116728,-0.366174192836709,-0.316549311880194,-0.296260973580298,-1.24648118884899,-1.76486740203606,-0.34534018344021,-0.104136313049593,-0.651128652739522,-0.492836841103068,-0.658421778431495,0.0153982369292027,-0.062836714378663,-0.598461392510872,-0.228154462573675,-0.49865713733149,0.288105356230063,0.156316340855003,0.433555370328013,-0.431238353792589,-0.978227438222788,-0.126545152390915,-0.364303117005257,0.0903961445253395,0.667672450914976,-0.0978985996527268,0.7943341037791,1.1396708960278,-1.26037623457345,0.00105495052852674,-0.099787083413706,-0.432363370510857,-0.452299340660707,0.390718728310717,0.169610170067631,-0.176120741156894
"478",9883,-1.26397636328863,-1.13625527755943,0.0208791078644202,-0.175509146444791,-0.134928589459524,-0.216912822014773,0.0891040329444983,-0.28667609118033,-0.163181291942956,-0.0624810170320452,-0.108953978506104,0.0136463688449737,-0.216756707881722,-0.24006781230369,0.218380825163456,-0.289278778685047,-0.304758665911982,0.183008308462114,-0.0695816166065093,0.0798546332779683,-1.1180919206594,-0.441303997442733,0.32542840005083,-0.219225247803021,0.0665462845671789,0.967125663273161,0.388979004697397,-0.0467342148533145,-0.115273861422219,-0.20313210062498,0.0462438146890835,-0.474166719805768,0.102692028835596,0.609743103009859,-0.156581737737917,0.0142726896528198,-0.295818793343763,-0.391885490257522,-0.707690074697346,-0.200371667733808,-0.341519647973681,-0.873814876675254,-0.105759099838838,-0.322237334909425,0.00085306220954098,-0.110544152648842,0.297150881475262,-0.294731277138666,-0.291672406990059,-0.105089760298298,-0.477653588068571,-0.0904280640678972,0.279179801527821,0.191232852941077,-1.36424342089632,-2.78808152403985,-1.26037623457345,0.0237322793954675,-0.212472230469798,-0.516657257610623,-0.563320296233022,0.0701237990940296,-0.0276140453855155,-0.0323231782280999
"479",9885,1.73532944749229,-0.564369105859382,-0.0451759780751842,-0.0221779468493929,0.167436126115623,-0.0381176339374385,-0.0170555121297843,0.00808433140900296,-0.0249958111169316,0.251217884841654,0.162108580095723,-0.0593002863071475,0.0422601549420287,0.656966451664039,-0.241427617243776,0.138021283855114,0.00754681954396966,0.0839238610690325,0.018785784970415,-0.0440392046665536,0.704201115884632,0.671720366008805,-2.9999573194461,0.749642454489442,-0.363661839281899,-0.186863857165529,-0.992022870213596,-0.266265605054465,-0.122507736052455,-0.200349170613697,-0.284690396325643,1.3425824385922,-1.05374215775284,1.66662081492666,0.537090940431193,-0.359669264187317,0.182128905126022,0.704036963394061,0.0947590419205796,0.939413899120149,1.02267686202268,-0.13627347518423,-0.0445614184714189,0.501055076393535,-0.641240300895155,0.156316340855003,0.171939658899114,1.23444885628964,0.494529015251152,-0.124908724180461,1.30834705575076,-0.0246738063976295,-0.549310204551604,-1.04386463413904,1.42955582766179,-0.00135215337732839,-1.30786466309902,0.0852914149419602,-0.0443694117167465,-0.647007163968947,1.04288485823809,-0.728008171632017,0.158112794278882,0.721187708921925
"480",9886,-0.671880394170069,-0.903202275734644,0.0584298058369379,0.0481438263943095,0.200945603493721,-0.368599408571465,-0.0161146196188754,-0.132425183134842,0.144771605201232,0.0376615972878679,0.112811004162187,0.210406297982375,-0.0916951320453441,0.400266879160824,-0.0254366368626536,-0.38887524628067,-0.171681457722375,0.202384433860546,-0.272278407677103,0.014968608534771,0.67112900302759,0.632437153181102,0.32542840005083,1.38717933950128,0.175955518734319,0.312446878830916,1.10830483085555,0.0767157427863791,0.0161374689846214,-0.180084730494717,0.557763618935455,-0.454576615175095,-0.282786033356696,0.58948427977572,0.0140605723087393,0.258637866633855,-0.267991616232855,0.403888474699173,0.135249025852648,-0.41324560201081,0.386575261773805,-0.327433402988268,0.0166362628959979,0.412845175182505,0.152927806102758,-0.110544152648842,-0.0257567758806182,0.3937619594134,-0.370399364875619,-0.307825033037848,0.260754283105051,0.18902753103074,-0.387438267306956,0.533741697663143,1.77657510274584,1.68823966978026,4.37887465283726,0.192307193406409,-0.201465134298263,-0.694413591199591,0.344098087223978,-0.0835748056818799,0.00354452332007998,0.0977979313140311
"481",9887,0.638495930928393,-0.534201689512062,-0.00483466954740795,0.331436319710481,-0.0551457531214932,-0.24222741308084,0.129074040820632,-0.479959010503281,0.537220478631242,-0.03136569663003,0.106040853310631,-0.234544892124287,0.120148847283907,0.0854122617414768,-0.135912549098503,-0.352286528537191,-0.413390243728084,-0.195718716469384,0.162389520050637,-0.201015537595081,0.435340201904841,-0.572248040201737,0.00872500611156631,1.01905009120029,0.494230447984895,-1.07340036800359e-05,0.316896630631558,0.202816009776582,-0.193991421032158,0.15029406298517,-0.11048579304733,-0.446736270096872,-0.111825389586848,0.39446934995739,-0.0180809586931991,-0.0193836160248665,-0.138945737646013,-0.260665643932321,-0.432700183203007,-0.0296501912975792,0.650017883212261,-0.617442054072203,-0.0445614184714189,0.118812171145732,0.406385712591455,-0.466358143987301,0.856582918628292,0.0951469304324731,-0.660107284075064,-0.43564825880996,-0.118662274296562,0.0410804512726383,0.218845715827543,0.150038225573494,0.641603049349992,0.508624735433316,0.00360888495403622,0.0985974500734605,-0.00421797090435802,-0.532364634549113,-0.212267949339494,0.117557821427115,0.0372883007829222,-0.0234648521466197
"482",9888,0.86821622508742,-0.566570161987727,0.0134059148330576,0.193670873003151,0.0473976231083038,-0.163049501237746,-0.0234323147346132,-0.130429032009175,-0.0256695175961743,0.0262647745793844,0.161210929470458,0.0155330613578536,0.698864688190185,0.448137147340934,0.0909775749578538,-0.532251973352869,-0.327223512134006,-0.169155195227778,-0.397778458981644,-0.292325926882774,0.520706627940602,0.16976820646409,0.503574063595309,0.896536989132203,0.135954969185041,-0.207626741934974,-0.19571345122555,-0.187729357461701,-0.0341818736342854,-0.581156569186228,-0.179322476824751,1.00041469049117,-1.24648118884899,1.48189089893708,0.171846269954619,-0.0948043373844141,0.0384613673193272,0.269624869051996,-0.419312862691364,0.248322743948215,0.562412547187302,-0.86503588552298,-0.166956781206255,0.324635273971473,-0.11742729415185,-0.199497650483455,0.390219285893127,0.500039060819393,-0.375287088193526,-0.0863617485564397,0.249627811393498,0.123273273360473,-0.309445424816353,0.22480486965633,1.67658649806061,1.68823966978026,-1.11197489543106,0.0824969250515661,-0.110931768287389,-0.654541018971118,0.179648903213688,-0.347494448653505,-0.0511530514382198,0.277145841130267
"483",9890,0.777622306056341,-0.890254886744378,0.188968578299249,0.0472088113278318,0.200668978329435,-0.103223460601491,0.115405599136097,-0.0551025496476866,0.0132000195691217,0.103877061020426,0.290158139021669,-0.20076272172267,0.26823069391477,0.802575684770787,0.00740534045507966,-0.11199266662414,-0.109729157909139,0.141102864342232,0.209667971595206,-0.207870851885307,0.831753505994625,0.580059536077503,0.0818715411151409,1.16959219320003,0.176662875714892,-0.255991166889329,-0.856015599688667,-0.242488738538844,0.0161180111301052,-0.457094404324921,-0.286226166802965,-1.77016904901307,-0.668264095554768,1.50169508071623,0.454107351298915,-0.394906396343806,0.248191898114477,0.536630200685364,0.521370808061195,0.834213752667338,0.934043409701448,-0.697769378119346,0.689810757937596,0.471651775989859,-0.320193619342807,0.156316340855003,0.600467793732422,1.18172616242032,0.258925217092573,-0.0492693757861543,0.822126221558318,0.0575190156902056,-0.56844052440779,-0.54733618879299,-1.6053924086666,0.640473311913055,-1.26037623457345,0.124375632614346,-0.0905992156371947,-0.648712942460005,1.33688795042012,-0.640986737408469,-0.36015352973701,0.622403264442444
"484",9891,-0.273645991038486,3.59731013728182,-0.086304322189209,-0.210910925789103,0.0408410487789624,-0.177515220503934,0.0587478659819698,-0.19486696697103,-0.098658920634517,0.0969460832992113,0.102620868703011,-0.106895068990626,-0.888696134437961,0.0469414394607262,-0.348689750713411,-0.394703300769448,-0.383767342570055,0.0282144511149203,-0.108205435496407,-0.106273640165908,-0.285896142200336,-0.0266478576744164,0.562955951443468,-0.163644927975569,0.380683207296516,-0.186612987946066,0.63408689113706,-0.188288814332884,-0.13064237126074,-0.319517303833813,0.0663251473982779,-0.535788540776911,-0.282786033356696,-0.950568184841163,-0.646301791912907,-0.0323361942705248,-0.647411281751423,-0.284339327547691,-1.13011488282669,-0.370952367831827,-0.576166193491318,-0.924251932036354,-0.534142869410764,-0.439850536524134,0.65984361908015,-0.288451148318072,0.42757455306677,-0.570416192262783,-0.596034581870791,-0.484195629053421,-0.2917553453948,0.369851739623977,0.802320471441206,0.28178000244045,1.72363995908895,1.78149636131818,-1.26037623457345,-0.0183886146623428,0.040374527460582,0.0344513432085918,-0.589452097955169,1.02853854352417,-0.0438736478323258,-0.10797857333342
"485",9892,0.395833648502752,-0.0227798243965546,-0.0482475937062334,0.090479559966105,-0.16358835441883,0.057200444416873,0.0374240275752792,0.0578791221512653,0.18077506803133,-0.144372006855512,0.343955598540273,-0.288589741181907,0.0474751905780192,0.299094305747789,-0.138145430505351,-0.196699947624428,-0.188275705350565,0.00738771885447017,-0.231319197248339,-0.272572369425909,0.712738791950544,0.431656291982099,-0.189186960859822,0.862964018463683,0.0268994230418994,-0.0969193405971943,-0.838995535106602,-0.135486065256236,-0.0778477375264597,-0.319713456018336,-0.110081564552175,1.67723361159009,-0.0900470022605499,-1.75097355917172,-0.147815865646479,-0.364921687649137,0.125447848440828,0.106107354365828,-0.589863603350222,0.40800333328779,0.99770640348045,-0.0508385101072151,0.0166362628959979,0.442248475586182,-0.0667357128541113,-0.110544152648842,0.720789542474824,0.253039983218167,-0.293097677319358,-0.13563642022677,0.620446974834829,0.0246418868550717,0.090083947564755,-0.371264832309587,0.747280642750753,-2.60705382870153,-1.30786466309902,-0.0734754880671431,0.0784560226873734,-0.641676606184392,1.00604920144169,-0.152884851408317,0.0844343446977241,0.54770910383018
"486",9894,0.0916969213253684,-0.903202275734644,0.188806542683491,0.0445911358744813,-0.0675127389819412,-0.133597684950206,-0.0294633329179182,0.222723275598887,-0.106430184111417,0.0337817067281142,0.0947130125179745,-0.257908193281243,0.607613266800052,0.620765314691869,-0.232649579972106,-0.350335065868952,-0.0962473707681135,0.0444721780641262,-0.00197160791604196,-0.16526591504307,1.4617149925637,0.562600334741103,0.221927198826211,0.673046956925677,0.092316699924157,-0.290780999118379,-0.433149287111172,-0.286459560817049,0.18291038484831,-0.168562641550047,0.0846451162601768,0.0576626371276673,-0.269165883478085,1.36359841099315,0.334891490855361,-0.0532948937152673,0.539208941182781,0.206382314250937,0.00590853885656584,0.829306691735493,0.869749602737395,-0.471678551802655,0.261426988365671,0.207022072356764,-0.387782394406459,-0.288451148318072,0.555148278988303,0.911833420565234,-0.0102134105074322,0.456023290530625,0.56219976554004,-0.172620886155732,-0.39994655336677,-0.732602235705564,-2.44059134191976,1.55109747634214,0.668841174277583,-0.0139649171746526,-0.0435133042367392,-0.412320473240929,0.87578620514402,-0.555237765736951,0.116817485972542,0.397352950697863
"487",9895,-0.128316881536633,-0.814771608931127,-0.0778132284425497,0.0409348779517319,-0.0510955025754727,-0.280248369650418,-0.0480507631358987,-0.0547912695152912,-0.146036500850139,0.11500227295924,0.0266124535017608,0.158030525388075,-0.236367971005662,-0.0101601242889588,0.126792669694455,-0.456588125903728,-0.417639935303379,0.10390145290886,-0.175903853348275,-0.153394510436823,-0.527380899529827,-0.0484718691657196,1.51306615701402,0.249620815432223,0.474786510539947,0.127956272097977,0.293632450548347,0.0607895087048243,0.075299601863373,-0.272278305621718,-0.542243532781098,-0.957186023472267,-1.05374215775284,1.51342483025485,-0.154828563319629,0.0844919819530895,-0.401498340005414,-0.672418641099666,-0.726686454460511,-0.268245973655856,-0.221892353155478,-1.11590201014551,-0.0445614184714189,-0.17522083289104,0.0684418372731933,-0.288451148318072,0.432458136740697,-0.173890902553384,-0.168066333455103,0.0447343336365792,-0.385628731919567,0.0246418868550717,0.0238636096010356,0.320734859369235,1.52954443234702,1.46332647254175,-1.01106198481424,-0.00244535752176012,-0.174497748678005,-0.836135354164966,-0.572580449316321,0.442520362066606,0.27172591597835,-0.189505340664197
"488",9897,0.279355752938444,-0.848175872526013,-0.0114997837365184,-0.019785409333364,0.0794162340826772,-0.383452909753701,0.164173426148647,-0.362224771409303,-0.112781332631906,0.0229516424610727,-0.0285348053063352,0.0769991772874,-0.173130845504162,0.000545471647580941,-0.125961432874015,-0.154189444556698,-0.197245684169989,0.112083511290209,-0.225144655550972,-0.0888008366049661,-0.119701361479187,0.0170001522137826,0.721307660289481,0.795224676200975,0.77254803646843,-0.0642135007030116,-0.0806574957570913,-0.082047538160112,0.0616394376901893,-0.273369738498406,-0.204620496570664,-0.856400157007771,-1.05374215775284,2.56528330050862,-0.504294664031614,-0.234070050726488,-0.650668406807662,-0.360095115116876,-0.813574985577661,-0.101325458351263,0.237142253952984,-0.410785261988882,-0.472945188043347,0.00119896953102261,0.288105356230063,-0.199497650483455,0.571483815657407,-0.0222671814753613,-0.515531609001704,0.0730990892844442,-0.243745019416495,-0.0739894996503299,0.508743639802049,0.0728767871636692,0.600238577037169,0.591102122275333,-1.11197489543106,0.0515070680622701,-0.0935955918172207,-0.786667777924293,-0.46012276014575,0.149687309871508,0.302884484683952,0.449551998061011
"489",9898,0.89086470465106,-1.10388680508377,-0.133801457351119,0.142749588871126,-0.125227630883353,0.246680066878343,-0.0351338751060018,0.225126580906049,-0.216304015606989,0.20715383280242,0.0872291571043055,-0.197649105124257,-0.0260760058122259,0.482783578958517,-0.196054751488588,-0.0124012772570849,0.0106626883208532,0.266968108145636,0.169650630111394,-0.120943819678389,-0.82682339819873,0.920514047250914,-0.149626702734446,0.865283762956879,0.0823274441897649,0.167941270052804,-1.06095174006833,-0.353488848660466,-0.17127827316488,-0.354819799579033,-0.406298041654862,1.85287400655374,1.64460427762211,-2.45262442294911,0.233207374594683,-0.459618293169543,0.390443294592408,0.372774490518971,0.00786739686092111,0.867296192146381,0.634119879013229,-0.312384152605798,0.689810757937596,0.442248475586182,-0.658137494661068,0.156316340855003,0.490215115777242,0.908420412288858,0.181464182393127,-0.356736053994744,0.806308947788907,0.0410804512726383,-0.627303047042207,-1.07988697572864,0.167097018832381,0.410132458503638,-0.378692485572524,0.195448313368177,-0.284293532989069,-0.600880070606596,1.15576332205957,-0.786476774310442,-0.160276073717229,0.747669907033071
"490",9899,-0.633054428981966,-0.957192887824053,-0.109703277827386,-0.199254587196346,-0.43092874066363,-0.0453362956216032,0.149613630599293,0.0257744196648765,0.440540378001372,0.0407704562248426,0.150803568525212,-0.0826989923305872,0.150489824709682,0.324700423535455,-0.0998924474283446,-0.416668539615011,-0.307492287262608,0.257851766322321,0.0106147588533554,-0.00307238502352141,-0.0362374086626164,-0.257982337580126,-0.0357978069852242,0.744412423736699,0.497719942505979,0.055730628746462,-0.559752737213319,-0.156179108129005,0.127194813438666,-0.266993408811051,0.157584013768601,2.393456560516,-1.05374215775284,0.213950437957939,0.166586746699756,-0.170174064341422,-0.820853190996125,-0.254916320768583,-0.26749379316163,-0.127469635447163,0.583753520013678,-0.231840481841862,0.0778339442634174,0.089408870742055,-0.100530100385937,-0.0215906548142258,0.583619509803197,0.224314382492056,-0.182018243382273,-0.256186631730197,-0.260166380071264,0.205466095448308,-0.255733372912447,0.237278507647048,1.67658649806061,1.64435416788006,4.58070047407091,0.108709253694002,-0.186055199658117,-0.498106916520371,-0.0070165095706702,0.229286125197485,0.0772910047106384,0.0710971362276262
"491",9900,-0.943662150486787,2.87225635382693,-0.17565065384841,-0.183834909489517,-0.101036318673226,-0.128008445244581,0.0180554547909372,-0.356312957127108,-0.0140908866106158,-0.298335373222692,-0.069339596036635,-0.209611042647789,-0.282521597360195,-0.641815725168161,-0.200411082710133,-0.425360964098277,-0.348189388600917,-0.241860310689663,0.101607475388988,0.132576964421064,-3.00440235211069,-3.82714282296602,0.919247278532426,-0.965801530463997,-0.34121955114718,0.150249064036481,0.294806156469616,-0.230563471293422,-0.0526270309729601,-0.407157489670871,-0.085395571510624,-0.635942109233264,-0.33559295863849,0.228025259407796,-0.316120609802084,-0.4548248193306,-0.955740652564299,-0.324584589693818,-1.2638187017423,-0.607456616022432,-1.16309964380653,-0.0777350009350586,0.0166362628959979,-0.763286840964585,0.338796937527802,-0.64426513965653,0.714656902494844,-1.14283732501569,-0.83740944863837,0.0105511665737668,-0.57496573612491,0.0739575801077722,1.37402272252798,0.040710375789226,-0.514594760796302,-0.571875190179376,-0.850207706280695,-0.155486644068434,0.0518631840896148,0.81719044829268,-1.12616817384418,1.07804200750992,-0.0462547611613563,0.0360222429919487
"492",9901,1.0947010218886,-0.521262203919037,0.167215424110082,-0.549786486079321,-0.180993555382807,0.0511689464755624,-0.0416218190640939,0.00626647111503416,0.0232069029834561,0.494797982797582,0.272505850650973,-0.00288666705500437,0.290294119958037,0.422596091541776,-0.162539098962741,0.269306974973254,-0.0256233405519285,0.660684512573784,-0.0937244347399271,-0.235687441598885,1.01667024500328,0.569950900660638,0.32542840005083,0.9029991253398,-0.203484138299696,0.295255423579415,-0.882945285509396,-0.469594587706629,-0.146942659753878,-0.322294834767835,-0.595804607965597,0.920573916520237,2.03008233982018,0.66597315816243,0.545272421049867,-0.171142957989718,0.429351777601169,0.71215365491933,0.289332644367598,0.779833864307866,0.684531596084674,-0.154334957682048,0.139031625630834,0.324635273971473,-0.996081369979329,0.778990825697304,0.565746595458331,1.2672071085423,0.758058370096157,-0.1923659315225,0.941400175017558,-0.2876908370787,-0.920879878681364,-1.37284909461299,0.600238577037169,1.46332647254175,3.83869377835898,0.168307781349082,-0.229973513382543,-0.651698054819355,1.34282321237873,-0.692672649014487,0.166616770453992,0.623405811400953
"493",9902,1.3988377479012,-0.581718607106338,-0.0656150356342874,-0.109314401999958,0.104705877062823,-0.286254887775175,0.0168343465263091,-0.117786085109162,0.195078788226888,-0.156903075377511,0.404730604727501,-0.0475221709083015,0.198798488548446,0.704769039131129,0.0391455536725819,-0.0408118965781226,-0.301025028341079,0.231530995111448,0.0885363563736226,-0.005612230868955,0.879177947642357,0.0824721735932849,0.201476431849772,0.777649826680983,0.378488718348025,0.0759354776537326,-0.746799827721281,-0.160663470046333,-0.145871117610485,-0.403564486763528,0.108784085407816,-0.0754574729973568,-1.82469828214321,1.84160321812137,-0.134374861772941,0.26108559795587,-0.198069638123422,-0.207230758057624,-0.0407838336033201,0.416570579013062,1.00375330643543,-0.707955735421382,-0.105759099838838,0.207022072356764,0.136030612336846,-0.0215906548142258,0.26588489507547,0.70198642917247,-0.282357354178161,-0.0138134312263227,0.604234165068271,-0.041112370815196,-0.303559172552911,0.416301878155143,0.619201682351395,0.812371796175315,-0.369240528637701,0.149829442865119,-0.180276474168061,-0.890080598944665,0.633097089924617,0.0174441747687548,0.0455881815298226,0.306212259532411
"494",9903,1.33736330431424,-0.63778080143419,-0.305588777484121,-0.180939508832236,-0.296999812113734,-0.0249961729087826,-0.0716494987432024,-0.157321159541501,-0.170835011083284,0.352489786296436,0.258341454721103,-0.0468554428539544,0.357534432116527,0.384810235651994,-0.380423125863561,-0.0246537589500383,-0.0170465775561229,0.318354005958959,-0.0171400102175993,0.016662503135682,0.697609584324905,0.868136430147311,0.297710539102397,0.656676435772761,0.102225174244697,-0.161235689817148,-1.15884678624417,-0.498854390464121,-0.0941397368149219,-0.0643157074216813,0.0316914861385367,0.677911198704792,2.03008233982018,-0.447898406551322,0.113991514151129,-0.140954271684884,0.661351130791726,1.04257063909387,0.271249746031054,0.750713273204125,0.74678176992059,-0.423682824516627,0.32262466973309,0.618668278008244,-0.658137494661068,0.778990825697304,0.213023084689694,1.25511246756292,0.559705289907238,-0.0287231104771238,0.758690971953993,-0.156182321738165,-0.898070651160527,-1.29882451659852,-2.04651860580735,-0.917462005543944,-1.15946332395663,0.205152373578237,-0.301629709459238,-0.836846095202907,1.11533381031492,-0.752171541796195,-0.0143478425523447,0.506622585357168
"495",9904,1.56708359963804,-0.54287644013554,-0.0727822872042686,-0.0386795995436398,-0.107269890912581,-0.0402545745021278,-0.0527992086994177,-0.0515184698579195,0.392025314271739,0.113613081827004,0.251643302876115,-0.14417497062161,0.43432354290026,0.791166971765687,0.30750719362084,-0.159164096145234,-0.140812640788372,0.321185060357693,-0.114537647438937,-0.261898942460232,0.629519214104637,0.606248344629303,0.0311235274683165,0.633052531083436,-0.104973561464215,0.112609792050993,-1.28094674887181,-0.241481133777945,-0.013570080582671,-0.165431885606111,-0.43281454937689,-0.588294130787331,-1.82469828214321,1.564235559264,0.0263327932367505,0.0595557191100731,0.10700260763318,0.301584341932745,-0.240721445922597,0.975995636148951,1.09774741088316,-0.278012902345395,0.139031625630834,0.530458376797215,-0.33709081310872,-0.0215906548142258,0.347460756563424,0.985660434543518,0.326109301940621,0.227286991780532,1.17050080021981,-0.0739894996503299,-0.632453517772718,-0.542783537764668,1.04136477417792,0.135790040060787,0.425462978084068,0.0761232693371635,-0.290072258479125,-0.402654395124936,1.00058602717522,-0.77967823564181,-0.0155043833121593,0.821521927446164
"496",9905,0.803506282977829,-0.79742210768417,0.0439053408738838,-0.135196056199634,-0.10577961363819,0.0498047458940202,-0.00317922651623319,0.294951102620362,-0.0337396066268469,0.0914972994830904,0.159519597149315,-0.109645046580701,0.377755858707265,0.786213727908697,-0.0962830244398903,0.0139761524007632,-0.0800940814773079,0.157004266598949,-0.0897288736553752,-0.141543927039107,0.753484999942983,0.562600334741103,-0.571066410077963,0.773600496776546,0.0286418748998569,0.200332041911529,-0.814128028444151,-0.130879669295459,-0.0258435754056451,-0.549826485902587,-0.170723484441936,-0.156537979190625,-0.0827901541318826,0.0195503260781522,0.357098366820337,0.076689838364169,0.0676692822258126,0.462396292777163,0.0722898503012345,1.10426299116253,0.786879145439648,-0.218310631964593,0.383822351100507,0.501055076393535,-0.590548719597416,0.0673628430203868,0.223471223916768,0.97360887036762,0.613856153580946,0.0630986946650046,0.986735364103144,0.00820332243750442,-0.427170470085188,-1.08599122878864,1.13547169623462,1.46332647254175,-0.761747735055031,-0.00435039749874673,0.0288277778239709,-0.517439072752358,0.960086338590673,-0.634272631322179,0.0384448415427368,0.40582993741596
"497",9906,0.22111680515629,-0.171596106431526,0.00471996104470866,0.0944671384340757,0.143963612225939,-0.190635697093375,0.0338072396197484,-0.325245163548358,0.0889823823661906,0.00367777051506519,-0.113974808748278,-0.012626598506989,-0.0666065930942695,-0.118969235698649,0.11997568479707,-0.48631856260945,-0.263319596725229,0.083678954510925,-0.0722064785890417,-0.0715483771264683,-0.393674386034213,-0.257982337580126,-0.327772366278925,0.426079642873703,1.38091350581312,0.253624960586726,0.593242810892731,0.12985978583195,-0.0211994977090963,-0.108891751808639,-0.467255207815606,-0.0451664607072572,-3.36661053092971,1.52402706898511,-0.517151276432391,-0.640903394206183,-0.528420006599057,-0.432976241104202,-1.26600532853461,-0.354863643465119,0.188020302055503,-0.637372651792244,-0.71773591351302,-0.851496742175617,0.592254844016498,-0.555311641821914,1.06139461820818,-0.568037027270125,-0.370289197013492,-0.0661791339608425,-0.641731918364438,-0.00823524198006215,0.296838558318146,0.224445833908129,0.658784495821536,0.538839374170855,-0.171064658079925,0.0839561057666885,-0.13734879909907,-0.198174198509398,-0.630838571338768,0.301743431773306,-0.18980187899721,0.113458612753987
"498",9910,-1.19603092420945,-0.340777563465253,0.0198031537167502,-0.0258293972249736,0.302043839718383,-0.176220442558034,0.043416298962079,-0.469460041179838,-0.0738619321478574,0.0932656881339663,-0.0335610964218935,0.21208285872692,-0.0702364392516009,-0.0709656712706409,0.160123808559826,-0.320831591626929,-0.192252782592893,0.0489078236995495,-0.130886204021551,-0.281547597598141,0.182228273467545,0.126120183481484,-0.149626702734446,0.102206909460063,0.903332197562958,0.600294616306338,0.953267579721872,-0.079927468428111,-0.0655046469331219,0.0596059426010675,-0.411857205529251,-0.378929543852755,-0.722870428349665,0.877899140156258,-0.580265555490743,0.0646551593642709,-0.635834326388489,-0.25136526822628,-0.78754071020766,-0.699805893887335,-0.134663321134385,-0.373893107849534,-0.595340550778184,-0.322237334909425,0.254310968698237,-0.733218637491143,0.403114201645672,-0.450609660961218,-0.288656572319119,-0.0903619064042153,-0.3079956025168,-0.205498014990865,0.075368316906151,0.234180459522603,0.590637990506639,0.273002641649978,-0.426486707416166,0.134666474989882,-0.168719023187949,-0.588157806027457,-0.572889951917992,0.222736164682941,0.206891601619312,0.78437104045191
"499",9915,0.0463999618098289,-0.437807291554202,0.1194477546098,0.00721160461910844,-0.0176618981537308,-0.194726305173715,-0.114791345852246,-0.144842060241923,0.304636558990406,-0.0873619243668376,-0.0446386528771753,0.0912235234124069,0.0478357454236161,0.369531237727074,-0.156359139147779,-0.283008900667801,-0.197149214103245,0.100991614392902,-0.233453820332648,-0.228691303946419,0.328968226200671,0.649896354517502,0.169235344652417,1.66862893907866,0.309449382079075,-0.607655490493979,0.264640585569346,0.0242836524874765,-0.0635032420600275,-0.140210665507853,0.372763717092846,-0.235893520168893,-0.0471054599803162,0.20265993122624,-0.0823640206970778,0.182503223638722,-0.00285455594842995,-0.2845084252878,-0.6076817725999,-0.272328487463908,0.448851474502846,-0.344245623894045,-0.595340550778184,0.0600055703383784,0.220516581166411,-0.288451148318072,0.137407299654412,0.158257761142994,-0.482616834155364,-0.310370588031888,-0.435814505882179,0.0246418868550717,-0.386702485774026,0.176927561882283,0.630330362345284,0.667486271762509,0.00395542765044881,0.209272972602043,-0.254244160440778,-0.860442697662538,-0.233024840358443,0.0578864458115857,0.0526634897075139,0.252689435106058
"500",9918,0.609376457037316,-0.342858987169617,-0.00892390599554788,-0.10122694730646,0.00694331756966216,0.0710519463936287,0.102786606523728,-0.259004917899133,0.0686201344190748,0.0530178756511338,0.256028656863525,-0.150548398149129,0.2349280459707,0.626430481633396,0.278041013885523,-0.498870829995938,-0.311648503235902,-0.118060333838114,-0.0995532992111594,-0.206962198985036,0.331223841119824,0.239605024904089,0.642131793990094,0.544006729652198,0.176096006438276,0.228589397693755,-0.634272876332237,0.011021987355724,-0.128121913933406,-0.288059757952934,-0.015200155696041,0.0741147996915745,-0.267080264528362,0.129273170364681,0.112822731205603,-0.143402003006896,0.393912840847931,0.156498480918543,-0.448388221474469,0.35857072767108,0.947615972751593,-0.315944384541581,-0.595340550778184,0.412845175182505,-0.269502038045068,-0.466358143987301,0.699495794289498,0.617294119914346,-0.382901662116569,-0.39946501282326,0.465400049807142,-0.139743757320598,-0.0968045617995201,-0.197409250065196,0.488790127062994,0.24307200138649,-1.09735313642772,0.217567690542616,-0.359416964359798,-0.502513510955604,0.342128220762484,-0.288808974735507,0.040962018490563,0.494525648966922
"501",9920,-0.995430103941504,-0.0103062263117892,-0.0848764851064998,-0.12143447634091,0.278509189211268,-0.172838987418483,-0.145009612691274,-0.395265950885956,-0.151573924934909,-0.120691897920344,-0.023727494196206,0.145021544419052,-0.0351815809651714,-0.0646088078795634,0.0532265521317165,-0.385118972048292,-0.249454106986448,-0.0878936509981744,-0.187115133534016,-0.315563199925181,-0.285896142200336,-0.205604720476523,-0.228802545281072,-0.710056530872027,0.0369484292256207,-0.38555919269469,1.0621635721892,-0.0509058190260067,0.0271146470914837,-0.219658186655887,-0.0170320008650286,-0.426148054578294,-0.43983622053185,0.672079069822576,-0.611822695019918,0.0586378198643201,-0.52084365048998,-0.953120889681925,-1.26227020511541,-1.01337513179447,-1.07536495328024,-0.5986622952394,-0.228154462573675,-0.616270338946199,0.288105356230063,-0.466358143987301,0.468270880679532,-0.933023469625605,-0.640225489150766,-0.302915748406487,-0.6093871705036,0.123273273360473,0.324062475036564,0.0590828093753781,0.207613726425372,0.378935894339598,-0.500659113187786,0.0539820691577356,-0.235623822750599,0.198845745284275,-0.531923277270545,0.412866771595861,0.414728779338997,0.197967310722208
"502",9924,-0.671880394170069,-0.510953220374518,0.0222234080553994,-0.0380564269052287,0.162057836113731,-0.290368481563012,-0.211843423897496,-0.0507466427763152,0.563311110332973,-0.0197216586806362,-0.141670822691386,0.196454783886209,0.230475225209842,0.496373532863742,-0.217484202415736,-0.179300882108774,-0.0763607980320485,0.124830604408754,-0.383455161940163,-0.175129659336306,0.629519214104637,0.291982642007691,0.32542840005083,1.1325393294693,1.1697415081855,0.208233434650357,0.312693434709735,0.210086179586521,-0.0116402520774227,-0.337077932388382,-0.357964814004503,-0.138124039138758,-0.280398558571227,0.461519514396789,-0.112167985807965,0.218811238248591,0.021644689039835,-0.00465166540608779,-0.760920725261082,-0.571136320764589,0.501942257691099,-0.0231378848402314,-0.472945188043347,-0.0870109316800072,0.169824999868672,-0.199497650483455,0.0682564097125806,0.240898951835023,-0.419238407815822,-0.436011909523393,0.0190553217557707,0.00820332243750442,-0.26529853284054,0.13084936811354,0.780094195749479,0.82910013686165,0.0557352087587668,0.157167950434886,-0.249621180048733,-0.623339487405522,-0.0707771504267795,0.210356054629004,0.254105677343522,-0.415564370709651
"503",9925,0.182290839968188,-0.488723298365349,-0.0960568408126943,0.463036622044948,-0.0155187400258927,-0.256329117681401,-0.101859413901723,-0.00953156934745404,0.000918309642556116,0.097632978286052,-0.051491286245895,-0.213506241082776,0.295565272498302,0.0685761391536501,-0.0267227842929136,-0.0718388642973461,-0.210970310597006,0.17551440687118,-0.00573780077450515,-0.43326003405245,0.227730567443554,0.194709930141464,0.32542840005083,0.963088626758341,0.441560999726063,0.740005067366075,0.708471500440167,0.336689960371397,0.102854291480584,-0.17764808260259,0.101609554356858,0.20872938135493,0.0494551722173671,0.229482684444014,-0.170022741611455,0.348642987120403,0.195334423017077,-0.0514917394165058,-0.477641646637046,-0.372058467632038,0.507506601158975,-0.534091896527908,-0.350549825308511,0.295231973567796,-0.0160441315563717,-0.377404646152684,0.352827891793087,0.0590121195063866,-0.96466501806899,-0.317643602300571,0.316013406641966,0.106834708942906,-0.494862371114768,0.818323490668246,0.622763712007862,0.680765997587374,-0.134643365199723,0.795486540497422,0.796328133651406,-0.454822787309783,-0.12676233722476,3.80413410840005,0.435954703872064,-1.60176216839911
"504",9927,-0.0409584598634019,-0.279323695260405,-0.0679723892125476,0.0142780055125713,0.0442843194135612,-0.283836269622378,-0.128337813572994,-0.447407818188011,0.170857931070589,-0.00349431844529495,-0.0805185813956859,0.0652662742231628,0.177890164598821,0.0413209686935397,-0.0473144762034144,-0.568370665911482,-0.235241184035589,0.0761556407061778,-0.133470971812118,-0.22635605326566,0.163901695250946,-0.938891359926951,0.32542840005083,0.210543874163038,0.28560786074675,-0.450578765868392,0.629593147636234,0.183442259059739,-0.0532787541538603,-0.26954328720309,-0.215384026881291,-0.351357988886043,-0.547491677124198,0.533377644939771,-0.457543346210614,0.840382010832451,0.218806965541926,-0.0335673789648673,-1.27029962399079,-0.799193988662672,-0.0577007527009013,-0.527957099398068,-0.656538232145601,-0.351640635313104,0.423282906357367,-0.466358143987301,0.422277591863667,-0.372991888275969,-0.630202988098636,-0.432557227745769,-0.550655466372159,-0.139743757320598,0.13938131027108,0.168177651171274,0.777189138265103,0.562942068769946,-0.377380353147841,0.116340098596604,-0.225222116868498,-0.453259157026313,-0.39742693967072,0.16180734137303,0.265194862275865,-0.146280799768828
"505",9928,0.104638909591983,0.292494640070812,0.0281958123535533,0.0734979869538743,-0.0714093250850012,0.169420893740223,0.151121380343951,-0.555806347942014,0.0654623115940786,-0.00387034816303333,0.229106497033387,-0.104324452035986,0.163325279228184,-0.238485564371411,-0.0748091704697485,-0.375849409431674,-0.335141830053252,-0.173539128721963,-0.19961052489932,-0.0302921941838703,-0.726476907925907,-1.26438083951282,-1.099736908305,-0.256858545951895,0.286431525709002,0.173437676376747,0.592567819261027,0.0119222523955841,-0.0261926718803267,-0.190588000013968,-0.152759411387343,-0.309117639202311,-0.510760614734532,0.364885320580925,-0.454036997374039,-0.769103322196652,-0.748169737295535,-0.777766533188069,-1.12258327853783,-0.399891960786443,0.104298960927587,-0.432456056893634,-0.656538232145601,-0.733883540560908,0.524666068952846,-0.64426513965653,1.00483709679286,-1.01282159128741,-0.65921397506404,-0.00926779730839581,-0.532500266076865,0.172588966613174,0.676501829310138,-0.0018054207504494,0.198781968294119,-0.268782282562705,-0.683144600902078,0.0853091970095938,0.00981607671435238,0.209506860853385,-0.829874681724659,0.798620612641393,-0.0184297511163975,-0.00137746514405145
"506",9933,-0.982488115674889,0.474726523601016,-0.351680098463045,-0.089567456120599,-0.105062458341992,-0.31235298199143,-0.108872553106314,-0.353226248866277,-0.147439982948754,-0.0824683146021885,-0.398789159677439,0.235423818581646,-0.227570308507441,-0.424467184368831,0.23744310993223,-0.0338415437167426,-0.187310426006678,0.464785840202024,-0.221509695370636,-0.285924474970338,-1.58966953122686,-0.735928093650493,-0.577176295241197,-1.19533269388189,-0.217275830975345,1.07466658147086,1.50739584763922,0.0642767497256854,-0.131503296566644,0.302250865070028,0.678765145739392,-0.78505986949723,-0.0405773176120774,-0.0583619771277762,-1.7268416250508,1.83982130625218,0.231021184502821,-0.524627216243707,-0.311303701019839,-1.46743915523388,-1.37424650826133,-0.315427796222687,-0.228154462573675,-0.91030334298297,0.49087168142102,-0.466358143987301,0.150333336961491,-1.11096711763493,-0.666356406176231,-0.442739447721926,-0.64174172099138,0.435605997294245,-0.320482147810306,0.831842456334409,-0.232435807327763,-0.197509323001115,0.472278322138951,1.13262654837869,-0.359416964359798,1.03169209354318,-1.5769998359129,-1.05252394436718,-0.298516710419815,0.412351334167587
"507",9935,-0.0215454772693506,-0.566814927515389,0.101313671496571,-0.068019840932136,0.0670024939835683,-0.363923056772681,-0.132515712646178,-0.225623035230554,0.172499671215473,-0.0302969643717254,-0.188704083642598,0.168236965037281,-0.133545613223303,0.0337192708291498,-0.199588710613451,-0.325969308009447,-0.305221596320945,0.0827243185477084,-0.272396165747531,-0.417900471496936,0.211189842352611,0.180680205662538,0.32542840005083,1.26230698492357,0.961435276817454,0.333752984351159,0.809061198248072,0.0340856809488212,-0.0795408341069347,-0.344864029934769,0.135747125629217,-0.36801231065755,-0.417987457465374,0.744657542542582,-0.400857373352649,0.388775581920919,0.23084416683672,-0.0898769264214238,-0.926534423073245,-0.838269477968314,0.0663090558230356,-0.65292252298033,-0.411747506675928,-0.145817532487363,0.423282906357367,-0.288451148318072,0.250066839856587,-0.087127593127558,-0.8353197694789,-0.534743078220771,-0.535743955332272,0.00820332243750442,-0.338140904600632,0.240008599178083,0.768756448150293,0.977915593833918,0.267208615888847,0.191014239621546,-0.191833925148173,-0.759943914897724,-0.303592334772392,0.373669103811535,0.525960787709433,-0.249093857138917
"508",9937,-1.03102057216002,-0.177552280675991,0.0224469194952276,0.00314177682190656,0.194189125186863,-0.250337896109331,-0.211632697700024,-0.362263836627001,0.0237591072036282,-0.208408024054979,-0.209834120461496,0.113467277638385,0.0157111883915211,-0.0255374083977517,-0.130876242412762,-0.43030836989562,-0.227321235917274,-0.0906975896579352,-0.387662093548654,-0.340479115226523,-1.45097023204303,-0.123297040197836,-0.624681805519722,-1.30100475979884,0.431309732720889,0.697921261964998,2.33482397531718,0.15599741283321,-0.0976691231319243,-0.0560188309958739,0.0913943685512623,-0.522353007795002,-0.556066617148835,1.01701796677792,-1.01213085386224,-0.00536015532583145,-0.121102356903142,-0.647899468783749,-1.52777602071094,-1.38733741879314,-1.09418645320573,-0.431285193174146,-0.534142869410764,-0.851496742175617,0.440180100123281,-0.555311641821914,0.604802080360133,-1.00862657334771,-0.473980508497555,-0.342553676170812,-0.731200494472403,0.205466095448308,0.296838558318146,0.223248642397136,0.582778425010695,0.811471860653193,-0.0339681183313122,0.166337687763761,-0.191833925148173,-0.00492371029332237,-0.696656811114682,0.473847400108109,0.329348858540887,-0.210730658484114
"509",9938,-0.011838985972325,0.317948834769104,-0.139372131388344,-0.222538951452892,-0.018821320934323,-0.283276851192182,-0.0976115428039134,-0.261365606386993,-0.486137745386875,-0.254553967816698,-0.094383602662828,0.0736567426405166,-0.297635835551584,-0.826393945021005,0.415627324427219,-0.265893204042208,-0.243857823478438,0.16983919891568,0.130902399455127,-0.19218067761094,-0.557656078708209,-1.03990533951087,-0.505918029823403,-1.2923953386071,0.0256848246409993,1.03634482668756,0.78719217803354,0.086813690565593,0.0873260530232925,0.325047556700864,0.792073851014698,-0.527534372181834,0.873648153231741,-1.38686031070317,-1.30607976466179,1.4569553319672,0.544731892365063,-0.782670367651253,-0.818019212508112,-0.797645448942375,-1.23454070695115,-0.170349195567736,-0.656538232145601,-0.704480240157229,0.524666068952846,-0.555311641821914,0.13838475823219,-1.21945107681963,-0.985034987019379,-0.387282713923215,-0.748257310418745,0.254781788701008,-0.0269053161711492,1.08747022980255,-0.00193658623690272,-0.0211844505185829,0.169194963858379,0.966236196885437,-0.359416964359798,1.09203400766435,-0.817187094499296,0.77087557842256,-0.320150825809294,-0.448298295004969
"510",9941,-1.23485688939756,-0.989561360299718,-0.190845780357406,0.0862362917244072,0.465274361151355,0.684391611440868,1.1220904801349,1.11884068244139,0.437442692068366,0.868188914582831,-0.726618924841039,-0.399748107826227,-0.0591871421700837,-0.950469649020104,-0.173340975220542,0.949199803372703,1.22980433229966,0.401357719006605,0.103784084177478,0.372922440276955,-0.95165276496759,-0.677003274408942,-0.743445581216041,-0.667242251378463,-0.429106639734402,-1.4885146051074,-0.860438477926319,1.80936256252685,-0.995864477806063,0.388718013121243,-5.36512743881224,-0.31630807086875,0.145230671164377,0.0825476034629942,0.137951564534393,1.15231477118157,5.7741169772225,5.10125459720915,-0.558823744651161,0.750673051393208,0.26105645739508,2.15064141714849,0.995799164774689,-1.17493304661607,0.102236224805019,1.57957230620883,0.64195677184961,0.773298420547095,0.284445174734607,0.869494151705277,-0.248966143591967,0.106834708942906,1.46893854027598,0.0597297284038922,1.33544890560509,1.64435416788006,-1.30786466309902,0.190589738706771,0.31534554869574,-2.23785882919161,-1.17349289750427,0.5633517464771,0.206143251715903,-0.201481134489152
"511",9944,-0.24479477710094,2.44499251714815,0.0178438662774553,0.151684263003343,0.18173936774295,0.303665762386919,0.00956463957338527,-0.304714030854992,0.151127905249495,-0.110293793073005,-0.272101347003635,-0.421503943330466,0.0713135987995896,-0.617412798427441,0.00529794157968913,0.179898997922166,-0.280717662077273,-0.362484754857035,0.237490142107403,-0.00055485913596325,-1.52491731923354,-1.92533647767998,-1.89149540502954,-0.547048205062149,0.170594155867248,-0.814879391810608,-0.47294456146057,0.0965155238611579,-0.0468852399624903,-0.445951913037228,-0.394860782863387,-0.327647404637285,-0.439501598023303,0.738714635820876,-0.58435629580008,-1.06074031033408,-1.97755742835944,-1.4360640354355,-0.881940173944087,0.959384028240325,-0.160439725417041,0.127833382620274,0.200229306998254,-0.0870109316800072,1.01468468816432,-0.110544152648842,0.300087295059083,-0.570260453050171,-0.0589343121970408,0.477842333336675,0.257411342251845,0.56711451263478,1.94057450288425,-0.622618719099095,0.694345499093863,-3.06236591091608,-1.11197489543106,-2.20884964070474,18.1325046038195,0.376815301184625,-1.52799963035633,-0.264706291222819,0.169406074639428,1.0518574320306
"512",9947,1.96828523862091,-0.66794821778151,-0.48663020659493,-0.154025013532319,0.0365471956727626,0.629689385383662,-0.0376086553114054,0.154041076474565,0.845193115447994,0.0309631201602763,0.0977351658856952,-0.549737325475943,0.295055025761465,0.338326101154689,-0.0807632295735703,0.381650772882348,-0.102202279758083,-0.0795673396260755,-0.339960182488268,0.0862395246714861,0.241161181383086,0.322536247619991,0.167076691204818,0.535732964200597,-0.714027021043011,-0.673685454264161,-0.947171359336957,-0.176996086249456,-0.359267396264957,-0.0772232063229022,-0.71300225420239,0.0502600720345792,-0.378956511215195,0.202205771408228,0.570401254378655,-0.52142350905039,-0.460586836949569,0.296511409729451,0.222152659335308,0.93716147770881,0.487353337844799,-0.0140839121683118,0.506217713835343,0.442248475586182,-0.421576781938285,0.0673628430203868,0.540572500531396,0.955079217667145,1.21875402476054,0.608574764816259,1.14442997866811,0.0410804512726383,0.401319535994237,-1.22390505914955,0.747280642750753,1.32618427910363,1.36335944146396,-2.13760715372653,-0.359416964359798,-0.372092530493486,-0.806282464180993,-2.89731341008599,0.0737533506217864,0.438977123539997
"513",10006,2.22065401234357,-0.350788508500741,-1.0279193540649,-0.214052695619501,-0.344514921178244,0.331604231366974,-0.0380691339504216,-0.364732147106334,-0.160655394347813,0.196066001596862,0.0362068322265707,-0.547855381707959,0.313770459116406,0.289578661081653,-0.0520733629659672,-0.117076396860078,-0.171833138826285,-0.0111519460036488,-0.152435454998853,-0.198250126576579,0.712738791950544,0.580059536077503,0.919247278532426,0.647934079266134,-0.13285516581754,0.0477640495175414,-1.41000302289546,-0.568184849377202,-0.421699307634998,-0.14516727339672,-0.873019982623382,1.09313192497907,0.203349037161261,-0.412072512044176,0.545272421049867,-0.298628964344599,0.723307313926697,0.934855378643927,-0.114483179922206,1.00859541389699,0.507130297155108,-0.215897836003409,-0.0445614184714189,0.324635273971473,-0.421576781938285,0.86794432353192,0.75593681096349,1.25685210770379,2.46677105514901,0.179466922963939,0.987049538296663,0.123273273360473,0.123929898079545,-1.40625347608212,-0.42091644948201,-0.520261193647157,-0.0817203164996899,-1.47358071267923,-0.359416964359798,-0.461859123585396,3.61760421819323,-1.22768706200878,-0.150139334116498,0.569980808114548
"514",10014,2.24006699493762,-0.381804635166052,0.0681933041036706,-0.113652733823578,-0.341937396098954,0.0674588198002904,-0.105992607635123,-0.36685258064153,-0.0650281668201635,0.248681247181474,0.489097889458027,-0.396563044446574,0.397226682974284,0.422082882091974,0.0552727629251057,0.133500028925387,-0.194949432412198,-0.0136810289713231,-0.0192063076399301,-0.0474682325240829,-1.61740938773484,0.632437153181102,0.562955951443468,0.371767041794921,-0.253990002461237,-0.131492872200018,-1.17563299545777,-0.218105921344344,-0.139153919222762,-0.292464749224484,-0.646368279150418,0.356357935673221,0.0761026871114684,-0.169248378779581,0.295152870707509,-0.267063429171132,0.422979141621572,0.164446074703703,-0.48932443797001,0.949529684565717,0.87341646686435,-0.36260080393117,-0.289352143941092,0.383441874778826,-0.201913262981416,-0.466358143987301,0.023286668883455,0.744480039013471,0.233008302918525,-0.242913380689849,1.35732097995756,-0.221936579408433,-0.188777253415797,-1.14920137240627,-0.260325066615537,-0.431825354215221,-0.825587874215076,-1.48751946010807,-0.359416964359798,-0.0398210952562105,1.84726476227391,0.739066552517627,0.0231376844275395,0.631083925581595
"515",10020,-1.02131408086299,0.095166374115558,-0.0787927703810317,-0.295547374608094,0.134181234868384,-0.0867512742449857,-0.321882176221471,-0.750263333549257,-0.0757404811996951,0.0442389695381199,-0.0494261958775786,-0.0256240724656296,0.0764135875102413,-0.422672714812088,0.140864364589404,-0.579950103289825,-0.328474743865038,-0.274493609765092,-0.0860719632657361,0.0597659048244835,-0.230416420862413,-0.759310954687629,-0.783033514365734,-0.514797723961225,-0.0719489419800322,1.13376998683137,0.696583852543248,0.0582052755656355,-0.0467478900742711,-0.103126797377783,0.131867576119137,-0.403069127080869,-0.351061540612668,0.309451566515493,-0.777205481811712,-0.326369919327422,-0.0195650236282637,-0.439401955228371,-1.03041544394316,-0.846917167315418,-1.11916783128379,-0.464051970112706,-0.595340550778184,-0.645673639349876,0.473974487655107,-0.64426513965653,0.405456768535175,-1.03925418062784,-0.707732948579773,-0.206002833276282,-0.584872515979089,0.287658917536142,0.450616898700562,0.226542248718051,0.26518295253087,0.139076073498123,-0.271430312965909,0.0170114060371432,-0.250584300963739,0.680657094904272,-0.771878845427539,0.616964707309726,-0.164562077709484,-0.262745183954112
